trade_id,order_id,client_id,trade_date,turnover,brokerage,stt,exchange_txn_charge,sebi_charge,stamp_duty,gst,dp_charge,total_charges
TRD30000000,ORD20002265,C100073,2026-09-08,5622.8,1.6868,1.4057,0.167,0.0056,0.0,0.3347,0.0,3.6
TRD30000001,ORD20002025,C100085,2026-09-08,23555.4,7.0666,0.0,0.6996,0.0236,0.7067,1.4022,0.0,9.9
TRD30000002,ORD20002025,C100085,2026-09-08,3569.0,1.0707,0.0,0.106,0.0036,0.1071,0.2124,0.0,1.5
TRD30000003,ORD20000155,C100194,2026-09-08,80500.5,20.0,0.0,2.3909,0.0805,2.415,4.0448,0.0,28.93
TRD30000004,ORD20000155,C100194,2026-09-08,10854.0,3.2562,0.0,0.3224,0.0109,0.3256,0.6461,0.0,4.56
TRD30000005,ORD20002783,C100066,2026-09-08,5930.4,1.7791,1.4826,0.1761,0.0059,0.0,0.353,0.0,3.8
TRD30000006,ORD20001312,C100005,2026-09-08,9360.8,0.0,9.3608,0.278,0.0094,0.0,0.0517,15.34,25.04
TRD30000007,ORD20001312,C100005,2026-09-08,63185.4,0.0,63.1854,1.8766,0.0632,0.0,0.3492,0.0,65.47
TRD30000008,ORD20001426,C100000,2026-09-08,2902.2,0.8707,0.0,0.0862,0.0029,0.0871,0.1728,0.0,1.22
TRD30000009,ORD20001426,C100000,2026-09-08,5804.4,1.7413,0.0,0.1724,0.0058,0.1741,0.3455,0.0,2.44
TRD30000010,ORD20001426,C100000,2026-09-08,1934.8,0.5804,0.0,0.0575,0.0019,0.058,0.1152,0.0,0.81
TRD30000011,ORD20001593,C100152,2026-09-08,8555.4,2.5666,0.0,0.2541,0.0086,0.2567,0.5093,0.0,3.6
TRD30000012,ORD20001593,C100152,2026-09-08,2853.9,0.8562,0.0,0.0848,0.0029,0.0856,0.1699,0.0,1.2
TRD30000013,ORD20001593,C100152,2026-09-08,75599.2,20.0,0.0,2.2453,0.0756,2.268,4.0178,0.0,28.61
TRD30000014,ORD20003128,C100059,2026-09-08,2820.55,0.8462,0.7051,0.0838,0.0028,0.0,0.1679,0.0,1.81
TRD30000015,ORD20003128,C100059,2026-09-08,5641.1,1.6923,1.4103,0.1675,0.0056,0.0,0.3358,0.0,3.61
TRD30000016,ORD20003128,C100059,2026-09-08,2820.55,0.8462,0.7051,0.0838,0.0028,0.0,0.1679,0.0,1.81
TRD30000017,ORD20003867,C100163,2026-09-08,24654.0,7.3962,6.1635,0.7322,0.0247,0.0,1.4676,0.0,15.78
TRD30000018,ORD20003867,C100163,2026-09-08,8452.8,2.5358,2.1132,0.251,0.0085,0.0,0.5032,0.0,5.41
TRD30000019,ORD20004242,C100077,2026-09-08,21213.75,6.3641,5.3034,0.63,0.0212,0.0,1.2628,0.0,13.58
TRD30000020,ORD20002083,C100001,2026-09-08,12053.3,0.0,12.0533,0.358,0.0121,0.0,0.0666,15.34,27.83
TRD30000021,ORD20001764,C100110,2026-09-08,21236.3,6.3709,0.0,0.6307,0.0212,0.6371,1.2641,0.0,8.92
TRD30000022,ORD20001764,C100110,2026-09-08,2235.4,0.6706,0.0,0.0664,0.0022,0.0671,0.1331,0.0,0.94
TRD30000023,ORD20001764,C100110,2026-09-08,77121.3,20.0,0.0,2.2905,0.0771,2.3136,4.0262,0.0,28.71
TRD30000024,ORD20004038,C100035,2026-09-08,104539.6,20.0,0.0,3.1048,0.1045,3.1362,4.1777,0.0,30.52
TRD30000026,ORD20004766,C100155,2026-09-08,4854.6,0.0,4.8546,0.1442,0.0049,0.0,0.0268,15.34,20.37
TRD30000025,ORD20004038,C100035,2026-09-08,9503.6,2.8511,0.0,0.2823,0.0095,0.2851,0.5657,0.0,3.99
TRD30000027,ORD20000753,C100131,2026-09-08,6663.2,0.0,6.6632,0.1979,0.0067,0.0,0.0368,15.34,22.24
TRD30000028,ORD20000753,C100131,2026-09-08,6663.2,0.0,6.6632,0.1979,0.0067,0.0,0.0368,0.0,6.9
TRD30000029,ORD20004225,C100198,2026-09-08,1580.45,0.4741,0.0,0.0469,0.0016,0.0474,0.0941,0.0,0.66
TRD30000030,ORD20004225,C100198,2026-09-08,3160.9,0.9483,0.0,0.0939,0.0032,0.0948,0.1882,0.0,1.33
TRD30000031,ORD20004225,C100198,2026-09-08,1580.45,0.4741,0.0,0.0469,0.0016,0.0474,0.0941,0.0,0.66
TRD30000032,ORD20004397,C100177,2026-09-08,3541.5,0.0,3.5415,0.1052,0.0035,0.5312,0.0196,0.0,4.2
TRD30000033,ORD20004397,C100177,2026-09-08,1180.5,0.0,1.1805,0.0351,0.0012,0.1771,0.0065,0.0,1.4
TRD30000034,ORD20004397,C100177,2026-09-08,1180.5,0.0,1.1805,0.0351,0.0012,0.1771,0.0065,0.0,1.4
TRD30000035,ORD20003588,C100114,2026-09-08,55444.5,16.6334,0.0,1.6467,0.0554,1.6633,3.3004,0.0,23.3
TRD30000036,ORD20003588,C100114,2026-09-08,9240.75,2.7722,0.0,0.2745,0.0092,0.2772,0.5501,0.0,3.88
TRD30000037,ORD20001783,C100189,2026-09-08,12043.0,3.6129,3.0108,0.3577,0.012,0.0,0.7169,0.0,7.71
TRD30000038,ORD20000973,C100184,2026-09-08,36065.25,10.8196,0.0,1.0711,0.0361,1.082,2.1468,0.0,15.16
TRD30000039,ORD20002625,C100090,2026-09-08,1423.0,0.0,1.423,0.0423,0.0014,0.0,0.0079,15.34,16.81
TRD30000040,ORD20002625,C100090,2026-09-08,1138.4,0.0,1.1384,0.0338,0.0011,0.0,0.0063,0.0,1.18
TRD30000041,ORD20002625,C100090,2026-09-08,1423.0,0.0,1.423,0.0423,0.0014,0.0,0.0079,0.0,1.47
TRD30000042,ORD20001145,C100030,2026-09-08,1633.8,0.0,1.6338,0.0485,0.0016,0.2451,0.009,0.0,1.94
TRD30000043,ORD20001145,C100030,2026-09-08,3267.6,0.0,3.2676,0.097,0.0033,0.4901,0.0181,0.0,3.88
TRD30000044,ORD20001145,C100030,2026-09-08,8169.0,0.0,8.169,0.2426,0.0082,1.2254,0.0451,0.0,9.69
TRD30000045,ORD20001024,C100098,2026-09-08,2481.2,0.0,2.4812,0.0737,0.0025,0.3722,0.0137,0.0,2.94
TRD30000046,ORD20001684,C100185,2026-09-08,7129.2,0.0,7.1292,0.2117,0.0071,1.0694,0.0394,0.0,8.46
TRD30000047,ORD20002909,C100125,2026-09-08,11791.25,3.5374,0.0,0.3502,0.0118,0.3537,0.7019,0.0,4.96
TRD30000048,ORD20002909,C100125,2026-09-08,11791.25,3.5374,0.0,0.3502,0.0118,0.3537,0.7019,0.0,4.96
TRD30000049,ORD20002909,C100125,2026-09-08,7074.75,2.1224,0.0,0.2101,0.0071,0.2122,0.4211,0.0,2.97
TRD30000050,ORD20004204,C100020,2026-09-08,48582.6,14.5748,0.0,1.4429,0.0486,1.4575,2.8919,0.0,20.42
TRD30000051,ORD20002567,C100084,2026-09-08,2345.0,0.7035,0.0,0.0696,0.0023,0.0704,0.1396,0.0,0.99
TRD30000052,ORD20002567,C100084,2026-09-08,9380.0,2.814,0.0,0.2786,0.0094,0.2814,0.5584,0.0,3.94
TRD30000054,ORD20003221,C100029,2026-09-08,78656.55,20.0,19.6641,2.3361,0.0787,0.0,4.0347,0.0,46.11
TRD30000053,ORD20002567,C100084,2026-09-08,18760.0,5.628,0.0,0.5572,0.0188,0.5628,1.1167,0.0,7.88
TRD30000055,ORD20003221,C100029,2026-09-08,57007.5,17.1022,14.2519,1.6931,0.057,0.0,3.3934,0.0,36.5
TRD30000056,ORD20002696,C100033,2026-09-08,40365.95,12.1098,0.0,1.1989,0.0404,1.211,2.4028,0.0,16.96
TRD30000057,ORD20002696,C100033,2026-09-08,13152.95,3.9459,0.0,0.3906,0.0132,0.3946,0.7829,0.0,5.53
TRD30000058,ORD20002696,C100033,2026-09-08,12245.85,3.6738,0.0,0.3637,0.0122,0.3674,0.7289,0.0,5.15
TRD30000059,ORD20001612,C100089,2026-09-08,3957.4,1.1872,0.0,0.1175,0.004,0.1187,0.2356,0.0,1.66
TRD30000060,ORD20001612,C100089,2026-09-08,988.8,0.2966,0.0,0.0294,0.001,0.0297,0.0589,0.0,0.42
TRD30000061,ORD20002996,C100038,2026-09-08,85607.5,20.0,0.0,2.5425,0.0856,2.5682,4.0731,0.0,29.27
TRD30000062,ORD20002996,C100038,2026-09-08,17121.5,5.1364,0.0,0.5085,0.0171,0.5136,1.0192,0.0,7.19
TRD30000063,ORD20002455,C100199,2026-09-08,11981.8,3.5945,2.9954,0.3559,0.012,0.0,0.7132,0.0,7.67
TRD30000064,ORD20002455,C100199,2026-09-08,11981.8,3.5945,2.9954,0.3559,0.012,0.0,0.7132,0.0,7.67
TRD30000065,ORD20002455,C100199,2026-09-08,35945.4,10.7836,8.9864,1.0676,0.0359,0.0,2.1397,0.0,23.01
TRD30000066,ORD20000270,C100055,2026-09-08,20301.4,0.0,20.3014,0.603,0.0203,3.0452,0.1122,0.0,24.08
TRD30000067,ORD20000270,C100055,2026-09-08,31902.2,0.0,31.9022,0.9475,0.0319,4.7853,0.1763,0.0,37.84
TRD30000068,ORD20000270,C100055,2026-09-08,5800.4,0.0,5.8004,0.1723,0.0058,0.8701,0.0321,0.0,6.88
TRD30000069,ORD20004427,C100159,2026-09-08,9550.4,0.0,9.5504,0.2836,0.0096,0.0,0.0528,15.34,25.24
TRD30000070,ORD20004427,C100159,2026-09-08,40556.9,0.0,40.5569,1.2045,0.0406,0.0,0.2241,0.0,42.03
TRD30000071,ORD20004427,C100159,2026-09-08,10742.85,0.0,10.7428,0.3191,0.0107,0.0,0.0594,0.0,11.13
TRD30000072,ORD20000116,C100158,2026-09-08,8433.6,0.0,8.4336,0.2505,0.0084,0.0,0.0466,15.34,24.08
TRD30000073,ORD20001631,C100055,2026-09-08,21071.7,0.0,21.0717,0.6258,0.0211,0.0,0.1164,15.34,37.17
TRD30000074,ORD20001631,C100055,2026-09-08,39785.1,0.0,39.7851,1.1816,0.0398,0.0,0.2199,0.0,41.23
TRD30000075,ORD20002346,C100063,2026-09-08,23089.7,6.9269,5.7724,0.6858,0.0231,0.0,1.3744,0.0,14.78
TRD30000076,ORD20002346,C100063,2026-09-08,23089.7,6.9269,5.7724,0.6858,0.0231,0.0,1.3744,0.0,14.78
TRD30000077,ORD20001174,C100065,2026-09-08,29284.5,8.7854,0.0,0.8697,0.0293,0.8785,1.7432,0.0,12.31
TRD30000078,ORD20001522,C100181,2026-09-08,999.2,0.2998,0.2498,0.0297,0.001,0.0,0.0595,0.0,0.64
TRD30000079,ORD20001522,C100181,2026-09-08,3996.8,1.199,0.9992,0.1187,0.004,0.0,0.2379,0.0,2.56
TRD30000080,ORD20003611,C100142,2026-09-08,11608.1,3.4824,0.0,0.3448,0.0116,0.3482,0.691,0.0,4.88
TRD30000081,ORD20002748,C100066,2026-09-08,20293.2,6.088,5.0733,0.6027,0.0203,0.0,1.208,0.0,12.99
TRD30000082,ORD20002748,C100066,2026-09-08,29312.4,8.7937,7.3281,0.8706,0.0293,0.0,1.7448,0.0,18.77
TRD30000083,ORD20002748,C100066,2026-09-08,18038.4,5.4115,4.5096,0.5357,0.018,0.0,1.0738,0.0,11.55
TRD30000084,ORD20000530,C100112,2026-09-08,40311.0,12.0933,40.311,1.1972,0.0403,0.0,2.3996,15.34,71.38
TRD30000085,ORD20000530,C100112,2026-09-08,68976.6,20.0,68.9766,2.0486,0.069,0.0,3.9812,0.0,95.08
TRD30000086,ORD20000530,C100112,2026-09-08,25978.2,7.7935,25.9782,0.7716,0.026,0.0,1.5464,0.0,36.12
TRD30000087,ORD20004620,C100182,2026-09-08,11468.1,3.4404,0.0,0.3406,0.0115,0.344,0.6827,0.0,4.82
TRD30000088,ORD20003141,C100106,2026-09-08,46588.8,0.0,46.5888,1.3837,0.0466,6.9883,0.2574,0.0,55.26
TRD30000090,ORD20003489,C100041,2026-09-08,11568.0,3.4704,0.0,0.3436,0.0116,0.347,0.6886,0.0,4.86
TRD30000089,ORD20003141,C100106,2026-09-08,55324.2,0.0,55.3242,1.6431,0.0553,8.2986,0.3057,0.0,65.63
TRD30000091,ORD20002168,C100021,2026-09-08,44654.0,13.3962,0.0,1.3262,0.0447,1.3396,2.6581,0.0,18.76
TRD30000092,ORD20002168,C100021,2026-09-08,18023.0,5.4069,0.0,0.5353,0.018,0.5407,1.0728,0.0,7.57
TRD30000093,ORD20002168,C100021,2026-09-08,2959.0,0.8877,0.0,0.0879,0.003,0.0888,0.1761,0.0,1.24
TRD30000094,ORD20001048,C100080,2026-09-08,6987.0,2.0961,1.7468,0.2075,0.007,0.0,0.4159,0.0,4.47
TRD30000095,ORD20001048,C100080,2026-09-08,11662.75,3.4988,2.9157,0.3464,0.0117,0.0,0.6942,0.0,7.47
TRD30000096,ORD20004096,C100175,2026-09-08,2324.8,0.0,2.3248,0.069,0.0023,0.3487,0.0128,0.0,2.76
TRD30000097,ORD20004096,C100175,2026-09-08,4649.9,0.0,4.6499,0.1381,0.0046,0.6975,0.0257,0.0,5.52
TRD30000098,ORD20004009,C100159,2026-09-08,4749.6,1.4249,1.1874,0.1411,0.0047,0.0,0.2827,0.0,3.04
TRD30000099,ORD20003010,C100117,2026-09-08,383.3,0.115,0.0,0.0114,0.0004,0.0115,0.0228,0.0,0.16
TRD30000100,ORD20003010,C100117,2026-09-08,1149.9,0.345,0.0,0.0342,0.0011,0.0345,0.0684,0.0,0.48
TRD30000101,ORD20000050,C100089,2026-09-08,3187.8,0.0,3.1878,0.0947,0.0032,0.0,0.0176,15.34,18.64
TRD30000102,ORD20000050,C100089,2026-09-08,2277.0,0.0,2.277,0.0676,0.0023,0.0,0.0126,0.0,2.36
TRD30000103,ORD20000050,C100089,2026-09-08,19126.8,0.0,19.1268,0.5681,0.0191,0.0,0.1057,0.0,19.82
TRD30000104,ORD20004328,C100148,2026-09-08,23706.6,7.112,5.9266,0.7041,0.0237,0.0,1.4112,0.0,15.18
TRD30000105,ORD20004328,C100148,2026-09-08,63217.6,18.9653,15.8044,1.8776,0.0632,0.0,3.7631,0.0,40.47
TRD30000106,ORD20004328,C100148,2026-09-08,51364.3,15.4093,12.8411,1.5255,0.0514,0.0,3.0575,0.0,32.88
TRD30000107,ORD20002973,C100162,2026-09-08,17886.0,0.0,17.886,0.5312,0.0179,0.0,0.0988,15.34,33.87
TRD30000108,ORD20002005,C100144,2026-09-08,9472.6,0.0,9.4726,0.2813,0.0095,1.4209,0.0523,0.0,11.24
TRD30000109,ORD20002005,C100144,2026-09-08,2368.15,0.0,2.3682,0.0703,0.0024,0.3552,0.0131,0.0,2.81
TRD30000110,ORD20002005,C100144,2026-09-08,2368.15,0.0,2.3682,0.0703,0.0024,0.3552,0.0131,0.0,2.81
TRD30000111,ORD20000835,C100184,2026-09-08,28250.0,8.475,7.0625,0.839,0.0282,0.0,1.6816,0.0,18.09
TRD30000112,ORD20001574,C100120,2026-09-08,30165.75,0.0,30.1658,0.8959,0.0302,4.5249,0.1667,0.0,35.78
TRD30000113,ORD20001574,C100120,2026-09-08,15641.5,0.0,15.6415,0.4646,0.0156,2.3462,0.0864,0.0,18.55
TRD30000114,ORD20001574,C100120,2026-09-08,65917.75,0.0,65.9178,1.9578,0.0659,9.8877,0.3643,0.0,78.19
TRD30000115,ORD20001020,C100188,2026-09-08,7559.4,0.0,7.5594,0.2245,0.0076,1.1339,0.0418,0.0,8.97
TRD30000116,ORD20000334,C100119,2026-09-08,11797.6,0.0,11.7976,0.3504,0.0118,0.0,0.0652,15.34,27.56
TRD30000117,ORD20001342,C100041,2026-09-08,30156.3,9.0469,7.5391,0.8956,0.0302,0.0,1.7951,0.0,19.31
TRD30000118,ORD20001342,C100041,2026-09-08,5584.5,1.6754,1.3961,0.1659,0.0056,0.0,0.3324,0.0,3.58
TRD30000119,ORD20003874,C100190,2026-09-08,48092.8,0.0,48.0928,1.4284,0.0481,7.2139,0.2658,0.0,57.05
TRD30000120,ORD20003874,C100190,2026-09-08,20426.4,0.0,20.4264,0.6067,0.0204,3.064,0.1129,0.0,24.23
TRD30000121,ORD20004576,C100040,2026-09-08,6511.75,1.9535,1.6279,0.1934,0.0065,0.0,0.3876,0.0,4.17
TRD30000122,ORD20004576,C100040,2026-09-08,1302.35,0.3907,0.3256,0.0387,0.0013,0.0,0.0775,0.0,0.83
TRD30000123,ORD20004129,C100103,2026-09-08,6313.0,1.8939,1.5782,0.1875,0.0063,0.0,0.3758,0.0,4.04
TRD30000124,ORD20004129,C100103,2026-09-08,7891.25,2.3674,1.9728,0.2344,0.0079,0.0,0.4697,0.0,5.05
TRD30000126,ORD20004586,C100060,2026-09-08,4122.15,1.2366,0.0,0.1224,0.0041,0.1237,0.2454,0.0,1.73
TRD30000125,ORD20004129,C100103,2026-09-08,1578.25,0.4735,0.3946,0.0469,0.0016,0.0,0.0939,0.0,1.01
TRD30000127,ORD20003213,C100191,2026-09-08,1449.2,0.4348,0.0,0.043,0.0014,0.0435,0.0863,0.0,0.61
TRD30000128,ORD20003213,C100191,2026-09-08,8702.4,2.6107,0.0,0.2585,0.0087,0.2611,0.518,0.0,3.66
TRD30000129,ORD20003213,C100191,2026-09-08,2901.1,0.8703,0.0,0.0862,0.0029,0.087,0.1727,0.0,1.22
TRD30000130,ORD20003488,C100185,2026-09-08,4743.9,0.0,4.7439,0.1409,0.0047,0.7116,0.0262,0.0,5.63
TRD30000131,ORD20001938,C100165,2026-09-08,36494.15,10.9482,36.4942,1.0839,0.0365,5.4741,2.1724,0.0,56.21
TRD30000132,ORD20001938,C100165,2026-09-08,13270.6,3.9812,13.2706,0.3941,0.0133,1.9906,0.7899,0.0,20.44
TRD30000133,ORD20001938,C100165,2026-09-08,3317.65,0.9953,3.3176,0.0985,0.0033,0.4976,0.1975,0.0,5.11
TRD30000134,ORD20001504,C100008,2026-09-08,3400.8,0.0,3.4008,0.101,0.0034,0.5101,0.0188,0.0,4.03
TRD30000135,ORD20002309,C100110,2026-09-08,6144.6,0.0,6.1446,0.1825,0.0061,0.9217,0.034,0.0,7.29
TRD30000136,ORD20001945,C100070,2026-09-08,2936.75,0.881,0.0,0.0872,0.0029,0.0881,0.1748,0.0,1.23
TRD30000137,ORD20001945,C100070,2026-09-08,2938.3,0.8815,0.0,0.0873,0.0029,0.0881,0.1749,0.0,1.23
TRD30000138,ORD20000584,C100026,2026-09-08,18328.75,0.0,18.3288,0.5444,0.0183,2.7493,0.1013,0.0,21.74
TRD30000139,ORD20000584,C100026,2026-09-08,11671.45,0.0,11.6714,0.3466,0.0117,1.7507,0.0645,0.0,13.84
TRD30000140,ORD20000584,C100026,2026-09-08,25015.5,0.0,25.0155,0.743,0.025,3.7523,0.1382,0.0,29.67
TRD30000141,ORD20003965,C100120,2026-09-08,27920.85,0.0,27.9208,0.8292,0.0279,0.0,0.1543,15.34,44.27
TRD30000142,ORD20002313,C100163,2026-09-08,2754.6,0.8264,0.6886,0.0818,0.0028,0.0,0.164,0.0,1.76
TRD30000143,ORD20002313,C100163,2026-09-08,2754.6,0.8264,0.6886,0.0818,0.0028,0.0,0.164,0.0,1.76
TRD30000144,ORD20002313,C100163,2026-09-08,1377.3,0.4132,0.3443,0.0409,0.0014,0.0,0.082,0.0,0.88
TRD30000145,ORD20004884,C100071,2026-09-08,3367.35,1.0102,0.8418,0.1,0.0034,0.0,0.2004,0.0,2.16
TRD30000146,ORD20004884,C100071,2026-09-08,3368.0,1.0104,0.842,0.1,0.0034,0.0,0.2005,0.0,2.16
TRD30000147,ORD20003731,C100012,2026-09-08,3634.8,1.0904,0.9087,0.108,0.0036,0.0,0.2164,0.0,2.33
TRD30000148,ORD20003731,C100012,2026-09-08,7269.6,2.1809,1.8174,0.2159,0.0073,0.0,0.4327,0.0,4.65
TRD30000149,ORD20000359,C100105,2026-09-08,2984.25,0.8953,0.7461,0.0886,0.003,0.0,0.1776,0.0,1.91
TRD30000150,ORD20000359,C100105,2026-09-08,2984.25,0.8953,0.7461,0.0886,0.003,0.0,0.1776,0.0,1.91
TRD30000151,ORD20004785,C100033,2026-09-08,4556.5,1.3669,0.0,0.1353,0.0046,0.1367,0.2712,0.0,1.91
TRD30000152,ORD20004785,C100033,2026-09-08,29161.6,8.7485,0.0,0.8661,0.0292,0.8748,1.7359,0.0,12.25
TRD30000153,ORD20004785,C100033,2026-09-08,33707.0,10.1121,0.0,1.0011,0.0337,1.0112,2.0064,0.0,14.16
TRD30000154,ORD20004931,C100125,2026-09-08,67332.0,20.0,16.833,1.9998,0.0673,0.0,3.9721,0.0,42.87
TRD30000155,ORD20004931,C100125,2026-09-08,16833.0,5.0499,4.2083,0.4999,0.0168,0.0,1.002,0.0,10.78
TRD30000156,ORD20000903,C100137,2026-09-08,9182.4,2.7547,9.1824,0.2727,0.0092,0.0,0.5466,15.34,28.11
TRD30000157,ORD20000903,C100137,2026-09-08,2295.6,0.6887,2.2956,0.0682,0.0023,0.0,0.1366,0.0,3.19
TRD30000158,ORD20000903,C100137,2026-09-08,2295.6,0.6887,2.2956,0.0682,0.0023,0.0,0.1366,0.0,3.19
TRD30000159,ORD20003332,C100066,2026-09-08,6001.25,1.8004,0.0,0.1782,0.006,0.18,0.3572,0.0,2.52
TRD30000160,ORD20003332,C100066,2026-09-08,9618.8,2.8856,0.0,0.2857,0.0096,0.2886,0.5726,0.0,4.04
TRD30000161,ORD20002180,C100175,2026-09-08,27303.95,8.1912,6.826,0.8109,0.0273,0.0,1.6253,0.0,17.48
TRD30000162,ORD20002180,C100175,2026-09-08,2873.6,0.8621,0.7184,0.0853,0.0029,0.0,0.1711,0.0,1.84
TRD30000163,ORD20000222,C100124,2026-09-08,5716.8,1.715,0.0,0.1698,0.0057,0.1715,0.3403,0.0,2.4
TRD30000164,ORD20001330,C100056,2026-09-08,2818.85,0.0,2.8188,0.0837,0.0028,0.4228,0.0156,0.0,3.34
TRD30000165,ORD20001330,C100056,2026-09-08,2818.85,0.0,2.8188,0.0837,0.0028,0.4228,0.0156,0.0,3.34
TRD30000166,ORD20000135,C100141,2026-09-08,4181.1,0.0,4.1811,0.1242,0.0042,0.0,0.0231,15.34,19.67
TRD30000167,ORD20000135,C100141,2026-09-08,4182.6,0.0,4.1826,0.1242,0.0042,0.0,0.0231,0.0,4.33
TRD30000168,ORD20004923,C100035,2026-09-08,70893.0,0.0,70.893,2.1055,0.0709,0.0,0.3918,15.34,88.8
TRD30000169,ORD20004923,C100035,2026-09-08,3150.6,0.0,3.1506,0.0936,0.0032,0.0,0.0174,0.0,3.26
TRD30000170,ORD20000983,C100036,2026-09-08,1594.1,0.4782,0.3985,0.0473,0.0016,0.0,0.0949,0.0,1.02
TRD30000171,ORD20000983,C100036,2026-09-08,7970.5,2.3911,1.9926,0.2367,0.008,0.0,0.4745,0.0,5.1
TRD30000172,ORD20003237,C100159,2026-09-08,4105.8,0.0,4.1058,0.1219,0.0041,0.6159,0.0227,0.0,4.87
TRD30000173,ORD20001991,C100073,2026-09-08,11640.85,3.4923,2.9102,0.3457,0.0116,0.0,0.6929,0.0,7.45
TRD30000174,ORD20001138,C100109,2026-09-08,14787.0,4.4361,0.0,0.4392,0.0148,0.4436,0.8802,0.0,6.21
TRD30000175,ORD20001138,C100109,2026-09-08,23659.2,7.0978,0.0,0.7027,0.0237,0.7098,1.4083,0.0,9.94
TRD30000176,ORD20001138,C100109,2026-09-08,110409.6,20.0,0.0,3.2792,0.1104,3.3123,4.2101,0.0,30.91
TRD30000177,ORD20001369,C100162,2026-09-08,2456.75,0.0,2.4568,0.073,0.0025,0.3685,0.0136,0.0,2.91
TRD30000178,ORD20003976,C100013,2026-09-08,24307.8,7.2923,24.3078,0.7219,0.0243,3.6462,1.4469,0.0,37.44
TRD30000179,ORD20001280,C100039,2026-09-08,4995.1,0.0,4.9951,0.1484,0.005,0.7493,0.0276,0.0,5.93
TRD30000180,ORD20001280,C100039,2026-09-08,454.1,0.0,0.4541,0.0135,0.0005,0.0681,0.0025,0.0,0.54
TRD30000181,ORD20001280,C100039,2026-09-08,908.2,0.0,0.9082,0.027,0.0009,0.1362,0.005,0.0,1.08
TRD30000182,ORD20000542,C100115,2026-09-08,2435.1,0.7305,0.0,0.0723,0.0024,0.0731,0.145,0.0,1.02
TRD30000183,ORD20000542,C100115,2026-09-08,1623.4,0.487,0.0,0.0482,0.0016,0.0487,0.0966,0.0,0.68
TRD30000184,ORD20002577,C100016,2026-09-08,1102.05,0.0,1.102,0.0327,0.0011,0.1653,0.0061,0.0,1.31
TRD30000185,ORD20002577,C100016,2026-09-08,1468.8,0.0,1.4688,0.0436,0.0015,0.2203,0.0081,0.0,1.74
TRD30000186,ORD20002772,C100031,2026-09-08,142881.2,20.0,0.0,4.2436,0.1429,4.2864,4.3896,0.0,33.06
TRD30000187,ORD20000384,C100029,2026-09-08,12237.15,3.6711,0.0,0.3634,0.0122,0.3671,0.7284,0.0,5.14
TRD30000188,ORD20000384,C100029,2026-09-08,36711.45,11.0134,0.0,1.0903,0.0367,1.1013,2.1853,0.0,15.43
TRD30000189,ORD20001095,C100089,2026-09-08,30842.7,9.2528,0.0,0.916,0.0308,0.9253,1.8359,0.0,12.96
TRD30000190,ORD20001095,C100089,2026-09-08,5681.55,1.7045,0.0,0.1687,0.0057,0.1704,0.3382,0.0,2.39
TRD30000191,ORD20002249,C100165,2026-09-08,17030.4,5.1091,17.0304,0.5058,0.017,0.0,1.0138,15.34,39.02
TRD30000192,ORD20002249,C100165,2026-09-08,26964.8,8.0894,26.9648,0.8009,0.027,0.0,1.6051,0.0,37.49
TRD30000193,ORD20002249,C100165,2026-09-08,5676.8,1.703,5.6768,0.1686,0.0057,0.0,0.3379,0.0,7.89
TRD30000194,ORD20002814,C100198,2026-09-08,11808.2,3.5425,0.0,0.3507,0.0118,0.3542,0.7029,0.0,4.96
TRD30000195,ORD20003410,C100062,2026-09-08,48513.15,0.0,48.5132,1.4408,0.0485,0.0,0.2681,15.34,65.61
TRD30000196,ORD20002316,C100039,2026-09-08,2834.75,0.0,2.8348,0.0842,0.0028,0.0,0.0157,15.34,18.28
TRD30000197,ORD20002908,C100105,2026-09-08,2844.4,0.0,2.8444,0.0845,0.0028,0.4267,0.0157,0.0,3.37
TRD30000198,ORD20002908,C100105,2026-09-08,2844.4,0.0,2.8444,0.0845,0.0028,0.4267,0.0157,0.0,3.37
TRD30000199,ORD20001658,C100093,2026-09-08,10039.5,0.0,10.0395,0.2982,0.01,0.0,0.0555,15.34,25.74
TRD30000200,ORD20001658,C100093,2026-09-08,3345.3,0.0,3.3453,0.0994,0.0033,0.0,0.0185,0.0,3.47
TRD30000201,ORD20003152,C100175,2026-09-08,5565.9,0.0,5.5659,0.1653,0.0056,0.8349,0.0308,0.0,6.6
TRD30000202,ORD20003152,C100175,2026-09-08,8354.4,0.0,8.3544,0.2481,0.0084,1.2532,0.0462,0.0,9.91
TRD30000203,ORD20000506,C100000,2026-09-08,5102.35,0.0,5.1024,0.1515,0.0051,0.0,0.0282,15.34,20.63
TRD30000204,ORD20000463,C100167,2026-09-08,66889.9,20.0,0.0,1.9866,0.0669,2.0067,3.9696,0.0,28.03
TRD30000205,ORD20000418,C100002,2026-09-08,22656.0,6.7968,5.664,0.6729,0.0227,0.0,1.3486,0.0,14.5
TRD30000206,ORD20001485,C100134,2026-09-08,15004.0,0.0,15.004,0.4456,0.015,2.2506,0.0829,0.0,17.8
TRD30000207,ORD20001485,C100134,2026-09-08,10315.25,0.0,10.3152,0.3064,0.0103,1.5473,0.057,0.0,12.24
TRD30000208,ORD20001485,C100134,2026-09-08,45949.75,0.0,45.9498,1.3647,0.0459,6.8925,0.2539,0.0,54.51
TRD30000209,ORD20000788,C100146,2026-09-08,2512.4,0.0,2.5124,0.0746,0.0025,0.3769,0.0139,0.0,2.98
TRD30000210,ORD20000788,C100146,2026-09-08,2512.4,0.0,2.5124,0.0746,0.0025,0.3769,0.0139,0.0,2.98
TRD30000211,ORD20002096,C100169,2026-09-08,24075.4,7.2226,6.0189,0.715,0.0241,0.0,1.4331,0.0,15.41
TRD30000212,ORD20002096,C100169,2026-09-08,48150.8,14.4452,12.0377,1.4301,0.0482,0.0,2.8662,0.0,30.83
TRD30000213,ORD20003085,C100109,2026-09-08,68583.2,20.0,0.0,2.0369,0.0686,2.0575,3.979,0.0,28.14
TRD30000214,ORD20001751,C100185,2026-09-08,5825.2,0.0,5.8252,0.173,0.0058,0.8738,0.0322,0.0,6.91
TRD30000215,ORD20003873,C100064,2026-09-08,29542.5,8.8627,7.3856,0.8774,0.0295,0.0,1.7585,0.0,18.91
TRD30000216,ORD20003873,C100064,2026-09-08,54540.0,16.362,13.635,1.6198,0.0545,0.0,3.2465,0.0,34.92
TRD30000217,ORD20004355,C100153,2026-09-08,2375.05,0.7125,0.0,0.0705,0.0024,0.0713,0.1414,0.0,1.0
TRD30000218,ORD20003921,C100051,2026-09-08,2415.85,0.7248,0.0,0.0718,0.0024,0.0725,0.1438,0.0,1.02
TRD30000219,ORD20000325,C100162,2026-09-08,17570.3,5.2711,4.3926,0.5218,0.0176,0.0,1.0459,0.0,11.25
TRD30000220,ORD20000325,C100162,2026-09-08,1597.3,0.4792,0.3993,0.0474,0.0016,0.0,0.0951,0.0,1.02
TRD30000221,ORD20001065,C100181,2026-09-08,1447.3,0.4342,0.0,0.043,0.0014,0.0434,0.0862,0.0,0.61
TRD30000222,ORD20001065,C100181,2026-09-08,1447.3,0.4342,0.0,0.043,0.0014,0.0434,0.0862,0.0,0.61
TRD30000223,ORD20002967,C100147,2026-09-08,2944.55,0.8834,0.0,0.0875,0.0029,0.0883,0.1753,0.0,1.24
TRD30000224,ORD20001328,C100137,2026-09-08,1466.2,0.4399,1.4662,0.0435,0.0015,0.2199,0.0873,0.0,2.26
TRD30000225,ORD20001328,C100137,2026-09-08,4768.4,1.4305,4.7684,0.1416,0.0048,0.7153,0.2838,0.0,7.34
TRD30000226,ORD20003323,C100149,2026-09-08,14236.65,4.271,3.5592,0.4228,0.0142,0.0,0.8475,0.0,9.11
TRD30000229,ORD20002807,C100156,2026-09-08,2279.35,0.0,2.2794,0.0677,0.0023,0.0,0.0126,15.34,17.7
TRD30000227,ORD20003323,C100149,2026-09-08,1580.7,0.4742,0.3952,0.0469,0.0016,0.0,0.0941,0.0,1.01
TRD30000230,ORD20002807,C100156,2026-09-08,13665.9,0.0,13.6659,0.4059,0.0137,0.0,0.0755,0.0,14.16
TRD30000228,ORD20003323,C100149,2026-09-08,11055.1,3.3165,2.7638,0.3283,0.0111,0.0,0.6581,0.0,7.08
TRD30000231,ORD20003311,C100042,2026-09-08,20845.2,0.0,20.8452,0.6191,0.0208,3.1268,0.1152,0.0,24.73
TRD30000232,ORD20003311,C100042,2026-09-08,20845.2,0.0,20.8452,0.6191,0.0208,3.1268,0.1152,0.0,24.73
TRD30000233,ORD20003311,C100042,2026-09-08,6948.4,0.0,6.9484,0.2064,0.0069,1.0423,0.0384,0.0,8.24
TRD30000234,ORD20003576,C100024,2026-09-08,3594.4,1.0783,0.0,0.1068,0.0036,0.1078,0.214,0.0,1.51
TRD30000235,ORD20004550,C100070,2026-09-08,1790.6,0.0,1.7906,0.0532,0.0018,0.2686,0.0099,0.0,2.12
TRD30000236,ORD20004550,C100070,2026-09-08,1342.95,0.0,1.343,0.0399,0.0013,0.2014,0.0074,0.0,1.59
TRD30000237,ORD20004550,C100070,2026-09-08,3133.55,0.0,3.1336,0.0931,0.0031,0.47,0.0173,0.0,3.72
TRD30000238,ORD20001359,C100021,2026-09-08,1577.4,0.4732,0.0,0.0468,0.0016,0.0473,0.0939,0.0,0.66
TRD30000239,ORD20001359,C100021,2026-09-08,1577.4,0.4732,0.0,0.0468,0.0016,0.0473,0.0939,0.0,0.66
TRD30000240,ORD20000046,C100192,2026-09-08,2848.05,0.0,2.8481,0.0846,0.0028,0.0,0.0157,15.34,18.29
TRD30000241,ORD20000046,C100192,2026-09-08,949.35,0.0,0.9494,0.0282,0.0009,0.0,0.0052,0.0,0.98
TRD30000242,ORD20000741,C100195,2026-09-08,23495.15,7.0485,5.8738,0.6978,0.0235,0.0,1.3986,0.0,15.04
TRD30000243,ORD20000741,C100195,2026-09-08,43633.85,13.0902,10.9085,1.2959,0.0436,0.0,2.5973,0.0,27.94
TRD30000244,ORD20001321,C100190,2026-09-08,4752.3,0.0,4.7523,0.1411,0.0048,0.7128,0.0263,0.0,5.64
TRD30000245,ORD20001321,C100190,2026-09-08,4744.95,0.0,4.745,0.1409,0.0047,0.7117,0.0262,0.0,5.63
TRD30000246,ORD20002691,C100134,2026-09-08,6049.0,1.8147,1.5123,0.1797,0.006,0.0,0.3601,0.0,3.87
TRD30000247,ORD20002691,C100134,2026-09-08,6049.0,1.8147,1.5123,0.1797,0.006,0.0,0.3601,0.0,3.87
TRD30000248,ORD20002691,C100134,2026-09-08,6049.0,1.8147,1.5123,0.1797,0.006,0.0,0.3601,0.0,3.87
TRD30000249,ORD20001127,C100088,2026-09-08,11849.5,3.5548,2.9624,0.3519,0.0118,0.0,0.7054,0.0,7.59
TRD30000250,ORD20001127,C100088,2026-09-08,23675.5,7.1026,5.9189,0.7032,0.0237,0.0,1.4093,0.0,15.16
TRD30000251,ORD20001127,C100088,2026-09-08,23668.9,7.1007,5.9172,0.703,0.0237,0.0,1.4089,0.0,15.15
TRD30000252,ORD20000516,C100184,2026-09-08,24772.0,0.0,24.772,0.7357,0.0248,3.7158,0.1369,0.0,29.39
TRD30000253,ORD20000516,C100184,2026-09-08,6296.5,0.0,6.2965,0.187,0.0063,0.9445,0.0348,0.0,7.47
TRD30000254,ORD20000357,C100058,2026-09-08,37787.85,11.3364,9.447,1.1223,0.0378,0.0,2.2494,0.0,24.19
TRD30000255,ORD20000860,C100007,2026-09-08,3564.75,0.0,3.5648,0.1059,0.0036,0.0,0.0197,15.34,19.03
TRD30000256,ORD20000860,C100007,2026-09-08,1189.2,0.0,1.1892,0.0353,0.0012,0.0,0.0066,0.0,1.23
TRD30000257,ORD20000082,C100073,2026-09-08,42072.0,12.6216,10.518,1.2495,0.0421,0.0,2.5044,0.0,26.94
TRD30000258,ORD20004890,C100105,2026-09-08,2413.6,0.0,2.4136,0.0717,0.0024,0.0,0.0133,15.34,17.84
TRD30000259,ORD20004890,C100105,2026-09-08,9641.2,0.0,9.6412,0.2863,0.0096,0.0,0.0533,0.0,9.99
TRD30000260,ORD20003863,C100141,2026-09-08,11750.7,0.0,11.7507,0.349,0.0118,1.7626,0.0649,0.0,13.94
TRD30000261,ORD20003679,C100051,2026-09-08,102301.65,0.0,102.3016,3.0384,0.1023,15.3452,0.5653,0.0,121.35
TRD30000262,ORD20003679,C100051,2026-09-08,2465.1,0.0,2.4651,0.0732,0.0025,0.3698,0.0136,0.0,2.92
TRD30000263,ORD20001084,C100161,2026-09-08,2450.3,0.0,2.4503,0.0728,0.0025,0.3675,0.0135,0.0,2.91
TRD30000264,ORD20001084,C100161,2026-09-08,2450.55,0.0,2.4506,0.0728,0.0025,0.3676,0.0135,0.0,2.91
TRD30000265,ORD20001983,C100027,2026-09-08,18004.25,5.4013,4.5011,0.5347,0.018,0.0,1.0717,0.0,11.53
TRD30000266,ORD20001983,C100027,2026-09-08,34301.4,10.2904,8.5754,1.0188,0.0343,0.0,2.0418,0.0,21.96
TRD30000267,ORD20002520,C100104,2026-09-08,449.55,0.0,0.4496,0.0134,0.0004,0.0,0.0025,15.34,15.81
TRD30000268,ORD20002520,C100104,2026-09-08,1348.65,0.0,1.3487,0.0401,0.0013,0.0,0.0075,0.0,1.4
TRD30000269,ORD20002520,C100104,2026-09-08,1348.65,0.0,1.3487,0.0401,0.0013,0.0,0.0075,0.0,1.4
TRD30000270,ORD20002079,C100047,2026-09-08,9033.6,2.7101,2.2584,0.2683,0.009,0.0,0.5377,0.0,5.78
TRD30000271,ORD20002079,C100047,2026-09-08,15056.0,4.5168,3.764,0.4472,0.0151,0.0,0.8962,0.0,9.64
TRD30000272,ORD20002079,C100047,2026-09-08,6022.4,1.8067,1.5056,0.1789,0.006,0.0,0.3585,0.0,3.86
TRD30000273,ORD20000619,C100054,2026-09-08,35429.1,0.0,35.4291,1.0522,0.0354,0.0,0.1958,15.34,52.05
TRD30000274,ORD20001939,C100015,2026-09-08,6681.8,2.0045,1.6704,0.1984,0.0067,0.0,0.3977,0.0,4.28
TRD30000275,ORD20001939,C100015,2026-09-08,40086.0,12.0258,10.0215,1.1906,0.0401,0.0,2.3862,0.0,25.66
TRD30000276,ORD20001939,C100015,2026-09-08,6674.2,2.0023,1.6686,0.1982,0.0067,0.0,0.3973,0.0,4.27
TRD30000277,ORD20002494,C100017,2026-09-08,22461.4,6.7384,0.0,0.6671,0.0225,0.6738,1.337,0.0,9.44
TRD30000278,ORD20002494,C100017,2026-09-08,26780.9,8.0343,0.0,0.7954,0.0268,0.8034,1.5942,0.0,11.25
TRD30000279,ORD20004669,C100064,2026-09-08,128507.4,20.0,128.5074,3.8167,0.1285,19.2761,4.3101,0.0,176.04
TRD30000280,ORD20002468,C100052,2026-09-08,8313.25,0.0,8.3132,0.2469,0.0083,0.0,0.0459,15.34,23.95
TRD30000281,ORD20002468,C100052,2026-09-08,3325.3,0.0,3.3253,0.0988,0.0033,0.0,0.0184,0.0,3.45
TRD30000282,ORD20000076,C100026,2026-09-08,11514.1,3.4542,0.0,0.342,0.0115,0.3454,0.6854,0.0,4.84
TRD30000283,ORD20001748,C100179,2026-09-08,34960.0,10.488,8.74,1.0383,0.035,0.0,2.081,0.0,22.38
TRD30000284,ORD20001748,C100179,2026-09-08,30820.0,9.246,7.705,0.9154,0.0308,0.0,1.8346,0.0,19.73
TRD30000285,ORD20001853,C100144,2026-09-08,42404.8,12.7214,10.6012,1.2594,0.0424,0.0,2.5242,0.0,27.15
TRD30000286,ORD20001853,C100144,2026-09-08,24961.0,7.4883,6.2403,0.7413,0.025,0.0,1.4858,0.0,15.98
TRD30000287,ORD20000638,C100157,2026-09-08,2285.75,0.0,2.2858,0.0679,0.0023,0.0,0.0126,15.34,17.71
TRD30000288,ORD20000638,C100157,2026-09-08,913.1,0.0,0.9131,0.0271,0.0009,0.0,0.005,0.0,0.95
TRD30000289,ORD20001120,C100004,2026-09-08,90947.2,0.0,90.9472,2.7011,0.0909,13.6421,0.5026,0.0,107.88
TRD30000290,ORD20001120,C100004,2026-09-08,10782.4,0.0,10.7824,0.3202,0.0108,1.6174,0.0596,0.0,12.79
TRD30000291,ORD20001120,C100004,2026-09-08,16876.8,0.0,16.8768,0.5012,0.0169,2.5315,0.0933,0.0,20.02
TRD30000292,ORD20001717,C100023,2026-09-08,3264.4,0.9793,0.8161,0.097,0.0033,0.0,0.1943,0.0,2.09
TRD30000293,ORD20001717,C100023,2026-09-08,3263.7,0.9791,0.8159,0.0969,0.0033,0.0,0.1943,0.0,2.09
TRD30000294,ORD20000210,C100052,2026-09-08,3218.6,0.0,3.2186,0.0956,0.0032,0.0,0.0178,15.34,18.68
TRD30000295,ORD20000210,C100052,2026-09-08,2758.8,0.0,2.7588,0.0819,0.0028,0.0,0.0152,0.0,2.86
TRD30000296,ORD20002958,C100134,2026-09-08,24262.5,7.2788,0.0,0.7206,0.0243,0.7279,1.4442,0.0,10.2
TRD30000297,ORD20002958,C100134,2026-09-08,8085.5,2.4256,0.0,0.2401,0.0081,0.2426,0.4813,0.0,3.4
TRD30000298,ORD20001176,C100108,2026-09-08,36501.3,0.0,36.5013,1.0841,0.0365,5.4752,0.2017,0.0,43.3
TRD30000299,ORD20001176,C100108,2026-09-08,36509.1,0.0,36.5091,1.0843,0.0365,5.4764,0.2017,0.0,43.31
TRD30000300,ORD20001584,C100008,2026-09-08,15677.6,0.0,15.6776,0.4656,0.0157,0.0,0.0866,15.34,31.59
TRD30000301,ORD20001584,C100008,2026-09-08,14697.75,0.0,14.6978,0.4365,0.0147,0.0,0.0812,0.0,15.23
TRD30000302,ORD20003821,C100054,2026-09-08,19664.7,5.8994,4.9162,0.584,0.0197,0.0,1.1706,0.0,12.59
TRD30000303,ORD20004844,C100160,2026-09-08,5791.8,0.0,5.7918,0.172,0.0058,0.8688,0.032,0.0,6.87
TRD30000304,ORD20004844,C100160,2026-09-08,2895.9,0.0,2.8959,0.086,0.0029,0.4344,0.016,0.0,3.44
TRD30000305,ORD20004844,C100160,2026-09-08,2895.9,0.0,2.8959,0.086,0.0029,0.4344,0.016,0.0,3.44
TRD30000306,ORD20000047,C100104,2026-09-08,14458.2,0.0,14.4582,0.4294,0.0145,2.1687,0.0799,0.0,17.15
TRD30000307,ORD20004467,C100077,2026-09-08,19108.25,5.7325,0.0,0.5675,0.0191,0.5732,1.1374,0.0,8.03
TRD30000308,ORD20004467,C100077,2026-09-08,3821.65,1.1465,0.0,0.1135,0.0038,0.1146,0.2275,0.0,1.61
TRD30000309,ORD20003431,C100030,2026-09-08,2298.85,0.6897,0.5747,0.0683,0.0023,0.0,0.1368,0.0,1.47
TRD30000310,ORD20000162,C100172,2026-09-08,885.2,0.2656,0.0,0.0263,0.0009,0.0266,0.0527,0.0,0.37
TRD30000311,ORD20000162,C100172,2026-09-08,4426.0,1.3278,0.0,0.1315,0.0044,0.1328,0.2635,0.0,1.86
TRD30000312,ORD20000162,C100172,2026-09-08,1770.4,0.5311,0.0,0.0526,0.0018,0.0531,0.1054,0.0,0.74
TRD30000313,ORD20000443,C100181,2026-09-08,3242.6,0.0,3.2426,0.0963,0.0032,0.4864,0.0179,0.0,3.85
TRD30000314,ORD20000443,C100181,2026-09-08,61609.4,0.0,61.6094,1.8298,0.0616,9.2414,0.3405,0.0,73.08
TRD30000315,ORD20003464,C100019,2026-09-08,18318.0,5.4954,0.0,0.544,0.0183,0.5495,1.0904,0.0,7.7
TRD30000316,ORD20003464,C100019,2026-09-08,7327.2,2.1982,0.0,0.2176,0.0073,0.2198,0.4362,0.0,3.08
TRD30000317,ORD20003464,C100019,2026-09-08,45184.4,13.5553,0.0,1.342,0.0452,1.3555,2.6896,0.0,18.99
TRD30000318,ORD20000763,C100112,2026-09-08,1206.55,0.362,0.3016,0.0358,0.0012,0.0,0.0718,0.0,0.77
TRD30000319,ORD20001623,C100159,2026-09-08,30596.5,0.0,30.5965,0.9087,0.0306,4.5895,0.1691,0.0,36.29
TRD30000320,ORD20001623,C100159,2026-09-08,9170.4,0.0,9.1704,0.2724,0.0092,1.3756,0.0507,0.0,10.88
TRD30000321,ORD20000686,C100197,2026-09-08,2493.55,0.0,2.4936,0.0741,0.0025,0.374,0.0138,0.0,2.96
TRD30000322,ORD20000686,C100197,2026-09-08,4987.1,0.0,4.9871,0.1481,0.005,0.7481,0.0276,0.0,5.92
TRD30000323,ORD20000686,C100197,2026-09-08,2493.55,0.0,2.4936,0.0741,0.0025,0.374,0.0138,0.0,2.96
TRD30000324,ORD20001605,C100061,2026-09-08,34552.0,10.3656,0.0,1.0262,0.0346,1.0366,2.0567,0.0,14.52
TRD30000325,ORD20001605,C100061,2026-09-08,1234.0,0.3702,0.0,0.0366,0.0012,0.037,0.0735,0.0,0.52
TRD30000326,ORD20001605,C100061,2026-09-08,8638.0,2.5914,0.0,0.2565,0.0086,0.2591,0.5142,0.0,3.63
TRD30000327,ORD20004180,C100180,2026-09-08,55560.75,0.0,55.5608,1.6502,0.0556,8.3341,0.307,0.0,65.91
TRD30000328,ORD20003377,C100157,2026-09-08,29502.9,8.8509,0.0,0.8762,0.0295,0.8851,1.7562,0.0,12.4
TRD30000329,ORD20003377,C100157,2026-09-08,6556.2,1.9669,0.0,0.1947,0.0066,0.1967,0.3903,0.0,2.76
TRD30000330,ORD20001092,C100106,2026-09-08,61417.5,0.0,61.4175,1.8241,0.0614,0.0,0.3394,15.34,78.98
TRD30000331,ORD20001789,C100027,2026-09-08,66065.35,19.8196,16.5163,1.9621,0.0661,0.0,3.9326,0.0,42.3
TRD30000332,ORD20002502,C100172,2026-09-08,2517.7,0.7553,2.5177,0.0748,0.0025,0.0,0.1499,15.34,18.84
TRD30000333,ORD20002502,C100172,2026-09-08,5035.4,1.5106,5.0354,0.1496,0.005,0.0,0.2997,0.0,7.0
TRD30000334,ORD20002502,C100172,2026-09-08,7553.1,2.2659,7.5531,0.2243,0.0076,0.0,0.4496,0.0,10.5
TRD30000335,ORD20001986,C100019,2026-09-08,24441.6,7.3325,6.1104,0.7259,0.0244,0.0,1.4549,0.0,15.65
TRD30000336,ORD20001986,C100019,2026-09-08,1286.25,0.3859,0.3216,0.0382,0.0013,0.0,0.0766,0.0,0.82
TRD30000337,ORD20000274,C100102,2026-09-08,11942.1,0.0,11.9421,0.3547,0.0119,0.0,0.066,15.34,27.71
TRD30000338,ORD20001267,C100043,2026-09-08,33840.0,10.152,8.46,1.005,0.0338,0.0,2.0144,0.0,21.67
TRD30000339,ORD20001267,C100043,2026-09-08,50760.0,15.228,12.69,1.5076,0.0508,0.0,3.0215,0.0,32.5
TRD30000340,ORD20000455,C100098,2026-09-08,12071.35,3.6214,0.0,0.3585,0.0121,0.3621,0.7186,0.0,5.07
TRD30000341,ORD20000455,C100098,2026-09-08,12071.35,3.6214,0.0,0.3585,0.0121,0.3621,0.7186,0.0,5.07
TRD30000342,ORD20000455,C100098,2026-09-08,12071.35,3.6214,0.0,0.3585,0.0121,0.3621,0.7186,0.0,5.07
TRD30000343,ORD20000199,C100009,2026-09-08,30402.0,9.1206,7.6005,0.9029,0.0304,0.0,1.8097,0.0,19.46
TRD30000344,ORD20004159,C100068,2026-09-08,943.95,0.2832,0.236,0.028,0.0009,0.0,0.0562,0.0,0.6
TRD30000345,ORD20004159,C100068,2026-09-08,26430.6,7.9292,6.6076,0.785,0.0264,0.0,1.5733,0.0,16.92
TRD30000346,ORD20004159,C100068,2026-09-08,23598.75,7.0796,5.8997,0.7009,0.0236,0.0,1.4047,0.0,15.11
TRD30000347,ORD20002101,C100071,2026-09-08,12019.2,0.0,12.0192,0.357,0.012,0.0,0.0664,15.34,27.79
TRD30000348,ORD20002101,C100071,2026-09-08,15020.0,0.0,15.02,0.4461,0.015,0.0,0.083,0.0,15.56
TRD30000349,ORD20002101,C100071,2026-09-08,9006.0,0.0,9.006,0.2675,0.009,0.0,0.0498,0.0,9.33
TRD30000350,ORD20000283,C100045,2026-09-08,4851.6,0.0,4.8516,0.1441,0.0049,0.0,0.0268,15.34,20.37
TRD30000351,ORD20004323,C100128,2026-09-08,75328.0,20.0,0.0,2.2372,0.0753,2.2598,4.0163,0.0,28.59
TRD30000352,ORD20004323,C100128,2026-09-08,44025.0,13.2075,0.0,1.3075,0.044,1.3208,2.6206,0.0,18.5
TRD30000353,ORD20002697,C100189,2026-09-08,4884.9,1.4655,0.0,0.1451,0.0049,0.1465,0.2908,0.0,2.05
TRD30000354,ORD20001724,C100052,2026-09-08,12178.1,3.6534,3.0445,0.3617,0.0122,0.0,0.7249,0.0,7.8
TRD30000355,ORD20003579,C100180,2026-09-08,42272.1,12.6816,10.568,1.2555,0.0423,0.0,2.5163,0.0,27.06
TRD30000356,ORD20002051,C100083,2026-09-08,11747.25,0.0,11.7473,0.3489,0.0117,0.0,0.0649,15.34,27.51
TRD30000357,ORD20002051,C100083,2026-09-08,3132.6,0.0,3.1326,0.093,0.0031,0.0,0.0173,0.0,3.25
TRD30000358,ORD20003501,C100170,2026-09-08,1075.45,0.0,1.0754,0.0319,0.0011,0.0,0.0059,15.34,16.45
TRD30000359,ORD20003501,C100170,2026-09-08,3231.15,0.0,3.2312,0.096,0.0032,0.0,0.0179,0.0,3.35
TRD30000360,ORD20000553,C100198,2026-09-08,7324.0,0.0,7.324,0.2175,0.0073,1.0986,0.0405,0.0,8.69
TRD30000361,ORD20003860,C100034,2026-09-08,22900.15,6.87,0.0,0.6801,0.0229,0.687,1.3632,0.0,9.62
TRD30000362,ORD20003860,C100034,2026-09-08,8807.75,2.6423,0.0,0.2616,0.0088,0.2642,0.5243,0.0,3.7
TRD30000363,ORD20004381,C100094,2026-09-08,14183.2,0.0,14.1832,0.4212,0.0142,0.0,0.0784,15.34,30.04
TRD30000364,ORD20004381,C100094,2026-09-08,40776.7,0.0,40.7767,1.2111,0.0408,0.0,0.2253,0.0,42.25
TRD30000365,ORD20004381,C100094,2026-09-08,1772.9,0.0,1.7729,0.0527,0.0018,0.0,0.0098,0.0,1.84
TRD30000366,ORD20001869,C100111,2026-09-08,5254.35,1.5763,0.0,0.1561,0.0053,0.1576,0.3128,0.0,2.21
TRD30000367,ORD20003848,C100099,2026-09-08,63153.0,0.0,63.153,1.8756,0.0632,9.4729,0.349,0.0,74.91
TRD30000368,ORD20002190,C100038,2026-09-08,7083.25,2.125,0.0,0.2104,0.0071,0.2125,0.4216,0.0,2.98
TRD30000369,ORD20000057,C100019,2026-09-08,58600.8,17.5802,14.6502,1.7404,0.0586,0.0,3.4883,0.0,37.52
TRD30000370,ORD20002276,C100076,2026-09-08,27230.6,8.1692,6.8076,0.8087,0.0272,0.0,1.6209,0.0,17.43
TRD30000371,ORD20002794,C100018,2026-09-08,6899.75,2.0699,1.7249,0.2049,0.0069,0.0,0.4107,0.0,4.42
TRD30000372,ORD20002794,C100018,2026-09-08,5519.8,1.6559,1.38,0.1639,0.0055,0.0,0.3286,0.0,3.53
TRD30000373,ORD20003143,C100134,2026-09-08,12083.3,3.625,0.0,0.3589,0.0121,0.3625,0.7193,0.0,5.08
TRD30000374,ORD20003143,C100134,2026-09-08,12092.55,3.6278,0.0,0.3591,0.0121,0.3628,0.7198,0.0,5.08
TRD30000375,ORD20003143,C100134,2026-09-08,24150.2,7.2451,0.0,0.7173,0.0242,0.7245,1.4376,0.0,10.15
TRD30000376,ORD20000367,C100035,2026-09-08,1623.95,0.0,1.624,0.0482,0.0016,0.2436,0.009,0.0,1.93
TRD30000377,ORD20000367,C100035,2026-09-08,4871.55,0.0,4.8716,0.1447,0.0049,0.7307,0.0269,0.0,5.78
TRD30000378,ORD20001970,C100024,2026-09-08,32071.5,9.6214,0.0,0.9525,0.0321,0.9621,1.9091,0.0,13.48
TRD30000379,ORD20003037,C100082,2026-09-08,1325.35,0.0,1.3254,0.0394,0.0013,0.0,0.0073,15.34,16.71
TRD30000380,ORD20003037,C100082,2026-09-08,1324.5,0.0,1.3245,0.0393,0.0013,0.0,0.0073,0.0,1.37
TRD30000381,ORD20004842,C100062,2026-09-08,9348.4,0.0,9.3484,0.2776,0.0093,0.0,0.0517,15.34,25.03
TRD30000382,ORD20004842,C100062,2026-09-08,16359.7,0.0,16.3597,0.4859,0.0164,0.0,0.0904,0.0,16.95
TRD30000383,ORD20000689,C100100,2026-09-08,97030.0,0.0,97.03,2.8818,0.097,14.5545,0.5362,0.0,115.1
TRD30000384,ORD20004287,C100149,2026-09-08,910.9,0.2733,0.2277,0.0271,0.0009,0.0,0.0542,0.0,0.58
TRD30000385,ORD20004287,C100149,2026-09-08,3643.6,1.0931,0.9109,0.1082,0.0036,0.0,0.2169,0.0,2.33
TRD30000386,ORD20004287,C100149,2026-09-08,3643.6,1.0931,0.9109,0.1082,0.0036,0.0,0.2169,0.0,2.33
TRD30000387,ORD20001166,C100146,2026-09-08,27677.65,0.0,27.6777,0.822,0.0277,4.1516,0.1529,0.0,32.83
TRD30000388,ORD20000173,C100155,2026-09-08,9022.25,2.7067,0.0,0.268,0.009,0.2707,0.5371,0.0,3.79
TRD30000389,ORD20000173,C100155,2026-09-08,5412.15,1.6236,0.0,0.1607,0.0054,0.1624,0.3222,0.0,2.27
TRD30000390,ORD20000173,C100155,2026-09-08,37895.55,11.3687,0.0,1.1255,0.0379,1.1369,2.2558,0.0,15.92
TRD30000391,ORD20002774,C100103,2026-09-08,4864.2,1.4593,1.216,0.1445,0.0049,0.0,0.2895,0.0,3.11
TRD30000392,ORD20002774,C100103,2026-09-08,11349.8,3.4049,2.8374,0.3371,0.0113,0.0,0.6756,0.0,7.27
TRD30000393,ORD20004014,C100065,2026-09-08,3492.5,1.0478,0.8731,0.1037,0.0035,0.0,0.2079,0.0,2.24
TRD30000394,ORD20004014,C100065,2026-09-08,3492.5,1.0478,0.8731,0.1037,0.0035,0.0,0.2079,0.0,2.24
TRD30000395,ORD20004014,C100065,2026-09-08,1746.25,0.5239,0.4366,0.0519,0.0017,0.0,0.1039,0.0,1.12
TRD30000396,ORD20001814,C100048,2026-09-08,1881.3,0.0,1.8813,0.0559,0.0019,0.2822,0.0104,0.0,2.23
TRD30000397,ORD20001814,C100048,2026-09-08,2820.0,0.0,2.82,0.0838,0.0028,0.423,0.0156,0.0,3.35
TRD30000398,ORD20004076,C100006,2026-09-08,35510.75,10.6532,8.8777,1.0547,0.0355,0.0,2.1138,0.0,22.73
TRD30000399,ORD20004076,C100006,2026-09-08,80619.0,20.0,20.1548,2.3944,0.0806,0.0,4.0455,0.0,46.68
TRD30000400,ORD20001110,C100178,2026-09-08,66066.35,19.8199,0.0,1.9622,0.0661,1.982,3.9327,0.0,27.76
TRD30000401,ORD20002805,C100072,2026-09-08,24937.65,7.4813,0.0,0.7406,0.0249,0.7481,1.4844,0.0,10.48
TRD30000402,ORD20002805,C100072,2026-09-08,8312.55,2.4938,0.0,0.2469,0.0083,0.2494,0.4948,0.0,3.49
TRD30000403,ORD20001139,C100035,2026-09-08,111791.05,20.0,27.9478,3.3202,0.1118,0.0,4.2178,0.0,55.6
TRD30000404,ORD20001139,C100035,2026-09-08,4562.9,1.3689,1.1407,0.1355,0.0046,0.0,0.2716,0.0,2.92
TRD30000405,ORD20004787,C100194,2026-09-08,32895.0,9.8685,8.2238,0.977,0.0329,0.0,1.9581,0.0,21.06
TRD30000406,ORD20001118,C100161,2026-09-08,1721.1,0.0,1.7211,0.0511,0.0017,0.2582,0.0095,0.0,2.04
TRD30000407,ORD20001118,C100161,2026-09-08,3439.4,0.0,3.4394,0.1022,0.0034,0.5159,0.019,0.0,4.08
TRD30000408,ORD20001283,C100048,2026-09-09,3348.6,0.0,3.3486,0.0995,0.0033,0.0,0.0185,15.34,18.81
TRD30000409,ORD20001283,C100048,2026-09-09,3348.9,0.0,3.3489,0.0995,0.0033,0.0,0.0185,0.0,3.47
TRD30000410,ORD20004796,C100129,2026-09-09,7236.0,2.1708,1.809,0.2149,0.0072,0.0,0.4307,0.0,4.63
TRD30000411,ORD20004269,C100165,2026-09-09,10155.0,3.0465,2.5388,0.3016,0.0102,0.0,0.6045,0.0,6.5
TRD30000412,ORD20004269,C100165,2026-09-09,20310.0,6.093,5.0775,0.6032,0.0203,0.0,1.209,0.0,13.0
TRD30000413,ORD20002941,C100138,2026-09-09,1143.75,0.0,1.1438,0.034,0.0011,0.1716,0.0063,0.0,1.36
TRD30000414,ORD20002941,C100138,2026-09-09,1143.75,0.0,1.1438,0.034,0.0011,0.1716,0.0063,0.0,1.36
TRD30000415,ORD20000268,C100187,2026-09-09,1211.8,0.3635,0.303,0.036,0.0012,0.0,0.0721,0.0,0.78
TRD30000416,ORD20000268,C100187,2026-09-09,1211.8,0.3635,0.303,0.036,0.0012,0.0,0.0721,0.0,0.78
TRD30000417,ORD20000268,C100187,2026-09-09,8482.6,2.5448,2.1206,0.2519,0.0085,0.0,0.5049,0.0,5.43
TRD30000418,ORD20001601,C100153,2026-09-09,4725.9,1.4178,0.0,0.1404,0.0047,0.1418,0.2813,0.0,1.99
TRD30000419,ORD20003356,C100079,2026-09-09,734.1,0.2202,0.0,0.0218,0.0007,0.022,0.0437,0.0,0.31
TRD30000420,ORD20003356,C100079,2026-09-09,733.8,0.2201,0.0,0.0218,0.0007,0.022,0.0437,0.0,0.31
TRD30000421,ORD20003356,C100079,2026-09-09,3303.45,0.991,0.0,0.0981,0.0033,0.0991,0.1966,0.0,1.39
TRD30000422,ORD20001032,C100069,2026-09-09,85883.15,20.0,0.0,2.5507,0.0859,2.5765,4.0746,0.0,29.29
TRD30000423,ORD20001032,C100069,2026-09-09,26964.0,8.0892,0.0,0.8008,0.027,0.8089,1.6051,0.0,11.33
TRD30000424,ORD20000529,C100192,2026-09-09,2798.1,0.0,2.7981,0.0831,0.0028,0.4197,0.0155,0.0,3.32
TRD30000425,ORD20000529,C100192,2026-09-09,27976.0,0.0,27.976,0.8309,0.028,4.1964,0.1546,0.0,33.19
TRD30000426,ORD20000529,C100192,2026-09-09,4194.9,0.0,4.1949,0.1246,0.0042,0.6292,0.0232,0.0,4.98
TRD30000427,ORD20003387,C100141,2026-09-09,3336.75,0.0,3.3368,0.0991,0.0033,0.0,0.0184,15.34,18.8
TRD30000428,ORD20000660,C100107,2026-09-09,11983.75,3.5951,0.0,0.3559,0.012,0.3595,0.7133,0.0,5.04
TRD30000429,ORD20003133,C100184,2026-09-09,23895.2,0.0,23.8952,0.7097,0.0239,3.5843,0.132,0.0,28.35
TRD30000430,ORD20003133,C100184,2026-09-09,5973.8,0.0,5.9738,0.1774,0.006,0.8961,0.033,0.0,7.09
TRD30000431,ORD20003759,C100162,2026-09-09,3273.1,0.0,3.2731,0.0972,0.0033,0.491,0.0181,0.0,3.88
TRD30000432,ORD20003759,C100162,2026-09-09,3273.1,0.0,3.2731,0.0972,0.0033,0.491,0.0181,0.0,3.88
TRD30000433,ORD20001860,C100089,2026-09-09,1207.15,0.3621,0.0,0.0359,0.0012,0.0362,0.0719,0.0,0.51
TRD30000434,ORD20001860,C100089,2026-09-09,1207.15,0.3621,0.0,0.0359,0.0012,0.0362,0.0719,0.0,0.51
TRD30000435,ORD20004358,C100121,2026-09-09,2630.15,0.789,0.6575,0.0781,0.0026,0.0,0.1566,0.0,1.68
TRD30000436,ORD20004358,C100121,2026-09-09,2630.15,0.789,0.6575,0.0781,0.0026,0.0,0.1566,0.0,1.68
TRD30000437,ORD20000663,C100025,2026-09-09,110750.5,20.0,27.6876,3.2893,0.1108,0.0,4.212,0.0,55.3
TRD30000438,ORD20002839,C100183,2026-09-09,27515.6,0.0,27.5156,0.8172,0.0275,0.0,0.1521,15.34,43.85
TRD30000439,ORD20002839,C100183,2026-09-09,8856.9,0.0,8.8569,0.263,0.0089,0.0,0.0489,0.0,9.18
TRD30000440,ORD20000121,C100193,2026-09-09,16749.95,5.025,0.0,0.4975,0.0167,0.5025,0.9971,0.0,7.04
TRD30000441,ORD20000121,C100193,2026-09-09,16749.95,5.025,0.0,0.4975,0.0167,0.5025,0.9971,0.0,7.04
TRD30000442,ORD20000121,C100193,2026-09-09,4785.7,1.4357,0.0,0.1421,0.0048,0.1436,0.2849,0.0,2.01
TRD30000443,ORD20002679,C100170,2026-09-09,2322.75,0.0,2.3228,0.069,0.0023,0.3484,0.0128,0.0,2.76
TRD30000444,ORD20002679,C100170,2026-09-09,5110.05,0.0,5.11,0.1518,0.0051,0.7665,0.0282,0.0,6.06
TRD30000445,ORD20002098,C100068,2026-09-09,22232.7,0.0,22.2327,0.6603,0.0222,3.3349,0.1229,0.0,26.37
TRD30000446,ORD20002098,C100068,2026-09-09,124573.7,0.0,124.5737,3.6998,0.1246,18.6861,0.6884,0.0,147.77
TRD30000447,ORD20004816,C100171,2026-09-09,50904.0,15.2712,0.0,1.5118,0.0509,1.5271,3.0301,0.0,21.39
TRD30000448,ORD20004816,C100171,2026-09-09,3634.7,1.0904,0.0,0.108,0.0036,0.109,0.2164,0.0,1.53
TRD30000449,ORD20004816,C100171,2026-09-09,23674.95,7.1025,0.0,0.7031,0.0237,0.7102,1.4093,0.0,9.95
TRD30000450,ORD20004119,C100166,2026-09-09,5044.7,1.5134,1.2612,0.1498,0.005,0.0,0.3003,0.0,3.23
TRD30000451,ORD20004119,C100166,2026-09-09,2523.35,0.757,0.6308,0.0749,0.0025,0.0,0.1502,0.0,1.62
TRD30000452,ORD20004119,C100166,2026-09-09,5036.6,1.511,1.2592,0.1496,0.005,0.0,0.2998,0.0,3.22
TRD30000453,ORD20003730,C100046,2026-09-09,4141.8,1.2425,1.0354,0.123,0.0041,0.0,0.2465,0.0,2.65
TRD30000454,ORD20003730,C100046,2026-09-09,2761.2,0.8284,0.6903,0.082,0.0028,0.0,0.1644,0.0,1.77
TRD30000455,ORD20003730,C100046,2026-09-09,1380.6,0.4142,0.3451,0.041,0.0014,0.0,0.0822,0.0,0.88
TRD30000456,ORD20002260,C100007,2026-09-09,8044.5,2.4134,0.0,0.2389,0.008,0.2413,0.4789,0.0,3.38
TRD30000457,ORD20003710,C100115,2026-09-09,7259.25,2.1778,0.0,0.2156,0.0073,0.2178,0.4321,0.0,3.05
TRD30000458,ORD20003710,C100115,2026-09-09,12098.75,3.6296,0.0,0.3593,0.0121,0.363,0.7202,0.0,5.08
TRD30000459,ORD20003710,C100115,2026-09-09,53234.5,15.9703,0.0,1.5811,0.0532,1.597,3.1688,0.0,22.37
TRD30000460,ORD20002789,C100036,2026-09-09,23608.0,7.0824,0.0,0.7012,0.0236,0.7082,1.4053,0.0,9.92
TRD30000461,ORD20000021,C100056,2026-09-09,1182.55,0.0,1.1826,0.0351,0.0012,0.1774,0.0065,0.0,1.4
TRD30000462,ORD20000021,C100056,2026-09-09,13008.05,0.0,13.008,0.3863,0.013,1.9512,0.0719,0.0,15.43
TRD30000463,ORD20000645,C100183,2026-09-09,109343.9,0.0,109.3439,3.2475,0.1093,0.0,0.6042,15.34,128.64
TRD30000464,ORD20000970,C100133,2026-09-09,1365.3,0.0,1.3653,0.0405,0.0014,0.0,0.0075,15.34,16.75
TRD30000465,ORD20000970,C100133,2026-09-09,455.2,0.0,0.4552,0.0135,0.0005,0.0,0.0025,0.0,0.47
TRD30000466,ORD20000970,C100133,2026-09-09,4551.5,0.0,4.5515,0.1352,0.0046,0.0,0.0252,0.0,4.72
TRD30000467,ORD20000301,C100129,2026-09-09,1521.6,0.0,1.5216,0.0452,0.0015,0.0,0.0084,15.34,16.92
TRD30000468,ORD20000301,C100129,2026-09-09,6093.6,0.0,6.0936,0.181,0.0061,0.0,0.0337,0.0,6.31
TRD30000469,ORD20004122,C100099,2026-09-09,5065.8,1.5197,0.0,0.1505,0.0051,0.152,0.3015,0.0,2.13
TRD30000470,ORD20000071,C100174,2026-09-09,27188.1,0.0,27.1881,0.8075,0.0272,4.0782,0.1502,0.0,32.25
TRD30000471,ORD20001378,C100126,2026-09-09,1384.3,0.4153,0.0,0.0411,0.0014,0.0415,0.0824,0.0,0.58
TRD30000472,ORD20001378,C100126,2026-09-09,1384.3,0.4153,0.0,0.0411,0.0014,0.0415,0.0824,0.0,0.58
TRD30000473,ORD20001990,C100166,2026-09-09,61103.7,18.3311,15.2759,1.8148,0.0611,0.0,3.6373,0.0,39.12
TRD30000474,ORD20001990,C100166,2026-09-09,18423.2,5.527,4.6058,0.5472,0.0184,0.0,1.0967,0.0,11.8
TRD30000475,ORD20002430,C100047,2026-09-09,12136.0,0.0,12.136,0.3604,0.0121,1.8204,0.0671,0.0,14.4
TRD30000476,ORD20004295,C100099,2026-09-09,7365.0,2.2095,1.8412,0.2187,0.0074,0.0,0.4384,0.0,4.72
TRD30000478,ORD20003371,C100171,2026-09-09,12024.55,0.0,12.0246,0.3571,0.012,0.0,0.0664,15.34,27.8
TRD30000477,ORD20004295,C100099,2026-09-09,22090.5,6.6272,5.5226,0.6561,0.0221,0.0,1.315,0.0,14.14
TRD30000479,ORD20002275,C100188,2026-09-09,1396.9,0.4191,0.3492,0.0415,0.0014,0.0,0.0832,0.0,0.89
TRD30000480,ORD20002275,C100188,2026-09-09,1397.05,0.4191,0.3493,0.0415,0.0014,0.0,0.0832,0.0,0.89
TRD30000481,ORD20002275,C100188,2026-09-09,2791.5,0.8374,0.6979,0.0829,0.0028,0.0,0.1662,0.0,1.79
TRD30000482,ORD20002009,C100172,2026-09-09,12650.25,3.7951,12.6502,0.3757,0.0127,1.8975,0.753,0.0,19.48
TRD30000483,ORD20002009,C100172,2026-09-09,58208.4,17.4625,58.2084,1.7288,0.0582,8.7313,3.4649,0.0,89.65
TRD30000484,ORD20002009,C100172,2026-09-09,1685.5,0.5056,1.6855,0.0501,0.0017,0.2528,0.1003,0.0,2.6
TRD30000485,ORD20003726,C100169,2026-09-09,54243.75,0.0,54.2438,1.611,0.0542,8.1366,0.2998,0.0,64.35
TRD30000486,ORD20000219,C100123,2026-09-09,12981.5,0.0,12.9815,0.3856,0.013,1.9472,0.0717,0.0,15.4
TRD30000487,ORD20000219,C100123,2026-09-09,5192.6,0.0,5.1926,0.1542,0.0052,0.7789,0.0287,0.0,6.16
TRD30000488,ORD20003276,C100034,2026-09-09,31924.1,0.0,31.9241,0.9481,0.0319,0.0,0.1764,15.34,48.42
TRD30000489,ORD20003346,C100175,2026-09-09,45423.45,13.627,0.0,1.3491,0.0454,1.3627,2.7039,0.0,19.09
TRD30000490,ORD20003346,C100175,2026-09-09,6725.6,2.0177,0.0,0.1998,0.0067,0.2018,0.4003,0.0,2.83
TRD30000491,ORD20001484,C100101,2026-09-09,11853.75,3.5561,0.0,0.3521,0.0119,0.3556,0.7056,0.0,4.98
TRD30000492,ORD20002043,C100177,2026-09-09,36961.65,11.0885,9.2404,1.0978,0.037,0.0,2.2002,0.0,23.66
TRD30000493,ORD20001850,C100005,2026-09-09,26767.0,8.0301,0.0,0.795,0.0268,0.803,1.5933,0.0,11.25
TRD30000494,ORD20001850,C100005,2026-09-09,923.0,0.2769,0.0,0.0274,0.0009,0.0277,0.0549,0.0,0.39
TRD30000495,ORD20001850,C100005,2026-09-09,3230.5,0.9692,0.0,0.0959,0.0032,0.0969,0.1923,0.0,1.36
TRD30000496,ORD20000485,C100121,2026-09-09,3291.6,0.9875,0.0,0.0978,0.0033,0.0987,0.1959,0.0,1.38
TRD30000497,ORD20000485,C100121,2026-09-09,548.6,0.1646,0.0,0.0163,0.0005,0.0165,0.0327,0.0,0.23
TRD30000498,ORD20002975,C100147,2026-09-09,4884.75,0.0,4.8848,0.1451,0.0049,0.7327,0.027,0.0,5.79
TRD30000499,ORD20004580,C100103,2026-09-09,12125.5,0.0,12.1255,0.3601,0.0121,0.0,0.067,15.34,27.9
TRD30000500,ORD20004123,C100181,2026-09-09,11592.4,3.4777,2.8981,0.3443,0.0116,0.0,0.69,0.0,7.42
TRD30000501,ORD20004123,C100181,2026-09-09,2898.85,0.8697,0.7247,0.0861,0.0029,0.0,0.1726,0.0,1.86
TRD30000502,ORD20004123,C100181,2026-09-09,11595.8,3.4787,2.8989,0.3444,0.0116,0.0,0.6903,0.0,7.42
TRD30000503,ORD20004655,C100115,2026-09-09,5770.2,1.7311,1.4426,0.1714,0.0058,0.0,0.3435,0.0,3.69
TRD30000504,ORD20004655,C100115,2026-09-09,1923.4,0.577,0.4809,0.0571,0.0019,0.0,0.1145,0.0,1.23
TRD30000505,ORD20004655,C100115,2026-09-09,1923.4,0.577,0.4809,0.0571,0.0019,0.0,0.1145,0.0,1.23
TRD30000506,ORD20004461,C100061,2026-09-09,92922.0,20.0,0.0,2.7598,0.0929,2.7877,4.1135,0.0,29.75
TRD30000507,ORD20004171,C100175,2026-09-09,1187.55,0.0,1.1875,0.0353,0.0012,0.1781,0.0066,0.0,1.41
TRD30000508,ORD20004171,C100175,2026-09-09,2375.1,0.0,2.3751,0.0705,0.0024,0.3563,0.0131,0.0,2.82
TRD30000509,ORD20004171,C100175,2026-09-09,1187.55,0.0,1.1875,0.0353,0.0012,0.1781,0.0066,0.0,1.41
TRD30000510,ORD20003157,C100199,2026-09-09,7993.5,2.398,1.9984,0.2374,0.008,0.0,0.4758,0.0,5.12
TRD30000511,ORD20003157,C100199,2026-09-09,52461.1,15.7383,13.1153,1.5581,0.0525,0.0,3.1228,0.0,33.59
TRD30000512,ORD20003157,C100199,2026-09-09,11450.9,3.4353,2.8627,0.3401,0.0115,0.0,0.6816,0.0,7.33
TRD30000513,ORD20003164,C100120,2026-09-09,5371.1,0.0,5.3711,0.1595,0.0054,0.0,0.0297,15.34,20.91
TRD30000514,ORD20003164,C100120,2026-09-09,8063.55,0.0,8.0636,0.2395,0.0081,0.0,0.0446,0.0,8.36
TRD30000515,ORD20003164,C100120,2026-09-09,8061.45,0.0,8.0614,0.2394,0.0081,0.0,0.0445,0.0,8.35
TRD30000516,ORD20003632,C100156,2026-09-09,1683.8,0.0,1.6838,0.05,0.0017,0.2526,0.0093,0.0,2.0
TRD30000517,ORD20003632,C100156,2026-09-09,1683.8,0.0,1.6838,0.05,0.0017,0.2526,0.0093,0.0,2.0
TRD30000518,ORD20003632,C100156,2026-09-09,1683.8,0.0,1.6838,0.05,0.0017,0.2526,0.0093,0.0,2.0
TRD30000519,ORD20001265,C100034,2026-09-09,18460.0,0.0,18.46,0.5483,0.0185,2.769,0.102,0.0,21.9
TRD30000520,ORD20003412,C100136,2026-09-09,58116.5,0.0,58.1165,1.7261,0.0581,0.0,0.3212,15.34,75.56
TRD30000521,ORD20001397,C100056,2026-09-09,3657.2,1.0972,0.0,0.1086,0.0037,0.1097,0.2177,0.0,1.54
TRD30000522,ORD20001397,C100056,2026-09-09,9154.25,2.7463,0.0,0.2719,0.0092,0.2746,0.5449,0.0,3.85
TRD30000523,ORD20001888,C100098,2026-09-09,40059.65,0.0,40.0597,1.1898,0.0401,6.0089,0.2214,0.0,47.52
TRD30000524,ORD20003819,C100110,2026-09-09,116697.6,20.0,0.0,3.4659,0.1167,3.5009,4.2449,0.0,31.33
TRD30000525,ORD20000462,C100128,2026-09-09,2817.1,0.0,2.8171,0.0837,0.0028,0.0,0.0156,15.34,18.26
TRD30000526,ORD20000157,C100140,2026-09-09,8286.5,0.0,8.2865,0.2461,0.0083,1.243,0.0458,0.0,9.83
TRD30000527,ORD20000157,C100140,2026-09-09,23202.2,0.0,23.2022,0.6891,0.0232,3.4803,0.1282,0.0,27.52
TRD30000528,ORD20001088,C100105,2026-09-09,26720.0,0.0,26.72,0.7936,0.0267,4.008,0.1477,0.0,31.7
TRD30000529,ORD20001088,C100105,2026-09-09,79150.4,0.0,79.1504,2.3508,0.0792,11.8726,0.4374,0.0,93.89
TRD30000530,ORD20001088,C100105,2026-09-09,30438.0,0.0,30.438,0.904,0.0304,4.5657,0.1682,0.0,36.11
TRD30000531,ORD20001383,C100084,2026-09-09,1850.4,0.5551,1.8504,0.055,0.0019,0.2776,0.1101,0.0,2.85
TRD30000532,ORD20001383,C100084,2026-09-09,461.65,0.1385,0.4616,0.0137,0.0005,0.0692,0.0275,0.0,0.71
TRD30000533,ORD20001383,C100084,2026-09-09,3235.75,0.9707,3.2358,0.0961,0.0032,0.4854,0.1926,0.0,4.98
TRD30000534,ORD20001254,C100144,2026-09-09,13608.6,0.0,13.6086,0.4042,0.0136,0.0,0.0752,15.34,29.44
TRD30000535,ORD20000685,C100023,2026-09-09,2426.2,0.7279,2.4262,0.0721,0.0024,0.0,0.1444,15.34,18.71
TRD30000536,ORD20004367,C100086,2026-09-09,44128.8,0.0,44.1288,1.3106,0.0441,6.6193,0.2439,0.0,52.35
TRD30000537,ORD20004367,C100086,2026-09-09,44128.8,0.0,44.1288,1.3106,0.0441,6.6193,0.2439,0.0,52.35
TRD30000539,ORD20004512,C100062,2026-09-09,9381.75,0.0,9.3818,0.2786,0.0094,1.4073,0.0518,0.0,11.13
TRD30000538,ORD20004367,C100086,2026-09-09,36774.0,0.0,36.774,1.0922,0.0368,5.5161,0.2032,0.0,43.62
TRD30000540,ORD20002918,C100001,2026-09-09,1149.85,0.345,0.2875,0.0342,0.0011,0.0,0.0684,0.0,0.74
TRD30000541,ORD20002918,C100001,2026-09-09,1149.85,0.345,0.2875,0.0342,0.0011,0.0,0.0684,0.0,0.74
TRD30000542,ORD20003625,C100037,2026-09-09,37874.1,11.3622,0.0,1.1249,0.0379,1.1362,2.2545,0.0,15.92
TRD30000543,ORD20004258,C100100,2026-09-09,36427.4,10.9282,0.0,1.0819,0.0364,1.0928,2.1684,0.0,15.31
TRD30000544,ORD20004258,C100100,2026-09-09,12670.4,3.8011,0.0,0.3763,0.0127,0.3801,0.7542,0.0,5.32
TRD30000545,ORD20004893,C100069,2026-09-09,18925.6,0.0,18.9256,0.5621,0.0189,2.8388,0.1046,0.0,22.45
TRD30000546,ORD20004893,C100069,2026-09-09,14209.5,0.0,14.2095,0.422,0.0142,2.1314,0.0785,0.0,16.86
TRD30000547,ORD20004871,C100015,2026-09-09,5087.6,0.0,5.0876,0.1511,0.0051,0.0,0.0281,15.34,20.61
TRD30000548,ORD20004871,C100015,2026-09-09,726.8,0.0,0.7268,0.0216,0.0007,0.0,0.004,0.0,0.75
TRD30000549,ORD20001428,C100030,2026-09-09,7816.5,0.0,7.8165,0.2322,0.0078,1.1725,0.0432,0.0,9.27
TRD30000550,ORD20004274,C100058,2026-09-09,1794.4,0.0,1.7944,0.0533,0.0018,0.2692,0.0099,0.0,2.13
TRD30000551,ORD20004274,C100058,2026-09-09,1793.35,0.0,1.7934,0.0533,0.0018,0.269,0.0099,0.0,2.13
TRD30000552,ORD20004274,C100058,2026-09-09,1792.6,0.0,1.7926,0.0532,0.0018,0.2689,0.0099,0.0,2.13
TRD30000553,ORD20001803,C100050,2026-09-09,2541.0,0.7623,0.0,0.0755,0.0025,0.0762,0.1513,0.0,1.07
TRD30000554,ORD20001802,C100108,2026-09-09,11554.8,0.0,11.5548,0.3432,0.0116,0.0,0.0639,15.34,27.31
TRD30000555,ORD20001802,C100108,2026-09-09,11554.8,0.0,11.5548,0.3432,0.0116,0.0,0.0639,0.0,11.97
TRD30000556,ORD20001802,C100108,2026-09-09,11554.8,0.0,11.5548,0.3432,0.0116,0.0,0.0639,0.0,11.97
TRD30000557,ORD20002280,C100188,2026-09-09,747.6,0.2243,0.0,0.0222,0.0007,0.0224,0.0445,0.0,0.31
TRD30000558,ORD20002280,C100188,2026-09-09,2614.85,0.7845,0.0,0.0777,0.0026,0.0784,0.1557,0.0,1.1
TRD30000559,ORD20004743,C100150,2026-09-09,2331.4,0.6994,0.0,0.0692,0.0023,0.0699,0.1388,0.0,0.98
TRD30000560,ORD20004743,C100150,2026-09-09,4662.8,1.3988,0.0,0.1385,0.0047,0.1399,0.2776,0.0,1.96
TRD30000561,ORD20002988,C100190,2026-09-09,85558.8,20.0,0.0,2.5411,0.0856,2.5668,4.0728,0.0,29.27
TRD30000562,ORD20001981,C100165,2026-09-09,3297.8,0.9893,3.2978,0.0979,0.0033,0.0,0.1963,15.34,19.92
TRD30000563,ORD20001186,C100009,2026-09-09,47995.2,0.0,47.9952,1.4255,0.048,0.0,0.2652,15.34,65.07
TRD30000564,ORD20001186,C100009,2026-09-09,11987.7,0.0,11.9877,0.356,0.012,0.0,0.0662,0.0,12.42
TRD30000565,ORD20001405,C100196,2026-09-09,14588.1,4.3764,0.0,0.4333,0.0146,0.4376,0.8684,0.0,6.13
TRD30000566,ORD20003721,C100183,2026-09-09,64398.7,19.3196,16.0997,1.9126,0.0644,0.0,3.8334,0.0,41.23
TRD30000567,ORD20001952,C100164,2026-09-09,2832.45,0.8497,0.0,0.0841,0.0028,0.085,0.1686,0.0,1.19
TRD30000568,ORD20001952,C100164,2026-09-09,2831.1,0.8493,0.0,0.0841,0.0028,0.0849,0.1685,0.0,1.19
TRD30000569,ORD20002519,C100133,2026-09-09,11871.3,0.0,11.8713,0.3526,0.0119,1.7807,0.0656,0.0,14.08
TRD30000570,ORD20003046,C100166,2026-09-09,58824.5,17.6474,0.0,1.7471,0.0588,1.7647,3.5016,0.0,24.72
TRD30000571,ORD20003046,C100166,2026-09-09,23529.8,7.0589,0.0,0.6988,0.0235,0.7059,1.4006,0.0,9.89
TRD30000572,ORD20003046,C100166,2026-09-09,47059.6,14.1179,0.0,1.3977,0.0471,1.4118,2.8013,0.0,19.78
TRD30000573,ORD20004562,C100029,2026-09-09,2737.8,0.8213,0.0,0.0813,0.0027,0.0821,0.163,0.0,1.15
TRD30000574,ORD20001161,C100095,2026-09-09,42695.9,12.8088,10.674,1.2681,0.0427,0.0,2.5415,0.0,27.34
TRD30000578,ORD20003768,C100196,2026-09-09,2897.4,0.0,2.8974,0.0861,0.0029,0.4346,0.016,0.0,3.44
TRD30000575,ORD20003829,C100020,2026-09-09,1646.7,0.494,0.0,0.0489,0.0016,0.0494,0.098,0.0,0.69
TRD30000576,ORD20003829,C100020,2026-09-09,3293.4,0.988,0.0,0.0978,0.0033,0.0988,0.196,0.0,1.38
TRD30000577,ORD20000246,C100034,2026-09-09,30701.0,9.2103,0.0,0.9118,0.0307,0.921,1.8275,0.0,12.9
TRD30000579,ORD20004101,C100194,2026-09-09,12318.75,3.6956,0.0,0.3659,0.0123,0.3696,0.7333,0.0,5.18
TRD30000580,ORD20000152,C100193,2026-09-09,2508.4,0.7525,0.0,0.0745,0.0025,0.0753,0.1493,0.0,1.05
TRD30000581,ORD20001931,C100086,2026-09-09,1383.6,0.0,1.3836,0.0411,0.0014,0.2075,0.0076,0.0,1.64
TRD30000582,ORD20001931,C100086,2026-09-09,7377.6,0.0,7.3776,0.2191,0.0074,1.1066,0.0408,0.0,8.75
TRD30000583,ORD20003025,C100151,2026-09-09,31978.8,0.0,31.9788,0.9498,0.032,0.0,0.1767,15.34,48.48
TRD30000584,ORD20001273,C100146,2026-09-09,7655.2,2.2966,1.9138,0.2274,0.0077,0.0,0.4557,0.0,4.9
TRD30000585,ORD20001273,C100146,2026-09-09,3834.6,1.1504,0.9586,0.1139,0.0038,0.0,0.2283,0.0,2.46
TRD30000586,ORD20002639,C100079,2026-09-09,6987.2,0.0,6.9872,0.2075,0.007,0.0,0.0386,15.34,22.58
TRD30000587,ORD20002639,C100079,2026-09-09,436.7,0.0,0.4367,0.013,0.0004,0.0,0.0024,0.0,0.45
TRD30000588,ORD20001753,C100189,2026-09-09,101959.6,20.0,0.0,3.0282,0.102,3.0588,4.1634,0.0,30.35
TRD30000589,ORD20004253,C100062,2026-09-09,13608.0,0.0,13.608,0.4042,0.0136,2.0412,0.0752,0.0,16.14
TRD30000590,ORD20004253,C100062,2026-09-09,21168.0,0.0,21.168,0.6287,0.0212,3.1752,0.117,0.0,25.11
TRD30000591,ORD20004253,C100062,2026-09-09,1512.0,0.0,1.512,0.0449,0.0015,0.2268,0.0084,0.0,1.79
TRD30000592,ORD20002000,C100103,2026-09-09,2423.55,0.7271,0.0,0.072,0.0024,0.0727,0.1443,0.0,1.02
TRD30000593,ORD20004688,C100118,2026-09-09,23759.3,0.0,23.7593,0.7057,0.0238,0.0,0.1313,15.34,39.96
TRD30000594,ORD20004688,C100118,2026-09-09,23759.3,0.0,23.7593,0.7057,0.0238,0.0,0.1313,0.0,24.62
TRD30000595,ORD20004688,C100118,2026-09-09,11879.65,0.0,11.8796,0.3528,0.0119,0.0,0.0656,0.0,12.31
TRD30000596,ORD20001664,C100153,2026-09-09,57364.8,17.2094,14.3412,1.7037,0.0574,0.0,3.4147,0.0,36.73
TRD30000597,ORD20001003,C100188,2026-09-09,7202.7,2.1608,0.0,0.2139,0.0072,0.2161,0.4287,0.0,3.03
TRD30000598,ORD20001003,C100188,2026-09-09,9603.6,2.8811,0.0,0.2852,0.0096,0.2881,0.5717,0.0,4.04
TRD30000599,ORD20001003,C100188,2026-09-09,21608.1,6.4824,0.0,0.6418,0.0216,0.6482,1.2862,0.0,9.08
TRD30000600,ORD20001364,C100067,2026-09-09,1161.45,0.0,1.1615,0.0345,0.0012,0.0,0.0064,15.34,16.54
TRD30000601,ORD20001364,C100067,2026-09-09,1161.45,0.0,1.1615,0.0345,0.0012,0.0,0.0064,0.0,1.2
TRD30000602,ORD20002643,C100049,2026-09-09,35632.85,0.0,35.6328,1.0583,0.0356,0.0,0.1969,15.34,52.26
TRD30000603,ORD20001044,C100068,2026-09-09,1507.0,0.4521,0.3768,0.0448,0.0015,0.0,0.0897,0.0,0.96
TRD30000604,ORD20001044,C100068,2026-09-09,1507.0,0.4521,0.3768,0.0448,0.0015,0.0,0.0897,0.0,0.96
TRD30000605,ORD20002121,C100150,2026-09-09,40589.2,12.1768,10.1473,1.2055,0.0406,0.0,2.4161,0.0,25.99
TRD30000606,ORD20002121,C100150,2026-09-09,19084.0,5.7252,4.771,0.5668,0.0191,0.0,1.136,0.0,12.22
TRD30000607,ORD20003435,C100053,2026-09-09,12740.8,0.0,12.7408,0.3784,0.0127,1.9111,0.0704,0.0,15.11
TRD30000608,ORD20004020,C100178,2026-09-09,3894.6,0.0,3.8946,0.1157,0.0039,0.5842,0.0215,0.0,4.62
TRD30000609,ORD20000650,C100014,2026-09-09,1889.2,0.5668,0.4723,0.0561,0.0019,0.0,0.1125,0.0,1.21
TRD30000610,ORD20000650,C100014,2026-09-09,10390.6,3.1172,2.5977,0.3086,0.0104,0.0,0.6185,0.0,6.65
TRD30000611,ORD20003427,C100099,2026-09-09,11004.3,3.3013,2.7511,0.3268,0.011,0.0,0.655,0.0,7.05
TRD30000612,ORD20003427,C100099,2026-09-09,14690.4,4.4071,3.6726,0.4363,0.0147,0.0,0.8745,0.0,9.41
TRD30000613,ORD20003427,C100099,2026-09-09,2448.1,0.7344,0.612,0.0727,0.0024,0.0,0.1457,0.0,1.57
TRD30000614,ORD20003661,C100142,2026-09-09,7116.0,0.0,7.116,0.2113,0.0071,0.0,0.0393,15.34,22.71
TRD30000615,ORD20003661,C100142,2026-09-09,13342.5,0.0,13.3425,0.3963,0.0133,0.0,0.0737,0.0,13.83
TRD30000616,ORD20003661,C100142,2026-09-09,2668.5,0.0,2.6685,0.0793,0.0027,0.0,0.0147,0.0,2.77
TRD30000617,ORD20002690,C100148,2026-09-09,10513.95,0.0,10.514,0.3123,0.0105,0.0,0.0581,15.34,26.23
TRD30000618,ORD20002690,C100148,2026-09-09,23928.3,0.0,23.9283,0.7107,0.0239,0.0,0.1322,0.0,24.8
TRD30000619,ORD20002690,C100148,2026-09-09,2537.85,0.0,2.5378,0.0754,0.0025,0.0,0.014,0.0,2.63
TRD30000620,ORD20004635,C100011,2026-09-09,3590.0,1.077,0.8975,0.1066,0.0036,0.0,0.2137,0.0,2.3
TRD30000621,ORD20004635,C100011,2026-09-09,9436.35,2.8309,2.3591,0.2803,0.0094,0.0,0.5617,0.0,6.04
TRD30000622,ORD20004635,C100011,2026-09-09,66452.0,19.9356,16.613,1.9736,0.0665,0.0,3.9556,0.0,42.54
TRD30000623,ORD20003117,C100076,2026-09-09,4759.75,0.0,4.7598,0.1414,0.0048,0.714,0.0263,0.0,5.65
TRD30000624,ORD20003117,C100076,2026-09-09,3807.8,0.0,3.8078,0.1131,0.0038,0.5712,0.021,0.0,4.52
TRD30000625,ORD20004507,C100199,2026-09-09,15055.95,4.5168,0.0,0.4472,0.0151,0.4517,0.8962,0.0,6.33
TRD30000626,ORD20004507,C100199,2026-09-09,3474.45,1.0423,0.0,0.1032,0.0035,0.1042,0.2068,0.0,1.46
TRD30000627,ORD20004507,C100199,2026-09-09,66014.55,19.8044,0.0,1.9606,0.066,1.9804,3.9296,0.0,27.74
TRD30000628,ORD20000724,C100131,2026-09-09,270.15,0.0,0.2702,0.008,0.0003,0.0,0.0015,15.34,15.62
TRD30000629,ORD20000724,C100131,2026-09-09,1891.05,0.0,1.891,0.0562,0.0019,0.0,0.0104,0.0,1.96
TRD30000630,ORD20000724,C100131,2026-09-09,1891.05,0.0,1.891,0.0562,0.0019,0.0,0.0104,0.0,1.96
TRD30000631,ORD20002986,C100070,2026-09-09,12011.95,0.0,12.012,0.3568,0.012,0.0,0.0664,15.34,27.79
TRD30000632,ORD20003413,C100183,2026-09-09,2300.4,0.0,2.3004,0.0683,0.0023,0.3451,0.0127,0.0,2.73
TRD30000633,ORD20003413,C100183,2026-09-09,1150.2,0.0,1.1502,0.0342,0.0012,0.1725,0.0064,0.0,1.36
TRD30000634,ORD20000587,C100082,2026-09-09,2847.8,0.0,2.8478,0.0846,0.0028,0.0,0.0157,15.34,18.29
TRD30000635,ORD20004560,C100145,2026-09-09,3534.4,1.0603,0.0,0.105,0.0035,0.106,0.2104,0.0,1.49
TRD30000636,ORD20001334,C100037,2026-09-09,6851.0,0.0,6.851,0.2035,0.0069,1.0276,0.0379,0.0,8.13
TRD30000637,ORD20001334,C100037,2026-09-09,1712.75,0.0,1.7128,0.0509,0.0017,0.2569,0.0095,0.0,2.03
TRD30000638,ORD20000981,C100090,2026-09-09,18127.5,0.0,18.1275,0.5384,0.0181,0.0,0.1002,15.34,34.12
TRD30000639,ORD20000881,C100052,2026-09-09,35280.3,10.5841,8.8201,1.0478,0.0353,0.0,2.1001,0.0,22.59
TRD30000640,ORD20002245,C100044,2026-09-09,11432.75,3.4298,0.0,0.3396,0.0114,0.343,0.6805,0.0,4.8
TRD30000641,ORD20002245,C100044,2026-09-09,57220.0,17.166,0.0,1.6994,0.0572,1.7166,3.4061,0.0,24.05
TRD30000642,ORD20003910,C100191,2026-09-09,29786.35,8.9359,7.4466,0.8847,0.0298,0.0,1.7731,0.0,19.07
TRD30000643,ORD20003910,C100191,2026-09-09,79775.45,20.0,19.9439,2.3693,0.0798,0.0,4.0408,0.0,46.43
TRD30000644,ORD20003255,C100036,2026-09-09,95137.35,0.0,95.1374,2.8256,0.0951,0.0,0.5257,15.34,113.92
TRD30000645,ORD20003255,C100036,2026-09-09,2471.1,0.0,2.4711,0.0734,0.0025,0.0,0.0137,0.0,2.56
TRD30000646,ORD20003249,C100064,2026-09-09,1794.15,0.5382,1.7942,0.0533,0.0018,0.0,0.1068,15.34,17.83
TRD30000647,ORD20003249,C100064,2026-09-09,12559.05,3.7677,12.559,0.373,0.0126,0.0,0.7476,0.0,17.46
TRD30000648,ORD20003288,C100099,2026-09-09,3508.4,0.0,3.5084,0.1042,0.0035,0.0,0.0194,15.34,18.98
TRD30000649,ORD20004300,C100191,2026-09-09,40254.3,12.0763,10.0636,1.1956,0.0403,0.0,2.3962,0.0,25.77
TRD30000650,ORD20004300,C100191,2026-09-09,37886.4,11.3659,9.4716,1.1252,0.0379,0.0,2.2552,0.0,24.26
TRD30000651,ORD20002182,C100093,2026-09-09,5520.4,1.6561,1.3801,0.164,0.0055,0.0,0.3286,0.0,3.53
TRD30000652,ORD20002182,C100093,2026-09-09,2761.8,0.8285,0.6904,0.082,0.0028,0.0,0.1644,0.0,1.77
TRD30000653,ORD20002876,C100095,2026-09-09,12380.8,3.7142,3.0952,0.3677,0.0124,0.0,0.737,0.0,7.93
TRD30000654,ORD20003220,C100037,2026-09-09,99193.5,20.0,24.7984,2.946,0.0992,0.0,4.1481,0.0,51.99
TRD30000655,ORD20003695,C100057,2026-09-09,111813.1,20.0,0.0,3.3208,0.1118,3.3544,4.2179,0.0,31.0
TRD30000656,ORD20002006,C100000,2026-09-09,1456.65,0.437,0.3642,0.0433,0.0015,0.0,0.0867,0.0,0.93
TRD30000657,ORD20002006,C100000,2026-09-09,18944.25,5.6833,4.7361,0.5626,0.0189,0.0,1.1277,0.0,12.13
TRD30000658,ORD20003935,C100014,2026-09-09,9062.0,0.0,9.062,0.2691,0.0091,1.3593,0.0501,0.0,10.75
TRD30000659,ORD20002353,C100109,2026-09-09,1717.6,0.5153,0.4294,0.051,0.0017,0.0,0.1022,0.0,1.1
TRD30000660,ORD20002353,C100109,2026-09-09,5152.8,1.5458,1.2882,0.153,0.0052,0.0,0.3067,0.0,3.3
TRD30000661,ORD20002353,C100109,2026-09-09,17176.0,5.1528,4.294,0.5101,0.0172,0.0,1.0224,0.0,11.0
TRD30000662,ORD20001137,C100002,2026-09-09,59916.0,17.9748,14.979,1.7795,0.0599,0.0,3.5666,0.0,38.36
TRD30000663,ORD20001137,C100002,2026-09-09,82883.8,20.0,20.721,2.4616,0.0829,0.0,4.058,0.0,47.32
TRD30000664,ORD20001029,C100044,2026-09-09,2381.5,0.7144,0.5954,0.0707,0.0024,0.0,0.1418,0.0,1.52
TRD30000665,ORD20001029,C100044,2026-09-09,2381.5,0.7144,0.5954,0.0707,0.0024,0.0,0.1418,0.0,1.52
TRD30000666,ORD20002626,C100182,2026-09-09,12359.55,3.7079,12.3595,0.3671,0.0124,1.8539,0.7357,0.0,19.04
TRD30000667,ORD20004240,C100069,2026-09-09,5509.8,1.6529,1.3774,0.1636,0.0055,0.0,0.328,0.0,3.53
TRD30000668,ORD20000307,C100127,2026-09-09,19449.6,5.8349,4.8624,0.5777,0.0194,0.0,1.1578,0.0,12.45
TRD30000669,ORD20000307,C100127,2026-09-09,3241.6,0.9725,0.8104,0.0963,0.0032,0.0,0.193,0.0,2.08
TRD30000670,ORD20000307,C100127,2026-09-09,4862.4,1.4587,1.2156,0.1444,0.0049,0.0,0.2894,0.0,3.11
TRD30000671,ORD20001795,C100107,2026-09-09,42654.0,12.7962,0.0,1.2668,0.0427,1.2796,2.539,0.0,17.92
TRD30000672,ORD20001795,C100107,2026-09-09,1777.25,0.5332,0.0,0.0528,0.0018,0.0533,0.1058,0.0,0.75
TRD30000673,ORD20001795,C100107,2026-09-09,13862.55,4.1588,0.0,0.4117,0.0139,0.4159,0.8252,0.0,5.83
TRD30000674,ORD20003794,C100143,2026-09-09,2996.7,0.899,0.0,0.089,0.003,0.0899,0.1784,0.0,1.26
TRD30000675,ORD20003794,C100143,2026-09-09,10268.4,3.0805,0.0,0.305,0.0103,0.3081,0.6112,0.0,4.32
TRD30000676,ORD20001773,C100007,2026-09-09,29395.2,8.8186,7.3488,0.873,0.0294,0.0,1.7498,0.0,18.82
TRD30000677,ORD20001773,C100007,2026-09-09,14692.2,4.4077,3.6731,0.4364,0.0147,0.0,0.8746,0.0,9.41
TRD30000678,ORD20001773,C100007,2026-09-09,12245.0,3.6735,3.0613,0.3637,0.0122,0.0,0.7289,0.0,7.84
TRD30000679,ORD20004741,C100198,2026-09-09,11465.8,3.4397,2.8664,0.3405,0.0115,0.0,0.6825,0.0,7.34
TRD30000680,ORD20004741,C100198,2026-09-09,8599.35,2.5798,2.1498,0.2554,0.0086,0.0,0.5119,0.0,5.51
TRD30000681,ORD20004741,C100198,2026-09-09,11465.8,3.4397,2.8664,0.3405,0.0115,0.0,0.6825,0.0,7.34
TRD30000682,ORD20000705,C100135,2026-09-09,18851.2,5.6554,0.0,0.5599,0.0189,0.5655,1.1221,0.0,7.92
TRD30000683,ORD20000705,C100135,2026-09-09,7073.1,2.1219,0.0,0.2101,0.0071,0.2122,0.421,0.0,2.97
TRD30000684,ORD20000705,C100135,2026-09-09,4724.1,1.4172,0.0,0.1403,0.0047,0.1417,0.2812,0.0,1.99
TRD30000685,ORD20001424,C100102,2026-09-09,23845.5,7.1536,0.0,0.7082,0.0238,0.7154,1.4194,0.0,10.02
TRD30000686,ORD20001424,C100102,2026-09-09,4542.4,1.3627,0.0,0.1349,0.0045,0.1363,0.2704,0.0,1.91
TRD30000687,ORD20000103,C100011,2026-09-09,1902.3,0.0,1.9023,0.0565,0.0019,0.0,0.0105,15.34,17.31
TRD30000688,ORD20000103,C100011,2026-09-09,18984.0,0.0,18.984,0.5638,0.019,0.0,0.1049,0.0,19.67
TRD30000689,ORD20004469,C100164,2026-09-09,4702.9,0.0,4.7029,0.1397,0.0047,0.7054,0.026,0.0,5.58
TRD30000690,ORD20004469,C100164,2026-09-09,2351.45,0.0,2.3514,0.0698,0.0024,0.3527,0.013,0.0,2.79
TRD30000691,ORD20001862,C100118,2026-09-09,3071.95,0.0,3.0719,0.0912,0.0031,0.0,0.017,15.34,18.52
TRD30000692,ORD20001862,C100118,2026-09-09,7463.0,0.0,7.463,0.2217,0.0075,0.0,0.0412,0.0,7.73
TRD30000693,ORD20001862,C100118,2026-09-09,12308.8,0.0,12.3088,0.3656,0.0123,0.0,0.068,0.0,12.75
TRD30000694,ORD20001332,C100054,2026-09-09,91548.9,20.0,0.0,2.719,0.0915,2.7465,4.1059,0.0,29.66
TRD30000695,ORD20001445,C100084,2026-09-09,5108.1,1.5324,5.1081,0.1517,0.0051,0.7662,0.3041,0.0,7.87
TRD30000696,ORD20004378,C100195,2026-09-09,26280.65,7.8842,6.5702,0.7805,0.0263,0.0,1.5644,0.0,16.83
TRD30000697,ORD20004378,C100195,2026-09-09,2389.15,0.7167,0.5973,0.071,0.0024,0.0,0.1422,0.0,1.53
TRD30000698,ORD20004378,C100195,2026-09-09,21502.35,6.4507,5.3756,0.6386,0.0215,0.0,1.2799,0.0,13.77
TRD30000699,ORD20003487,C100063,2026-09-09,57594.75,17.2784,0.0,1.7106,0.0576,1.7278,3.4284,0.0,24.2
TRD30000700,ORD20003487,C100063,2026-09-09,7023.75,2.1071,0.0,0.2086,0.007,0.2107,0.4181,0.0,2.95
TRD30000701,ORD20001074,C100016,2026-09-09,20742.2,6.2227,5.1856,0.616,0.0207,0.0,1.2347,0.0,13.28
TRD30000702,ORD20001074,C100016,2026-09-09,30552.7,9.1658,7.6382,0.9074,0.0306,0.0,1.8187,0.0,19.56
TRD30000703,ORD20004329,C100099,2026-09-09,70325.25,20.0,17.5813,2.0887,0.0703,0.0,3.9886,0.0,43.73
TRD30000704,ORD20000946,C100092,2026-09-09,8457.6,0.0,8.4576,0.2512,0.0085,1.2686,0.0467,0.0,10.03
TRD30000705,ORD20000946,C100092,2026-09-09,16915.2,0.0,16.9152,0.5024,0.0169,2.5373,0.0935,0.0,20.07
TRD30000706,ORD20003786,C100003,2026-09-09,16626.75,4.988,4.1567,0.4938,0.0166,0.0,0.9897,0.0,10.64
TRD30000707,ORD20003786,C100003,2026-09-09,58747.85,17.6244,14.687,1.7448,0.0587,0.0,3.497,0.0,37.61
TRD30000708,ORD20004531,C100049,2026-09-09,112759.5,20.0,0.0,3.349,0.1128,3.3828,4.2231,0.0,31.07
TRD30000709,ORD20002197,C100199,2026-09-09,25772.55,7.7318,0.0,0.7654,0.0258,0.7732,1.5341,0.0,10.83
TRD30000710,ORD20002197,C100199,2026-09-09,12660.2,3.7981,0.0,0.376,0.0127,0.3798,0.7536,0.0,5.32
TRD30000711,ORD20003472,C100017,2026-09-09,6738.6,2.0216,0.0,0.2001,0.0067,0.2022,0.4011,0.0,2.83
TRD30000712,ORD20002399,C100087,2026-09-09,1654.25,0.4963,0.4136,0.0491,0.0017,0.0,0.0985,0.0,1.06
TRD30000713,ORD20002399,C100087,2026-09-09,1655.55,0.4967,0.4139,0.0492,0.0017,0.0,0.0985,0.0,1.06
TRD30000714,ORD20003116,C100024,2026-09-09,11659.0,3.4977,2.9148,0.3463,0.0117,0.0,0.694,0.0,7.46
TRD30000715,ORD20003116,C100024,2026-09-09,11659.0,3.4977,2.9148,0.3463,0.0117,0.0,0.694,0.0,7.46
TRD30000716,ORD20004492,C100149,2026-09-09,13639.5,4.0918,0.0,0.4051,0.0136,0.4092,0.8119,0.0,5.73
TRD30000717,ORD20004492,C100149,2026-09-09,4546.5,1.3639,0.0,0.135,0.0045,0.1364,0.2706,0.0,1.91
TRD30000718,ORD20003993,C100058,2026-09-09,15185.95,4.5558,3.7965,0.451,0.0152,0.0,0.904,0.0,9.72
TRD30000719,ORD20003993,C100058,2026-09-09,3502.95,1.0509,0.8757,0.104,0.0035,0.0,0.2085,0.0,2.24
TRD30000720,ORD20003097,C100029,2026-09-09,2309.45,0.6928,0.0,0.0686,0.0023,0.0693,0.1375,0.0,0.97
TRD30000721,ORD20003097,C100029,2026-09-09,2309.45,0.6928,0.0,0.0686,0.0023,0.0693,0.1375,0.0,0.97
TRD30000722,ORD20003097,C100029,2026-09-09,4618.9,1.3857,0.0,0.1372,0.0046,0.1386,0.2749,0.0,1.94
TRD30000723,ORD20000426,C100107,2026-09-09,2924.05,0.8772,0.731,0.0868,0.0029,0.0,0.1741,0.0,1.87
TRD30000724,ORD20000426,C100107,2026-09-09,2924.05,0.8772,0.731,0.0868,0.0029,0.0,0.1741,0.0,1.87
TRD30000725,ORD20000297,C100012,2026-09-09,2938.25,0.0,2.9382,0.0873,0.0029,0.0,0.0162,15.34,18.38
TRD30000726,ORD20004483,C100144,2026-09-09,38949.6,11.6849,9.7374,1.1568,0.0389,0.0,2.3185,0.0,24.94
TRD30000727,ORD20004483,C100144,2026-09-09,2433.7,0.7301,0.6084,0.0723,0.0024,0.0,0.1449,0.0,1.56
TRD30000728,ORD20002376,C100107,2026-09-09,139534.95,0.0,139.535,4.1442,0.1395,0.0,0.7711,15.34,159.93
TRD30000729,ORD20004421,C100068,2026-09-09,2817.9,0.8454,0.0,0.0837,0.0028,0.0845,0.1677,0.0,1.18
TRD30000730,ORD20002735,C100128,2026-09-09,810.45,0.0,0.8105,0.0241,0.0008,0.1216,0.0045,0.0,0.96
TRD30000731,ORD20002735,C100128,2026-09-09,4322.4,0.0,4.3224,0.1284,0.0043,0.6484,0.0239,0.0,5.13
TRD30000732,ORD20002735,C100128,2026-09-09,9455.25,0.0,9.4552,0.2808,0.0095,1.4183,0.0522,0.0,11.22
TRD30000733,ORD20002557,C100175,2026-09-09,13752.75,4.1258,3.4382,0.4085,0.0138,0.0,0.8186,0.0,8.8
TRD30000734,ORD20001845,C100112,2026-09-09,24395.25,7.3186,0.0,0.7245,0.0244,0.7319,1.4522,0.0,10.25
TRD30000735,ORD20004266,C100137,2026-09-09,11989.6,3.5969,2.9974,0.3561,0.012,0.0,0.7137,0.0,7.68
TRD30000736,ORD20002087,C100152,2026-09-09,1187.6,0.3563,0.0,0.0353,0.0012,0.0356,0.0707,0.0,0.5
TRD30000737,ORD20002087,C100152,2026-09-09,3562.8,1.0688,0.0,0.1058,0.0036,0.1069,0.2121,0.0,1.5
TRD30000738,ORD20000392,C100021,2026-09-09,79953.1,0.0,79.9531,2.3746,0.08,11.993,0.4418,0.0,94.84
TRD30000739,ORD20000392,C100021,2026-09-09,38287.4,0.0,38.2874,1.1371,0.0383,5.7431,0.2116,0.0,45.42
TRD30000741,ORD20002153,C100013,2026-09-09,47028.8,14.1086,47.0288,1.3968,0.047,0.0,2.7994,15.34,80.72
TRD30000740,ORD20002170,C100011,2026-09-09,65719.05,0.0,65.7191,1.9519,0.0657,0.0,0.3632,15.34,83.44
TRD30000742,ORD20002153,C100013,2026-09-09,30908.75,9.2726,30.9088,0.918,0.0309,0.0,1.8399,0.0,42.97
TRD30000743,ORD20002153,C100013,2026-09-09,32111.3,9.6334,32.1113,0.9537,0.0321,0.0,1.9115,0.0,44.64
TRD30000744,ORD20000846,C100076,2026-09-09,10186.2,3.0559,2.5466,0.3025,0.0102,0.0,0.6063,0.0,6.52
TRD30000745,ORD20000846,C100076,2026-09-09,15279.3,4.5838,3.8198,0.4538,0.0153,0.0,0.9095,0.0,9.78
TRD30000746,ORD20003202,C100198,2026-09-09,11694.75,0.0,11.6948,0.3473,0.0117,0.0,0.0646,15.34,27.46
TRD30000747,ORD20003202,C100198,2026-09-09,23389.5,0.0,23.3895,0.6947,0.0234,0.0,0.1293,0.0,24.24
TRD30000748,ORD20000997,C100006,2026-09-09,8973.9,2.6922,0.0,0.2665,0.009,0.2692,0.5342,0.0,3.77
TRD30000749,ORD20001188,C100172,2026-09-09,2863.35,0.859,0.7158,0.085,0.0029,0.0,0.1704,0.0,1.83
TRD30000750,ORD20003364,C100035,2026-09-09,439.95,0.132,0.11,0.0131,0.0004,0.0,0.0262,0.0,0.28
TRD30000751,ORD20003364,C100035,2026-09-09,2198.0,0.6594,0.5495,0.0653,0.0022,0.0,0.1308,0.0,1.41
TRD30000752,ORD20002339,C100083,2026-09-09,6946.5,2.0839,1.7366,0.2063,0.0069,0.0,0.4135,0.0,4.45
TRD30000753,ORD20001128,C100134,2026-09-09,11316.7,0.0,11.3167,0.3361,0.0113,0.0,0.0625,15.34,27.07
TRD30000754,ORD20002439,C100135,2026-09-09,70779.0,20.0,17.6948,2.1021,0.0708,0.0,3.9911,0.0,43.86
TRD30000755,ORD20003725,C100185,2026-09-09,11626.25,3.4879,0.0,0.3453,0.0116,0.3488,0.6921,0.0,4.89
TRD30000756,ORD20002797,C100018,2026-09-09,1647.4,0.4942,0.0,0.0489,0.0016,0.0494,0.0981,0.0,0.69
TRD30000757,ORD20003290,C100192,2026-09-09,4105.5,1.2316,1.0264,0.1219,0.0041,0.0,0.2444,0.0,2.63
TRD30000758,ORD20003290,C100192,2026-09-09,5474.0,1.6422,1.3685,0.1626,0.0055,0.0,0.3258,0.0,3.5
TRD30000759,ORD20003290,C100192,2026-09-09,4105.5,1.2316,1.0264,0.1219,0.0041,0.0,0.2444,0.0,2.63
TRD30000760,ORD20003878,C100094,2026-09-09,6736.8,2.021,1.6842,0.2001,0.0067,0.0,0.401,0.0,4.31
TRD30000761,ORD20002447,C100079,2026-09-09,15319.2,4.5958,0.0,0.455,0.0153,0.4596,0.9119,0.0,6.44
TRD30000762,ORD20002447,C100079,2026-09-09,62153.0,18.6459,0.0,1.8459,0.0622,1.8646,3.6997,0.0,26.12
TRD30000763,ORD20004909,C100129,2026-09-09,10624.95,3.1875,2.6562,0.3156,0.0106,0.0,0.6325,0.0,6.8
TRD30000764,ORD20004909,C100129,2026-09-09,6071.4,1.8214,1.5178,0.1803,0.0061,0.0,0.3614,0.0,3.89
TRD30000765,ORD20001626,C100103,2026-09-09,24768.8,0.0,24.7688,0.7356,0.0248,3.7153,0.1369,0.0,29.38
TRD30000766,ORD20002719,C100106,2026-09-09,13347.95,0.0,13.348,0.3964,0.0133,2.0022,0.0738,0.0,15.83
TRD30000767,ORD20002719,C100106,2026-09-09,13345.75,0.0,13.3458,0.3964,0.0133,2.0019,0.0737,0.0,15.83
TRD30000768,ORD20002159,C100039,2026-09-09,37122.3,0.0,37.1223,1.1025,0.0371,5.5683,0.2051,0.0,44.04
TRD30000769,ORD20000070,C100198,2026-09-09,8069.0,0.0,8.069,0.2396,0.0081,0.0,0.0446,15.34,23.7
TRD30000770,ORD20000070,C100198,2026-09-09,2420.7,0.0,2.4207,0.0719,0.0024,0.0,0.0134,0.0,2.51
TRD30000771,ORD20000070,C100198,2026-09-09,5648.3,0.0,5.6483,0.1678,0.0056,0.0,0.0312,0.0,5.85
TRD30000772,ORD20002077,C100169,2026-09-09,107536.5,20.0,26.8841,3.1938,0.1075,0.0,4.1942,0.0,54.38
TRD30000773,ORD20003919,C100063,2026-09-09,55976.65,0.0,55.9766,1.6625,0.056,8.3965,0.3093,0.0,66.4
TRD30000774,ORD20001508,C100148,2026-09-09,34817.5,0.0,34.8175,1.0341,0.0348,5.2226,0.1924,0.0,41.3
TRD30000775,ORD20000914,C100056,2026-09-09,3322.0,0.9966,0.0,0.0987,0.0033,0.0997,0.1977,0.0,1.4
TRD30000776,ORD20000914,C100056,2026-09-09,4983.0,1.4949,0.0,0.148,0.005,0.1495,0.2966,0.0,2.09
TRD30000777,ORD20000914,C100056,2026-09-09,9966.0,2.9898,0.0,0.296,0.01,0.299,0.5932,0.0,4.19
TRD30000778,ORD20004571,C100134,2026-09-09,49672.35,14.9017,0.0,1.4753,0.0497,1.4902,2.9568,0.0,20.87
TRD30000779,ORD20004571,C100134,2026-09-09,26018.85,7.8057,0.0,0.7728,0.026,0.7806,1.5488,0.0,10.93
TRD30000780,ORD20001702,C100052,2026-09-09,5041.2,1.5124,1.2603,0.1497,0.005,0.0,0.3001,0.0,3.23
TRD30000781,ORD20003098,C100176,2026-09-09,1800.75,0.0,1.8008,0.0535,0.0018,0.0,0.01,15.34,17.21
TRD30000782,ORD20003098,C100176,2026-09-09,4679.35,0.0,4.6794,0.139,0.0047,0.0,0.0259,0.0,4.85
TRD30000783,ORD20004450,C100003,2026-09-09,4405.0,0.0,4.405,0.1308,0.0044,0.0,0.0243,15.34,19.9
TRD30000784,ORD20004450,C100003,2026-09-09,92505.0,0.0,92.505,2.7474,0.0925,0.0,0.5112,0.0,95.86
TRD30000786,ORD20004458,C100199,2026-09-09,1447.8,0.4343,0.362,0.043,0.0014,0.0,0.0862,0.0,0.93
TRD30000787,ORD20004458,C100199,2026-09-09,723.9,0.2172,0.181,0.0215,0.0007,0.0,0.0431,0.0,0.46
TRD30000785,ORD20001715,C100132,2026-09-09,6067.25,0.0,6.0673,0.1802,0.0061,0.9101,0.0335,0.0,7.2
TRD30000788,ORD20004458,C100199,2026-09-09,723.9,0.2172,0.181,0.0215,0.0007,0.0,0.0431,0.0,0.46
TRD30000789,ORD20003175,C100139,2026-09-09,17283.0,5.1849,0.0,0.5133,0.0173,0.5185,1.0288,0.0,7.26
TRD30000790,ORD20003175,C100139,2026-09-09,5761.0,1.7283,0.0,0.1711,0.0058,0.1728,0.3429,0.0,2.42
TRD30000791,ORD20000569,C100074,2026-09-09,9563.2,2.869,0.0,0.284,0.0096,0.2869,0.5693,0.0,4.02
TRD30000792,ORD20000569,C100074,2026-09-09,8367.8,2.5103,0.0,0.2485,0.0084,0.251,0.4981,0.0,3.52
TRD30000793,ORD20000569,C100074,2026-09-09,14344.8,4.3034,0.0,0.426,0.0143,0.4303,0.8539,0.0,6.03
TRD30000794,ORD20000212,C100132,2026-09-09,2906.4,0.8719,0.0,0.0863,0.0029,0.0872,0.173,0.0,1.22
TRD30000795,ORD20000133,C100173,2026-09-09,1608.85,0.4827,0.4022,0.0478,0.0016,0.0,0.0958,0.0,1.03
TRD30000796,ORD20000133,C100173,2026-09-09,1609.7,0.4829,0.4024,0.0478,0.0016,0.0,0.0958,0.0,1.03
TRD30000797,ORD20002267,C100010,2026-09-09,11692.6,3.5078,2.9232,0.3473,0.0117,0.0,0.696,0.0,7.49
TRD30000798,ORD20002267,C100010,2026-09-09,46847.4,14.0542,11.7118,1.3914,0.0468,0.0,2.7886,0.0,29.99
TRD30000799,ORD20003287,C100048,2026-09-09,2540.45,0.0,2.5404,0.0755,0.0025,0.3811,0.014,0.0,3.01
TRD30000800,ORD20002878,C100157,2026-09-09,13764.6,0.0,13.7646,0.4088,0.0138,2.0647,0.0761,0.0,16.33
TRD30000801,ORD20002878,C100157,2026-09-09,12222.8,0.0,12.2228,0.363,0.0122,1.8334,0.0675,0.0,14.5
TRD30000802,ORD20002878,C100157,2026-09-09,1529.75,0.0,1.5298,0.0454,0.0015,0.2295,0.0085,0.0,1.81
TRD30000803,ORD20000720,C100078,2026-09-09,68200.75,20.0,17.0502,2.0256,0.0682,0.0,3.9769,0.0,43.12
TRD30000804,ORD20001086,C100084,2026-09-09,49052.85,14.7159,49.0528,1.4569,0.0491,7.3579,2.9199,0.0,75.55
TRD30000805,ORD20002298,C100037,2026-09-09,1671.4,0.5014,0.4179,0.0496,0.0017,0.0,0.0995,0.0,1.07
TRD30000806,ORD20002298,C100037,2026-09-09,1671.55,0.5015,0.4179,0.0496,0.0017,0.0,0.0995,0.0,1.07
TRD30000807,ORD20002298,C100037,2026-09-09,1669.6,0.5009,0.4174,0.0496,0.0017,0.0,0.0994,0.0,1.07
TRD30000808,ORD20004044,C100025,2026-09-09,12001.0,3.6003,3.0002,0.3564,0.012,0.0,0.7144,0.0,7.68
TRD30000809,ORD20004044,C100025,2026-09-09,12001.0,3.6003,3.0002,0.3564,0.012,0.0,0.7144,0.0,7.68
TRD30000810,ORD20004922,C100101,2026-09-09,28958.4,8.6875,0.0,0.8601,0.029,0.8688,1.7238,0.0,12.17
TRD30000811,ORD20004922,C100101,2026-09-09,6434.0,1.9302,0.0,0.1911,0.0064,0.193,0.383,0.0,2.7
TRD30000812,ORD20004074,C100059,2026-09-09,68458.2,0.0,68.4582,2.0332,0.0685,10.2687,0.3783,0.0,81.21
TRD30000813,ORD20000149,C100109,2026-09-09,1485.0,0.4455,0.0,0.0441,0.0015,0.0446,0.0884,0.0,0.62
TRD30000814,ORD20000149,C100109,2026-09-09,2970.0,0.891,0.0,0.0882,0.003,0.0891,0.1768,0.0,1.25
TRD30000815,ORD20000149,C100109,2026-09-09,2970.0,0.891,0.0,0.0882,0.003,0.0891,0.1768,0.0,1.25
TRD30000816,ORD20000627,C100080,2026-09-09,9053.4,2.716,2.2634,0.2689,0.0091,0.0,0.5389,0.0,5.8
TRD30000817,ORD20000627,C100080,2026-09-09,18106.8,5.432,4.5267,0.5378,0.0181,0.0,1.0778,0.0,11.59
TRD30000818,ORD20000627,C100080,2026-09-09,15843.45,4.753,3.9609,0.4706,0.0158,0.0,0.9431,0.0,10.14
TRD30000819,ORD20000353,C100030,2026-09-09,22707.5,6.8122,5.6769,0.6744,0.0227,0.0,1.3517,0.0,14.54
TRD30000820,ORD20004665,C100158,2026-09-09,4746.4,1.4239,0.0,0.141,0.0047,0.1424,0.2825,0.0,1.99
TRD30000821,ORD20004356,C100105,2026-09-09,29390.55,0.0,29.3906,0.8729,0.0294,0.0,0.1624,15.34,45.8
TRD30000822,ORD20004356,C100105,2026-09-09,67252.7,0.0,67.2527,1.9974,0.0673,0.0,0.3716,0.0,69.69
TRD30000823,ORD20001096,C100011,2026-09-09,24398.9,7.3197,6.0997,0.7246,0.0244,0.0,1.4524,0.0,15.62
TRD30000824,ORD20001096,C100011,2026-09-09,24398.9,7.3197,6.0997,0.7246,0.0244,0.0,1.4524,0.0,15.62
TRD30000825,ORD20002554,C100182,2026-09-09,39098.8,11.7296,0.0,1.1612,0.0391,1.173,2.3274,0.0,16.43
TRD30000826,ORD20002034,C100080,2026-09-09,12311.95,0.0,12.312,0.3657,0.0123,0.0,0.068,15.34,28.1
TRD30000827,ORD20000181,C100007,2026-09-09,1995.4,0.5986,0.0,0.0593,0.002,0.0599,0.1188,0.0,0.84
TRD30000828,ORD20000181,C100007,2026-09-09,2993.1,0.8979,0.0,0.0889,0.003,0.0898,0.1782,0.0,1.26
TRD30000829,ORD20000181,C100007,2026-09-09,1995.4,0.5986,0.0,0.0593,0.002,0.0599,0.1188,0.0,0.84
TRD30000830,ORD20000134,C100025,2026-09-09,7808.5,2.3425,0.0,0.2319,0.0078,0.2343,0.4648,0.0,3.28
TRD30000831,ORD20000134,C100025,2026-09-09,2231.0,0.6693,0.0,0.0663,0.0022,0.0669,0.1328,0.0,0.94
TRD30000832,ORD20001034,C100136,2026-09-09,2424.3,0.0,2.4243,0.072,0.0024,0.0,0.0134,15.34,17.85
TRD30000833,ORD20003264,C100186,2026-09-09,12169.25,3.6508,3.0423,0.3614,0.0122,0.0,0.7244,0.0,7.79
TRD30000834,ORD20003264,C100186,2026-09-09,12169.25,3.6508,3.0423,0.3614,0.0122,0.0,0.7244,0.0,7.79
TRD30000835,ORD20003940,C100106,2026-09-10,14652.8,0.0,14.6528,0.4352,0.0147,2.1979,0.081,0.0,17.38
TRD30000836,ORD20000706,C100050,2026-09-10,5361.8,1.6085,0.0,0.1592,0.0054,0.1609,0.3192,0.0,2.25
TRD30000837,ORD20004333,C100136,2026-09-10,973.15,0.0,0.9732,0.0289,0.001,0.146,0.0054,0.0,1.15
TRD30000838,ORD20004333,C100136,2026-09-10,58488.0,0.0,58.488,1.7371,0.0585,8.7732,0.3232,0.0,69.38
TRD30000839,ORD20004333,C100136,2026-09-10,32120.55,0.0,32.1206,0.954,0.0321,4.8181,0.1775,0.0,38.1
TRD30000840,ORD20002959,C100135,2026-09-10,12016.45,0.0,12.0165,0.3569,0.012,1.8025,0.0664,0.0,14.25
TRD30000841,ORD20001472,C100141,2026-09-10,6065.5,0.0,6.0655,0.1801,0.0061,0.9098,0.0335,0.0,7.2
TRD30000842,ORD20003277,C100122,2026-09-10,11154.8,3.3464,2.7887,0.3313,0.0112,0.0,0.664,0.0,7.14
TRD30000843,ORD20003277,C100122,2026-09-10,22309.6,6.6929,5.5774,0.6626,0.0223,0.0,1.328,0.0,14.28
TRD30000844,ORD20003277,C100122,2026-09-10,11154.8,3.3464,2.7887,0.3313,0.0112,0.0,0.664,0.0,7.14
TRD30000845,ORD20001203,C100035,2026-09-10,76251.4,0.0,76.2514,2.2647,0.0763,0.0,0.4214,15.34,94.35
TRD30000846,ORD20001203,C100035,2026-09-10,36472.8,0.0,36.4728,1.0832,0.0365,0.0,0.2015,0.0,37.79
TRD30000847,ORD20001946,C100029,2026-09-10,2993.3,0.0,2.9933,0.0889,0.003,0.449,0.0165,0.0,3.55
TRD30000848,ORD20001946,C100029,2026-09-10,2993.3,0.0,2.9933,0.0889,0.003,0.449,0.0165,0.0,3.55
TRD30000849,ORD20001458,C100032,2026-09-10,44902.0,0.0,44.902,1.3336,0.0449,6.7353,0.2481,0.0,53.26
TRD30000850,ORD20001458,C100032,2026-09-10,25905.0,0.0,25.905,0.7694,0.0259,3.8858,0.1432,0.0,30.73
TRD30000851,ORD20001033,C100050,2026-09-10,1694.05,0.0,1.694,0.0503,0.0017,0.0,0.0094,15.34,17.1
TRD30000852,ORD20001033,C100050,2026-09-10,1694.05,0.0,1.694,0.0503,0.0017,0.0,0.0094,0.0,1.76
TRD30000853,ORD20001033,C100050,2026-09-10,1694.05,0.0,1.694,0.0503,0.0017,0.0,0.0094,0.0,1.76
TRD30000854,ORD20000618,C100120,2026-09-10,3326.7,0.998,0.8317,0.0988,0.0033,0.0,0.198,0.0,2.13
TRD30000855,ORD20000618,C100120,2026-09-10,6653.4,1.996,1.6634,0.1976,0.0067,0.0,0.3961,0.0,4.26
TRD30000856,ORD20000618,C100120,2026-09-10,3326.7,0.998,0.8317,0.0988,0.0033,0.0,0.198,0.0,2.13
TRD30000857,ORD20003652,C100108,2026-09-10,6599.95,0.0,6.6,0.196,0.0066,0.99,0.0365,0.0,7.83
TRD30000858,ORD20003652,C100108,2026-09-10,5657.1,0.0,5.6571,0.168,0.0057,0.8486,0.0313,0.0,6.71
TRD30000859,ORD20002515,C100190,2026-09-10,2793.15,0.0,2.7932,0.083,0.0028,0.419,0.0154,0.0,3.31
TRD30000860,ORD20002515,C100190,2026-09-10,931.05,0.0,0.931,0.0277,0.0009,0.1397,0.0051,0.0,1.1
TRD30000861,ORD20002563,C100186,2026-09-10,35880.3,10.7641,0.0,1.0656,0.0359,1.0764,2.1358,0.0,15.08
TRD30000862,ORD20000819,C100040,2026-09-10,1983.4,0.0,1.9834,0.0589,0.002,0.2975,0.011,0.0,2.35
TRD30000863,ORD20000819,C100040,2026-09-10,991.7,0.0,0.9917,0.0295,0.001,0.1488,0.0055,0.0,1.18
TRD30000864,ORD20000819,C100040,2026-09-10,2975.1,0.0,2.9751,0.0884,0.003,0.4463,0.0164,0.0,3.53
TRD30000865,ORD20001737,C100199,2026-09-10,11005.85,3.3018,0.0,0.3269,0.011,0.3302,0.6551,0.0,4.62
TRD30000866,ORD20002067,C100029,2026-09-10,4456.65,0.0,4.4566,0.1324,0.0045,0.6685,0.0246,0.0,5.29
TRD30000867,ORD20002067,C100029,2026-09-10,1486.3,0.0,1.4863,0.0441,0.0015,0.2229,0.0082,0.0,1.76
TRD30000868,ORD20002067,C100029,2026-09-10,29731.0,0.0,29.731,0.883,0.0297,4.4596,0.1643,0.0,35.27
TRD30000869,ORD20002981,C100092,2026-09-10,1138.0,0.3414,0.2845,0.0338,0.0011,0.0,0.0677,0.0,0.73
TRD30000872,ORD20004657,C100071,2026-09-10,17341.2,0.0,17.3412,0.515,0.0173,0.0,0.0958,15.34,33.31
TRD30000870,ORD20002981,C100092,2026-09-10,2276.0,0.6828,0.569,0.0676,0.0023,0.0,0.1355,0.0,1.46
TRD30000871,ORD20002981,C100092,2026-09-10,1138.0,0.3414,0.2845,0.0338,0.0011,0.0,0.0677,0.0,0.73
TRD30000873,ORD20000451,C100003,2026-09-10,12055.9,3.6168,3.014,0.3581,0.0121,0.0,0.7176,0.0,7.72
TRD30000874,ORD20000451,C100003,2026-09-10,36167.7,10.8503,9.0419,1.0742,0.0362,0.0,2.1529,0.0,23.16
TRD30000875,ORD20002433,C100092,2026-09-10,18371.4,0.0,18.3714,0.5456,0.0184,2.7557,0.1015,0.0,21.79
TRD30000876,ORD20002433,C100092,2026-09-10,43621.65,0.0,43.6216,1.2956,0.0436,6.5432,0.2411,0.0,51.75
TRD30000877,ORD20002433,C100092,2026-09-10,5207.9,0.0,5.2079,0.1547,0.0052,0.7812,0.0288,0.0,6.18
TRD30000878,ORD20000302,C100149,2026-09-10,8025.7,2.4077,8.0257,0.2384,0.008,0.0,0.4777,15.34,26.5
TRD30000879,ORD20000302,C100149,2026-09-10,472.1,0.1416,0.4721,0.014,0.0005,0.0,0.0281,0.0,0.66
TRD30000880,ORD20000302,C100149,2026-09-10,472.1,0.1416,0.4721,0.014,0.0005,0.0,0.0281,0.0,0.66
TRD30000881,ORD20002731,C100045,2026-09-10,11413.35,3.424,0.0,0.339,0.0114,0.3424,0.6794,0.0,4.8
TRD30000882,ORD20002731,C100045,2026-09-10,11413.35,3.424,0.0,0.339,0.0114,0.3424,0.6794,0.0,4.8
TRD30000883,ORD20003166,C100033,2026-09-10,47818.45,14.3455,11.9546,1.4202,0.0478,0.0,2.8464,0.0,30.61
TRD30000884,ORD20003166,C100033,2026-09-10,8438.55,2.5316,2.1096,0.2506,0.0084,0.0,0.5023,0.0,5.4
TRD30000885,ORD20003166,C100033,2026-09-10,11251.4,3.3754,2.8128,0.3342,0.0113,0.0,0.6698,0.0,7.2
TRD30000886,ORD20002534,C100010,2026-09-10,2294.95,0.6885,2.295,0.0682,0.0023,0.3442,0.1366,0.0,3.53
TRD30000887,ORD20002534,C100010,2026-09-10,4589.9,1.377,4.5899,0.1363,0.0046,0.6885,0.2732,0.0,7.07
TRD30000888,ORD20002534,C100010,2026-09-10,2294.95,0.6885,2.295,0.0682,0.0023,0.3442,0.1366,0.0,3.53
TRD30000889,ORD20001570,C100068,2026-09-10,6912.6,2.0738,1.7282,0.2053,0.0069,0.0,0.4115,0.0,4.43
TRD30000890,ORD20001570,C100068,2026-09-10,2304.2,0.6913,0.576,0.0684,0.0023,0.0,0.1372,0.0,1.48
TRD30000891,ORD20001570,C100068,2026-09-10,1152.1,0.3456,0.288,0.0342,0.0012,0.0,0.0686,0.0,0.74
TRD30000892,ORD20000764,C100121,2026-09-10,11613.7,0.0,11.6137,0.3449,0.0116,1.7421,0.0642,0.0,13.78
TRD30000893,ORD20003770,C100093,2026-09-10,102242.25,20.0,0.0,3.0366,0.1022,3.0673,4.165,0.0,30.37
TRD30000894,ORD20002383,C100003,2026-09-10,57115.05,17.1345,0.0,1.6963,0.0571,1.7135,3.3998,0.0,24.0
TRD30000895,ORD20001842,C100003,2026-09-10,78365.45,20.0,0.0,2.3275,0.0784,2.351,4.033,0.0,28.79
TRD30000896,ORD20003403,C100089,2026-09-10,6441.0,1.9323,0.0,0.1913,0.0064,0.1932,0.3834,0.0,2.71
TRD30000897,ORD20003403,C100089,2026-09-10,3220.5,0.9662,0.0,0.0956,0.0032,0.0966,0.1917,0.0,1.35
TRD30000898,ORD20003403,C100089,2026-09-10,6441.0,1.9323,0.0,0.1913,0.0064,0.1932,0.3834,0.0,2.71
TRD30000899,ORD20004600,C100022,2026-09-10,20781.0,0.0,20.781,0.6172,0.0208,3.1171,0.1148,0.0,24.65
TRD30000900,ORD20000745,C100060,2026-09-10,44621.8,13.3865,0.0,1.3253,0.0446,1.3387,2.6562,0.0,18.75
TRD30000901,ORD20000745,C100060,2026-09-10,40893.0,12.2679,0.0,1.2145,0.0409,1.2268,2.4342,0.0,17.18
TRD30000902,ORD20004841,C100017,2026-09-10,68929.0,20.0,0.0,2.0472,0.0689,2.0679,3.9809,0.0,28.16
TRD30000904,ORD20002084,C100022,2026-09-10,26339.85,7.902,6.585,0.7823,0.0263,0.0,1.5679,0.0,16.86
TRD30000905,ORD20002084,C100022,2026-09-10,35119.8,10.5359,8.78,1.0431,0.0351,0.0,2.0905,0.0,22.48
TRD30000903,ORD20004924,C100054,2026-09-10,140748.55,20.0,0.0,4.1802,0.1407,4.2225,4.3778,0.0,32.92
TRD30000906,ORD20004037,C100063,2026-09-10,3763.0,1.1289,0.0,0.1118,0.0038,0.1129,0.224,0.0,1.58
TRD30000907,ORD20004037,C100063,2026-09-10,46096.75,13.829,0.0,1.3691,0.0461,1.3829,2.744,0.0,19.37
TRD30000908,ORD20002500,C100156,2026-09-10,26299.5,0.0,26.2995,0.7811,0.0263,3.9449,0.1453,0.0,31.2
TRD30000909,ORD20002500,C100156,2026-09-10,876.65,0.0,0.8766,0.026,0.0009,0.1315,0.0048,0.0,1.04
TRD30000910,ORD20002500,C100156,2026-09-10,1753.3,0.0,1.7533,0.0521,0.0018,0.263,0.0097,0.0,2.08
TRD30000911,ORD20002474,C100027,2026-09-10,55314.8,16.5944,13.8287,1.6428,0.0553,0.0,3.2927,0.0,35.41
TRD30000912,ORD20001566,C100083,2026-09-10,11814.75,0.0,11.8148,0.3509,0.0118,1.7722,0.0653,0.0,14.01
TRD30000913,ORD20002262,C100073,2026-09-10,62547.35,0.0,62.5474,1.8577,0.0625,0.0,0.3456,15.34,80.15
TRD30000914,ORD20002262,C100073,2026-09-10,10058.4,0.0,10.0584,0.2987,0.0101,0.0,0.0556,0.0,10.42
TRD30000915,ORD20002320,C100154,2026-09-10,14899.8,4.4699,3.725,0.4425,0.0149,0.0,0.8869,0.0,9.54
TRD30000916,ORD20002320,C100154,2026-09-10,28606.25,8.5819,7.1516,0.8496,0.0286,0.0,1.7028,0.0,18.31
TRD30000917,ORD20002320,C100154,2026-09-10,103110.9,20.0,25.7777,3.0624,0.1031,0.0,4.1698,0.0,53.11
TRD30000918,ORD20004654,C100021,2026-09-10,29209.5,8.7628,0.0,0.8675,0.0292,0.8763,1.7387,0.0,12.27
TRD30000919,ORD20002234,C100168,2026-09-10,25192.2,7.5577,0.0,0.7482,0.0252,0.7558,1.4996,0.0,10.59
TRD30000920,ORD20002686,C100156,2026-09-10,482.4,0.0,0.4824,0.0143,0.0005,0.0724,0.0027,0.0,0.57
TRD30000921,ORD20002686,C100156,2026-09-10,3859.2,0.0,3.8592,0.1146,0.0039,0.5789,0.0213,0.0,4.58
TRD30000922,ORD20002686,C100156,2026-09-10,3859.2,0.0,3.8592,0.1146,0.0039,0.5789,0.0213,0.0,4.58
TRD30000923,ORD20002286,C100171,2026-09-10,3219.65,0.9659,0.0,0.0956,0.0032,0.0966,0.1917,0.0,1.35
TRD30000924,ORD20002286,C100171,2026-09-10,2757.3,0.8272,0.0,0.0819,0.0028,0.0827,0.1641,0.0,1.16
TRD30000925,ORD20001692,C100063,2026-09-10,18552.0,5.5656,4.638,0.551,0.0186,0.0,1.1043,0.0,11.88
TRD30000926,ORD20001692,C100063,2026-09-10,67958.0,20.0,16.9895,2.0184,0.068,0.0,3.9755,0.0,43.05
TRD30000927,ORD20001918,C100062,2026-09-10,2733.7,0.8201,0.0,0.0812,0.0027,0.082,0.1627,0.0,1.15
TRD30000928,ORD20001918,C100062,2026-09-10,2733.7,0.8201,0.0,0.0812,0.0027,0.082,0.1627,0.0,1.15
TRD30000929,ORD20003985,C100073,2026-09-10,1604.25,0.4813,0.0,0.0476,0.0016,0.0481,0.0955,0.0,0.67
TRD30000930,ORD20003985,C100073,2026-09-10,3209.2,0.9628,0.0,0.0953,0.0032,0.0963,0.191,0.0,1.35
TRD30000931,ORD20003917,C100188,2026-09-10,1719.85,0.516,0.0,0.0511,0.0017,0.0516,0.1024,0.0,0.72
TRD30000932,ORD20003917,C100188,2026-09-10,1719.85,0.516,0.0,0.0511,0.0017,0.0516,0.1024,0.0,0.72
TRD30000933,ORD20002488,C100173,2026-09-10,71544.0,0.0,71.544,2.1249,0.0715,10.7316,0.3954,0.0,84.87
TRD30000934,ORD20000165,C100072,2026-09-10,5078.55,1.5236,1.2696,0.1508,0.0051,0.0,0.3023,0.0,3.25
TRD30000935,ORD20000165,C100072,2026-09-10,1692.85,0.5079,0.4232,0.0503,0.0017,0.0,0.1008,0.0,1.08
TRD30000936,ORD20004075,C100190,2026-09-10,3219.9,0.966,0.0,0.0956,0.0032,0.0966,0.1917,0.0,1.35
TRD30000937,ORD20004075,C100190,2026-09-10,8581.2,2.5744,0.0,0.2549,0.0086,0.2574,0.5108,0.0,3.61
TRD30000938,ORD20004075,C100190,2026-09-10,20381.3,6.1144,0.0,0.6053,0.0204,0.6114,1.2132,0.0,8.56
TRD30000939,ORD20002408,C100009,2026-09-10,5835.7,1.7507,0.0,0.1733,0.0058,0.1751,0.3474,0.0,2.45
TRD30000940,ORD20002408,C100009,2026-09-10,11671.4,3.5014,0.0,0.3466,0.0117,0.3501,0.6948,0.0,4.9
TRD30000941,ORD20002408,C100009,2026-09-10,5835.7,1.7507,0.0,0.1733,0.0058,0.1751,0.3474,0.0,2.45
TRD30000942,ORD20004226,C100126,2026-09-10,54668.0,16.4004,13.667,1.6236,0.0547,0.0,3.2542,0.0,35.0
TRD30000943,ORD20000871,C100089,2026-09-10,18171.6,5.4515,0.0,0.5397,0.0182,0.5451,1.0817,0.0,7.64
TRD30000944,ORD20003393,C100036,2026-09-10,14518.5,4.3556,0.0,0.4312,0.0145,0.4356,0.8642,0.0,6.1
TRD30000945,ORD20003393,C100036,2026-09-10,11614.8,3.4844,0.0,0.345,0.0116,0.3484,0.6914,0.0,4.88
TRD30000946,ORD20003393,C100036,2026-09-10,5807.4,1.7422,0.0,0.1725,0.0058,0.1742,0.3457,0.0,2.44
TRD30000947,ORD20003297,C100158,2026-09-10,1717.7,0.5153,0.0,0.051,0.0017,0.0515,0.1022,0.0,0.72
TRD30000948,ORD20003297,C100158,2026-09-10,1717.7,0.5153,0.0,0.051,0.0017,0.0515,0.1022,0.0,0.72
TRD30000949,ORD20003297,C100158,2026-09-10,10306.2,3.0919,0.0,0.3061,0.0103,0.3092,0.6135,0.0,4.33
TRD30000950,ORD20004059,C100007,2026-09-10,11541.75,3.4625,0.0,0.3428,0.0115,0.3463,0.687,0.0,4.85
TRD30000951,ORD20003145,C100091,2026-09-10,6939.0,2.0817,0.0,0.2061,0.0069,0.2082,0.4131,0.0,2.92
TRD30000952,ORD20003145,C100091,2026-09-10,10408.5,3.1226,0.0,0.3091,0.0104,0.3123,0.6196,0.0,4.37
TRD30000953,ORD20003145,C100091,2026-09-10,40477.5,12.1432,0.0,1.2022,0.0405,1.2143,2.4095,0.0,17.01
TRD30000954,ORD20001463,C100171,2026-09-10,24392.9,7.3179,6.0982,0.7245,0.0244,0.0,1.452,0.0,15.62
TRD30000955,ORD20001463,C100171,2026-09-10,24392.9,7.3179,6.0982,0.7245,0.0244,0.0,1.452,0.0,15.62
TRD30000956,ORD20001771,C100013,2026-09-10,11985.25,3.5956,0.0,0.356,0.012,0.3596,0.7134,0.0,5.04
TRD30000957,ORD20001180,C100126,2026-09-10,10543.5,3.163,2.6359,0.3131,0.0105,0.0,0.6276,0.0,6.75
TRD30000958,ORD20001180,C100126,2026-09-10,19170.0,5.751,4.7925,0.5693,0.0192,0.0,1.1411,0.0,12.27
TRD30000959,ORD20003095,C100025,2026-09-10,3520.6,1.0562,0.8802,0.1046,0.0035,0.0,0.2096,0.0,2.25
TRD30000960,ORD20003095,C100025,2026-09-10,1760.3,0.5281,0.4401,0.0523,0.0018,0.0,0.1048,0.0,1.13
TRD30000961,ORD20003894,C100026,2026-09-10,2461.95,0.7386,0.0,0.0731,0.0025,0.0739,0.1466,0.0,1.03
TRD30000962,ORD20003894,C100026,2026-09-10,16686.55,5.006,0.0,0.4956,0.0167,0.5006,0.9933,0.0,7.01
TRD30000963,ORD20003894,C100026,2026-09-10,33920.2,10.1761,0.0,1.0074,0.0339,1.0176,2.0191,0.0,14.25
TRD30000964,ORD20000836,C100165,2026-09-10,16940.95,5.0823,16.941,0.5031,0.0169,2.5411,1.0084,0.0,26.09
TRD30000965,ORD20000836,C100165,2026-09-10,5212.6,1.5638,5.2126,0.1548,0.0052,0.7819,0.3103,0.0,8.03
TRD30000966,ORD20000836,C100165,2026-09-10,10422.0,3.1266,10.422,0.3095,0.0104,1.5633,0.6204,0.0,16.05
TRD30000967,ORD20004956,C100126,2026-09-10,65642.4,19.6927,16.4106,1.9496,0.0656,0.0,3.9074,0.0,42.03
TRD30000968,ORD20004956,C100126,2026-09-10,12307.95,3.6924,3.077,0.3655,0.0123,0.0,0.7326,0.0,7.88
TRD30000969,ORD20004956,C100126,2026-09-10,6837.75,2.0513,1.7094,0.2031,0.0068,0.0,0.407,0.0,4.38
TRD30000970,ORD20001398,C100153,2026-09-10,5585.2,1.6756,5.5852,0.1659,0.0056,0.0,0.3325,15.34,23.1
TRD30000971,ORD20001398,C100153,2026-09-10,4188.9,1.2567,4.1889,0.1244,0.0042,0.0,0.2493,0.0,5.82
TRD30000972,ORD20001398,C100153,2026-09-10,4188.9,1.2567,4.1889,0.1244,0.0042,0.0,0.2493,0.0,5.82
TRD30000973,ORD20004775,C100151,2026-09-10,2161.2,0.0,2.1612,0.0642,0.0022,0.0,0.0119,15.34,17.58
TRD30000974,ORD20004775,C100151,2026-09-10,4329.0,0.0,4.329,0.1286,0.0043,0.0,0.0239,0.0,4.49
TRD30000975,ORD20004775,C100151,2026-09-10,4324.8,0.0,4.3248,0.1284,0.0043,0.0,0.0239,0.0,4.48
TRD30000976,ORD20000243,C100064,2026-09-10,12262.25,3.6787,0.0,0.3642,0.0123,0.3679,0.7299,0.0,5.15
TRD30000977,ORD20000243,C100064,2026-09-10,7546.0,2.2638,0.0,0.2241,0.0075,0.2264,0.4492,0.0,3.17
TRD30000978,ORD20002220,C100037,2026-09-10,49239.0,14.7717,12.3098,1.4624,0.0492,0.0,2.931,0.0,31.52
TRD30000979,ORD20002220,C100037,2026-09-10,8206.5,2.462,2.0516,0.2437,0.0082,0.0,0.4885,0.0,5.25
TRD30000980,ORD20002889,C100137,2026-09-10,1368.3,0.4105,1.3683,0.0406,0.0014,0.0,0.0814,15.34,17.24
TRD30000981,ORD20002889,C100137,2026-09-10,10490.3,3.1471,10.4903,0.3116,0.0105,0.0,0.6244,0.0,14.58
TRD30000982,ORD20002889,C100137,2026-09-10,40136.8,12.041,40.1368,1.1921,0.0401,0.0,2.3892,0.0,55.8
TRD30000983,ORD20003400,C100134,2026-09-10,5957.65,1.7873,0.0,0.1769,0.006,0.1787,0.3546,0.0,2.5
TRD30000984,ORD20003400,C100134,2026-09-10,8060.35,2.4181,0.0,0.2394,0.0081,0.2418,0.4798,0.0,3.39
TRD30000985,ORD20003400,C100134,2026-09-10,34694.55,10.4084,0.0,1.0304,0.0347,1.0408,2.0652,0.0,14.58
TRD30000986,ORD20001755,C100062,2026-09-10,14739.75,4.4219,0.0,0.4378,0.0147,0.4422,0.8774,0.0,6.19
TRD30000987,ORD20001755,C100062,2026-09-10,11464.25,3.4393,0.0,0.3405,0.0115,0.3439,0.6824,0.0,4.82
TRD30000988,ORD20002452,C100091,2026-09-10,75896.8,0.0,75.8968,2.2541,0.0759,11.3845,0.4194,0.0,90.03
TRD30000989,ORD20002385,C100191,2026-09-10,11610.0,3.483,2.9025,0.3448,0.0116,0.0,0.6911,0.0,7.43
TRD30000990,ORD20002385,C100191,2026-09-10,2321.05,0.6963,0.5803,0.0689,0.0023,0.0,0.1382,0.0,1.49
TRD30000991,ORD20004663,C100069,2026-09-10,29522.4,0.0,29.5224,0.8768,0.0295,0.0,0.1631,15.34,45.93
TRD30000992,ORD20001456,C100145,2026-09-10,2448.0,0.0,2.448,0.0727,0.0024,0.3672,0.0135,0.0,2.9
TRD30000993,ORD20004247,C100158,2026-09-10,2774.7,0.8324,0.0,0.0824,0.0028,0.0832,0.1652,0.0,1.17
TRD30000994,ORD20004247,C100158,2026-09-10,1389.0,0.4167,0.0,0.0413,0.0014,0.0417,0.0827,0.0,0.58
TRD30000995,ORD20004247,C100158,2026-09-10,2781.0,0.8343,0.0,0.0826,0.0028,0.0834,0.1655,0.0,1.17
TRD30000996,ORD20002961,C100010,2026-09-10,136739.5,20.0,34.1849,4.0612,0.1367,0.0,4.3556,0.0,62.74
TRD30000997,ORD20004661,C100059,2026-09-10,12347.35,3.7042,0.0,0.3667,0.0123,0.3704,0.735,0.0,5.19
TRD30000998,ORD20004661,C100059,2026-09-10,12347.35,3.7042,0.0,0.3667,0.0123,0.3704,0.735,0.0,5.19
TRD30000999,ORD20002362,C100154,2026-09-10,3341.3,0.0,3.3413,0.0992,0.0033,0.0,0.0185,15.34,18.8
TRD30001000,ORD20002362,C100154,2026-09-10,6682.6,0.0,6.6826,0.1985,0.0067,0.0,0.0369,0.0,6.92
TRD30001001,ORD20002362,C100154,2026-09-10,16706.5,0.0,16.7065,0.4962,0.0167,0.0,0.0923,0.0,17.31
TRD30001002,ORD20002020,C100146,2026-09-10,12299.0,3.6897,0.0,0.3653,0.0123,0.369,0.7321,0.0,5.17
TRD30001003,ORD20000000,C100101,2026-09-10,11839.3,3.5518,2.9598,0.3516,0.0118,0.0,0.7047,0.0,7.58
TRD30001004,ORD20002323,C100165,2026-09-10,12558.2,3.7675,0.0,0.373,0.0126,0.3767,0.7475,0.0,5.28
TRD30001005,ORD20002997,C100157,2026-09-10,4698.25,0.0,4.6982,0.1395,0.0047,0.0,0.026,15.34,20.21
TRD30001006,ORD20002997,C100157,2026-09-10,10336.15,0.0,10.3362,0.307,0.0103,0.0,0.0571,0.0,10.71
TRD30001007,ORD20002997,C100157,2026-09-10,9396.5,0.0,9.3965,0.2791,0.0094,0.0,0.0519,0.0,9.74
TRD30001008,ORD20004326,C100005,2026-09-10,3296.7,0.989,0.8242,0.0979,0.0033,0.0,0.1962,0.0,2.11
TRD30001009,ORD20002895,C100077,2026-09-10,11612.75,3.4838,2.9032,0.3449,0.0116,0.0,0.6913,0.0,7.43
TRD30001010,ORD20004991,C100007,2026-09-10,8296.5,2.489,2.0741,0.2464,0.0083,0.0,0.4939,0.0,5.31
TRD30001011,ORD20002890,C100142,2026-09-10,2389.8,0.0,2.3898,0.071,0.0024,0.0,0.0132,15.34,17.82
TRD30001012,ORD20003474,C100154,2026-09-10,8158.25,0.0,8.1582,0.2423,0.0082,0.0,0.0451,15.34,23.79
TRD30001013,ORD20003474,C100154,2026-09-10,17948.15,0.0,17.9482,0.5331,0.0179,0.0,0.0992,0.0,18.6
TRD30001014,ORD20003474,C100154,2026-09-10,3263.3,0.0,3.2633,0.0969,0.0033,0.0,0.018,0.0,3.38
TRD30001015,ORD20002291,C100160,2026-09-10,109256.55,0.0,109.2566,3.2449,0.1093,16.3885,0.6038,0.0,129.6
TRD30001016,ORD20002291,C100160,2026-09-10,7622.55,0.0,7.6226,0.2264,0.0076,1.1434,0.0421,0.0,9.04
TRD30001017,ORD20002291,C100160,2026-09-10,22867.65,0.0,22.8676,0.6792,0.0229,3.4301,0.1264,0.0,27.13
TRD30001018,ORD20001758,C100136,2026-09-10,13513.5,0.0,13.5135,0.4014,0.0135,2.027,0.0747,0.0,16.03
TRD30001019,ORD20001758,C100136,2026-09-10,20270.25,0.0,20.2702,0.602,0.0203,3.0405,0.112,0.0,24.04
TRD30001020,ORD20002055,C100104,2026-09-10,31443.75,0.0,31.4438,0.9339,0.0314,4.7166,0.1738,0.0,37.3
TRD30001021,ORD20000241,C100036,2026-09-10,7484.1,2.2452,0.0,0.2223,0.0075,0.2245,0.4455,0.0,3.14
TRD30001022,ORD20000241,C100036,2026-09-10,2496.65,0.749,0.0,0.0742,0.0025,0.0749,0.1486,0.0,1.05
TRD30001023,ORD20000787,C100149,2026-09-10,40880.75,12.2642,40.8808,1.2142,0.0409,6.1321,2.4335,0.0,62.97
TRD30001024,ORD20000787,C100149,2026-09-10,12040.5,3.6122,12.0405,0.3576,0.012,1.8061,0.7167,0.0,18.55
TRD30001025,ORD20001430,C100058,2026-09-10,109869.4,20.0,0.0,3.2631,0.1099,3.2961,4.2071,0.0,30.88
TRD30001026,ORD20001430,C100058,2026-09-10,34695.6,10.4087,0.0,1.0305,0.0347,1.0409,2.0653,0.0,14.58
TRD30001027,ORD20003575,C100188,2026-09-10,9218.0,2.7654,2.3045,0.2738,0.0092,0.0,0.5487,0.0,5.9
TRD30001028,ORD20003575,C100188,2026-09-10,921.8,0.2765,0.2304,0.0274,0.0009,0.0,0.0549,0.0,0.59
TRD30001029,ORD20003575,C100188,2026-09-10,2765.4,0.8296,0.6914,0.0821,0.0028,0.0,0.1646,0.0,1.77
TRD30001030,ORD20001987,C100137,2026-09-10,38828.4,11.6485,38.8284,1.1532,0.0388,5.8243,2.3113,0.0,59.8
TRD30001031,ORD20001987,C100137,2026-09-10,53762.4,16.1287,53.7624,1.5967,0.0538,8.0644,3.2003,0.0,82.81
TRD30001032,ORD20001409,C100088,2026-09-10,18510.4,0.0,18.5104,0.5498,0.0185,2.7766,0.1023,0.0,21.96
TRD30001033,ORD20001409,C100088,2026-09-10,12725.9,0.0,12.7259,0.378,0.0127,1.9089,0.0703,0.0,15.1
TRD30001034,ORD20002894,C100090,2026-09-10,8731.05,2.6193,2.1828,0.2593,0.0087,0.0,0.5197,0.0,5.59
TRD30001035,ORD20002894,C100090,2026-09-10,2910.35,0.8731,0.7276,0.0864,0.0029,0.0,0.1732,0.0,1.86
TRD30001036,ORD20003845,C100067,2026-09-10,7912.3,0.0,7.9123,0.235,0.0079,1.1868,0.0437,0.0,9.39
TRD30001037,ORD20003845,C100067,2026-09-10,6473.7,0.0,6.4737,0.1923,0.0065,0.9711,0.0358,0.0,7.68
TRD30001038,ORD20002700,C100012,2026-09-10,1956.8,0.587,0.0,0.0581,0.002,0.0587,0.1165,0.0,0.82
TRD30001039,ORD20002700,C100012,2026-09-10,2935.2,0.8806,0.0,0.0872,0.0029,0.0881,0.1747,0.0,1.23
TRD30001040,ORD20001198,C100115,2026-09-10,74225.25,0.0,74.2252,2.2045,0.0742,11.1338,0.4102,0.0,88.05
TRD30001041,ORD20001198,C100115,2026-09-10,17988.8,0.0,17.9888,0.5343,0.018,2.6983,0.0994,0.0,21.34
TRD30001042,ORD20003408,C100035,2026-09-10,13445.6,4.0337,3.3614,0.3993,0.0134,0.0,0.8004,0.0,8.61
TRD30001043,ORD20001937,C100199,2026-09-10,32427.6,0.0,32.4276,0.9631,0.0324,4.8641,0.1792,0.0,38.47
TRD30001044,ORD20003812,C100122,2026-09-10,4673.3,0.0,4.6733,0.1388,0.0047,0.701,0.0258,0.0,5.54
TRD30001045,ORD20003574,C100146,2026-09-10,14380.65,0.0,14.3806,0.4271,0.0144,2.1571,0.0795,0.0,17.06
TRD30001046,ORD20003574,C100146,2026-09-10,11184.95,0.0,11.185,0.3322,0.0112,1.6777,0.0618,0.0,13.27
TRD30001047,ORD20003574,C100146,2026-09-10,31957.0,0.0,31.957,0.9491,0.032,4.7936,0.1766,0.0,37.91
TRD30001048,ORD20000867,C100104,2026-09-10,1213.9,0.0,1.2139,0.0361,0.0012,0.0,0.0067,15.34,16.6
TRD30001049,ORD20002965,C100196,2026-09-10,12682.8,3.8048,0.0,0.3767,0.0127,0.3805,0.755,0.0,5.33
TRD30001050,ORD20002965,C100196,2026-09-10,47804.4,14.3413,0.0,1.4198,0.0478,1.4341,2.8456,0.0,20.09
TRD30001051,ORD20002965,C100196,2026-09-10,72194.4,20.0,0.0,2.1442,0.0722,2.1658,3.9989,0.0,28.38
TRD30001052,ORD20001368,C100152,2026-09-10,25607.25,0.0,25.6072,0.7605,0.0256,0.0,0.1415,15.34,41.87
TRD30001053,ORD20004043,C100119,2026-09-10,60950.0,18.285,0.0,1.8102,0.061,1.8285,3.6281,0.0,25.61
TRD30001054,ORD20001677,C100156,2026-09-10,6900.0,0.0,6.9,0.2049,0.0069,0.0,0.0381,15.34,22.49
TRD30001055,ORD20001677,C100156,2026-09-10,8634.25,0.0,8.6342,0.2564,0.0086,0.0,0.0477,0.0,8.95
TRD30001056,ORD20001677,C100156,2026-09-10,3449.9,0.0,3.4499,0.1025,0.0034,0.0,0.0191,0.0,3.57
TRD30001057,ORD20001481,C100136,2026-09-10,7121.1,2.1363,0.0,0.2115,0.0071,0.2136,0.4239,0.0,2.99
TRD30001058,ORD20001481,C100136,2026-09-10,4747.0,1.4241,0.0,0.141,0.0047,0.1424,0.2826,0.0,1.99
TRD30001059,ORD20001481,C100136,2026-09-10,86603.55,20.0,0.0,2.5721,0.0866,2.5981,4.0786,0.0,29.34
TRD30001060,ORD20004497,C100160,2026-09-10,14514.05,0.0,14.514,0.4311,0.0145,2.1771,0.0802,0.0,17.22
TRD30001061,ORD20004497,C100160,2026-09-10,8763.2,0.0,8.7632,0.2603,0.0088,1.3145,0.0484,0.0,10.4
TRD30001062,ORD20004497,C100160,2026-09-10,7393.95,0.0,7.394,0.2196,0.0074,1.1091,0.0409,0.0,8.77
TRD30001063,ORD20003191,C100017,2026-09-10,14340.0,4.302,3.585,0.4259,0.0143,0.0,0.8536,0.0,9.18
TRD30001067,ORD20000679,C100164,2026-09-10,99218.6,0.0,99.2186,2.9468,0.0992,14.8828,0.5483,0.0,117.7
TRD30001064,ORD20000977,C100093,2026-09-10,41821.25,0.0,41.8212,1.2421,0.0418,6.2732,0.2311,0.0,49.61
TRD30001068,ORD20000679,C100164,2026-09-10,44808.4,0.0,44.8084,1.3308,0.0448,6.7213,0.2476,0.0,53.15
TRD30001065,ORD20000977,C100093,2026-09-10,10042.5,0.0,10.0425,0.2983,0.01,1.5064,0.0555,0.0,11.91
TRD30001066,ORD20000977,C100093,2026-09-10,48518.45,0.0,48.5184,1.441,0.0485,7.2778,0.2681,0.0,57.55
TRD30001069,ORD20003947,C100012,2026-09-10,70017.0,0.0,70.017,2.0795,0.07,10.5026,0.3869,0.0,83.06
TRD30001070,ORD20001739,C100091,2026-09-10,24480.75,7.3442,0.0,0.7271,0.0245,0.7344,1.4572,0.0,10.29
TRD30001071,ORD20001828,C100024,2026-09-10,12373.5,0.0,12.3735,0.3675,0.0124,0.0,0.0684,15.34,28.16
TRD30001072,ORD20002424,C100065,2026-09-10,22568.0,0.0,22.568,0.6703,0.0226,0.0,0.1247,15.34,38.73
TRD30001073,ORD20002424,C100065,2026-09-10,7052.5,0.0,7.0525,0.2095,0.0071,0.0,0.039,0.0,7.31
TRD30001074,ORD20004072,C100105,2026-09-10,1749.1,0.0,1.7491,0.0519,0.0017,0.2624,0.0097,0.0,2.07
TRD30001075,ORD20004072,C100105,2026-09-10,3498.2,0.0,3.4982,0.1039,0.0035,0.5247,0.0193,0.0,4.15
TRD30001076,ORD20003623,C100024,2026-09-10,11557.4,0.0,11.5574,0.3433,0.0116,0.0,0.0639,15.34,27.32
TRD30001077,ORD20003623,C100024,2026-09-10,8668.05,0.0,8.668,0.2574,0.0087,0.0,0.0479,0.0,8.98
TRD30001078,ORD20003623,C100024,2026-09-10,5778.7,0.0,5.7787,0.1716,0.0058,0.0,0.0319,0.0,5.99
TRD30001079,ORD20004719,C100048,2026-09-10,5011.1,0.0,5.0111,0.1488,0.005,0.0,0.0277,15.34,20.53
TRD30001080,ORD20001315,C100104,2026-09-10,46005.0,0.0,46.005,1.3663,0.046,6.9008,0.2542,0.0,54.57
TRD30001081,ORD20001315,C100104,2026-09-10,23010.6,0.0,23.0106,0.6834,0.023,3.4516,0.1272,0.0,27.3
TRD30001082,ORD20002367,C100030,2026-09-10,3459.2,1.0378,0.0,0.1027,0.0035,0.1038,0.2059,0.0,1.45
TRD30001083,ORD20002367,C100030,2026-09-10,5188.8,1.5566,0.0,0.1541,0.0052,0.1557,0.3089,0.0,2.18
TRD30001084,ORD20001468,C100182,2026-09-10,82463.6,20.0,20.6159,2.4492,0.0825,0.0,4.0557,0.0,47.2
TRD30001085,ORD20004485,C100183,2026-09-10,147124.5,20.0,36.7811,4.3696,0.1471,0.0,4.413,0.0,65.71
TRD30001086,ORD20004085,C100040,2026-09-10,51756.0,0.0,51.756,1.5372,0.0518,0.0,0.286,15.34,68.97
TRD30001087,ORD20004780,C100089,2026-09-10,4737.6,1.4213,0.0,0.1407,0.0047,0.1421,0.282,0.0,1.99
TRD30001089,ORD20004575,C100037,2026-09-10,14233.25,4.27,3.5583,0.4227,0.0142,0.0,0.8472,0.0,9.11
TRD30001088,ORD20004780,C100089,2026-09-10,31584.0,9.4752,0.0,0.938,0.0316,0.9475,1.8801,0.0,13.27
TRD30001090,ORD20000808,C100074,2026-09-10,14969.15,4.4907,3.7423,0.4446,0.015,0.0,0.8911,0.0,9.58
TRD30001091,ORD20003524,C100058,2026-09-10,14688.9,4.4067,3.6722,0.4363,0.0147,0.0,0.8744,0.0,9.4
TRD30001092,ORD20003524,C100058,2026-09-10,32642.0,9.7926,8.1605,0.9695,0.0326,0.0,1.943,0.0,20.9
TRD30001093,ORD20003524,C100058,2026-09-10,57123.5,17.137,14.2809,1.6966,0.0571,0.0,3.4003,0.0,36.57
TRD30001094,ORD20002248,C100179,2026-09-10,8142.4,0.0,8.1424,0.2418,0.0081,1.2214,0.045,0.0,9.66
TRD30001095,ORD20002248,C100179,2026-09-10,8138.2,0.0,8.1382,0.2417,0.0081,1.2207,0.045,0.0,9.65
TRD30001096,ORD20002248,C100179,2026-09-10,13948.2,0.0,13.9482,0.4143,0.0139,2.0922,0.0771,0.0,16.55
TRD30001097,ORD20002600,C100198,2026-09-10,2876.55,0.863,0.0,0.0854,0.0029,0.0863,0.1712,0.0,1.21
TRD30001098,ORD20000065,C100194,2026-09-10,16764.3,5.0293,0.0,0.4979,0.0168,0.5029,0.9979,0.0,7.04
TRD30001099,ORD20000065,C100194,2026-09-10,7450.8,2.2352,0.0,0.2213,0.0075,0.2235,0.4435,0.0,3.13
TRD30001100,ORD20000065,C100194,2026-09-10,1862.7,0.5588,0.0,0.0553,0.0019,0.0559,0.1109,0.0,0.78
TRD30001101,ORD20002720,C100004,2026-09-10,1432.9,0.4299,0.0,0.0426,0.0014,0.043,0.0853,0.0,0.6
TRD30001102,ORD20002720,C100004,2026-09-10,27232.7,8.1698,0.0,0.8088,0.0272,0.817,1.6211,0.0,11.44
TRD30001103,ORD20000999,C100113,2026-09-10,443.75,0.0,0.4438,0.0132,0.0004,0.0666,0.0025,0.0,0.53
TRD30001104,ORD20000999,C100113,2026-09-10,2664.0,0.0,2.664,0.0791,0.0027,0.3996,0.0147,0.0,3.16
TRD30001105,ORD20003457,C100003,2026-09-10,12369.75,3.7109,0.0,0.3674,0.0124,0.3711,0.7363,0.0,5.2
TRD30001106,ORD20004153,C100011,2026-09-10,33938.7,10.1816,0.0,1.008,0.0339,1.0182,2.0202,0.0,14.26
TRD30001107,ORD20003422,C100005,2026-09-10,54507.2,0.0,54.5072,1.6189,0.0545,0.0,0.3012,15.34,71.82
TRD30001108,ORD20001272,C100104,2026-09-10,47599.2,0.0,47.5992,1.4137,0.0476,7.1399,0.263,0.0,56.46
TRD30001109,ORD20001272,C100104,2026-09-10,20179.6,0.0,20.1796,0.5993,0.0202,3.0269,0.1115,0.0,23.94
TRD30001110,ORD20002830,C100101,2026-09-10,7193.6,2.1581,0.0,0.2136,0.0072,0.2158,0.4282,0.0,3.02
TRD30001111,ORD20002830,C100101,2026-09-10,65641.6,19.6925,0.0,1.9496,0.0656,1.9692,3.9074,0.0,27.58
TRD30001112,ORD20004260,C100158,2026-09-10,8300.25,0.0,8.3002,0.2465,0.0083,1.245,0.0459,0.0,9.85
TRD30001113,ORD20004260,C100158,2026-09-10,9367.75,0.0,9.3678,0.2782,0.0094,1.4052,0.0518,0.0,11.11
TRD30001114,ORD20001221,C100152,2026-09-10,4848.6,1.4546,0.0,0.144,0.0048,0.1455,0.2886,0.0,2.04
TRD30001115,ORD20002368,C100192,2026-09-10,10344.15,0.0,10.3441,0.3072,0.0103,0.0,0.0572,15.34,26.06
TRD30001116,ORD20002368,C100192,2026-09-10,16090.9,0.0,16.0909,0.4779,0.0161,0.0,0.0889,0.0,16.67
TRD30001117,ORD20001870,C100141,2026-09-10,3471.4,1.0414,0.0,0.1031,0.0035,0.1041,0.2066,0.0,1.46
TRD30001118,ORD20001870,C100141,2026-09-10,10414.2,3.1243,0.0,0.3093,0.0104,0.3124,0.6199,0.0,4.38
TRD30001119,ORD20001870,C100141,2026-09-10,10414.2,3.1243,0.0,0.3093,0.0104,0.3124,0.6199,0.0,4.38
TRD30001120,ORD20003844,C100168,2026-09-10,1785.8,0.5357,0.0,0.053,0.0018,0.0536,0.1063,0.0,0.75
TRD30001121,ORD20003844,C100168,2026-09-10,4464.5,1.3393,0.0,0.1326,0.0045,0.1339,0.2658,0.0,1.88
TRD30001122,ORD20003844,C100168,2026-09-10,5803.85,1.7412,0.0,0.1724,0.0058,0.1741,0.3455,0.0,2.44
TRD30001123,ORD20003663,C100196,2026-09-10,268.1,0.0,0.2681,0.008,0.0003,0.0,0.0015,15.34,15.62
TRD30001124,ORD20003663,C100196,2026-09-10,805.2,0.0,0.8052,0.0239,0.0008,0.0,0.0044,0.0,0.83
TRD30001125,ORD20003663,C100196,2026-09-10,1610.4,0.0,1.6104,0.0478,0.0016,0.0,0.0089,0.0,1.67
TRD30001126,ORD20002712,C100188,2026-09-10,3374.8,1.0124,0.8437,0.1002,0.0034,0.0,0.2009,0.0,2.16
TRD30001127,ORD20002712,C100188,2026-09-10,1686.45,0.5059,0.4216,0.0501,0.0017,0.0,0.1004,0.0,1.08
TRD30001128,ORD20002712,C100188,2026-09-10,8433.0,2.5299,2.1082,0.2505,0.0084,0.0,0.502,0.0,5.4
TRD30001129,ORD20000322,C100119,2026-09-10,11937.4,0.0,11.9374,0.3545,0.0119,1.7906,0.066,0.0,14.16
TRD30001130,ORD20002741,C100049,2026-09-10,1549.7,0.4649,0.3874,0.046,0.0015,0.0,0.0922,0.0,0.99
TRD30001131,ORD20002741,C100049,2026-09-10,3102.4,0.9307,0.7756,0.0921,0.0031,0.0,0.1847,0.0,1.99
TRD30001132,ORD20002325,C100055,2026-09-10,11713.0,0.0,11.713,0.3479,0.0117,0.0,0.0647,15.34,27.48
TRD30001133,ORD20002325,C100055,2026-09-10,901.0,0.0,0.901,0.0268,0.0009,0.0,0.005,0.0,0.93
TRD30001134,ORD20002325,C100055,2026-09-10,5406.0,0.0,5.406,0.1606,0.0054,0.0,0.0299,0.0,5.6
TRD30001135,ORD20004937,C100113,2026-09-10,25782.9,7.7349,0.0,0.7658,0.0258,0.7735,1.5348,0.0,10.83
TRD30001136,ORD20004937,C100113,2026-09-10,9375.6,2.8127,0.0,0.2785,0.0094,0.2813,0.5581,0.0,3.94
TRD30001137,ORD20002891,C100107,2026-09-10,2850.5,0.8552,0.0,0.0847,0.0029,0.0855,0.1697,0.0,1.2
TRD30001138,ORD20002891,C100107,2026-09-10,2850.5,0.8552,0.0,0.0847,0.0029,0.0855,0.1697,0.0,1.2
TRD30001139,ORD20002891,C100107,2026-09-10,2850.5,0.8552,0.0,0.0847,0.0029,0.0855,0.1697,0.0,1.2
TRD30001140,ORD20004107,C100185,2026-09-10,15797.25,0.0,15.7972,0.4692,0.0158,0.0,0.0873,15.34,31.71
TRD30001141,ORD20004100,C100048,2026-09-10,8785.0,2.6355,0.0,0.2609,0.0088,0.2636,0.5229,0.0,3.69
TRD30001142,ORD20004100,C100048,2026-09-10,41834.45,12.5503,0.0,1.2425,0.0418,1.255,2.4902,0.0,17.58
TRD30001143,ORD20004100,C100048,2026-09-10,31621.5,9.4864,0.0,0.9392,0.0316,0.9486,1.8823,0.0,13.29
TRD30001144,ORD20002901,C100147,2026-09-10,34708.8,0.0,34.7088,1.0309,0.0347,0.0,0.1918,15.34,51.31
TRD30001145,ORD20000123,C100062,2026-09-10,2773.9,0.0,2.7739,0.0824,0.0028,0.0,0.0153,15.34,18.21
TRD30001146,ORD20000123,C100062,2026-09-10,5547.8,0.0,5.5478,0.1648,0.0055,0.0,0.0307,0.0,5.75
TRD30001147,ORD20000123,C100062,2026-09-10,1386.95,0.0,1.387,0.0412,0.0014,0.0,0.0077,0.0,1.44
TRD30001148,ORD20000634,C100051,2026-09-10,18799.2,0.0,18.7992,0.5583,0.0188,2.8199,0.1039,0.0,22.3
TRD30001149,ORD20000634,C100051,2026-09-10,11637.6,0.0,11.6376,0.3456,0.0116,1.7456,0.0643,0.0,13.8
TRD30001151,ORD20001910,C100123,2026-09-10,6392.85,1.9179,0.0,0.1899,0.0064,0.1918,0.3805,0.0,2.69
TRD30001150,ORD20000634,C100051,2026-09-10,16113.6,0.0,16.1136,0.4786,0.0161,2.417,0.089,0.0,19.11
TRD30001152,ORD20001204,C100027,2026-09-10,19702.0,0.0,19.702,0.5851,0.0197,2.9553,0.1089,0.0,23.37
TRD30001153,ORD20000656,C100108,2026-09-10,19244.4,5.7733,0.0,0.5716,0.0192,0.5773,1.1455,0.0,8.09
TRD30001154,ORD20000656,C100108,2026-09-10,8018.5,2.4056,0.0,0.2381,0.008,0.2406,0.4773,0.0,3.37
TRD30001155,ORD20000656,C100108,2026-09-10,5612.95,1.6839,0.0,0.1667,0.0056,0.1684,0.3341,0.0,2.36
TRD30001156,ORD20003777,C100087,2026-09-10,4853.1,0.0,4.8531,0.1441,0.0049,0.728,0.0268,0.0,5.76
TRD30001157,ORD20003777,C100087,2026-09-10,808.85,0.0,0.8089,0.024,0.0008,0.1213,0.0045,0.0,0.96
TRD30001158,ORD20003777,C100087,2026-09-10,8897.35,0.0,8.8974,0.2643,0.0089,1.3346,0.0492,0.0,10.55
TRD30001159,ORD20001006,C100080,2026-09-10,46008.6,0.0,46.0086,1.3665,0.046,6.9013,0.2542,0.0,54.58
TRD30001160,ORD20001006,C100080,2026-09-10,20897.25,0.0,20.8972,0.6206,0.0209,3.1346,0.1155,0.0,24.79
TRD30001161,ORD20001006,C100080,2026-09-10,1395.6,0.0,1.3956,0.0414,0.0014,0.2093,0.0077,0.0,1.66
TRD30001162,ORD20001958,C100190,2026-09-10,22873.2,6.862,5.7183,0.6793,0.0229,0.0,1.3616,0.0,14.64
TRD30001163,ORD20001958,C100190,2026-09-10,4895.25,1.4686,1.2238,0.1454,0.0049,0.0,0.2914,0.0,3.13
TRD30001164,ORD20001553,C100021,2026-09-10,50824.5,0.0,50.8245,1.5095,0.0508,0.0,0.2809,15.34,68.01
TRD30001165,ORD20001553,C100021,2026-09-10,14755.5,0.0,14.7555,0.4382,0.0148,0.0,0.0815,0.0,15.29
TRD30001166,ORD20002369,C100182,2026-09-10,7789.4,2.3368,0.0,0.2313,0.0078,0.2337,0.4637,0.0,3.27
TRD30001167,ORD20002369,C100182,2026-09-10,29502.0,8.8506,0.0,0.8762,0.0295,0.8851,1.7561,0.0,12.4
TRD30001168,ORD20002369,C100182,2026-09-10,37562.0,11.2686,0.0,1.1156,0.0376,1.1269,2.2359,0.0,15.78
TRD30001169,ORD20002242,C100079,2026-09-10,24659.1,0.0,24.6591,0.7324,0.0247,0.0,0.1363,15.34,40.89
TRD30001170,ORD20000556,C100041,2026-09-10,1670.85,0.0,1.6708,0.0496,0.0017,0.2506,0.0092,0.0,1.98
TRD30001173,ORD20002539,C100163,2026-09-10,12150.95,0.0,12.151,0.3609,0.0122,1.8226,0.0671,0.0,14.41
TRD30001171,ORD20000556,C100041,2026-09-10,5012.55,0.0,5.0126,0.1489,0.005,0.7519,0.0277,0.0,5.95
TRD30001172,ORD20000556,C100041,2026-09-10,3341.7,0.0,3.3417,0.0992,0.0033,0.5013,0.0185,0.0,3.96
TRD30001174,ORD20002119,C100158,2026-09-10,21749.65,6.5249,5.4374,0.646,0.0217,0.0,1.2947,0.0,13.92
TRD30001175,ORD20002119,C100158,2026-09-10,3346.1,1.0038,0.8365,0.0994,0.0033,0.0,0.1992,0.0,2.14
TRD30001176,ORD20002119,C100158,2026-09-10,3346.1,1.0038,0.8365,0.0994,0.0033,0.0,0.1992,0.0,2.14
TRD30001177,ORD20004805,C100018,2026-09-10,10130.4,0.0,10.1304,0.3009,0.0101,0.0,0.056,15.34,25.84
TRD30001178,ORD20004805,C100018,2026-09-10,2532.6,0.0,2.5326,0.0752,0.0025,0.0,0.014,0.0,2.62
TRD30001179,ORD20003194,C100131,2026-09-10,54621.45,16.3864,13.6554,1.6223,0.0546,0.0,3.2514,0.0,34.97
TRD30001180,ORD20003194,C100131,2026-09-10,51820.35,15.5461,12.9551,1.5391,0.0518,0.0,3.0847,0.0,33.18
TRD30001181,ORD20003194,C100131,2026-09-10,22408.8,6.7226,5.6022,0.6655,0.0224,0.0,1.3339,0.0,14.35
TRD30001182,ORD20004551,C100031,2026-09-10,33952.8,10.1858,8.4882,1.0084,0.034,0.0,2.0211,0.0,21.74
TRD30001183,ORD20000519,C100028,2026-09-10,1402.8,0.0,1.4028,0.0417,0.0014,0.2104,0.0078,0.0,1.66
TRD30001184,ORD20000519,C100028,2026-09-10,1870.4,0.0,1.8704,0.0556,0.0019,0.2806,0.0103,0.0,2.22
TRD30001185,ORD20000519,C100028,2026-09-10,1870.4,0.0,1.8704,0.0556,0.0019,0.2806,0.0103,0.0,2.22
TRD30001186,ORD20003853,C100190,2026-09-10,11848.9,3.5547,2.9622,0.3519,0.0118,0.0,0.7053,0.0,7.59
TRD30001187,ORD20003853,C100190,2026-09-10,1688.2,0.5065,0.422,0.0501,0.0017,0.0,0.1005,0.0,1.08
TRD30001188,ORD20003853,C100190,2026-09-10,16895.0,5.0685,4.2238,0.5018,0.0169,0.0,1.0057,0.0,10.82
TRD30001189,ORD20002811,C100037,2026-09-10,25627.2,0.0,25.6272,0.7611,0.0256,3.8441,0.1416,0.0,30.4
TRD30001190,ORD20004434,C100085,2026-09-10,1689.3,0.0,1.6893,0.0502,0.0017,0.2534,0.0093,0.0,2.0
TRD30001191,ORD20004434,C100085,2026-09-10,1689.3,0.0,1.6893,0.0502,0.0017,0.2534,0.0093,0.0,2.0
TRD30001192,ORD20003023,C100064,2026-09-10,7272.0,2.1816,0.0,0.216,0.0073,0.2182,0.4329,0.0,3.06
TRD30001193,ORD20003023,C100064,2026-09-10,29088.0,8.7264,0.0,0.8639,0.0291,0.8726,1.7315,0.0,12.22
TRD30001194,ORD20003767,C100161,2026-09-10,3792.4,1.1377,0.0,0.1126,0.0038,0.1138,0.2257,0.0,1.59
TRD30001195,ORD20003767,C100161,2026-09-10,31330.2,9.3991,0.0,0.9305,0.0313,0.9399,1.865,0.0,13.17
TRD30001196,ORD20002453,C100130,2026-09-10,16721.4,0.0,16.7214,0.4966,0.0167,2.5082,0.0924,0.0,19.84
TRD30001197,ORD20002453,C100130,2026-09-10,30655.9,0.0,30.6559,0.9105,0.0307,4.5984,0.1694,0.0,36.36
TRD30001198,ORD20002453,C100130,2026-09-10,13934.5,0.0,13.9345,0.4139,0.0139,2.0902,0.077,0.0,16.53
TRD30001199,ORD20001345,C100082,2026-09-10,45028.8,13.5086,11.2572,1.3374,0.045,0.0,2.6804,0.0,28.83
TRD30001200,ORD20004067,C100084,2026-09-10,7809.55,2.3429,1.9524,0.2319,0.0078,0.0,0.4649,0.0,5.0
TRD30001201,ORD20002692,C100034,2026-09-10,35562.45,10.6687,0.0,1.0562,0.0356,1.0669,2.1169,0.0,14.94
TRD30001202,ORD20002692,C100034,2026-09-10,17088.45,5.1265,0.0,0.5075,0.0171,0.5127,1.0172,0.0,7.18
TRD30001203,ORD20002692,C100034,2026-09-10,3694.8,1.1084,0.0,0.1097,0.0037,0.1108,0.2199,0.0,1.55
TRD30001204,ORD20001787,C100175,2026-09-10,5069.0,0.0,5.069,0.1505,0.0051,0.7604,0.028,0.0,6.01
TRD30001205,ORD20000841,C100042,2026-09-10,528.9,0.1587,0.1322,0.0157,0.0005,0.0,0.0315,0.0,0.34
TRD30001206,ORD20000841,C100042,2026-09-10,1586.7,0.476,0.3967,0.0471,0.0016,0.0,0.0944,0.0,1.02
TRD30001207,ORD20000841,C100042,2026-09-10,264.45,0.0793,0.0661,0.0079,0.0003,0.0,0.0157,0.0,0.17
TRD30001208,ORD20001761,C100083,2026-09-10,4753.75,0.0,4.7538,0.1412,0.0048,0.7131,0.0263,0.0,5.64
TRD30001209,ORD20000898,C100041,2026-09-10,4923.6,1.4771,1.2309,0.1462,0.0049,0.0,0.2931,0.0,3.15
TRD30001210,ORD20000898,C100041,2026-09-10,2461.8,0.7385,0.6155,0.0731,0.0025,0.0,0.1465,0.0,1.58
TRD30001211,ORD20003172,C100094,2026-09-10,12053.75,3.6161,3.0134,0.358,0.0121,0.0,0.7175,0.0,7.72
TRD30001212,ORD20003172,C100094,2026-09-10,4821.5,1.4464,1.2054,0.1432,0.0048,0.0,0.287,0.0,3.09
TRD30001213,ORD20003172,C100094,2026-09-10,2410.75,0.7232,0.6027,0.0716,0.0024,0.0,0.1435,0.0,1.54
TRD30001214,ORD20003969,C100081,2026-09-10,48448.0,14.5344,48.448,1.4389,0.0484,0.0,2.8839,15.34,82.69
TRD30001215,ORD20003969,C100081,2026-09-10,36349.95,10.905,36.35,1.0796,0.0363,0.0,2.1638,0.0,50.53
TRD30001216,ORD20003969,C100081,2026-09-10,48451.6,14.5355,48.4516,1.439,0.0485,0.0,2.8841,0.0,67.36
TRD30001218,ORD20004030,C100186,2026-09-10,59157.6,0.0,59.1576,1.757,0.0592,8.8736,0.3269,0.0,70.17
TRD30001217,ORD20000624,C100004,2026-09-10,13098.4,3.9295,0.0,0.389,0.0131,0.393,0.7797,0.0,5.5
TRD30001219,ORD20004030,C100186,2026-09-10,34508.6,0.0,34.5086,1.0249,0.0345,5.1763,0.1907,0.0,40.94
TRD30001220,ORD20002624,C100013,2026-09-10,64300.6,19.2902,64.3006,1.9097,0.0643,0.0,3.8276,15.34,104.73
TRD30001221,ORD20000931,C100089,2026-09-10,113141.75,0.0,113.1418,3.3603,0.1131,16.9713,0.6252,0.0,134.21
TRD30001222,ORD20001555,C100048,2026-09-10,24490.2,0.0,24.4902,0.7274,0.0245,3.6735,0.1353,0.0,29.05
TRD30001223,ORD20001291,C100138,2026-09-10,6257.3,1.8772,0.0,0.1858,0.0063,0.1877,0.3725,0.0,2.63
TRD30001224,ORD20004493,C100155,2026-09-11,144362.25,20.0,0.0,4.2876,0.1444,4.3309,4.3977,0.0,33.16
TRD30001225,ORD20004127,C100162,2026-09-11,19223.6,5.7671,0.0,0.5709,0.0192,0.5767,1.1443,0.0,8.08
TRD30001226,ORD20004127,C100162,2026-09-11,41784.1,12.5352,0.0,1.241,0.0418,1.2535,2.4872,0.0,17.56
TRD30001227,ORD20004127,C100162,2026-09-11,1129.9,0.339,0.0,0.0336,0.0011,0.0339,0.0673,0.0,0.47
TRD30001228,ORD20000582,C100147,2026-09-11,12113.3,3.634,0.0,0.3598,0.0121,0.3634,0.7211,0.0,5.09
TRD30001229,ORD20000582,C100147,2026-09-11,12115.9,3.6348,0.0,0.3598,0.0121,0.3635,0.7212,0.0,5.09
TRD30001230,ORD20001630,C100150,2026-09-11,952.8,0.2858,0.2382,0.0283,0.001,0.0,0.0567,0.0,0.61
TRD30001231,ORD20001630,C100150,2026-09-11,11464.8,3.4394,2.8662,0.3405,0.0115,0.0,0.6825,0.0,7.34
TRD30001232,ORD20001630,C100150,2026-09-11,1907.9,0.5724,0.477,0.0567,0.0019,0.0,0.1136,0.0,1.22
TRD30001233,ORD20004317,C100082,2026-09-11,25555.95,7.6668,0.0,0.759,0.0256,0.7667,1.5212,0.0,10.74
TRD30001234,ORD20002964,C100194,2026-09-11,3218.6,0.9656,0.8046,0.0956,0.0032,0.0,0.1916,0.0,2.06
TRD30001235,ORD20002964,C100194,2026-09-11,919.6,0.2759,0.2299,0.0273,0.0009,0.0,0.0547,0.0,0.59
TRD30001236,ORD20001082,C100135,2026-09-11,461.65,0.1385,0.0,0.0137,0.0005,0.0138,0.0275,0.0,0.19
TRD30001237,ORD20001082,C100135,2026-09-11,9233.0,2.7699,0.0,0.2742,0.0092,0.277,0.5496,0.0,3.88
TRD30001238,ORD20002078,C100019,2026-09-11,85449.6,20.0,0.0,2.5379,0.0854,2.5635,4.0722,0.0,29.26
TRD30001239,ORD20003404,C100077,2026-09-11,969.1,0.2907,0.0,0.0288,0.001,0.0291,0.0577,0.0,0.41
TRD30001240,ORD20003404,C100077,2026-09-11,1937.2,0.5812,0.0,0.0575,0.0019,0.0581,0.1153,0.0,0.81
TRD30001241,ORD20003404,C100077,2026-09-11,1937.7,0.5813,0.0,0.0575,0.0019,0.0581,0.1153,0.0,0.81
TRD30001242,ORD20004496,C100089,2026-09-11,38881.2,0.0,38.8812,1.1548,0.0389,0.0,0.2149,15.34,55.63
TRD30001243,ORD20004496,C100089,2026-09-11,14571.9,0.0,14.5719,0.4328,0.0146,0.0,0.0805,0.0,15.1
TRD30001244,ORD20000704,C100057,2026-09-11,57344.4,17.2033,0.0,1.7031,0.0573,1.7203,3.4135,0.0,24.1
TRD30001245,ORD20001667,C100113,2026-09-11,36737.25,11.0212,0.0,1.0911,0.0367,1.1021,2.1868,0.0,15.44
TRD30001246,ORD20001667,C100113,2026-09-11,24491.5,7.3474,0.0,0.7274,0.0245,0.7347,1.4579,0.0,10.29
TRD30001247,ORD20000810,C100185,2026-09-11,5616.0,1.6848,0.0,0.1668,0.0056,0.1685,0.3343,0.0,2.36
TRD30001248,ORD20000810,C100185,2026-09-11,28132.0,8.4396,0.0,0.8355,0.0281,0.844,1.6746,0.0,11.82
TRD30001249,ORD20004740,C100191,2026-09-11,31677.8,9.5033,0.0,0.9408,0.0317,0.9503,1.8857,0.0,13.31
TRD30001250,ORD20000895,C100015,2026-09-11,19340.0,0.0,19.34,0.5744,0.0193,2.901,0.1069,0.0,22.94
TRD30001251,ORD20000895,C100015,2026-09-11,41082.2,0.0,41.0822,1.2201,0.0411,6.1623,0.227,0.0,48.73
TRD30001252,ORD20002037,C100166,2026-09-11,20452.0,6.1356,5.113,0.6074,0.0205,0.0,1.2174,0.0,13.09
TRD30001253,ORD20000907,C100059,2026-09-11,11326.8,0.0,11.3268,0.3364,0.0113,0.0,0.0626,15.34,27.08
TRD30001254,ORD20000907,C100059,2026-09-11,14159.0,0.0,14.159,0.4205,0.0142,0.0,0.0782,0.0,14.67
TRD30001255,ORD20000907,C100059,2026-09-11,4248.45,0.0,4.2484,0.1262,0.0042,0.0,0.0235,0.0,4.4
TRD30001256,ORD20002151,C100105,2026-09-11,17905.6,0.0,17.9056,0.5318,0.0179,0.0,0.0989,15.34,33.89
TRD30001257,ORD20002151,C100105,2026-09-11,28272.0,0.0,28.272,0.8397,0.0283,0.0,0.1562,0.0,29.3
TRD30001258,ORD20001451,C100194,2026-09-11,5732.8,1.7198,0.0,0.1703,0.0057,0.172,0.3413,0.0,2.41
TRD30001259,ORD20001451,C100194,2026-09-11,2508.1,0.7524,0.0,0.0745,0.0025,0.0752,0.1493,0.0,1.05
TRD30001260,ORD20001451,C100194,2026-09-11,5374.5,1.6124,0.0,0.1596,0.0054,0.1612,0.3199,0.0,2.26
TRD30001261,ORD20003697,C100039,2026-09-11,2387.0,0.0,2.387,0.0709,0.0024,0.0,0.0132,15.34,17.81
TRD30001262,ORD20003697,C100039,2026-09-11,2388.5,0.0,2.3885,0.0709,0.0024,0.0,0.0132,0.0,2.48
TRD30001263,ORD20004459,C100028,2026-09-11,21741.85,0.0,21.7418,0.6457,0.0217,3.2613,0.1201,0.0,25.79
TRD30001264,ORD20004879,C100167,2026-09-11,2741.7,0.0,2.7417,0.0814,0.0027,0.0,0.0152,15.34,18.18
TRD30001266,ORD20004846,C100085,2026-09-11,12337.6,0.0,12.3376,0.3664,0.0123,1.8506,0.0682,0.0,14.64
TRD30001265,ORD20004879,C100167,2026-09-11,914.9,0.0,0.9149,0.0272,0.0009,0.0,0.0051,0.0,0.95
TRD30001267,ORD20004846,C100085,2026-09-11,13446.6,0.0,13.4466,0.3994,0.0134,2.017,0.0743,0.0,15.95
TRD30001268,ORD20004846,C100085,2026-09-11,16798.5,0.0,16.7985,0.4989,0.0168,2.5198,0.0928,0.0,19.93
TRD30001269,ORD20002355,C100043,2026-09-11,1689.3,0.0,1.6893,0.0502,0.0017,0.2534,0.0093,0.0,2.0
TRD30001270,ORD20002355,C100043,2026-09-11,1688.05,0.0,1.688,0.0501,0.0017,0.2532,0.0093,0.0,2.0
TRD30001271,ORD20002355,C100043,2026-09-11,8445.0,0.0,8.445,0.2508,0.0084,1.2667,0.0467,0.0,10.02
TRD30001272,ORD20004024,C100040,2026-09-11,5706.9,0.0,5.7069,0.1695,0.0057,0.856,0.0315,0.0,6.77
TRD30001273,ORD20004024,C100040,2026-09-11,11413.8,0.0,11.4138,0.339,0.0114,1.7121,0.0631,0.0,13.54
TRD30001274,ORD20004024,C100040,2026-09-11,2853.45,0.0,2.8534,0.0847,0.0029,0.428,0.0158,0.0,3.38
TRD30001275,ORD20001571,C100065,2026-09-11,8336.25,0.0,8.3362,0.2476,0.0083,0.0,0.0461,15.34,23.98
TRD30001276,ORD20001571,C100065,2026-09-11,25008.75,0.0,25.0088,0.7428,0.025,0.0,0.1382,0.0,25.91
TRD30001277,ORD20000988,C100117,2026-09-11,91709.6,0.0,91.7096,2.7238,0.0917,13.7564,0.5068,0.0,108.79
TRD30001278,ORD20002546,C100027,2026-09-11,7832.3,0.0,7.8323,0.2326,0.0078,0.0,0.0433,15.34,23.46
TRD30001279,ORD20002546,C100027,2026-09-11,19580.75,0.0,19.5808,0.5815,0.0196,0.0,0.1082,0.0,20.29
TRD30001280,ORD20002222,C100057,2026-09-11,86481.5,20.0,0.0,2.5685,0.0865,2.5944,4.0779,0.0,29.33
TRD30001281,ORD20002879,C100020,2026-09-11,3244.1,0.9732,0.811,0.0963,0.0032,0.0,0.1931,0.0,2.08
TRD30001282,ORD20002879,C100020,2026-09-11,4870.95,1.4613,1.2177,0.1447,0.0049,0.0,0.2899,0.0,3.12
TRD30001283,ORD20002879,C100020,2026-09-11,3246.7,0.974,0.8117,0.0964,0.0032,0.0,0.1933,0.0,2.08
TRD30001284,ORD20002484,C100070,2026-09-11,5982.2,0.0,5.9822,0.1777,0.006,0.0,0.0331,15.34,21.54
TRD30001285,ORD20002484,C100070,2026-09-11,2562.0,0.0,2.562,0.0761,0.0026,0.0,0.0142,0.0,2.65
TRD30001286,ORD20001038,C100150,2026-09-11,38479.0,11.5437,0.0,1.1428,0.0385,1.1544,2.2905,0.0,16.17
TRD30001287,ORD20003018,C100055,2026-09-11,2407.1,0.0,2.4071,0.0715,0.0024,0.0,0.0133,15.34,17.83
TRD30001288,ORD20003018,C100055,2026-09-11,2402.35,0.0,2.4023,0.0713,0.0024,0.0,0.0133,0.0,2.49
TRD30001289,ORD20001431,C100094,2026-09-11,14412.6,4.3238,3.6032,0.4281,0.0144,0.0,0.8579,0.0,9.23
TRD30001290,ORD20001431,C100094,2026-09-11,31227.3,9.3682,7.8068,0.9275,0.0312,0.0,1.8588,0.0,19.99
TRD30001291,ORD20001431,C100094,2026-09-11,13611.9,4.0836,3.403,0.4043,0.0136,0.0,0.8103,0.0,8.71
TRD30001292,ORD20002633,C100021,2026-09-11,6083.0,1.8249,1.5208,0.1807,0.0061,0.0,0.3621,0.0,3.89
TRD30001293,ORD20002633,C100021,2026-09-11,21898.8,6.5696,5.4747,0.6504,0.0219,0.0,1.3035,0.0,14.02
TRD30001294,ORD20001577,C100040,2026-09-11,29920.0,0.0,29.92,0.8886,0.0299,4.488,0.1653,0.0,35.49
TRD30001295,ORD20004568,C100155,2026-09-11,6646.5,0.0,6.6465,0.1974,0.0066,0.0,0.0367,15.34,22.23
TRD30001296,ORD20000391,C100149,2026-09-11,2760.2,0.8281,2.7602,0.082,0.0028,0.414,0.1643,0.0,4.25
TRD30001297,ORD20000391,C100149,2026-09-11,2760.2,0.8281,2.7602,0.082,0.0028,0.414,0.1643,0.0,4.25
TRD30001298,ORD20003231,C100002,2026-09-11,4512.5,0.0,4.5125,0.134,0.0045,0.6769,0.0249,0.0,5.35
TRD30001299,ORD20003231,C100002,2026-09-11,8122.5,0.0,8.1225,0.2412,0.0081,1.2184,0.0449,0.0,9.64
TRD30001300,ORD20003376,C100093,2026-09-11,4665.7,1.3997,0.0,0.1386,0.0047,0.14,0.2777,0.0,1.96
TRD30001301,ORD20003376,C100093,2026-09-11,4665.7,1.3997,0.0,0.1386,0.0047,0.14,0.2777,0.0,1.96
TRD30001302,ORD20003376,C100093,2026-09-11,4665.7,1.3997,0.0,0.1386,0.0047,0.14,0.2777,0.0,1.96
TRD30001303,ORD20000164,C100055,2026-09-11,914.7,0.0,0.9147,0.0272,0.0009,0.0,0.0051,15.34,16.29
TRD30001304,ORD20000164,C100055,2026-09-11,4581.0,0.0,4.581,0.1361,0.0046,0.0,0.0253,0.0,4.75
TRD30001305,ORD20000164,C100055,2026-09-11,916.7,0.0,0.9167,0.0272,0.0009,0.0,0.0051,0.0,0.95
TRD30001306,ORD20003677,C100187,2026-09-11,33979.8,10.1939,8.495,1.0092,0.034,0.0,2.0227,0.0,21.75
TRD30001307,ORD20004935,C100159,2026-09-11,14659.75,0.0,14.6598,0.4354,0.0147,2.199,0.081,0.0,17.39
TRD30001308,ORD20001413,C100029,2026-09-11,16760.7,5.0282,0.0,0.4978,0.0168,0.5028,0.9977,0.0,7.04
TRD30001309,ORD20001413,C100029,2026-09-11,7461.2,2.2384,0.0,0.2216,0.0075,0.2238,0.4441,0.0,3.14
TRD30001310,ORD20001413,C100029,2026-09-11,5592.3,1.6777,0.0,0.1661,0.0056,0.1678,0.3329,0.0,2.35
TRD30001311,ORD20002225,C100124,2026-09-11,57237.8,17.1713,14.3095,1.7,0.0572,0.0,3.4071,0.0,36.65
TRD30001312,ORD20002225,C100124,2026-09-11,14931.6,4.4795,3.7329,0.4435,0.0149,0.0,0.8888,0.0,9.56
TRD30001313,ORD20003762,C100057,2026-09-11,17071.2,5.1214,0.0,0.507,0.0171,0.5121,1.0162,0.0,7.17
TRD30001314,ORD20003762,C100057,2026-09-11,948.4,0.2845,0.0,0.0282,0.0009,0.0285,0.0565,0.0,0.4
TRD30001316,ORD20004988,C100142,2026-09-11,8203.3,2.461,2.0508,0.2436,0.0082,0.0,0.4883,0.0,5.25
TRD30001315,ORD20003762,C100057,2026-09-11,7587.2,2.2762,0.0,0.2253,0.0076,0.2276,0.4516,0.0,3.19
TRD30001317,ORD20001752,C100130,2026-09-11,25409.25,7.6228,6.3523,0.7547,0.0254,0.0,1.5125,0.0,16.27
TRD30001318,ORD20002156,C100152,2026-09-11,13702.0,0.0,13.702,0.4069,0.0137,0.0,0.0757,15.34,29.54
TRD30001319,ORD20001357,C100130,2026-09-11,1401.6,0.0,1.4016,0.0416,0.0014,0.0,0.0077,15.34,16.79
TRD30001320,ORD20001357,C100130,2026-09-11,467.0,0.0,0.467,0.0139,0.0005,0.0,0.0026,0.0,0.48
TRD30001321,ORD20001357,C100130,2026-09-11,2338.25,0.0,2.3382,0.0694,0.0023,0.0,0.0129,0.0,2.42
TRD30001322,ORD20002224,C100159,2026-09-11,17322.5,5.1968,0.0,0.5145,0.0173,0.5197,1.0311,0.0,7.28
TRD30001323,ORD20002224,C100159,2026-09-11,95062.5,20.0,0.0,2.8234,0.0951,2.8519,4.1253,0.0,29.9
TRD30001324,ORD20001531,C100198,2026-09-11,11644.25,3.4933,0.0,0.3458,0.0116,0.3493,0.6931,0.0,4.89
TRD30001325,ORD20002682,C100017,2026-09-11,12649.45,0.0,12.6495,0.3757,0.0126,1.8974,0.0699,0.0,15.01
TRD30001326,ORD20002422,C100151,2026-09-11,5372.4,1.6117,1.3431,0.1596,0.0054,0.0,0.3198,0.0,3.44
TRD30001327,ORD20002422,C100151,2026-09-11,1790.8,0.5372,0.4477,0.0532,0.0018,0.0,0.1066,0.0,1.15
TRD30001328,ORD20002962,C100175,2026-09-11,2827.95,0.8484,0.0,0.084,0.0028,0.0848,0.1683,0.0,1.19
TRD30001329,ORD20002962,C100175,2026-09-11,6598.55,1.9796,0.0,0.196,0.0066,0.198,0.3928,0.0,2.77
TRD30001330,ORD20004683,C100097,2026-09-11,23199.2,6.9598,0.0,0.689,0.0232,0.696,1.381,0.0,9.75
TRD30001331,ORD20000454,C100093,2026-09-11,10197.05,3.0591,0.0,0.3029,0.0102,0.3059,0.607,0.0,4.29
TRD30001332,ORD20003793,C100071,2026-09-11,24836.4,7.4509,6.2091,0.7376,0.0248,0.0,1.4784,0.0,15.9
TRD30001333,ORD20003793,C100071,2026-09-11,3105.8,0.9317,0.7765,0.0922,0.0031,0.0,0.1849,0.0,1.99
TRD30001334,ORD20003295,C100122,2026-09-11,7041.6,2.1125,0.0,0.2091,0.007,0.2112,0.4192,0.0,2.96
TRD30001335,ORD20003295,C100122,2026-09-11,49301.7,14.7905,0.0,1.4643,0.0493,1.4791,2.9347,0.0,20.72
TRD30001336,ORD20003920,C100089,2026-09-11,2362.8,0.0,2.3628,0.0702,0.0024,0.0,0.0131,15.34,17.79
TRD30001337,ORD20001600,C100024,2026-09-11,2828.55,0.8486,0.7071,0.084,0.0028,0.0,0.1684,0.0,1.81
TRD30001338,ORD20001600,C100024,2026-09-11,5657.1,1.6971,1.4143,0.168,0.0057,0.0,0.3367,0.0,3.62
TRD30001339,ORD20001600,C100024,2026-09-11,2828.55,0.8486,0.7071,0.084,0.0028,0.0,0.1684,0.0,1.81
TRD30001340,ORD20000719,C100196,2026-09-11,4885.4,0.0,4.8854,0.1451,0.0049,0.0,0.027,15.34,20.4
TRD30001341,ORD20002021,C100046,2026-09-11,14673.05,4.4019,3.6683,0.4358,0.0147,0.0,0.8734,0.0,9.39
TRD30001342,ORD20002431,C100052,2026-09-11,129632.8,20.0,32.4082,3.8501,0.1296,0.0,4.3164,0.0,60.7
TRD30001343,ORD20003341,C100152,2026-09-11,2343.5,0.703,0.0,0.0696,0.0023,0.0703,0.1395,0.0,0.98
TRD30001344,ORD20003341,C100152,2026-09-11,18772.8,5.6318,0.0,0.5576,0.0188,0.5632,1.1175,0.0,7.89
TRD30001345,ORD20003341,C100152,2026-09-11,12903.0,3.8709,0.0,0.3832,0.0129,0.3871,0.7681,0.0,5.42
TRD30001346,ORD20002745,C100172,2026-09-11,3897.7,1.1693,0.9744,0.1158,0.0039,0.0,0.232,0.0,2.5
TRD30001347,ORD20001967,C100197,2026-09-11,1415.75,0.4247,0.0,0.042,0.0014,0.0425,0.0843,0.0,0.59
TRD30001348,ORD20001967,C100197,2026-09-11,566.3,0.1699,0.0,0.0168,0.0006,0.017,0.0337,0.0,0.24
TRD30001349,ORD20001967,C100197,2026-09-11,566.3,0.1699,0.0,0.0168,0.0006,0.017,0.0337,0.0,0.24
TRD30001350,ORD20004351,C100034,2026-09-11,29992.0,8.9976,0.0,0.8908,0.03,0.8998,1.7853,0.0,12.6
TRD30001351,ORD20004351,C100034,2026-09-11,18745.0,5.6235,0.0,0.5567,0.0187,0.5624,1.1158,0.0,7.88
TRD30001352,ORD20004351,C100034,2026-09-11,6560.75,1.9682,0.0,0.1949,0.0066,0.1968,0.3905,0.0,2.76
TRD30001353,ORD20001786,C100080,2026-09-11,12721.5,0.0,12.7215,0.3778,0.0127,0.0,0.0703,15.34,28.52
TRD30001354,ORD20001786,C100080,2026-09-11,12735.8,0.0,12.7358,0.3783,0.0127,0.0,0.0704,0.0,13.2
TRD30001355,ORD20001786,C100080,2026-09-11,2311.5,0.0,2.3115,0.0687,0.0023,0.0,0.0128,0.0,2.4
TRD30001356,ORD20003518,C100044,2026-09-11,438.1,0.1314,0.1095,0.013,0.0004,0.0,0.0261,0.0,0.28
TRD30001357,ORD20003518,C100044,2026-09-11,1314.3,0.3943,0.3286,0.039,0.0013,0.0,0.0782,0.0,0.84
TRD30001358,ORD20003518,C100044,2026-09-11,3066.7,0.92,0.7667,0.0911,0.0031,0.0,0.1825,0.0,1.96
TRD30001359,ORD20001912,C100179,2026-09-11,2907.4,0.0,2.9074,0.0863,0.0029,0.4361,0.0161,0.0,3.45
TRD30001360,ORD20001912,C100179,2026-09-11,1453.7,0.0,1.4537,0.0432,0.0015,0.2181,0.008,0.0,1.72
TRD30001361,ORD20001912,C100179,2026-09-11,1453.7,0.0,1.4537,0.0432,0.0015,0.2181,0.008,0.0,1.72
TRD30001362,ORD20002708,C100160,2026-09-11,1646.2,0.4939,0.0,0.0489,0.0016,0.0494,0.098,0.0,0.69
TRD30001363,ORD20002708,C100160,2026-09-11,32100.9,9.6303,0.0,0.9534,0.0321,0.963,1.9108,0.0,13.49
TRD30001364,ORD20002708,C100160,2026-09-11,23046.8,6.914,0.0,0.6845,0.023,0.6914,1.3719,0.0,9.68
TRD30001365,ORD20000804,C100088,2026-09-11,1004.7,0.0,1.0047,0.0298,0.001,0.1507,0.0056,0.0,1.19
TRD30001366,ORD20001085,C100066,2026-09-11,17690.4,5.3071,4.4226,0.5254,0.0177,0.0,1.053,0.0,11.33
TRD30001367,ORD20001085,C100066,2026-09-11,46267.2,13.8802,11.5668,1.3741,0.0463,0.0,2.7541,0.0,29.62
TRD30001368,ORD20001579,C100151,2026-09-11,2670.3,0.8011,0.0,0.0793,0.0027,0.0801,0.159,0.0,1.12
TRD30001369,ORD20001579,C100151,2026-09-11,4005.45,1.2016,0.0,0.119,0.004,0.1202,0.2384,0.0,1.68
TRD30001370,ORD20001579,C100151,2026-09-11,18247.05,5.4741,0.0,0.5419,0.0182,0.5474,1.0862,0.0,7.67
TRD30001371,ORD20001725,C100064,2026-09-11,1587.1,0.4761,0.3968,0.0471,0.0016,0.0,0.0945,0.0,1.02
TRD30001372,ORD20001725,C100064,2026-09-11,1589.1,0.4767,0.3973,0.0472,0.0016,0.0,0.0946,0.0,1.02
TRD30001373,ORD20002226,C100189,2026-09-11,59917.5,17.9752,0.0,1.7795,0.0599,1.7975,3.5666,0.0,25.18
TRD30001374,ORD20004713,C100004,2026-09-11,3218.9,0.0,3.2189,0.0956,0.0032,0.0,0.0178,15.34,18.68
TRD30001375,ORD20004713,C100004,2026-09-11,1609.45,0.0,1.6094,0.0478,0.0016,0.0,0.0089,0.0,1.67
TRD30001376,ORD20004604,C100087,2026-09-11,30324.0,9.0972,0.0,0.9006,0.0303,0.9097,1.8051,0.0,12.74
TRD30001377,ORD20003996,C100037,2026-09-11,3420.95,1.0263,0.0,0.1016,0.0034,0.1026,0.2036,0.0,1.44
TRD30001378,ORD20003996,C100037,2026-09-11,263.15,0.0789,0.0,0.0078,0.0003,0.0079,0.0157,0.0,0.11
TRD30001379,ORD20001545,C100002,2026-09-11,5101.5,1.5304,0.0,0.1515,0.0051,0.153,0.3037,0.0,2.14
TRD30001380,ORD20001545,C100002,2026-09-11,1700.5,0.5102,0.0,0.0505,0.0017,0.051,0.1012,0.0,0.71
TRD30001381,ORD20003366,C100082,2026-09-11,39813.0,11.9439,9.9532,1.1824,0.0398,0.0,2.3699,0.0,25.49
TRD30001382,ORD20003366,C100082,2026-09-11,25965.0,7.7895,6.4912,0.7712,0.026,0.0,1.5456,0.0,16.62
TRD30001383,ORD20003366,C100082,2026-09-11,3462.0,1.0386,0.8655,0.1028,0.0035,0.0,0.2061,0.0,2.22
TRD30001384,ORD20001388,C100166,2026-09-11,35871.6,10.7615,8.9679,1.0654,0.0359,0.0,2.1353,0.0,22.97
TRD30001385,ORD20001388,C100166,2026-09-11,17930.7,5.3792,4.4827,0.5325,0.0179,0.0,1.0673,0.0,11.48
TRD30001386,ORD20001388,C100166,2026-09-11,14952.5,4.4857,3.7381,0.4441,0.015,0.0,0.8901,0.0,9.57
TRD30001387,ORD20003206,C100148,2026-09-11,6673.5,0.0,6.6735,0.1982,0.0067,1.001,0.0369,0.0,7.92
TRD30001388,ORD20003206,C100148,2026-09-11,77866.25,0.0,77.8663,2.3126,0.0779,11.6799,0.4303,0.0,92.37
TRD30001389,ORD20000773,C100006,2026-09-11,2353.3,0.706,0.0,0.0699,0.0024,0.0706,0.1401,0.0,0.99
TRD30001390,ORD20000773,C100006,2026-09-11,2353.3,0.706,0.0,0.0699,0.0024,0.0706,0.1401,0.0,0.99
TRD30001391,ORD20004605,C100010,2026-09-11,31350.25,9.4051,0.0,0.9311,0.0314,0.9405,1.8662,0.0,13.17
TRD30001392,ORD20004188,C100198,2026-09-11,12019.55,0.0,12.0195,0.357,0.012,1.8029,0.0664,0.0,14.26
TRD30001393,ORD20000608,C100047,2026-09-11,7578.5,0.0,7.5785,0.2251,0.0076,0.0,0.0419,15.34,23.19
TRD30001394,ORD20000608,C100047,2026-09-11,3030.6,0.0,3.0306,0.09,0.003,0.0,0.0167,0.0,3.14
TRD30001395,ORD20003582,C100138,2026-09-11,1678.2,0.0,1.6782,0.0498,0.0017,0.0,0.0093,15.34,17.08
TRD30001396,ORD20003582,C100138,2026-09-11,1678.2,0.0,1.6782,0.0498,0.0017,0.0,0.0093,0.0,1.74
TRD30001397,ORD20003582,C100138,2026-09-11,1957.55,0.0,1.9576,0.0581,0.002,0.0,0.0108,0.0,2.03
TRD30001398,ORD20004590,C100014,2026-09-11,937.7,0.0,0.9377,0.0278,0.0009,0.0,0.0052,15.34,16.31
TRD30001399,ORD20004590,C100014,2026-09-11,937.7,0.0,0.9377,0.0278,0.0009,0.0,0.0052,0.0,0.97
TRD30001400,ORD20004590,C100014,2026-09-11,2813.1,0.0,2.8131,0.0835,0.0028,0.0,0.0155,0.0,2.91
TRD30001401,ORD20003437,C100119,2026-09-11,30284.7,0.0,30.2847,0.8995,0.0303,4.5427,0.1674,0.0,35.92
TRD30001402,ORD20003616,C100067,2026-09-11,4081.05,1.2243,1.0203,0.1212,0.0041,0.0,0.2429,0.0,2.61
TRD30001403,ORD20003616,C100067,2026-09-11,1360.35,0.4081,0.3401,0.0404,0.0014,0.0,0.081,0.0,0.87
TRD30001404,ORD20003616,C100067,2026-09-11,1360.35,0.4081,0.3401,0.0404,0.0014,0.0,0.081,0.0,0.87
TRD30001405,ORD20003929,C100012,2026-09-11,16926.6,5.078,0.0,0.5027,0.0169,0.5078,1.0076,0.0,7.11
TRD30001406,ORD20003929,C100012,2026-09-11,11297.2,3.3892,0.0,0.3355,0.0113,0.3389,0.6725,0.0,4.75
TRD30001407,ORD20004048,C100117,2026-09-11,17187.4,5.1562,0.0,0.5105,0.0172,0.5156,1.0231,0.0,7.22
TRD30001408,ORD20001563,C100038,2026-09-11,3214.2,0.0,3.2142,0.0955,0.0032,0.0,0.0178,15.34,18.67
TRD30001409,ORD20001563,C100038,2026-09-11,2142.8,0.0,2.1428,0.0636,0.0021,0.0,0.0118,0.0,2.22
TRD30001410,ORD20001563,C100038,2026-09-11,2142.8,0.0,2.1428,0.0636,0.0021,0.0,0.0118,0.0,2.22
TRD30001411,ORD20003785,C100032,2026-09-11,33220.25,9.9661,8.3051,0.9866,0.0332,0.0,1.9775,0.0,21.27
TRD30001412,ORD20002306,C100129,2026-09-11,12389.0,0.0,12.389,0.368,0.0124,1.8584,0.0685,0.0,14.7
TRD30001414,ORD20000735,C100056,2026-09-11,81581.4,0.0,81.5814,2.423,0.0816,12.2372,0.4508,0.0,96.77
TRD30001413,ORD20002306,C100129,2026-09-11,4765.0,0.0,4.765,0.1415,0.0048,0.7147,0.0263,0.0,5.65
TRD30001415,ORD20000099,C100167,2026-09-11,6634.6,1.9904,0.0,0.197,0.0066,0.199,0.3949,0.0,2.79
TRD30001416,ORD20000099,C100167,2026-09-11,3317.3,0.9952,0.0,0.0985,0.0033,0.0995,0.1975,0.0,1.39
TRD30001417,ORD20002883,C100070,2026-09-11,1618.35,0.4855,0.0,0.0481,0.0016,0.0486,0.0963,0.0,0.68
TRD30001418,ORD20002883,C100070,2026-09-11,16183.5,4.855,0.0,0.4806,0.0162,0.4855,0.9633,0.0,6.8
TRD30001419,ORD20002883,C100070,2026-09-11,14565.15,4.3695,0.0,0.4326,0.0146,0.437,0.867,0.0,6.12
TRD30001420,ORD20001023,C100151,2026-09-11,9329.6,2.7989,0.0,0.2771,0.0093,0.2799,0.5554,0.0,3.92
TRD30001421,ORD20001607,C100185,2026-09-11,1742.4,0.5227,0.0,0.0517,0.0017,0.0523,0.1037,0.0,0.73
TRD30001422,ORD20001607,C100185,2026-09-11,65775.6,19.7327,0.0,1.9535,0.0658,1.9733,3.9154,0.0,27.64
TRD30001423,ORD20001338,C100108,2026-09-11,11417.9,3.4254,0.0,0.3391,0.0114,0.3425,0.6797,0.0,4.8
TRD30001424,ORD20001338,C100108,2026-09-11,11417.9,3.4254,0.0,0.3391,0.0114,0.3425,0.6797,0.0,4.8
TRD30001425,ORD20001338,C100108,2026-09-11,45671.6,13.7015,0.0,1.3564,0.0457,1.3701,2.7186,0.0,19.19
TRD30001426,ORD20000548,C100135,2026-09-11,57330.8,17.1992,14.3327,1.7027,0.0573,0.0,3.4127,0.0,36.7
TRD30001427,ORD20000694,C100171,2026-09-11,765.0,0.0,0.765,0.0227,0.0008,0.1148,0.0042,0.0,0.91
TRD30001428,ORD20000694,C100171,2026-09-11,10327.5,0.0,10.3275,0.3067,0.0103,1.5491,0.0571,0.0,12.25
TRD30001429,ORD20000694,C100171,2026-09-11,2677.5,0.0,2.6775,0.0795,0.0027,0.4016,0.0148,0.0,3.18
TRD30001430,ORD20002656,C100060,2026-09-11,5064.8,0.0,5.0648,0.1504,0.0051,0.0,0.028,15.34,20.59
TRD30001431,ORD20003108,C100078,2026-09-11,12448.6,3.7346,3.1122,0.3697,0.0124,0.0,0.741,0.0,7.97
TRD30001432,ORD20003108,C100078,2026-09-11,12459.45,3.7378,3.1149,0.37,0.0125,0.0,0.7417,0.0,7.98
TRD30001433,ORD20003186,C100157,2026-09-11,11743.25,0.0,11.7432,0.3488,0.0117,0.0,0.0649,15.34,27.51
TRD30001434,ORD20003186,C100157,2026-09-11,11743.25,0.0,11.7432,0.3488,0.0117,0.0,0.0649,0.0,12.17
TRD30001435,ORD20003944,C100087,2026-09-11,42270.4,12.6811,0.0,1.2554,0.0423,1.2681,2.5162,0.0,17.76
TRD30001436,ORD20003944,C100087,2026-09-11,9838.8,2.9516,0.0,0.2922,0.0098,0.2952,0.5857,0.0,4.13
TRD30001437,ORD20002826,C100081,2026-09-11,1597.55,0.4793,0.0,0.0474,0.0016,0.0479,0.0951,0.0,0.67
TRD30001438,ORD20002826,C100081,2026-09-11,4799.4,1.4398,0.0,0.1425,0.0048,0.144,0.2857,0.0,2.02
TRD30001439,ORD20002826,C100081,2026-09-11,3196.4,0.9589,0.0,0.0949,0.0032,0.0959,0.1903,0.0,1.34
TRD30001440,ORD20000632,C100126,2026-09-11,5231.4,1.5694,0.0,0.1554,0.0052,0.1569,0.3114,0.0,2.2
TRD30001441,ORD20000632,C100126,2026-09-11,8719.0,2.6157,0.0,0.259,0.0087,0.2616,0.519,0.0,3.66
TRD30001442,ORD20001071,C100064,2026-09-11,6568.8,1.9706,6.5688,0.1951,0.0066,0.9853,0.391,0.0,10.12
TRD30001443,ORD20001447,C100186,2026-09-11,12206.95,3.6621,0.0,0.3625,0.0122,0.3662,0.7266,0.0,5.13
TRD30001444,ORD20000697,C100157,2026-09-11,1210.4,0.3631,0.3026,0.0359,0.0012,0.0,0.0721,0.0,0.77
TRD30001445,ORD20000697,C100157,2026-09-11,3631.2,1.0894,0.9078,0.1078,0.0036,0.0,0.2162,0.0,2.32
TRD30001446,ORD20001296,C100090,2026-09-11,7176.9,2.1531,1.7942,0.2132,0.0072,0.0,0.4272,0.0,4.59
TRD30001447,ORD20001296,C100090,2026-09-11,4784.6,1.4354,1.1962,0.1421,0.0048,0.0,0.2848,0.0,3.06
TRD30001448,ORD20001296,C100090,2026-09-11,7176.9,2.1531,1.7942,0.2132,0.0072,0.0,0.4272,0.0,4.59
TRD30001449,ORD20004757,C100127,2026-09-11,4894.2,1.4683,0.0,0.1454,0.0049,0.1468,0.2913,0.0,2.06
TRD30001450,ORD20001793,C100073,2026-09-11,87358.0,0.0,87.358,2.5945,0.0874,0.0,0.4827,15.34,105.86
TRD30001451,ORD20003210,C100107,2026-09-11,92469.3,20.0,23.1173,2.7463,0.0925,0.0,4.111,0.0,50.07
TRD30001452,ORD20003496,C100078,2026-09-11,147490.2,20.0,36.8726,4.3805,0.1475,0.0,4.415,0.0,65.82
TRD30001453,ORD20003305,C100112,2026-09-11,14065.5,4.2196,0.0,0.4177,0.0141,0.422,0.8373,0.0,5.91
TRD30001454,ORD20004594,C100100,2026-09-11,10105.5,3.0316,0.0,0.3001,0.0101,0.3032,0.6015,0.0,4.25
TRD30001455,ORD20004594,C100100,2026-09-11,1686.5,0.506,0.0,0.0501,0.0017,0.0506,0.1004,0.0,0.71
TRD30001456,ORD20004594,C100100,2026-09-11,1685.75,0.5057,0.0,0.0501,0.0017,0.0506,0.1003,0.0,0.71
TRD30001457,ORD20000094,C100077,2026-09-11,43560.1,13.068,10.89,1.2937,0.0436,0.0,2.593,0.0,27.89
TRD30001458,ORD20000094,C100077,2026-09-11,7063.8,2.1191,1.766,0.2098,0.0071,0.0,0.4205,0.0,4.52
TRD30001459,ORD20000949,C100152,2026-09-11,2921.8,0.0,2.9218,0.0868,0.0029,0.0,0.0161,15.34,18.37
TRD30001460,ORD20000949,C100152,2026-09-11,2921.8,0.0,2.9218,0.0868,0.0029,0.0,0.0161,0.0,3.03
TRD30001461,ORD20000949,C100152,2026-09-11,5843.6,0.0,5.8436,0.1736,0.0058,0.0,0.0323,0.0,6.06
TRD30001462,ORD20001932,C100058,2026-09-11,27779.4,0.0,27.7794,0.825,0.0278,4.1669,0.1535,0.0,32.95
TRD30001463,ORD20001932,C100058,2026-09-11,75762.0,0.0,75.762,2.2501,0.0758,11.3643,0.4187,0.0,89.87
TRD30001464,ORD20001932,C100058,2026-09-11,27779.4,0.0,27.7794,0.825,0.0278,4.1669,0.1535,0.0,32.95
TRD30001465,ORD20002935,C100033,2026-09-11,41868.0,12.5604,0.0,1.2435,0.0419,1.256,2.4922,0.0,17.59
TRD30001466,ORD20002935,C100033,2026-09-11,6979.8,2.0939,0.0,0.2073,0.007,0.2094,0.4155,0.0,2.93
TRD30001467,ORD20001177,C100128,2026-09-11,89758.95,0.0,89.759,2.6658,0.0898,13.4638,0.496,0.0,106.47
TRD30001468,ORD20000680,C100032,2026-09-11,8375.4,2.5126,0.0,0.2487,0.0084,0.2513,0.4986,0.0,3.52
TRD30001469,ORD20000680,C100032,2026-09-11,2791.8,0.8375,0.0,0.0829,0.0028,0.0838,0.1662,0.0,1.17
TRD30001470,ORD20000906,C100022,2026-09-11,32726.0,9.8178,8.1815,0.972,0.0327,0.0,1.948,0.0,20.95
TRD30001471,ORD20000906,C100022,2026-09-11,11454.1,3.4362,2.8635,0.3402,0.0115,0.0,0.6818,0.0,7.33
TRD30001473,ORD20000647,C100170,2026-09-11,4057.65,0.0,4.0576,0.1205,0.0041,0.6086,0.0224,0.0,4.81
TRD30001474,ORD20000647,C100170,2026-09-11,3151.05,0.0,3.151,0.0936,0.0032,0.4727,0.0174,0.0,3.74
TRD30001472,ORD20000906,C100022,2026-09-11,19635.6,5.8907,4.9089,0.5832,0.0196,0.0,1.1688,0.0,12.57
TRD30001475,ORD20002957,C100057,2026-09-11,12042.1,3.6126,0.0,0.3577,0.012,0.3613,0.7168,0.0,5.06
TRD30001476,ORD20004223,C100007,2026-09-11,5093.7,0.0,5.0937,0.1513,0.0051,0.0,0.0281,15.34,20.62
TRD30001477,ORD20004223,C100007,2026-09-11,3395.8,0.0,3.3958,0.1009,0.0034,0.0,0.0188,0.0,3.52
TRD30001478,ORD20003338,C100063,2026-09-11,127270.0,0.0,127.27,3.7799,0.1273,0.0,0.7033,15.34,147.22
TRD30001479,ORD20001749,C100022,2026-09-11,2932.6,0.8798,0.0,0.0871,0.0029,0.088,0.1746,0.0,1.23
TRD30001480,ORD20000254,C100180,2026-09-11,11562.95,3.4689,2.8907,0.3434,0.0116,0.0,0.6883,0.0,7.4
TRD30001481,ORD20000670,C100195,2026-09-11,13631.8,4.0895,3.408,0.4049,0.0136,0.0,0.8114,0.0,8.73
TRD30001482,ORD20000188,C100163,2026-09-11,14089.65,0.0,14.0896,0.4185,0.0141,2.1134,0.0779,0.0,16.71
TRD30001483,ORD20000188,C100163,2026-09-11,1457.55,0.0,1.4575,0.0433,0.0015,0.2186,0.0081,0.0,1.73
TRD30001484,ORD20000188,C100163,2026-09-11,38382.15,0.0,38.3822,1.1399,0.0384,5.7573,0.2121,0.0,45.53
TRD30001485,ORD20000770,C100163,2026-09-11,65637.5,19.6912,0.0,1.9494,0.0656,1.9691,3.9071,0.0,27.58
TRD30001486,ORD20001710,C100101,2026-09-11,6142.25,1.8427,1.5356,0.1824,0.0061,0.0,0.3656,0.0,3.93
TRD30001487,ORD20001710,C100101,2026-09-11,63879.4,19.1638,15.9698,1.8972,0.0639,0.0,3.8025,0.0,40.9
TRD30001488,ORD20003443,C100176,2026-09-11,13381.9,4.0146,0.0,0.3974,0.0134,0.4015,0.7966,0.0,5.62
TRD30001489,ORD20003806,C100176,2026-09-11,4951.8,1.4855,0.0,0.1471,0.005,0.1486,0.2948,0.0,2.08
TRD30001490,ORD20003806,C100176,2026-09-11,19811.2,5.9434,0.0,0.5884,0.0198,0.5943,1.1793,0.0,8.33
TRD30001491,ORD20003806,C100176,2026-09-11,42040.15,12.612,0.0,1.2486,0.042,1.2612,2.5025,0.0,17.67
TRD30001492,ORD20003465,C100173,2026-09-11,5662.1,0.0,5.6621,0.1682,0.0057,0.0,0.0313,15.34,21.21
TRD30001493,ORD20003465,C100173,2026-09-11,8510.4,0.0,8.5104,0.2528,0.0085,0.0,0.047,0.0,8.82
TRD30001494,ORD20003465,C100173,2026-09-11,14160.5,0.0,14.1605,0.4206,0.0142,0.0,0.0783,0.0,14.67
TRD30001495,ORD20001231,C100015,2026-09-11,8823.6,2.6471,2.2059,0.2621,0.0088,0.0,0.5252,0.0,5.65
TRD30001496,ORD20001231,C100015,2026-09-11,5108.4,1.5325,1.2771,0.1517,0.0051,0.0,0.3041,0.0,3.27
TRD30001497,ORD20000761,C100142,2026-09-11,11724.85,3.5175,2.9312,0.3482,0.0117,0.0,0.6979,0.0,7.51
TRD30001498,ORD20000360,C100037,2026-09-11,2857.6,0.8573,0.7144,0.0849,0.0029,0.0,0.1701,0.0,1.83
TRD30001499,ORD20000360,C100037,2026-09-11,1428.8,0.4286,0.3572,0.0424,0.0014,0.0,0.0851,0.0,0.91
TRD30001500,ORD20004321,C100000,2026-09-11,10061.2,0.0,10.0612,0.2988,0.0101,0.0,0.0556,15.34,25.77
TRD30001501,ORD20000062,C100044,2026-09-11,146652.0,20.0,0.0,4.3556,0.1467,4.3996,4.4104,0.0,33.31
TRD30001502,ORD20001635,C100008,2026-09-11,34032.6,0.0,34.0326,1.0108,0.034,0.0,0.1881,15.34,50.61
TRD30001503,ORD20001635,C100008,2026-09-11,39108.5,0.0,39.1085,1.1615,0.0391,0.0,0.2161,0.0,40.53
TRD30001504,ORD20002782,C100006,2026-09-11,29527.0,0.0,29.527,0.877,0.0295,4.429,0.1632,0.0,35.03
TRD30001505,ORD20001042,C100021,2026-09-11,1632.3,0.4897,0.4081,0.0485,0.0016,0.0,0.0972,0.0,1.05
TRD30001506,ORD20001042,C100021,2026-09-11,816.15,0.2448,0.204,0.0242,0.0008,0.0,0.0486,0.0,0.52
TRD30001507,ORD20001042,C100021,2026-09-11,816.15,0.2448,0.204,0.0242,0.0008,0.0,0.0486,0.0,0.52
TRD30001508,ORD20002106,C100039,2026-09-11,4599.2,1.3798,0.0,0.1366,0.0046,0.138,0.2738,0.0,1.93
TRD30001509,ORD20002106,C100039,2026-09-11,27536.4,8.2609,0.0,0.8178,0.0275,0.8261,1.6391,0.0,11.57
TRD30001510,ORD20002106,C100039,2026-09-11,5741.75,1.7225,0.0,0.1705,0.0057,0.1723,0.3418,0.0,2.41
TRD30001511,ORD20000713,C100192,2026-09-11,1014.0,0.3042,0.2535,0.0301,0.001,0.0,0.0604,0.0,0.65
TRD30001512,ORD20000713,C100192,2026-09-11,5323.5,1.597,1.3309,0.1581,0.0053,0.0,0.3169,0.0,3.41
TRD30001513,ORD20000713,C100192,2026-09-11,760.5,0.2282,0.1901,0.0226,0.0008,0.0,0.0453,0.0,0.49
TRD30001514,ORD20003949,C100147,2026-09-11,134622.9,0.0,134.6229,3.9983,0.1346,20.1934,0.7439,0.0,159.69
TRD30001515,ORD20004636,C100044,2026-09-11,2430.35,0.7291,0.6076,0.0722,0.0024,0.0,0.1447,0.0,1.56
TRD30001516,ORD20000521,C100135,2026-09-11,77703.2,20.0,19.4258,2.3078,0.0777,0.0,4.0294,0.0,45.84
TRD30001517,ORD20002311,C100042,2026-09-11,7699.5,2.3098,0.0,0.2287,0.0077,0.231,0.4583,0.0,3.24
TRD30001518,ORD20002311,C100042,2026-09-11,7699.5,2.3098,0.0,0.2287,0.0077,0.231,0.4583,0.0,3.24
TRD30001519,ORD20002311,C100042,2026-09-11,7699.5,2.3098,0.0,0.2287,0.0077,0.231,0.4583,0.0,3.24
TRD30001520,ORD20000503,C100080,2026-09-11,1961.8,0.5885,0.0,0.0583,0.002,0.0589,0.1168,0.0,0.82
TRD30001521,ORD20000503,C100080,2026-09-11,1961.8,0.5885,0.0,0.0583,0.002,0.0589,0.1168,0.0,0.82
TRD30001522,ORD20000503,C100080,2026-09-11,5885.4,1.7656,0.0,0.1748,0.0059,0.1766,0.3503,0.0,2.47
TRD30001523,ORD20003417,C100177,2026-09-11,27309.6,8.1929,6.8274,0.8111,0.0273,0.0,1.6256,0.0,17.48
TRD30001524,ORD20003417,C100177,2026-09-11,1138.8,0.3416,0.2847,0.0338,0.0011,0.0,0.0678,0.0,0.73
TRD30001525,ORD20004079,C100173,2026-09-11,1560.3,0.4681,0.3901,0.0463,0.0016,0.0,0.0929,0.0,1.0
TRD30001526,ORD20004079,C100173,2026-09-11,3120.6,0.9362,0.7802,0.0927,0.0031,0.0,0.1858,0.0,2.0
TRD30001527,ORD20000204,C100029,2026-09-11,65566.8,19.67,16.3917,1.9473,0.0656,0.0,3.9029,0.0,41.98
TRD30001528,ORD20000204,C100029,2026-09-11,36414.0,10.9242,9.1035,1.0815,0.0364,0.0,2.1676,0.0,23.31
TRD30001529,ORD20001867,C100007,2026-09-11,24697.6,0.0,24.6976,0.7335,0.0247,3.7046,0.1365,0.0,29.3
TRD30001530,ORD20001867,C100007,2026-09-11,12348.8,0.0,12.3488,0.3668,0.0123,1.8523,0.0682,0.0,14.65
TRD30001531,ORD20004710,C100118,2026-09-11,35068.8,10.5206,0.0,1.0415,0.0351,1.0521,2.0875,0.0,14.74
TRD30001532,ORD20004710,C100118,2026-09-11,8767.2,2.6302,0.0,0.2604,0.0088,0.263,0.5219,0.0,3.68
TRD30001533,ORD20004710,C100118,2026-09-11,14612.0,4.3836,0.0,0.434,0.0146,0.4384,0.8698,0.0,6.14
TRD30001534,ORD20004115,C100129,2026-09-11,32289.6,9.6869,8.0724,0.959,0.0323,0.0,1.9221,0.0,20.67
TRD30001535,ORD20004115,C100129,2026-09-11,2304.35,0.6913,0.5761,0.0684,0.0023,0.0,0.1372,0.0,1.48
TRD30001536,ORD20000518,C100153,2026-09-11,30562.2,9.1687,30.5622,0.9077,0.0306,4.5843,1.8192,0.0,47.07
TRD30001537,ORD20000518,C100153,2026-09-11,5093.7,1.5281,5.0937,0.1513,0.0051,0.7641,0.3032,0.0,7.85
TRD30001538,ORD20004750,C100082,2026-09-11,15365.25,4.6096,0.0,0.4563,0.0154,0.461,0.9146,0.0,6.46
TRD30001539,ORD20004750,C100082,2026-09-11,39266.75,11.78,0.0,1.1662,0.0393,1.178,2.3374,0.0,16.5
TRD30001540,ORD20002490,C100040,2026-09-11,2648.4,0.0,2.6484,0.0787,0.0026,0.0,0.0146,15.34,18.08
TRD30001541,ORD20002490,C100040,2026-09-11,7945.2,0.0,7.9452,0.236,0.0079,0.0,0.0439,0.0,8.23
TRD30001542,ORD20003669,C100173,2026-09-11,33450.0,0.0,33.45,0.9935,0.0334,5.0175,0.1848,0.0,39.68
TRD30001543,ORD20004110,C100145,2026-09-11,928.15,0.0,0.9282,0.0276,0.0009,0.1392,0.0051,0.0,1.1
TRD30001544,ORD20004110,C100145,2026-09-11,928.15,0.0,0.9282,0.0276,0.0009,0.1392,0.0051,0.0,1.1
TRD30001545,ORD20004110,C100145,2026-09-11,928.15,0.0,0.9282,0.0276,0.0009,0.1392,0.0051,0.0,1.1
TRD30001546,ORD20001014,C100057,2026-09-11,128630.15,20.0,128.6301,3.8203,0.1286,0.0,4.3108,15.34,172.23
TRD30001547,ORD20001639,C100053,2026-09-11,31078.3,9.3235,0.0,0.923,0.0311,0.9323,1.85,0.0,13.06
TRD30001548,ORD20001639,C100053,2026-09-11,33864.0,10.1592,0.0,1.0058,0.0339,1.0159,2.0158,0.0,14.23
TRD30001549,ORD20001903,C100061,2026-09-11,1153.0,0.0,1.153,0.0342,0.0012,0.173,0.0064,0.0,1.37
TRD30001550,ORD20001903,C100061,2026-09-11,3459.0,0.0,3.459,0.1027,0.0035,0.5188,0.0191,0.0,4.1
TRD30001551,ORD20002394,C100161,2026-09-11,12834.0,3.8502,3.2085,0.3812,0.0128,0.0,0.764,0.0,8.22
TRD30001552,ORD20001219,C100002,2026-09-11,11092.9,3.3279,2.7732,0.3295,0.0111,0.0,0.6603,0.0,7.1
TRD30001553,ORD20002818,C100007,2026-09-11,29521.7,8.8565,0.0,0.8768,0.0295,0.8857,1.7573,0.0,12.41
TRD30001554,ORD20002818,C100007,2026-09-11,2270.9,0.6813,0.0,0.0674,0.0023,0.0681,0.1352,0.0,0.95
TRD30001555,ORD20002818,C100007,2026-09-11,18167.2,5.4502,0.0,0.5396,0.0182,0.545,1.0814,0.0,7.63
TRD30001556,ORD20000512,C100045,2026-09-11,950.15,0.0,0.9502,0.0282,0.001,0.0,0.0053,15.34,16.32
TRD30001557,ORD20000512,C100045,2026-09-11,950.6,0.0,0.9506,0.0282,0.001,0.0,0.0053,0.0,0.99
TRD30001558,ORD20000512,C100045,2026-09-11,1901.2,0.0,1.9012,0.0565,0.0019,0.0,0.0105,0.0,1.97
TRD30001559,ORD20001010,C100079,2026-09-11,5624.9,1.6875,1.4062,0.1671,0.0056,0.0,0.3348,0.0,3.6
TRD30001560,ORD20001010,C100079,2026-09-11,5624.6,1.6874,1.4062,0.1671,0.0056,0.0,0.3348,0.0,3.6
TRD30001561,ORD20002813,C100099,2026-09-11,13732.95,4.1199,3.4332,0.4079,0.0137,0.0,0.8175,0.0,8.79
TRD30001562,ORD20003520,C100010,2026-09-11,8257.95,2.4774,0.0,0.2453,0.0083,0.2477,0.4916,0.0,3.47
TRD30001563,ORD20003520,C100010,2026-09-11,1832.0,0.5496,0.0,0.0544,0.0018,0.055,0.1091,0.0,0.77
TRD30001564,ORD20003520,C100010,2026-09-11,1831.8,0.5495,0.0,0.0544,0.0018,0.055,0.109,0.0,0.77
TRD30001565,ORD20004859,C100192,2026-09-11,8656.0,2.5968,2.164,0.2571,0.0087,0.0,0.5153,0.0,5.54
TRD30001566,ORD20004859,C100192,2026-09-11,10387.2,3.1162,2.5968,0.3085,0.0104,0.0,0.6183,0.0,6.65
TRD30001567,ORD20003723,C100129,2026-09-11,17219.7,5.1659,0.0,0.5114,0.0172,0.5166,1.025,0.0,7.24
TRD30001568,ORD20003723,C100129,2026-09-11,2718.9,0.8157,0.0,0.0808,0.0027,0.0816,0.1618,0.0,1.14
TRD30001569,ORD20001438,C100197,2026-09-11,127721.0,20.0,31.9302,3.7933,0.1277,0.0,4.3058,0.0,60.16
TRD30001570,ORD20001438,C100197,2026-09-11,7513.0,2.2539,1.8782,0.2231,0.0075,0.0,0.4472,0.0,4.81
TRD30001571,ORD20001438,C100197,2026-09-11,3756.5,1.1269,0.9391,0.1116,0.0038,0.0,0.2236,0.0,2.4
TRD30001572,ORD20004121,C100104,2026-09-11,26301.95,7.8906,6.5755,0.7812,0.0263,0.0,1.5656,0.0,16.84
TRD30001573,ORD20003701,C100110,2026-09-11,27343.05,8.2029,0.0,0.8121,0.0273,0.8203,1.6276,0.0,11.49
TRD30001574,ORD20002186,C100038,2026-09-11,14984.8,0.0,14.9848,0.445,0.015,0.0,0.0828,15.34,30.87
TRD30001575,ORD20002186,C100038,2026-09-11,6540.8,0.0,6.5408,0.1943,0.0065,0.0,0.0361,0.0,6.78
TRD30001576,ORD20002186,C100038,2026-09-11,31813.8,0.0,31.8138,0.9449,0.0318,0.0,0.1758,0.0,32.97
TRD30001577,ORD20000401,C100072,2026-09-11,27858.7,0.0,27.8587,0.8274,0.0279,4.1788,0.1539,0.0,33.05
TRD30001578,ORD20000401,C100072,2026-09-11,3200.4,0.0,3.2004,0.0951,0.0032,0.4801,0.0177,0.0,3.8
TRD30001579,ORD20000330,C100097,2026-09-11,54979.7,16.4939,13.7449,1.6329,0.055,0.0,3.2727,0.0,35.2
TRD30001580,ORD20000330,C100097,2026-09-11,32341.0,9.7023,8.0852,0.9605,0.0323,0.0,1.9251,0.0,20.71
TRD30001581,ORD20000330,C100097,2026-09-11,45277.4,13.5832,11.3194,1.3447,0.0453,0.0,2.6952,0.0,28.99
TRD30001582,ORD20002834,C100113,2026-09-11,5710.9,0.0,5.7109,0.1696,0.0057,0.0,0.0316,15.34,21.26
TRD30001583,ORD20001500,C100011,2026-09-11,45960.75,0.0,45.9608,1.365,0.046,0.0,0.254,15.34,62.97
TRD30001584,ORD20001500,C100011,2026-09-11,50166.0,0.0,50.166,1.4899,0.0502,0.0,0.2772,0.0,51.98
TRD30001585,ORD20002821,C100167,2026-09-14,12626.4,0.0,12.6264,0.375,0.0126,1.894,0.0698,0.0,14.98
TRD30001586,ORD20002319,C100136,2026-09-14,1746.8,0.524,0.0,0.0519,0.0017,0.0524,0.104,0.0,0.73
TRD30001587,ORD20002319,C100136,2026-09-14,5240.4,1.5721,0.0,0.1556,0.0052,0.1572,0.3119,0.0,2.2
TRD30001588,ORD20000902,C100090,2026-09-14,1432.5,0.4298,0.3581,0.0425,0.0014,0.0,0.0853,0.0,0.92
TRD30001589,ORD20000902,C100090,2026-09-14,4291.5,1.2874,1.0729,0.1275,0.0043,0.0,0.2555,0.0,2.75
TRD30001590,ORD20001955,C100183,2026-09-14,36505.95,10.9518,9.1265,1.0842,0.0365,0.0,2.1731,0.0,23.37
TRD30001591,ORD20001955,C100183,2026-09-14,24333.4,7.3,6.0834,0.7227,0.0243,0.0,1.4485,0.0,15.58
TRD30001592,ORD20001192,C100138,2026-09-14,86004.8,0.0,86.0048,2.5543,0.086,0.0,0.4753,15.34,104.46
TRD30001593,ORD20002540,C100105,2026-09-14,46946.2,14.0839,11.7366,1.3943,0.0469,0.0,2.7945,0.0,30.06
TRD30001594,ORD20000794,C100081,2026-09-14,1168.05,0.3504,1.168,0.0347,0.0012,0.0,0.0695,15.34,16.96
TRD30001595,ORD20000794,C100081,2026-09-14,2336.1,0.7008,2.3361,0.0694,0.0023,0.0,0.1391,0.0,3.25
TRD30001596,ORD20000522,C100199,2026-09-14,13657.8,4.0973,0.0,0.4056,0.0137,0.4097,0.813,0.0,5.74
TRD30001597,ORD20002523,C100150,2026-09-14,1243.3,0.0,1.2433,0.0369,0.0012,0.1865,0.0069,0.0,1.47
TRD30001598,ORD20002523,C100150,2026-09-14,1243.3,0.0,1.2433,0.0369,0.0012,0.1865,0.0069,0.0,1.47
TRD30001599,ORD20002146,C100069,2026-09-14,49016.1,14.7048,0.0,1.4558,0.049,1.4705,2.9177,0.0,20.6
TRD30001600,ORD20002146,C100069,2026-09-14,18260.9,5.4783,0.0,0.5423,0.0183,0.5478,1.087,0.0,7.67
TRD30001601,ORD20004361,C100021,2026-09-14,37758.75,11.3276,0.0,1.1214,0.0378,1.1328,2.2476,0.0,15.87
TRD30001602,ORD20004361,C100021,2026-09-14,12582.95,3.7749,0.0,0.3737,0.0126,0.3775,0.749,0.0,5.29
TRD30001603,ORD20000800,C100081,2026-09-14,108534.35,20.0,27.1336,3.2235,0.1085,0.0,4.1998,0.0,54.67
TRD30001604,ORD20000800,C100081,2026-09-14,29295.5,8.7886,7.3239,0.8701,0.0293,0.0,1.7438,0.0,18.76
TRD30001605,ORD20002081,C100030,2026-09-14,4782.8,1.4348,1.1957,0.142,0.0048,0.0,0.2847,0.0,3.06
TRD30001606,ORD20002081,C100030,2026-09-14,2390.75,0.7172,0.5977,0.071,0.0024,0.0,0.1423,0.0,1.53
TRD30001607,ORD20002081,C100030,2026-09-14,4779.0,1.4337,1.1948,0.1419,0.0048,0.0,0.2845,0.0,3.06
TRD30001608,ORD20001489,C100071,2026-09-14,790.2,0.2371,0.1976,0.0235,0.0008,0.0,0.047,0.0,0.51
TRD30001609,ORD20001489,C100071,2026-09-14,1580.4,0.4741,0.3951,0.0469,0.0016,0.0,0.0941,0.0,1.01
TRD30001610,ORD20001489,C100071,2026-09-14,1580.4,0.4741,0.3951,0.0469,0.0016,0.0,0.0941,0.0,1.01
TRD30001611,ORD20001404,C100196,2026-09-14,2267.75,0.6803,0.5669,0.0674,0.0023,0.0,0.135,0.0,1.45
TRD30001612,ORD20001404,C100196,2026-09-14,1360.65,0.4082,0.3402,0.0404,0.0014,0.0,0.081,0.0,0.87
TRD30001613,ORD20003815,C100094,2026-09-14,2957.75,0.8873,0.0,0.0878,0.003,0.0887,0.1761,0.0,1.24
TRD30001614,ORD20003815,C100094,2026-09-14,5914.3,1.7743,0.0,0.1757,0.0059,0.1774,0.3521,0.0,2.49
TRD30001615,ORD20003815,C100094,2026-09-14,2958.3,0.8875,0.0,0.0879,0.003,0.0887,0.1761,0.0,1.24
TRD30001616,ORD20000430,C100072,2026-09-14,28336.5,0.0,28.3365,0.8416,0.0283,0.0,0.1566,15.34,44.7
TRD30001617,ORD20001356,C100065,2026-09-14,39385.5,11.8156,0.0,1.1697,0.0394,1.1816,2.3445,0.0,16.55
TRD30001618,ORD20001356,C100065,2026-09-14,14845.1,4.4535,0.0,0.4409,0.0148,0.4454,0.8837,0.0,6.24
TRD30001619,ORD20001356,C100065,2026-09-14,20460.0,6.138,0.0,0.6077,0.0205,0.6138,1.2179,0.0,8.6
TRD30001620,ORD20003344,C100105,2026-09-14,9744.4,2.9233,0.0,0.2894,0.0097,0.2923,0.58,0.0,4.09
TRD30001621,ORD20003344,C100105,2026-09-14,19488.8,5.8466,0.0,0.5788,0.0195,0.5847,1.1601,0.0,8.19
TRD30001622,ORD20004114,C100095,2026-09-14,13140.6,0.0,13.1406,0.3903,0.0131,0.0,0.0726,15.34,28.96
TRD30001623,ORD20003458,C100106,2026-09-14,2312.25,0.0,2.3122,0.0687,0.0023,0.3468,0.0128,0.0,2.74
TRD30001624,ORD20003458,C100106,2026-09-14,2312.25,0.0,2.3122,0.0687,0.0023,0.3468,0.0128,0.0,2.74
TRD30001625,ORD20003458,C100106,2026-09-14,2312.25,0.0,2.3122,0.0687,0.0023,0.3468,0.0128,0.0,2.74
TRD30001626,ORD20002251,C100118,2026-09-14,11555.75,0.0,11.5558,0.3432,0.0116,1.7334,0.0639,0.0,13.71
TRD30001627,ORD20004177,C100112,2026-09-14,23669.8,7.1009,5.9174,0.703,0.0237,0.0,1.409,0.0,15.15
TRD30001628,ORD20001108,C100051,2026-09-14,131835.0,0.0,131.835,3.9155,0.1318,0.0,0.7285,15.34,151.95
TRD30001629,ORD20003252,C100031,2026-09-14,9103.75,0.0,9.1038,0.2704,0.0091,0.0,0.0503,15.34,24.77
TRD30001630,ORD20003596,C100003,2026-09-14,2315.75,0.6947,0.0,0.0688,0.0023,0.0695,0.1378,0.0,0.97
TRD30001631,ORD20003596,C100003,2026-09-14,2315.75,0.6947,0.0,0.0688,0.0023,0.0695,0.1378,0.0,0.97
TRD30001632,ORD20000217,C100160,2026-09-14,3146.55,0.944,0.0,0.0935,0.0031,0.0944,0.1873,0.0,1.32
TRD30001633,ORD20000217,C100160,2026-09-14,3146.8,0.944,0.0,0.0935,0.0031,0.0944,0.1873,0.0,1.32
TRD30001634,ORD20000217,C100160,2026-09-14,3149.05,0.9447,0.0,0.0935,0.0031,0.0945,0.1875,0.0,1.32
TRD30001635,ORD20001995,C100013,2026-09-14,35804.0,10.7412,8.951,1.0634,0.0358,0.0,2.1313,0.0,22.92
TRD30001636,ORD20002134,C100106,2026-09-14,16504.4,4.9513,0.0,0.4902,0.0165,0.4951,0.9824,0.0,6.94
TRD30001637,ORD20002134,C100106,2026-09-14,14377.5,4.3132,0.0,0.427,0.0144,0.4313,0.8558,0.0,6.04
TRD30001638,ORD20002134,C100106,2026-09-14,46301.4,13.8904,0.0,1.3752,0.0463,1.389,2.7561,0.0,19.46
TRD30001639,ORD20001819,C100154,2026-09-14,25833.6,7.7501,6.4584,0.7673,0.0258,0.0,1.5378,0.0,16.54
TRD30001640,ORD20001819,C100154,2026-09-14,25833.6,7.7501,6.4584,0.7673,0.0258,0.0,1.5378,0.0,16.54
TRD30001641,ORD20003080,C100062,2026-09-14,1630.7,0.0,1.6307,0.0484,0.0016,0.0,0.009,15.34,17.03
TRD30001642,ORD20003080,C100062,2026-09-14,1630.7,0.0,1.6307,0.0484,0.0016,0.0,0.009,0.0,1.69
TRD30001643,ORD20003080,C100062,2026-09-14,1630.7,0.0,1.6307,0.0484,0.0016,0.0,0.009,0.0,1.69
TRD30001644,ORD20001025,C100169,2026-09-14,2285.15,0.6855,0.0,0.0679,0.0023,0.0686,0.136,0.0,0.96
TRD30001645,ORD20001025,C100169,2026-09-14,16013.2,4.804,0.0,0.4756,0.016,0.4804,0.9532,0.0,6.73
TRD30001646,ORD20001025,C100169,2026-09-14,6865.8,2.0597,0.0,0.2039,0.0069,0.206,0.4087,0.0,2.89
TRD30001647,ORD20003001,C100087,2026-09-14,1206.85,0.0,1.2068,0.0358,0.0012,0.0,0.0067,15.34,16.59
TRD30001648,ORD20003001,C100087,2026-09-14,1206.85,0.0,1.2068,0.0358,0.0012,0.0,0.0067,0.0,1.25
TRD30001649,ORD20003001,C100087,2026-09-14,1206.85,0.0,1.2068,0.0358,0.0012,0.0,0.0067,0.0,1.25
TRD30001650,ORD20003110,C100080,2026-09-14,11332.8,0.0,11.3328,0.3366,0.0113,0.0,0.0626,15.34,27.08
TRD30001651,ORD20003110,C100080,2026-09-14,21249.0,0.0,21.249,0.6311,0.0212,0.0,0.1174,0.0,22.02
TRD30001652,ORD20003110,C100080,2026-09-14,24082.2,0.0,24.0822,0.7152,0.0241,0.0,0.1331,0.0,24.95
TRD30001653,ORD20001685,C100105,2026-09-14,28422.3,8.5267,7.1056,0.8441,0.0284,0.0,1.6919,0.0,18.2
TRD30001654,ORD20001685,C100105,2026-09-14,81923.1,20.0,20.4808,2.4331,0.0819,0.0,4.0527,0.0,47.05
TRD30001655,ORD20004369,C100021,2026-09-14,35750.7,0.0,35.7507,1.0618,0.0358,0.0,0.1976,15.34,52.39
TRD30001656,ORD20001050,C100064,2026-09-14,34773.75,10.4321,34.7738,1.0328,0.0348,5.2161,2.0699,0.0,53.56
TRD30001657,ORD20003265,C100101,2026-09-14,17724.0,5.3172,0.0,0.5264,0.0177,0.5317,1.055,0.0,7.45
TRD30001658,ORD20003265,C100101,2026-09-14,67387.3,20.0,0.0,2.0014,0.0674,2.0216,3.9724,0.0,28.06
TRD30001659,ORD20003265,C100101,2026-09-14,33673.7,10.1021,0.0,1.0001,0.0337,1.0102,2.0045,0.0,14.15
TRD30001660,ORD20002926,C100055,2026-09-14,2730.85,0.0,2.7308,0.0811,0.0027,0.4096,0.0151,0.0,3.24
TRD30001661,ORD20002449,C100008,2026-09-14,59876.5,17.963,0.0,1.7783,0.0599,1.7963,3.5642,0.0,25.16
TRD30001662,ORD20003638,C100024,2026-09-14,30883.65,0.0,30.8837,0.9172,0.0309,4.6325,0.1707,0.0,36.64
TRD30001663,ORD20004241,C100001,2026-09-14,5244.45,1.5733,1.3111,0.1558,0.0052,0.0,0.3122,0.0,3.36
TRD30001664,ORD20001121,C100169,2026-09-14,7190.7,0.0,7.1907,0.2136,0.0072,0.0,0.0397,15.34,22.79
TRD30001665,ORD20001121,C100169,2026-09-14,7190.7,0.0,7.1907,0.2136,0.0072,0.0,0.0397,0.0,7.45
TRD30001666,ORD20001121,C100169,2026-09-14,11984.5,0.0,11.9845,0.3559,0.012,0.0,0.0662,0.0,12.42
TRD30001667,ORD20000513,C100162,2026-09-14,9151.25,2.7454,2.2878,0.2718,0.0092,0.0,0.5447,0.0,5.86
TRD30001668,ORD20000513,C100162,2026-09-14,2565.5,0.7696,0.6414,0.0762,0.0026,0.0,0.1527,0.0,1.64
TRD30001669,ORD20001122,C100020,2026-09-14,12342.75,3.7028,3.0857,0.3666,0.0123,0.0,0.7347,0.0,7.9
TRD30001670,ORD20003051,C100111,2026-09-14,50814.75,15.2444,0.0,1.5092,0.0508,1.5244,3.0248,0.0,21.35
TRD30001671,ORD20000160,C100091,2026-09-14,2370.9,0.0,2.3709,0.0704,0.0024,0.0,0.0131,15.34,17.8
TRD30001672,ORD20000160,C100091,2026-09-14,2372.55,0.0,2.3726,0.0705,0.0024,0.0,0.0131,0.0,2.46
TRD30001673,ORD20000160,C100091,2026-09-14,791.4,0.0,0.7914,0.0235,0.0008,0.0,0.0044,0.0,0.82
TRD30001674,ORD20000079,C100007,2026-09-14,5549.6,1.6649,0.0,0.1648,0.0055,0.1665,0.3303,0.0,2.33
TRD30001675,ORD20000079,C100007,2026-09-14,71352.0,20.0,0.0,2.1192,0.0714,2.1406,3.9943,0.0,28.33
TRD30001676,ORD20003533,C100037,2026-09-14,6674.0,0.0,6.674,0.1982,0.0067,0.0,0.0369,15.34,22.26
TRD30001677,ORD20002358,C100079,2026-09-14,451.95,0.1356,0.0,0.0134,0.0005,0.0136,0.0269,0.0,0.19
TRD30001678,ORD20002358,C100079,2026-09-14,15366.3,4.6099,0.0,0.4564,0.0154,0.461,0.9147,0.0,6.46
TRD30001679,ORD20002358,C100079,2026-09-14,13558.5,4.0676,0.0,0.4027,0.0136,0.4068,0.8071,0.0,5.7
TRD30001680,ORD20003970,C100018,2026-09-14,19507.6,0.0,19.5076,0.5794,0.0195,2.9261,0.1078,0.0,23.14
TRD30001681,ORD20003970,C100018,2026-09-14,11147.2,0.0,11.1472,0.3311,0.0111,1.6721,0.0616,0.0,13.22
TRD30001682,ORD20003970,C100018,2026-09-14,22294.4,0.0,22.2944,0.6621,0.0223,3.3442,0.1232,0.0,26.45
TRD30001683,ORD20001314,C100146,2026-09-14,8474.55,2.5424,0.0,0.2517,0.0085,0.2542,0.5045,0.0,3.56
TRD30001684,ORD20001314,C100146,2026-09-14,16931.6,5.0795,0.0,0.5029,0.0169,0.5079,1.0079,0.0,7.12
TRD30001685,ORD20001314,C100146,2026-09-14,3633.0,1.0899,0.0,0.1079,0.0036,0.109,0.2163,0.0,1.53
TRD30001686,ORD20001105,C100063,2026-09-14,35966.45,10.7899,0.0,1.0682,0.036,1.079,2.1409,0.0,15.11
TRD30001687,ORD20001105,C100063,2026-09-14,2766.65,0.83,0.0,0.0822,0.0028,0.083,0.1647,0.0,1.16
TRD30001688,ORD20001105,C100063,2026-09-14,30433.15,9.1299,0.0,0.9039,0.0304,0.913,1.8116,0.0,12.79
TRD30001689,ORD20000333,C100043,2026-09-14,38158.05,11.4474,0.0,1.1333,0.0382,1.1447,2.2714,0.0,16.04
TRD30001690,ORD20000333,C100043,2026-09-14,18181.0,5.4543,0.0,0.54,0.0182,0.5454,1.0822,0.0,7.64
TRD30001691,ORD20004193,C100001,2026-09-14,28178.5,8.4536,0.0,0.8369,0.0282,0.8454,1.6774,0.0,11.84
TRD30001692,ORD20004193,C100001,2026-09-14,1608.3,0.4825,0.0,0.0478,0.0016,0.0482,0.0957,0.0,0.68
TRD30001693,ORD20004193,C100001,2026-09-14,10473.45,3.142,0.0,0.3111,0.0105,0.3142,0.6234,0.0,4.4
TRD30001694,ORD20004647,C100083,2026-09-14,7448.7,2.2346,0.0,0.2212,0.0074,0.2235,0.4434,0.0,3.13
TRD30001695,ORD20004647,C100083,2026-09-14,8158.1,2.4474,0.0,0.2423,0.0082,0.2447,0.4856,0.0,3.43
TRD30001696,ORD20004647,C100083,2026-09-14,17735.0,5.3205,0.0,0.5267,0.0177,0.532,1.0557,0.0,7.45
TRD30001697,ORD20004343,C100194,2026-09-14,12667.2,3.8002,0.0,0.3762,0.0127,0.38,0.754,0.0,5.32
TRD30001698,ORD20004343,C100194,2026-09-14,905.1,0.2715,0.0,0.0269,0.0009,0.0272,0.0539,0.0,0.38
TRD30001699,ORD20004343,C100194,2026-09-14,3620.4,1.0861,0.0,0.1075,0.0036,0.1086,0.2155,0.0,1.52
TRD30001700,ORD20002727,C100093,2026-09-14,32620.5,0.0,32.6205,0.9688,0.0326,4.8931,0.1803,0.0,38.7
TRD30001701,ORD20002609,C100145,2026-09-14,2421.0,0.7263,0.6053,0.0719,0.0024,0.0,0.1441,0.0,1.55
TRD30001702,ORD20002609,C100145,2026-09-14,2419.95,0.726,0.605,0.0719,0.0024,0.0,0.144,0.0,1.55
TRD30001703,ORD20003686,C100198,2026-09-14,1669.8,0.5009,0.0,0.0496,0.0017,0.0501,0.0994,0.0,0.7
TRD30001704,ORD20004928,C100090,2026-09-14,36213.75,10.8641,0.0,1.0755,0.0362,1.0864,2.1557,0.0,15.22
TRD30001705,ORD20001439,C100053,2026-09-14,9647.0,2.8941,0.0,0.2865,0.0096,0.2894,0.5742,0.0,4.05
TRD30001706,ORD20001439,C100053,2026-09-14,12064.25,3.6193,0.0,0.3583,0.0121,0.3619,0.7181,0.0,5.07
TRD30001707,ORD20002744,C100005,2026-09-14,19554.5,5.8664,4.8886,0.5808,0.0196,0.0,1.164,0.0,12.52
TRD30001708,ORD20004234,C100015,2026-09-14,2907.0,0.0,2.907,0.0863,0.0029,0.436,0.0161,0.0,3.45
TRD30001709,ORD20000736,C100103,2026-09-14,10744.8,3.2234,0.0,0.3191,0.0107,0.3223,0.6396,0.0,4.52
TRD30001710,ORD20000736,C100103,2026-09-14,1792.2,0.5377,0.0,0.0532,0.0018,0.0538,0.1067,0.0,0.75
TRD30001711,ORD20004552,C100168,2026-09-14,3564.9,1.0695,0.0,0.1059,0.0036,0.1069,0.2122,0.0,1.5
TRD30001712,ORD20003968,C100186,2026-09-14,17819.9,0.0,17.8199,0.5293,0.0178,0.0,0.0985,15.34,33.81
TRD30001713,ORD20003968,C100186,2026-09-14,19092.75,0.0,19.0928,0.5671,0.0191,0.0,0.1055,0.0,19.78
TRD30001714,ORD20002246,C100002,2026-09-14,140271.25,0.0,140.2712,4.1661,0.1403,0.0,0.7751,15.34,160.69
TRD30001715,ORD20002414,C100187,2026-09-14,12321.25,3.6964,3.0803,0.3659,0.0123,0.0,0.7334,0.0,7.89
TRD30001716,ORD20004396,C100068,2026-09-14,32291.35,0.0,32.2914,0.9591,0.0323,4.8437,0.1784,0.0,38.3
TRD30001717,ORD20004396,C100068,2026-09-14,27350.4,0.0,27.3504,0.8123,0.0274,4.1026,0.1511,0.0,32.44
TRD30001718,ORD20004396,C100068,2026-09-14,10299.35,0.0,10.2994,0.3059,0.0103,1.5449,0.0569,0.0,12.22
TRD30001719,ORD20000568,C100031,2026-09-14,3597.45,0.0,3.5974,0.1068,0.0036,0.5396,0.0199,0.0,4.27
TRD30001720,ORD20000568,C100031,2026-09-14,4796.6,0.0,4.7966,0.1425,0.0048,0.7195,0.0265,0.0,5.69
TRD30001721,ORD20000568,C100031,2026-09-14,3597.45,0.0,3.5974,0.1068,0.0036,0.5396,0.0199,0.0,4.27
TRD30001722,ORD20004697,C100007,2026-09-14,18112.4,0.0,18.1124,0.5379,0.0181,2.7169,0.1001,0.0,21.49
TRD30001723,ORD20004697,C100007,2026-09-14,38499.05,0.0,38.4991,1.1434,0.0385,5.7749,0.2127,0.0,45.67
TRD30001724,ORD20004697,C100007,2026-09-14,4528.5,0.0,4.5285,0.1345,0.0045,0.6793,0.025,0.0,5.37
TRD30001725,ORD20001377,C100004,2026-09-14,7666.8,0.0,7.6668,0.2277,0.0077,1.15,0.0424,0.0,9.09
TRD30001726,ORD20001377,C100004,2026-09-14,25594.0,0.0,25.594,0.7601,0.0256,3.8391,0.1414,0.0,30.36
TRD30001727,ORD20004829,C100052,2026-09-14,32988.8,9.8966,8.2472,0.9798,0.033,0.0,1.9637,0.0,21.12
TRD30001728,ORD20003348,C100153,2026-09-14,44110.0,13.233,44.11,1.3101,0.0441,0.0,2.6257,15.34,76.66
TRD30001729,ORD20003009,C100046,2026-09-14,1157.7,0.0,1.1577,0.0344,0.0012,0.0,0.0064,15.34,16.54
TRD30001730,ORD20003009,C100046,2026-09-14,1156.6,0.0,1.1566,0.0344,0.0012,0.0,0.0064,0.0,1.2
TRD30001731,ORD20003419,C100019,2026-09-14,5717.1,1.7151,5.7171,0.1698,0.0057,0.8576,0.3403,0.0,8.81
TRD30001732,ORD20003419,C100019,2026-09-14,34302.6,10.2908,34.3026,1.0188,0.0343,5.1454,2.0419,0.0,52.83
TRD30001733,ORD20004408,C100084,2026-09-14,8213.0,2.4639,0.0,0.2439,0.0082,0.2464,0.4889,0.0,3.45
TRD30001734,ORD20003885,C100038,2026-09-14,2584.45,0.0,2.5844,0.0768,0.0026,0.0,0.0143,15.34,18.02
TRD30001735,ORD20003885,C100038,2026-09-14,2584.45,0.0,2.5844,0.0768,0.0026,0.0,0.0143,0.0,2.68
TRD30001736,ORD20003373,C100120,2026-09-14,7918.05,0.0,7.918,0.2352,0.0079,1.1877,0.0438,0.0,9.39
TRD30001737,ORD20003373,C100120,2026-09-14,22623.0,0.0,22.623,0.6719,0.0226,3.3934,0.125,0.0,26.84
TRD30001738,ORD20003373,C100120,2026-09-14,11311.5,0.0,11.3115,0.336,0.0113,1.6967,0.0625,0.0,13.42
TRD30001739,ORD20003125,C100075,2026-09-14,1735.85,0.5208,0.0,0.0516,0.0017,0.0521,0.1033,0.0,0.73
TRD30001740,ORD20003125,C100075,2026-09-14,1736.55,0.521,0.0,0.0516,0.0017,0.0521,0.1034,0.0,0.73
TRD30001741,ORD20003125,C100075,2026-09-14,8686.5,2.606,0.0,0.258,0.0087,0.2606,0.5171,0.0,3.65
TRD30001742,ORD20000066,C100049,2026-09-14,4746.5,1.4239,0.0,0.141,0.0047,0.1424,0.2825,0.0,1.99
TRD30001743,ORD20000066,C100049,2026-09-14,949.3,0.2848,0.0,0.0282,0.0009,0.0285,0.0565,0.0,0.4
TRD30001744,ORD20002572,C100011,2026-09-14,3698.8,0.0,3.6988,0.1099,0.0037,0.0,0.0204,15.34,19.17
TRD30001745,ORD20001900,C100117,2026-09-14,3016.45,0.9049,0.7541,0.0896,0.003,0.0,0.1796,0.0,1.93
TRD30001746,ORD20001900,C100117,2026-09-14,6031.6,1.8095,1.5079,0.1791,0.006,0.0,0.359,0.0,3.86
TRD30001747,ORD20001900,C100117,2026-09-14,3021.4,0.9064,0.7554,0.0897,0.003,0.0,0.1799,0.0,1.93
TRD30001748,ORD20003406,C100042,2026-09-14,5863.8,0.0,5.8638,0.1742,0.0059,0.8796,0.0324,0.0,6.96
TRD30001749,ORD20003406,C100042,2026-09-14,11718.6,0.0,11.7186,0.348,0.0117,1.7578,0.0648,0.0,13.9
TRD30001750,ORD20002580,C100166,2026-09-14,43803.9,13.1412,10.951,1.301,0.0438,0.0,2.6075,0.0,28.04
TRD30001751,ORD20004752,C100162,2026-09-14,3987.6,0.0,3.9876,0.1184,0.004,0.5981,0.022,0.0,4.73
TRD30001752,ORD20004752,C100162,2026-09-14,3987.6,0.0,3.9876,0.1184,0.004,0.5981,0.022,0.0,4.73
TRD30001753,ORD20004062,C100002,2026-09-14,32592.8,9.7778,8.1482,0.968,0.0326,0.0,1.9401,0.0,20.87
TRD30001754,ORD20003601,C100199,2026-09-14,1694.4,0.0,1.6944,0.0503,0.0017,0.0,0.0094,15.34,17.1
TRD30001755,ORD20003601,C100199,2026-09-14,3390.5,0.0,3.3905,0.1007,0.0034,0.0,0.0187,0.0,3.51
TRD30001756,ORD20003601,C100199,2026-09-14,6789.0,0.0,6.789,0.2016,0.0068,0.0,0.0375,0.0,7.03
TRD30001757,ORD20003899,C100144,2026-09-14,28425.6,8.5277,7.1064,0.8442,0.0284,0.0,1.6921,0.0,18.2
TRD30001758,ORD20003899,C100144,2026-09-14,39085.2,11.7256,9.7713,1.1608,0.0391,0.0,2.3266,0.0,25.02
TRD30001759,ORD20003167,C100117,2026-09-14,25541.7,0.0,25.5417,0.7586,0.0255,3.8313,0.1411,0.0,30.3
TRD30001760,ORD20003167,C100117,2026-09-14,2688.6,0.0,2.6886,0.0799,0.0027,0.4033,0.0149,0.0,3.19
TRD30001761,ORD20003167,C100117,2026-09-14,2240.5,0.0,2.2405,0.0665,0.0022,0.3361,0.0124,0.0,2.66
TRD30001762,ORD20002803,C100152,2026-09-14,1455.5,0.4366,0.0,0.0432,0.0015,0.0437,0.0866,0.0,0.61
TRD30001763,ORD20002803,C100152,2026-09-14,1455.5,0.4366,0.0,0.0432,0.0015,0.0437,0.0866,0.0,0.61
TRD30001764,ORD20000381,C100110,2026-09-14,1676.05,0.0,1.676,0.0498,0.0017,0.0,0.0093,15.34,17.08
TRD30001765,ORD20003217,C100030,2026-09-14,41690.7,0.0,41.6907,1.2382,0.0417,6.2536,0.2304,0.0,49.45
TRD30001766,ORD20004376,C100096,2026-09-14,3406.2,0.0,3.4062,0.1012,0.0034,0.5109,0.0188,0.0,4.04
TRD30001767,ORD20004376,C100096,2026-09-14,1703.1,0.0,1.7031,0.0506,0.0017,0.2555,0.0094,0.0,2.02
TRD30001768,ORD20003603,C100012,2026-09-14,12265.8,3.6797,0.0,0.3643,0.0123,0.368,0.7301,0.0,5.15
TRD30001769,ORD20003603,C100012,2026-09-14,12265.8,3.6797,0.0,0.3643,0.0123,0.368,0.7301,0.0,5.15
TRD30001770,ORD20001119,C100004,2026-09-14,50629.5,15.1888,0.0,1.5037,0.0506,1.5189,3.0138,0.0,21.28
TRD30001771,ORD20001119,C100004,2026-09-14,10125.9,3.0378,0.0,0.3007,0.0101,0.3038,0.6028,0.0,4.26
TRD30001772,ORD20004235,C100158,2026-09-14,61721.25,0.0,61.7212,1.8331,0.0617,9.2582,0.3411,0.0,73.22
TRD30001773,ORD20004235,C100158,2026-09-14,2467.65,0.0,2.4677,0.0733,0.0025,0.3701,0.0136,0.0,2.93
TRD30001774,ORD20000590,C100048,2026-09-14,11499.2,3.4498,2.8748,0.3415,0.0115,0.0,0.6845,0.0,7.36
TRD30001775,ORD20003843,C100095,2026-09-14,46956.8,0.0,46.9568,1.3946,0.047,7.0435,0.2595,0.0,55.7
TRD30001776,ORD20003843,C100095,2026-09-14,17608.8,0.0,17.6088,0.523,0.0176,2.6413,0.0973,0.0,20.89
TRD30001777,ORD20001308,C100028,2026-09-14,11877.6,3.5633,0.0,0.3528,0.0119,0.3563,0.707,0.0,4.99
TRD30001778,ORD20001308,C100028,2026-09-14,23764.7,7.1294,0.0,0.7058,0.0238,0.7129,1.4146,0.0,9.99
TRD30001779,ORD20001308,C100028,2026-09-14,23777.2,7.1332,0.0,0.7062,0.0238,0.7133,1.4154,0.0,9.99
TRD30001780,ORD20002175,C100151,2026-09-14,15446.0,0.0,15.446,0.4587,0.0154,0.0,0.0854,15.34,31.35
TRD30001781,ORD20002175,C100151,2026-09-14,37070.4,0.0,37.0704,1.101,0.0371,0.0,0.2049,0.0,38.41
TRD30001782,ORD20001703,C100011,2026-09-14,4799.4,1.4398,0.0,0.1425,0.0048,0.144,0.2857,0.0,2.02
TRD30001783,ORD20003260,C100050,2026-09-14,26061.75,0.0,26.0618,0.774,0.0261,0.0,0.144,15.34,42.35
TRD30001784,ORD20003260,C100050,2026-09-14,6949.8,0.0,6.9498,0.2064,0.0069,0.0,0.0384,0.0,7.2
TRD30001785,ORD20003300,C100028,2026-09-14,2781.55,0.0,2.7816,0.0826,0.0028,0.0,0.0154,15.34,18.22
TRD30001786,ORD20004340,C100024,2026-09-14,6922.4,2.0767,0.0,0.2056,0.0069,0.2077,0.4121,0.0,2.91
TRD30001787,ORD20004340,C100024,2026-09-14,3465.6,1.0397,0.0,0.1029,0.0035,0.104,0.2063,0.0,1.46
TRD30001788,ORD20004340,C100024,2026-09-14,1299.45,0.3898,0.0,0.0386,0.0013,0.039,0.0774,0.0,0.55
TRD30001789,ORD20004751,C100160,2026-09-14,914.2,0.2743,0.0,0.0272,0.0009,0.0274,0.0544,0.0,0.38
TRD30001790,ORD20004751,C100160,2026-09-14,1371.3,0.4114,0.0,0.0407,0.0014,0.0411,0.0816,0.0,0.58
TRD30001791,ORD20004751,C100160,2026-09-14,1371.3,0.4114,0.0,0.0407,0.0014,0.0411,0.0816,0.0,0.58
TRD30001792,ORD20003407,C100195,2026-09-14,139654.8,0.0,139.6548,4.1477,0.1397,0.0,0.7717,15.34,160.05
TRD30001793,ORD20002278,C100197,2026-09-14,1148.9,0.3447,0.0,0.0341,0.0011,0.0345,0.0684,0.0,0.48
TRD30001794,ORD20002278,C100197,2026-09-14,4595.6,1.3787,0.0,0.1365,0.0046,0.1379,0.2736,0.0,1.93
TRD30001795,ORD20001735,C100020,2026-09-14,69640.65,0.0,69.6406,2.0683,0.0696,10.4461,0.3848,0.0,82.61
TRD30001796,ORD20003064,C100184,2026-09-14,12150.6,3.6452,0.0,0.3609,0.0122,0.3645,0.7233,0.0,5.11
TRD30001797,ORD20002914,C100150,2026-09-14,2940.15,0.0,2.9402,0.0873,0.0029,0.441,0.0162,0.0,3.49
TRD30001798,ORD20002914,C100150,2026-09-14,2945.4,0.0,2.9454,0.0875,0.0029,0.4418,0.0163,0.0,3.49
TRD30001799,ORD20003678,C100151,2026-09-14,21096.0,6.3288,0.0,0.6266,0.0211,0.6329,1.2558,0.0,8.87
TRD30001800,ORD20004603,C100035,2026-09-14,5781.3,1.7344,0.0,0.1717,0.0058,0.1734,0.3441,0.0,2.43
TRD30001801,ORD20004603,C100035,2026-09-14,2890.65,0.8672,0.0,0.0859,0.0029,0.0867,0.1721,0.0,1.21
TRD30001802,ORD20003307,C100094,2026-09-14,11969.4,0.0,11.9694,0.3555,0.012,1.7954,0.0661,0.0,14.2
TRD30001803,ORD20003307,C100094,2026-09-14,11969.4,0.0,11.9694,0.3555,0.012,1.7954,0.0661,0.0,14.2
TRD30001804,ORD20003307,C100094,2026-09-14,11969.4,0.0,11.9694,0.3555,0.012,1.7954,0.0661,0.0,14.2
TRD30001805,ORD20002456,C100075,2026-09-14,2408.4,0.0,2.4084,0.0715,0.0024,0.3613,0.0133,0.0,2.86
TRD30001806,ORD20002456,C100075,2026-09-14,2408.4,0.0,2.4084,0.0715,0.0024,0.3613,0.0133,0.0,2.86
TRD30001807,ORD20000032,C100086,2026-09-14,2405.25,0.7216,0.6013,0.0714,0.0024,0.0,0.1432,0.0,1.54
TRD30001808,ORD20000032,C100086,2026-09-14,1924.2,0.5773,0.481,0.0571,0.0019,0.0,0.1145,0.0,1.23
TRD30001809,ORD20000032,C100086,2026-09-14,481.05,0.1443,0.1203,0.0143,0.0005,0.0,0.0286,0.0,0.31
TRD30001810,ORD20001816,C100138,2026-09-14,28187.45,8.4562,7.0469,0.8372,0.0282,0.0,1.6779,0.0,18.05
TRD30001811,ORD20001816,C100138,2026-09-14,117200.45,20.0,29.3001,3.4809,0.1172,0.0,4.2476,0.0,57.15
TRD30001812,ORD20004179,C100111,2026-09-14,48760.0,14.628,12.19,1.4482,0.0488,0.0,2.9025,0.0,31.22
TRD30001813,ORD20004179,C100111,2026-09-14,26818.0,8.0454,6.7045,0.7965,0.0268,0.0,1.5964,0.0,17.17
TRD30001814,ORD20004987,C100087,2026-09-14,54762.4,16.4287,0.0,1.6264,0.0548,1.6429,3.2598,0.0,23.01
TRD30001815,ORD20000201,C100030,2026-09-14,26903.8,8.0711,6.726,0.799,0.0269,0.0,1.6015,0.0,17.22
TRD30001816,ORD20000201,C100030,2026-09-14,13452.6,4.0358,3.3632,0.3995,0.0135,0.0,0.8008,0.0,8.61
TRD30001817,ORD20000316,C100155,2026-09-14,2157.0,0.6471,0.5392,0.0641,0.0022,0.0,0.1284,0.0,1.38
TRD30001818,ORD20000316,C100155,2026-09-14,3451.2,1.0354,0.8628,0.1025,0.0035,0.0,0.2054,0.0,2.21
TRD30001819,ORD20004804,C100002,2026-09-14,721.1,0.2163,0.0,0.0214,0.0007,0.0216,0.0429,0.0,0.3
TRD30001820,ORD20004804,C100002,2026-09-14,721.1,0.2163,0.0,0.0214,0.0007,0.0216,0.0429,0.0,0.3
TRD30001821,ORD20004804,C100002,2026-09-14,360.55,0.1082,0.0,0.0107,0.0004,0.0108,0.0215,0.0,0.15
TRD30001822,ORD20001968,C100066,2026-09-14,29822.1,0.0,29.8221,0.8857,0.0298,0.0,0.1648,15.34,46.24
TRD30001823,ORD20001968,C100066,2026-09-14,4985.75,0.0,4.9858,0.1481,0.005,0.0,0.0276,0.0,5.17
TRD30001824,ORD20004624,C100152,2026-09-14,1548.1,0.4644,0.0,0.046,0.0015,0.0464,0.0922,0.0,0.65
TRD30001825,ORD20003674,C100007,2026-09-14,51308.1,0.0,51.3081,1.5239,0.0513,0.0,0.2835,15.34,68.51
TRD30001826,ORD20003674,C100007,2026-09-14,11585.7,0.0,11.5857,0.3441,0.0116,0.0,0.064,0.0,12.01
TRD30001827,ORD20001756,C100065,2026-09-14,3644.6,0.0,3.6446,0.1082,0.0036,0.0,0.0201,15.34,19.12
TRD30001828,ORD20001756,C100065,2026-09-14,1822.3,0.0,1.8223,0.0541,0.0018,0.0,0.0101,0.0,1.89
TRD30001829,ORD20001756,C100065,2026-09-14,1822.3,0.0,1.8223,0.0541,0.0018,0.0,0.0101,0.0,1.89
TRD30001830,ORD20000698,C100192,2026-09-14,2328.6,0.6986,0.5821,0.0692,0.0023,0.0,0.1386,0.0,1.49
TRD30001831,ORD20000698,C100192,2026-09-14,6990.6,2.0972,1.7476,0.2076,0.007,0.0,0.4161,0.0,4.48
TRD30001832,ORD20002263,C100103,2026-09-14,63170.4,18.9511,0.0,1.8762,0.0632,1.8951,3.7603,0.0,26.55
TRD30001833,ORD20001585,C100100,2026-09-14,146841.75,0.0,146.8418,4.3612,0.1468,0.0,0.8114,15.34,167.5
TRD30001834,ORD20003797,C100179,2026-09-14,7681.5,0.0,7.6815,0.2281,0.0077,0.0,0.0424,15.34,23.3
TRD30001835,ORD20003797,C100179,2026-09-14,55115.25,0.0,55.1152,1.6369,0.0551,0.0,0.3046,0.0,57.11
TRD30001836,ORD20000611,C100159,2026-09-14,11497.35,3.4492,2.8743,0.3415,0.0115,0.0,0.6844,0.0,7.36
TRD30001837,ORD20000611,C100159,2026-09-14,22983.6,6.8951,5.7459,0.6826,0.023,0.0,1.3681,0.0,14.71
TRD30001838,ORD20000611,C100159,2026-09-14,11499.85,3.45,2.875,0.3415,0.0115,0.0,0.6845,0.0,7.36
TRD30001839,ORD20000797,C100049,2026-09-14,2416.7,0.0,2.4167,0.0718,0.0024,0.0,0.0134,15.34,17.84
TRD30001840,ORD20004104,C100049,2026-09-14,2839.35,0.8518,0.0,0.0843,0.0028,0.0852,0.169,0.0,1.19
TRD30001841,ORD20004104,C100049,2026-09-14,1892.9,0.5679,0.0,0.0562,0.0019,0.0568,0.1127,0.0,0.8
TRD30001842,ORD20002204,C100067,2026-09-14,20938.4,6.2815,0.0,0.6219,0.0209,0.6282,1.2464,0.0,8.8
TRD30001843,ORD20002204,C100067,2026-09-14,8977.5,2.6932,0.0,0.2666,0.009,0.2693,0.5344,0.0,3.77
TRD30001844,ORD20002204,C100067,2026-09-14,20947.5,6.2842,0.0,0.6221,0.0209,0.6284,1.2469,0.0,8.8
TRD30001845,ORD20002642,C100113,2026-09-14,4155.45,1.2466,1.0389,0.1234,0.0042,0.0,0.2474,0.0,2.66
TRD30001846,ORD20003918,C100095,2026-09-14,30447.9,0.0,30.4479,0.9043,0.0304,0.0,0.1683,15.34,46.89
TRD30001847,ORD20002677,C100160,2026-09-14,26718.45,0.0,26.7184,0.7935,0.0267,0.0,0.1476,15.34,43.03
TRD30001848,ORD20002677,C100160,2026-09-14,82584.3,0.0,82.5843,2.4528,0.0826,0.0,0.4564,0.0,85.58
TRD30001849,ORD20002677,C100160,2026-09-14,9715.8,0.0,9.7158,0.2886,0.0097,0.0,0.0537,0.0,10.07
TRD30001850,ORD20000528,C100068,2026-09-14,2308.6,0.0,2.3086,0.0686,0.0023,0.0,0.0128,15.34,17.73
TRD30001851,ORD20000528,C100068,2026-09-14,16178.75,0.0,16.1788,0.4805,0.0162,0.0,0.0894,0.0,16.76
TRD30001852,ORD20000528,C100068,2026-09-14,2314.25,0.0,2.3142,0.0687,0.0023,0.0,0.0128,0.0,2.4
TRD30001853,ORD20000043,C100008,2026-09-14,51392.0,0.0,51.392,1.5263,0.0514,0.0,0.284,15.34,68.59
TRD30001854,ORD20004078,C100027,2026-09-14,35649.3,0.0,35.6493,1.0588,0.0356,5.3474,0.197,0.0,42.29
TRD30001855,ORD20004078,C100027,2026-09-14,11883.1,0.0,11.8831,0.3529,0.0119,1.7825,0.0657,0.0,14.1
TRD30001856,ORD20004078,C100027,2026-09-14,59415.5,0.0,59.4155,1.7646,0.0594,8.9123,0.3283,0.0,70.48
TRD30001857,ORD20001225,C100181,2026-09-14,18440.1,0.0,18.4401,0.5477,0.0184,0.0,0.1019,15.34,34.45
TRD30001858,ORD20001225,C100181,2026-09-14,7914.6,0.0,7.9146,0.2351,0.0079,0.0,0.0437,0.0,8.2
TRD30001859,ORD20001234,C100012,2026-09-14,7827.3,2.3482,1.9568,0.2325,0.0078,0.0,0.4659,0.0,5.01
TRD30001860,ORD20002085,C100009,2026-09-14,6015.0,1.8045,1.5038,0.1786,0.006,0.0,0.358,0.0,3.85
TRD30001861,ORD20002252,C100192,2026-09-14,19261.25,5.7784,4.8153,0.5721,0.0193,0.0,1.1465,0.0,12.33
TRD30001862,ORD20002252,C100192,2026-09-14,23113.5,6.934,5.7784,0.6865,0.0231,0.0,1.3759,0.0,14.8
TRD30001863,ORD20002252,C100192,2026-09-14,3852.25,1.1557,0.9631,0.1144,0.0039,0.0,0.2293,0.0,2.47
TRD30001864,ORD20002022,C100094,2026-09-14,3752.5,1.1257,0.9381,0.1114,0.0038,0.0,0.2234,0.0,2.4
TRD30001865,ORD20002022,C100094,2026-09-14,15760.5,4.7281,3.9401,0.4681,0.0158,0.0,0.9382,0.0,10.09
TRD30001866,ORD20002022,C100094,2026-09-14,11632.75,3.4898,2.9082,0.3455,0.0116,0.0,0.6925,0.0,7.45
TRD30001867,ORD20003890,C100027,2026-09-14,134036.0,20.0,33.509,3.9809,0.134,0.0,4.3407,0.0,61.96
TRD30001868,ORD20003890,C100027,2026-09-14,3590.25,1.0771,0.8976,0.1066,0.0036,0.0,0.2137,0.0,2.3
TRD30001869,ORD20001769,C100141,2026-09-14,31510.95,0.0,31.511,0.9359,0.0315,4.7266,0.1741,0.0,37.38
TRD30001870,ORD20001769,C100141,2026-09-14,17843.55,0.0,17.8436,0.53,0.0178,2.6765,0.0986,0.0,21.17
TRD30001871,ORD20002863,C100009,2026-09-14,6172.6,1.8518,0.0,0.1833,0.0062,0.1852,0.3674,0.0,2.59
TRD30001872,ORD20002863,C100009,2026-09-14,6171.2,1.8514,0.0,0.1833,0.0062,0.1851,0.3673,0.0,2.59
TRD30001873,ORD20002863,C100009,2026-09-14,11450.4,3.4351,0.0,0.3401,0.0115,0.3435,0.6816,0.0,4.81
TRD30001874,ORD20002512,C100187,2026-09-14,61760.0,18.528,15.44,1.8343,0.0618,0.0,3.6763,0.0,39.54
TRD30001875,ORD20001838,C100107,2026-09-14,813.75,0.2441,0.2034,0.0242,0.0008,0.0,0.0484,0.0,0.52
TRD30001876,ORD20001838,C100107,2026-09-14,4060.75,1.2182,1.0152,0.1206,0.0041,0.0,0.2417,0.0,2.6
TRD30001877,ORD20000459,C100113,2026-09-14,2443.0,0.0,2.443,0.0726,0.0024,0.0,0.0135,15.34,17.87
TRD30001878,ORD20000459,C100113,2026-09-14,5231.25,0.0,5.2312,0.1554,0.0052,0.0,0.0289,0.0,5.42
TRD30001879,ORD20000459,C100113,2026-09-14,2786.8,0.0,2.7868,0.0828,0.0028,0.0,0.0154,0.0,2.89
TRD30001880,ORD20003196,C100031,2026-09-14,36636.6,10.991,0.0,1.0881,0.0366,1.0991,2.1808,0.0,15.4
TRD30001881,ORD20003196,C100031,2026-09-14,15968.1,4.7904,0.0,0.4743,0.016,0.479,0.9505,0.0,6.71
TRD30001882,ORD20001379,C100103,2026-09-14,5270.1,0.0,5.2701,0.1565,0.0053,0.0,0.0291,15.34,20.8
TRD30001883,ORD20001379,C100103,2026-09-14,3513.4,0.0,3.5134,0.1043,0.0035,0.0,0.0194,0.0,3.64
TRD30001884,ORD20001089,C100025,2026-09-14,11902.75,3.5708,0.0,0.3535,0.0119,0.3571,0.7085,0.0,5.0
TRD30001885,ORD20000207,C100113,2026-09-14,1778.0,0.5334,0.0,0.0528,0.0018,0.0533,0.1058,0.0,0.75
TRD30001886,ORD20000207,C100113,2026-09-14,1423.6,0.4271,0.0,0.0423,0.0014,0.0427,0.0847,0.0,0.6
TRD30001887,ORD20001759,C100090,2026-09-14,4570.6,0.0,4.5706,0.1357,0.0046,0.6856,0.0253,0.0,5.42
TRD30001888,ORD20001759,C100090,2026-09-14,1144.75,0.0,1.1448,0.034,0.0011,0.1717,0.0063,0.0,1.36
TRD30001889,ORD20001759,C100090,2026-09-14,1142.85,0.0,1.1428,0.0339,0.0011,0.1714,0.0063,0.0,1.36
TRD30001890,ORD20001911,C100008,2026-09-14,5202.2,0.0,5.2022,0.1545,0.0052,0.0,0.0287,15.34,20.73
TRD30001891,ORD20001911,C100008,2026-09-14,7666.4,0.0,7.6664,0.2277,0.0077,0.0,0.0424,0.0,7.94
TRD30001892,ORD20000668,C100021,2026-09-14,12372.05,3.7116,3.093,0.3674,0.0124,0.0,0.7365,0.0,7.92
TRD30001893,ORD20001762,C100061,2026-09-14,13685.6,4.1057,3.4214,0.4065,0.0137,0.0,0.8146,0.0,8.76
TRD30001894,ORD20001762,C100061,2026-09-14,1710.7,0.5132,0.4277,0.0508,0.0017,0.0,0.1018,0.0,1.1
TRD30001895,ORD20001762,C100061,2026-09-14,18817.7,5.6453,4.7044,0.5589,0.0188,0.0,1.1201,0.0,12.05
TRD30001896,ORD20000138,C100025,2026-09-14,5913.6,1.7741,1.4784,0.1756,0.0059,0.0,0.352,0.0,3.79
TRD30001897,ORD20000138,C100025,2026-09-14,5915.0,1.7745,1.4788,0.1757,0.0059,0.0,0.3521,0.0,3.79
TRD30001898,ORD20000138,C100025,2026-09-14,19215.3,5.7646,4.8038,0.5707,0.0192,0.0,1.1438,0.0,12.3
TRD30001899,ORD20003552,C100162,2026-09-14,3153.2,0.0,3.1532,0.0937,0.0032,0.0,0.0174,15.34,18.61
TRD30001900,ORD20003552,C100162,2026-09-14,3941.5,0.0,3.9415,0.1171,0.0039,0.0,0.0218,0.0,4.08
TRD30001901,ORD20003552,C100162,2026-09-14,788.3,0.0,0.7883,0.0234,0.0008,0.0,0.0044,0.0,0.82
TRD30001902,ORD20003922,C100174,2026-09-14,36185.55,10.8557,0.0,1.0747,0.0362,1.0856,2.154,0.0,15.21
TRD30001903,ORD20003922,C100174,2026-09-14,12061.85,3.6186,0.0,0.3582,0.0121,0.3619,0.718,0.0,5.07
TRD30001904,ORD20003846,C100012,2026-09-14,5891.25,1.7674,1.4728,0.175,0.0059,0.0,0.3507,0.0,3.77
TRD30001905,ORD20003178,C100115,2026-09-14,3321.6,0.9965,0.8304,0.0987,0.0033,0.0,0.1977,0.0,2.13
TRD30001906,ORD20000343,C100149,2026-09-14,2901.65,0.8705,2.9016,0.0862,0.0029,0.4352,0.1727,0.0,4.47
TRD30001907,ORD20000343,C100149,2026-09-14,23212.0,6.9636,23.212,0.6894,0.0232,3.4818,1.3817,0.0,35.75
TRD30001908,ORD20002938,C100040,2026-09-14,119424.35,20.0,29.8561,3.5469,0.1194,0.0,4.2599,0.0,57.78
TRD30001909,ORD20000912,C100067,2026-09-14,21571.7,6.4715,5.3929,0.6407,0.0216,0.0,1.2841,0.0,13.81
TRD30001910,ORD20000183,C100031,2026-09-14,5679.3,1.7038,0.0,0.1687,0.0057,0.1704,0.3381,0.0,2.39
TRD30001911,ORD20003384,C100029,2026-09-14,2904.0,0.8712,0.0,0.0862,0.0029,0.0871,0.1729,0.0,1.22
TRD30001912,ORD20003384,C100029,2026-09-14,2901.0,0.8703,0.0,0.0862,0.0029,0.087,0.1727,0.0,1.22
TRD30001913,ORD20001767,C100050,2026-09-14,21126.0,0.0,21.126,0.6274,0.0211,0.0,0.1167,15.34,37.23
TRD30001914,ORD20001767,C100050,2026-09-14,14084.0,0.0,14.084,0.4183,0.0141,0.0,0.0778,0.0,14.59
TRD30001915,ORD20004875,C100192,2026-09-14,27943.2,0.0,27.9432,0.8299,0.0279,4.1915,0.1544,0.0,33.15
TRD30001916,ORD20000807,C100127,2026-09-14,1331.25,0.3994,0.3328,0.0395,0.0013,0.0,0.0792,0.0,0.85
TRD30001917,ORD20000807,C100127,2026-09-14,887.5,0.2662,0.2219,0.0264,0.0009,0.0,0.0528,0.0,0.57
TRD30001918,ORD20000807,C100127,2026-09-14,9315.6,2.7947,2.3289,0.2767,0.0093,0.0,0.5545,0.0,5.96
TRD30001919,ORD20001031,C100057,2026-09-14,26499.0,7.9497,6.6248,0.787,0.0265,0.0,1.5774,0.0,16.97
TRD30001920,ORD20003454,C100013,2026-09-14,3334.5,1.0003,3.3345,0.099,0.0033,0.5002,0.1985,0.0,5.14
TRD30001921,ORD20003454,C100013,2026-09-14,1111.5,0.3334,1.1115,0.033,0.0011,0.1667,0.0662,0.0,1.71
TRD30001922,ORD20001688,C100045,2026-09-14,33957.55,10.1873,8.4894,1.0085,0.034,0.0,2.0214,0.0,21.74
TRD30001923,ORD20001688,C100045,2026-09-14,26897.35,8.0692,6.7243,0.7989,0.0269,0.0,1.6011,0.0,17.22
TRD30001924,ORD20001688,C100045,2026-09-14,5851.5,1.7554,1.4629,0.1738,0.0059,0.0,0.3483,0.0,3.75
TRD30001925,ORD20000435,C100173,2026-09-14,18985.0,5.6955,0.0,0.5639,0.019,0.5696,1.1301,0.0,7.98
TRD30001926,ORD20000642,C100032,2026-09-14,22762.6,6.8288,0.0,0.676,0.0228,0.6829,1.355,0.0,9.57
TRD30001927,ORD20000642,C100032,2026-09-14,43899.3,13.1698,0.0,1.3038,0.0439,1.317,2.6131,0.0,18.45
TRD30001928,ORD20002115,C100111,2026-09-14,24237.75,7.2713,6.0594,0.7199,0.0242,0.0,1.4428,0.0,15.52
TRD30001929,ORD20002115,C100111,2026-09-14,15683.25,4.705,3.9208,0.4658,0.0157,0.0,0.9336,0.0,10.04
TRD30001930,ORD20002115,C100111,2026-09-14,15683.25,4.705,3.9208,0.4658,0.0157,0.0,0.9336,0.0,10.04
TRD30001931,ORD20004298,C100198,2026-09-14,2310.7,0.0,2.3107,0.0686,0.0023,0.0,0.0128,15.34,17.73
TRD30001932,ORD20004298,C100198,2026-09-14,16172.45,0.0,16.1724,0.4803,0.0162,0.0,0.0894,0.0,16.76
TRD30001933,ORD20004298,C100198,2026-09-14,41539.5,0.0,41.5395,1.2337,0.0415,0.0,0.2295,0.0,43.04
TRD30001934,ORD20000045,C100092,2026-09-14,843.45,0.253,0.2109,0.0251,0.0008,0.0,0.0502,0.0,0.54
TRD30001935,ORD20000045,C100092,2026-09-14,1686.9,0.5061,0.4217,0.0501,0.0017,0.0,0.1004,0.0,1.08
TRD30001936,ORD20000045,C100092,2026-09-14,1686.9,0.5061,0.4217,0.0501,0.0017,0.0,0.1004,0.0,1.08
TRD30001937,ORD20002016,C100177,2026-09-14,24219.3,7.2658,6.0548,0.7193,0.0242,0.0,1.4417,0.0,15.51
TRD30001938,ORD20003896,C100092,2026-09-14,3978.6,1.1936,0.0,0.1182,0.004,0.1194,0.2368,0.0,1.67
TRD30001939,ORD20003896,C100092,2026-09-14,13262.0,3.9786,0.0,0.3939,0.0133,0.3979,0.7894,0.0,5.57
TRD30001940,ORD20003896,C100092,2026-09-14,5307.4,1.5922,0.0,0.1576,0.0053,0.1592,0.3159,0.0,2.23
TRD30001941,ORD20001387,C100156,2026-09-14,6895.2,2.0686,1.7238,0.2048,0.0069,0.0,0.4104,0.0,4.41
TRD30001942,ORD20004832,C100002,2026-09-14,28842.0,8.6526,7.2105,0.8566,0.0288,0.0,1.7168,0.0,18.47
TRD30001943,ORD20000312,C100060,2026-09-14,38208.75,0.0,38.2088,1.1348,0.0382,5.7313,0.2111,0.0,45.32
TRD30001944,ORD20002074,C100090,2026-09-14,20854.75,0.0,20.8548,0.6194,0.0209,0.0,0.1152,15.34,36.95
TRD30001945,ORD20002074,C100090,2026-09-14,8937.75,0.0,8.9378,0.2655,0.0089,0.0,0.0494,0.0,9.26
TRD30001946,ORD20003283,C100121,2026-09-14,60640.0,18.192,15.16,1.801,0.0606,0.0,3.6097,0.0,38.82
TRD30001947,ORD20003283,C100121,2026-09-14,9001.25,2.7004,2.2503,0.2673,0.009,0.0,0.5358,0.0,5.76
TRD30001948,ORD20004773,C100141,2026-09-14,12167.45,0.0,12.1674,0.3614,0.0122,1.8251,0.0672,0.0,14.43
TRD30001949,ORD20004705,C100150,2026-09-14,34227.0,0.0,34.227,1.0165,0.0342,0.0,0.1891,15.34,50.81
TRD30001950,ORD20004705,C100150,2026-09-14,17113.5,0.0,17.1135,0.5083,0.0171,0.0,0.0946,0.0,17.73
TRD30001951,ORD20004705,C100150,2026-09-14,17113.5,0.0,17.1135,0.5083,0.0171,0.0,0.0946,0.0,17.73
TRD30001952,ORD20001705,C100119,2026-09-14,11777.35,3.5332,0.0,0.3498,0.0118,0.3533,0.7011,0.0,4.95
TRD30001953,ORD20001201,C100082,2026-09-14,1559.05,0.4677,0.0,0.0463,0.0016,0.0468,0.0928,0.0,0.66
TRD30001954,ORD20001201,C100082,2026-09-14,1559.05,0.4677,0.0,0.0463,0.0016,0.0468,0.0928,0.0,0.66
TRD30001955,ORD20001201,C100082,2026-09-14,6236.2,1.8709,0.0,0.1852,0.0062,0.1871,0.3712,0.0,2.62
TRD30001956,ORD20004227,C100156,2026-09-14,10240.5,0.0,10.2405,0.3041,0.0102,1.5361,0.0566,0.0,12.15
TRD30001957,ORD20004227,C100156,2026-09-14,3407.75,0.0,3.4078,0.1012,0.0034,0.5112,0.0188,0.0,4.04
TRD30001958,ORD20004227,C100156,2026-09-14,3411.0,0.0,3.411,0.1013,0.0034,0.5116,0.0188,0.0,4.05
TRD30001960,ORD20003571,C100025,2026-09-14,37173.15,0.0,37.1732,1.104,0.0372,5.576,0.2054,0.0,44.1
TRD30001961,ORD20003571,C100025,2026-09-14,24782.1,0.0,24.7821,0.736,0.0248,3.7173,0.1369,0.0,29.4
TRD30001959,ORD20003102,C100129,2026-09-14,21130.2,6.3391,5.2826,0.6276,0.0211,0.0,1.2578,0.0,13.53
TRD30001962,ORD20004156,C100056,2026-09-14,2356.85,0.7071,0.5892,0.07,0.0024,0.0,0.1403,0.0,1.51
TRD30001963,ORD20004156,C100056,2026-09-14,2357.2,0.7072,0.5893,0.07,0.0024,0.0,0.1403,0.0,1.51
TRD30001964,ORD20004156,C100056,2026-09-14,2359.2,0.7078,0.5898,0.0701,0.0024,0.0,0.1404,0.0,1.51
TRD30001965,ORD20003546,C100095,2026-09-14,9091.6,2.7275,2.2729,0.27,0.0091,0.0,0.5412,0.0,5.82
TRD30001966,ORD20003546,C100095,2026-09-14,5684.0,1.7052,1.421,0.1688,0.0057,0.0,0.3383,0.0,3.64
TRD30001967,ORD20000025,C100174,2026-09-14,2396.65,0.0,2.3966,0.0712,0.0024,0.0,0.0132,15.34,17.82
TRD30001968,ORD20000025,C100174,2026-09-14,2399.6,0.0,2.3996,0.0713,0.0024,0.0,0.0133,0.0,2.49
TRD30001969,ORD20000025,C100174,2026-09-14,7200.15,0.0,7.2002,0.2138,0.0072,0.0,0.0398,0.0,7.46
TRD30001970,ORD20004405,C100066,2026-09-14,71434.65,0.0,71.4346,2.1216,0.0714,0.0,0.3947,15.34,89.36
TRD30001971,ORD20004405,C100066,2026-09-14,16050.1,0.0,16.0501,0.4767,0.0161,0.0,0.0887,0.0,16.63
TRD30001972,ORD20002305,C100176,2026-09-14,9490.4,2.8471,0.0,0.2819,0.0095,0.2847,0.5649,0.0,3.99
TRD30001973,ORD20002305,C100176,2026-09-14,7106.4,2.1319,0.0,0.2111,0.0071,0.2132,0.423,0.0,2.99
TRD30001974,ORD20002864,C100043,2026-09-14,51697.6,0.0,51.6976,1.5354,0.0517,7.7546,0.2857,0.0,61.32
TRD30001975,ORD20002864,C100043,2026-09-14,8077.75,0.0,8.0778,0.2399,0.0081,1.2117,0.0446,0.0,9.58
TRD30001976,ORD20003744,C100134,2026-09-14,46830.0,0.0,46.83,1.3909,0.0468,0.0,0.2588,15.34,63.87
TRD30001977,ORD20003744,C100134,2026-09-14,10038.9,0.0,10.0389,0.2982,0.01,0.0,0.0555,0.0,10.4
TRD30001978,ORD20004848,C100166,2026-09-14,20697.75,6.2093,0.0,0.6147,0.0207,0.6209,1.2321,0.0,8.7
TRD30001979,ORD20004848,C100166,2026-09-14,1379.85,0.414,0.0,0.041,0.0014,0.0414,0.0821,0.0,0.58
TRD30001980,ORD20004848,C100166,2026-09-14,7819.15,2.3457,0.0,0.2322,0.0078,0.2346,0.4654,0.0,3.29
TRD30001981,ORD20000432,C100125,2026-09-14,11779.0,3.5337,0.0,0.3498,0.0118,0.3534,0.7012,0.0,4.95
TRD30001982,ORD20004268,C100161,2026-09-14,2377.65,0.7133,0.5944,0.0706,0.0024,0.0,0.1415,0.0,1.52
TRD30001983,ORD20004268,C100161,2026-09-14,9523.4,2.857,2.3808,0.2828,0.0095,0.0,0.5669,0.0,6.1
TRD30001984,ORD20003174,C100068,2026-09-14,1593.15,0.4779,0.3983,0.0473,0.0016,0.0,0.0948,0.0,1.02
TRD30001985,ORD20003174,C100068,2026-09-14,1594.25,0.4783,0.3986,0.0473,0.0016,0.0,0.0949,0.0,1.02
TRD30001986,ORD20003174,C100068,2026-09-14,9560.1,2.868,2.39,0.2839,0.0096,0.0,0.5691,0.0,6.12
TRD30001987,ORD20002004,C100001,2026-09-14,21075.6,0.0,21.0756,0.6259,0.0211,3.1613,0.1165,0.0,25.0
TRD30001988,ORD20002004,C100001,2026-09-14,117421.2,0.0,117.4212,3.4874,0.1174,17.6132,0.6489,0.0,139.29
TRD30001989,ORD20002913,C100135,2026-09-14,1408.2,0.0,1.4082,0.0418,0.0014,0.2112,0.0078,0.0,1.67
TRD30001990,ORD20002913,C100135,2026-09-14,1408.2,0.0,1.4082,0.0418,0.0014,0.2112,0.0078,0.0,1.67
TRD30001991,ORD20004892,C100185,2026-09-14,3073.6,0.9221,0.7684,0.0913,0.0031,0.0,0.183,0.0,1.97
TRD30001992,ORD20004722,C100197,2026-09-15,17043.4,0.0,17.0434,0.5062,0.017,0.0,0.0942,15.34,33.0
TRD30001993,ORD20004722,C100197,2026-09-15,7747.0,0.0,7.747,0.2301,0.0077,0.0,0.0428,0.0,8.03
TRD30001994,ORD20004722,C100197,2026-09-15,1549.4,0.0,1.5494,0.046,0.0015,0.0,0.0086,0.0,1.61
TRD30001995,ORD20004540,C100103,2026-09-15,131823.0,20.0,0.0,3.9151,0.1318,3.9547,4.3285,0.0,32.33
TRD30001996,ORD20000235,C100075,2026-09-15,5265.75,0.0,5.2658,0.1564,0.0053,0.7899,0.0291,0.0,6.25
TRD30001997,ORD20000235,C100075,2026-09-15,8771.75,0.0,8.7718,0.2605,0.0088,1.3158,0.0485,0.0,10.41
TRD30001998,ORD20003184,C100184,2026-09-15,11999.2,3.5998,2.9998,0.3564,0.012,0.0,0.7143,0.0,7.68
TRD30001999,ORD20003184,C100184,2026-09-15,23998.4,7.1995,5.9996,0.7128,0.024,0.0,1.4285,0.0,15.36
TRD30002000,ORD20001494,C100092,2026-09-15,349.65,0.1049,0.0874,0.0104,0.0003,0.0,0.0208,0.0,0.22
TRD30002001,ORD20001494,C100092,2026-09-15,8737.5,2.6212,2.1844,0.2595,0.0087,0.0,0.5201,0.0,5.59
TRD30002002,ORD20001494,C100092,2026-09-15,5241.75,1.5725,1.3104,0.1557,0.0052,0.0,0.312,0.0,3.36
TRD30002003,ORD20001212,C100106,2026-09-15,26145.45,0.0,26.1454,0.7765,0.0261,0.0,0.1445,15.34,42.43
TRD30002004,ORD20001212,C100106,2026-09-15,23261.6,0.0,23.2616,0.6909,0.0233,0.0,0.1285,0.0,24.1
TRD30002005,ORD20003627,C100066,2026-09-15,23053.6,6.9161,0.0,0.6847,0.0231,0.6916,1.3723,0.0,9.69
TRD30002006,ORD20004103,C100005,2026-09-15,2346.35,0.7039,0.5866,0.0697,0.0023,0.0,0.1397,0.0,1.5
TRD30002007,ORD20004103,C100005,2026-09-15,35241.0,10.5723,8.8102,1.0467,0.0352,0.0,2.0978,0.0,22.56
TRD30002008,ORD20004103,C100005,2026-09-15,4697.8,1.4093,1.1744,0.1395,0.0047,0.0,0.2796,0.0,3.01
TRD30002009,ORD20000661,C100151,2026-09-15,21436.0,0.0,21.436,0.6366,0.0214,0.0,0.1185,15.34,37.55
TRD30002010,ORD20000661,C100151,2026-09-15,35381.8,0.0,35.3818,1.0508,0.0354,0.0,0.1955,0.0,36.66
TRD30002011,ORD20000661,C100151,2026-09-15,6990.0,0.0,6.99,0.2076,0.007,0.0,0.0386,0.0,7.24
TRD30002012,ORD20004200,C100009,2026-09-15,28558.8,8.5676,7.1397,0.8482,0.0286,0.0,1.7,0.0,18.28
TRD30002013,ORD20004200,C100009,2026-09-15,2379.9,0.714,0.595,0.0707,0.0024,0.0,0.1417,0.0,1.52
TRD30002014,ORD20004409,C100096,2026-09-15,35366.5,0.0,35.3665,1.0504,0.0354,5.305,0.1954,0.0,41.95
TRD30002015,ORD20004409,C100096,2026-09-15,104739.25,0.0,104.7392,3.1108,0.1047,15.7109,0.5788,0.0,124.24
TRD30002016,ORD20000288,C100119,2026-09-15,5443.2,1.633,1.3608,0.1617,0.0054,0.0,0.324,0.0,3.48
TRD30002017,ORD20000288,C100119,2026-09-15,518.4,0.1555,0.1296,0.0154,0.0005,0.0,0.0309,0.0,0.33
TRD30002018,ORD20000288,C100119,2026-09-15,518.4,0.1555,0.1296,0.0154,0.0005,0.0,0.0309,0.0,0.33
TRD30002019,ORD20004607,C100151,2026-09-15,8941.2,0.0,8.9412,0.2656,0.0089,1.3412,0.0494,0.0,10.61
TRD30002020,ORD20004607,C100151,2026-09-15,2980.4,0.0,2.9804,0.0885,0.003,0.4471,0.0165,0.0,3.54
TRD30002021,ORD20000953,C100099,2026-09-15,21450.0,6.435,5.3625,0.6371,0.0214,0.0,1.2768,0.0,13.73
TRD30002022,ORD20000953,C100099,2026-09-15,11550.0,3.465,2.8875,0.343,0.0116,0.0,0.6875,0.0,7.39
TRD30002023,ORD20002880,C100018,2026-09-15,10855.95,3.2568,0.0,0.3224,0.0109,0.3257,0.6462,0.0,4.56
TRD30002024,ORD20002880,C100018,2026-09-15,7754.25,2.3263,0.0,0.2303,0.0078,0.2326,0.4616,0.0,3.26
TRD30002025,ORD20002705,C100174,2026-09-15,26589.0,7.9767,0.0,0.7897,0.0266,0.7977,1.5827,0.0,11.17
TRD30002026,ORD20002705,C100174,2026-09-15,8863.0,2.6589,0.0,0.2632,0.0089,0.2659,0.5276,0.0,3.72
TRD30002027,ORD20004801,C100171,2026-09-15,46111.0,13.8333,0.0,1.3695,0.0461,1.3833,2.7448,0.0,19.38
TRD30002028,ORD20001866,C100008,2026-09-15,89988.6,0.0,89.9886,2.6727,0.09,13.4983,0.4973,0.0,106.75
TRD30002029,ORD20000469,C100158,2026-09-15,22702.0,0.0,22.702,0.6742,0.0227,3.4053,0.1255,0.0,26.93
TRD30002030,ORD20002746,C100192,2026-09-15,1537.2,0.0,1.5372,0.0457,0.0015,0.0,0.0085,15.34,16.93
TRD30002031,ORD20002746,C100192,2026-09-15,2304.3,0.0,2.3043,0.0684,0.0023,0.0,0.0127,0.0,2.39
TRD30002032,ORD20001423,C100168,2026-09-15,6952.8,0.0,6.9528,0.2065,0.007,1.0429,0.0384,0.0,8.25
TRD30002033,ORD20001423,C100168,2026-09-15,11588.0,0.0,11.588,0.3442,0.0116,1.7382,0.064,0.0,13.75
TRD30002034,ORD20001423,C100168,2026-09-15,6952.8,0.0,6.9528,0.2065,0.007,1.0429,0.0384,0.0,8.25
TRD30002035,ORD20000356,C100079,2026-09-15,1697.25,0.0,1.6972,0.0504,0.0017,0.0,0.0094,15.34,17.1
TRD30002036,ORD20000356,C100079,2026-09-15,1699.7,0.0,1.6997,0.0505,0.0017,0.0,0.0094,0.0,1.76
TRD30002037,ORD20004667,C100175,2026-09-15,6342.4,0.0,6.3424,0.1884,0.0063,0.0,0.035,15.34,21.91
TRD30002038,ORD20003150,C100051,2026-09-15,1904.1,0.0,1.9041,0.0566,0.0019,0.0,0.0105,15.34,17.31
TRD30002039,ORD20003150,C100051,2026-09-15,1904.1,0.0,1.9041,0.0566,0.0019,0.0,0.0105,0.0,1.97
TRD30002040,ORD20004549,C100073,2026-09-15,109582.7,20.0,0.0,3.2546,0.1096,3.2875,4.2056,0.0,30.86
TRD30002044,ORD20004735,C100146,2026-09-15,4565.8,1.3697,0.0,0.1356,0.0046,0.137,0.2718,0.0,1.92
TRD30002041,ORD20001662,C100009,2026-09-15,2832.75,0.0,2.8328,0.0841,0.0028,0.4249,0.0157,0.0,3.36
TRD30002042,ORD20001662,C100009,2026-09-15,1888.5,0.0,1.8885,0.0561,0.0019,0.2833,0.0104,0.0,2.24
TRD30002043,ORD20001662,C100009,2026-09-15,1888.5,0.0,1.8885,0.0561,0.0019,0.2833,0.0104,0.0,2.24
TRD30002045,ORD20001878,C100004,2026-09-15,2796.05,0.8388,0.699,0.083,0.0028,0.0,0.1664,0.0,1.79
TRD30002046,ORD20001878,C100004,2026-09-15,2790.0,0.837,0.6975,0.0829,0.0028,0.0,0.1661,0.0,1.79
TRD30002050,ORD20003333,C100015,2026-09-15,2873.95,0.8622,0.0,0.0854,0.0029,0.0862,0.1711,0.0,1.21
TRD30002047,ORD20003289,C100012,2026-09-15,1409.2,0.4228,0.0,0.0419,0.0014,0.0423,0.0839,0.0,0.59
TRD30002051,ORD20003333,C100015,2026-09-15,2873.95,0.8622,0.0,0.0854,0.0029,0.0862,0.1711,0.0,1.21
TRD30002048,ORD20003289,C100012,2026-09-15,8463.6,2.5391,0.0,0.2514,0.0085,0.2539,0.5038,0.0,3.56
TRD30002049,ORD20003289,C100012,2026-09-15,57465.65,17.2397,0.0,1.7067,0.0575,1.724,3.4207,0.0,24.15
TRD30002052,ORD20000865,C100127,2026-09-15,9990.2,0.0,9.9902,0.2967,0.01,1.4985,0.0552,0.0,11.85
TRD30002053,ORD20000865,C100127,2026-09-15,6357.4,0.0,6.3574,0.1888,0.0064,0.9536,0.0351,0.0,7.54
TRD30002054,ORD20000865,C100127,2026-09-15,11352.5,0.0,11.3525,0.3372,0.0114,1.7029,0.0627,0.0,13.47
TRD30002055,ORD20002671,C100163,2026-09-15,1288.0,0.3864,0.322,0.0383,0.0013,0.0,0.0767,0.0,0.82
TRD30002056,ORD20000493,C100059,2026-09-15,2765.8,0.8297,0.0,0.0821,0.0028,0.083,0.1646,0.0,1.16
TRD30002057,ORD20000493,C100059,2026-09-15,4148.7,1.2446,0.0,0.1232,0.0041,0.1245,0.247,0.0,1.74
TRD30002058,ORD20002854,C100163,2026-09-15,31495.5,9.4486,0.0,0.9354,0.0315,0.9449,1.8748,0.0,13.24
TRD30002059,ORD20002854,C100163,2026-09-15,2329.8,0.6989,0.0,0.0692,0.0023,0.0699,0.1387,0.0,0.98
TRD30002060,ORD20003945,C100058,2026-09-15,15245.6,4.5737,0.0,0.4528,0.0152,0.4574,0.9075,0.0,6.41
TRD30002061,ORD20003945,C100058,2026-09-15,35261.6,10.5785,0.0,1.0473,0.0353,1.0578,2.099,0.0,14.82
TRD30002062,ORD20003432,C100168,2026-09-15,11942.7,3.5828,0.0,0.3547,0.0119,0.3583,0.7109,0.0,5.02
TRD30002063,ORD20003432,C100168,2026-09-15,6152.3,1.8457,0.0,0.1827,0.0062,0.1846,0.3662,0.0,2.59
TRD30002064,ORD20003432,C100168,2026-09-15,9047.5,2.7142,0.0,0.2687,0.009,0.2714,0.5386,0.0,3.8
TRD30002065,ORD20000028,C100188,2026-09-15,16433.9,4.9302,0.0,0.4881,0.0164,0.493,0.9782,0.0,6.91
TRD30002066,ORD20000028,C100188,2026-09-15,1173.85,0.3522,0.0,0.0349,0.0012,0.0352,0.0699,0.0,0.49
TRD30002067,ORD20003672,C100139,2026-09-15,18106.4,5.4319,4.5266,0.5378,0.0181,0.0,1.0778,0.0,11.59
TRD30002068,ORD20003832,C100054,2026-09-15,4514.0,1.3542,1.1285,0.1341,0.0045,0.0,0.2687,0.0,2.89
TRD30002069,ORD20003832,C100054,2026-09-15,4509.0,1.3527,1.1272,0.1339,0.0045,0.0,0.2684,0.0,2.89
TRD30002070,ORD20001792,C100187,2026-09-15,53738.0,16.1214,13.4345,1.596,0.0537,0.0,3.1988,0.0,34.4
TRD30002071,ORD20001792,C100187,2026-09-15,13434.5,4.0303,3.3586,0.399,0.0134,0.0,0.7997,0.0,8.6
TRD30002072,ORD20000264,C100106,2026-09-15,120775.2,0.0,120.7752,3.587,0.1208,0.0,0.6674,15.34,140.49
TRD30002073,ORD20004431,C100185,2026-09-15,1907.85,0.0,1.9078,0.0567,0.0019,0.2862,0.0105,0.0,2.26
TRD30002074,ORD20004431,C100185,2026-09-15,1362.75,0.0,1.3628,0.0405,0.0014,0.2044,0.0075,0.0,1.62
TRD30002075,ORD20004431,C100185,2026-09-15,1907.85,0.0,1.9078,0.0567,0.0019,0.2862,0.0105,0.0,2.26
TRD30002076,ORD20000579,C100172,2026-09-15,23287.6,6.9863,23.2876,0.6916,0.0233,0.0,1.3862,15.34,47.72
TRD30002077,ORD20004113,C100138,2026-09-15,4467.45,1.3402,0.0,0.1327,0.0045,0.134,0.2659,0.0,1.88
TRD30002078,ORD20004113,C100138,2026-09-15,9965.85,2.9898,0.0,0.296,0.01,0.299,0.5932,0.0,4.19
TRD30002079,ORD20003538,C100136,2026-09-15,145140.0,20.0,36.285,4.3107,0.1451,0.0,4.402,0.0,65.14
TRD30002080,ORD20002162,C100167,2026-09-15,18271.2,0.0,18.2712,0.5427,0.0183,2.7407,0.101,0.0,21.67
TRD30002081,ORD20002162,C100167,2026-09-15,3425.85,0.0,3.4258,0.1017,0.0034,0.5139,0.0189,0.0,4.06
TRD30002082,ORD20002162,C100167,2026-09-15,10277.55,0.0,10.2776,0.3052,0.0103,1.5416,0.0568,0.0,12.19
TRD30002083,ORD20004855,C100126,2026-09-15,8369.55,0.0,8.3696,0.2486,0.0084,0.0,0.0463,15.34,24.01
TRD30002084,ORD20004855,C100126,2026-09-15,31086.9,0.0,31.0869,0.9233,0.0311,0.0,0.1718,0.0,32.21
TRD30002085,ORD20004855,C100126,2026-09-15,32282.55,0.0,32.2826,0.9588,0.0323,0.0,0.1784,0.0,33.45
TRD30002086,ORD20000497,C100039,2026-09-15,2937.8,0.0,2.9378,0.0873,0.0029,0.4407,0.0162,0.0,3.48
TRD30002087,ORD20000497,C100039,2026-09-15,5875.6,0.0,5.8756,0.1745,0.0059,0.8813,0.0325,0.0,6.97
TRD30002088,ORD20000051,C100027,2026-09-15,134572.95,20.0,0.0,3.9968,0.1346,4.0372,4.3437,0.0,32.51
TRD30002089,ORD20001599,C100086,2026-09-15,5769.6,0.0,5.7696,0.1714,0.0058,0.0,0.0319,15.34,21.32
TRD30002090,ORD20004480,C100125,2026-09-15,27712.8,8.3138,6.9282,0.8231,0.0277,0.0,1.6496,0.0,17.74
TRD30002091,ORD20004480,C100125,2026-09-15,8069.6,2.4209,2.0174,0.2397,0.0081,0.0,0.4804,0.0,5.17
TRD30002092,ORD20004777,C100187,2026-09-15,266.15,0.0,0.2662,0.0079,0.0003,0.0,0.0015,15.34,15.62
TRD30002093,ORD20004777,C100187,2026-09-15,5059.7,0.0,5.0597,0.1503,0.0051,0.0,0.028,0.0,5.24
TRD30002095,ORD20000854,C100105,2026-09-15,69500.9,0.0,69.5009,2.0642,0.0695,10.4251,0.3841,0.0,82.44
TRD30002094,ORD20004777,C100187,2026-09-15,532.7,0.0,0.5327,0.0158,0.0005,0.0,0.0029,0.0,0.55
TRD30002096,ORD20004685,C100036,2026-09-15,8910.0,2.673,0.0,0.2646,0.0089,0.2673,0.5304,0.0,3.74
TRD30002097,ORD20004685,C100036,2026-09-15,4276.8,1.283,0.0,0.127,0.0043,0.1283,0.2546,0.0,1.8
TRD30002098,ORD20001241,C100114,2026-09-15,1108.35,0.3325,0.2771,0.0329,0.0011,0.0,0.066,0.0,0.71
TRD30002099,ORD20001241,C100114,2026-09-15,1108.35,0.3325,0.2771,0.0329,0.0011,0.0,0.066,0.0,0.71
TRD30002100,ORD20001241,C100114,2026-09-15,2216.7,0.665,0.5542,0.0658,0.0022,0.0,0.132,0.0,1.42
TRD30002101,ORD20002138,C100181,2026-09-15,18794.0,0.0,18.794,0.5582,0.0188,2.8191,0.1039,0.0,22.29
TRD30002102,ORD20002138,C100181,2026-09-15,31010.1,0.0,31.0101,0.921,0.031,4.6515,0.1714,0.0,36.78
TRD30002103,ORD20003433,C100043,2026-09-15,53451.35,0.0,53.4514,1.5875,0.0535,0.0,0.2954,15.34,70.73
TRD30002104,ORD20003433,C100043,2026-09-15,29642.9,0.0,29.6429,0.8804,0.0296,0.0,0.1638,0.0,30.72
TRD30002105,ORD20003433,C100043,2026-09-15,56509.5,0.0,56.5095,1.6783,0.0565,0.0,0.3123,0.0,58.56
TRD30002106,ORD20002277,C100101,2026-09-15,32035.3,0.0,32.0353,0.9514,0.032,0.0,0.177,15.34,48.54
TRD30002107,ORD20001235,C100122,2026-09-15,67200.9,0.0,67.2009,1.9959,0.0672,0.0,0.3714,15.34,84.98
TRD30002108,ORD20001778,C100117,2026-09-15,60888.0,18.2664,15.222,1.8084,0.0609,0.0,3.6244,0.0,38.98
TRD30002109,ORD20001778,C100117,2026-09-15,13695.25,4.1086,3.4238,0.4067,0.0137,0.0,0.8152,0.0,8.77
TRD30002110,ORD20000398,C100055,2026-09-15,5913.3,0.0,5.9133,0.1756,0.0059,0.887,0.0327,0.0,7.01
TRD30002111,ORD20000398,C100055,2026-09-15,5913.3,0.0,5.9133,0.1756,0.0059,0.887,0.0327,0.0,7.01
TRD30002112,ORD20000398,C100055,2026-09-15,17739.9,0.0,17.7399,0.5269,0.0177,2.661,0.098,0.0,21.04
TRD30002113,ORD20003233,C100049,2026-09-15,19440.3,5.8321,4.8601,0.5774,0.0194,0.0,1.1572,0.0,12.45
TRD30002114,ORD20003233,C100049,2026-09-15,1357.95,0.4074,0.3395,0.0403,0.0014,0.0,0.0808,0.0,0.87
TRD30002115,ORD20003233,C100049,2026-09-15,16742.5,5.0227,4.1856,0.4973,0.0167,0.0,0.9966,0.0,10.72
TRD30002116,ORD20004433,C100124,2026-09-15,117111.25,20.0,0.0,3.4782,0.1171,3.5133,4.2472,0.0,31.36
TRD30002117,ORD20002527,C100028,2026-09-15,50566.7,0.0,50.5667,1.5018,0.0506,7.585,0.2794,0.0,59.98
TRD30002118,ORD20003535,C100187,2026-09-15,35971.65,0.0,35.9717,1.0684,0.036,0.0,0.1988,15.34,52.61
TRD30002119,ORD20000833,C100180,2026-09-15,4679.25,1.4038,0.0,0.139,0.0047,0.1404,0.2785,0.0,1.97
TRD30002120,ORD20000833,C100180,2026-09-15,6229.6,1.8689,0.0,0.185,0.0062,0.1869,0.3708,0.0,2.62
TRD30002121,ORD20000833,C100180,2026-09-15,20256.6,6.077,0.0,0.6016,0.0203,0.6077,1.2058,0.0,8.51
TRD30002122,ORD20004245,C100150,2026-09-15,55151.4,0.0,55.1514,1.638,0.0552,0.0,0.3048,15.34,72.49
TRD30002123,ORD20004533,C100039,2026-09-15,1751.65,0.5255,0.4379,0.052,0.0018,0.0,0.1043,0.0,1.12
TRD30002124,ORD20004533,C100039,2026-09-15,7006.6,2.102,1.7516,0.2081,0.007,0.0,0.4171,0.0,4.49
TRD30002125,ORD20004533,C100039,2026-09-15,12261.55,3.6785,3.0654,0.3642,0.0123,0.0,0.7299,0.0,7.85
TRD30002126,ORD20004891,C100025,2026-09-15,19674.65,5.9024,4.9187,0.5843,0.0197,0.0,1.1712,0.0,12.6
TRD30002127,ORD20001322,C100050,2026-09-15,24332.6,7.2998,0.0,0.7227,0.0243,0.73,1.4484,0.0,10.23
TRD30002128,ORD20001322,C100050,2026-09-15,12166.3,3.6499,0.0,0.3613,0.0122,0.365,0.7242,0.0,5.11
TRD30002129,ORD20001322,C100050,2026-09-15,36498.9,10.9497,0.0,1.084,0.0365,1.095,2.1726,0.0,15.34
TRD30002130,ORD20000249,C100086,2026-09-15,2922.8,0.8768,0.7307,0.0868,0.0029,0.0,0.174,0.0,1.87
TRD30002131,ORD20003618,C100033,2026-09-15,2680.2,0.0,2.6802,0.0796,0.0027,0.0,0.0148,15.34,18.12
TRD30002132,ORD20004338,C100120,2026-09-15,4831.0,0.0,4.831,0.1435,0.0048,0.7246,0.0267,0.0,5.73
TRD30002133,ORD20002289,C100154,2026-09-15,11753.2,3.526,2.9383,0.3491,0.0118,0.0,0.6996,0.0,7.52
TRD30002134,ORD20004904,C100020,2026-09-15,10967.8,3.2903,0.0,0.3257,0.011,0.329,0.6529,0.0,4.61
TRD30002135,ORD20003882,C100020,2026-09-15,826.0,0.0,0.826,0.0245,0.0008,0.1239,0.0046,0.0,0.98
TRD30002136,ORD20003882,C100020,2026-09-15,3304.0,0.0,3.304,0.0981,0.0033,0.4956,0.0183,0.0,3.92
TRD30002137,ORD20001727,C100117,2026-09-15,23023.2,0.0,23.0232,0.6838,0.023,3.4535,0.1272,0.0,27.31
TRD30002138,ORD20001727,C100117,2026-09-15,19164.0,0.0,19.164,0.5692,0.0192,2.8746,0.1059,0.0,22.73
TRD30002139,ORD20002953,C100086,2026-09-15,5041.8,1.5125,1.2604,0.1497,0.005,0.0,0.3001,0.0,3.23
TRD30002140,ORD20002953,C100086,2026-09-15,1682.6,0.5048,0.4206,0.05,0.0017,0.0,0.1002,0.0,1.08
TRD30002141,ORD20002953,C100086,2026-09-15,10108.5,3.0325,2.5271,0.3002,0.0101,0.0,0.6017,0.0,6.47
TRD30002142,ORD20000936,C100199,2026-09-15,2463.9,0.7392,0.616,0.0732,0.0025,0.0,0.1467,0.0,1.58
TRD30002143,ORD20000232,C100124,2026-09-15,29031.5,8.7094,0.0,0.8622,0.029,0.8709,1.7281,0.0,12.2
TRD30002144,ORD20000232,C100124,2026-09-15,8698.05,2.6094,0.0,0.2583,0.0087,0.2609,0.5178,0.0,3.66
TRD30002145,ORD20000232,C100124,2026-09-15,40566.4,12.1699,0.0,1.2048,0.0406,1.217,2.4148,0.0,17.05
TRD30002146,ORD20004420,C100056,2026-09-15,11263.0,3.3789,2.8158,0.3345,0.0113,0.0,0.6704,0.0,7.21
TRD30002147,ORD20001809,C100052,2026-09-15,3247.3,0.9742,0.8118,0.0964,0.0032,0.0,0.1933,0.0,2.08
TRD30002148,ORD20000329,C100147,2026-09-15,12773.7,0.0,12.7737,0.3794,0.0128,1.9161,0.0706,0.0,15.15
TRD30002149,ORD20003481,C100131,2026-09-15,18083.25,5.425,0.0,0.5371,0.0181,0.5425,1.0764,0.0,7.6
TRD30002150,ORD20003481,C100131,2026-09-15,13332.9,3.9999,0.0,0.396,0.0133,0.4,0.7937,0.0,5.6
TRD30002151,ORD20003428,C100092,2026-09-15,1561.3,0.4684,0.0,0.0464,0.0016,0.0468,0.0929,0.0,0.66
TRD30002152,ORD20003428,C100092,2026-09-15,780.65,0.2342,0.0,0.0232,0.0008,0.0234,0.0465,0.0,0.33
TRD30002153,ORD20003428,C100092,2026-09-15,780.65,0.2342,0.0,0.0232,0.0008,0.0234,0.0465,0.0,0.33
TRD30002154,ORD20003188,C100147,2026-09-15,2946.4,0.0,2.9464,0.0875,0.0029,0.0,0.0163,15.34,18.39
TRD30002155,ORD20003188,C100147,2026-09-15,61874.4,0.0,61.8744,1.8377,0.0619,0.0,0.3419,0.0,64.12
TRD30002157,ORD20001527,C100142,2026-09-15,19921.6,5.9765,0.0,0.5917,0.0199,0.5976,1.1859,0.0,8.37
TRD30002156,ORD20003188,C100147,2026-09-15,47142.4,0.0,47.1424,1.4001,0.0471,0.0,0.2605,0.0,48.85
TRD30002158,ORD20001527,C100142,2026-09-15,32394.7,9.7184,0.0,0.9621,0.0324,0.9718,1.9283,0.0,13.61
TRD30002159,ORD20003997,C100068,2026-09-15,18309.0,5.4927,4.5772,0.5438,0.0183,0.0,1.0899,0.0,11.72
TRD30002161,ORD20003158,C100110,2026-09-15,64989.0,19.4967,16.2472,1.9302,0.065,0.0,3.8685,0.0,41.61
TRD30002160,ORD20003997,C100068,2026-09-15,8539.65,2.5619,2.1349,0.2536,0.0085,0.0,0.5083,0.0,5.47
TRD30002162,ORD20001000,C100195,2026-09-15,6951.3,0.0,6.9513,0.2065,0.007,1.0427,0.0384,0.0,8.25
TRD30002163,ORD20003966,C100040,2026-09-15,43221.6,12.9665,0.0,1.2837,0.0432,1.2966,2.5728,0.0,18.16
TRD30002164,ORD20003241,C100020,2026-09-15,2325.05,0.6975,0.5813,0.0691,0.0023,0.0,0.1384,0.0,1.49
TRD30002165,ORD20001977,C100116,2026-09-15,57547.0,0.0,57.547,1.7091,0.0575,0.0,0.318,15.34,74.97
TRD30002166,ORD20004666,C100156,2026-09-15,6308.75,1.8926,0.0,0.1874,0.0063,0.1893,0.3755,0.0,2.65
TRD30002167,ORD20004666,C100156,2026-09-15,8107.65,2.4323,0.0,0.2408,0.0081,0.2432,0.4826,0.0,3.41
TRD30002168,ORD20002301,C100010,2026-09-15,11925.15,3.5775,2.9813,0.3542,0.0119,0.0,0.7099,0.0,7.63
TRD30002169,ORD20002301,C100010,2026-09-15,11925.15,3.5775,2.9813,0.3542,0.0119,0.0,0.7099,0.0,7.63
TRD30002170,ORD20002301,C100010,2026-09-15,11925.15,3.5775,2.9813,0.3542,0.0119,0.0,0.7099,0.0,7.63
TRD30002171,ORD20001310,C100102,2026-09-15,5044.05,0.0,5.0441,0.1498,0.005,0.0,0.0279,15.34,20.57
TRD30002172,ORD20001310,C100102,2026-09-15,4126.95,0.0,4.127,0.1226,0.0041,0.0,0.0228,0.0,4.28
TRD30002173,ORD20001310,C100102,2026-09-15,4126.95,0.0,4.127,0.1226,0.0041,0.0,0.0228,0.0,4.28
TRD30002174,ORD20004772,C100112,2026-09-15,96426.4,20.0,96.4264,2.8639,0.0964,0.0,4.1329,15.34,138.86
TRD30002175,ORD20004772,C100112,2026-09-15,12962.25,3.8887,12.9623,0.385,0.013,0.0,0.7716,0.0,18.02
TRD30002176,ORD20002360,C100161,2026-09-15,13558.0,0.0,13.558,0.4027,0.0136,2.0337,0.0749,0.0,16.08
TRD30002177,ORD20002427,C100138,2026-09-15,31461.0,9.4383,7.8652,0.9344,0.0315,0.0,1.8727,0.0,20.14
TRD30002178,ORD20001517,C100149,2026-09-15,137059.2,20.0,137.0592,4.0707,0.1371,20.5589,4.3574,0.0,186.18
TRD30002179,ORD20001517,C100149,2026-09-15,8558.85,2.5677,8.5589,0.2542,0.0086,1.2838,0.5095,0.0,13.18
TRD30002180,ORD20003031,C100086,2026-09-15,5707.75,0.0,5.7078,0.1695,0.0057,0.0,0.0315,15.34,21.25
TRD30002181,ORD20003031,C100086,2026-09-15,13698.6,0.0,13.6986,0.4068,0.0137,0.0,0.0757,0.0,14.19
TRD30002182,ORD20003031,C100086,2026-09-15,2283.1,0.0,2.2831,0.0678,0.0023,0.0,0.0126,0.0,2.37
TRD30002183,ORD20000464,C100197,2026-09-15,5365.05,1.6095,0.0,0.1593,0.0054,0.161,0.3194,0.0,2.25
TRD30002184,ORD20000464,C100197,2026-09-15,1786.85,0.5361,0.0,0.0531,0.0018,0.0536,0.1064,0.0,0.75
TRD30002185,ORD20000464,C100197,2026-09-15,1790.3,0.5371,0.0,0.0532,0.0018,0.0537,0.1066,0.0,0.75
TRD30002186,ORD20002374,C100050,2026-09-15,28806.75,8.642,7.2017,0.8556,0.0288,0.0,1.7148,0.0,18.44
TRD30002187,ORD20004117,C100013,2026-09-15,3890.6,1.1672,3.8906,0.1156,0.0039,0.0,0.2316,15.34,20.75
TRD30002188,ORD20004117,C100013,2026-09-15,971.15,0.2913,0.9712,0.0288,0.001,0.0,0.0578,0.0,1.35
TRD30002189,ORD20004117,C100013,2026-09-15,1945.2,0.5836,1.9452,0.0578,0.0019,0.0,0.1158,0.0,2.7
TRD30002190,ORD20000853,C100026,2026-09-15,28408.4,8.5225,7.1021,0.8437,0.0284,0.0,1.691,0.0,18.19
TRD30002191,ORD20001613,C100154,2026-09-15,3502.0,0.0,3.502,0.104,0.0035,0.0,0.0194,15.34,18.97
TRD30002192,ORD20001613,C100154,2026-09-15,3502.0,0.0,3.502,0.104,0.0035,0.0,0.0194,0.0,3.63
TRD30002193,ORD20001613,C100154,2026-09-15,5253.0,0.0,5.253,0.156,0.0053,0.0,0.029,0.0,5.44
TRD30002194,ORD20004341,C100197,2026-09-15,52132.4,0.0,52.1324,1.5483,0.0521,0.0,0.2881,15.34,69.36
TRD30002195,ORD20004341,C100197,2026-09-15,2215.9,0.0,2.2159,0.0658,0.0022,0.0,0.0122,0.0,2.3
TRD30002196,ORD20003416,C100041,2026-09-15,702.0,0.2106,0.0,0.0208,0.0007,0.0211,0.0418,0.0,0.3
TRD30002197,ORD20003416,C100041,2026-09-15,2808.0,0.8424,0.0,0.0834,0.0028,0.0842,0.1671,0.0,1.18
TRD30002198,ORD20004732,C100163,2026-09-15,5946.9,1.7841,1.4867,0.1766,0.0059,0.0,0.354,0.0,3.81
TRD30002199,ORD20004732,C100163,2026-09-15,17840.7,5.3522,4.4602,0.5299,0.0178,0.0,1.062,0.0,11.42
TRD30002200,ORD20004732,C100163,2026-09-15,28743.35,8.623,7.1858,0.8537,0.0287,0.0,1.711,0.0,18.4
TRD30002201,ORD20003953,C100017,2026-09-15,11261.8,3.3785,0.0,0.3345,0.0113,0.3379,0.6704,0.0,4.73
TRD30002202,ORD20003953,C100017,2026-09-15,22779.55,6.8339,0.0,0.6766,0.0228,0.6834,1.356,0.0,9.57
TRD30002203,ORD20001474,C100039,2026-09-15,29273.75,0.0,29.2738,0.8694,0.0293,0.0,0.1618,15.34,45.67
TRD30002204,ORD20000010,C100186,2026-09-15,2407.7,0.0,2.4077,0.0715,0.0024,0.3612,0.0133,0.0,2.86
TRD30002205,ORD20000010,C100186,2026-09-15,1203.85,0.0,1.2038,0.0358,0.0012,0.1806,0.0067,0.0,1.43
TRD30002206,ORD20000010,C100186,2026-09-15,2407.7,0.0,2.4077,0.0715,0.0024,0.3612,0.0133,0.0,2.86
TRD30002207,ORD20002869,C100129,2026-09-15,121749.75,0.0,121.7498,3.616,0.1217,18.2625,0.6728,0.0,144.42
TRD30002208,ORD20004964,C100109,2026-09-15,3101.6,0.9305,3.1016,0.0921,0.0031,0.0,0.1846,15.34,19.65
TRD30002209,ORD20002294,C100184,2026-09-15,15789.4,4.7368,3.9474,0.4689,0.0158,0.0,0.9399,0.0,10.11
TRD30002210,ORD20002294,C100184,2026-09-15,3947.35,1.1842,0.9868,0.1172,0.0039,0.0,0.235,0.0,2.53
TRD30002211,ORD20002294,C100184,2026-09-15,11842.05,3.5526,2.9605,0.3517,0.0118,0.0,0.7049,0.0,7.58
TRD30002212,ORD20004028,C100112,2026-09-15,5697.75,1.7093,5.6978,0.1692,0.0057,0.0,0.3392,15.34,23.26
TRD30002213,ORD20003830,C100161,2026-09-15,14063.7,4.2191,0.0,0.4177,0.0141,0.4219,0.8372,0.0,5.91
TRD30002214,ORD20003830,C100161,2026-09-15,18081.9,5.4246,0.0,0.537,0.0181,0.5425,1.0763,0.0,7.6
TRD30002215,ORD20003830,C100161,2026-09-15,24109.2,7.2328,0.0,0.716,0.0241,0.7233,1.4351,0.0,10.13
TRD30002216,ORD20004948,C100198,2026-09-15,35271.6,0.0,35.2716,1.0476,0.0353,5.2907,0.1949,0.0,41.84
TRD30002217,ORD20003199,C100044,2026-09-15,124938.75,20.0,31.2347,3.7107,0.1249,0.0,4.2904,0.0,59.36
TRD30002218,ORD20001542,C100089,2026-09-15,28318.2,8.4955,0.0,0.8411,0.0283,0.8495,1.6857,0.0,11.9
TRD30002219,ORD20001542,C100089,2026-09-15,16518.95,4.9557,0.0,0.4906,0.0165,0.4956,0.9833,0.0,6.94
TRD30002220,ORD20002729,C100178,2026-09-15,43038.45,12.9115,10.7596,1.2782,0.043,0.0,2.5619,0.0,27.55
TRD30002221,ORD20002729,C100178,2026-09-15,41172.75,12.3518,10.2932,1.2228,0.0412,0.0,2.4508,0.0,26.36
TRD30002222,ORD20001708,C100002,2026-09-15,68530.05,20.0,17.1325,2.0353,0.0685,0.0,3.9787,0.0,43.22
TRD30002223,ORD20001708,C100002,2026-09-15,33027.15,9.9081,8.2568,0.9809,0.033,0.0,1.966,0.0,21.14
TRD30002224,ORD20003750,C100122,2026-09-15,35868.0,10.7604,0.0,1.0653,0.0359,1.076,2.1351,0.0,15.07
TRD30002225,ORD20004236,C100051,2026-09-15,3291.6,0.9875,0.0,0.0978,0.0033,0.0987,0.1959,0.0,1.38
TRD30002226,ORD20004236,C100051,2026-09-15,3291.6,0.9875,0.0,0.0978,0.0033,0.0987,0.1959,0.0,1.38
TRD30002227,ORD20004236,C100051,2026-09-15,19749.6,5.9249,0.0,0.5866,0.0197,0.5925,1.1756,0.0,8.3
TRD30002228,ORD20001363,C100049,2026-09-15,49974.05,0.0,49.9741,1.4842,0.05,0.0,0.2762,15.34,67.12
TRD30002229,ORD20004761,C100170,2026-09-15,3288.3,0.9865,0.8221,0.0977,0.0033,0.0,0.1957,0.0,2.11
TRD30002230,ORD20002725,C100141,2026-09-15,7400.95,0.0,7.401,0.2198,0.0074,1.1101,0.0409,0.0,8.78
TRD30002231,ORD20002725,C100141,2026-09-15,870.6,0.0,0.8706,0.0259,0.0009,0.1306,0.0048,0.0,1.03
TRD30002232,ORD20002199,C100032,2026-09-15,2940.15,0.882,0.0,0.0873,0.0029,0.0882,0.175,0.0,1.24
TRD30002233,ORD20002199,C100032,2026-09-15,2945.3,0.8836,0.0,0.0875,0.0029,0.0884,0.1753,0.0,1.24
TRD30002234,ORD20004270,C100085,2026-09-15,5832.6,0.0,5.8326,0.1732,0.0058,0.0,0.0322,15.34,21.38
TRD30002235,ORD20004270,C100085,2026-09-15,972.25,0.0,0.9722,0.0289,0.001,0.0,0.0054,0.0,1.01
TRD30002236,ORD20003516,C100187,2026-09-15,14759.7,0.0,14.7597,0.4384,0.0148,0.0,0.0816,15.34,30.63
TRD30002237,ORD20003516,C100187,2026-09-15,7379.85,0.0,7.3798,0.2192,0.0074,0.0,0.0408,0.0,7.65
TRD30002238,ORD20003516,C100187,2026-09-15,115615.3,0.0,115.6153,3.4338,0.1156,0.0,0.6389,0.0,119.8
TRD30002239,ORD20003543,C100131,2026-09-15,28529.5,8.5588,0.0,0.8473,0.0285,0.8559,1.6982,0.0,11.99
TRD30002240,ORD20002684,C100133,2026-09-15,29039.4,8.7118,0.0,0.8625,0.029,0.8712,1.7286,0.0,12.2
TRD30002241,ORD20002684,C100133,2026-09-15,2420.7,0.7262,0.0,0.0719,0.0024,0.0726,0.1441,0.0,1.02
TRD30002242,ORD20003573,C100137,2026-09-15,2775.9,0.8328,2.7759,0.0824,0.0028,0.4164,0.1652,0.0,4.28
TRD30002243,ORD20002559,C100191,2026-09-15,9958.0,2.9874,0.0,0.2958,0.01,0.2987,0.5928,0.0,4.18
TRD30002244,ORD20002559,C100191,2026-09-15,47300.5,14.1902,0.0,1.4048,0.0473,1.419,2.8156,0.0,19.88
TRD30002245,ORD20000963,C100120,2026-09-15,13251.65,0.0,13.2516,0.3936,0.0133,0.0,0.0732,15.34,29.07
TRD30002246,ORD20002970,C100049,2026-09-15,109754.4,0.0,109.7544,3.2597,0.1098,0.0,0.6065,15.34,129.07
TRD30002247,ORD20003229,C100031,2026-09-15,82168.35,20.0,0.0,2.4404,0.0822,2.4651,4.0541,0.0,29.04
TRD30002248,ORD20004876,C100132,2026-09-15,13024.2,3.9073,0.0,0.3868,0.013,0.3907,0.7753,0.0,5.47
TRD30002249,ORD20004876,C100132,2026-09-15,24652.95,7.3959,0.0,0.7322,0.0247,0.7396,1.4675,0.0,10.36
TRD30002250,ORD20004876,C100132,2026-09-15,4651.5,1.3954,0.0,0.1381,0.0047,0.1395,0.2769,0.0,1.95
TRD30002251,ORD20001318,C100007,2026-09-15,6807.1,2.0421,0.0,0.2022,0.0068,0.2042,0.4052,0.0,2.86
TRD30002252,ORD20001058,C100187,2026-09-15,886.7,0.266,0.2217,0.0263,0.0009,0.0,0.0528,0.0,0.57
TRD30002253,ORD20001058,C100187,2026-09-15,887.9,0.2664,0.222,0.0264,0.0009,0.0,0.0529,0.0,0.57
TRD30002254,ORD20001058,C100187,2026-09-15,4875.2,1.4626,1.2188,0.1448,0.0049,0.0,0.2902,0.0,3.12
TRD30002255,ORD20002855,C100198,2026-09-15,5785.8,1.7357,0.0,0.1718,0.0058,0.1736,0.3444,0.0,2.43
TRD30002256,ORD20003682,C100165,2026-09-15,1580.05,0.474,1.58,0.0469,0.0016,0.0,0.0941,15.34,17.54
TRD30002257,ORD20003682,C100165,2026-09-15,1581.2,0.4744,1.5812,0.047,0.0016,0.0,0.0941,0.0,2.2
TRD30002258,ORD20003682,C100165,2026-09-15,9487.5,2.8462,9.4875,0.2818,0.0095,0.0,0.5648,0.0,13.19
TRD30002259,ORD20000727,C100197,2026-09-15,33423.85,0.0,33.4238,0.9927,0.0334,0.0,0.1847,15.34,49.97
TRD30002260,ORD20000727,C100197,2026-09-15,24628.1,0.0,24.6281,0.7315,0.0246,0.0,0.1361,0.0,25.52
TRD30002261,ORD20003530,C100142,2026-09-15,34483.8,10.3451,8.621,1.0242,0.0345,0.0,2.0527,0.0,22.08
TRD30002262,ORD20000681,C100149,2026-09-15,1616.1,0.4848,0.404,0.048,0.0016,0.0,0.0962,0.0,1.03
TRD30002263,ORD20000681,C100149,2026-09-15,810.05,0.243,0.2025,0.0241,0.0008,0.0,0.0482,0.0,0.52
TRD30002264,ORD20000267,C100101,2026-09-15,18320.85,5.4963,4.5802,0.5441,0.0183,0.0,1.0906,0.0,11.73
TRD30002265,ORD20000267,C100101,2026-09-15,17446.65,5.234,4.3617,0.5182,0.0174,0.0,1.0385,0.0,11.17
TRD30002266,ORD20000279,C100013,2026-09-15,48965.1,14.6895,0.0,1.4543,0.049,1.469,2.9147,0.0,20.58
TRD30002267,ORD20000279,C100013,2026-09-15,23086.4,6.9259,0.0,0.6857,0.0231,0.6926,1.3742,0.0,9.7
TRD30002268,ORD20003822,C100189,2026-09-15,1613.05,0.4839,0.0,0.0479,0.0016,0.0484,0.096,0.0,0.68
TRD30002269,ORD20003822,C100189,2026-09-15,6452.2,1.9357,0.0,0.1916,0.0065,0.1936,0.3841,0.0,2.71
TRD30002270,ORD20003822,C100189,2026-09-15,4839.15,1.4517,0.0,0.1437,0.0048,0.1452,0.2881,0.0,2.03
TRD30002271,ORD20001515,C100047,2026-09-15,6623.6,0.0,6.6236,0.1967,0.0066,0.9935,0.0366,0.0,7.86
TRD30002272,ORD20001515,C100047,2026-09-15,8279.5,0.0,8.2795,0.2459,0.0083,1.2419,0.0458,0.0,9.82
TRD30002273,ORD20000607,C100092,2026-09-15,67302.0,0.0,67.302,1.9989,0.0673,0.0,0.3719,15.34,85.08
TRD30002274,ORD20000607,C100092,2026-09-15,33631.2,0.0,33.6312,0.9988,0.0336,0.0,0.1858,0.0,34.85
TRD30002275,ORD20000607,C100092,2026-09-15,44890.4,0.0,44.8904,1.3332,0.0449,0.0,0.2481,0.0,46.52
TRD30002276,ORD20004811,C100175,2026-09-15,23440.5,0.0,23.4405,0.6962,0.0234,3.5161,0.1295,0.0,27.81
TRD30002277,ORD20004811,C100175,2026-09-15,20832.0,0.0,20.832,0.6187,0.0208,3.1248,0.1151,0.0,24.71
TRD30002278,ORD20004811,C100175,2026-09-15,63829.85,0.0,63.8298,1.8957,0.0638,9.5745,0.3527,0.0,75.72
TRD30002279,ORD20004557,C100124,2026-09-15,9132.3,2.7397,0.0,0.2712,0.0091,0.274,0.5436,0.0,3.84
TRD30002280,ORD20004264,C100075,2026-09-15,47292.9,14.1879,0.0,1.4046,0.0473,1.4188,2.8152,0.0,19.87
TRD30002281,ORD20000535,C100086,2026-09-15,1538.4,0.0,1.5384,0.0457,0.0015,0.0,0.0085,15.34,16.93
TRD30002282,ORD20000535,C100086,2026-09-15,9230.4,0.0,9.2304,0.2741,0.0092,0.0,0.051,0.0,9.56
TRD30002283,ORD20002586,C100036,2026-09-15,92135.7,0.0,92.1357,2.7364,0.0921,13.8204,0.5091,0.0,109.29
TRD30002284,ORD20002586,C100036,2026-09-15,1335.3,0.0,1.3353,0.0397,0.0013,0.2003,0.0074,0.0,1.58
TRD30002285,ORD20002586,C100036,2026-09-15,24925.6,0.0,24.9256,0.7403,0.0249,3.7388,0.1377,0.0,29.57
TRD30002286,ORD20004995,C100056,2026-09-15,56379.2,0.0,56.3792,1.6745,0.0564,8.4569,0.3116,0.0,66.88
TRD30002287,ORD20001516,C100135,2026-09-15,1166.85,0.3501,0.2917,0.0347,0.0012,0.0,0.0695,0.0,0.75
TRD30002288,ORD20001516,C100135,2026-09-15,3500.55,1.0502,0.8751,0.104,0.0035,0.0,0.2084,0.0,2.24
TRD30002289,ORD20001516,C100135,2026-09-15,3500.55,1.0502,0.8751,0.104,0.0035,0.0,0.2084,0.0,2.24
TRD30002290,ORD20004176,C100145,2026-09-15,2302.1,0.0,2.3021,0.0684,0.0023,0.0,0.0127,15.34,17.73
TRD30002291,ORD20004176,C100145,2026-09-15,8072.05,0.0,8.0721,0.2397,0.0081,0.0,0.0446,0.0,8.36
TRD30002292,ORD20004176,C100145,2026-09-15,59888.4,0.0,59.8884,1.7787,0.0599,0.0,0.3309,0.0,62.06
TRD30002293,ORD20004762,C100029,2026-09-15,107488.8,20.0,0.0,3.1924,0.1075,3.2247,4.194,0.0,30.72
TRD30002294,ORD20004953,C100137,2026-09-15,11934.1,3.5802,11.9341,0.3544,0.0119,0.0,0.7104,15.34,31.93
TRD30002295,ORD20004953,C100137,2026-09-15,35757.45,10.7272,35.7574,1.062,0.0358,0.0,2.1285,0.0,49.71
TRD30002296,ORD20002340,C100174,2026-09-15,5810.4,0.0,5.8104,0.1726,0.0058,0.8716,0.0321,0.0,6.89
TRD30002297,ORD20002340,C100174,2026-09-15,8715.6,0.0,8.7156,0.2589,0.0087,1.3073,0.0482,0.0,10.34
TRD30002298,ORD20002340,C100174,2026-09-15,20336.4,0.0,20.3364,0.604,0.0203,3.0505,0.1124,0.0,24.12
TRD30002299,ORD20001419,C100003,2026-09-15,20423.4,6.127,5.1058,0.6066,0.0204,0.0,1.2157,0.0,13.08
TRD30002300,ORD20001213,C100003,2026-09-15,2457.45,0.7372,0.6144,0.073,0.0025,0.0,0.1463,0.0,1.57
TRD30002301,ORD20001213,C100003,2026-09-15,2458.75,0.7376,0.6147,0.073,0.0025,0.0,0.1464,0.0,1.57
TRD30002302,ORD20001213,C100003,2026-09-15,4914.4,1.4743,1.2286,0.146,0.0049,0.0,0.2925,0.0,3.15
TRD30002303,ORD20004368,C100135,2026-09-15,2850.0,0.855,0.0,0.0846,0.0028,0.0855,0.1696,0.0,1.2
TRD30002304,ORD20003185,C100133,2026-09-15,2311.05,0.6933,0.0,0.0686,0.0023,0.0693,0.1376,0.0,0.97
TRD30002305,ORD20003185,C100133,2026-09-15,9231.6,2.7695,0.0,0.2742,0.0092,0.2769,0.5495,0.0,3.88
TRD30002306,ORD20002256,C100145,2026-09-15,96304.4,0.0,96.3044,2.8602,0.0963,14.4457,0.5322,0.0,114.24
TRD30002307,ORD20002256,C100145,2026-09-15,48152.2,0.0,48.1522,1.4301,0.0482,7.2228,0.2661,0.0,57.12
TRD30002308,ORD20000390,C100116,2026-09-15,7257.6,2.1773,1.8144,0.2156,0.0073,0.0,0.432,0.0,4.65
TRD30002309,ORD20001891,C100152,2026-09-15,8986.05,0.0,8.986,0.2669,0.009,0.0,0.0497,15.34,24.65
TRD30002310,ORD20001891,C100152,2026-09-15,3991.4,0.0,3.9914,0.1185,0.004,0.0,0.0221,0.0,4.14
TRD30002311,ORD20001417,C100197,2026-09-15,3302.5,0.0,3.3025,0.0981,0.0033,0.4954,0.0182,0.0,3.92
TRD30002312,ORD20004003,C100020,2026-09-15,50943.0,0.0,50.943,1.513,0.0509,7.6414,0.2815,0.0,60.43
TRD30002313,ORD20004135,C100020,2026-09-15,3915.85,1.1748,0.979,0.1163,0.0039,0.0,0.2331,0.0,2.51
TRD30002314,ORD20002380,C100102,2026-09-15,3469.5,1.0408,0.0,0.103,0.0035,0.1041,0.2065,0.0,1.46
TRD30002315,ORD20002380,C100102,2026-09-15,5204.25,1.5613,0.0,0.1546,0.0052,0.1561,0.3098,0.0,2.19
TRD30002316,ORD20003580,C100107,2026-09-15,2238.95,0.6717,0.0,0.0665,0.0022,0.0672,0.1333,0.0,0.94
TRD30002317,ORD20003580,C100107,2026-09-15,8955.8,2.6867,0.0,0.266,0.009,0.2687,0.5331,0.0,3.76
TRD30002318,ORD20003580,C100107,2026-09-15,8955.8,2.6867,0.0,0.266,0.009,0.2687,0.5331,0.0,3.76
TRD30002319,ORD20002142,C100039,2026-09-15,18130.5,5.4392,0.0,0.5385,0.0181,0.5439,1.0792,0.0,7.62
TRD30002320,ORD20000762,C100064,2026-09-15,2882.8,0.8648,0.7207,0.0856,0.0029,0.0,0.1716,0.0,1.85
TRD30002321,ORD20000762,C100064,2026-09-15,721.6,0.2165,0.1804,0.0214,0.0007,0.0,0.043,0.0,0.46
TRD30002322,ORD20000762,C100064,2026-09-15,720.8,0.2162,0.1802,0.0214,0.0007,0.0,0.0429,0.0,0.46
TRD30002323,ORD20004161,C100131,2026-09-15,5617.0,1.6851,0.0,0.1668,0.0056,0.1685,0.3344,0.0,2.36
TRD30002324,ORD20004161,C100131,2026-09-15,11234.0,3.3702,0.0,0.3336,0.0112,0.337,0.6687,0.0,4.72
TRD30002325,ORD20000640,C100086,2026-09-15,3001.1,0.0,3.0011,0.0891,0.003,0.0,0.0166,15.34,18.45
TRD30002326,ORD20000461,C100110,2026-09-15,33777.0,0.0,33.777,1.0032,0.0338,5.0665,0.1867,0.0,40.07
TRD30002327,ORD20000461,C100110,2026-09-15,28770.7,0.0,28.7707,0.8545,0.0288,4.3156,0.159,0.0,34.13
TRD30002328,ORD20000037,C100133,2026-09-15,17671.5,5.3014,0.0,0.5248,0.0177,0.5301,1.0519,0.0,7.43
TRD30002329,ORD20000037,C100133,2026-09-15,11265.45,3.3796,0.0,0.3346,0.0113,0.338,0.6706,0.0,4.73
TRD30002330,ORD20003704,C100043,2026-09-15,20090.4,6.0271,0.0,0.5967,0.0201,0.6027,1.1959,0.0,8.44
TRD30002331,ORD20003704,C100043,2026-09-15,24656.4,7.3969,0.0,0.7323,0.0247,0.7397,1.4677,0.0,10.36
TRD30002332,ORD20003704,C100043,2026-09-15,2739.6,0.8219,0.0,0.0814,0.0027,0.0822,0.1631,0.0,1.15
TRD30002333,ORD20000752,C100058,2026-09-15,2498.3,0.7495,0.0,0.0742,0.0025,0.0749,0.1487,0.0,1.05
TRD30002334,ORD20000752,C100058,2026-09-15,2498.3,0.7495,0.0,0.0742,0.0025,0.0749,0.1487,0.0,1.05
TRD30002335,ORD20000287,C100010,2026-09-15,947.35,0.2842,0.9474,0.0281,0.0009,0.1421,0.0564,0.0,1.46
TRD30002336,ORD20000287,C100010,2026-09-15,948.8,0.2846,0.9488,0.0282,0.0009,0.1423,0.0565,0.0,1.46
TRD30002337,ORD20000287,C100010,2026-09-15,948.25,0.2845,0.9482,0.0282,0.0009,0.1422,0.0564,0.0,1.46
TRD30002338,ORD20004210,C100139,2026-09-15,86264.85,0.0,86.2649,2.5621,0.0863,0.0,0.4767,15.34,104.73
TRD30002339,ORD20003931,C100005,2026-09-15,116739.8,20.0,0.0,3.4672,0.1167,3.5022,4.2451,0.0,31.33
TRD30002340,ORD20002105,C100119,2026-09-15,2207.7,0.0,2.2077,0.0656,0.0022,0.3312,0.0122,0.0,2.62
TRD30002341,ORD20002105,C100119,2026-09-15,367.95,0.0,0.368,0.0109,0.0004,0.0552,0.002,0.0,0.44
TRD30002343,ORD20003514,C100031,2026-09-15,77690.25,0.0,77.6903,2.3074,0.0777,0.0,0.4293,15.34,95.84
TRD30002344,ORD20003514,C100031,2026-09-15,16260.75,0.0,16.2608,0.4829,0.0163,0.0,0.0899,0.0,16.85
TRD30002345,ORD20003514,C100031,2026-09-15,722.7,0.0,0.7227,0.0215,0.0007,0.0,0.004,0.0,0.75
TRD30002342,ORD20002105,C100119,2026-09-15,2575.65,0.0,2.5756,0.0765,0.0026,0.3863,0.0142,0.0,3.06
TRD30002346,ORD20001766,C100171,2026-09-15,1389.0,0.4167,0.0,0.0413,0.0014,0.0417,0.0827,0.0,0.58
TRD30002347,ORD20001766,C100171,2026-09-15,1852.0,0.5556,0.0,0.055,0.0019,0.0556,0.1102,0.0,0.78
TRD30002348,ORD20001766,C100171,2026-09-15,1387.5,0.4162,0.0,0.0412,0.0014,0.0416,0.0826,0.0,0.58
TRD30002349,ORD20000237,C100154,2026-09-15,3493.2,1.048,0.8733,0.1037,0.0035,0.0,0.2079,0.0,2.24
TRD30002350,ORD20000237,C100154,2026-09-15,436.65,0.131,0.1092,0.013,0.0004,0.0,0.026,0.0,0.28
TRD30002351,ORD20000237,C100154,2026-09-15,6113.1,1.8339,1.5283,0.1816,0.0061,0.0,0.3639,0.0,3.91
TRD30002352,ORD20002400,C100103,2026-09-15,11823.35,3.547,2.9558,0.3512,0.0118,0.0,0.7038,0.0,7.57
TRD30002353,ORD20000002,C100048,2026-09-15,33418.35,10.0255,8.3546,0.9925,0.0334,0.0,1.9893,0.0,21.4
TRD30002354,ORD20001624,C100160,2026-09-15,133143.95,0.0,133.144,3.9544,0.1331,0.0,0.7358,15.34,153.31
TRD30002355,ORD20004365,C100101,2026-09-15,11502.0,0.0,11.502,0.3416,0.0115,0.0,0.0636,15.34,27.26
TRD30002356,ORD20004098,C100079,2026-09-15,1594.4,0.4783,0.3986,0.0474,0.0016,0.0,0.0949,0.0,1.02
TRD30002357,ORD20004098,C100079,2026-09-15,1594.4,0.4783,0.3986,0.0474,0.0016,0.0,0.0949,0.0,1.02
TRD30002358,ORD20003048,C100168,2026-09-15,12358.6,3.7076,0.0,0.3671,0.0124,0.3708,0.7357,0.0,5.19
TRD30002359,ORD20003048,C100168,2026-09-15,12358.6,3.7076,0.0,0.3671,0.0124,0.3708,0.7357,0.0,5.19
TRD30002360,ORD20001650,C100183,2026-09-15,2321.9,0.6966,0.5805,0.069,0.0023,0.0,0.1382,0.0,1.49
TRD30002361,ORD20001650,C100183,2026-09-15,2325.6,0.6977,0.5814,0.0691,0.0023,0.0,0.1384,0.0,1.49
TRD30002362,ORD20000015,C100023,2026-09-15,11252.8,3.3758,11.2528,0.3342,0.0113,1.6879,0.6698,0.0,17.33
TRD30002363,ORD20000015,C100023,2026-09-15,13849.6,4.1549,13.8496,0.4113,0.0138,2.0774,0.8244,0.0,21.33
TRD30002364,ORD20000015,C100023,2026-09-15,41981.6,12.5945,41.9816,1.2469,0.042,6.2972,2.499,0.0,64.66
TRD30002365,ORD20004749,C100146,2026-09-15,33086.1,0.0,33.0861,0.9827,0.0331,4.9629,0.1828,0.0,39.25
TRD30002366,ORD20004152,C100143,2026-09-15,2208.5,0.0,2.2085,0.0656,0.0022,0.3313,0.0122,0.0,2.62
TRD30002367,ORD20004152,C100143,2026-09-15,3312.75,0.0,3.3128,0.0984,0.0033,0.4969,0.0183,0.0,3.93
TRD30002368,ORD20004152,C100143,2026-09-15,1104.25,0.0,1.1042,0.0328,0.0011,0.1656,0.0061,0.0,1.31
TRD30002369,ORD20001230,C100157,2026-09-15,7029.6,2.1089,0.0,0.2088,0.007,0.2109,0.4184,0.0,2.95
TRD30002370,ORD20001230,C100157,2026-09-15,5703.75,1.7111,0.0,0.1694,0.0057,0.1711,0.3395,0.0,2.4
TRD30002371,ORD20001230,C100157,2026-09-15,18454.8,5.5364,0.0,0.5481,0.0185,0.5536,1.0985,0.0,7.76
TRD30002372,ORD20001738,C100152,2026-09-15,27847.05,8.3541,0.0,0.8271,0.0278,0.8354,1.6576,0.0,11.7
TRD30002373,ORD20002733,C100034,2026-09-15,11402.65,3.4208,0.0,0.3387,0.0114,0.3421,0.6788,0.0,4.79
TRD30002374,ORD20002008,C100198,2026-09-15,3378.15,1.0134,0.0,0.1003,0.0034,0.1013,0.2011,0.0,1.42
TRD30002375,ORD20002008,C100198,2026-09-15,3377.55,1.0133,0.0,0.1003,0.0034,0.1013,0.2011,0.0,1.42
TRD30002376,ORD20000703,C100147,2026-09-15,2266.5,0.0,2.2665,0.0673,0.0023,0.0,0.0125,15.34,17.69
TRD30002377,ORD20003895,C100086,2026-09-15,11427.0,3.4281,2.8568,0.3394,0.0114,0.0,0.6802,0.0,7.32
TRD30002378,ORD20003895,C100086,2026-09-15,14064.0,4.2192,3.516,0.4177,0.0141,0.0,0.8372,0.0,9.0
TRD30002379,ORD20003895,C100086,2026-09-15,879.0,0.2637,0.2198,0.0261,0.0009,0.0,0.0523,0.0,0.56
TRD30002380,ORD20004587,C100012,2026-09-15,12562.15,3.7686,0.0,0.3731,0.0126,0.3769,0.7478,0.0,5.28
TRD30002381,ORD20001674,C100133,2026-09-15,10136.1,3.0408,2.534,0.301,0.0101,0.0,0.6034,0.0,6.49
TRD30002382,ORD20001674,C100133,2026-09-15,1689.35,0.5068,0.4223,0.0502,0.0017,0.0,0.1006,0.0,1.08
TRD30002383,ORD20001674,C100133,2026-09-15,48991.15,14.6973,12.2478,1.455,0.049,0.0,2.9162,0.0,31.37
TRD30002384,ORD20000917,C100122,2026-09-15,2772.3,0.8317,0.0,0.0823,0.0028,0.0832,0.165,0.0,1.16
TRD30002385,ORD20000917,C100122,2026-09-15,3696.4,1.1089,0.0,0.1098,0.0037,0.1109,0.22,0.0,1.55
TRD30002386,ORD20000917,C100122,2026-09-15,924.1,0.2772,0.0,0.0274,0.0009,0.0277,0.055,0.0,0.39
TRD30002387,ORD20000118,C100197,2026-09-15,2443.8,0.7331,0.611,0.0726,0.0024,0.0,0.1455,0.0,1.56
TRD30002388,ORD20000118,C100197,2026-09-15,2443.4,0.733,0.6108,0.0726,0.0024,0.0,0.1454,0.0,1.56
TRD30002389,ORD20000118,C100197,2026-09-15,2442.65,0.7328,0.6107,0.0725,0.0024,0.0,0.1454,0.0,1.56
TRD30002390,ORD20004882,C100083,2026-09-15,2816.4,0.0,2.8164,0.0836,0.0028,0.4225,0.0156,0.0,3.34
TRD30002391,ORD20004882,C100083,2026-09-15,1877.4,0.0,1.8774,0.0558,0.0019,0.2816,0.0104,0.0,2.23
TRD30002392,ORD20000821,C100177,2026-09-15,20291.25,6.0874,0.0,0.6027,0.0203,0.6087,1.2079,0.0,8.53
TRD30002393,ORD20000821,C100177,2026-09-15,16220.4,4.8661,0.0,0.4817,0.0162,0.4866,0.9655,0.0,6.82
TRD30002394,ORD20004448,C100157,2026-09-15,30940.65,9.2822,0.0,0.9189,0.0309,0.9282,1.8418,0.0,13.0
TRD30002395,ORD20004448,C100157,2026-09-15,39924.4,11.9773,0.0,1.1858,0.0399,1.1977,2.3765,0.0,16.78
TRD30002396,ORD20002629,C100078,2026-09-15,11761.45,0.0,11.7615,0.3493,0.0118,0.0,0.065,15.34,27.53
TRD30002397,ORD20002629,C100078,2026-09-15,11758.05,0.0,11.758,0.3492,0.0118,0.0,0.065,0.0,12.18
TRD30002398,ORD20002547,C100098,2026-09-15,36209.8,10.8629,0.0,1.0754,0.0362,1.0863,2.1554,0.0,15.22
TRD30002399,ORD20002547,C100098,2026-09-15,21386.95,6.4161,0.0,0.6352,0.0214,0.6416,1.2731,0.0,8.99
TRD30002400,ORD20004372,C100075,2026-09-15,7319.1,2.1957,1.8298,0.2174,0.0073,0.0,0.4357,0.0,4.69
TRD30002401,ORD20004372,C100075,2026-09-15,29276.4,8.7829,7.3191,0.8695,0.0293,0.0,1.7427,0.0,18.74
TRD30002402,ORD20002063,C100050,2026-09-15,7890.4,2.3671,0.0,0.2343,0.0079,0.2367,0.4697,0.0,3.32
TRD30002403,ORD20002063,C100050,2026-09-15,27616.4,8.2849,0.0,0.8202,0.0276,0.8285,1.6439,0.0,11.61
TRD30002404,ORD20001604,C100152,2026-09-15,2737.2,0.8212,0.0,0.0813,0.0027,0.0821,0.1629,0.0,1.15
TRD30002405,ORD20003755,C100066,2026-09-15,687.6,0.0,0.6876,0.0204,0.0007,0.0,0.0038,15.34,16.05
TRD30002406,ORD20003755,C100066,2026-09-15,5157.0,0.0,5.157,0.1532,0.0052,0.0,0.0285,0.0,5.34
TRD30002407,ORD20003755,C100066,2026-09-15,8595.0,0.0,8.595,0.2553,0.0086,0.0,0.0475,0.0,8.91
TRD30002408,ORD20001008,C100039,2026-09-15,1683.1,0.0,1.6831,0.05,0.0017,0.0,0.0093,15.34,17.08
TRD30002409,ORD20001008,C100039,2026-09-15,1683.1,0.0,1.6831,0.05,0.0017,0.0,0.0093,0.0,1.74
TRD30002410,ORD20001246,C100141,2026-09-15,38683.5,11.605,0.0,1.1489,0.0387,1.1605,2.3027,0.0,16.26
TRD30002411,ORD20001246,C100141,2026-09-15,5670.6,1.7012,0.0,0.1684,0.0057,0.1701,0.3375,0.0,2.38
TRD30002412,ORD20001246,C100141,2026-09-15,28356.0,8.5068,0.0,0.8422,0.0284,0.8507,1.6879,0.0,11.92
TRD30002414,ORD20003008,C100177,2026-09-15,3254.35,0.0,3.2544,0.0967,0.0033,0.0,0.018,15.34,18.71
TRD30002413,ORD20001935,C100179,2026-09-15,1751.85,0.0,1.7518,0.052,0.0018,0.0,0.0097,15.34,17.16
TRD30002415,ORD20003008,C100177,2026-09-15,3254.35,0.0,3.2544,0.0967,0.0033,0.0,0.018,0.0,3.37
TRD30002416,ORD20003008,C100177,2026-09-15,3254.35,0.0,3.2544,0.0967,0.0033,0.0,0.018,0.0,3.37
TRD30002417,ORD20002947,C100111,2026-09-15,5622.05,0.0,5.6221,0.167,0.0056,0.8433,0.0311,0.0,6.67
TRD30002418,ORD20000042,C100027,2026-09-16,3859.75,1.1579,0.0,0.1146,0.0039,0.1158,0.2298,0.0,1.62
TRD30002419,ORD20000042,C100027,2026-09-16,3859.75,1.1579,0.0,0.1146,0.0039,0.1158,0.2298,0.0,1.62
TRD30002420,ORD20003545,C100090,2026-09-16,1403.15,0.0,1.4032,0.0417,0.0014,0.0,0.0078,15.34,16.79
TRD30002421,ORD20003640,C100188,2026-09-16,1750.45,0.0,1.7504,0.052,0.0018,0.2626,0.0097,0.0,2.08
TRD30002422,ORD20003640,C100188,2026-09-16,3494.3,0.0,3.4943,0.1038,0.0035,0.5241,0.0193,0.0,4.15
TRD30002423,ORD20003640,C100188,2026-09-16,1748.2,0.0,1.7482,0.0519,0.0017,0.2622,0.0097,0.0,2.07
TRD30002424,ORD20000428,C100011,2026-09-16,454.9,0.1365,0.1137,0.0135,0.0005,0.0,0.0271,0.0,0.29
TRD30002425,ORD20000428,C100011,2026-09-16,23654.8,7.0964,5.9137,0.7025,0.0237,0.0,1.4081,0.0,15.14
TRD30002426,ORD20000428,C100011,2026-09-16,9094.0,2.7282,2.2735,0.2701,0.0091,0.0,0.5413,0.0,5.82
TRD30002427,ORD20002859,C100159,2026-09-16,12074.3,0.0,12.0743,0.3586,0.0121,1.8111,0.0667,0.0,14.32
TRD30002428,ORD20000924,C100123,2026-09-16,11593.1,3.4779,0.0,0.3443,0.0116,0.3478,0.6901,0.0,4.87
TRD30002429,ORD20000388,C100048,2026-09-16,3698.45,0.0,3.6984,0.1098,0.0037,0.0,0.0204,15.34,19.17
TRD30002430,ORD20000388,C100048,2026-09-16,3700.5,0.0,3.7005,0.1099,0.0037,0.0,0.0204,0.0,3.83
TRD30002431,ORD20004272,C100034,2026-09-16,5876.0,1.7628,0.0,0.1745,0.0059,0.1763,0.3498,0.0,2.47
TRD30002432,ORD20004272,C100034,2026-09-16,1467.15,0.4401,0.0,0.0436,0.0015,0.044,0.0873,0.0,0.62
TRD30002433,ORD20001336,C100026,2026-09-16,5421.0,1.6263,1.3552,0.161,0.0054,0.0,0.3227,0.0,3.47
TRD30002434,ORD20004435,C100102,2026-09-16,30857.4,0.0,30.8574,0.9165,0.0309,0.0,0.1705,15.34,47.32
TRD30002435,ORD20004435,C100102,2026-09-16,42304.5,0.0,42.3045,1.2564,0.0423,0.0,0.2338,0.0,43.84
TRD30002436,ORD20002648,C100078,2026-09-16,48279.0,14.4837,0.0,1.4339,0.0483,1.4484,2.8739,0.0,20.29
TRD30002437,ORD20002648,C100078,2026-09-16,26579.85,7.974,0.0,0.7894,0.0266,0.7974,1.5822,0.0,11.17
TRD30002438,ORD20004606,C100134,2026-09-16,1399.8,0.0,1.3998,0.0416,0.0014,0.21,0.0077,0.0,1.66
TRD30002439,ORD20004606,C100134,2026-09-16,1399.8,0.0,1.3998,0.0416,0.0014,0.21,0.0077,0.0,1.66
TRD30002440,ORD20004606,C100134,2026-09-16,2799.6,0.0,2.7996,0.0831,0.0028,0.4199,0.0155,0.0,3.32
TRD30002441,ORD20003467,C100181,2026-09-16,28627.2,0.0,28.6272,0.8502,0.0286,0.0,0.1582,15.34,45.0
TRD30002442,ORD20003467,C100181,2026-09-16,3180.1,0.0,3.1801,0.0944,0.0032,0.0,0.0176,0.0,3.3
TRD30002443,ORD20000458,C100090,2026-09-16,46752.9,0.0,46.7529,1.3886,0.0468,0.0,0.2584,15.34,63.79
TRD30002444,ORD20000263,C100099,2026-09-16,2893.6,0.8681,0.0,0.0859,0.0029,0.0868,0.1722,0.0,1.22
TRD30002445,ORD20000263,C100099,2026-09-16,11574.4,3.4723,0.0,0.3438,0.0116,0.3472,0.689,0.0,4.86
TRD30002446,ORD20004002,C100038,2026-09-16,4143.45,0.0,4.1434,0.1231,0.0041,0.0,0.0229,15.34,19.63
TRD30002447,ORD20004002,C100038,2026-09-16,9668.05,0.0,9.668,0.2871,0.0097,0.0,0.0534,0.0,10.02
TRD30002448,ORD20004002,C100038,2026-09-16,5524.6,0.0,5.5246,0.1641,0.0055,0.0,0.0305,0.0,5.72
TRD30002449,ORD20000982,C100117,2026-09-16,4945.5,1.4836,0.0,0.1469,0.0049,0.1484,0.2944,0.0,2.08
TRD30002450,ORD20003748,C100050,2026-09-16,3556.05,1.0668,0.889,0.1056,0.0036,0.0,0.2117,0.0,2.28
TRD30002451,ORD20003748,C100050,2026-09-16,2370.7,0.7112,0.5927,0.0704,0.0024,0.0,0.1411,0.0,1.52
TRD30002452,ORD20002664,C100061,2026-09-16,69912.1,20.0,0.0,2.0764,0.0699,2.0974,3.9863,0.0,28.23
TRD30002453,ORD20003449,C100081,2026-09-16,2417.95,0.7254,2.418,0.0718,0.0024,0.3627,0.1439,0.0,3.72
TRD30002454,ORD20004447,C100162,2026-09-16,78734.7,20.0,19.6837,2.3384,0.0787,0.0,4.0351,0.0,46.14
TRD30002455,ORD20004447,C100162,2026-09-16,2388.2,0.7165,0.597,0.0709,0.0024,0.0,0.1422,0.0,1.53
TRD30002456,ORD20004447,C100162,2026-09-16,59833.75,17.9501,14.9584,1.7771,0.0598,0.0,3.5617,0.0,38.31
TRD30002457,ORD20003746,C100170,2026-09-16,11474.35,3.4423,2.8686,0.3408,0.0115,0.0,0.683,0.0,7.35
TRD30002458,ORD20000369,C100071,2026-09-16,12533.95,3.7602,3.1335,0.3723,0.0125,0.0,0.7461,0.0,8.02
TRD30002459,ORD20000369,C100071,2026-09-16,1139.45,0.3418,0.2849,0.0338,0.0011,0.0,0.0678,0.0,0.73
TRD30002460,ORD20000369,C100071,2026-09-16,2278.9,0.6837,0.5697,0.0677,0.0023,0.0,0.1357,0.0,1.46
TRD30002461,ORD20004206,C100029,2026-09-16,8752.75,0.0,8.7528,0.26,0.0088,0.0,0.0484,15.34,24.41
TRD30002462,ORD20004206,C100029,2026-09-16,19256.05,0.0,19.256,0.5719,0.0193,0.0,0.1064,0.0,19.95
TRD30002463,ORD20004206,C100029,2026-09-16,3501.1,0.0,3.5011,0.104,0.0035,0.0,0.0193,0.0,3.63
TRD30002464,ORD20004475,C100014,2026-09-16,11742.5,3.5228,2.9356,0.3488,0.0117,0.0,0.699,0.0,7.52
TRD30002465,ORD20000600,C100082,2026-09-16,9695.0,2.9085,0.0,0.2879,0.0097,0.2908,0.5771,0.0,4.07
TRD30002466,ORD20003227,C100067,2026-09-16,21917.3,6.5752,0.0,0.6509,0.0219,0.6575,1.3046,0.0,9.21
TRD30002467,ORD20003227,C100067,2026-09-16,24764.1,7.4292,0.0,0.7355,0.0248,0.7429,1.4741,0.0,10.41
TRD30002468,ORD20003227,C100067,2026-09-16,7550.55,2.2652,0.0,0.2243,0.0076,0.2265,0.4495,0.0,3.17
TRD30002469,ORD20004474,C100031,2026-09-16,5745.3,1.7236,0.0,0.1706,0.0057,0.1724,0.342,0.0,2.41
TRD30002470,ORD20003825,C100007,2026-09-16,23211.35,0.0,23.2114,0.6894,0.0232,3.4817,0.1283,0.0,27.53
TRD30002471,ORD20003825,C100007,2026-09-16,41544.6,0.0,41.5446,1.2339,0.0415,6.2317,0.2296,0.0,49.28
TRD30002472,ORD20003825,C100007,2026-09-16,17085.6,0.0,17.0856,0.5074,0.0171,2.5628,0.0944,0.0,20.27
TRD30002473,ORD20000285,C100127,2026-09-16,11107.5,3.3322,2.7769,0.3299,0.0111,0.0,0.6612,0.0,7.11
TRD30002474,ORD20000106,C100187,2026-09-16,25235.55,7.5707,6.3089,0.7495,0.0252,0.0,1.5022,0.0,16.16
TRD30002475,ORD20000335,C100149,2026-09-16,9957.6,2.9873,2.4894,0.2957,0.01,0.0,0.5927,0.0,6.38
TRD30002476,ORD20000281,C100118,2026-09-16,6437.0,1.9311,1.6092,0.1912,0.0064,0.0,0.3832,0.0,4.12
TRD30002477,ORD20001237,C100122,2026-09-16,5074.5,1.5223,0.0,0.1507,0.0051,0.1522,0.3021,0.0,2.13
TRD30002478,ORD20001237,C100122,2026-09-16,2368.1,0.7104,0.0,0.0703,0.0024,0.071,0.141,0.0,1.0
TRD30002479,ORD20001237,C100122,2026-09-16,676.6,0.203,0.0,0.0201,0.0007,0.0203,0.0403,0.0,0.28
TRD30002480,ORD20003548,C100030,2026-09-16,9625.6,2.8877,2.4064,0.2859,0.0096,0.0,0.573,0.0,6.16
TRD30002481,ORD20003548,C100030,2026-09-16,7219.2,2.1658,1.8048,0.2144,0.0072,0.0,0.4297,0.0,4.62
TRD30002482,ORD20003548,C100030,2026-09-16,64972.8,19.4918,16.2432,1.9297,0.065,0.0,3.8676,0.0,41.6
TRD30002483,ORD20003440,C100027,2026-09-16,1636.1,0.4908,0.409,0.0486,0.0016,0.0,0.0974,0.0,1.05
TRD30002484,ORD20003440,C100027,2026-09-16,1636.1,0.4908,0.409,0.0486,0.0016,0.0,0.0974,0.0,1.05
TRD30002485,ORD20004887,C100185,2026-09-16,1194.4,0.3583,0.2986,0.0355,0.0012,0.0,0.0711,0.0,0.76
TRD30002486,ORD20004887,C100185,2026-09-16,22693.6,6.8081,5.6734,0.674,0.0227,0.0,1.3509,0.0,14.53
TRD30002487,ORD20004887,C100185,2026-09-16,3583.2,1.075,0.8958,0.1064,0.0036,0.0,0.2133,0.0,2.29
TRD30002488,ORD20003036,C100195,2026-09-16,12519.5,0.0,12.5195,0.3718,0.0125,1.8779,0.0692,0.0,14.85
TRD30002489,ORD20001374,C100041,2026-09-16,2357.7,0.0,2.3577,0.07,0.0024,0.3537,0.013,0.0,2.8
TRD30002490,ORD20001374,C100041,2026-09-16,7073.1,0.0,7.0731,0.2101,0.0071,1.061,0.0391,0.0,8.39
TRD30002491,ORD20001498,C100020,2026-09-16,9319.2,2.7958,0.0,0.2768,0.0093,0.2796,0.5547,0.0,3.92
TRD30002492,ORD20001498,C100020,2026-09-16,57080.1,17.124,0.0,1.6953,0.0571,1.7124,3.3978,0.0,23.99
TRD30002493,ORD20003659,C100134,2026-09-16,49266.0,14.7798,12.3165,1.4632,0.0493,0.0,2.9326,0.0,31.54
TRD30002494,ORD20003659,C100134,2026-09-16,9581.25,2.8744,2.3953,0.2846,0.0096,0.0,0.5703,0.0,6.13
TRD30002495,ORD20003659,C100134,2026-09-16,54780.0,16.434,13.695,1.627,0.0548,0.0,3.2608,0.0,35.07
TRD30002496,ORD20001207,C100185,2026-09-16,6689.7,0.0,6.6897,0.1987,0.0067,0.0,0.037,15.34,22.27
TRD30002497,ORD20001207,C100185,2026-09-16,6689.7,0.0,6.6897,0.1987,0.0067,0.0,0.037,0.0,6.93
TRD30002498,ORD20001207,C100185,2026-09-16,10034.55,0.0,10.0346,0.298,0.01,0.0,0.0555,0.0,10.4
TRD30002499,ORD20003394,C100115,2026-09-16,81626.4,0.0,81.6264,2.4243,0.0816,0.0,0.4511,15.34,99.92
TRD30002500,ORD20004994,C100087,2026-09-16,24394.4,7.3183,0.0,0.7245,0.0244,0.7318,1.4521,0.0,10.25
TRD30002501,ORD20000785,C100173,2026-09-16,7519.5,0.0,7.5195,0.2233,0.0075,0.0,0.0416,15.34,23.13
TRD30002502,ORD20000785,C100173,2026-09-16,12532.5,0.0,12.5325,0.3722,0.0125,0.0,0.0693,0.0,12.99
TRD30002503,ORD20000785,C100173,2026-09-16,26318.25,0.0,26.3182,0.7817,0.0263,0.0,0.1454,0.0,27.27
TRD30002504,ORD20000732,C100123,2026-09-16,24132.0,0.0,24.132,0.7167,0.0241,3.6198,0.1334,0.0,28.63
TRD30002505,ORD20000732,C100123,2026-09-16,16910.25,0.0,16.9102,0.5022,0.0169,2.5365,0.0934,0.0,20.06
TRD30002506,ORD20000732,C100123,2026-09-16,28956.6,0.0,28.9566,0.86,0.029,4.3435,0.16,0.0,34.35
TRD30002507,ORD20001697,C100023,2026-09-16,13506.0,4.0518,3.3765,0.4011,0.0135,0.0,0.804,0.0,8.65
TRD30002508,ORD20001697,C100023,2026-09-16,16207.2,4.8622,4.0518,0.4814,0.0162,0.0,0.9647,0.0,10.38
TRD30002509,ORD20001697,C100023,2026-09-16,5402.4,1.6207,1.3506,0.1605,0.0054,0.0,0.3216,0.0,3.46
TRD30002510,ORD20002491,C100033,2026-09-16,40340.3,0.0,40.3403,1.1981,0.0403,0.0,0.2229,15.34,57.14
TRD30002511,ORD20001944,C100152,2026-09-16,2816.85,0.8451,0.7042,0.0837,0.0028,0.0,0.1677,0.0,1.8
TRD30002512,ORD20001944,C100152,2026-09-16,6574.75,1.9724,1.6437,0.1953,0.0066,0.0,0.3914,0.0,4.21
TRD30002513,ORD20001944,C100152,2026-09-16,8443.35,2.533,2.1108,0.2508,0.0084,0.0,0.5026,0.0,5.41
TRD30002514,ORD20004856,C100131,2026-09-16,1689.8,0.0,1.6898,0.0502,0.0017,0.2535,0.0093,0.0,2.0
TRD30002515,ORD20004856,C100131,2026-09-16,25367.25,0.0,25.3673,0.7534,0.0254,3.8051,0.1402,0.0,30.09
TRD30002516,ORD20002477,C100005,2026-09-16,12020.45,0.0,12.0204,0.357,0.012,1.8031,0.0664,0.0,14.26
TRD30002518,ORD20004567,C100112,2026-09-16,19736.75,5.921,19.7368,0.5862,0.0197,0.0,1.1748,15.34,42.78
TRD30002517,ORD20004336,C100103,2026-09-16,13748.5,0.0,13.7485,0.4083,0.0137,0.0,0.076,15.34,29.59
TRD30002519,ORD20004567,C100112,2026-09-16,358.85,0.1077,0.3589,0.0107,0.0004,0.0,0.0214,0.0,0.5
TRD30002520,ORD20004567,C100112,2026-09-16,15789.4,4.7368,15.7894,0.4689,0.0158,0.0,0.9399,0.0,21.95
TRD30002521,ORD20000117,C100089,2026-09-16,28910.7,8.6732,0.0,0.8586,0.0289,0.8673,1.7209,0.0,12.15
TRD30002522,ORD20000117,C100089,2026-09-16,57720.6,17.3162,0.0,1.7143,0.0577,1.7316,3.4359,0.0,24.26
TRD30002523,ORD20003914,C100026,2026-09-16,4193.1,1.2579,0.0,0.1245,0.0042,0.1258,0.2496,0.0,1.76
TRD30002524,ORD20003914,C100026,2026-09-16,1397.7,0.4193,0.0,0.0415,0.0014,0.0419,0.0832,0.0,0.59
TRD30002525,ORD20003914,C100026,2026-09-16,1397.7,0.4193,0.0,0.0415,0.0014,0.0419,0.0832,0.0,0.59
TRD30002526,ORD20003335,C100150,2026-09-16,27393.1,8.2179,6.8483,0.8136,0.0274,0.0,1.6306,0.0,17.54
TRD30002527,ORD20003335,C100150,2026-09-16,3909.5,1.1728,0.9774,0.1161,0.0039,0.0,0.2327,0.0,2.5
TRD30002528,ORD20003335,C100150,2026-09-16,15647.4,4.6942,3.9118,0.4647,0.0156,0.0,0.9314,0.0,10.02
TRD30002529,ORD20004778,C100042,2026-09-16,12432.55,3.7298,0.0,0.3692,0.0124,0.373,0.7401,0.0,5.22
TRD30002530,ORD20002620,C100046,2026-09-16,5301.0,1.5903,0.0,0.1574,0.0053,0.159,0.3155,0.0,2.23
TRD30002531,ORD20002620,C100046,2026-09-16,8123.6,2.4371,0.0,0.2413,0.0081,0.2437,0.4836,0.0,3.41
TRD30002532,ORD20000362,C100145,2026-09-16,21201.95,6.3606,5.3005,0.6297,0.0212,0.0,1.2621,0.0,13.57
TRD30002533,ORD20000362,C100145,2026-09-16,20405.5,6.1216,5.1014,0.606,0.0204,0.0,1.2147,0.0,13.06
TRD30002534,ORD20000362,C100145,2026-09-16,6612.0,1.9836,1.653,0.1964,0.0066,0.0,0.3936,0.0,4.23
TRD30002535,ORD20002299,C100080,2026-09-16,9643.8,0.0,9.6438,0.2864,0.0096,1.4466,0.0533,0.0,11.44
TRD30002536,ORD20002299,C100080,2026-09-16,22449.7,0.0,22.4497,0.6668,0.0224,3.3675,0.1241,0.0,26.63
TRD30002537,ORD20002299,C100080,2026-09-16,3210.7,0.0,3.2107,0.0954,0.0032,0.4816,0.0177,0.0,3.81
TRD30002538,ORD20002441,C100149,2026-09-16,1330.95,0.3993,0.0,0.0395,0.0013,0.0399,0.0792,0.0,0.56
TRD30002539,ORD20002441,C100149,2026-09-16,1330.95,0.3993,0.0,0.0395,0.0013,0.0399,0.0792,0.0,0.56
TRD30002540,ORD20002441,C100149,2026-09-16,1330.95,0.3993,0.0,0.0395,0.0013,0.0399,0.0792,0.0,0.56
TRD30002541,ORD20004449,C100172,2026-09-16,921.85,0.2766,0.9218,0.0274,0.0009,0.1383,0.0549,0.0,1.42
TRD30002542,ORD20004449,C100172,2026-09-16,1842.5,0.5528,1.8425,0.0547,0.0018,0.2764,0.1097,0.0,2.84
TRD30002543,ORD20004449,C100172,2026-09-16,921.1,0.2763,0.9211,0.0274,0.0009,0.1382,0.0548,0.0,1.42
TRD30002544,ORD20002945,C100005,2026-09-16,1006.0,0.3018,0.0,0.0299,0.001,0.0302,0.0599,0.0,0.42
TRD30002545,ORD20002945,C100005,2026-09-16,5030.0,1.509,0.0,0.1494,0.005,0.1509,0.2994,0.0,2.11
TRD30002546,ORD20002010,C100141,2026-09-16,8611.95,0.0,8.612,0.2558,0.0086,0.0,0.0476,15.34,24.26
TRD30002547,ORD20002010,C100141,2026-09-16,8611.95,0.0,8.612,0.2558,0.0086,0.0,0.0476,0.0,8.92
TRD30002548,ORD20002010,C100141,2026-09-16,11482.6,0.0,11.4826,0.341,0.0115,0.0,0.0635,0.0,11.9
TRD30002549,ORD20000498,C100149,2026-09-16,1380.2,0.4141,1.3802,0.041,0.0014,0.0,0.0822,15.34,17.26
TRD30002550,ORD20000498,C100149,2026-09-16,4139.25,1.2418,4.1392,0.1229,0.0041,0.0,0.2464,0.0,5.75
TRD30002551,ORD20002090,C100053,2026-09-16,7408.8,0.0,7.4088,0.22,0.0074,1.1113,0.0409,0.0,8.79
TRD30002552,ORD20002090,C100053,2026-09-16,79027.2,0.0,79.0272,2.3471,0.079,11.8541,0.4367,0.0,93.74
TRD30002553,ORD20002090,C100053,2026-09-16,12348.0,0.0,12.348,0.3667,0.0123,1.8522,0.0682,0.0,14.65
TRD30002554,ORD20001076,C100034,2026-09-16,103009.5,20.0,25.7524,3.0594,0.103,0.0,4.1692,0.0,53.08
TRD30002555,ORD20001076,C100034,2026-09-16,19665.45,5.8996,4.9164,0.5841,0.0197,0.0,1.1706,0.0,12.59
TRD30002556,ORD20003105,C100197,2026-09-16,24316.8,7.295,0.0,0.7222,0.0243,0.7295,1.4475,0.0,10.22
TRD30002557,ORD20003105,C100197,2026-09-16,27892.8,8.3678,0.0,0.8284,0.0279,0.8368,1.6603,0.0,11.72
TRD30002558,ORD20003130,C100118,2026-09-16,25298.5,7.5895,6.3246,0.7514,0.0253,0.0,1.5059,0.0,16.2
TRD30002559,ORD20003130,C100118,2026-09-16,2533.9,0.7602,0.6335,0.0753,0.0025,0.0,0.1508,0.0,1.62
TRD30002560,ORD20000185,C100041,2026-09-16,122179.0,20.0,30.5448,3.6287,0.1222,0.0,4.2752,0.0,58.57
TRD30002561,ORD20003714,C100113,2026-09-16,2349.95,0.0,2.3499,0.0698,0.0023,0.0,0.013,15.34,17.77
TRD30002562,ORD20000536,C100139,2026-09-16,945.3,0.0,0.9453,0.0281,0.0009,0.0,0.0052,15.34,16.32
TRD30002563,ORD20000536,C100139,2026-09-16,945.8,0.0,0.9458,0.0281,0.0009,0.0,0.0052,0.0,0.98
TRD30002564,ORD20000536,C100139,2026-09-16,945.6,0.0,0.9456,0.0281,0.0009,0.0,0.0052,0.0,0.98
TRD30002565,ORD20002659,C100089,2026-09-16,13174.7,3.9524,0.0,0.3913,0.0132,0.3952,0.7842,0.0,5.54
TRD30002566,ORD20002659,C100089,2026-09-16,75455.1,20.0,0.0,2.241,0.0755,2.2637,4.017,0.0,28.6
TRD30002567,ORD20001588,C100186,2026-09-16,14106.0,4.2318,3.5265,0.4189,0.0141,0.0,0.8397,0.0,9.03
TRD30002568,ORD20001588,C100186,2026-09-16,9404.0,2.8212,2.351,0.2793,0.0094,0.0,0.5598,0.0,6.02
TRD30002569,ORD20003278,C100165,2026-09-16,6461.2,1.9384,0.0,0.1919,0.0065,0.1938,0.3846,0.0,2.72
TRD30002570,ORD20000380,C100141,2026-09-16,8655.5,2.5966,2.1639,0.2571,0.0087,0.0,0.5152,0.0,5.54
TRD30002571,ORD20000380,C100141,2026-09-16,58115.5,17.4346,14.5289,1.726,0.0581,0.0,3.4594,0.0,37.21
TRD30002572,ORD20003134,C100078,2026-09-16,2785.2,0.8356,0.0,0.0827,0.0028,0.0836,0.1658,0.0,1.17
TRD30002573,ORD20003134,C100078,2026-09-16,11140.8,3.3422,0.0,0.3309,0.0111,0.3342,0.6632,0.0,4.68
TRD30002574,ORD20003134,C100078,2026-09-16,5570.4,1.6711,0.0,0.1654,0.0056,0.1671,0.3316,0.0,2.34
TRD30002575,ORD20002207,C100114,2026-09-16,6375.6,1.9127,1.5939,0.1894,0.0064,0.0,0.3795,0.0,4.08
TRD30002576,ORD20002207,C100114,2026-09-16,2277.0,0.6831,0.5692,0.0676,0.0023,0.0,0.1355,0.0,1.46
TRD30002577,ORD20001885,C100040,2026-09-16,20932.2,6.2797,5.2331,0.6217,0.0209,0.0,1.246,0.0,13.4
TRD30002578,ORD20000826,C100194,2026-09-16,5611.2,0.0,5.6112,0.1667,0.0056,0.8417,0.031,0.0,6.66
TRD30002579,ORD20004419,C100110,2026-09-16,1410.3,0.0,1.4103,0.0419,0.0014,0.0,0.0078,15.34,16.8
TRD30002580,ORD20004419,C100110,2026-09-16,1411.1,0.0,1.4111,0.0419,0.0014,0.0,0.0078,0.0,1.46
TRD30002581,ORD20004419,C100110,2026-09-16,1411.35,0.0,1.4113,0.0419,0.0014,0.0,0.0078,0.0,1.46
TRD30002582,ORD20003320,C100093,2026-09-16,1755.05,0.5265,0.0,0.0521,0.0018,0.0527,0.1045,0.0,0.74
TRD30002583,ORD20003320,C100093,2026-09-16,1756.95,0.5271,0.0,0.0522,0.0018,0.0527,0.1046,0.0,0.74
TRD30002584,ORD20003320,C100093,2026-09-16,1753.25,0.526,0.0,0.0521,0.0018,0.0526,0.1044,0.0,0.74
TRD30002585,ORD20004280,C100016,2026-09-16,7416.0,2.2248,0.0,0.2203,0.0074,0.2225,0.4414,0.0,3.12
TRD30002586,ORD20004280,C100016,2026-09-16,1852.5,0.5558,0.0,0.055,0.0019,0.0556,0.1103,0.0,0.78
TRD30002587,ORD20004280,C100016,2026-09-16,8904.0,2.6712,0.0,0.2644,0.0089,0.2671,0.53,0.0,3.74
TRD30002588,ORD20003247,C100108,2026-09-16,42007.0,0.0,42.007,1.2476,0.042,0.0,0.2321,15.34,58.87
TRD30002589,ORD20003247,C100108,2026-09-16,26404.4,0.0,26.4044,0.7842,0.0264,0.0,0.1459,0.0,27.36
TRD30002590,ORD20003247,C100108,2026-09-16,2400.4,0.0,2.4004,0.0713,0.0024,0.0,0.0133,0.0,2.49
TRD30002591,ORD20000414,C100036,2026-09-16,57332.6,17.1998,0.0,1.7028,0.0573,1.72,3.4128,0.0,24.09
TRD30002592,ORD20000414,C100036,2026-09-16,56230.05,16.869,0.0,1.67,0.0562,1.6869,3.3471,0.0,23.63
TRD30002593,ORD20000838,C100165,2026-09-16,109077.5,20.0,27.2694,3.2396,0.1091,0.0,4.2028,0.0,54.82
TRD30002594,ORD20002761,C100071,2026-09-16,1566.0,0.4698,0.0,0.0465,0.0016,0.047,0.0932,0.0,0.66
TRD30002595,ORD20002761,C100071,2026-09-16,3136.5,0.941,0.0,0.0932,0.0031,0.0941,0.1867,0.0,1.32
TRD30002596,ORD20001043,C100105,2026-09-16,776.6,0.233,0.1942,0.0231,0.0008,0.0,0.0462,0.0,0.5
TRD30002597,ORD20001043,C100105,2026-09-16,7775.5,2.3326,1.9439,0.2309,0.0078,0.0,0.4628,0.0,4.98
TRD30002598,ORD20001043,C100105,2026-09-16,2331.0,0.6993,0.5828,0.0692,0.0023,0.0,0.1388,0.0,1.49
TRD30002599,ORD20002069,C100174,2026-09-16,2788.5,0.0,2.7885,0.0828,0.0028,0.0,0.0154,15.34,18.23
TRD30002600,ORD20003189,C100064,2026-09-16,119890.75,20.0,0.0,3.5608,0.1199,3.5967,4.2625,0.0,31.54
TRD30002601,ORD20003189,C100064,2026-09-16,22020.75,6.6062,0.0,0.654,0.022,0.6606,1.3108,0.0,9.25
TRD30002602,ORD20001528,C100083,2026-09-16,23405.9,0.0,23.4059,0.6952,0.0234,0.0,0.1293,15.34,39.59
TRD30002603,ORD20001528,C100083,2026-09-16,33437.0,0.0,33.437,0.9931,0.0334,0.0,0.1848,0.0,34.65
TRD30002604,ORD20001528,C100083,2026-09-16,5015.55,0.0,5.0156,0.149,0.005,0.0,0.0277,0.0,5.2
TRD30002605,ORD20001341,C100027,2026-09-16,2234.1,0.0,2.2341,0.0664,0.0022,0.0,0.0123,15.34,17.66
TRD30002606,ORD20001341,C100027,2026-09-16,8937.6,0.0,8.9376,0.2654,0.0089,0.0,0.0494,0.0,9.26
TRD30002607,ORD20001341,C100027,2026-09-16,744.3,0.0,0.7443,0.0221,0.0007,0.0,0.0041,0.0,0.77
TRD30002608,ORD20000368,C100150,2026-09-16,21828.3,0.0,21.8283,0.6483,0.0218,0.0,0.1206,15.34,37.96
TRD30002609,ORD20000368,C100150,2026-09-16,6397.95,0.0,6.398,0.19,0.0064,0.0,0.0354,0.0,6.63
TRD30002610,ORD20003228,C100137,2026-09-16,3485.0,1.0455,0.8712,0.1035,0.0035,0.0,0.2074,0.0,2.23
TRD30002611,ORD20003228,C100137,2026-09-16,697.0,0.2091,0.1743,0.0207,0.0007,0.0,0.0415,0.0,0.45
TRD30002612,ORD20003228,C100137,2026-09-16,2091.0,0.6273,0.5228,0.0621,0.0021,0.0,0.1245,0.0,1.34
TRD30002613,ORD20002676,C100130,2026-09-16,69631.9,20.0,0.0,2.0681,0.0696,2.089,3.9848,0.0,28.21
TRD30002614,ORD20001454,C100176,2026-09-16,3526.35,1.0579,0.0,0.1047,0.0035,0.1058,0.2099,0.0,1.48
TRD30002615,ORD20000774,C100168,2026-09-16,3948.45,0.0,3.9484,0.1173,0.0039,0.5923,0.0218,0.0,4.68
TRD30002616,ORD20000774,C100168,2026-09-16,2632.3,0.0,2.6323,0.0782,0.0026,0.3948,0.0145,0.0,3.12
TRD30002617,ORD20000259,C100037,2026-09-16,24281.3,7.2844,0.0,0.7212,0.0243,0.7284,1.4454,0.0,10.2
TRD30002618,ORD20000259,C100037,2026-09-16,109265.85,20.0,0.0,3.2452,0.1093,3.278,4.2038,0.0,30.84
TRD30002619,ORD20002049,C100052,2026-09-16,23799.2,7.1398,5.9498,0.7068,0.0238,0.0,1.4167,0.0,15.24
TRD30002620,ORD20002049,C100052,2026-09-16,23799.2,7.1398,5.9498,0.7068,0.0238,0.0,1.4167,0.0,15.24
TRD30002621,ORD20002049,C100052,2026-09-16,23799.2,7.1398,5.9498,0.7068,0.0238,0.0,1.4167,0.0,15.24
TRD30002622,ORD20004252,C100096,2026-09-16,1151.85,0.3456,0.0,0.0342,0.0012,0.0346,0.0686,0.0,0.48
TRD30002623,ORD20004252,C100096,2026-09-16,1151.85,0.3456,0.0,0.0342,0.0012,0.0346,0.0686,0.0,0.48
TRD30002624,ORD20000978,C100193,2026-09-16,23800.0,0.0,23.8,0.7069,0.0238,3.57,0.1315,0.0,28.23
TRD30002625,ORD20000978,C100193,2026-09-16,8400.0,0.0,8.4,0.2495,0.0084,1.26,0.0464,0.0,9.96
TRD30002626,ORD20004727,C100030,2026-09-16,68299.2,20.0,0.0,2.0285,0.0683,2.049,3.9774,0.0,28.12
TRD30002627,ORD20003961,C100141,2026-09-16,2338.0,0.0,2.338,0.0694,0.0023,0.0,0.0129,15.34,17.76
TRD30002628,ORD20003961,C100141,2026-09-16,467.6,0.0,0.4676,0.0139,0.0005,0.0,0.0026,0.0,0.48
TRD30002629,ORD20000182,C100063,2026-09-16,3141.95,0.0,3.142,0.0933,0.0031,0.0,0.0174,15.34,18.6
TRD30002630,ORD20000182,C100063,2026-09-16,3141.95,0.0,3.142,0.0933,0.0031,0.0,0.0174,0.0,3.26
TRD30002632,ORD20003705,C100129,2026-09-16,4620.8,1.3862,1.1552,0.1372,0.0046,0.0,0.2751,0.0,2.96
TRD30002631,ORD20000182,C100063,2026-09-16,3141.95,0.0,3.142,0.0933,0.0031,0.0,0.0174,0.0,3.26
TRD30002633,ORD20000180,C100017,2026-09-16,7205.85,0.0,7.2059,0.214,0.0072,0.0,0.0398,15.34,22.81
TRD30002634,ORD20000180,C100017,2026-09-16,124901.4,0.0,124.9014,3.7096,0.1249,0.0,0.6902,0.0,129.43
TRD30002635,ORD20003142,C100030,2026-09-16,2487.8,0.7463,0.622,0.0739,0.0025,0.0,0.1481,0.0,1.59
TRD30002636,ORD20003142,C100030,2026-09-16,2487.8,0.7463,0.622,0.0739,0.0025,0.0,0.1481,0.0,1.59
TRD30002637,ORD20003142,C100030,2026-09-16,2487.8,0.7463,0.622,0.0739,0.0025,0.0,0.1481,0.0,1.59
TRD30002638,ORD20001874,C100150,2026-09-16,125714.6,20.0,0.0,3.7337,0.1257,3.7714,4.2947,0.0,31.93
TRD30002639,ORD20003093,C100021,2026-09-16,709.0,0.0,0.709,0.0211,0.0007,0.0,0.0039,15.34,16.07
TRD30002640,ORD20003093,C100021,2026-09-16,12053.0,0.0,12.053,0.358,0.0121,0.0,0.0666,0.0,12.49
TRD30002641,ORD20000371,C100095,2026-09-16,42871.45,12.8614,0.0,1.2733,0.0429,1.2861,2.552,0.0,18.02
TRD30002642,ORD20000371,C100095,2026-09-16,1382.95,0.4149,0.0,0.0411,0.0014,0.0415,0.0823,0.0,0.58
TRD30002643,ORD20000211,C100107,2026-09-16,3129.7,0.0,3.1297,0.093,0.0031,0.0,0.0173,15.34,18.58
TRD30002644,ORD20000211,C100107,2026-09-16,1789.8,0.0,1.7898,0.0532,0.0018,0.0,0.0099,0.0,1.85
TRD30002645,ORD20003039,C100105,2026-09-16,11991.05,3.5973,0.0,0.3561,0.012,0.3597,0.7138,0.0,5.04
TRD30002646,ORD20001435,C100010,2026-09-16,51928.5,15.5785,12.9821,1.5423,0.0519,0.0,3.0911,0.0,33.25
TRD30002647,ORD20004748,C100076,2026-09-16,6378.4,0.0,6.3784,0.1894,0.0064,0.9568,0.0352,0.0,7.57
TRD30002648,ORD20004748,C100076,2026-09-16,4556.0,0.0,4.556,0.1353,0.0046,0.6834,0.0252,0.0,5.4
TRD30002649,ORD20004748,C100076,2026-09-16,455.6,0.0,0.4556,0.0135,0.0005,0.0683,0.0025,0.0,0.54
TRD30002650,ORD20003729,C100000,2026-09-16,31645.35,9.4936,0.0,0.9399,0.0316,0.9494,1.8837,0.0,13.3
TRD30002651,ORD20001051,C100040,2026-09-16,95041.05,20.0,23.7603,2.8227,0.095,0.0,4.1252,0.0,50.8
TRD30002652,ORD20003115,C100084,2026-09-16,7251.0,2.1753,0.0,0.2154,0.0073,0.2175,0.4316,0.0,3.05
TRD30002653,ORD20003115,C100084,2026-09-16,7251.0,2.1753,0.0,0.2154,0.0073,0.2175,0.4316,0.0,3.05
TRD30002654,ORD20002104,C100061,2026-09-16,2181.3,0.6544,0.0,0.0648,0.0022,0.0654,0.1298,0.0,0.92
TRD30002655,ORD20004445,C100194,2026-09-16,21479.7,6.4439,5.3699,0.6379,0.0215,0.0,1.2786,0.0,13.75
TRD30002656,ORD20004445,C100194,2026-09-16,2801.7,0.8405,0.7004,0.0832,0.0028,0.0,0.1668,0.0,1.79
TRD30002657,ORD20004825,C100092,2026-09-16,33221.2,0.0,33.2212,0.9867,0.0332,0.0,0.1836,15.34,49.76
TRD30002658,ORD20001568,C100196,2026-09-16,4471.2,1.3414,1.1178,0.1328,0.0045,0.0,0.2662,0.0,2.86
TRD30002659,ORD20001568,C100196,2026-09-16,2235.6,0.6707,0.5589,0.0664,0.0022,0.0,0.1331,0.0,1.43
TRD30002660,ORD20001384,C100147,2026-09-16,12758.4,0.0,12.7584,0.3789,0.0128,1.9138,0.0705,0.0,15.13
TRD30002661,ORD20001384,C100147,2026-09-16,1417.6,0.0,1.4176,0.0421,0.0014,0.2126,0.0078,0.0,1.68
TRD30002662,ORD20001384,C100147,2026-09-16,48198.4,0.0,48.1984,1.4315,0.0482,7.2298,0.2663,0.0,57.17
TRD30002663,ORD20003594,C100007,2026-09-16,4282.95,1.2849,0.0,0.1272,0.0043,0.1285,0.2549,0.0,1.8
TRD30002664,ORD20003594,C100007,2026-09-16,2853.1,0.8559,0.0,0.0847,0.0029,0.0856,0.1698,0.0,1.2
TRD30002665,ORD20003594,C100007,2026-09-16,2849.3,0.8548,0.0,0.0846,0.0028,0.0855,0.1696,0.0,1.2
TRD30002666,ORD20002514,C100113,2026-09-16,27565.5,0.0,27.5655,0.8187,0.0276,0.0,0.1523,15.34,43.9
TRD30002667,ORD20003004,C100151,2026-09-16,11931.75,3.5795,0.0,0.3544,0.0119,0.358,0.7102,0.0,5.01
TRD30002668,ORD20003795,C100064,2026-09-16,6511.75,1.9535,0.0,0.1934,0.0065,0.1954,0.3876,0.0,2.74
TRD30002669,ORD20000786,C100044,2026-09-16,45834.6,13.7504,11.4586,1.3613,0.0458,0.0,2.7284,0.0,29.34
TRD30002670,ORD20000786,C100044,2026-09-16,22917.3,6.8752,5.7293,0.6806,0.0229,0.0,1.3642,0.0,14.67
TRD30002671,ORD20000786,C100044,2026-09-16,3273.9,0.9822,0.8185,0.0972,0.0033,0.0,0.1949,0.0,2.1
TRD30002672,ORD20002602,C100057,2026-09-16,38235.2,11.4706,38.2352,1.1356,0.0382,5.7353,2.276,0.0,58.89
TRD30002673,ORD20002602,C100057,2026-09-16,23897.0,7.1691,23.897,0.7097,0.0239,3.5846,1.4225,0.0,36.81
TRD30002674,ORD20001720,C100052,2026-09-16,2826.1,0.8478,0.7065,0.0839,0.0028,0.0,0.1682,0.0,1.81
TRD30002675,ORD20001720,C100052,2026-09-16,25434.9,7.6305,6.3587,0.7554,0.0254,0.0,1.514,0.0,16.28
TRD30002676,ORD20001720,C100052,2026-09-16,2826.1,0.8478,0.7065,0.0839,0.0028,0.0,0.1682,0.0,1.81
TRD30002677,ORD20001656,C100010,2026-09-16,2873.7,0.8621,0.0,0.0853,0.0029,0.0862,0.1711,0.0,1.21
TRD30002678,ORD20003314,C100150,2026-09-16,8195.5,2.4586,2.0489,0.2434,0.0082,0.0,0.4878,0.0,5.25
TRD30002679,ORD20003314,C100150,2026-09-16,4917.3,1.4752,1.2293,0.146,0.0049,0.0,0.2927,0.0,3.15
TRD30002680,ORD20002809,C100041,2026-09-16,10356.9,3.1071,2.5892,0.3076,0.0104,0.0,0.6165,0.0,6.63
TRD30002681,ORD20002345,C100046,2026-09-16,12251.25,0.0,12.2512,0.3639,0.0123,0.0,0.0677,15.34,28.04
TRD30002682,ORD20004687,C100018,2026-09-16,30917.25,9.2752,0.0,0.9182,0.0309,0.9275,1.8404,0.0,12.99
TRD30002683,ORD20004687,C100018,2026-09-16,4758.0,1.4274,0.0,0.1413,0.0048,0.1427,0.2832,0.0,2.0
TRD30002684,ORD20004687,C100018,2026-09-16,21399.3,6.4198,0.0,0.6356,0.0214,0.642,1.2738,0.0,8.99
TRD30002685,ORD20002274,C100183,2026-09-16,3209.5,0.9628,0.0,0.0953,0.0032,0.0963,0.191,0.0,1.35
TRD30002686,ORD20002274,C100183,2026-09-16,1604.75,0.4814,0.0,0.0477,0.0016,0.0481,0.0955,0.0,0.67
TRD30002687,ORD20002274,C100183,2026-09-16,19257.0,5.7771,0.0,0.5719,0.0193,0.5777,1.1463,0.0,8.09
TRD30002688,ORD20001811,C100125,2026-09-16,10154.7,0.0,10.1547,0.3016,0.0102,1.5232,0.0561,0.0,12.05
TRD30002689,ORD20000073,C100126,2026-09-16,2366.3,0.7099,0.5916,0.0703,0.0024,0.0,0.1409,0.0,1.52
TRD30002690,ORD20000073,C100126,2026-09-16,2361.0,0.7083,0.5903,0.0701,0.0024,0.0,0.1405,0.0,1.51
TRD30002691,ORD20004471,C100051,2026-09-16,2472.95,0.7419,0.0,0.0734,0.0025,0.0742,0.1472,0.0,1.04
TRD30002692,ORD20004471,C100051,2026-09-16,61823.75,18.5471,0.0,1.8362,0.0618,1.8547,3.6801,0.0,25.98
TRD30002693,ORD20001290,C100019,2026-09-16,12414.5,3.7244,12.4145,0.3687,0.0124,0.0,0.739,15.34,32.6
TRD30002694,ORD20001290,C100019,2026-09-16,2482.9,0.7449,2.4829,0.0737,0.0025,0.0,0.1478,0.0,3.45
TRD30002695,ORD20001290,C100019,2026-09-16,17380.3,5.2141,17.3803,0.5162,0.0174,0.0,1.0346,0.0,24.16
TRD30002696,ORD20000811,C100106,2026-09-16,38045.7,0.0,38.0457,1.13,0.038,0.0,0.2102,15.34,54.76
TRD30002697,ORD20002607,C100176,2026-09-16,2674.5,0.8023,0.0,0.0794,0.0027,0.0802,0.1592,0.0,1.12
TRD30002698,ORD20002607,C100176,2026-09-16,56431.95,16.9296,0.0,1.676,0.0564,1.693,3.3592,0.0,23.71
TRD30002699,ORD20002035,C100030,2026-09-16,38661.85,0.0,38.6618,1.1483,0.0387,0.0,0.2136,15.34,55.4
TRD30002700,ORD20002035,C100030,2026-09-16,10092.9,0.0,10.0929,0.2998,0.0101,0.0,0.0558,0.0,10.46
TRD30002701,ORD20002035,C100030,2026-09-16,3359.9,0.0,3.3599,0.0998,0.0034,0.0,0.0186,0.0,3.48
TRD30002702,ORD20004191,C100064,2026-09-16,17498.25,5.2495,4.3746,0.5197,0.0175,0.0,1.0416,0.0,11.2
TRD30002703,ORD20004191,C100064,2026-09-16,2499.4,0.7498,0.6248,0.0742,0.0025,0.0,0.1488,0.0,1.6
TRD30002704,ORD20004583,C100083,2026-09-16,29395.55,8.8187,0.0,0.873,0.0294,0.8819,1.7498,0.0,12.35
TRD30002705,ORD20004583,C100083,2026-09-16,51948.0,15.5844,0.0,1.5429,0.0519,1.5584,3.0923,0.0,21.83
TRD30002706,ORD20003673,C100000,2026-09-16,11930.1,3.579,0.0,0.3543,0.0119,0.3579,0.7102,0.0,5.01
TRD30002707,ORD20003673,C100000,2026-09-16,57343.75,17.2031,0.0,1.7031,0.0573,1.7203,3.4134,0.0,24.1
TRD30002708,ORD20003181,C100112,2026-09-16,18581.2,5.5744,18.5812,0.5519,0.0186,0.0,1.1061,15.34,41.17
TRD30002709,ORD20003181,C100112,2026-09-16,9517.2,2.8552,9.5172,0.2827,0.0095,0.0,0.5665,0.0,13.23
TRD30002710,ORD20001195,C100008,2026-09-16,1650.4,0.4951,0.0,0.049,0.0017,0.0495,0.0982,0.0,0.69
TRD30002711,ORD20001195,C100008,2026-09-16,1650.4,0.4951,0.0,0.049,0.0017,0.0495,0.0982,0.0,0.69
TRD30002712,ORD20001195,C100008,2026-09-16,1650.4,0.4951,0.0,0.049,0.0017,0.0495,0.0982,0.0,0.69
TRD30002713,ORD20001701,C100144,2026-09-16,11999.9,0.0,11.9999,0.3564,0.012,0.0,0.0663,15.34,27.77
TRD30002714,ORD20001227,C100194,2026-09-16,5455.2,1.6366,0.0,0.162,0.0055,0.1637,0.3247,0.0,2.29
TRD30002715,ORD20000218,C100172,2026-09-16,7620.4,2.2861,0.0,0.2263,0.0076,0.2286,0.4536,0.0,3.2
TRD30002716,ORD20000218,C100172,2026-09-16,7619.5,2.2858,0.0,0.2263,0.0076,0.2286,0.4536,0.0,3.2
TRD30002717,ORD20003771,C100038,2026-09-16,9336.6,0.0,9.3366,0.2773,0.0093,0.0,0.0516,15.34,25.01
TRD30002718,ORD20003771,C100038,2026-09-16,3114.1,0.0,3.1141,0.0925,0.0031,0.0,0.0172,0.0,3.23
TRD30002719,ORD20004482,C100117,2026-09-16,780.2,0.2341,0.0,0.0232,0.0008,0.0234,0.0464,0.0,0.33
TRD30002720,ORD20004482,C100117,2026-09-16,5461.4,1.6384,0.0,0.1622,0.0055,0.1638,0.3251,0.0,2.3
TRD30002721,ORD20004482,C100117,2026-09-16,5461.4,1.6384,0.0,0.1622,0.0055,0.1638,0.3251,0.0,2.3
TRD30002722,ORD20003399,C100184,2026-09-16,4874.0,0.0,4.874,0.1448,0.0049,0.0,0.0269,15.34,20.39
TRD30002723,ORD20001200,C100032,2026-09-16,62823.8,0.0,62.8238,1.8659,0.0628,9.4236,0.3472,0.0,74.52
TRD30002724,ORD20001200,C100032,2026-09-16,9665.2,0.0,9.6652,0.2871,0.0097,1.4498,0.0534,0.0,11.47
TRD30002725,ORD20001200,C100032,2026-09-16,50742.3,0.0,50.7423,1.507,0.0507,7.6113,0.2804,0.0,60.19
TRD30002726,ORD20003850,C100195,2026-09-16,9508.8,0.0,9.5088,0.2824,0.0095,0.0,0.0525,15.34,25.19
TRD30002727,ORD20003850,C100195,2026-09-16,77552.3,0.0,77.5523,2.3033,0.0776,0.0,0.4286,0.0,80.36
TRD30002728,ORD20004136,C100157,2026-09-16,15934.1,4.7802,3.9835,0.4732,0.0159,0.0,0.9485,0.0,10.2
TRD30002729,ORD20004136,C100157,2026-09-16,937.3,0.2812,0.2343,0.0278,0.0009,0.0,0.0558,0.0,0.6
TRD30002730,ORD20003370,C100169,2026-09-16,11832.2,3.5497,0.0,0.3514,0.0118,0.355,0.7043,0.0,4.97
TRD30002731,ORD20003540,C100075,2026-09-16,923.75,0.2771,0.2309,0.0274,0.0009,0.0,0.055,0.0,0.59
TRD30002732,ORD20003540,C100075,2026-09-16,3695.0,1.1085,0.9238,0.1097,0.0037,0.0,0.2199,0.0,2.37
TRD30002733,ORD20003540,C100075,2026-09-16,3695.0,1.1085,0.9238,0.1097,0.0037,0.0,0.2199,0.0,2.37
TRD30002734,ORD20000555,C100007,2026-09-16,3230.4,0.9691,0.0,0.0959,0.0032,0.0969,0.1923,0.0,1.36
TRD30002735,ORD20000555,C100007,2026-09-16,7533.4,2.26,0.0,0.2237,0.0075,0.226,0.4484,0.0,3.17
TRD30002736,ORD20000555,C100007,2026-09-16,1078.2,0.3235,0.0,0.032,0.0011,0.0323,0.0642,0.0,0.45
TRD30002737,ORD20001250,C100036,2026-09-16,8492.4,2.5477,0.0,0.2522,0.0085,0.2548,0.5055,0.0,3.57
TRD30002738,ORD20001250,C100036,2026-09-16,25477.2,7.6432,0.0,0.7567,0.0255,0.7643,1.5166,0.0,10.71
TRD30002739,ORD20004213,C100065,2026-09-16,12101.6,3.6305,0.0,0.3594,0.0121,0.363,0.7204,0.0,5.09
TRD30002740,ORD20001055,C100166,2026-09-16,2179.25,0.6538,0.0,0.0647,0.0022,0.0654,0.1297,0.0,0.92
TRD30002741,ORD20001805,C100077,2026-09-16,1397.55,0.0,1.3976,0.0415,0.0014,0.0,0.0077,15.34,16.79
TRD30002742,ORD20001805,C100077,2026-09-16,1397.55,0.0,1.3976,0.0415,0.0014,0.0,0.0077,0.0,1.45
TRD30002743,ORD20000347,C100054,2026-09-16,18572.4,5.5717,4.6431,0.5516,0.0186,0.0,1.1055,0.0,11.89
TRD30002744,ORD20000347,C100054,2026-09-16,5307.0,1.5921,1.3268,0.1576,0.0053,0.0,0.3159,0.0,3.4
TRD30002745,ORD20002770,C100061,2026-09-16,4646.5,1.3939,0.0,0.138,0.0046,0.1394,0.2766,0.0,1.95
TRD30002746,ORD20002770,C100061,2026-09-16,4646.0,1.3938,0.0,0.138,0.0046,0.1394,0.2766,0.0,1.95
TRD30002747,ORD20003187,C100094,2026-09-16,108899.25,20.0,27.2248,3.2343,0.1089,0.0,4.2018,0.0,54.77
TRD30002748,ORD20003187,C100094,2026-09-16,946.95,0.2841,0.2367,0.0281,0.0009,0.0,0.0564,0.0,0.61
TRD30002749,ORD20003187,C100094,2026-09-16,38824.95,11.6475,9.7062,1.1531,0.0388,0.0,2.3111,0.0,24.86
TRD30002750,ORD20001999,C100013,2026-09-16,4797.2,1.4392,1.1993,0.1425,0.0048,0.0,0.2856,0.0,3.07
TRD30002751,ORD20002932,C100159,2026-09-16,876.6,0.263,0.0,0.026,0.0009,0.0263,0.0522,0.0,0.37
TRD30002752,ORD20002932,C100159,2026-09-16,3506.4,1.0519,0.0,0.1041,0.0035,0.1052,0.2087,0.0,1.47
TRD30002753,ORD20002932,C100159,2026-09-16,5697.9,1.7094,0.0,0.1692,0.0057,0.1709,0.3392,0.0,2.39
TRD30002754,ORD20004293,C100041,2026-09-16,11623.15,3.4869,0.0,0.3452,0.0116,0.3487,0.6919,0.0,4.88
TRD30002755,ORD20002732,C100070,2026-09-16,42737.8,0.0,42.7378,1.2693,0.0427,0.0,0.2362,15.34,59.63
TRD30002756,ORD20002732,C100070,2026-09-16,8722.0,0.0,8.722,0.259,0.0087,0.0,0.0482,0.0,9.04
TRD30002757,ORD20002732,C100070,2026-09-16,14827.4,0.0,14.8274,0.4404,0.0148,0.0,0.0819,0.0,15.36
TRD30002758,ORD20001513,C100024,2026-09-16,1008.95,0.3027,0.0,0.03,0.001,0.0303,0.0601,0.0,0.42
TRD30002759,ORD20001513,C100024,2026-09-16,2014.9,0.6045,0.0,0.0598,0.002,0.0604,0.1199,0.0,0.85
TRD30002760,ORD20001513,C100024,2026-09-16,1007.35,0.3022,0.0,0.0299,0.001,0.0302,0.06,0.0,0.42
TRD30002761,ORD20004315,C100170,2026-09-16,90352.8,20.0,22.5882,2.6835,0.0904,0.0,4.0993,0.0,49.46
TRD30002762,ORD20003635,C100062,2026-09-16,30932.85,9.2799,7.7332,0.9187,0.0309,0.0,1.8413,0.0,19.8
TRD30002763,ORD20003329,C100117,2026-09-16,8109.9,0.0,8.1099,0.2409,0.0081,0.0,0.0448,15.34,23.74
TRD30002764,ORD20003329,C100117,2026-09-16,94227.65,0.0,94.2276,2.7986,0.0942,0.0,0.5207,0.0,97.64
TRD30002765,ORD20000837,C100066,2026-09-16,15552.0,4.6656,3.888,0.4619,0.0156,0.0,0.9257,0.0,9.96
TRD30002766,ORD20000837,C100066,2026-09-16,972.0,0.2916,0.243,0.0289,0.001,0.0,0.0579,0.0,0.62
TRD30002767,ORD20000837,C100066,2026-09-16,6802.6,2.0408,1.7007,0.202,0.0068,0.0,0.4049,0.0,4.36
TRD30002768,ORD20004532,C100122,2026-09-16,24390.6,7.3172,0.0,0.7244,0.0244,0.7317,1.4519,0.0,10.25
TRD30002769,ORD20003847,C100045,2026-09-16,1197.25,0.0,1.1972,0.0356,0.0012,0.1796,0.0066,0.0,1.42
TRD30002770,ORD20003847,C100045,2026-09-16,1197.25,0.0,1.1972,0.0356,0.0012,0.1796,0.0066,0.0,1.42
TRD30002771,ORD20000239,C100108,2026-09-16,4746.8,1.424,0.0,0.141,0.0047,0.1424,0.2826,0.0,1.99
TRD30002772,ORD20000239,C100108,2026-09-16,2371.6,0.7115,0.0,0.0704,0.0024,0.0711,0.1412,0.0,1.0
TRD30002773,ORD20000239,C100108,2026-09-16,2376.5,0.713,0.0,0.0706,0.0024,0.0713,0.1415,0.0,1.0
TRD30002774,ORD20003838,C100031,2026-09-16,1443.6,0.0,1.4436,0.0429,0.0014,0.0,0.008,15.34,16.84
TRD30002775,ORD20003838,C100031,2026-09-16,2404.25,0.0,2.4043,0.0714,0.0024,0.0,0.0133,0.0,2.49
TRD30002776,ORD20003838,C100031,2026-09-16,481.0,0.0,0.481,0.0143,0.0005,0.0,0.0027,0.0,0.5
TRD30002777,ORD20003741,C100158,2026-09-16,8640.0,0.0,8.64,0.2566,0.0086,1.296,0.0477,0.0,10.25
TRD30002778,ORD20004130,C100073,2026-09-16,14025.6,0.0,14.0256,0.4166,0.014,2.1038,0.0775,0.0,16.64
TRD30002779,ORD20004130,C100073,2026-09-16,17526.0,0.0,17.526,0.5205,0.0175,2.6289,0.0968,0.0,20.79
TRD30002781,ORD20000220,C100130,2026-09-16,3208.1,0.9624,0.802,0.0953,0.0032,0.0,0.191,0.0,2.05
TRD30002782,ORD20000220,C100130,2026-09-16,11223.45,3.367,2.8059,0.3333,0.0112,0.0,0.6681,0.0,7.19
TRD30002783,ORD20000220,C100130,2026-09-16,108959.8,20.0,27.24,3.2361,0.109,0.0,4.2021,0.0,54.79
TRD30002780,ORD20004130,C100073,2026-09-16,11834.1,0.0,11.8341,0.3515,0.0118,1.7751,0.0654,0.0,14.04
TRD30002784,ORD20004577,C100021,2026-09-16,24257.3,0.0,24.2573,0.7204,0.0243,3.6386,0.134,0.0,28.77
TRD30002785,ORD20004577,C100021,2026-09-16,35672.5,0.0,35.6725,1.0595,0.0357,5.3509,0.1971,0.0,42.32
TRD30002786,ORD20004577,C100021,2026-09-16,59929.8,0.0,59.9298,1.7799,0.0599,8.9895,0.3312,0.0,71.09
TRD30002787,ORD20003215,C100175,2026-09-16,5725.2,0.0,5.7252,0.17,0.0057,0.0,0.0316,15.34,21.27
TRD30002788,ORD20003215,C100175,2026-09-16,2858.7,0.0,2.8587,0.0849,0.0029,0.0,0.0158,0.0,2.96
TRD30002789,ORD20003215,C100175,2026-09-16,1429.15,0.0,1.4292,0.0424,0.0014,0.0,0.0079,0.0,1.48
TRD30002790,ORD20002496,C100170,2026-09-16,1677.35,0.0,1.6774,0.0498,0.0017,0.2516,0.0093,0.0,1.99
TRD30002791,ORD20002496,C100170,2026-09-16,1677.35,0.0,1.6774,0.0498,0.0017,0.2516,0.0093,0.0,1.99
TRD30002792,ORD20004359,C100173,2026-09-16,3384.7,0.0,3.3847,0.1005,0.0034,0.5077,0.0187,0.0,4.01
TRD30002793,ORD20002575,C100048,2026-09-16,8377.0,0.0,8.377,0.2488,0.0084,0.0,0.0463,15.34,24.02
TRD30002794,ORD20004386,C100059,2026-09-16,2919.3,0.0,2.9193,0.0867,0.0029,0.4379,0.0161,0.0,3.46
TRD30002795,ORD20001141,C100180,2026-09-16,33093.25,9.928,8.2733,0.9829,0.0331,0.0,1.9699,0.0,21.19
TRD30002796,ORD20001141,C100180,2026-09-16,41802.0,12.5406,10.4505,1.2415,0.0418,0.0,2.4883,0.0,26.76
TRD30002797,ORD20002801,C100034,2026-09-16,13888.2,4.1665,3.472,0.4125,0.0139,0.0,0.8267,0.0,8.89
TRD30002798,ORD20003955,C100062,2026-09-16,4444.75,0.0,4.4448,0.132,0.0044,0.6667,0.0246,0.0,5.27
TRD30002799,ORD20003955,C100062,2026-09-16,31125.5,0.0,31.1255,0.9244,0.0311,4.6688,0.172,0.0,36.92
TRD30002800,ORD20003955,C100062,2026-09-16,32806.05,0.0,32.8061,0.9743,0.0328,4.9209,0.1813,0.0,38.92
TRD30002801,ORD20002949,C100056,2026-09-16,1236.65,0.371,0.3092,0.0367,0.0012,0.0,0.0736,0.0,0.79
TRD30002802,ORD20002949,C100056,2026-09-16,1236.65,0.371,0.3092,0.0367,0.0012,0.0,0.0736,0.0,0.79
TRD30002803,ORD20002949,C100056,2026-09-16,2473.3,0.742,0.6183,0.0735,0.0025,0.0,0.1472,0.0,1.58
TRD30002804,ORD20003482,C100060,2026-09-16,5281.05,0.0,5.2811,0.1568,0.0053,0.7922,0.0292,0.0,6.26
TRD30002805,ORD20003482,C100060,2026-09-16,1947.4,0.0,1.9474,0.0578,0.0019,0.2921,0.0108,0.0,2.31
TRD30002806,ORD20003382,C100076,2026-09-16,97281.6,20.0,24.3204,2.8893,0.0973,0.0,4.1376,0.0,51.44
TRD30002807,ORD20001666,C100121,2026-09-16,2869.45,0.0,2.8694,0.0852,0.0029,0.4304,0.0159,0.0,3.4
TRD30002808,ORD20004327,C100113,2026-09-16,3102.1,0.0,3.1021,0.0921,0.0031,0.0,0.0171,15.34,18.55
TRD30002809,ORD20004327,C100113,2026-09-16,3102.6,0.0,3.1026,0.0921,0.0031,0.0,0.0171,0.0,3.21
TRD30002810,ORD20004327,C100113,2026-09-16,12411.2,0.0,12.4112,0.3686,0.0124,0.0,0.0686,0.0,12.86
TRD30002811,ORD20003639,C100192,2026-09-16,90763.0,20.0,0.0,2.6957,0.0908,2.7229,4.1016,0.0,29.61
TRD30002812,ORD20003639,C100192,2026-09-16,8598.6,2.5796,0.0,0.2554,0.0086,0.258,0.5118,0.0,3.61
TRD30002813,ORD20003692,C100028,2026-09-16,55055.8,0.0,55.0558,1.6352,0.0551,8.2584,0.3042,0.0,65.31
TRD30002814,ORD20000225,C100069,2026-09-16,18620.0,0.0,18.62,0.553,0.0186,0.0,0.1029,15.34,34.63
TRD30002815,ORD20000225,C100069,2026-09-16,3039.2,0.0,3.0392,0.0903,0.003,0.0,0.0168,0.0,3.15
TRD30002816,ORD20003610,C100013,2026-09-16,4737.3,1.4212,1.1843,0.1407,0.0047,0.0,0.282,0.0,3.03
TRD30002817,ORD20003610,C100013,2026-09-16,50531.2,15.1594,12.6328,1.5008,0.0505,0.0,3.0079,0.0,32.35
TRD30002818,ORD20003610,C100013,2026-09-16,6316.4,1.8949,1.5791,0.1876,0.0063,0.0,0.376,0.0,4.04
TRD30002819,ORD20002529,C100122,2026-09-16,72572.8,20.0,18.1432,2.1554,0.0726,0.0,4.001,0.0,44.37
TRD30002820,ORD20002529,C100122,2026-09-16,72550.4,20.0,18.1376,2.1547,0.0726,0.0,4.0009,0.0,44.37
TRD30002821,ORD20003070,C100028,2026-09-16,14295.6,4.2887,0.0,0.4246,0.0143,0.4289,0.851,0.0,6.01
TRD30002822,ORD20003070,C100028,2026-09-16,65082.6,19.5248,0.0,1.933,0.0651,1.9525,3.8741,0.0,27.35
TRD30002823,ORD20003070,C100028,2026-09-16,376.2,0.1129,0.0,0.0112,0.0004,0.0113,0.0224,0.0,0.16
TRD30002824,ORD20003671,C100072,2026-09-16,2024.7,0.0,2.0247,0.0601,0.002,0.3037,0.0112,0.0,2.4
TRD30002825,ORD20003028,C100092,2026-09-16,4520.1,0.0,4.5201,0.1342,0.0045,0.0,0.025,15.34,20.02
TRD30002826,ORD20003028,C100092,2026-09-16,16682.4,0.0,16.6824,0.4955,0.0167,0.0,0.0922,0.0,17.29
TRD30002827,ORD20003041,C100063,2026-09-16,11671.2,0.0,11.6712,0.3466,0.0117,1.7507,0.0645,0.0,13.84
TRD30002828,ORD20003041,C100063,2026-09-16,14589.0,0.0,14.589,0.4333,0.0146,2.1883,0.0806,0.0,17.31
TRD30002829,ORD20003041,C100063,2026-09-16,20424.6,0.0,20.4246,0.6066,0.0204,3.0637,0.1129,0.0,24.23
TRD30002830,ORD20002257,C100089,2026-09-16,5649.2,0.0,5.6492,0.1678,0.0056,0.0,0.0312,15.34,21.19
TRD30002831,ORD20002257,C100089,2026-09-16,14117.0,0.0,14.117,0.4193,0.0141,0.0,0.078,0.0,14.63
TRD30002832,ORD20002257,C100089,2026-09-16,2821.4,0.0,2.8214,0.0838,0.0028,0.0,0.0156,0.0,2.92
TRD30002833,ORD20004717,C100176,2026-09-16,8528.85,2.5587,2.1322,0.2533,0.0085,0.0,0.5077,0.0,5.46
TRD30002834,ORD20004717,C100176,2026-09-16,56859.0,17.0577,14.2148,1.6887,0.0569,0.0,3.3846,0.0,36.4
TRD30002835,ORD20004717,C100176,2026-09-16,23691.25,7.1074,5.9228,0.7036,0.0237,0.0,1.4102,0.0,15.17
TRD30002836,ORD20004747,C100166,2026-09-16,46213.4,13.864,0.0,1.3725,0.0462,1.3864,2.7509,0.0,19.42
TRD30002837,ORD20001156,C100174,2026-09-16,1145.5,0.0,1.1455,0.034,0.0011,0.1718,0.0063,0.0,1.36
TRD30002838,ORD20001156,C100174,2026-09-16,3435.75,0.0,3.4358,0.102,0.0034,0.5154,0.019,0.0,4.08
TRD30002839,ORD20002912,C100106,2026-09-16,13597.5,0.0,13.5975,0.4038,0.0136,0.0,0.0751,15.34,29.43
TRD30002840,ORD20002912,C100106,2026-09-16,5437.2,0.0,5.4372,0.1615,0.0054,0.0,0.03,0.0,5.63
TRD30002841,ORD20002912,C100106,2026-09-16,3628.4,0.0,3.6284,0.1078,0.0036,0.0,0.0201,0.0,3.76
TRD30002842,ORD20004680,C100198,2026-09-16,3836.8,1.151,0.9592,0.114,0.0038,0.0,0.2284,0.0,2.46
TRD30002843,ORD20004680,C100198,2026-09-16,3832.35,1.1497,0.9581,0.1138,0.0038,0.0,0.2281,0.0,2.45
TRD30002844,ORD20004680,C100198,2026-09-16,3835.35,1.1506,0.9588,0.1139,0.0038,0.0,0.2283,0.0,2.46
TRD30002845,ORD20003567,C100038,2026-09-16,6941.55,2.0825,1.7354,0.2062,0.0069,0.0,0.4132,0.0,4.44
TRD30002846,ORD20003567,C100038,2026-09-16,9245.8,2.7737,2.3114,0.2746,0.0092,0.0,0.5504,0.0,5.92
TRD30002847,ORD20004027,C100071,2026-09-16,36695.0,0.0,36.695,1.0898,0.0367,0.0,0.2028,15.34,53.36
TRD30002848,ORD20004027,C100071,2026-09-16,53574.7,0.0,53.5747,1.5912,0.0536,0.0,0.2961,0.0,55.52
TRD30002849,ORD20004027,C100071,2026-09-16,2201.7,0.0,2.2017,0.0654,0.0022,0.0,0.0122,0.0,2.28
TRD30002850,ORD20003066,C100176,2026-09-16,116123.4,0.0,116.1234,3.4489,0.1161,17.4185,0.6417,0.0,137.75
TRD30002851,ORD20001045,C100127,2026-09-16,28572.0,0.0,28.572,0.8486,0.0286,0.0,0.1579,15.34,44.95
TRD30002852,ORD20000146,C100184,2026-09-16,10066.35,3.0199,2.5166,0.299,0.0101,0.0,0.5992,0.0,6.44
TRD30002853,ORD20004812,C100152,2026-09-16,5742.25,0.0,5.7422,0.1705,0.0057,0.0,0.0317,15.34,21.29
TRD30002854,ORD20000815,C100089,2026-09-16,44375.1,13.3125,0.0,1.3179,0.0444,1.3313,2.6415,0.0,18.65
TRD30002855,ORD20000815,C100089,2026-09-16,28238.7,8.4716,0.0,0.8387,0.0282,0.8472,1.6809,0.0,11.87
TRD30002856,ORD20000815,C100089,2026-09-16,1344.7,0.4034,0.0,0.0399,0.0013,0.0403,0.08,0.0,0.56
TRD30002857,ORD20002464,C100074,2026-09-16,35718.8,0.0,35.7188,1.0608,0.0357,5.3578,0.1974,0.0,42.37
TRD30002858,ORD20000385,C100013,2026-09-16,3269.9,0.981,0.0,0.0971,0.0033,0.0981,0.1946,0.0,1.37
TRD30002859,ORD20000385,C100013,2026-09-16,6539.8,1.9619,0.0,0.1942,0.0065,0.1962,0.3893,0.0,2.75
TRD30002860,ORD20004353,C100108,2026-09-16,4908.2,1.4725,0.0,0.1458,0.0049,0.1472,0.2922,0.0,2.06
TRD30002861,ORD20004353,C100108,2026-09-16,4460.0,1.338,0.0,0.1325,0.0045,0.1338,0.2655,0.0,1.87
TRD30002862,ORD20002990,C100098,2026-09-16,2318.55,0.0,2.3186,0.0689,0.0023,0.3478,0.0128,0.0,2.75
TRD30002863,ORD20002990,C100098,2026-09-16,6949.05,0.0,6.949,0.2064,0.0069,1.0424,0.0384,0.0,8.24
TRD30002864,ORD20001875,C100129,2026-09-16,55339.3,0.0,55.3393,1.6436,0.0553,0.0,0.3058,15.34,72.68
TRD30002865,ORD20004556,C100101,2026-09-16,3462.7,1.0388,0.8657,0.1028,0.0035,0.0,0.2061,0.0,2.22
TRD30002866,ORD20001376,C100028,2026-09-16,25291.75,0.0,25.2918,0.7512,0.0253,3.7938,0.1398,0.0,30.0
TRD30002867,ORD20001732,C100094,2026-09-16,7331.7,2.1995,0.0,0.2178,0.0073,0.22,0.4364,0.0,3.08
TRD30002868,ORD20004231,C100180,2026-09-16,5334.6,1.6004,0.0,0.1584,0.0053,0.16,0.3175,0.0,2.24
TRD30002869,ORD20004231,C100180,2026-09-16,34211.1,10.2633,0.0,1.0161,0.0342,1.0263,2.0364,0.0,14.38
TRD30002870,ORD20003684,C100005,2026-09-16,3017.25,0.0,3.0173,0.0896,0.003,0.0,0.0167,15.34,18.47
TRD30002871,ORD20003684,C100005,2026-09-16,6034.5,0.0,6.0345,0.1792,0.006,0.0,0.0333,0.0,6.25
TRD30002872,ORD20003317,C100165,2026-09-16,24942.75,7.4828,24.9428,0.7408,0.0249,0.0,1.4847,15.34,50.02
TRD30002873,ORD20000717,C100183,2026-09-16,11934.45,3.5803,0.0,0.3545,0.0119,0.358,0.7104,0.0,5.02
TRD30002874,ORD20000717,C100183,2026-09-16,36842.4,11.0527,0.0,1.0942,0.0368,1.1053,2.1931,0.0,15.48
TRD30002875,ORD20000717,C100183,2026-09-16,36501.4,10.9504,0.0,1.0841,0.0365,1.095,2.1728,0.0,15.34
TRD30002876,ORD20004436,C100104,2026-09-16,931.4,0.0,0.9314,0.0277,0.0009,0.1397,0.0051,0.0,1.1
TRD30002877,ORD20004051,C100129,2026-09-16,31720.5,0.0,31.7205,0.9421,0.0317,4.7581,0.1753,0.0,37.63
TRD30002878,ORD20003820,C100082,2026-09-17,24455.6,0.0,24.4556,0.7263,0.0245,3.6683,0.1351,0.0,29.01
TRD30002879,ORD20003820,C100082,2026-09-17,12237.8,0.0,12.2378,0.3635,0.0122,1.8357,0.0676,0.0,14.52
TRD30002880,ORD20004623,C100040,2026-09-17,111496.65,0.0,111.4966,3.3115,0.1115,16.7245,0.6161,0.0,132.26
TRD30002881,ORD20004623,C100040,2026-09-17,27756.55,0.0,27.7566,0.8244,0.0278,4.1635,0.1534,0.0,32.93
TRD30002882,ORD20004243,C100057,2026-09-17,25732.35,7.7197,0.0,0.7643,0.0257,0.772,1.5317,0.0,10.81
TRD30002883,ORD20004243,C100057,2026-09-17,2859.15,0.8577,0.0,0.0849,0.0029,0.0858,0.1702,0.0,1.2
TRD30002884,ORD20000273,C100097,2026-09-17,2289.75,0.6869,0.0,0.068,0.0023,0.0687,0.1363,0.0,0.96
TRD30002885,ORD20000273,C100097,2026-09-17,29766.75,8.93,0.0,0.8841,0.0298,0.893,1.7719,0.0,12.51
TRD30002886,ORD20004696,C100137,2026-09-17,63218.25,18.9655,63.2182,1.8776,0.0632,0.0,3.7631,15.34,103.23
TRD30002887,ORD20004696,C100137,2026-09-17,5619.4,1.6858,5.6194,0.1669,0.0056,0.0,0.3345,0.0,7.81
TRD30002888,ORD20003696,C100058,2026-09-17,1395.5,0.0,1.3955,0.0414,0.0014,0.0,0.0077,15.34,16.79
TRD30002889,ORD20003696,C100058,2026-09-17,5582.0,0.0,5.582,0.1658,0.0056,0.0,0.0308,0.0,5.78
TRD30002890,ORD20004614,C100086,2026-09-17,4740.5,1.4221,1.1851,0.1408,0.0047,0.0,0.2822,0.0,3.03
TRD30002891,ORD20004614,C100086,2026-09-17,5688.6,1.7066,1.4222,0.169,0.0057,0.0,0.3386,0.0,3.64
TRD30002892,ORD20002952,C100050,2026-09-17,11397.25,3.4192,2.8493,0.3385,0.0114,0.0,0.6784,0.0,7.3
TRD30002893,ORD20004463,C100089,2026-09-17,15422.55,0.0,15.4226,0.458,0.0154,0.0,0.0852,15.34,31.32
TRD30002894,ORD20004463,C100089,2026-09-17,7010.25,0.0,7.0102,0.2082,0.007,0.0,0.0387,0.0,7.26
TRD30002895,ORD20004463,C100089,2026-09-17,26638.95,0.0,26.639,0.7912,0.0266,0.0,0.1472,0.0,27.6
TRD30002896,ORD20004632,C100134,2026-09-17,2396.45,0.7189,0.5991,0.0712,0.0024,0.0,0.1427,0.0,1.53
TRD30002897,ORD20004632,C100134,2026-09-17,9585.8,2.8757,2.3964,0.2847,0.0096,0.0,0.5706,0.0,6.14
TRD30002898,ORD20000620,C100023,2026-09-17,21403.8,6.4211,5.351,0.6357,0.0214,0.0,1.2741,0.0,13.7
TRD30002899,ORD20000620,C100023,2026-09-17,77291.5,20.0,19.3229,2.2956,0.0773,0.0,4.0271,0.0,45.72
TRD30002900,ORD20000620,C100023,2026-09-17,34483.9,10.3452,8.621,1.0242,0.0345,0.0,2.0527,0.0,22.08
TRD30002901,ORD20003898,C100124,2026-09-17,54789.4,16.4368,0.0,1.6272,0.0548,1.6437,3.2614,0.0,23.02
TRD30002902,ORD20003898,C100124,2026-09-17,40650.2,12.1951,0.0,1.2073,0.0407,1.2195,2.4197,0.0,17.08
TRD30002903,ORD20001281,C100170,2026-09-17,1766.55,0.0,1.7666,0.0525,0.0018,0.0,0.0098,15.34,17.17
TRD30002904,ORD20001281,C100170,2026-09-17,1766.2,0.0,1.7662,0.0525,0.0018,0.0,0.0098,0.0,1.83
TRD30002905,ORD20001281,C100170,2026-09-17,1767.55,0.0,1.7676,0.0525,0.0018,0.0,0.0098,0.0,1.83
TRD30002906,ORD20000517,C100182,2026-09-17,17129.7,5.1389,0.0,0.5088,0.0171,0.5139,1.0197,0.0,7.2
TRD30002907,ORD20000517,C100182,2026-09-17,20944.0,6.2832,0.0,0.622,0.0209,0.6283,1.2467,0.0,8.8
TRD30002908,ORD20000517,C100182,2026-09-17,59394.1,17.8182,0.0,1.764,0.0594,1.7818,3.5355,0.0,24.96
TRD30002909,ORD20004527,C100000,2026-09-17,6823.75,2.0471,0.0,0.2027,0.0068,0.2047,0.4062,0.0,2.87
TRD30002910,ORD20004527,C100000,2026-09-17,4094.85,1.2285,0.0,0.1216,0.0041,0.1228,0.2438,0.0,1.72
TRD30002911,ORD20004527,C100000,2026-09-17,2730.2,0.8191,0.0,0.0811,0.0027,0.0819,0.1625,0.0,1.15
TRD30002912,ORD20003734,C100196,2026-09-17,4920.25,1.4761,1.2301,0.1461,0.0049,0.0,0.2929,0.0,3.15
TRD30002913,ORD20003734,C100196,2026-09-17,2952.15,0.8856,0.738,0.0877,0.003,0.0,0.1757,0.0,1.89
TRD30002914,ORD20004912,C100128,2026-09-17,1413.35,0.0,1.4133,0.042,0.0014,0.212,0.0078,0.0,1.68
TRD30002915,ORD20004912,C100128,2026-09-17,2826.7,0.0,2.8267,0.084,0.0028,0.424,0.0156,0.0,3.35
TRD30002916,ORD20004912,C100128,2026-09-17,1413.35,0.0,1.4133,0.042,0.0014,0.212,0.0078,0.0,1.68
TRD30002917,ORD20004134,C100144,2026-09-17,29759.7,8.9279,7.4399,0.8839,0.0298,0.0,1.7715,0.0,19.05
TRD30002918,ORD20000926,C100111,2026-09-17,12037.5,0.0,12.0375,0.3575,0.012,1.8056,0.0665,0.0,14.28
TRD30002919,ORD20000926,C100111,2026-09-17,77040.0,0.0,77.04,2.2881,0.077,11.556,0.4257,0.0,91.39
TRD30002920,ORD20000926,C100111,2026-09-17,4815.0,0.0,4.815,0.143,0.0048,0.7222,0.0266,0.0,5.71
TRD30002921,ORD20001056,C100044,2026-09-17,130006.8,20.0,0.0,3.8612,0.13,3.9002,4.3184,0.0,32.21
TRD30002922,ORD20003637,C100196,2026-09-17,134126.85,20.0,33.5317,3.9836,0.1341,0.0,4.3412,0.0,61.99
TRD30002923,ORD20004039,C100069,2026-09-17,2884.75,0.0,2.8848,0.0857,0.0029,0.4327,0.0159,0.0,3.42
TRD30002924,ORD20004039,C100069,2026-09-17,2884.75,0.0,2.8848,0.0857,0.0029,0.4327,0.0159,0.0,3.42
TRD30002925,ORD20004039,C100069,2026-09-17,2884.75,0.0,2.8848,0.0857,0.0029,0.4327,0.0159,0.0,3.42
TRD30002926,ORD20002634,C100152,2026-09-17,2918.85,0.0,2.9188,0.0867,0.0029,0.0,0.0161,15.34,18.36
TRD30002927,ORD20002634,C100152,2026-09-17,8756.55,0.0,8.7565,0.2601,0.0088,0.0,0.0484,0.0,9.07
TRD30002928,ORD20002634,C100152,2026-09-17,2918.85,0.0,2.9188,0.0867,0.0029,0.0,0.0161,0.0,3.02
TRD30002929,ORD20004828,C100096,2026-09-17,124893.25,20.0,31.2233,3.7093,0.1249,0.0,4.2902,0.0,59.35
TRD30002930,ORD20002541,C100098,2026-09-17,27485.0,8.2455,0.0,0.8163,0.0275,0.8246,1.6361,0.0,11.55
TRD30002931,ORD20002541,C100098,2026-09-17,10453.8,3.1361,0.0,0.3105,0.0105,0.3136,0.6223,0.0,4.39
TRD30002932,ORD20002541,C100098,2026-09-17,23925.0,7.1775,0.0,0.7106,0.0239,0.7178,1.4242,0.0,10.05
TRD30002933,ORD20003292,C100186,2026-09-17,2327.85,0.6984,0.0,0.0691,0.0023,0.0698,0.1386,0.0,0.98
TRD30002934,ORD20003292,C100186,2026-09-17,4655.7,1.3967,0.0,0.1383,0.0047,0.1397,0.2771,0.0,1.96
TRD30002935,ORD20000377,C100061,2026-09-17,30078.5,9.0235,0.0,0.8933,0.0301,0.9024,1.7905,0.0,12.64
TRD30002936,ORD20000377,C100061,2026-09-17,31127.75,9.3383,0.0,0.9245,0.0311,0.9338,1.8529,0.0,13.08
TRD30002937,ORD20000119,C100012,2026-09-17,1321.5,0.3964,0.0,0.0392,0.0013,0.0396,0.0787,0.0,0.56
TRD30002938,ORD20000119,C100012,2026-09-17,1321.5,0.3964,0.0,0.0392,0.0013,0.0396,0.0787,0.0,0.56
TRD30002939,ORD20002832,C100105,2026-09-17,76972.8,20.0,0.0,2.2861,0.077,2.3092,4.0254,0.0,28.7
TRD30002940,ORD20002832,C100105,2026-09-17,25171.2,7.5514,0.0,0.7476,0.0252,0.7551,1.4983,0.0,10.58
TRD30002941,ORD20002832,C100105,2026-09-17,37209.6,11.1629,0.0,1.1051,0.0372,1.1163,2.2149,0.0,15.64
TRD30002942,ORD20003989,C100104,2026-09-17,66251.6,0.0,66.2516,1.9677,0.0663,9.9377,0.3661,0.0,78.59
TRD30002943,ORD20002587,C100085,2026-09-17,13824.0,4.1472,0.0,0.4106,0.0138,0.4147,0.8229,0.0,5.81
TRD30002944,ORD20002587,C100085,2026-09-17,5529.6,1.6589,0.0,0.1642,0.0055,0.1659,0.3292,0.0,2.32
TRD30002945,ORD20003905,C100097,2026-09-17,12908.8,3.8726,3.2272,0.3834,0.0129,0.0,0.7684,0.0,8.26
TRD30002946,ORD20003905,C100097,2026-09-17,12901.45,3.8704,3.2254,0.3832,0.0129,0.0,0.768,0.0,8.26
TRD30002947,ORD20004495,C100058,2026-09-17,2680.9,0.8043,0.6702,0.0796,0.0027,0.0,0.1596,0.0,1.72
TRD30002948,ORD20004495,C100058,2026-09-17,4021.35,1.2064,1.0053,0.1194,0.004,0.0,0.2394,0.0,2.57
TRD30002949,ORD20004618,C100188,2026-09-17,10371.9,3.1116,0.0,0.308,0.0104,0.3112,0.6174,0.0,4.36
TRD30002950,ORD20004618,C100188,2026-09-17,8486.1,2.5458,0.0,0.252,0.0085,0.2546,0.5051,0.0,3.57
TRD30002951,ORD20002787,C100092,2026-09-17,5108.6,1.5326,0.0,0.1517,0.0051,0.1533,0.3041,0.0,2.15
TRD30002952,ORD20002787,C100092,2026-09-17,4378.8,1.3136,0.0,0.1301,0.0044,0.1314,0.2607,0.0,1.84
TRD30002953,ORD20000675,C100105,2026-09-17,2309.05,0.6927,0.0,0.0686,0.0023,0.0693,0.1374,0.0,0.97
TRD30002954,ORD20000675,C100105,2026-09-17,2309.05,0.6927,0.0,0.0686,0.0023,0.0693,0.1374,0.0,0.97
TRD30002955,ORD20000319,C100192,2026-09-17,2513.8,0.0,2.5138,0.0747,0.0025,0.0,0.0139,15.34,17.94
TRD30002956,ORD20000319,C100192,2026-09-17,2512.25,0.0,2.5122,0.0746,0.0025,0.0,0.0139,0.0,2.6
TRD30002957,ORD20004895,C100139,2026-09-17,2442.6,0.7328,0.6106,0.0725,0.0024,0.0,0.1454,0.0,1.56
TRD30002958,ORD20004895,C100139,2026-09-17,3663.9,1.0992,0.916,0.1088,0.0037,0.0,0.2181,0.0,2.35
TRD30002959,ORD20003351,C100018,2026-09-17,86059.45,20.0,0.0,2.556,0.0861,2.5818,4.0756,0.0,29.3
TRD30002960,ORD20003351,C100018,2026-09-17,62942.4,18.8827,0.0,1.8694,0.0629,1.8883,3.7467,0.0,26.45
TRD30002961,ORD20000648,C100049,2026-09-17,17842.0,5.3526,4.4605,0.5299,0.0178,0.0,1.0621,0.0,11.42
TRD30002962,ORD20000648,C100049,2026-09-17,892.1,0.2676,0.223,0.0265,0.0009,0.0,0.0531,0.0,0.57
TRD30002963,ORD20004186,C100030,2026-09-17,3897.4,0.0,3.8974,0.1158,0.0039,0.0,0.0215,15.34,19.38
TRD30002964,ORD20004186,C100030,2026-09-17,7794.8,0.0,7.7948,0.2315,0.0078,0.0,0.0431,0.0,8.08
TRD30002965,ORD20003234,C100136,2026-09-17,57297.6,0.0,57.2976,1.7017,0.0573,8.5946,0.3166,0.0,67.97
TRD30002966,ORD20004484,C100079,2026-09-17,70949.25,0.0,70.9493,2.1072,0.0709,10.6424,0.3921,0.0,84.16
TRD30002967,ORD20000476,C100023,2026-09-17,1633.3,0.49,1.6333,0.0485,0.0016,0.0,0.0972,15.34,17.61
TRD30002968,ORD20000476,C100023,2026-09-17,816.65,0.245,0.8166,0.0243,0.0008,0.0,0.0486,0.0,1.14
TRD30002969,ORD20000476,C100023,2026-09-17,4083.25,1.225,4.0833,0.1213,0.0041,0.0,0.2431,0.0,5.68
TRD30002970,ORD20002598,C100165,2026-09-17,25079.6,7.5239,0.0,0.7449,0.0251,0.7524,1.4929,0.0,10.54
TRD30002971,ORD20004917,C100003,2026-09-17,29694.6,0.0,29.6946,0.8819,0.0297,4.4542,0.1641,0.0,35.22
TRD30002972,ORD20004015,C100078,2026-09-17,12122.75,0.0,12.1228,0.36,0.0121,0.0,0.067,15.34,27.9
TRD30002973,ORD20003569,C100108,2026-09-17,28509.0,0.0,28.509,0.8467,0.0285,0.0,0.1575,15.34,44.88
TRD30002974,ORD20001040,C100001,2026-09-17,23189.5,6.9568,0.0,0.6887,0.0232,0.6957,1.3804,0.0,9.74
TRD30002975,ORD20001040,C100001,2026-09-17,11594.75,3.4784,0.0,0.3444,0.0116,0.3478,0.6902,0.0,4.87
TRD30002976,ORD20004063,C100032,2026-09-17,3343.5,1.003,0.0,0.0993,0.0033,0.1003,0.199,0.0,1.4
TRD30002977,ORD20000828,C100025,2026-09-17,1634.3,0.4903,0.0,0.0485,0.0016,0.049,0.0973,0.0,0.69
TRD30002978,ORD20000828,C100025,2026-09-17,1634.3,0.4903,0.0,0.0485,0.0016,0.049,0.0973,0.0,0.69
TRD30002979,ORD20001992,C100111,2026-09-17,7157.2,2.1472,0.0,0.2126,0.0072,0.2147,0.426,0.0,3.01
TRD30002980,ORD20001992,C100111,2026-09-17,3578.6,1.0736,0.0,0.1063,0.0036,0.1074,0.213,0.0,1.5
TRD30002981,ORD20001992,C100111,2026-09-17,8946.5,2.684,0.0,0.2657,0.0089,0.2684,0.5325,0.0,3.76
TRD30002982,ORD20003401,C100152,2026-09-17,97987.2,20.0,24.4968,2.9102,0.098,0.0,4.1415,0.0,51.65
TRD30002983,ORD20003401,C100152,2026-09-17,18358.2,5.5075,4.5896,0.5452,0.0184,0.0,1.0928,0.0,11.75
TRD30002984,ORD20003401,C100152,2026-09-17,30608.0,9.1824,7.652,0.9091,0.0306,0.0,1.822,0.0,19.6
TRD30002985,ORD20001411,C100109,2026-09-17,2893.75,0.8681,0.0,0.0859,0.0029,0.0868,0.1723,0.0,1.22
TRD30002986,ORD20001411,C100109,2026-09-17,23150.0,6.945,0.0,0.6876,0.0232,0.6945,1.378,0.0,9.73
TRD30002987,ORD20001411,C100109,2026-09-17,31831.25,9.5494,0.0,0.9454,0.0318,0.9549,1.8948,0.0,13.38
TRD30002988,ORD20003476,C100047,2026-09-17,12923.85,3.8772,0.0,0.3838,0.0129,0.3877,0.7693,0.0,5.43
TRD30002989,ORD20003476,C100047,2026-09-17,30304.2,9.0913,0.0,0.9,0.0303,0.9091,1.8039,0.0,12.73
TRD30002990,ORD20003476,C100047,2026-09-17,57488.85,17.2467,0.0,1.7074,0.0575,1.7247,3.4221,0.0,24.16
TRD30002991,ORD20004918,C100054,2026-09-17,11752.7,3.5258,2.9382,0.3491,0.0118,0.0,0.6996,0.0,7.52
TRD30002992,ORD20001258,C100185,2026-09-17,28810.4,8.6431,7.2026,0.8557,0.0288,0.0,1.715,0.0,18.45
TRD30002993,ORD20001258,C100185,2026-09-17,14405.2,4.3216,3.6013,0.4278,0.0144,0.0,0.8575,0.0,9.22
TRD30002994,ORD20001258,C100185,2026-09-17,32411.7,9.7235,8.1029,0.9626,0.0324,0.0,1.9293,0.0,20.75
TRD30002995,ORD20003055,C100007,2026-09-17,2935.5,0.0,2.9355,0.0872,0.0029,0.0,0.0162,15.34,18.38
TRD30002996,ORD20003857,C100191,2026-09-17,18253.0,5.4759,18.253,0.5421,0.0183,2.7379,1.0865,0.0,28.11
TRD30002997,ORD20003857,C100191,2026-09-17,23728.9,7.1187,23.7289,0.7047,0.0237,3.5593,1.4125,0.0,36.55
TRD30002998,ORD20003857,C100191,2026-09-17,14602.4,4.3807,14.6024,0.4337,0.0146,2.1904,0.8692,0.0,22.49
TRD30002999,ORD20000696,C100166,2026-09-17,9782.1,2.9346,2.4455,0.2905,0.0098,0.0,0.5823,0.0,6.26
TRD30003000,ORD20000696,C100166,2026-09-17,3260.7,0.9782,0.8152,0.0968,0.0033,0.0,0.1941,0.0,2.09
TRD30003001,ORD20000696,C100166,2026-09-17,14673.15,4.4019,3.6683,0.4358,0.0147,0.0,0.8734,0.0,9.39
TRD30003002,ORD20001989,C100173,2026-09-17,36103.2,10.831,0.0,1.0723,0.0361,1.0831,2.1491,0.0,15.17
TRD30003003,ORD20002272,C100032,2026-09-17,8277.0,2.4831,0.0,0.2458,0.0083,0.2483,0.4927,0.0,3.48
TRD30003004,ORD20004548,C100088,2026-09-17,24169.2,7.2508,0.0,0.7178,0.0242,0.7251,1.4387,0.0,10.16
TRD30003005,ORD20004548,C100088,2026-09-17,37347.3,11.2042,0.0,1.1092,0.0373,1.1204,2.2231,0.0,15.69
TRD30003006,ORD20004548,C100088,2026-09-17,41048.0,12.3144,0.0,1.2191,0.041,1.2314,2.4434,0.0,17.25
TRD30003007,ORD20003209,C100064,2026-09-17,57235.0,17.1705,0.0,1.6999,0.0572,1.717,3.407,0.0,24.05
TRD30003008,ORD20003209,C100064,2026-09-17,2289.4,0.6868,0.0,0.068,0.0023,0.0687,0.1363,0.0,0.96
TRD30003009,ORD20001765,C100179,2026-09-17,11380.75,3.4142,2.8452,0.338,0.0114,0.0,0.6775,0.0,7.29
TRD30003010,ORD20003421,C100129,2026-09-17,2972.25,0.0,2.9723,0.0883,0.003,0.0,0.0164,15.34,18.42
TRD30003011,ORD20003421,C100129,2026-09-17,11874.6,0.0,11.8746,0.3527,0.0119,0.0,0.0656,0.0,12.3
TRD30003012,ORD20003421,C100129,2026-09-17,14863.25,0.0,14.8632,0.4414,0.0149,0.0,0.0821,0.0,15.4
TRD30003013,ORD20002243,C100118,2026-09-17,2847.85,0.8544,0.712,0.0846,0.0028,0.0,0.1695,0.0,1.82
TRD30003014,ORD20002243,C100118,2026-09-17,14247.0,4.2741,3.5618,0.4231,0.0142,0.0,0.8481,0.0,9.12
TRD30003015,ORD20002243,C100118,2026-09-17,11392.8,3.4178,2.8482,0.3384,0.0114,0.0,0.6782,0.0,7.29
TRD30003016,ORD20003430,C100039,2026-09-17,2909.15,0.8727,0.0,0.0864,0.0029,0.0873,0.1732,0.0,1.22
TRD30003017,ORD20003430,C100039,2026-09-17,2909.15,0.8727,0.0,0.0864,0.0029,0.0873,0.1732,0.0,1.22
TRD30003018,ORD20003508,C100053,2026-09-17,43812.0,13.1436,0.0,1.3012,0.0438,1.3144,2.608,0.0,18.41
TRD30003019,ORD20003508,C100053,2026-09-17,23001.3,6.9004,0.0,0.6831,0.023,0.69,1.3692,0.0,9.67
TRD30003020,ORD20003508,C100053,2026-09-17,24096.6,7.229,0.0,0.7157,0.0241,0.7229,1.4344,0.0,10.13
TRD30003021,ORD20002604,C100052,2026-09-17,42205.0,12.6615,0.0,1.2535,0.0422,1.2662,2.5123,0.0,17.74
TRD30003022,ORD20002604,C100052,2026-09-17,57603.3,17.281,0.0,1.7108,0.0576,1.7281,3.4289,0.0,24.21
TRD30003023,ORD20002604,C100052,2026-09-17,366.4,0.1099,0.0,0.0109,0.0004,0.011,0.0218,0.0,0.15
TRD30003024,ORD20001871,C100043,2026-09-17,10854.0,0.0,10.854,0.3224,0.0109,0.0,0.06,15.34,26.59
TRD30003025,ORD20004939,C100027,2026-09-17,1601.15,0.4803,0.4003,0.0476,0.0016,0.0,0.0953,0.0,1.03
TRD30003026,ORD20004939,C100027,2026-09-17,1601.7,0.4805,0.4004,0.0476,0.0016,0.0,0.0953,0.0,1.03
TRD30003027,ORD20004939,C100027,2026-09-17,1602.85,0.4809,0.4007,0.0476,0.0016,0.0,0.0954,0.0,1.03
TRD30003028,ORD20004316,C100180,2026-09-17,2504.2,0.7513,0.626,0.0744,0.0025,0.0,0.1491,0.0,1.6
TRD30003029,ORD20003983,C100048,2026-09-17,16212.5,0.0,16.2125,0.4815,0.0162,0.0,0.0896,15.34,32.14
TRD30003030,ORD20003983,C100048,2026-09-17,3240.4,0.0,3.2404,0.0962,0.0032,0.0,0.0179,0.0,3.36
TRD30003031,ORD20000419,C100087,2026-09-17,2803.8,0.8411,0.701,0.0833,0.0028,0.0,0.1669,0.0,1.8
TRD30003032,ORD20000419,C100087,2026-09-17,934.6,0.2804,0.2337,0.0278,0.0009,0.0,0.0556,0.0,0.6
TRD30003033,ORD20000419,C100087,2026-09-17,2803.8,0.8411,0.701,0.0833,0.0028,0.0,0.1669,0.0,1.8
TRD30003034,ORD20003429,C100123,2026-09-17,8699.4,2.6098,0.0,0.2584,0.0087,0.261,0.5178,0.0,3.66
TRD30003035,ORD20003429,C100123,2026-09-17,11622.0,3.4866,0.0,0.3452,0.0116,0.3487,0.6918,0.0,4.88
TRD30003036,ORD20003291,C100109,2026-09-17,10857.7,3.2573,0.0,0.3225,0.0109,0.3257,0.6463,0.0,4.56
TRD30003037,ORD20003291,C100109,2026-09-17,3102.2,0.9307,0.0,0.0921,0.0031,0.0931,0.1847,0.0,1.3
TRD30003038,ORD20004501,C100161,2026-09-17,21375.0,0.0,21.375,0.6348,0.0214,0.0,0.1181,15.34,37.49
TRD30003039,ORD20001823,C100117,2026-09-17,2668.4,0.0,2.6684,0.0793,0.0027,0.0,0.0147,15.34,18.11
TRD30003040,ORD20001823,C100117,2026-09-17,2287.2,0.0,2.2872,0.0679,0.0023,0.0,0.0126,0.0,2.37
TRD30003041,ORD20001355,C100074,2026-09-17,115726.0,20.0,0.0,3.4371,0.1157,3.4718,4.2395,0.0,31.26
TRD30003042,ORD20002635,C100045,2026-09-17,8653.5,2.596,0.0,0.257,0.0087,0.2596,0.5151,0.0,3.64
TRD30003043,ORD20002635,C100045,2026-09-17,4807.5,1.4422,0.0,0.1428,0.0048,0.1442,0.2862,0.0,2.02
TRD30003044,ORD20002922,C100090,2026-09-17,125426.85,0.0,125.4268,3.7252,0.1254,0.0,0.6931,15.34,145.31
TRD30003045,ORD20002822,C100021,2026-09-17,14328.3,4.2985,3.5821,0.4256,0.0143,0.0,0.8529,0.0,9.17
TRD30003046,ORD20002822,C100021,2026-09-17,9552.2,2.8657,2.3881,0.2837,0.0096,0.0,0.5686,0.0,6.12
TRD30003047,ORD20002822,C100021,2026-09-17,35820.75,10.7462,8.9552,1.0639,0.0358,0.0,2.1323,0.0,22.93
TRD30003048,ORD20002917,C100199,2026-09-17,2431.95,0.0,2.432,0.0722,0.0024,0.0,0.0134,15.34,17.86
TRD30003049,ORD20003585,C100144,2026-09-17,9768.3,0.0,9.7683,0.2901,0.0098,1.4652,0.054,0.0,11.59
TRD30003050,ORD20003585,C100144,2026-09-17,1631.05,0.0,1.631,0.0484,0.0016,0.2447,0.009,0.0,1.93
TRD30003051,ORD20003585,C100144,2026-09-17,1628.95,0.0,1.629,0.0484,0.0016,0.2443,0.009,0.0,1.93
TRD30003052,ORD20000655,C100173,2026-09-17,65116.8,0.0,65.1168,1.934,0.0651,9.7675,0.3598,0.0,77.24
TRD30003053,ORD20002322,C100099,2026-09-17,2764.35,0.8293,0.0,0.0821,0.0028,0.0829,0.1646,0.0,1.16
TRD30003054,ORD20002322,C100099,2026-09-17,921.45,0.2764,0.0,0.0274,0.0009,0.0276,0.0549,0.0,0.39
TRD30003055,ORD20002322,C100099,2026-09-17,2764.35,0.8293,0.0,0.0821,0.0028,0.0829,0.1646,0.0,1.16
TRD30003056,ORD20004597,C100055,2026-09-17,1667.6,0.5003,0.0,0.0495,0.0017,0.05,0.0993,0.0,0.7
TRD30003057,ORD20004597,C100055,2026-09-17,1667.6,0.5003,0.0,0.0495,0.0017,0.05,0.0993,0.0,0.7
TRD30003058,ORD20004597,C100055,2026-09-17,1667.6,0.5003,0.0,0.0495,0.0017,0.05,0.0993,0.0,0.7
TRD30003059,ORD20004907,C100130,2026-09-17,86167.2,0.0,86.1672,2.5592,0.0862,12.9251,0.4762,0.0,102.21
TRD30003060,ORD20000905,C100181,2026-09-17,12132.95,3.6399,0.0,0.3603,0.0121,0.364,0.7222,0.0,5.1
TRD30003061,ORD20002283,C100067,2026-09-17,45035.7,0.0,45.0357,1.3376,0.045,0.0,0.2489,15.34,62.01
TRD30003062,ORD20004768,C100171,2026-09-17,27421.0,0.0,27.421,0.8144,0.0274,0.0,0.1515,15.34,43.75
TRD30003063,ORD20000682,C100124,2026-09-17,505.5,0.0,0.5055,0.015,0.0005,0.0,0.0028,15.34,15.86
TRD30003064,ORD20000682,C100124,2026-09-17,9857.25,0.0,9.8572,0.2928,0.0099,0.0,0.0545,0.0,10.21
TRD30003065,ORD20000682,C100124,2026-09-17,1769.25,0.0,1.7692,0.0525,0.0018,0.0,0.0098,0.0,1.83
TRD30003066,ORD20000034,C100115,2026-09-17,41610.1,12.483,0.0,1.2358,0.0416,1.2483,2.4769,0.0,17.49
TRD30003067,ORD20004490,C100022,2026-09-17,1366.2,0.0,1.3662,0.0406,0.0014,0.2049,0.0075,0.0,1.62
TRD30003068,ORD20004490,C100022,2026-09-17,6841.75,0.0,6.8418,0.2032,0.0068,1.0263,0.0378,0.0,8.12
TRD30003069,ORD20004490,C100022,2026-09-17,9571.8,0.0,9.5718,0.2843,0.0096,1.4358,0.0529,0.0,11.35
TRD30003070,ORD20000798,C100159,2026-09-17,8371.75,2.5115,2.0929,0.2486,0.0084,0.0,0.4983,0.0,5.36
TRD30003071,ORD20000798,C100159,2026-09-17,1674.35,0.5023,0.4186,0.0497,0.0017,0.0,0.0997,0.0,1.07
TRD30003072,ORD20003147,C100030,2026-09-17,31037.25,9.3112,7.7593,0.9218,0.031,0.0,1.8475,0.0,19.87
TRD30003073,ORD20003147,C100030,2026-09-17,3210.75,0.9632,0.8027,0.0954,0.0032,0.0,0.1911,0.0,2.06
TRD30003074,ORD20001437,C100189,2026-09-17,45297.7,0.0,45.2977,1.3453,0.0453,0.0,0.2503,15.34,62.28
TRD30003075,ORD20001437,C100189,2026-09-17,10282.3,0.0,10.2823,0.3054,0.0103,0.0,0.0568,0.0,10.65
TRD30003076,ORD20003757,C100054,2026-09-17,11902.4,0.0,11.9024,0.3535,0.0119,1.7854,0.0658,0.0,14.12
TRD30003077,ORD20003757,C100054,2026-09-17,23774.3,0.0,23.7743,0.7061,0.0238,3.5661,0.1314,0.0,28.2
TRD30003078,ORD20004301,C100171,2026-09-17,25821.4,7.7464,0.0,0.7669,0.0258,0.7746,1.537,0.0,10.85
TRD30003079,ORD20000001,C100096,2026-09-17,11321.3,3.3964,2.8303,0.3362,0.0113,0.0,0.6739,0.0,7.25
TRD30003080,ORD20000001,C100096,2026-09-17,11321.3,3.3964,2.8303,0.3362,0.0113,0.0,0.6739,0.0,7.25
TRD30003081,ORD20000001,C100096,2026-09-17,11321.3,3.3964,2.8303,0.3362,0.0113,0.0,0.6739,0.0,7.25
TRD30003082,ORD20004160,C100054,2026-09-17,4745.3,1.4236,1.1863,0.1409,0.0047,0.0,0.2825,0.0,3.04
TRD30003083,ORD20004160,C100054,2026-09-17,7117.95,2.1354,1.7795,0.2114,0.0071,0.0,0.4237,0.0,4.56
TRD30003084,ORD20001414,C100158,2026-09-17,12330.35,0.0,12.3304,0.3662,0.0123,0.0,0.0681,15.34,28.12
TRD30003085,ORD20001414,C100158,2026-09-17,61601.75,0.0,61.6018,1.8296,0.0616,0.0,0.3404,0.0,63.83
TRD30003086,ORD20001414,C100158,2026-09-17,36938.25,0.0,36.9383,1.0971,0.0369,0.0,0.2041,0.0,38.28
TRD30003087,ORD20000029,C100104,2026-09-17,1651.9,0.4956,0.0,0.0491,0.0017,0.0496,0.0983,0.0,0.69
TRD30003088,ORD20000029,C100104,2026-09-17,1651.9,0.4956,0.0,0.0491,0.0017,0.0496,0.0983,0.0,0.69
TRD30003089,ORD20000029,C100104,2026-09-17,1651.9,0.4956,0.0,0.0491,0.0017,0.0496,0.0983,0.0,0.69
TRD30003090,ORD20000641,C100156,2026-09-17,2349.45,0.0,2.3494,0.0698,0.0023,0.3524,0.013,0.0,2.79
TRD30003091,ORD20000641,C100156,2026-09-17,18795.6,0.0,18.7956,0.5582,0.0188,2.8193,0.1039,0.0,22.3
TRD30003092,ORD20000857,C100116,2026-09-17,2864.7,0.0,2.8647,0.0851,0.0029,0.0,0.0158,15.34,18.31
TRD30003093,ORD20001745,C100184,2026-09-17,4539.6,1.3619,0.0,0.1348,0.0045,0.1362,0.2702,0.0,1.91
TRD30003094,ORD20002927,C100048,2026-09-17,12936.8,3.881,0.0,0.3842,0.0129,0.3881,0.7701,0.0,5.44
TRD30003095,ORD20004042,C100172,2026-09-17,16164.4,4.8493,0.0,0.4801,0.0162,0.4849,0.9622,0.0,6.79
TRD30003096,ORD20004042,C100172,2026-09-17,43874.8,13.1624,0.0,1.3031,0.0439,1.3162,2.6117,0.0,18.44
TRD30003097,ORD20004042,C100172,2026-09-17,13855.2,4.1566,0.0,0.4115,0.0139,0.4157,0.8247,0.0,5.82
TRD30003098,ORD20002651,C100014,2026-09-17,3400.7,0.0,3.4007,0.101,0.0034,0.0,0.0188,15.34,18.86
TRD30003099,ORD20002651,C100014,2026-09-17,5101.05,0.0,5.101,0.1515,0.0051,0.0,0.0282,0.0,5.29
TRD30003100,ORD20002651,C100014,2026-09-17,54411.2,0.0,54.4112,1.616,0.0544,0.0,0.3007,0.0,56.38
TRD30003101,ORD20004019,C100023,2026-09-17,1111.8,0.3335,1.1118,0.033,0.0011,0.0,0.0662,15.34,16.89
TRD30003102,ORD20004019,C100023,2026-09-17,5543.25,1.663,5.5433,0.1646,0.0055,0.0,0.33,0.0,7.71
TRD30003103,ORD20004019,C100023,2026-09-17,4437.2,1.3312,4.4372,0.1318,0.0044,0.0,0.2641,0.0,6.17
TRD30003104,ORD20001804,C100132,2026-09-17,55598.5,0.0,55.5985,1.6513,0.0556,8.3398,0.3072,0.0,65.95
TRD30003105,ORD20001080,C100082,2026-09-17,4525.1,0.0,4.5251,0.1344,0.0045,0.6788,0.025,0.0,5.37
TRD30003106,ORD20001080,C100082,2026-09-17,6787.65,0.0,6.7876,0.2016,0.0068,1.0181,0.0375,0.0,8.05
TRD30003107,ORD20004505,C100008,2026-09-17,1729.3,0.0,1.7293,0.0514,0.0017,0.0,0.0096,15.34,17.13
TRD30003108,ORD20004505,C100008,2026-09-17,3458.6,0.0,3.4586,0.1027,0.0035,0.0,0.0191,0.0,3.58
TRD30003109,ORD20004109,C100014,2026-09-17,11568.9,0.0,11.5689,0.3436,0.0116,0.0,0.0639,15.34,27.33
TRD30003110,ORD20004109,C100014,2026-09-17,11568.9,0.0,11.5689,0.3436,0.0116,0.0,0.0639,0.0,11.99
TRD30003111,ORD20004109,C100014,2026-09-17,11568.9,0.0,11.5689,0.3436,0.0116,0.0,0.0639,0.0,11.99
TRD30003112,ORD20003062,C100086,2026-09-17,48834.75,14.6504,0.0,1.4504,0.0488,1.465,2.9069,0.0,20.52
TRD30003113,ORD20000643,C100042,2026-09-17,50603.7,0.0,50.6037,1.5029,0.0506,0.0,0.2796,15.34,67.78
TRD30003114,ORD20000643,C100042,2026-09-17,12048.5,0.0,12.0485,0.3578,0.012,0.0,0.0666,0.0,12.48
TRD30003115,ORD20003960,C100159,2026-09-17,12981.65,3.8945,0.0,0.3856,0.013,0.3894,0.7727,0.0,5.46
TRD30003116,ORD20000216,C100101,2026-09-17,74504.4,20.0,0.0,2.2128,0.0745,2.2351,4.0117,0.0,28.53
TRD30003117,ORD20000216,C100101,2026-09-17,20607.6,6.1823,0.0,0.612,0.0206,0.6182,1.2267,0.0,8.66
TRD30003118,ORD20004406,C100130,2026-09-17,3217.3,0.9652,0.8043,0.0956,0.0032,0.0,0.1915,0.0,2.06
TRD30003119,ORD20004406,C100130,2026-09-17,1609.95,0.483,0.4025,0.0478,0.0016,0.0,0.0958,0.0,1.03
TRD30003120,ORD20004406,C100130,2026-09-17,64366.0,19.3098,16.0915,1.9117,0.0644,0.0,3.8315,0.0,41.21
TRD30003121,ORD20002326,C100169,2026-09-17,65223.9,0.0,65.2239,1.9371,0.0652,9.7836,0.3604,0.0,77.37
TRD30003122,ORD20004407,C100094,2026-09-17,17693.25,0.0,17.6932,0.5255,0.0177,2.654,0.0978,0.0,20.99
TRD30003123,ORD20004407,C100094,2026-09-17,5902.75,0.0,5.9028,0.1753,0.0059,0.8854,0.0326,0.0,7.0
TRD30003124,ORD20004407,C100094,2026-09-17,33013.4,0.0,33.0134,0.9805,0.033,4.952,0.1824,0.0,39.16
TRD30003125,ORD20004296,C100058,2026-09-17,37898.9,11.3697,0.0,1.1256,0.0379,1.137,2.256,0.0,15.93
TRD30003126,ORD20004650,C100066,2026-09-17,3303.4,0.991,0.0,0.0981,0.0033,0.0991,0.1966,0.0,1.39
TRD30003127,ORD20004650,C100066,2026-09-17,1652.05,0.4956,0.0,0.0491,0.0017,0.0496,0.0983,0.0,0.69
TRD30003128,ORD20004906,C100023,2026-09-17,12107.8,3.6323,0.0,0.3596,0.0121,0.3632,0.7207,0.0,5.09
TRD30003129,ORD20004906,C100023,2026-09-17,24215.6,7.2647,0.0,0.7192,0.0242,0.7265,1.4415,0.0,10.18
TRD30003130,ORD20004906,C100023,2026-09-17,9080.85,2.7243,0.0,0.2697,0.0091,0.2724,0.5405,0.0,3.82
TRD30003131,ORD20001831,C100158,2026-09-17,1735.05,0.5205,0.4338,0.0515,0.0017,0.0,0.1033,0.0,1.11
TRD30003132,ORD20001831,C100158,2026-09-17,5202.3,1.5607,1.3006,0.1545,0.0052,0.0,0.3097,0.0,3.33
TRD30003133,ORD20001831,C100158,2026-09-17,5206.95,1.5621,1.3017,0.1546,0.0052,0.0,0.3099,0.0,3.33
TRD30003134,ORD20003193,C100048,2026-09-17,60877.5,18.2632,15.2194,1.8081,0.0609,0.0,3.6238,0.0,38.98
TRD30003135,ORD20003193,C100048,2026-09-17,12167.8,3.6503,3.042,0.3614,0.0122,0.0,0.7243,0.0,7.79
TRD30003136,ORD20004314,C100083,2026-09-17,37009.5,11.1028,9.2524,1.0992,0.037,0.0,2.203,0.0,23.69
TRD30003137,ORD20004314,C100083,2026-09-17,3362.7,1.0088,0.8407,0.0999,0.0034,0.0,0.2002,0.0,2.15
TRD30003138,ORD20002328,C100119,2026-09-17,6699.0,2.0097,1.6748,0.199,0.0067,0.0,0.3988,0.0,4.29
TRD30003139,ORD20004513,C100190,2026-09-17,31523.8,9.4571,0.0,0.9363,0.0315,0.9457,1.8765,0.0,13.25
TRD30003140,ORD20004513,C100190,2026-09-17,8597.4,2.5792,0.0,0.2553,0.0086,0.2579,0.5118,0.0,3.61
TRD30003141,ORD20001269,C100092,2026-09-17,12377.25,3.7132,0.0,0.3676,0.0124,0.3713,0.7368,0.0,5.2
TRD30003142,ORD20001465,C100077,2026-09-17,26758.05,8.0274,6.6895,0.7947,0.0268,0.0,1.5928,0.0,17.13
TRD30003143,ORD20001465,C100077,2026-09-17,4865.1,1.4595,1.2163,0.1445,0.0049,0.0,0.2896,0.0,3.11
TRD30003144,ORD20002902,C100044,2026-09-17,2596.4,0.7789,0.0,0.0771,0.0026,0.0779,0.1546,0.0,1.09
TRD30003145,ORD20001532,C100097,2026-09-17,11565.9,0.0,11.5659,0.3435,0.0116,0.0,0.0639,15.34,27.32
TRD30003146,ORD20000520,C100059,2026-09-17,61425.5,0.0,61.4255,1.8243,0.0614,0.0,0.3394,15.34,78.99
TRD30003147,ORD20001333,C100030,2026-09-17,5599.75,0.0,5.5998,0.1663,0.0056,0.0,0.0309,15.34,21.14
TRD30003148,ORD20000623,C100027,2026-09-17,93226.3,0.0,93.2263,2.7688,0.0932,0.0,0.5152,15.34,111.94
TRD30003149,ORD20000623,C100027,2026-09-17,35361.7,0.0,35.3617,1.0502,0.0354,0.0,0.1954,0.0,36.64
TRD30003150,ORD20000623,C100027,2026-09-17,12858.8,0.0,12.8588,0.3819,0.0129,0.0,0.0711,0.0,13.32
TRD30003151,ORD20003963,C100160,2026-09-17,119367.05,20.0,29.8418,3.5452,0.1194,0.0,4.2596,0.0,57.77
TRD30003152,ORD20004255,C100193,2026-09-17,4212.0,1.2636,1.053,0.1251,0.0042,0.0,0.2507,0.0,2.7
TRD30003153,ORD20003803,C100059,2026-09-17,7067.55,0.0,7.0676,0.2099,0.0071,1.0601,0.0391,0.0,8.38
TRD30003154,ORD20003803,C100059,2026-09-17,49472.85,0.0,49.4728,1.4693,0.0495,7.4209,0.2734,0.0,58.69
TRD30003155,ORD20003803,C100059,2026-09-17,4711.7,0.0,4.7117,0.1399,0.0047,0.7068,0.026,0.0,5.59
TRD30003156,ORD20004007,C100134,2026-09-17,10879.5,3.2638,2.7199,0.3231,0.0109,0.0,0.6476,0.0,6.97
TRD30003157,ORD20004007,C100134,2026-09-17,362.65,0.1088,0.0907,0.0108,0.0004,0.0,0.0216,0.0,0.23
TRD30003158,ORD20000814,C100024,2026-09-17,2872.05,0.0,2.8721,0.0853,0.0029,0.0,0.0159,15.34,18.32
TRD30003159,ORD20000814,C100024,2026-09-17,11488.2,0.0,11.4882,0.3412,0.0115,0.0,0.0635,0.0,11.9
TRD30003160,ORD20000814,C100024,2026-09-17,38294.0,0.0,38.294,1.1373,0.0383,0.0,0.2116,0.0,39.68
TRD30003161,ORD20001158,C100111,2026-09-17,2470.2,0.0,2.4702,0.0734,0.0025,0.3705,0.0137,0.0,2.93
TRD30003162,ORD20000352,C100160,2026-09-17,90779.5,0.0,90.7795,2.6962,0.0908,0.0,0.5016,15.34,109.41
TRD30003163,ORD20000352,C100160,2026-09-17,12267.5,0.0,12.2675,0.3643,0.0123,0.0,0.0678,0.0,12.71
TRD30003164,ORD20000577,C100095,2026-09-17,4695.35,0.0,4.6954,0.1395,0.0047,0.7043,0.0259,0.0,5.57
TRD30003165,ORD20004091,C100188,2026-09-17,1632.9,0.4899,0.4082,0.0485,0.0016,0.0,0.0972,0.0,1.05
TRD30003166,ORD20004091,C100188,2026-09-17,1630.85,0.4893,0.4077,0.0484,0.0016,0.0,0.0971,0.0,1.04
TRD30003167,ORD20004091,C100188,2026-09-17,1631.05,0.4893,0.4078,0.0484,0.0016,0.0,0.0971,0.0,1.04
TRD30003168,ORD20003555,C100054,2026-09-17,4585.6,0.0,4.5856,0.1362,0.0046,0.0,0.0253,15.34,20.09
TRD30003169,ORD20003555,C100054,2026-09-17,11464.0,0.0,11.464,0.3405,0.0115,0.0,0.0634,0.0,11.88
TRD30003170,ORD20003555,C100054,2026-09-17,13756.8,0.0,13.7568,0.4086,0.0138,0.0,0.076,0.0,14.26
TRD30003171,ORD20001772,C100118,2026-09-17,12553.7,3.7661,3.1384,0.3728,0.0126,0.0,0.7473,0.0,8.04
TRD30003172,ORD20004302,C100105,2026-09-17,11880.5,0.0,11.8805,0.3529,0.0119,0.0,0.0657,15.34,27.65
TRD30003173,ORD20003052,C100059,2026-09-17,15043.5,0.0,15.0435,0.4468,0.015,2.2565,0.0831,0.0,17.84
TRD30003174,ORD20003052,C100059,2026-09-17,20039.4,0.0,20.0394,0.5952,0.02,3.0059,0.1107,0.0,23.77
TRD30003175,ORD20002318,C100125,2026-09-17,3241.35,0.9724,0.0,0.0963,0.0032,0.0972,0.1929,0.0,1.36
TRD30003176,ORD20002318,C100125,2026-09-17,4681.95,1.4046,0.0,0.1391,0.0047,0.1405,0.2787,0.0,1.97
TRD30003177,ORD20002549,C100039,2026-09-17,12692.95,0.0,12.693,0.377,0.0127,0.0,0.0701,15.34,28.49
TRD30003178,ORD20004046,C100137,2026-09-17,1751.25,0.5254,1.7512,0.052,0.0018,0.0,0.1042,15.34,17.77
TRD30003179,ORD20004046,C100137,2026-09-17,6656.65,1.997,6.6566,0.1977,0.0067,0.0,0.3962,0.0,9.25
TRD30003180,ORD20000190,C100076,2026-09-17,11578.75,0.0,11.5788,0.3439,0.0116,1.7368,0.064,0.0,13.74
TRD30003181,ORD20001768,C100095,2026-09-17,10485.0,0.0,10.485,0.3114,0.0105,1.5727,0.0579,0.0,12.44
TRD30003182,ORD20002868,C100131,2026-09-17,17111.0,0.0,17.111,0.5082,0.0171,2.5666,0.0946,0.0,20.3
TRD30003183,ORD20002868,C100131,2026-09-17,3421.3,0.0,3.4213,0.1016,0.0034,0.5132,0.0189,0.0,4.06
TRD30003184,ORD20002868,C100131,2026-09-17,10260.3,0.0,10.2603,0.3047,0.0103,1.539,0.0567,0.0,12.17
TRD30003185,ORD20001391,C100004,2026-09-17,4892.1,0.0,4.8921,0.1453,0.0049,0.7338,0.027,0.0,5.8
TRD30003186,ORD20001391,C100004,2026-09-17,4892.1,0.0,4.8921,0.1453,0.0049,0.7338,0.027,0.0,5.8
TRD30003187,ORD20002590,C100123,2026-09-17,2862.4,0.8587,0.7156,0.085,0.0029,0.0,0.1704,0.0,1.83
TRD30003188,ORD20002590,C100123,2026-09-17,4293.6,1.2881,1.0734,0.1275,0.0043,0.0,0.2556,0.0,2.75
TRD30003189,ORD20002590,C100123,2026-09-17,7156.0,2.1468,1.789,0.2125,0.0072,0.0,0.426,0.0,4.58
TRD30003190,ORD20002599,C100151,2026-09-17,1795.0,0.0,1.795,0.0533,0.0018,0.0,0.0099,15.34,17.2
TRD30003191,ORD20002599,C100151,2026-09-17,2692.5,0.0,2.6925,0.08,0.0027,0.0,0.0149,0.0,2.79
TRD30003192,ORD20001167,C100009,2026-09-17,22003.15,6.6009,0.0,0.6535,0.022,0.6601,1.3098,0.0,9.25
TRD30003193,ORD20000351,C100191,2026-09-17,34313.4,10.294,34.3134,1.0191,0.0343,0.0,2.0425,15.34,63.04
TRD30003194,ORD20000351,C100191,2026-09-17,2859.45,0.8578,2.8594,0.0849,0.0029,0.0,0.1702,0.0,3.98
TRD30003195,ORD20003222,C100093,2026-09-17,32732.3,0.0,32.7323,0.9721,0.0327,0.0,0.1809,15.34,49.26
TRD30003196,ORD20003222,C100093,2026-09-17,10158.3,0.0,10.1583,0.3017,0.0102,0.0,0.0561,0.0,10.53
TRD30003197,ORD20003222,C100093,2026-09-17,100454.3,0.0,100.4543,2.9835,0.1005,0.0,0.5551,0.0,104.09
TRD30003198,ORD20001147,C100040,2026-09-17,4256.25,1.2769,1.0641,0.1264,0.0043,0.0,0.2534,0.0,2.73
TRD30003199,ORD20001286,C100095,2026-09-17,104395.5,20.0,0.0,3.1005,0.1044,3.1319,4.1769,0.0,30.51
TRD30003200,ORD20003562,C100158,2026-09-17,3165.05,0.9495,0.0,0.094,0.0032,0.095,0.1884,0.0,1.33
TRD30003201,ORD20001872,C100031,2026-09-17,29178.0,0.0,29.178,0.8666,0.0292,0.0,0.1612,15.34,45.58
TRD30003202,ORD20001872,C100031,2026-09-17,8753.4,0.0,8.7534,0.26,0.0088,0.0,0.0484,0.0,9.07
TRD30003203,ORD20001524,C100045,2026-09-17,2242.0,0.6726,0.5605,0.0666,0.0022,0.0,0.1335,0.0,1.44
TRD30003204,ORD20001524,C100045,2026-09-17,9859.3,2.9578,2.4648,0.2928,0.0099,0.0,0.5869,0.0,6.31
TRD30003205,ORD20000427,C100152,2026-09-17,26747.25,8.0242,6.6868,0.7944,0.0267,0.0,1.5922,0.0,17.12
TRD30003206,ORD20000427,C100152,2026-09-17,47018.85,14.1057,11.7547,1.3965,0.047,0.0,2.7988,0.0,30.1
TRD30003207,ORD20001170,C100096,2026-09-17,6839.6,2.0519,1.7099,0.2031,0.0068,0.0,0.4071,0.0,4.38
TRD30003208,ORD20001170,C100096,2026-09-17,1709.9,0.513,0.4275,0.0508,0.0017,0.0,0.1018,0.0,1.09
TRD30003209,ORD20001170,C100096,2026-09-17,5129.7,1.5389,1.2824,0.1524,0.0051,0.0,0.3054,0.0,3.28
TRD30003210,ORD20002396,C100063,2026-09-17,8667.45,2.6002,0.0,0.2574,0.0087,0.26,0.5159,0.0,3.64
TRD30003211,ORD20002396,C100063,2026-09-17,2889.15,0.8667,0.0,0.0858,0.0029,0.0867,0.172,0.0,1.21
TRD30003212,ORD20001719,C100187,2026-09-17,8777.6,0.0,8.7776,0.2607,0.0088,0.0,0.0485,15.34,24.44
TRD30003213,ORD20001719,C100187,2026-09-17,26366.4,0.0,26.3664,0.7831,0.0264,0.0,0.1457,0.0,27.32
TRD30003214,ORD20002171,C100138,2026-09-17,11897.0,3.5691,0.0,0.3533,0.0119,0.3569,0.7082,0.0,5.0
TRD30003215,ORD20000321,C100074,2026-09-17,4617.0,1.3851,1.1542,0.1371,0.0046,0.0,0.2748,0.0,2.96
TRD30003216,ORD20000984,C100085,2026-09-17,4952.1,0.0,4.9521,0.1471,0.005,0.0,0.0274,15.34,20.47
TRD30003217,ORD20000984,C100085,2026-09-17,1648.25,0.0,1.6482,0.049,0.0016,0.0,0.0091,0.0,1.71
TRD30003218,ORD20002495,C100080,2026-09-17,6051.0,1.8153,1.5128,0.1797,0.0061,0.0,0.3602,0.0,3.87
TRD30003219,ORD20003597,C100060,2026-09-17,98640.0,20.0,24.66,2.9296,0.0986,0.0,4.1451,0.0,51.83
TRD30003220,ORD20002841,C100020,2026-09-17,2877.1,0.0,2.8771,0.0854,0.0029,0.0,0.0159,15.34,18.32
TRD30003221,ORD20003754,C100014,2026-09-17,2464.2,0.7393,0.0,0.0732,0.0025,0.0739,0.1467,0.0,1.04
TRD30003222,ORD20001104,C100195,2026-09-17,11707.8,0.0,11.7078,0.3477,0.0117,1.7562,0.0647,0.0,13.89
TRD30003223,ORD20001909,C100145,2026-09-17,33230.4,0.0,33.2304,0.9869,0.0332,0.0,0.1836,15.34,49.77
TRD30003224,ORD20000976,C100111,2026-09-17,1351.95,0.0,1.352,0.0402,0.0014,0.0,0.0075,15.34,16.74
TRD30003225,ORD20000976,C100111,2026-09-17,7661.05,0.0,7.661,0.2275,0.0077,0.0,0.0423,0.0,7.94
TRD30003226,ORD20000691,C100101,2026-09-17,11358.1,0.0,11.3581,0.3373,0.0114,1.7037,0.0628,0.0,13.47
TRD30003227,ORD20004273,C100186,2026-09-17,18261.85,0.0,18.2618,0.5424,0.0183,2.7393,0.1009,0.0,21.66
TRD30003228,ORD20003468,C100131,2026-09-17,6524.8,0.0,6.5248,0.1938,0.0065,0.0,0.0361,15.34,22.1
TRD30003229,ORD20002050,C100165,2026-09-17,2805.3,0.8416,0.0,0.0833,0.0028,0.0842,0.167,0.0,1.18
TRD30003230,ORD20002214,C100151,2026-09-17,12245.85,0.0,12.2459,0.3637,0.0122,0.0,0.0677,15.34,28.03
TRD30003231,ORD20002994,C100122,2026-09-17,1126.15,0.3378,0.0,0.0334,0.0011,0.0338,0.067,0.0,0.47
TRD30003232,ORD20002994,C100122,2026-09-17,1126.15,0.3378,0.0,0.0334,0.0011,0.0338,0.067,0.0,0.47
TRD30003233,ORD20000711,C100159,2026-09-17,686.1,0.2058,0.1715,0.0204,0.0007,0.0,0.0408,0.0,0.44
TRD30003234,ORD20000711,C100159,2026-09-17,343.95,0.1032,0.086,0.0102,0.0003,0.0,0.0205,0.0,0.22
TRD30003235,ORD20000711,C100159,2026-09-17,2748.0,0.8244,0.687,0.0816,0.0027,0.0,0.1636,0.0,1.76
TRD30003236,ORD20000789,C100177,2026-09-17,12520.75,0.0,12.5208,0.3719,0.0125,1.8781,0.0692,0.0,14.85
TRD30003237,ORD20004514,C100047,2026-09-17,2182.2,0.0,2.1822,0.0648,0.0022,0.3273,0.0121,0.0,2.59
TRD30003238,ORD20004514,C100047,2026-09-17,1819.5,0.0,1.8195,0.054,0.0018,0.2729,0.0101,0.0,2.16
TRD30003239,ORD20002698,C100077,2026-09-17,3782.8,0.0,3.7828,0.1123,0.0038,0.0,0.0209,15.34,19.26
TRD30003240,ORD20002698,C100077,2026-09-17,945.7,0.0,0.9457,0.0281,0.0009,0.0,0.0052,0.0,0.98
TRD30003241,ORD20001151,C100144,2026-09-17,49389.9,14.817,0.0,1.4669,0.0494,1.4817,2.94,0.0,20.76
TRD30003242,ORD20001151,C100144,2026-09-17,29401.25,8.8204,0.0,0.8732,0.0294,0.882,1.7501,0.0,12.36
TRD30003243,ORD20001151,C100144,2026-09-17,3531.9,1.0596,0.0,0.1049,0.0035,0.106,0.2102,0.0,1.48
TRD30003244,ORD20004896,C100002,2026-09-17,77753.2,20.0,0.0,2.3093,0.0778,2.3326,4.0297,0.0,28.75
TRD30003245,ORD20004896,C100002,2026-09-17,44430.4,13.3291,0.0,1.3196,0.0444,1.3329,2.6448,0.0,18.67
TRD30003246,ORD20002804,C100172,2026-09-17,70501.6,20.0,70.5016,2.0939,0.0705,0.0,3.9896,15.34,112.0
TRD30003247,ORD20002321,C100190,2026-09-17,24427.2,7.3282,0.0,0.7255,0.0244,0.7328,1.4541,0.0,10.26
TRD30003248,ORD20002321,C100190,2026-09-17,40130.4,12.0391,0.0,1.1919,0.0401,1.2039,2.3888,0.0,16.86
TRD30003249,ORD20002321,C100190,2026-09-17,6979.2,2.0938,0.0,0.2073,0.007,0.2094,0.4154,0.0,2.93
TRD30003250,ORD20001539,C100106,2026-09-17,735.9,0.0,0.7359,0.0219,0.0007,0.1104,0.0041,0.0,0.87
TRD30003251,ORD20001539,C100106,2026-09-17,9566.7,0.0,9.5667,0.2841,0.0096,1.435,0.0529,0.0,11.35
TRD30003252,ORD20004132,C100175,2026-09-17,37412.7,0.0,37.4127,1.1112,0.0374,0.0,0.2067,15.34,54.11
TRD30003253,ORD20004132,C100175,2026-09-17,31656.9,0.0,31.6569,0.9402,0.0317,0.0,0.1749,0.0,32.8
TRD30003254,ORD20001693,C100052,2026-09-17,44341.6,13.3025,0.0,1.3169,0.0443,1.3302,2.6395,0.0,18.63
TRD30003255,ORD20001392,C100195,2026-09-17,11822.4,3.5467,0.0,0.3511,0.0118,0.3547,0.7037,0.0,4.97
TRD30003256,ORD20001392,C100195,2026-09-17,3326.85,0.9981,0.0,0.0988,0.0033,0.0998,0.198,0.0,1.4
TRD30003257,ORD20001392,C100195,2026-09-17,17354.75,5.2064,0.0,0.5154,0.0174,0.5206,1.0331,0.0,7.29
TRD30003258,ORD20003197,C100197,2026-09-18,86747.9,0.0,86.7479,2.5764,0.0867,0.0,0.4794,15.34,105.23
TRD30003259,ORD20000085,C100191,2026-09-18,14751.25,4.4254,14.7512,0.4381,0.0148,2.2127,0.8781,0.0,22.72
TRD30003260,ORD20000085,C100191,2026-09-18,8864.55,2.6594,8.8646,0.2633,0.0089,1.3297,0.5277,0.0,13.65
TRD30003261,ORD20003766,C100157,2026-09-18,8317.05,2.4951,2.0793,0.247,0.0083,0.0,0.4951,0.0,5.32
TRD30003262,ORD20003766,C100157,2026-09-18,17820.0,5.346,4.455,0.5293,0.0178,0.0,1.0608,0.0,11.41
TRD30003263,ORD20002538,C100184,2026-09-18,3136.95,0.0,3.1369,0.0932,0.0031,0.0,0.0173,15.34,18.59
TRD30003264,ORD20002538,C100184,2026-09-18,27535.45,0.0,27.5354,0.8178,0.0275,0.0,0.1522,0.0,28.53
TRD30003265,ORD20002538,C100184,2026-09-18,3834.05,0.0,3.8341,0.1139,0.0038,0.0,0.0212,0.0,3.97
TRD30003266,ORD20001854,C100166,2026-09-18,5670.8,1.7012,1.4177,0.1684,0.0057,0.0,0.3376,0.0,3.63
TRD30003267,ORD20000379,C100025,2026-09-18,67096.75,20.0,0.0,1.9928,0.0671,2.0129,3.9708,0.0,28.04
TRD30003268,ORD20001956,C100168,2026-09-18,11986.95,3.5961,0.0,0.356,0.012,0.3596,0.7135,0.0,5.04
TRD30003269,ORD20001956,C100168,2026-09-18,23973.9,7.1922,0.0,0.712,0.024,0.7192,1.4271,0.0,10.07
TRD30003270,ORD20001956,C100168,2026-09-18,11986.95,3.5961,0.0,0.356,0.012,0.3596,0.7135,0.0,5.04
TRD30003271,ORD20002963,C100191,2026-09-18,20454.7,6.1364,20.4547,0.6075,0.0205,0.0,1.2176,15.34,43.78
TRD30003272,ORD20002963,C100191,2026-09-18,5846.0,1.7538,5.846,0.1736,0.0058,0.0,0.348,0.0,8.13
TRD30003273,ORD20002963,C100191,2026-09-18,8763.15,2.6289,8.7632,0.2603,0.0088,0.0,0.5216,0.0,12.18
TRD30003274,ORD20004081,C100184,2026-09-18,107439.8,0.0,107.4398,3.191,0.1074,16.116,0.5937,0.0,127.45
TRD30003275,ORD20004081,C100184,2026-09-18,24260.6,0.0,24.2606,0.7205,0.0243,3.6391,0.1341,0.0,28.78
TRD30003276,ORD20002300,C100038,2026-09-18,21966.0,0.0,21.966,0.6524,0.022,3.2949,0.1214,0.0,26.06
TRD30003277,ORD20002300,C100038,2026-09-18,8791.8,0.0,8.7918,0.2611,0.0088,1.3188,0.0486,0.0,10.43
TRD30003278,ORD20000848,C100012,2026-09-18,102547.2,0.0,102.5472,3.0457,0.1025,0.0,0.5667,15.34,121.6
TRD30003279,ORD20000848,C100012,2026-09-18,13276.2,0.0,13.2762,0.3943,0.0133,0.0,0.0734,0.0,13.76
TRD30003280,ORD20003053,C100186,2026-09-18,44012.25,0.0,44.0122,1.3072,0.044,0.0,0.2432,15.34,60.95
TRD30003281,ORD20002184,C100184,2026-09-18,1697.85,0.0,1.6978,0.0504,0.0017,0.0,0.0094,15.34,17.1
TRD30003282,ORD20002184,C100184,2026-09-18,1697.85,0.0,1.6978,0.0504,0.0017,0.0,0.0094,0.0,1.76
TRD30003283,ORD20001533,C100068,2026-09-18,87705.8,20.0,0.0,2.6049,0.0877,2.6312,4.0847,0.0,29.41
TRD30003284,ORD20003354,C100087,2026-09-18,64334.45,0.0,64.3344,1.9107,0.0643,0.0,0.3555,15.34,82.0
TRD30003285,ORD20003354,C100087,2026-09-18,71815.2,0.0,71.8152,2.1329,0.0718,0.0,0.3969,0.0,74.42
TRD30003286,ORD20002444,C100135,2026-09-18,20938.5,0.0,20.9385,0.6219,0.0209,3.1408,0.1157,0.0,24.84
TRD30003287,ORD20002759,C100161,2026-09-18,1442.0,0.4326,0.0,0.0428,0.0014,0.0433,0.0858,0.0,0.61
TRD30003288,ORD20002759,C100161,2026-09-18,2884.0,0.8652,0.0,0.0857,0.0029,0.0865,0.1717,0.0,1.21
TRD30003289,ORD20002759,C100161,2026-09-18,1442.0,0.4326,0.0,0.0428,0.0014,0.0433,0.0858,0.0,0.61
TRD30003290,ORD20002509,C100017,2026-09-18,19245.45,5.7736,0.0,0.5716,0.0192,0.5774,1.1456,0.0,8.09
TRD30003291,ORD20002509,C100017,2026-09-18,6415.15,1.9245,0.0,0.1905,0.0064,0.1925,0.3819,0.0,2.7
TRD30003292,ORD20002509,C100017,2026-09-18,3665.8,1.0997,0.0,0.1089,0.0037,0.11,0.2182,0.0,1.54
TRD30003293,ORD20000248,C100032,2026-09-18,6743.5,0.0,6.7435,0.2003,0.0067,1.0115,0.0373,0.0,8.0
TRD30003294,ORD20004966,C100073,2026-09-18,9540.5,2.8621,2.3851,0.2834,0.0095,0.0,0.5679,0.0,6.11
TRD30003295,ORD20001098,C100020,2026-09-18,787.7,0.0,0.7877,0.0234,0.0008,0.0,0.0044,15.34,16.16
TRD30003296,ORD20001098,C100020,2026-09-18,1575.4,0.0,1.5754,0.0468,0.0016,0.0,0.0087,0.0,1.63
TRD30003297,ORD20001098,C100020,2026-09-18,787.7,0.0,0.7877,0.0234,0.0008,0.0,0.0044,0.0,0.82
TRD30003298,ORD20003114,C100112,2026-09-18,17239.25,5.1718,0.0,0.512,0.0172,0.5172,1.0262,0.0,7.24
TRD30003299,ORD20004172,C100138,2026-09-18,12004.4,3.6013,0.0,0.3565,0.012,0.3601,0.7146,0.0,5.04
TRD30003300,ORD20000113,C100113,2026-09-18,11574.85,0.0,11.5749,0.3438,0.0116,0.0,0.064,15.34,27.33
TRD30003301,ORD20000894,C100176,2026-09-18,2290.5,0.0,2.2905,0.068,0.0023,0.0,0.0127,15.34,17.71
TRD30003302,ORD20000894,C100176,2026-09-18,5726.25,0.0,5.7262,0.1701,0.0057,0.0,0.0316,0.0,5.93
TRD30003303,ORD20000894,C100176,2026-09-18,2290.5,0.0,2.2905,0.068,0.0023,0.0,0.0127,0.0,2.37
TRD30003304,ORD20003551,C100134,2026-09-18,3180.0,0.954,0.0,0.0944,0.0032,0.0954,0.1893,0.0,1.34
TRD30003305,ORD20000766,C100094,2026-09-18,6661.5,1.9984,1.6654,0.1978,0.0067,0.0,0.3965,0.0,4.26
TRD30003306,ORD20001915,C100145,2026-09-18,4082.4,1.2247,0.0,0.1212,0.0041,0.1225,0.243,0.0,1.72
TRD30003307,ORD20001915,C100145,2026-09-18,20425.5,6.1276,0.0,0.6066,0.0204,0.6128,1.2158,0.0,8.58
TRD30003308,ORD20003177,C100118,2026-09-18,7072.0,2.1216,0.0,0.21,0.0071,0.2122,0.421,0.0,2.97
TRD30003309,ORD20003177,C100118,2026-09-18,33592.0,10.0776,0.0,0.9977,0.0336,1.0078,1.9996,0.0,14.12
TRD30003310,ORD20001220,C100174,2026-09-18,35500.5,10.6501,8.8751,1.0544,0.0355,0.0,2.1132,0.0,22.73
TRD30003311,ORD20001220,C100174,2026-09-18,54427.2,16.3282,13.6068,1.6165,0.0544,0.0,3.2398,0.0,34.85
TRD30003312,ORD20003817,C100194,2026-09-18,34761.0,0.0,34.761,1.0324,0.0348,5.2141,0.1921,0.0,41.23
TRD30003313,ORD20001393,C100120,2026-09-18,23846.8,0.0,23.8468,0.7082,0.0238,0.0,0.1318,15.34,40.05
TRD30003314,ORD20002910,C100170,2026-09-18,22654.8,0.0,22.6548,0.6728,0.0227,3.3982,0.1252,0.0,26.87
TRD30003315,ORD20002354,C100198,2026-09-18,25995.6,7.7987,6.4989,0.7721,0.026,0.0,1.5474,0.0,16.64
TRD30003316,ORD20004819,C100102,2026-09-18,15112.2,0.0,15.1122,0.4488,0.0151,2.2668,0.0835,0.0,17.93
TRD30003317,ORD20004819,C100102,2026-09-18,57930.1,0.0,57.9301,1.7205,0.0579,8.6895,0.3201,0.0,68.72
TRD30003318,ORD20004588,C100113,2026-09-18,12041.4,0.0,12.0414,0.3576,0.012,0.0,0.0665,15.34,27.82
TRD30003319,ORD20004588,C100113,2026-09-18,30122.0,0.0,30.122,0.8946,0.0301,0.0,0.1665,0.0,31.21
TRD30003320,ORD20004588,C100113,2026-09-18,36108.6,0.0,36.1086,1.0724,0.0361,0.0,0.1995,0.0,37.42
TRD30003321,ORD20002982,C100040,2026-09-18,63015.75,18.9047,0.0,1.8716,0.063,1.8905,3.7511,0.0,26.48
TRD30003322,ORD20003531,C100129,2026-09-18,118272.0,20.0,0.0,3.5127,0.1183,3.5482,4.2536,0.0,31.43
TRD30003323,ORD20001777,C100067,2026-09-18,74476.8,20.0,0.0,2.212,0.0745,2.2343,4.0116,0.0,28.53
TRD30003325,ORD20002093,C100149,2026-09-18,21616.8,6.485,21.6168,0.642,0.0216,3.2425,1.2868,0.0,33.29
TRD30003324,ORD20001777,C100067,2026-09-18,39530.1,11.859,0.0,1.174,0.0395,1.1859,2.3531,0.0,16.61
TRD30003326,ORD20002417,C100108,2026-09-18,24002.5,7.2008,6.0006,0.7129,0.024,0.0,1.4288,0.0,15.37
TRD30003327,ORD20002417,C100108,2026-09-18,2400.25,0.7201,0.6001,0.0713,0.0024,0.0,0.1429,0.0,1.54
TRD30003328,ORD20003248,C100067,2026-09-18,12116.25,0.0,12.1163,0.3599,0.0121,1.8174,0.067,0.0,14.37
TRD30003329,ORD20003248,C100067,2026-09-18,448.75,0.0,0.4488,0.0133,0.0004,0.0673,0.0025,0.0,0.53
TRD30003330,ORD20003248,C100067,2026-09-18,24681.25,0.0,24.6813,0.733,0.0247,3.7022,0.1364,0.0,29.28
TRD30003331,ORD20004730,C100048,2026-09-18,34597.8,0.0,34.5978,1.0276,0.0346,5.1897,0.1912,0.0,41.04
TRD30003332,ORD20004836,C100030,2026-09-18,2784.25,0.8353,0.6961,0.0827,0.0028,0.0,0.1657,0.0,1.78
TRD30003333,ORD20004759,C100102,2026-09-18,79819.2,0.0,79.8192,2.3706,0.0798,11.9729,0.4411,0.0,94.68
TRD30003334,ORD20004789,C100051,2026-09-18,3214.4,0.0,3.2144,0.0955,0.0032,0.0,0.0178,15.34,18.67
TRD30003335,ORD20004789,C100051,2026-09-18,26174.4,0.0,26.1744,0.7774,0.0262,0.0,0.1446,0.0,27.12
TRD30003336,ORD20000960,C100191,2026-09-18,1155.05,0.3465,1.155,0.0343,0.0012,0.1733,0.0688,0.0,1.78
TRD30003337,ORD20000960,C100191,2026-09-18,2310.1,0.693,2.3101,0.0686,0.0023,0.3465,0.1375,0.0,3.56
TRD30003338,ORD20000960,C100191,2026-09-18,2310.1,0.693,2.3101,0.0686,0.0023,0.3465,0.1375,0.0,3.56
TRD30003339,ORD20004126,C100163,2026-09-18,1377.6,0.4133,0.0,0.0409,0.0014,0.0413,0.082,0.0,0.58
TRD30003340,ORD20004126,C100163,2026-09-18,1377.6,0.4133,0.0,0.0409,0.0014,0.0413,0.082,0.0,0.58
TRD30003341,ORD20003622,C100161,2026-09-18,41687.8,12.5063,10.422,1.2381,0.0417,0.0,2.4815,0.0,26.69
TRD30003342,ORD20003622,C100161,2026-09-18,34099.65,10.2299,8.5249,1.0128,0.0341,0.0,2.0298,0.0,21.83
TRD30003343,ORD20003622,C100161,2026-09-18,22732.8,6.8198,5.6832,0.6752,0.0227,0.0,1.3532,0.0,14.55
TRD30003344,ORD20000193,C100187,2026-09-18,3238.2,0.0,3.2382,0.0962,0.0032,0.0,0.0179,15.34,18.7
TRD30003345,ORD20000193,C100187,2026-09-18,3239.5,0.0,3.2395,0.0962,0.0032,0.0,0.0179,0.0,3.36
TRD30003346,ORD20001914,C100191,2026-09-18,4748.7,1.4246,4.7487,0.141,0.0047,0.7123,0.2827,0.0,7.31
TRD30003347,ORD20001914,C100191,2026-09-18,6331.4,1.8994,6.3314,0.188,0.0063,0.9497,0.3769,0.0,9.75
TRD30003348,ORD20003568,C100055,2026-09-18,71679.4,20.0,17.9198,2.1289,0.0717,0.0,3.9961,0.0,44.12
TRD30003349,ORD20004644,C100078,2026-09-18,13267.1,3.9801,3.3168,0.394,0.0133,0.0,0.7897,0.0,8.49
TRD30003350,ORD20004644,C100078,2026-09-18,16110.05,4.833,4.0275,0.4785,0.0161,0.0,0.959,0.0,10.31
TRD30003351,ORD20003418,C100097,2026-09-18,25948.35,7.7845,6.4871,0.7707,0.0259,0.0,1.5446,0.0,16.61
TRD30003352,ORD20003238,C100131,2026-09-18,17931.6,0.0,17.9316,0.5326,0.0179,0.0,0.0991,15.34,33.92
TRD30003353,ORD20003238,C100131,2026-09-18,20920.2,0.0,20.9202,0.6213,0.0209,0.0,0.1156,0.0,21.68
TRD30003354,ORD20003238,C100131,2026-09-18,11954.4,0.0,11.9544,0.355,0.012,0.0,0.0661,0.0,12.39
TRD30003355,ORD20001496,C100130,2026-09-18,5767.5,1.7302,1.4419,0.1713,0.0058,0.0,0.3433,0.0,3.69
TRD30003356,ORD20002673,C100149,2026-09-18,54359.25,16.3078,13.5898,1.6145,0.0544,0.0,3.2358,0.0,34.8
TRD30003357,ORD20004672,C100059,2026-09-18,7791.5,2.3374,0.0,0.2314,0.0078,0.2337,0.4638,0.0,3.27
TRD30003358,ORD20004672,C100059,2026-09-18,12466.4,3.7399,0.0,0.3703,0.0125,0.374,0.7421,0.0,5.24
TRD30003359,ORD20004672,C100059,2026-09-18,1558.3,0.4675,0.0,0.0463,0.0016,0.0467,0.0928,0.0,0.65
TRD30003360,ORD20001106,C100022,2026-09-18,91933.2,20.0,22.9833,2.7304,0.0919,0.0,4.108,0.0,49.91
TRD30003361,ORD20000003,C100112,2026-09-18,6381.2,1.9144,0.0,0.1895,0.0064,0.1914,0.3798,0.0,2.68
TRD30003362,ORD20000003,C100112,2026-09-18,3190.6,0.9572,0.0,0.0948,0.0032,0.0957,0.1899,0.0,1.34
TRD30003363,ORD20000003,C100112,2026-09-18,8660.2,2.5981,0.0,0.2572,0.0087,0.2598,0.5155,0.0,3.64
TRD30003364,ORD20003981,C100005,2026-09-18,2484.7,0.0,2.4847,0.0738,0.0025,0.0,0.0137,15.34,17.91
TRD30003365,ORD20003981,C100005,2026-09-18,2482.25,0.0,2.4822,0.0737,0.0025,0.0,0.0137,0.0,2.57
TRD30003366,ORD20000747,C100154,2026-09-18,32881.4,9.8644,0.0,0.9766,0.0329,0.9864,1.9573,0.0,13.82
TRD30003367,ORD20000747,C100154,2026-09-18,30947.2,9.2842,0.0,0.9191,0.0309,0.9284,1.8422,0.0,13.0
TRD30003368,ORD20002665,C100116,2026-09-18,12406.35,0.0,12.4064,0.3685,0.0124,1.861,0.0686,0.0,14.72
TRD30003369,ORD20002665,C100116,2026-09-18,24812.7,0.0,24.8127,0.7369,0.0248,3.7219,0.1371,0.0,29.43
TRD30003371,ORD20004929,C100133,2026-09-18,3906.6,1.172,0.0,0.116,0.0039,0.1172,0.2325,0.0,1.64
TRD30003370,ORD20000887,C100168,2026-09-18,10968.3,0.0,10.9683,0.3258,0.011,1.6452,0.0606,0.0,13.01
TRD30003372,ORD20002185,C100139,2026-09-18,5855.0,1.7565,1.4638,0.1739,0.0059,0.0,0.3485,0.0,3.75
TRD30003373,ORD20004500,C100045,2026-09-18,5284.5,0.0,5.2845,0.1569,0.0053,0.7927,0.0292,0.0,6.27
TRD30003374,ORD20004500,C100045,2026-09-18,2113.8,0.0,2.1138,0.0628,0.0021,0.3171,0.0117,0.0,2.51
TRD30003375,ORD20004500,C100045,2026-09-18,4227.6,0.0,4.2276,0.1256,0.0042,0.6341,0.0234,0.0,5.01
TRD30003376,ORD20000305,C100085,2026-09-18,2553.95,0.0,2.554,0.0759,0.0026,0.0,0.0141,15.34,17.99
TRD30003377,ORD20000305,C100085,2026-09-18,2918.8,0.0,2.9188,0.0867,0.0029,0.0,0.0161,0.0,3.02
TRD30003378,ORD20001325,C100023,2026-09-18,2152.8,0.6458,0.5382,0.0639,0.0022,0.0,0.1281,0.0,1.38
TRD30003379,ORD20001325,C100023,2026-09-18,11840.4,3.5521,2.9601,0.3517,0.0118,0.0,0.7048,0.0,7.58
TRD30003380,ORD20003451,C100036,2026-09-18,11410.0,3.423,0.0,0.3389,0.0114,0.3423,0.6792,0.0,4.79
TRD30003381,ORD20001686,C100111,2026-09-18,3934.2,1.1803,0.0,0.1168,0.0039,0.118,0.2342,0.0,1.65
TRD30003382,ORD20004693,C100123,2026-09-18,2390.2,0.0,2.3902,0.071,0.0024,0.3585,0.0132,0.0,2.84
TRD30003383,ORD20004693,C100123,2026-09-18,2390.2,0.0,2.3902,0.071,0.0024,0.3585,0.0132,0.0,2.84
TRD30003384,ORD20001663,C100030,2026-09-18,7220.4,0.0,7.2204,0.2144,0.0072,0.0,0.0399,15.34,22.82
TRD30003385,ORD20001663,C100030,2026-09-18,10829.25,0.0,10.8292,0.3216,0.0108,0.0,0.0598,0.0,11.22
TRD30003386,ORD20004219,C100111,2026-09-18,2506.7,0.752,0.0,0.0744,0.0025,0.0752,0.1492,0.0,1.05
TRD30003387,ORD20004219,C100111,2026-09-18,2506.7,0.752,0.0,0.0744,0.0025,0.0752,0.1492,0.0,1.05
TRD30003388,ORD20000030,C100101,2026-09-18,2687.5,0.0,2.6875,0.0798,0.0027,0.0,0.0149,15.34,18.12
TRD30003389,ORD20000030,C100101,2026-09-18,2687.1,0.0,2.6871,0.0798,0.0027,0.0,0.0148,0.0,2.78
TRD30003390,ORD20001526,C100030,2026-09-18,3000.9,0.0,3.0009,0.0891,0.003,0.4501,0.0166,0.0,3.56
TRD30003391,ORD20000629,C100044,2026-09-18,36576.75,0.0,36.5768,1.0863,0.0366,5.4865,0.2021,0.0,43.39
TRD30003392,ORD20000629,C100044,2026-09-18,17069.15,0.0,17.0692,0.507,0.0171,2.5604,0.0943,0.0,20.25
TRD30003393,ORD20000629,C100044,2026-09-18,19507.6,0.0,19.5076,0.5794,0.0195,2.9261,0.1078,0.0,23.14
TRD30003394,ORD20000574,C100112,2026-09-18,2814.0,0.8442,0.7035,0.0836,0.0028,0.0,0.1675,0.0,1.8
TRD30003395,ORD20000574,C100112,2026-09-18,17358.55,5.2076,4.3396,0.5155,0.0174,0.0,1.0333,0.0,11.11
TRD30003396,ORD20000574,C100112,2026-09-18,70380.0,20.0,17.595,2.0903,0.0704,0.0,3.9889,0.0,43.74
TRD30003397,ORD20001614,C100007,2026-09-18,21242.0,0.0,21.242,0.6309,0.0212,0.0,0.1174,15.34,37.35
TRD30003398,ORD20001733,C100031,2026-09-18,5739.8,1.7219,0.0,0.1705,0.0057,0.1722,0.3417,0.0,2.41
TRD30003399,ORD20000701,C100049,2026-09-18,140161.4,20.0,35.0403,4.1628,0.1402,0.0,4.3745,0.0,63.72
TRD30003400,ORD20004154,C100012,2026-09-18,9311.75,2.7935,2.3279,0.2766,0.0093,0.0,0.5543,0.0,5.96
TRD30003401,ORD20004154,C100012,2026-09-18,18607.4,5.5822,4.6519,0.5526,0.0186,0.0,1.1076,0.0,11.91
TRD30003402,ORD20001448,C100146,2026-09-18,4856.2,0.0,4.8562,0.1442,0.0049,0.0,0.0268,15.34,20.37
TRD30003403,ORD20001448,C100146,2026-09-18,16996.7,0.0,16.9967,0.5048,0.017,0.0,0.0939,0.0,17.61
TRD30003404,ORD20002461,C100150,2026-09-18,1659.15,0.0,1.6592,0.0493,0.0017,0.2489,0.0092,0.0,1.97
TRD30003405,ORD20002461,C100150,2026-09-18,6636.6,0.0,6.6366,0.1971,0.0066,0.9955,0.0367,0.0,7.87
TRD30003406,ORD20001562,C100054,2026-09-18,69924.0,20.0,17.481,2.0767,0.0699,0.0,3.9864,0.0,43.61
TRD30003407,ORD20001295,C100030,2026-09-18,2153.3,0.646,0.0,0.064,0.0022,0.0646,0.1282,0.0,0.9
TRD30003408,ORD20001295,C100030,2026-09-18,5383.25,1.615,0.0,0.1599,0.0054,0.1615,0.3204,0.0,2.26
TRD30003409,ORD20001295,C100030,2026-09-18,5383.25,1.615,0.0,0.1599,0.0054,0.1615,0.3204,0.0,2.26
TRD30003410,ORD20004416,C100091,2026-09-18,1324.5,0.0,1.3245,0.0393,0.0013,0.1987,0.0073,0.0,1.57
TRD30003411,ORD20004416,C100091,2026-09-18,9008.3,0.0,9.0083,0.2675,0.009,1.3512,0.0498,0.0,10.69
TRD30003412,ORD20003707,C100077,2026-09-18,43260.75,12.9782,0.0,1.2848,0.0433,1.2978,2.5751,0.0,18.18
TRD30003413,ORD20003707,C100077,2026-09-18,46144.8,13.8434,0.0,1.3705,0.0461,1.3843,2.7468,0.0,19.39
TRD30003414,ORD20003707,C100077,2026-09-18,11536.2,3.4609,0.0,0.3426,0.0115,0.3461,0.6867,0.0,4.85
TRD30003415,ORD20000709,C100037,2026-09-18,32832.8,9.8498,0.0,0.9751,0.0328,0.985,1.9544,0.0,13.8
TRD30003416,ORD20004084,C100103,2026-09-18,33961.4,10.1884,0.0,1.0087,0.034,1.0188,2.0216,0.0,14.27
TRD30003417,ORD20004084,C100103,2026-09-18,81792.25,20.0,0.0,2.4292,0.0818,2.4538,4.052,0.0,29.02
TRD30003418,ORD20002875,C100027,2026-09-18,8251.0,2.4753,0.0,0.2451,0.0083,0.2475,0.4911,0.0,3.47
TRD30003419,ORD20002875,C100027,2026-09-18,1653.4,0.496,0.0,0.0491,0.0017,0.0496,0.0984,0.0,0.69
TRD30003420,ORD20002875,C100027,2026-09-18,4126.25,1.2379,0.0,0.1225,0.0041,0.1238,0.2456,0.0,1.73
TRD30003421,ORD20004990,C100197,2026-09-18,53254.1,15.9762,13.3135,1.5816,0.0533,0.0,3.17,0.0,34.09
TRD30003422,ORD20004990,C100197,2026-09-18,5757.6,1.7273,1.4394,0.171,0.0058,0.0,0.3427,0.0,3.69
TRD30003423,ORD20002102,C100112,2026-09-18,6675.3,2.0026,6.6753,0.1983,0.0067,1.0013,0.3974,0.0,10.28
TRD30003424,ORD20001590,C100006,2026-09-18,12182.95,0.0,12.183,0.3618,0.0122,0.0,0.0673,15.34,27.96
TRD30003425,ORD20002012,C100015,2026-09-18,12487.2,0.0,12.4872,0.3709,0.0125,0.0,0.069,15.34,28.28
TRD30003426,ORD20002012,C100015,2026-09-18,11352.0,0.0,11.352,0.3372,0.0114,0.0,0.0627,0.0,11.76
TRD30003427,ORD20001629,C100019,2026-09-18,2284.0,0.6852,2.284,0.0678,0.0023,0.3426,0.136,0.0,3.52
TRD30003428,ORD20001629,C100019,2026-09-18,18272.0,5.4816,18.272,0.5427,0.0183,2.7408,1.0877,0.0,28.14
TRD30003429,ORD20000298,C100160,2026-09-18,11722.2,0.0,11.7222,0.3481,0.0117,1.7583,0.0648,0.0,13.91
TRD30003430,ORD20000298,C100160,2026-09-18,6698.4,0.0,6.6984,0.1989,0.0067,1.0048,0.037,0.0,7.95
TRD30003431,ORD20000298,C100160,2026-09-18,6698.4,0.0,6.6984,0.1989,0.0067,1.0048,0.037,0.0,7.95
TRD30003432,ORD20002790,C100011,2026-09-18,5472.3,0.0,5.4723,0.1625,0.0055,0.8208,0.0302,0.0,6.49
TRD30003433,ORD20002790,C100011,2026-09-18,20977.15,0.0,20.9772,0.623,0.021,3.1466,0.1159,0.0,24.88
TRD30003434,ORD20002790,C100011,2026-09-18,10032.55,0.0,10.0325,0.298,0.01,1.5049,0.0554,0.0,11.9
TRD30003435,ORD20000585,C100196,2026-09-18,8154.3,0.0,8.1543,0.2422,0.0082,1.2231,0.0451,0.0,9.67
TRD30003436,ORD20000543,C100075,2026-09-18,15996.15,0.0,15.9962,0.4751,0.016,0.0,0.0884,15.34,31.92
TRD30003437,ORD20000543,C100075,2026-09-18,47983.35,0.0,47.9834,1.4251,0.048,0.0,0.2652,0.0,49.72
TRD30003438,ORD20000543,C100075,2026-09-18,2814.9,0.0,2.8149,0.0836,0.0028,0.0,0.0156,0.0,2.92
TRD30003439,ORD20003322,C100056,2026-09-18,969.55,0.2909,0.2424,0.0288,0.001,0.0,0.0577,0.0,0.62
TRD30003440,ORD20003322,C100056,2026-09-18,11610.6,3.4832,2.9026,0.3448,0.0116,0.0,0.6911,0.0,7.43
TRD30003441,ORD20002435,C100006,2026-09-18,22972.1,6.8916,5.743,0.6823,0.023,0.0,1.3674,0.0,14.71
TRD30003442,ORD20003359,C100148,2026-09-18,4925.6,0.0,4.9256,0.1463,0.0049,0.7388,0.0272,0.0,5.84
TRD30003443,ORD20003359,C100148,2026-09-18,4925.6,0.0,4.9256,0.1463,0.0049,0.7388,0.0272,0.0,5.84
TRD30003444,ORD20003359,C100148,2026-09-18,4925.6,0.0,4.9256,0.1463,0.0049,0.7388,0.0272,0.0,5.84
TRD30003445,ORD20000158,C100152,2026-09-18,11858.55,3.5576,2.9646,0.3522,0.0119,0.0,0.7059,0.0,7.59
TRD30003446,ORD20000128,C100039,2026-09-18,3909.0,1.1727,0.9772,0.1161,0.0039,0.0,0.2327,0.0,2.5
TRD30003447,ORD20001851,C100101,2026-09-18,4494.9,0.0,4.4949,0.1335,0.0045,0.0,0.0248,15.34,20.0
TRD30003448,ORD20001960,C100005,2026-09-18,106636.1,0.0,106.6361,3.1671,0.1066,15.9954,0.5893,0.0,126.49
TRD30003449,ORD20002533,C100133,2026-09-18,1604.4,0.0,1.6044,0.0477,0.0016,0.0,0.0089,15.34,17.0
TRD30003450,ORD20002533,C100133,2026-09-18,1604.4,0.0,1.6044,0.0477,0.0016,0.0,0.0089,0.0,1.66
TRD30003451,ORD20001824,C100053,2026-09-18,125580.0,0.0,125.58,3.7297,0.1256,0.0,0.694,15.34,145.47
TRD30003452,ORD20002048,C100152,2026-09-18,3748.7,1.1246,0.0,0.1113,0.0037,0.1125,0.2231,0.0,1.58
TRD30003453,ORD20000621,C100050,2026-09-18,3946.25,1.1839,0.0,0.1172,0.0039,0.1184,0.2349,0.0,1.66
TRD30003454,ORD20001929,C100104,2026-09-18,971.75,0.2915,0.0,0.0289,0.001,0.0292,0.0578,0.0,0.41
TRD30003455,ORD20001929,C100104,2026-09-18,1943.5,0.583,0.0,0.0577,0.0019,0.0583,0.1157,0.0,0.82
TRD30003456,ORD20001929,C100104,2026-09-18,13604.5,4.0813,0.0,0.4041,0.0136,0.4081,0.8098,0.0,5.72
TRD30003457,ORD20004455,C100061,2026-09-18,9261.2,2.7784,0.0,0.2751,0.0093,0.2778,0.5513,0.0,3.89
TRD30003458,ORD20004455,C100061,2026-09-18,16207.1,4.8621,0.0,0.4814,0.0162,0.4862,0.9647,0.0,6.81
TRD30003459,ORD20001182,C100104,2026-09-18,12053.0,0.0,12.053,0.358,0.0121,0.0,0.0666,15.34,27.83
TRD30003460,ORD20003959,C100086,2026-09-18,14157.25,0.0,14.1572,0.4205,0.0142,0.0,0.0782,15.34,30.01
TRD30003461,ORD20003959,C100086,2026-09-18,14157.25,0.0,14.1572,0.4205,0.0142,0.0,0.0782,0.0,14.67
TRD30003462,ORD20003959,C100086,2026-09-18,16988.7,0.0,16.9887,0.5046,0.017,0.0,0.0939,0.0,17.6
TRD30003463,ORD20000915,C100124,2026-09-18,65697.0,19.7091,16.4242,1.9512,0.0657,0.0,3.9107,0.0,42.06
TRD30003464,ORD20002644,C100036,2026-09-18,2263.2,0.0,2.2632,0.0672,0.0023,0.0,0.0125,15.34,17.69
TRD30003465,ORD20002644,C100036,2026-09-18,2263.2,0.0,2.2632,0.0672,0.0023,0.0,0.0125,0.0,2.35
TRD30003466,ORD20000284,C100143,2026-09-18,123960.2,20.0,0.0,3.6816,0.124,3.7188,4.285,0.0,31.81
TRD30003467,ORD20002436,C100163,2026-09-18,30269.3,9.0808,7.5673,0.899,0.0303,0.0,1.8018,0.0,19.38
TRD30003468,ORD20002436,C100163,2026-09-18,1943.9,0.5832,0.486,0.0577,0.0019,0.0,0.1157,0.0,1.24
TRD30003469,ORD20002436,C100163,2026-09-18,14995.8,4.4987,3.749,0.4454,0.015,0.0,0.8926,0.0,9.6
TRD30003470,ORD20002485,C100000,2026-09-18,5308.5,0.0,5.3085,0.1577,0.0053,0.0,0.0293,15.34,20.84
TRD30003471,ORD20002485,C100000,2026-09-18,14156.0,0.0,14.156,0.4204,0.0142,0.0,0.0782,0.0,14.67
TRD30003472,ORD20002485,C100000,2026-09-18,8847.5,0.0,8.8475,0.2628,0.0088,0.0,0.0489,0.0,9.17
TRD30003473,ORD20001865,C100173,2026-09-18,801.05,0.2403,0.2003,0.0238,0.0008,0.0,0.0477,0.0,0.51
TRD30003474,ORD20001865,C100173,2026-09-18,800.4,0.2401,0.2001,0.0238,0.0008,0.0,0.0476,0.0,0.51
TRD30003475,ORD20001865,C100173,2026-09-18,2403.6,0.7211,0.6009,0.0714,0.0024,0.0,0.1431,0.0,1.54
TRD30003476,ORD20004998,C100172,2026-09-18,13183.6,3.9551,13.1836,0.3916,0.0132,0.0,0.7848,15.34,33.67
TRD30003479,ORD20002847,C100188,2026-09-18,451.25,0.1354,0.1128,0.0134,0.0005,0.0,0.0269,0.0,0.29
TRD30003477,ORD20004659,C100122,2026-09-18,30668.55,9.2006,7.6671,0.9109,0.0307,0.0,1.8256,0.0,19.63
TRD30003480,ORD20002847,C100188,2026-09-18,1805.0,0.5415,0.4512,0.0536,0.0018,0.0,0.1074,0.0,1.16
TRD30003478,ORD20004659,C100122,2026-09-18,33456.6,10.037,8.3642,0.9937,0.0335,0.0,1.9915,0.0,21.42
TRD30003481,ORD20002847,C100188,2026-09-18,2256.25,0.6769,0.5641,0.067,0.0023,0.0,0.1343,0.0,1.44
TRD30003482,ORD20003796,C100131,2026-09-18,17225.5,5.1676,4.3064,0.5116,0.0172,0.0,1.0254,0.0,11.03
TRD30003483,ORD20003680,C100163,2026-09-18,51922.5,0.0,51.9225,1.5421,0.0519,0.0,0.2869,15.34,69.14
TRD30003484,ORD20003544,C100000,2026-09-18,3315.8,0.9947,0.829,0.0985,0.0033,0.0,0.1974,0.0,2.12
TRD30003485,ORD20003544,C100000,2026-09-18,11623.85,3.4872,2.906,0.3452,0.0116,0.0,0.6919,0.0,7.44
TRD30003486,ORD20000291,C100093,2026-09-18,3932.1,1.1796,0.983,0.1168,0.0039,0.0,0.2341,0.0,2.52
TRD30003487,ORD20002683,C100116,2026-09-18,79560.0,0.0,79.56,2.3629,0.0796,11.934,0.4396,0.0,94.38
TRD30003488,ORD20002683,C100116,2026-09-18,14980.8,0.0,14.9808,0.4449,0.015,2.2471,0.0828,0.0,17.77
TRD30003489,ORD20001434,C100041,2026-09-18,13870.0,4.161,0.0,0.4119,0.0139,0.4161,0.8256,0.0,5.83
TRD30003490,ORD20000523,C100162,2026-09-18,2760.7,0.0,2.7607,0.082,0.0028,0.0,0.0153,15.34,18.2
TRD30003491,ORD20000523,C100162,2026-09-18,8272.8,0.0,8.2728,0.2457,0.0083,0.0,0.0457,0.0,8.57
TRD30003492,ORD20004694,C100070,2026-09-18,1377.45,0.4132,0.0,0.0409,0.0014,0.0413,0.082,0.0,0.58
TRD30003493,ORD20004694,C100070,2026-09-18,1377.4,0.4132,0.0,0.0409,0.0014,0.0413,0.082,0.0,0.58
TRD30003494,ORD20001982,C100061,2026-09-18,5049.8,1.5149,0.0,0.15,0.005,0.1515,0.3006,0.0,2.12
TRD30003495,ORD20002271,C100038,2026-09-18,13485.5,0.0,13.4855,0.4005,0.0135,0.0,0.0745,15.34,29.31
TRD30003496,ORD20002271,C100038,2026-09-18,3853.0,0.0,3.853,0.1144,0.0039,0.0,0.0213,0.0,3.99
TRD30003497,ORD20001573,C100017,2026-09-18,57181.75,0.0,57.1818,1.6983,0.0572,8.5773,0.316,0.0,67.83
TRD30003498,ORD20001573,C100017,2026-09-18,70239.0,0.0,70.239,2.0861,0.0702,10.5358,0.3881,0.0,83.32
TRD30003499,ORD20002475,C100185,2026-09-18,49317.2,14.7952,12.3293,1.4647,0.0493,0.0,2.9357,0.0,31.57
TRD30003500,ORD20002475,C100185,2026-09-18,18762.0,5.6286,4.6905,0.5572,0.0188,0.0,1.1168,0.0,12.01
TRD30003501,ORD20000260,C100164,2026-09-18,35008.0,0.0,35.008,1.0397,0.035,0.0,0.1935,15.34,51.62
TRD30003502,ORD20000260,C100164,2026-09-18,17504.0,0.0,17.504,0.5199,0.0175,0.0,0.0967,0.0,18.14
TRD30003503,ORD20003279,C100055,2026-09-18,89376.0,0.0,89.376,2.6545,0.0894,13.4064,0.4939,0.0,106.02
TRD30003504,ORD20002762,C100133,2026-09-18,8230.5,2.4692,2.0576,0.2444,0.0082,0.0,0.4899,0.0,5.27
TRD30003505,ORD20002762,C100133,2026-09-18,10899.85,3.27,2.725,0.3237,0.0109,0.0,0.6488,0.0,6.98
TRD30003506,ORD20003425,C100122,2026-09-18,11699.25,3.5098,0.0,0.3475,0.0117,0.351,0.6964,0.0,4.92
TRD30003507,ORD20004767,C100159,2026-09-18,52905.6,0.0,52.9056,1.5713,0.0529,0.0,0.2924,15.34,70.16
TRD30003508,ORD20004201,C100008,2026-09-18,8611.0,0.0,8.611,0.2557,0.0086,1.2916,0.0476,0.0,10.21
TRD30003509,ORD20004201,C100008,2026-09-18,430.55,0.0,0.4306,0.0128,0.0004,0.0646,0.0024,0.0,0.51
TRD30003510,ORD20004201,C100008,2026-09-18,19374.75,0.0,19.3748,0.5754,0.0194,2.9062,0.1071,0.0,22.98
TRD30003511,ORD20001707,C100163,2026-09-18,53034.3,0.0,53.0343,1.5751,0.053,0.0,0.2931,15.34,70.3
TRD30003512,ORD20001408,C100073,2026-09-18,24271.35,7.2814,6.0678,0.7209,0.0243,0.0,1.4448,0.0,15.54
TRD30003513,ORD20002110,C100079,2026-09-18,21825.0,0.0,21.825,0.6482,0.0218,0.0,0.1206,15.34,37.96
TRD30003514,ORD20003462,C100107,2026-09-18,133843.5,0.0,133.8435,3.9752,0.1338,0.0,0.7396,15.34,154.03
TRD30003515,ORD20002261,C100144,2026-09-18,35758.2,10.7275,0.0,1.062,0.0358,1.0727,2.1285,0.0,15.03
TRD30003516,ORD20002261,C100144,2026-09-18,17879.1,5.3637,0.0,0.531,0.0179,0.5364,1.0643,0.0,7.51
TRD30003517,ORD20002261,C100144,2026-09-18,14899.25,4.4698,0.0,0.4425,0.0149,0.447,0.8869,0.0,6.26
TRD30003518,ORD20004902,C100165,2026-09-18,45524.7,13.6574,0.0,1.3521,0.0455,1.3657,2.7099,0.0,19.13
TRD30003519,ORD20004902,C100165,2026-09-18,82618.9,20.0,0.0,2.4538,0.0826,2.4786,4.0566,0.0,29.07
TRD30003520,ORD20004996,C100071,2026-09-18,59352.2,17.8057,0.0,1.7628,0.0594,1.7806,3.533,0.0,24.94
TRD30003521,ORD20004996,C100071,2026-09-18,1561.85,0.4686,0.0,0.0464,0.0016,0.0469,0.093,0.0,0.66
TRD30003522,ORD20004996,C100071,2026-09-18,7807.5,2.3422,0.0,0.2319,0.0078,0.2342,0.4647,0.0,3.28
TRD30003523,ORD20003865,C100140,2026-09-18,34928.0,10.4784,0.0,1.0374,0.0349,1.0478,2.0791,0.0,14.68
TRD30003524,ORD20003865,C100140,2026-09-18,50209.0,15.0627,0.0,1.4912,0.0502,1.5063,2.9887,0.0,21.1
TRD30003525,ORD20001183,C100162,2026-09-18,12737.1,3.8211,3.1843,0.3783,0.0127,0.0,0.7582,0.0,8.15
TRD30003526,ORD20000615,C100160,2026-09-18,10785.6,0.0,10.7856,0.3203,0.0108,1.6178,0.0596,0.0,12.79
TRD30003527,ORD20000615,C100160,2026-09-18,5392.8,0.0,5.3928,0.1602,0.0054,0.8089,0.0298,0.0,6.4
TRD30003528,ORD20000615,C100160,2026-09-18,19773.6,0.0,19.7736,0.5873,0.0198,2.966,0.1093,0.0,23.46
TRD30003529,ORD20000666,C100031,2026-09-18,112270.5,20.0,28.0676,3.3344,0.1123,0.0,4.2204,0.0,55.73
TRD30003530,ORD20000666,C100031,2026-09-18,7686.0,2.3058,1.9215,0.2283,0.0077,0.0,0.4575,0.0,4.92
TRD30003531,ORD20002728,C100101,2026-09-18,4191.0,1.2573,1.0478,0.1245,0.0042,0.0,0.2495,0.0,2.68
TRD30003532,ORD20002707,C100033,2026-09-18,7298.4,2.1895,0.0,0.2168,0.0073,0.219,0.4344,0.0,3.07
TRD30003533,ORD20002707,C100033,2026-09-18,14596.8,4.379,0.0,0.4335,0.0146,0.4379,0.8689,0.0,6.13
TRD30003534,ORD20002707,C100033,2026-09-18,7298.4,2.1895,0.0,0.2168,0.0073,0.219,0.4344,0.0,3.07
TRD30003535,ORD20001657,C100083,2026-09-18,2514.8,0.7544,0.0,0.0747,0.0025,0.0754,0.1497,0.0,1.06
TRD30003536,ORD20001657,C100083,2026-09-18,22633.2,6.79,0.0,0.6722,0.0226,0.679,1.3473,0.0,9.51
TRD30003537,ORD20003475,C100053,2026-09-18,23790.9,0.0,23.7909,0.7066,0.0238,3.5686,0.1315,0.0,28.22
TRD30003538,ORD20003475,C100053,2026-09-18,47581.8,0.0,47.5818,1.4132,0.0476,7.1373,0.2629,0.0,56.44
TRD30003539,ORD20002344,C100140,2026-09-18,12339.85,0.0,12.3398,0.3665,0.0123,0.0,0.0682,15.34,28.13
TRD30003540,ORD20002120,C100138,2026-09-18,3670.4,1.1011,0.9176,0.109,0.0037,0.0,0.2185,0.0,2.35
TRD30003541,ORD20002120,C100138,2026-09-18,1835.8,0.5507,0.459,0.0545,0.0018,0.0,0.1093,0.0,1.18
TRD30003542,ORD20002510,C100074,2026-09-18,2841.8,0.0,2.8418,0.0844,0.0028,0.4263,0.0157,0.0,3.37
TRD30003543,ORD20002510,C100074,2026-09-18,2839.4,0.0,2.8394,0.0843,0.0028,0.4259,0.0157,0.0,3.37
TRD30003544,ORD20002269,C100028,2026-09-18,1531.0,0.4593,0.3828,0.0455,0.0015,0.0,0.0911,0.0,0.98
TRD30003545,ORD20003372,C100000,2026-09-18,2840.4,0.8521,0.0,0.0844,0.0028,0.0852,0.1691,0.0,1.19
TRD30003546,ORD20003372,C100000,2026-09-18,11361.6,3.4085,0.0,0.3374,0.0114,0.3408,0.6763,0.0,4.77
TRD30003547,ORD20003372,C100000,2026-09-18,17042.4,5.1127,0.0,0.5062,0.017,0.5113,1.0145,0.0,7.16
TRD30003548,ORD20003424,C100121,2026-09-18,6926.1,0.0,6.9261,0.2057,0.0069,1.0389,0.0383,0.0,8.22
TRD30003549,ORD20003424,C100121,2026-09-18,2310.2,0.0,2.3102,0.0686,0.0023,0.3465,0.0128,0.0,2.74
TRD30003550,ORD20004319,C100114,2026-09-18,1801.35,0.5404,0.4503,0.0535,0.0018,0.0,0.1072,0.0,1.15
TRD30003551,ORD20004319,C100114,2026-09-18,1801.35,0.5404,0.4503,0.0535,0.0018,0.0,0.1072,0.0,1.15
TRD30003552,ORD20004319,C100114,2026-09-18,1801.35,0.5404,0.4503,0.0535,0.0018,0.0,0.1072,0.0,1.15
TRD30003553,ORD20004786,C100145,2026-09-18,6313.2,1.894,0.0,0.1875,0.0063,0.1894,0.3758,0.0,2.65
TRD30003554,ORD20004786,C100145,2026-09-18,7901.0,2.3703,0.0,0.2347,0.0079,0.237,0.4703,0.0,3.32
TRD30003555,ORD20004786,C100145,2026-09-18,12636.0,3.7908,0.0,0.3753,0.0126,0.3791,0.7522,0.0,5.31
TRD30003557,ORD20002060,C100139,2026-09-18,4212.0,1.2636,1.053,0.1251,0.0042,0.0,0.2507,0.0,2.7
TRD30003556,ORD20004312,C100068,2026-09-18,12455.2,0.0,12.4552,0.3699,0.0125,1.8683,0.0688,0.0,14.77
TRD30003558,ORD20002060,C100139,2026-09-18,18252.0,5.4756,4.563,0.5421,0.0183,0.0,1.0865,0.0,11.69
TRD30003559,ORD20002060,C100139,2026-09-18,12636.0,3.7908,3.159,0.3753,0.0126,0.0,0.7522,0.0,8.09
TRD30003560,ORD20002505,C100059,2026-09-18,7139.6,0.0,7.1396,0.212,0.0071,0.0,0.0395,15.34,22.74
TRD30003561,ORD20002505,C100059,2026-09-18,23572.6,0.0,23.5726,0.7001,0.0236,0.0,0.1303,0.0,24.43
TRD30003562,ORD20001129,C100088,2026-09-18,1364.45,0.0,1.3645,0.0405,0.0014,0.0,0.0075,15.34,16.75
TRD30003563,ORD20001129,C100088,2026-09-18,2728.9,0.0,2.7289,0.081,0.0027,0.0,0.0151,0.0,2.83
TRD30003564,ORD20001129,C100088,2026-09-18,2728.9,0.0,2.7289,0.081,0.0027,0.0,0.0151,0.0,2.83
TRD30003565,ORD20003510,C100064,2026-09-18,70197.3,20.0,17.5493,2.0849,0.0702,0.0,3.9879,0.0,43.69
TRD30003566,ORD20000474,C100133,2026-09-18,6369.3,1.9108,1.5923,0.1892,0.0064,0.0,0.3791,0.0,4.08
TRD30003567,ORD20000139,C100195,2026-09-18,32223.35,9.667,0.0,0.957,0.0322,0.9667,1.9181,0.0,13.54
TRD30003568,ORD20000139,C100195,2026-09-18,4084.65,1.2254,0.0,0.1213,0.0041,0.1225,0.2431,0.0,1.72
TRD30003569,ORD20001222,C100143,2026-09-18,33607.0,10.0821,0.0,0.9981,0.0336,1.0082,2.0005,0.0,14.12
TRD30003570,ORD20002925,C100023,2026-09-18,33457.5,10.0372,8.3644,0.9937,0.0335,0.0,1.9916,0.0,21.42
TRD30003571,ORD20002925,C100023,2026-09-18,4014.9,1.2045,1.0037,0.1192,0.004,0.0,0.239,0.0,2.57
TRD30003572,ORD20002478,C100057,2026-09-18,85154.4,20.0,85.1544,2.5291,0.0852,0.0,4.0706,15.34,127.18
TRD30003573,ORD20002478,C100057,2026-09-18,18910.8,5.6732,18.9108,0.5617,0.0189,0.0,1.1257,0.0,26.29
TRD30003574,ORD20001807,C100039,2026-09-18,27827.3,8.3482,0.0,0.8265,0.0278,0.8348,1.6564,0.0,11.69
TRD30003575,ORD20001807,C100039,2026-09-18,24553.5,7.366,0.0,0.7292,0.0246,0.7366,1.4616,0.0,10.32
TRD30003576,ORD20002026,C100057,2026-09-18,1320.1,0.396,0.0,0.0392,0.0013,0.0396,0.0786,0.0,0.55
TRD30003577,ORD20003138,C100174,2026-09-18,3822.35,1.1467,0.9556,0.1135,0.0038,0.0,0.2275,0.0,2.45
TRD30003578,ORD20003138,C100174,2026-09-18,3820.15,1.146,0.955,0.1135,0.0038,0.0,0.2274,0.0,2.45
TRD30003579,ORD20003138,C100174,2026-09-18,3822.35,1.1467,0.9556,0.1135,0.0038,0.0,0.2275,0.0,2.45
TRD30003580,ORD20004093,C100087,2026-09-18,2455.55,0.7367,0.0,0.0729,0.0025,0.0737,0.1462,0.0,1.03
TRD30003581,ORD20004093,C100087,2026-09-18,19644.4,5.8933,0.0,0.5834,0.0196,0.5893,1.1694,0.0,8.25
TRD30003582,ORD20004138,C100199,2026-09-18,4644.3,0.0,4.6443,0.1379,0.0046,0.0,0.0257,15.34,20.15
TRD30003583,ORD20002722,C100146,2026-09-18,35190.45,0.0,35.1904,1.0452,0.0352,0.0,0.1945,15.34,51.81
TRD30003584,ORD20002722,C100146,2026-09-18,3475.6,0.0,3.4756,0.1032,0.0035,0.0,0.0192,0.0,3.6
TRD30003585,ORD20000596,C100017,2026-09-18,39843.2,11.953,0.0,1.1833,0.0398,1.1953,2.3717,0.0,16.74
TRD30003586,ORD20000596,C100017,2026-09-18,4980.4,1.4941,0.0,0.1479,0.005,0.1494,0.2965,0.0,2.09
TRD30003587,ORD20000596,C100017,2026-09-18,32372.6,9.7118,0.0,0.9615,0.0324,0.9712,1.927,0.0,13.6
TRD30003588,ORD20001785,C100149,2026-09-18,2919.3,0.8758,2.9193,0.0867,0.0029,0.0,0.1738,15.34,19.4
TRD30003589,ORD20001260,C100026,2026-09-18,27800.55,8.3402,6.9501,0.8257,0.0278,0.0,1.6549,0.0,17.8
TRD30003590,ORD20001276,C100189,2026-09-18,5918.5,1.7755,0.0,0.1758,0.0059,0.1776,0.3523,0.0,2.49
TRD30003591,ORD20001276,C100189,2026-09-18,2365.5,0.7096,0.0,0.0703,0.0024,0.071,0.1408,0.0,0.99
TRD30003592,ORD20001276,C100189,2026-09-18,1183.6,0.3551,0.0,0.0352,0.0012,0.0355,0.0705,0.0,0.5
TRD30003593,ORD20000856,C100146,2026-09-18,2677.5,0.8032,0.0,0.0795,0.0027,0.0803,0.1594,0.0,1.13
TRD30003594,ORD20000856,C100146,2026-09-18,1783.8,0.5351,0.0,0.053,0.0018,0.0535,0.1062,0.0,0.75
TRD30003595,ORD20000856,C100146,2026-09-18,445.65,0.1337,0.0,0.0132,0.0004,0.0134,0.0265,0.0,0.19
TRD30003596,ORD20000869,C100142,2026-09-18,20617.65,6.1853,5.1544,0.6123,0.0206,0.0,1.2273,0.0,13.2
TRD30003597,ORD20000869,C100142,2026-09-18,45885.0,13.7655,11.4712,1.3628,0.0459,0.0,2.7314,0.0,29.38
TRD30003598,ORD20000869,C100142,2026-09-18,41300.1,12.39,10.325,1.2266,0.0413,0.0,2.4584,0.0,26.44
TRD30003599,ORD20003101,C100123,2026-09-18,47039.6,14.1119,11.7599,1.3971,0.047,0.0,2.8001,0.0,30.12
TRD30003600,ORD20003581,C100019,2026-09-18,71651.25,20.0,0.0,2.128,0.0717,2.1495,3.9959,0.0,28.35
TRD30003601,ORD20004278,C100068,2026-09-18,2479.7,0.0,2.4797,0.0736,0.0025,0.0,0.0137,15.34,17.91
TRD30003602,ORD20004278,C100068,2026-09-18,2479.7,0.0,2.4797,0.0736,0.0025,0.0,0.0137,0.0,2.57
TRD30003603,ORD20000947,C100109,2026-09-18,40199.5,12.0598,10.0499,1.1939,0.0402,0.0,2.3929,0.0,25.74
TRD30003604,ORD20000947,C100109,2026-09-18,9136.25,2.7409,2.2841,0.2713,0.0091,0.0,0.5438,0.0,5.85
TRD30003605,ORD20002888,C100047,2026-09-18,17761.5,5.3284,0.0,0.5275,0.0178,0.5328,1.0573,0.0,7.46
TRD30003606,ORD20002888,C100047,2026-09-18,11841.0,3.5523,0.0,0.3517,0.0118,0.3552,0.7048,0.0,4.98
TRD30003607,ORD20002888,C100047,2026-09-18,26642.25,7.9927,0.0,0.7913,0.0266,0.7993,1.5859,0.0,11.2
TRD30003608,ORD20003811,C100160,2026-09-18,142327.2,20.0,35.5818,4.2271,0.1423,0.0,4.3865,0.0,64.34
TRD30003609,ORD20003913,C100095,2026-09-18,2974.65,0.8924,0.7437,0.0883,0.003,0.0,0.1771,0.0,1.9
TRD30003610,ORD20001172,C100071,2026-09-18,11025.7,3.3077,0.0,0.3275,0.011,0.3308,0.6563,0.0,4.63
TRD30003611,ORD20001172,C100071,2026-09-18,61503.0,18.4509,0.0,1.8266,0.0615,1.8451,3.661,0.0,25.85
TRD30003612,ORD20001054,C100133,2026-09-18,36514.5,0.0,36.5145,1.0845,0.0365,5.4772,0.2018,0.0,43.31
TRD30003613,ORD20000348,C100112,2026-09-18,22819.95,6.846,22.82,0.6778,0.0228,3.423,1.3584,0.0,35.15
TRD30003614,ORD20001421,C100090,2026-09-18,910.0,0.0,0.91,0.027,0.0009,0.1365,0.005,0.0,1.08
TRD30003615,ORD20001421,C100090,2026-09-18,2733.3,0.0,2.7333,0.0812,0.0027,0.41,0.0151,0.0,3.24
TRD30003616,ORD20000659,C100123,2026-09-18,10870.8,3.2612,2.7177,0.3229,0.0109,0.0,0.6471,0.0,6.96
TRD30003617,ORD20000345,C100178,2026-09-21,2852.1,0.0,2.8521,0.0847,0.0029,0.4278,0.0158,0.0,3.38
TRD30003618,ORD20000345,C100178,2026-09-21,1426.05,0.0,1.426,0.0424,0.0014,0.2139,0.0079,0.0,1.69
TRD30003619,ORD20002763,C100082,2026-09-21,7026.0,0.0,7.026,0.2087,0.007,1.0539,0.0388,0.0,8.33
TRD30003620,ORD20002574,C100133,2026-09-21,9868.1,0.0,9.8681,0.2931,0.0099,1.4802,0.0545,0.0,11.71
TRD30003621,ORD20002574,C100133,2026-09-21,28707.2,0.0,28.7072,0.8526,0.0287,4.3061,0.1586,0.0,34.05
TRD30003622,ORD20002574,C100133,2026-09-21,17942.0,0.0,17.942,0.5329,0.0179,2.6913,0.0991,0.0,21.28
TRD30003623,ORD20001169,C100070,2026-09-21,40368.4,0.0,40.3684,1.1989,0.0404,6.0553,0.2231,0.0,47.89
TRD30003624,ORD20001169,C100070,2026-09-21,96175.75,0.0,96.1758,2.8564,0.0962,14.4264,0.5315,0.0,114.09
TRD30003625,ORD20001169,C100070,2026-09-21,12196.6,0.0,12.1966,0.3622,0.0122,1.8295,0.0674,0.0,14.47
TRD30003626,ORD20004938,C100168,2026-09-21,11806.35,0.0,11.8064,0.3506,0.0118,0.0,0.0652,15.34,27.57
TRD30003627,ORD20000594,C100198,2026-09-21,26247.6,0.0,26.2476,0.7796,0.0262,3.9371,0.145,0.0,31.14
TRD30003628,ORD20000027,C100004,2026-09-21,4131.9,1.2396,1.033,0.1227,0.0041,0.0,0.246,0.0,2.65
TRD30003629,ORD20000027,C100004,2026-09-21,10559.3,3.1678,2.6398,0.3136,0.0106,0.0,0.6286,0.0,6.76
TRD30003630,ORD20002150,C100195,2026-09-21,86963.8,20.0,0.0,2.5828,0.087,2.6089,4.0806,0.0,29.36
TRD30003631,ORD20001087,C100066,2026-09-21,99936.0,0.0,99.936,2.9681,0.0999,14.9904,0.5522,0.0,118.55
TRD30003632,ORD20001087,C100066,2026-09-21,34972.0,0.0,34.972,1.0387,0.035,5.2458,0.1933,0.0,41.48
TRD30003633,ORD20002419,C100099,2026-09-21,2877.7,0.8633,0.7194,0.0855,0.0029,0.0,0.1713,0.0,1.84
TRD30003634,ORD20002419,C100099,2026-09-21,8633.1,2.5899,2.1583,0.2564,0.0086,0.0,0.5139,0.0,5.53
TRD30003635,ORD20002419,C100099,2026-09-21,58992.85,17.6979,14.7482,1.7521,0.059,0.0,3.5116,0.0,37.77
TRD30003636,ORD20003285,C100013,2026-09-21,22240.8,6.6722,5.5602,0.6606,0.0222,0.0,1.3239,0.0,14.24
TRD30003637,ORD20003471,C100122,2026-09-21,11854.3,0.0,11.8543,0.3521,0.0119,0.0,0.0655,15.34,27.62
TRD30003638,ORD20003471,C100122,2026-09-21,11840.0,0.0,11.84,0.3516,0.0118,0.0,0.0654,0.0,12.27
TRD30003639,ORD20004066,C100145,2026-09-21,50264.5,15.0793,12.5661,1.4929,0.0503,0.0,2.992,0.0,32.18
TRD30003640,ORD20004066,C100145,2026-09-21,47065.85,14.1198,11.7665,1.3979,0.0471,0.0,2.8016,0.0,30.13
TRD30003641,ORD20004066,C100145,2026-09-21,44781.1,13.4343,11.1953,1.33,0.0448,0.0,2.6656,0.0,28.67
TRD30003642,ORD20004392,C100162,2026-09-21,2827.95,0.0,2.828,0.084,0.0028,0.0,0.0156,15.34,18.27
TRD30003643,ORD20004392,C100162,2026-09-21,1885.3,0.0,1.8853,0.056,0.0019,0.0,0.0104,0.0,1.95
TRD30003644,ORD20000423,C100073,2026-09-21,19517.4,0.0,19.5174,0.5797,0.0195,0.0,0.1079,15.34,35.56
TRD30003645,ORD20000423,C100073,2026-09-21,17193.9,0.0,17.1939,0.5107,0.0172,0.0,0.095,0.0,17.82
TRD30003646,ORD20000317,C100134,2026-09-21,4992.3,1.4977,1.2481,0.1483,0.005,0.0,0.2972,0.0,3.2
TRD30003647,ORD20003423,C100156,2026-09-21,1127.65,0.0,1.1276,0.0335,0.0011,0.0,0.0062,15.34,16.51
TRD30003648,ORD20003423,C100156,2026-09-21,1127.65,0.0,1.1276,0.0335,0.0011,0.0,0.0062,0.0,1.17
TRD30003649,ORD20003423,C100156,2026-09-21,1127.65,0.0,1.1276,0.0335,0.0011,0.0,0.0062,0.0,1.17
TRD30003650,ORD20001202,C100016,2026-09-21,2283.2,0.685,0.5708,0.0678,0.0023,0.0,0.1359,0.0,1.46
TRD30003651,ORD20001202,C100016,2026-09-21,2281.75,0.6845,0.5704,0.0678,0.0023,0.0,0.1358,0.0,1.46
TRD30003652,ORD20003084,C100093,2026-09-21,13619.1,4.0857,3.4048,0.4045,0.0136,0.0,0.8107,0.0,8.72
TRD30003653,ORD20003892,C100007,2026-09-21,48495.05,0.0,48.4951,1.4403,0.0485,0.0,0.268,15.34,65.59
TRD30003654,ORD20003892,C100007,2026-09-21,57144.0,0.0,57.144,1.6972,0.0571,0.0,0.3158,0.0,59.21
TRD30003655,ORD20003892,C100007,2026-09-21,17134.5,0.0,17.1345,0.5089,0.0171,0.0,0.0947,0.0,17.76
TRD30003656,ORD20001449,C100100,2026-09-21,4602.5,0.0,4.6025,0.1367,0.0046,0.6904,0.0254,0.0,5.46
TRD30003657,ORD20004092,C100104,2026-09-21,11970.1,3.591,0.0,0.3555,0.012,0.3591,0.7125,0.0,5.03
TRD30003658,ORD20004092,C100104,2026-09-21,11970.1,3.591,0.0,0.3555,0.012,0.3591,0.7125,0.0,5.03
TRD30003659,ORD20001801,C100073,2026-09-21,18862.4,5.6587,0.0,0.5602,0.0189,0.5659,1.1228,0.0,7.93
TRD30003660,ORD20001801,C100073,2026-09-21,1178.9,0.3537,0.0,0.035,0.0012,0.0354,0.0702,0.0,0.5
TRD30003661,ORD20001801,C100073,2026-09-21,1178.9,0.3537,0.0,0.035,0.0012,0.0354,0.0702,0.0,0.5
TRD30003662,ORD20003937,C100186,2026-09-21,1388.0,0.0,1.388,0.0412,0.0014,0.2082,0.0077,0.0,1.65
TRD30003663,ORD20003937,C100186,2026-09-21,1735.0,0.0,1.735,0.0515,0.0017,0.2602,0.0096,0.0,2.06
TRD30003664,ORD20003500,C100035,2026-09-21,44282.4,13.2847,0.0,1.3152,0.0443,1.3285,2.636,0.0,18.61
TRD30003665,ORD20003500,C100035,2026-09-21,8302.95,2.4909,0.0,0.2466,0.0083,0.2491,0.4942,0.0,3.49
TRD30003666,ORD20003500,C100035,2026-09-21,9225.5,2.7676,0.0,0.274,0.0092,0.2768,0.5492,0.0,3.88
TRD30003667,ORD20003991,C100176,2026-09-21,51773.4,15.532,0.0,1.5377,0.0518,1.5532,3.0819,0.0,21.76
TRD30003668,ORD20003991,C100176,2026-09-21,14440.2,4.3321,0.0,0.4289,0.0144,0.4332,0.8596,0.0,6.07
TRD30003669,ORD20002389,C100156,2026-09-21,5425.8,1.6277,1.3565,0.1611,0.0054,0.0,0.323,0.0,3.47
TRD30003670,ORD20002389,C100156,2026-09-21,76891.0,20.0,19.2228,2.2837,0.0769,0.0,4.0249,0.0,45.61
TRD30003671,ORD20002389,C100156,2026-09-21,7687.4,2.3062,1.9218,0.2283,0.0077,0.0,0.4576,0.0,4.92
TRD30003672,ORD20002987,C100128,2026-09-21,30983.6,9.2951,7.7459,0.9202,0.031,0.0,1.8443,0.0,19.84
TRD30003673,ORD20000405,C100093,2026-09-21,14283.75,4.2851,0.0,0.4242,0.0143,0.4285,0.8503,0.0,6.0
TRD30003674,ORD20000058,C100102,2026-09-21,34495.65,0.0,34.4957,1.0245,0.0345,5.1743,0.1906,0.0,40.92
TRD30003675,ORD20000058,C100102,2026-09-21,67385.55,0.0,67.3856,2.0014,0.0674,10.1078,0.3724,0.0,79.93
TRD30003676,ORD20001740,C100062,2026-09-21,5536.5,1.661,1.3841,0.1644,0.0055,0.0,0.3296,0.0,3.54
TRD30003677,ORD20001490,C100080,2026-09-21,9072.0,2.7216,0.0,0.2694,0.0091,0.2722,0.54,0.0,3.81
TRD30003678,ORD20001490,C100080,2026-09-21,4537.4,1.3612,0.0,0.1348,0.0045,0.1361,0.2701,0.0,1.91
TRD30003679,ORD20001490,C100080,2026-09-21,2267.85,0.6804,0.0,0.0674,0.0023,0.068,0.135,0.0,0.95
TRD30003680,ORD20004664,C100184,2026-09-21,1804.5,0.0,1.8045,0.0536,0.0018,0.0,0.01,15.34,17.21
TRD30003681,ORD20004664,C100184,2026-09-21,1800.75,0.0,1.8008,0.0535,0.0018,0.0,0.01,0.0,1.87
TRD30003683,ORD20001797,C100059,2026-09-21,3422.5,1.0267,0.0,0.1016,0.0034,0.1027,0.2037,0.0,1.44
TRD30003682,ORD20004664,C100184,2026-09-21,1803.65,0.0,1.8037,0.0536,0.0018,0.0,0.01,0.0,1.87
TRD30003684,ORD20003967,C100169,2026-09-21,34803.7,10.4411,8.7009,1.0337,0.0348,0.0,2.0717,0.0,22.28
TRD30003685,ORD20003967,C100169,2026-09-21,23576.7,7.073,5.8942,0.7002,0.0236,0.0,1.4034,0.0,15.09
TRD30003686,ORD20002687,C100147,2026-09-21,10579.2,3.1738,0.0,0.3142,0.0106,0.3174,0.6297,0.0,4.45
TRD30003687,ORD20002687,C100147,2026-09-21,6624.0,1.9872,0.0,0.1967,0.0066,0.1987,0.3943,0.0,2.78
TRD30003688,ORD20002687,C100147,2026-09-21,22508.0,6.7524,0.0,0.6685,0.0225,0.6752,1.3398,0.0,9.46
TRD30003689,ORD20004149,C100124,2026-09-21,4717.75,1.4153,0.0,0.1401,0.0047,0.1415,0.2808,0.0,1.98
TRD30003690,ORD20003700,C100049,2026-09-21,94472.0,0.0,94.472,2.8058,0.0945,14.1708,0.5221,0.0,112.07
TRD30003691,ORD20000311,C100126,2026-09-21,13134.0,0.0,13.134,0.3901,0.0131,1.9701,0.0726,0.0,15.58
TRD30003692,ORD20000311,C100126,2026-09-21,42466.6,0.0,42.4666,1.2613,0.0425,6.37,0.2347,0.0,50.38
TRD30003693,ORD20001343,C100088,2026-09-21,780.4,0.0,0.7804,0.0232,0.0008,0.1171,0.0043,0.0,0.93
TRD30003694,ORD20001343,C100088,2026-09-21,780.4,0.0,0.7804,0.0232,0.0008,0.1171,0.0043,0.0,0.93
TRD30003695,ORD20002760,C100050,2026-09-21,27879.6,0.0,27.8796,0.828,0.0279,4.1819,0.1541,0.0,33.07
TRD30003696,ORD20002760,C100050,2026-09-21,2322.6,0.0,2.3226,0.069,0.0023,0.3484,0.0128,0.0,2.76
TRD30003697,ORD20003790,C100048,2026-09-21,2727.6,0.8183,0.0,0.081,0.0027,0.0818,0.1624,0.0,1.15
TRD30003698,ORD20003790,C100048,2026-09-21,909.2,0.2728,0.0,0.027,0.0009,0.0273,0.0541,0.0,0.38
TRD30003699,ORD20003790,C100048,2026-09-21,1818.4,0.5455,0.0,0.054,0.0018,0.0546,0.1082,0.0,0.76
TRD30003700,ORD20003328,C100131,2026-09-21,20682.35,0.0,20.6824,0.6143,0.0207,0.0,0.1143,15.34,36.77
TRD30003701,ORD20004294,C100123,2026-09-21,3425.7,0.0,3.4257,0.1017,0.0034,0.5139,0.0189,0.0,4.06
TRD30003702,ORD20004294,C100123,2026-09-21,1712.05,0.0,1.712,0.0508,0.0017,0.2568,0.0095,0.0,2.03
TRD30003703,ORD20000068,C100116,2026-09-21,72912.0,20.0,18.228,2.1655,0.0729,0.0,4.0029,0.0,44.47
TRD30003704,ORD20000586,C100032,2026-09-21,7254.3,2.1763,0.0,0.2155,0.0073,0.2176,0.4318,0.0,3.05
TRD30003705,ORD20004880,C100055,2026-09-21,15642.6,4.6928,3.9106,0.4646,0.0156,0.0,0.9311,0.0,10.01
TRD30003706,ORD20004880,C100055,2026-09-21,52861.2,15.8584,13.2153,1.57,0.0529,0.0,3.1466,0.0,33.84
TRD30003707,ORD20004880,C100055,2026-09-21,34791.3,10.4374,8.6978,1.0333,0.0348,0.0,2.071,0.0,22.27
TRD30003708,ORD20001340,C100090,2026-09-21,8791.05,0.0,8.791,0.2611,0.0088,0.0,0.0486,15.34,24.45
TRD30003709,ORD20001340,C100090,2026-09-21,2931.5,0.0,2.9315,0.0871,0.0029,0.0,0.0162,0.0,3.04
TRD30003710,ORD20004799,C100037,2026-09-21,3306.05,0.0,3.3061,0.0982,0.0033,0.4959,0.0183,0.0,3.92
TRD30003711,ORD20001090,C100086,2026-09-21,89208.7,20.0,22.3022,2.6495,0.0892,0.0,4.093,0.0,49.13
TRD30003712,ORD20002939,C100174,2026-09-21,12668.4,3.8005,3.1671,0.3763,0.0127,0.0,0.7541,0.0,8.11
TRD30003713,ORD20002939,C100174,2026-09-21,17419.05,5.2257,4.3548,0.5173,0.0174,0.0,1.0369,0.0,11.15
TRD30003714,ORD20002939,C100174,2026-09-21,4750.65,1.4252,1.1877,0.1411,0.0048,0.0,0.2828,0.0,3.04
TRD30003715,ORD20000769,C100069,2026-09-21,9833.2,0.0,9.8332,0.292,0.0098,1.475,0.0543,0.0,11.66
TRD30003716,ORD20004086,C100112,2026-09-21,5884.9,1.7655,1.4712,0.1748,0.0059,0.0,0.3503,0.0,3.77
TRD30003717,ORD20004086,C100112,2026-09-21,5884.9,1.7655,1.4712,0.1748,0.0059,0.0,0.3503,0.0,3.77
TRD30003718,ORD20002080,C100087,2026-09-21,114813.75,20.0,0.0,3.41,0.1148,3.4444,4.2345,0.0,31.2
TRD30003719,ORD20002136,C100107,2026-09-21,5027.85,1.5084,0.0,0.1493,0.005,0.1508,0.2993,0.0,2.11
TRD30003720,ORD20002136,C100107,2026-09-21,50262.0,15.0786,0.0,1.4928,0.0503,1.5079,2.9919,0.0,21.12
TRD30003721,ORD20002136,C100107,2026-09-21,36887.4,11.0662,0.0,1.0956,0.0369,1.1066,2.1958,0.0,15.5
TRD30003722,ORD20003436,C100046,2026-09-21,11774.6,3.5324,0.0,0.3497,0.0118,0.3532,0.7009,0.0,4.95
TRD30003723,ORD20002678,C100116,2026-09-21,11664.3,0.0,11.6643,0.3464,0.0117,0.0,0.0645,15.34,27.43
TRD30003724,ORD20002678,C100116,2026-09-21,3888.1,0.0,3.8881,0.1155,0.0039,0.0,0.0215,0.0,4.03
TRD30003725,ORD20002678,C100116,2026-09-21,19440.5,0.0,19.4405,0.5774,0.0194,0.0,0.1074,0.0,20.14
TRD30003726,ORD20004056,C100000,2026-09-21,112651.0,20.0,28.1628,3.3457,0.1127,0.0,4.2225,0.0,55.84
TRD30003727,ORD20004056,C100000,2026-09-21,4023.25,1.207,1.0058,0.1195,0.004,0.0,0.2395,0.0,2.58
TRD30003728,ORD20001510,C100112,2026-09-21,23860.9,7.1583,5.9652,0.7087,0.0239,0.0,1.4203,0.0,15.28
TRD30003729,ORD20001487,C100052,2026-09-21,104713.2,0.0,104.7132,3.11,0.1047,15.707,0.5786,0.0,124.21
TRD30003730,ORD20004610,C100047,2026-09-21,3330.3,0.9991,0.8326,0.0989,0.0033,0.0,0.1982,0.0,2.13
TRD30003731,ORD20004610,C100047,2026-09-21,63249.1,18.9747,15.8123,1.8785,0.0632,0.0,3.765,0.0,40.49
TRD30003732,ORD20004610,C100047,2026-09-21,6663.4,1.999,1.6658,0.1979,0.0067,0.0,0.3966,0.0,4.27
TRD30003733,ORD20004325,C100143,2026-09-21,3914.9,0.0,3.9149,0.1163,0.0039,0.0,0.0216,15.34,19.4
TRD30003734,ORD20004325,C100143,2026-09-21,23489.4,0.0,23.4894,0.6976,0.0235,0.0,0.1298,0.0,24.34
TRD30003735,ORD20004325,C100143,2026-09-21,7829.8,0.0,7.8298,0.2325,0.0078,0.0,0.0433,0.0,8.11
TRD30003736,ORD20002999,C100086,2026-09-21,3312.95,0.0,3.313,0.0984,0.0033,0.4969,0.0183,0.0,3.93
TRD30003737,ORD20004187,C100112,2026-09-21,12102.9,3.6309,3.0257,0.3595,0.0121,0.0,0.7204,0.0,7.75
TRD30003738,ORD20002820,C100106,2026-09-21,12488.85,3.7467,0.0,0.3709,0.0125,0.3747,0.7434,0.0,5.25
TRD30003739,ORD20002775,C100178,2026-09-21,26115.4,7.8346,6.5288,0.7756,0.0261,0.0,1.5545,0.0,16.72
TRD30003740,ORD20002775,C100178,2026-09-21,12288.8,3.6866,3.0722,0.365,0.0123,0.0,0.7315,0.0,7.87
TRD30003741,ORD20004863,C100163,2026-09-21,3161.0,0.0,3.161,0.0939,0.0032,0.4742,0.0175,0.0,3.75
TRD30003742,ORD20002616,C100013,2026-09-21,5178.0,1.5534,5.178,0.1538,0.0052,0.0,0.3082,15.34,22.54
TRD30003743,ORD20002921,C100012,2026-09-21,28135.2,8.4406,0.0,0.8356,0.0281,0.8441,1.6748,0.0,11.82
TRD30003744,ORD20002921,C100012,2026-09-21,19620.6,5.8862,0.0,0.5827,0.0196,0.5886,1.1679,0.0,8.24
TRD30003745,ORD20002921,C100012,2026-09-21,18139.8,5.4419,0.0,0.5388,0.0181,0.5442,1.0798,0.0,7.62
TRD30003746,ORD20002164,C100030,2026-09-21,12187.0,3.6561,3.0468,0.362,0.0122,0.0,0.7254,0.0,7.8
TRD30003747,ORD20004833,C100185,2026-09-21,32730.3,0.0,32.7303,0.9721,0.0327,4.9095,0.1809,0.0,38.83
TRD30003748,ORD20000726,C100014,2026-09-21,52275.3,0.0,52.2753,1.5526,0.0523,7.8413,0.2889,0.0,62.01
TRD30003749,ORD20000726,C100014,2026-09-21,10123.8,0.0,10.1238,0.3007,0.0101,1.5186,0.0559,0.0,12.01
TRD30003750,ORD20000726,C100014,2026-09-21,11793.6,0.0,11.7936,0.3503,0.0118,1.769,0.0652,0.0,13.99
TRD30003751,ORD20004774,C100020,2026-09-21,70700.0,20.0,0.0,2.0998,0.0707,2.121,3.9907,0.0,28.28
TRD30003752,ORD20003986,C100037,2026-09-21,6028.1,1.8084,0.0,0.179,0.006,0.1808,0.3588,0.0,2.53
TRD30003753,ORD20003986,C100037,2026-09-21,6030.5,1.8091,0.0,0.1791,0.006,0.1809,0.359,0.0,2.53
TRD30003754,ORD20003609,C100147,2026-09-21,2373.2,0.712,0.0,0.0705,0.0024,0.0712,0.1413,0.0,1.0
TRD30003755,ORD20003609,C100147,2026-09-21,2373.2,0.712,0.0,0.0705,0.0024,0.0712,0.1413,0.0,1.0
TRD30003756,ORD20000710,C100067,2026-09-21,19859.35,5.9578,0.0,0.5898,0.0199,0.5958,1.1821,0.0,8.35
TRD30003757,ORD20002415,C100058,2026-09-21,1381.45,0.0,1.3814,0.041,0.0014,0.2072,0.0076,0.0,1.64
TRD30003758,ORD20002415,C100058,2026-09-21,8303.1,0.0,8.3031,0.2466,0.0083,1.2455,0.0459,0.0,9.85
TRD30003759,ORD20002415,C100058,2026-09-21,16597.8,0.0,16.5978,0.493,0.0166,2.4897,0.0917,0.0,19.69
TRD30003760,ORD20002029,C100097,2026-09-21,13896.0,4.1688,3.474,0.4127,0.0139,0.0,0.8272,0.0,8.9
TRD30003761,ORD20002335,C100128,2026-09-21,2347.5,0.0,2.3475,0.0697,0.0023,0.0,0.013,15.34,17.77
TRD30003762,ORD20003717,C100152,2026-09-21,23640.0,0.0,23.64,0.7021,0.0236,0.0,0.1306,15.34,39.84
TRD30003763,ORD20001181,C100155,2026-09-21,129803.85,20.0,32.451,3.8552,0.1298,0.0,4.3173,0.0,60.75
TRD30003764,ORD20004865,C100158,2026-09-21,1142.5,0.3427,0.0,0.0339,0.0011,0.0343,0.068,0.0,0.48
TRD30003765,ORD20004865,C100158,2026-09-21,1142.5,0.3427,0.0,0.0339,0.0011,0.0343,0.068,0.0,0.48
TRD30003766,ORD20004865,C100158,2026-09-21,11425.0,3.4275,0.0,0.3393,0.0114,0.3428,0.6801,0.0,4.8
TRD30003767,ORD20004446,C100064,2026-09-21,140800.8,20.0,0.0,4.1818,0.1408,4.224,4.3781,0.0,32.92
TRD30003768,ORD20004927,C100031,2026-09-21,2780.5,0.0,2.7805,0.0826,0.0028,0.0,0.0154,15.34,18.22
TRD30003769,ORD20004927,C100031,2026-09-21,70902.75,0.0,70.9028,2.1058,0.0709,0.0,0.3918,0.0,73.47
TRD30003770,ORD20004927,C100031,2026-09-21,54219.75,0.0,54.2198,1.6103,0.0542,0.0,0.2996,0.0,56.18
TRD30003771,ORD20002330,C100131,2026-09-21,11372.55,3.4118,0.0,0.3378,0.0114,0.3412,0.677,0.0,4.78
TRD30003772,ORD20002330,C100131,2026-09-21,3247.8,0.9743,0.0,0.0965,0.0032,0.0974,0.1933,0.0,1.36
TRD30003773,ORD20002716,C100170,2026-09-21,3842.2,0.0,3.8422,0.1141,0.0038,0.5763,0.0212,0.0,4.56
TRD30003774,ORD20001782,C100159,2026-09-21,12027.4,3.6082,0.0,0.3572,0.012,0.3608,0.7159,0.0,5.05
TRD30003775,ORD20001782,C100159,2026-09-21,51116.45,15.3349,0.0,1.5182,0.0511,1.5335,3.0428,0.0,21.48
TRD30003776,ORD20004574,C100028,2026-09-21,13412.0,4.0236,0.0,0.3983,0.0134,0.4024,0.7984,0.0,5.64
TRD30003777,ORD20004971,C100065,2026-09-21,30878.8,9.2636,0.0,0.9171,0.0309,0.9264,1.8381,0.0,12.98
TRD30003778,ORD20004971,C100065,2026-09-21,34766.1,10.4298,0.0,1.0326,0.0348,1.043,2.0695,0.0,14.61
TRD30003779,ORD20004516,C100136,2026-09-21,7469.6,2.2409,0.0,0.2218,0.0075,0.2241,0.4446,0.0,3.14
TRD30003780,ORD20004516,C100136,2026-09-21,3734.8,1.1204,0.0,0.1109,0.0037,0.112,0.2223,0.0,1.57
TRD30003781,ORD20002438,C100123,2026-09-21,33790.8,10.1372,8.4477,1.0036,0.0338,0.0,2.0114,0.0,21.63
TRD30003782,ORD20002438,C100123,2026-09-21,8447.7,2.5343,2.1119,0.2509,0.0084,0.0,0.5029,0.0,5.41
TRD30003783,ORD20002438,C100123,2026-09-21,11263.6,3.3791,2.8159,0.3345,0.0113,0.0,0.6705,0.0,7.21
TRD30003784,ORD20000549,C100000,2026-09-21,44571.0,13.3713,0.0,1.3238,0.0446,1.3371,2.6531,0.0,18.73
TRD30003785,ORD20000549,C100000,2026-09-21,6968.0,2.0904,0.0,0.2069,0.007,0.209,0.4148,0.0,2.93
TRD30003786,ORD20001199,C100090,2026-09-21,1498.4,0.4495,0.3746,0.0445,0.0015,0.0,0.0892,0.0,0.96
TRD30003787,ORD20000102,C100056,2026-09-21,22223.6,6.6671,0.0,0.66,0.0222,0.6667,1.3229,0.0,9.34
TRD30003788,ORD20000102,C100056,2026-09-21,14286.6,4.286,0.0,0.4243,0.0143,0.4286,0.8504,0.0,6.0
TRD30003789,ORD20000102,C100056,2026-09-21,44447.2,13.3342,0.0,1.3201,0.0444,1.3334,2.6458,0.0,18.68
TRD30003790,ORD20003665,C100135,2026-09-21,2342.85,0.0,2.3428,0.0696,0.0023,0.3514,0.0129,0.0,2.78
TRD30003791,ORD20003665,C100135,2026-09-21,7028.55,0.0,7.0286,0.2087,0.007,1.0543,0.0388,0.0,8.34
TRD30003792,ORD20003665,C100135,2026-09-21,14057.1,0.0,14.0571,0.4175,0.0141,2.1086,0.0777,0.0,16.68
TRD30003793,ORD20004047,C100066,2026-09-21,24181.7,7.2545,0.0,0.7182,0.0242,0.7255,1.4394,0.0,10.16
TRD30003794,ORD20000129,C100192,2026-09-21,13485.6,4.0457,0.0,0.4005,0.0135,0.4046,0.8027,0.0,5.67
TRD30003795,ORD20000129,C100192,2026-09-21,15171.3,4.5514,0.0,0.4506,0.0152,0.4551,0.9031,0.0,6.38
TRD30003796,ORD20000129,C100192,2026-09-21,8428.5,2.5285,0.0,0.2503,0.0084,0.2529,0.5017,0.0,3.54
TRD30003797,ORD20002405,C100105,2026-09-21,3899.65,1.1699,0.0,0.1158,0.0039,0.117,0.2321,0.0,1.64
TRD30003798,ORD20002833,C100134,2026-09-21,1421.8,0.0,1.4218,0.0422,0.0014,0.0,0.0079,15.34,16.81
TRD30003799,ORD20002833,C100134,2026-09-21,1421.8,0.0,1.4218,0.0422,0.0014,0.0,0.0079,0.0,1.47
TRD30003800,ORD20002792,C100051,2026-09-21,38265.5,11.4796,9.5664,1.1365,0.0383,0.0,2.2778,0.0,24.5
TRD30003801,ORD20002792,C100051,2026-09-21,17691.0,5.3073,4.4228,0.5254,0.0177,0.0,1.0531,0.0,11.33
TRD30003802,ORD20002610,C100184,2026-09-21,4219.65,0.0,4.2196,0.1253,0.0042,0.6329,0.0233,0.0,5.01
TRD30003803,ORD20002610,C100184,2026-09-21,7484.8,0.0,7.4848,0.2223,0.0075,1.1227,0.0414,0.0,8.88
TRD30003804,ORD20000554,C100176,2026-09-21,82931.1,20.0,20.7328,2.4631,0.0829,0.0,4.0583,0.0,47.34
TRD30003805,ORD20002018,C100108,2026-09-21,35785.5,10.7356,0.0,1.0628,0.0358,1.0736,2.1302,0.0,15.04
TRD30003806,ORD20002018,C100108,2026-09-21,11931.15,3.5793,0.0,0.3544,0.0119,0.3579,0.7102,0.0,5.01
TRD30003807,ORD20002018,C100108,2026-09-21,11929.35,3.5788,0.0,0.3543,0.0119,0.3579,0.7101,0.0,5.01
TRD30003808,ORD20002333,C100106,2026-09-21,9872.85,0.0,9.8728,0.2932,0.0099,0.0,0.0546,15.34,25.57
TRD30003809,ORD20001861,C100150,2026-09-21,130800.3,0.0,130.8003,3.8848,0.1308,0.0,0.7228,15.34,150.88
TRD30003810,ORD20000413,C100062,2026-09-21,24132.8,7.2398,6.0332,0.7167,0.0241,0.0,1.4365,0.0,15.45
TRD30003811,ORD20000413,C100062,2026-09-21,4524.9,1.3575,1.1312,0.1344,0.0045,0.0,0.2693,0.0,2.9
TRD30003812,ORD20000413,C100062,2026-09-21,6033.2,1.81,1.5083,0.1792,0.006,0.0,0.3591,0.0,3.86
TRD30003813,ORD20000550,C100114,2026-09-21,6108.2,1.8325,0.0,0.1814,0.0061,0.1832,0.3636,0.0,2.57
TRD30003814,ORD20000550,C100114,2026-09-21,871.7,0.2615,0.0,0.0259,0.0009,0.0262,0.0519,0.0,0.37
TRD30003815,ORD20000550,C100114,2026-09-21,5230.8,1.5692,0.0,0.1554,0.0052,0.1569,0.3114,0.0,2.2
TRD30003816,ORD20000570,C100047,2026-09-21,5913.6,1.7741,0.0,0.1756,0.0059,0.1774,0.352,0.0,2.48
TRD30003817,ORD20003752,C100163,2026-09-21,12053.95,3.6162,3.0135,0.358,0.0121,0.0,0.7175,0.0,7.72
TRD30003818,ORD20002407,C100075,2026-09-21,98667.5,0.0,98.6675,2.9304,0.0987,0.0,0.5452,15.34,117.58
TRD30003819,ORD20002114,C100078,2026-09-21,54192.6,16.2578,13.5482,1.6095,0.0542,0.0,3.2259,0.0,34.7
TRD30003820,ORD20002114,C100078,2026-09-21,23225.4,6.9676,5.8064,0.6898,0.0232,0.0,1.3825,0.0,14.87
TRD30003821,ORD20002114,C100078,2026-09-21,53281.8,15.9845,13.3204,1.5825,0.0533,0.0,3.1717,0.0,34.11
TRD30003822,ORD20000170,C100144,2026-09-21,27961.8,8.3885,6.9904,0.8305,0.028,0.0,1.6645,0.0,17.9
TRD30003823,ORD20000170,C100144,2026-09-21,4811.25,1.4434,1.2028,0.1429,0.0048,0.0,0.2864,0.0,3.08
TRD30003824,ORD20001270,C100118,2026-09-21,67975.0,20.0,16.9938,2.0189,0.068,0.0,3.9756,0.0,43.06
TRD30003825,ORD20001270,C100118,2026-09-21,38066.0,11.4198,9.5165,1.1306,0.0381,0.0,2.2659,0.0,24.37
TRD30003826,ORD20001270,C100118,2026-09-21,815.7,0.2447,0.2039,0.0242,0.0008,0.0,0.0486,0.0,0.52
TRD30003827,ORD20000327,C100101,2026-09-21,448.9,0.1347,0.1122,0.0133,0.0004,0.0,0.0267,0.0,0.29
TRD30003828,ORD20000327,C100101,2026-09-21,3142.3,0.9427,0.7856,0.0933,0.0031,0.0,0.187,0.0,2.01
TRD30003829,ORD20004949,C100085,2026-09-21,32326.0,9.6978,8.0815,0.9601,0.0323,0.0,1.9242,0.0,20.7
TRD30003830,ORD20004949,C100085,2026-09-21,808.15,0.2424,0.202,0.024,0.0008,0.0,0.0481,0.0,0.52
TRD30003831,ORD20004949,C100085,2026-09-21,5657.05,1.6971,1.4143,0.168,0.0057,0.0,0.3367,0.0,3.62
TRD30003832,ORD20001320,C100160,2026-09-21,32467.6,9.7403,8.1169,0.9643,0.0325,0.0,1.9327,0.0,20.79
TRD30003833,ORD20001320,C100160,2026-09-21,2951.6,0.8855,0.7379,0.0877,0.003,0.0,0.1757,0.0,1.89
TRD30003834,ORD20004585,C100117,2026-09-21,70906.45,20.0,17.7266,2.1059,0.0709,0.0,3.9918,0.0,43.9
TRD30003835,ORD20004585,C100117,2026-09-21,41494.45,12.4483,10.3736,1.2324,0.0415,0.0,2.47,0.0,26.57
TRD30003836,ORD20001063,C100197,2026-09-21,3497.6,0.0,3.4976,0.1039,0.0035,0.0,0.0193,15.34,18.96
TRD30003837,ORD20001063,C100197,2026-09-21,6995.2,0.0,6.9952,0.2078,0.007,0.0,0.0387,0.0,7.25
TRD30003838,ORD20001063,C100197,2026-09-21,1748.8,0.0,1.7488,0.0519,0.0017,0.0,0.0097,0.0,1.81
TRD30003839,ORD20002565,C100114,2026-09-21,94180.0,0.0,94.18,2.7971,0.0942,14.127,0.5204,0.0,111.72
TRD30003840,ORD20002565,C100114,2026-09-21,35317.5,0.0,35.3175,1.0489,0.0353,5.2976,0.1952,0.0,41.89
TRD30003841,ORD20002565,C100114,2026-09-21,16481.5,0.0,16.4815,0.4895,0.0165,2.4722,0.0911,0.0,19.55
TRD30003842,ORD20003261,C100025,2026-09-21,26828.35,0.0,26.8284,0.7968,0.0268,0.0,0.1483,15.34,43.14
TRD30003843,ORD20003261,C100025,2026-09-21,3499.35,0.0,3.4994,0.1039,0.0035,0.0,0.0193,0.0,3.63
TRD30003844,ORD20003261,C100025,2026-09-21,32660.6,0.0,32.6606,0.97,0.0327,0.0,0.1805,0.0,33.84
TRD30003845,ORD20000896,C100176,2026-09-21,32890.0,9.867,0.0,0.9768,0.0329,0.9867,1.9578,0.0,13.82
TRD30003846,ORD20000896,C100176,2026-09-21,77220.0,20.0,0.0,2.2934,0.0772,2.3166,4.0267,0.0,28.71
TRD30003847,ORD20000896,C100176,2026-09-21,10010.0,3.003,0.0,0.2973,0.01,0.3003,0.5959,0.0,4.21
TRD30003848,ORD20003706,C100151,2026-09-21,31099.2,0.0,31.0992,0.9236,0.0311,0.0,0.1719,15.34,47.57
TRD30003849,ORD20003706,C100151,2026-09-21,21204.0,0.0,21.204,0.6298,0.0212,0.0,0.1172,0.0,21.97
TRD30003850,ORD20001162,C100154,2026-09-21,17083.5,5.125,0.0,0.5074,0.0171,0.5125,1.0169,0.0,7.18
TRD30003851,ORD20001162,C100154,2026-09-21,18303.75,5.4911,0.0,0.5436,0.0183,0.5491,1.0895,0.0,7.69
TRD30003852,ORD20004443,C100036,2026-09-21,4773.45,1.432,0.0,0.1418,0.0048,0.1432,0.2841,0.0,2.01
TRD30003853,ORD20001240,C100127,2026-09-21,1598.7,0.0,1.5987,0.0475,0.0016,0.2398,0.0088,0.0,1.9
TRD30003854,ORD20001240,C100127,2026-09-21,3197.4,0.0,3.1974,0.095,0.0032,0.4796,0.0177,0.0,3.79
TRD30003855,ORD20003870,C100083,2026-09-21,3164.7,0.9494,0.7912,0.094,0.0032,0.0,0.1884,0.0,2.03
TRD30003856,ORD20003870,C100083,2026-09-21,1808.4,0.5425,0.4521,0.0537,0.0018,0.0,0.1076,0.0,1.16
TRD30003857,ORD20003870,C100083,2026-09-21,1808.4,0.5425,0.4521,0.0537,0.0018,0.0,0.1076,0.0,1.16
TRD30003858,ORD20004060,C100173,2026-09-21,13124.15,3.9372,3.281,0.3898,0.0131,0.0,0.7812,0.0,8.4
TRD30003859,ORD20003923,C100199,2026-09-21,24054.4,0.0,24.0544,0.7144,0.0241,3.6082,0.1329,0.0,28.53
TRD30003860,ORD20003395,C100127,2026-09-21,11955.2,3.5866,0.0,0.3551,0.012,0.3587,0.7116,0.0,5.02
TRD30003861,ORD20003395,C100127,2026-09-21,35925.9,10.7778,0.0,1.067,0.0359,1.0778,2.1385,0.0,15.1
TRD30003862,ORD20004840,C100080,2026-09-21,11087.2,3.3262,0.0,0.3293,0.0111,0.3326,0.66,0.0,4.66
TRD30003863,ORD20002392,C100065,2026-09-21,7305.0,2.1915,1.8262,0.217,0.0073,0.0,0.4348,0.0,4.68
TRD30003864,ORD20002392,C100065,2026-09-21,19500.8,5.8502,4.8752,0.5792,0.0195,0.0,1.1608,0.0,12.48
TRD30003865,ORD20001256,C100108,2026-09-21,9085.8,2.7257,2.2714,0.2698,0.0091,0.0,0.5408,0.0,5.82
TRD30003866,ORD20001256,C100108,2026-09-21,6057.2,1.8172,1.5143,0.1799,0.0061,0.0,0.3606,0.0,3.88
TRD30003867,ORD20004958,C100083,2026-09-21,1651.1,0.0,1.6511,0.049,0.0017,0.2477,0.0091,0.0,1.96
TRD30003868,ORD20004958,C100083,2026-09-21,3302.2,0.0,3.3022,0.0981,0.0033,0.4953,0.0182,0.0,3.92
TRD30003869,ORD20004958,C100083,2026-09-21,3302.2,0.0,3.3022,0.0981,0.0033,0.4953,0.0182,0.0,3.92
TRD30003870,ORD20003590,C100112,2026-09-21,102170.1,20.0,102.1701,3.0345,0.1022,15.3255,4.1646,0.0,144.8
TRD30003871,ORD20001019,C100181,2026-09-21,34340.6,10.3022,8.5852,1.0199,0.0343,0.0,2.0442,0.0,21.99
TRD30003872,ORD20001019,C100181,2026-09-21,18988.2,5.6965,4.7471,0.5639,0.019,0.0,1.1303,0.0,12.16
TRD30003873,ORD20001019,C100181,2026-09-21,74074.7,20.0,18.5187,2.2,0.0741,0.0,4.0093,0.0,44.8
TRD30003874,ORD20003113,C100124,2026-09-21,88078.2,20.0,0.0,2.6159,0.0881,2.6423,4.0867,0.0,29.43
TRD30003875,ORD20003113,C100124,2026-09-21,32865.0,9.8595,0.0,0.9761,0.0329,0.986,1.9563,0.0,13.81
TRD30003876,ORD20002903,C100197,2026-09-21,59557.5,0.0,59.5575,1.7689,0.0596,0.0,0.3291,15.34,77.06
TRD30003877,ORD20002903,C100197,2026-09-21,6630.75,0.0,6.6308,0.1969,0.0066,0.0,0.0366,0.0,6.87
TRD30003878,ORD20003061,C100004,2026-09-21,2436.8,0.0,2.4368,0.0724,0.0024,0.0,0.0135,15.34,17.87
TRD30003879,ORD20000996,C100141,2026-09-21,2686.8,0.806,0.6717,0.0798,0.0027,0.0,0.1599,0.0,1.72
TRD30003880,ORD20000996,C100141,2026-09-21,1343.4,0.403,0.3359,0.0399,0.0013,0.0,0.08,0.0,0.86
TRD30003881,ORD20000996,C100141,2026-09-21,6717.0,2.0151,1.6792,0.1995,0.0067,0.0,0.3998,0.0,4.3
TRD30003882,ORD20002132,C100174,2026-09-21,3873.25,0.0,3.8732,0.115,0.0039,0.0,0.0214,15.34,19.35
TRD30003883,ORD20002132,C100174,2026-09-21,3872.2,0.0,3.8722,0.115,0.0039,0.0,0.0214,0.0,4.01
TRD30003884,ORD20002695,C100102,2026-09-21,21948.6,6.5846,5.4872,0.6519,0.0219,0.0,1.3065,0.0,14.05
TRD30003885,ORD20002695,C100102,2026-09-21,47555.3,14.2666,11.8888,1.4124,0.0476,0.0,2.8308,0.0,30.45
TRD30003886,ORD20004783,C100115,2026-09-21,73084.8,0.0,73.0848,2.1706,0.0731,10.9627,0.4039,0.0,86.7
TRD30003887,ORD20003954,C100158,2026-09-21,63864.45,0.0,63.8644,1.8968,0.0639,0.0,0.3529,15.34,81.52
TRD30003888,ORD20001934,C100126,2026-09-21,22728.6,6.8186,0.0,0.675,0.0227,0.6819,1.3529,0.0,9.55
TRD30003889,ORD20001934,C100126,2026-09-21,48438.0,14.5314,0.0,1.4386,0.0484,1.4531,2.8833,0.0,20.35
TRD30003890,ORD20003214,C100129,2026-09-21,1610.0,0.0,1.61,0.0478,0.0016,0.0,0.0089,15.34,17.01
TRD30003891,ORD20003214,C100129,2026-09-21,1608.2,0.0,1.6082,0.0478,0.0016,0.0,0.0089,0.0,1.67
TRD30003892,ORD20001390,C100064,2026-09-21,133315.6,20.0,133.3156,3.9595,0.1333,19.9973,4.3367,0.0,181.74
TRD30003893,ORD20004679,C100034,2026-09-21,25854.4,7.7563,0.0,0.7679,0.0259,0.7756,1.539,0.0,10.86
TRD30003894,ORD20003599,C100034,2026-09-21,5905.8,0.0,5.9058,0.1754,0.0059,0.8859,0.0326,0.0,7.01
TRD30003895,ORD20003599,C100034,2026-09-21,2952.9,0.0,2.9529,0.0877,0.003,0.4429,0.0163,0.0,3.5
TRD30003896,ORD20001776,C100020,2026-09-21,11965.7,0.0,11.9657,0.3554,0.012,1.7949,0.0661,0.0,14.19
TRD30003897,ORD20004803,C100102,2026-09-21,1631.65,0.4895,0.0,0.0485,0.0016,0.0489,0.0971,0.0,0.69
TRD30003898,ORD20004803,C100102,2026-09-21,8152.75,2.4458,0.0,0.2421,0.0082,0.2446,0.4853,0.0,3.43
TRD30003899,ORD20002317,C100006,2026-09-21,5488.8,1.6466,1.3722,0.163,0.0055,0.0,0.3267,0.0,3.51
TRD30003900,ORD20002317,C100006,2026-09-21,915.2,0.2746,0.2288,0.0272,0.0009,0.0,0.0545,0.0,0.59
TRD30003901,ORD20000473,C100198,2026-09-21,11694.3,3.5083,0.0,0.3473,0.0117,0.3508,0.6961,0.0,4.91
TRD30003902,ORD20000991,C100086,2026-09-21,5321.9,1.5966,0.0,0.1581,0.0053,0.1597,0.3168,0.0,2.24
TRD30003903,ORD20000991,C100086,2026-09-21,7278.7,2.1836,0.0,0.2162,0.0073,0.2184,0.4333,0.0,3.06
TRD30003904,ORD20002230,C100155,2026-09-21,2971.0,0.0,2.971,0.0882,0.003,0.4456,0.0164,0.0,3.52
TRD30003905,ORD20002230,C100155,2026-09-21,2970.7,0.0,2.9707,0.0882,0.003,0.4456,0.0164,0.0,3.52
TRD30003906,ORD20004438,C100120,2026-09-21,57593.6,17.2781,0.0,1.7105,0.0576,1.7278,3.4283,0.0,24.2
TRD30003907,ORD20001965,C100052,2026-09-21,25264.35,0.0,25.2644,0.7504,0.0253,3.7897,0.1396,0.0,29.97
TRD30003908,ORD20001965,C100052,2026-09-21,2807.15,0.0,2.8072,0.0834,0.0028,0.4211,0.0155,0.0,3.33
TRD30003909,ORD20001965,C100052,2026-09-21,5614.3,0.0,5.6143,0.1667,0.0056,0.8421,0.031,0.0,6.66
TRD30003910,ORD20003402,C100088,2026-09-21,2287.0,0.0,2.287,0.0679,0.0023,0.0,0.0126,15.34,17.71
TRD30003911,ORD20001694,C100033,2026-09-21,2358.6,0.7076,0.0,0.0701,0.0024,0.0708,0.1404,0.0,0.99
TRD30003912,ORD20001694,C100033,2026-09-21,9434.4,2.8303,0.0,0.2802,0.0094,0.283,0.5616,0.0,3.96
TRD30003913,ORD20000934,C100087,2026-09-21,42882.8,12.8648,10.7207,1.2736,0.0429,0.0,2.5526,0.0,27.45
TRD30003914,ORD20004731,C100134,2026-09-21,17002.7,0.0,17.0027,0.505,0.017,0.0,0.094,15.34,32.96
TRD30003915,ORD20004731,C100134,2026-09-21,10819.9,0.0,10.8199,0.3214,0.0108,0.0,0.0598,0.0,11.21
TRD30003916,ORD20004731,C100134,2026-09-21,7728.5,0.0,7.7285,0.2295,0.0077,0.0,0.0427,0.0,8.01
TRD30003917,ORD20004377,C100009,2026-09-21,11651.0,3.4953,0.0,0.346,0.0117,0.3495,0.6935,0.0,4.9
TRD30003918,ORD20004377,C100009,2026-09-21,52429.5,15.7288,0.0,1.5572,0.0524,1.5729,3.1209,0.0,22.03
TRD30003919,ORD20004257,C100087,2026-09-21,2950.8,0.8852,0.0,0.0876,0.003,0.0885,0.1756,0.0,1.24
TRD30003920,ORD20004257,C100087,2026-09-21,4916.5,1.4749,0.0,0.146,0.0049,0.1475,0.2927,0.0,2.07
TRD30003921,ORD20003836,C100000,2026-09-21,7162.0,2.1486,1.7905,0.2127,0.0072,0.0,0.4263,0.0,4.59
TRD30003922,ORD20003836,C100000,2026-09-21,895.25,0.2686,0.2238,0.0266,0.0009,0.0,0.0533,0.0,0.57
TRD30003923,ORD20004097,C100027,2026-09-21,36296.1,10.8888,9.074,1.078,0.0363,0.0,2.1606,0.0,23.24
TRD30003924,ORD20004097,C100027,2026-09-21,12098.7,3.6296,3.0247,0.3593,0.0121,0.0,0.7202,0.0,7.75
TRD30003925,ORD20004628,C100100,2026-09-21,2266.75,0.68,0.0,0.0673,0.0023,0.068,0.1349,0.0,0.95
TRD30003926,ORD20004628,C100100,2026-09-21,3175.55,0.9527,0.0,0.0943,0.0032,0.0953,0.189,0.0,1.33
TRD30003927,ORD20003452,C100028,2026-09-21,11503.2,3.451,0.0,0.3416,0.0115,0.3451,0.6847,0.0,4.83
TRD30003928,ORD20001849,C100150,2026-09-21,23682.7,7.1048,0.0,0.7034,0.0237,0.7105,1.4097,0.0,9.95
TRD30003929,ORD20001233,C100169,2026-09-21,27271.8,0.0,27.2718,0.81,0.0273,0.0,0.1507,15.34,43.6
TRD30003930,ORD20000410,C100181,2026-09-21,36172.5,10.8517,9.0431,1.0743,0.0362,0.0,2.1532,0.0,23.16
TRD30003931,ORD20000410,C100181,2026-09-21,48230.0,14.469,12.0575,1.4324,0.0482,0.0,2.8709,0.0,30.88
TRD30003932,ORD20000410,C100181,2026-09-21,43062.5,12.9188,10.7656,1.279,0.0431,0.0,2.5633,0.0,27.57
TRD30003933,ORD20000035,C100032,2026-09-21,112608.0,20.0,0.0,3.3445,0.1126,3.3782,4.2223,0.0,31.06
TRD30003934,ORD20002666,C100045,2026-09-21,11772.05,0.0,11.772,0.3496,0.0118,0.0,0.0651,15.34,27.54
TRD30003935,ORD20002666,C100045,2026-09-21,11772.05,0.0,11.772,0.3496,0.0118,0.0,0.0651,0.0,12.2
TRD30003936,ORD20004442,C100177,2026-09-21,44785.95,13.4358,11.1965,1.3301,0.0448,0.0,2.6659,0.0,28.67
TRD30003937,ORD20004442,C100177,2026-09-21,5428.6,1.6286,1.3572,0.1612,0.0054,0.0,0.3231,0.0,3.48
TRD30003938,ORD20004442,C100177,2026-09-21,86857.6,20.0,21.7144,2.5797,0.0869,0.0,4.08,0.0,48.46
TRD30003939,ORD20000227,C100018,2026-09-21,1669.9,0.501,0.4175,0.0496,0.0017,0.0,0.0994,0.0,1.07
TRD30003940,ORD20000227,C100018,2026-09-21,33398.0,10.0194,8.3495,0.9919,0.0334,0.0,1.988,0.0,21.38
TRD30003941,ORD20003670,C100147,2026-09-21,13174.7,3.9524,3.2937,0.3913,0.0132,0.0,0.7842,0.0,8.43
TRD30003942,ORD20003670,C100147,2026-09-21,2399.8,0.7199,0.6,0.0713,0.0024,0.0,0.1429,0.0,1.54
TRD30003943,ORD20000544,C100147,2026-09-21,2410.85,0.0,2.4108,0.0716,0.0024,0.0,0.0133,15.34,17.84
TRD30003944,ORD20000544,C100147,2026-09-21,4821.7,0.0,4.8217,0.1432,0.0048,0.0,0.0266,0.0,5.0
TRD30003945,ORD20000544,C100147,2026-09-21,26519.35,0.0,26.5194,0.7876,0.0265,0.0,0.1465,0.0,27.48
TRD30003946,ORD20001636,C100131,2026-09-21,49078.4,14.7235,0.0,1.4576,0.0491,1.4724,2.9214,0.0,20.62
TRD30003947,ORD20001636,C100131,2026-09-21,24505.6,7.3517,0.0,0.7278,0.0245,0.7352,1.4587,0.0,10.3
TRD30003948,ORD20000048,C100186,2026-09-21,13190.0,3.957,3.2975,0.3917,0.0132,0.0,0.7851,0.0,8.44
TRD30003949,ORD20003022,C100082,2026-09-21,73452.45,0.0,73.4524,2.1815,0.0735,0.0,0.4059,15.34,91.45
TRD30003950,ORD20001394,C100049,2026-09-21,9180.6,2.7542,2.2952,0.2727,0.0092,0.0,0.5465,0.0,5.88
TRD30003951,ORD20002253,C100118,2026-09-21,1223.05,0.3669,0.0,0.0363,0.0012,0.0367,0.0728,0.0,0.51
TRD30003952,ORD20002253,C100118,2026-09-21,6115.25,1.8346,0.0,0.1816,0.0061,0.1835,0.364,0.0,2.57
TRD30003953,ORD20004232,C100006,2026-09-21,3354.45,1.0063,0.0,0.0996,0.0034,0.1006,0.1997,0.0,1.41
TRD30003954,ORD20004232,C100006,2026-09-21,13417.8,4.0253,0.0,0.3985,0.0134,0.4025,0.7987,0.0,5.64
TRD30003955,ORD20003490,C100092,2026-09-21,3490.05,1.047,0.0,0.1037,0.0035,0.1047,0.2077,0.0,1.47
TRD30003956,ORD20003490,C100092,2026-09-21,4653.4,1.396,0.0,0.1382,0.0047,0.1396,0.277,0.0,1.96
TRD30003957,ORD20003490,C100092,2026-09-21,11633.5,3.49,0.0,0.3455,0.0116,0.349,0.6925,0.0,4.89
TRD30003958,ORD20001846,C100006,2026-09-21,5804.1,0.0,5.8041,0.1724,0.0058,0.8706,0.0321,0.0,6.88
TRD30003959,ORD20001846,C100006,2026-09-21,2902.05,0.0,2.9021,0.0862,0.0029,0.4353,0.016,0.0,3.44
TRD30003960,ORD20002426,C100109,2026-09-21,1150.8,0.3452,1.1508,0.0342,0.0012,0.0,0.0685,15.34,16.94
TRD30003961,ORD20002426,C100109,2026-09-21,9206.4,2.7619,9.2064,0.2734,0.0092,0.0,0.548,0.0,12.8
TRD30003962,ORD20002426,C100109,2026-09-21,3452.4,1.0357,3.4524,0.1025,0.0035,0.0,0.2055,0.0,4.8
TRD30003963,ORD20004543,C100178,2026-09-21,1578.15,0.4734,0.0,0.0469,0.0016,0.0473,0.0939,0.0,0.66
TRD30003964,ORD20004543,C100178,2026-09-21,1578.15,0.4734,0.0,0.0469,0.0016,0.0473,0.0939,0.0,0.66
TRD30003965,ORD20002593,C100164,2026-09-21,1620.95,0.0,1.621,0.0481,0.0016,0.0,0.009,15.34,17.02
TRD30003966,ORD20002593,C100164,2026-09-21,1620.95,0.0,1.621,0.0481,0.0016,0.0,0.009,0.0,1.68
TRD30003967,ORD20003698,C100121,2026-09-21,3561.0,1.0683,0.8902,0.1058,0.0036,0.0,0.212,0.0,2.28
TRD30003968,ORD20002127,C100049,2026-09-21,8604.45,2.5813,2.1511,0.2556,0.0086,0.0,0.5122,0.0,5.51
TRD30003969,ORD20003536,C100056,2026-09-21,4841.1,1.4523,1.2103,0.1438,0.0048,0.0,0.2882,0.0,3.1
TRD30003970,ORD20003536,C100056,2026-09-21,1320.3,0.3961,0.3301,0.0392,0.0013,0.0,0.0786,0.0,0.85
TRD30003971,ORD20003470,C100001,2026-09-21,4752.45,0.0,4.7524,0.1411,0.0048,0.7129,0.0263,0.0,5.64
TRD30003972,ORD20003470,C100001,2026-09-21,1584.15,0.0,1.5842,0.047,0.0016,0.2376,0.0088,0.0,1.88
TRD30003973,ORD20003505,C100093,2026-09-21,457.45,0.0,0.4574,0.0136,0.0005,0.0686,0.0025,0.0,0.54
TRD30003974,ORD20003505,C100093,2026-09-21,68160.05,0.0,68.16,2.0244,0.0682,10.224,0.3767,0.0,80.85
TRD30003975,ORD20003505,C100093,2026-09-21,32478.95,0.0,32.479,0.9646,0.0325,4.8718,0.1795,0.0,38.53
TRD30003976,ORD20001016,C100030,2026-09-21,43395.75,0.0,43.3958,1.2889,0.0434,6.5094,0.2398,0.0,51.48
TRD30003977,ORD20001016,C100030,2026-09-21,5786.1,0.0,5.7861,0.1718,0.0058,0.8679,0.032,0.0,6.86
TRD30003978,ORD20004637,C100042,2026-09-21,8611.35,0.0,8.6114,0.2558,0.0086,1.2917,0.0476,0.0,10.22
TRD30003979,ORD20004637,C100042,2026-09-21,2870.45,0.0,2.8704,0.0853,0.0029,0.4306,0.0159,0.0,3.41
TRD30003980,ORD20004637,C100042,2026-09-21,11481.8,0.0,11.4818,0.341,0.0115,1.7223,0.0634,0.0,13.62
TRD30003981,ORD20003502,C100078,2026-09-21,4649.4,1.3948,0.0,0.1381,0.0046,0.1395,0.2768,0.0,1.95
TRD30003982,ORD20004375,C100096,2026-09-21,11119.5,0.0,11.1195,0.3302,0.0111,1.6679,0.0614,0.0,13.19
TRD30003983,ORD20004375,C100096,2026-09-21,7413.0,0.0,7.413,0.2202,0.0074,1.112,0.041,0.0,8.79
TRD30003984,ORD20004375,C100096,2026-09-21,1853.25,0.0,1.8532,0.055,0.0019,0.278,0.0102,0.0,2.2
TRD30003985,ORD20004872,C100161,2026-09-21,11228.0,3.3684,2.807,0.3335,0.0112,0.0,0.6684,0.0,7.19
TRD30003986,ORD20004872,C100161,2026-09-21,22456.0,6.7368,5.614,0.6669,0.0225,0.0,1.3367,0.0,14.38
TRD30003987,ORD20002535,C100070,2026-09-21,8748.45,2.6245,0.0,0.2598,0.0087,0.2625,0.5208,0.0,3.68
TRD30003988,ORD20002535,C100070,2026-09-21,45686.35,13.7059,0.0,1.3569,0.0457,1.3706,2.7195,0.0,19.2
TRD30003989,ORD20001839,C100197,2026-09-22,8634.5,0.0,8.6345,0.2564,0.0086,1.2952,0.0477,0.0,10.24
TRD30003990,ORD20001839,C100197,2026-09-22,56764.0,0.0,56.764,1.6859,0.0568,8.5146,0.3137,0.0,67.33
TRD30003991,ORD20001839,C100197,2026-09-22,1235.3,0.0,1.2353,0.0367,0.0012,0.1853,0.0068,0.0,1.47
TRD30003992,ORD20004478,C100125,2026-09-22,1150.05,0.345,0.2875,0.0342,0.0012,0.0,0.0685,0.0,0.74
TRD30003993,ORD20004478,C100125,2026-09-22,3450.15,1.035,0.8625,0.1025,0.0035,0.0,0.2054,0.0,2.21
TRD30003994,ORD20001262,C100004,2026-09-22,2937.45,0.0,2.9374,0.0872,0.0029,0.4406,0.0162,0.0,3.48
TRD30003995,ORD20002088,C100035,2026-09-22,26577.6,0.0,26.5776,0.7894,0.0266,0.0,0.1469,15.34,42.88
TRD30003996,ORD20004468,C100028,2026-09-22,2795.4,0.8386,0.0,0.083,0.0028,0.0839,0.1664,0.0,1.17
TRD30003997,ORD20004468,C100028,2026-09-22,931.8,0.2795,0.0,0.0277,0.0009,0.028,0.0555,0.0,0.39
TRD30003998,ORD20004468,C100028,2026-09-22,1863.6,0.5591,0.0,0.0553,0.0019,0.0559,0.1109,0.0,0.78
TRD30003999,ORD20004509,C100173,2026-09-22,4674.0,1.4022,1.1685,0.1388,0.0047,0.0,0.2782,0.0,2.99
TRD30004000,ORD20004643,C100135,2026-09-22,5704.1,1.7112,0.0,0.1694,0.0057,0.1711,0.3395,0.0,2.4
TRD30004001,ORD20001268,C100145,2026-09-22,1714.85,0.0,1.7148,0.0509,0.0017,0.2572,0.0095,0.0,2.03
TRD30004002,ORD20001268,C100145,2026-09-22,1714.85,0.0,1.7148,0.0509,0.0017,0.2572,0.0095,0.0,2.03
TRD30004003,ORD20001268,C100145,2026-09-22,1714.85,0.0,1.7148,0.0509,0.0017,0.2572,0.0095,0.0,2.03
TRD30004004,ORD20002169,C100013,2026-09-22,104735.4,20.0,104.7354,3.1106,0.1047,15.7103,4.1788,0.0,147.84
TRD30004005,ORD20002169,C100013,2026-09-22,36385.35,10.9156,36.3854,1.0806,0.0364,5.4578,2.1659,0.0,56.04
TRD30004006,ORD20002873,C100051,2026-09-22,18360.0,5.508,0.0,0.5453,0.0184,0.5508,1.0929,0.0,7.72
TRD30004007,ORD20002873,C100051,2026-09-22,18358.8,5.5076,0.0,0.5453,0.0184,0.5508,1.0928,0.0,7.71
TRD30004008,ORD20002873,C100051,2026-09-22,34431.75,10.3295,0.0,1.0226,0.0344,1.033,2.0496,0.0,14.47
TRD30004009,ORD20001282,C100157,2026-09-22,5352.45,0.0,5.3524,0.159,0.0054,0.8029,0.0296,0.0,6.35
TRD30004010,ORD20004849,C100102,2026-09-22,1175.45,0.0,1.1755,0.0349,0.0012,0.1763,0.0065,0.0,1.39
TRD30004011,ORD20004849,C100102,2026-09-22,3526.35,0.0,3.5264,0.1047,0.0035,0.529,0.0195,0.0,4.18
TRD30004012,ORD20001059,C100087,2026-09-22,14381.7,4.3145,0.0,0.4271,0.0144,0.4315,0.8561,0.0,6.04
TRD30004013,ORD20001059,C100087,2026-09-22,7183.2,2.155,0.0,0.2133,0.0072,0.2155,0.4276,0.0,3.02
TRD30004014,ORD20001059,C100087,2026-09-22,2394.15,0.7182,0.0,0.0711,0.0024,0.0718,0.1425,0.0,1.01
TRD30004015,ORD20001899,C100141,2026-09-22,24016.4,0.0,24.0164,0.7133,0.024,0.0,0.1327,15.34,40.23
TRD30004016,ORD20001899,C100141,2026-09-22,48077.6,0.0,48.0776,1.4279,0.0481,0.0,0.2657,0.0,49.82
TRD30004017,ORD20001671,C100164,2026-09-22,13873.75,4.1621,0.0,0.4121,0.0139,0.4162,0.8258,0.0,5.83
TRD30004018,ORD20001671,C100164,2026-09-22,56756.25,17.0269,0.0,1.6857,0.0568,1.7027,3.3785,0.0,23.85
TRD30004019,ORD20001712,C100058,2026-09-22,11887.65,3.5663,2.9719,0.3531,0.0119,0.0,0.7076,0.0,7.61
TRD30004020,ORD20001712,C100058,2026-09-22,11887.65,3.5663,2.9719,0.3531,0.0119,0.0,0.7076,0.0,7.61
TRD30004021,ORD20002766,C100050,2026-09-22,1352.7,0.4058,0.0,0.0402,0.0014,0.0406,0.0805,0.0,0.57
TRD30004022,ORD20002766,C100050,2026-09-22,1352.7,0.4058,0.0,0.0402,0.0014,0.0406,0.0805,0.0,0.57
TRD30004023,ORD20000466,C100142,2026-09-22,40825.4,0.0,40.8254,1.2125,0.0408,6.1238,0.2256,0.0,48.43
TRD30004024,ORD20000466,C100142,2026-09-22,10206.35,0.0,10.2064,0.3031,0.0102,1.531,0.0564,0.0,12.11
TRD30004025,ORD20001155,C100190,2026-09-22,441.75,0.0,0.4418,0.0131,0.0004,0.0663,0.0024,0.0,0.52
TRD30004026,ORD20001155,C100190,2026-09-22,2650.5,0.0,2.6505,0.0787,0.0027,0.3976,0.0146,0.0,3.14
TRD30004027,ORD20000908,C100196,2026-09-22,30188.7,9.0566,0.0,0.8966,0.0302,0.9057,1.797,0.0,12.69
TRD30004028,ORD20002302,C100193,2026-09-22,110166.3,0.0,110.1663,3.2719,0.1102,0.0,0.6088,15.34,129.5
TRD30004029,ORD20003072,C100066,2026-09-22,815.7,0.2447,0.2039,0.0242,0.0008,0.0,0.0486,0.0,0.52
TRD30004030,ORD20003072,C100066,2026-09-22,2174.8,0.6524,0.5437,0.0646,0.0022,0.0,0.1295,0.0,1.39
TRD30004031,ORD20003072,C100066,2026-09-22,2997.5,0.8992,0.7494,0.089,0.003,0.0,0.1784,0.0,1.92
TRD30004032,ORD20000672,C100011,2026-09-22,1432.1,0.4296,0.358,0.0425,0.0014,0.0,0.0852,0.0,0.92
TRD30004033,ORD20000672,C100011,2026-09-22,1432.1,0.4296,0.358,0.0425,0.0014,0.0,0.0852,0.0,0.92
TRD30004034,ORD20004646,C100050,2026-09-22,25780.5,7.7342,6.4451,0.7657,0.0258,0.0,1.5346,0.0,16.51
TRD30004035,ORD20004646,C100050,2026-09-22,20051.5,6.0154,5.0129,0.5955,0.0201,0.0,1.1936,0.0,12.84
TRD30004036,ORD20000004,C100127,2026-09-22,11484.9,0.0,11.4849,0.3411,0.0115,0.0,0.0635,15.34,27.24
TRD30004037,ORD20000004,C100127,2026-09-22,3285.6,0.0,3.2856,0.0976,0.0033,0.0,0.0182,0.0,3.4
TRD30004038,ORD20001327,C100177,2026-09-22,26816.85,8.0451,6.7042,0.7965,0.0268,0.0,1.5963,0.0,17.17
TRD30004039,ORD20000396,C100087,2026-09-22,13990.3,4.1971,3.4976,0.4155,0.014,0.0,0.8328,0.0,8.96
TRD30004040,ORD20000396,C100087,2026-09-22,2707.8,0.8123,0.677,0.0804,0.0027,0.0,0.1612,0.0,1.73
TRD30004041,ORD20002688,C100072,2026-09-22,11988.0,0.0,11.988,0.356,0.012,0.0,0.0662,15.34,27.76
TRD30004042,ORD20001936,C100123,2026-09-22,4301.85,1.2906,1.0755,0.1278,0.0043,0.0,0.2561,0.0,2.75
TRD30004043,ORD20001936,C100123,2026-09-22,12652.5,3.7957,3.1631,0.3758,0.0127,0.0,0.7532,0.0,8.1
TRD30004044,ORD20001936,C100123,2026-09-22,1771.35,0.5314,0.4428,0.0526,0.0018,0.0,0.1054,0.0,1.13
TRD30004045,ORD20001337,C100009,2026-09-22,97032.15,0.0,97.0322,2.8819,0.097,14.5548,0.5362,0.0,115.1
TRD30004046,ORD20004559,C100055,2026-09-22,3481.0,0.0,3.481,0.1034,0.0035,0.5222,0.0192,0.0,4.13
TRD30004047,ORD20004559,C100055,2026-09-22,31289.4,0.0,31.2894,0.9293,0.0313,4.6934,0.1729,0.0,37.12
TRD30004048,ORD20002543,C100154,2026-09-22,30124.5,9.0374,0.0,0.8947,0.0301,0.9037,1.7932,0.0,12.66
TRD30004049,ORD20004111,C100022,2026-09-22,2286.0,0.0,2.286,0.0679,0.0023,0.3429,0.0126,0.0,2.71
TRD30004050,ORD20004111,C100022,2026-09-22,9144.0,0.0,9.144,0.2716,0.0091,1.3716,0.0505,0.0,10.85
TRD30004051,ORD20004111,C100022,2026-09-22,5715.0,0.0,5.715,0.1697,0.0057,0.8572,0.0316,0.0,6.78
TRD30004052,ORD20001660,C100074,2026-09-22,51336.0,15.4008,0.0,1.5247,0.0513,1.5401,3.0558,0.0,21.57
TRD30004053,ORD20001660,C100074,2026-09-22,39928.0,11.9784,0.0,1.1859,0.0399,1.1978,2.3768,0.0,16.78
TRD30004054,ORD20004612,C100054,2026-09-22,1653.35,0.496,0.4133,0.0491,0.0017,0.0,0.0984,0.0,1.06
TRD30004055,ORD20004612,C100054,2026-09-22,1652.15,0.4956,0.413,0.0491,0.0017,0.0,0.0983,0.0,1.06
TRD30004056,ORD20001637,C100089,2026-09-22,5647.8,0.0,5.6478,0.1677,0.0056,0.8472,0.0312,0.0,6.7
TRD30004057,ORD20001637,C100089,2026-09-22,470.65,0.0,0.4706,0.014,0.0005,0.0706,0.0026,0.0,0.56
TRD30004058,ORD20001637,C100089,2026-09-22,470.65,0.0,0.4706,0.014,0.0005,0.0706,0.0026,0.0,0.56
TRD30004059,ORD20000612,C100042,2026-09-22,15078.4,4.5235,3.7696,0.4478,0.0151,0.0,0.8976,0.0,9.65
TRD30004060,ORD20000612,C100042,2026-09-22,44292.8,13.2878,11.0732,1.3155,0.0443,0.0,2.6366,0.0,28.36
TRD30004061,ORD20000604,C100034,2026-09-22,12869.6,3.8609,3.2174,0.3822,0.0129,0.0,0.7661,0.0,8.24
TRD30004062,ORD20002640,C100182,2026-09-22,149103.5,20.0,37.2759,4.4284,0.1491,0.0,4.4239,0.0,66.28
TRD30004063,ORD20002014,C100060,2026-09-22,1766.9,0.5301,0.4417,0.0525,0.0018,0.0,0.1052,0.0,1.13
TRD30004064,ORD20002014,C100060,2026-09-22,1766.9,0.5301,0.4417,0.0525,0.0018,0.0,0.1052,0.0,1.13
TRD30004065,ORD20004736,C100143,2026-09-22,11969.25,3.5908,2.9923,0.3555,0.012,0.0,0.7125,0.0,7.66
TRD30004066,ORD20004736,C100143,2026-09-22,35907.75,10.7723,8.9769,1.0665,0.0359,0.0,2.1374,0.0,22.99
TRD30004067,ORD20002239,C100135,2026-09-22,12864.5,0.0,12.8645,0.3821,0.0129,0.0,0.0711,15.34,28.67
TRD30004068,ORD20001488,C100101,2026-09-22,20362.65,6.1088,5.0907,0.6048,0.0204,0.0,1.2121,0.0,13.04
TRD30004069,ORD20001488,C100101,2026-09-22,2904.3,0.8713,0.7261,0.0863,0.0029,0.0,0.1729,0.0,1.86
TRD30004071,ORD20003563,C100090,2026-09-22,17153.1,0.0,17.1531,0.5094,0.0172,0.0,0.0948,15.34,33.11
TRD30004070,ORD20001488,C100101,2026-09-22,2908.65,0.8726,0.7272,0.0864,0.0029,0.0,0.1731,0.0,1.86
TRD30004072,ORD20003563,C100090,2026-09-22,51459.3,0.0,51.4593,1.5283,0.0515,0.0,0.2844,0.0,53.32
TRD30004073,ORD20004945,C100086,2026-09-22,12493.7,0.0,12.4937,0.3711,0.0125,1.8741,0.069,0.0,14.82
TRD30004074,ORD20003641,C100028,2026-09-22,31921.45,0.0,31.9214,0.9481,0.0319,0.0,0.1764,15.34,48.42
TRD30004075,ORD20001304,C100083,2026-09-22,995.75,0.0,0.9958,0.0296,0.001,0.0,0.0055,15.34,16.37
TRD30004076,ORD20001304,C100083,2026-09-22,2985.0,0.0,2.985,0.0887,0.003,0.0,0.0165,0.0,3.09
TRD30004077,ORD20001304,C100083,2026-09-22,1991.6,0.0,1.9916,0.0592,0.002,0.0,0.011,0.0,2.06
TRD30004078,ORD20003818,C100102,2026-09-22,6592.6,0.0,6.5926,0.1958,0.0066,0.9889,0.0364,0.0,7.82
TRD30004079,ORD20000712,C100090,2026-09-22,4657.5,1.3972,1.1644,0.1383,0.0047,0.0,0.2772,0.0,2.98
TRD30004080,ORD20002103,C100002,2026-09-22,4585.7,1.3757,0.0,0.1362,0.0046,0.1376,0.273,0.0,1.93
TRD30004081,ORD20002047,C100137,2026-09-22,16393.2,4.918,16.3932,0.4869,0.0164,2.459,0.9758,0.0,25.25
TRD30004082,ORD20002047,C100137,2026-09-22,109288.0,20.0,109.288,3.2459,0.1093,16.3932,4.2039,0.0,153.24
TRD30004083,ORD20000956,C100144,2026-09-22,9112.95,0.0,9.113,0.2707,0.0091,0.0,0.0504,15.34,24.78
TRD30004084,ORD20000956,C100144,2026-09-22,4141.75,0.0,4.1418,0.123,0.0041,0.0,0.0229,0.0,4.29
TRD30004085,ORD20000956,C100144,2026-09-22,827.3,0.0,0.8273,0.0246,0.0008,0.0,0.0046,0.0,0.86
TRD30004086,ORD20004410,C100194,2026-09-22,1860.95,0.5583,0.4652,0.0553,0.0019,0.0,0.1108,0.0,1.19
TRD30004087,ORD20004410,C100194,2026-09-22,2126.8,0.638,0.5317,0.0632,0.0021,0.0,0.1266,0.0,1.36
TRD30004088,ORD20004410,C100194,2026-09-22,531.3,0.1594,0.1328,0.0158,0.0005,0.0,0.0316,0.0,0.34
TRD30004089,ORD20003521,C100191,2026-09-22,11584.2,3.4753,11.5842,0.3441,0.0116,1.7376,0.6896,0.0,17.84
TRD30004090,ORD20002056,C100052,2026-09-22,45401.4,0.0,45.4014,1.3484,0.0454,6.8102,0.2509,0.0,53.86
TRD30004091,ORD20003439,C100088,2026-09-22,67440.3,0.0,67.4403,2.003,0.0674,0.0,0.3727,15.34,85.22
TRD30004092,ORD20001196,C100172,2026-09-22,958.25,0.2875,0.0,0.0285,0.001,0.0287,0.057,0.0,0.4
TRD30004093,ORD20001196,C100172,2026-09-22,3835.6,1.1507,0.0,0.1139,0.0038,0.1151,0.2283,0.0,1.61
TRD30004094,ORD20003137,C100140,2026-09-22,24095.8,7.2287,6.024,0.7156,0.0241,0.0,1.4343,0.0,15.43
TRD30004095,ORD20003137,C100140,2026-09-22,708.7,0.2126,0.1772,0.021,0.0007,0.0,0.0422,0.0,0.45
TRD30004096,ORD20003137,C100140,2026-09-22,6732.65,2.0198,1.6832,0.2,0.0067,0.0,0.4008,0.0,4.31
TRD30004097,ORD20002518,C100167,2026-09-22,90285.0,20.0,0.0,2.6815,0.0903,2.7086,4.0989,0.0,29.58
TRD30004098,ORD20004401,C100177,2026-09-22,19968.2,0.0,19.9682,0.5931,0.02,2.9952,0.1103,0.0,23.69
TRD30004099,ORD20001253,C100094,2026-09-22,1681.75,0.5045,0.4204,0.0499,0.0017,0.0,0.1001,0.0,1.08
TRD30004100,ORD20001253,C100094,2026-09-22,1681.75,0.5045,0.4204,0.0499,0.0017,0.0,0.1001,0.0,1.08
TRD30004101,ORD20001253,C100094,2026-09-22,1681.75,0.5045,0.4204,0.0499,0.0017,0.0,0.1001,0.0,1.08
TRD30004104,ORD20000683,C100057,2026-09-22,1688.2,0.5065,1.6882,0.0501,0.0017,0.0,0.1005,15.34,17.69
TRD30004102,ORD20000448,C100152,2026-09-22,50014.8,15.0044,12.5037,1.4854,0.05,0.0,2.9772,0.0,32.02
TRD30004103,ORD20000448,C100152,2026-09-22,68075.7,20.0,17.0189,2.0218,0.0681,0.0,3.9762,0.0,43.08
TRD30004105,ORD20004668,C100074,2026-09-22,31795.4,0.0,31.7954,0.9443,0.0318,0.0,0.1757,15.34,48.29
TRD30004106,ORD20004668,C100074,2026-09-22,7337.4,0.0,7.3374,0.2179,0.0073,0.0,0.0405,0.0,7.6
TRD30004107,ORD20004668,C100074,2026-09-22,29349.6,0.0,29.3496,0.8717,0.0293,0.0,0.1622,0.0,30.41
TRD30004108,ORD20000809,C100148,2026-09-22,5483.1,1.6449,0.0,0.1628,0.0055,0.1645,0.3264,0.0,2.3
TRD30004109,ORD20000809,C100148,2026-09-22,38381.7,11.5145,0.0,1.1399,0.0384,1.1515,2.2847,0.0,16.13
TRD30004110,ORD20000809,C100148,2026-09-22,2741.55,0.8225,0.0,0.0814,0.0027,0.0822,0.1632,0.0,1.15
TRD30004111,ORD20000874,C100033,2026-09-22,27733.4,0.0,27.7334,0.8237,0.0277,0.0,0.1533,15.34,44.08
TRD30004112,ORD20002089,C100197,2026-09-22,2465.25,0.0,2.4652,0.0732,0.0025,0.3698,0.0136,0.0,2.92
TRD30004113,ORD20002089,C100197,2026-09-22,2462.25,0.0,2.4622,0.0731,0.0025,0.3693,0.0136,0.0,2.92
TRD30004114,ORD20002089,C100197,2026-09-22,7389.3,0.0,7.3893,0.2195,0.0074,1.1084,0.0408,0.0,8.77
TRD30004115,ORD20002032,C100177,2026-09-22,15196.05,4.5588,3.799,0.4513,0.0152,0.0,0.9046,0.0,9.73
TRD30004116,ORD20003083,C100065,2026-09-22,1674.0,0.5022,0.4185,0.0497,0.0017,0.0,0.0996,0.0,1.07
TRD30004117,ORD20003083,C100065,2026-09-22,6696.0,2.0088,1.674,0.1989,0.0067,0.0,0.3986,0.0,4.29
TRD30004118,ORD20003083,C100065,2026-09-22,3348.0,1.0044,0.837,0.0994,0.0033,0.0,0.1993,0.0,2.14
TRD30004119,ORD20001068,C100192,2026-09-22,5610.0,1.683,0.0,0.1666,0.0056,0.1683,0.3339,0.0,2.36
TRD30004120,ORD20003165,C100011,2026-09-22,58840.6,0.0,58.8406,1.7476,0.0588,8.8261,0.3252,0.0,69.8
TRD30004121,ORD20003165,C100011,2026-09-22,15841.7,0.0,15.8417,0.4705,0.0158,2.3763,0.0875,0.0,18.79
TRD30004122,ORD20003049,C100082,2026-09-22,6188.0,0.0,6.188,0.1838,0.0062,0.9282,0.0342,0.0,7.34
TRD30004123,ORD20004764,C100144,2026-09-22,7177.35,2.1532,1.7943,0.2132,0.0072,0.0,0.4272,0.0,4.6
TRD30004125,ORD20002936,C100004,2026-09-22,1224.6,0.0,1.2246,0.0364,0.0012,0.1837,0.0068,0.0,1.45
TRD30004124,ORD20004764,C100144,2026-09-22,2392.45,0.7177,0.5981,0.0711,0.0024,0.0,0.1424,0.0,1.53
TRD30004126,ORD20002936,C100004,2026-09-22,2448.3,0.0,2.4483,0.0727,0.0024,0.3672,0.0135,0.0,2.9
TRD30004127,ORD20000206,C100029,2026-09-22,3430.05,1.029,0.0,0.1019,0.0034,0.1029,0.2042,0.0,1.44
TRD30004128,ORD20000206,C100029,2026-09-22,4573.4,1.372,0.0,0.1358,0.0046,0.1372,0.2722,0.0,1.92
TRD30004129,ORD20000206,C100029,2026-09-22,2286.7,0.686,0.0,0.0679,0.0023,0.0686,0.1361,0.0,0.96
TRD30004130,ORD20001548,C100121,2026-09-22,37598.4,11.2795,0.0,1.1167,0.0376,1.128,2.2381,0.0,15.8
TRD30004131,ORD20001548,C100121,2026-09-22,68035.2,20.0,0.0,2.0206,0.068,2.0411,3.976,0.0,28.11
TRD30004132,ORD20003091,C100188,2026-09-22,104110.5,20.0,26.0276,3.0921,0.1041,0.0,4.1753,0.0,53.4
TRD30004133,ORD20004244,C100146,2026-09-22,13106.8,0.0,13.1068,0.3893,0.0131,1.966,0.0724,0.0,15.55
TRD30004134,ORD20004244,C100146,2026-09-22,6541.85,0.0,6.5418,0.1943,0.0065,0.9813,0.0362,0.0,7.76
TRD30004135,ORD20004244,C100146,2026-09-22,2804.25,0.0,2.8042,0.0833,0.0028,0.4206,0.0155,0.0,3.33
TRD30004138,ORD20000124,C100158,2026-09-22,1354.35,0.0,1.3544,0.0402,0.0014,0.2032,0.0075,0.0,1.61
TRD30004139,ORD20000124,C100158,2026-09-22,451.45,0.0,0.4514,0.0134,0.0005,0.0677,0.0025,0.0,0.54
TRD30004136,ORD20003875,C100021,2026-09-22,2981.95,0.8946,0.7455,0.0886,0.003,0.0,0.1775,0.0,1.91
TRD30004137,ORD20003875,C100021,2026-09-22,2981.95,0.8946,0.7455,0.0886,0.003,0.0,0.1775,0.0,1.91
TRD30004140,ORD20002401,C100067,2026-09-22,15021.5,4.5064,0.0,0.4461,0.015,0.4506,0.8942,0.0,6.31
TRD30004141,ORD20002401,C100067,2026-09-22,9012.9,2.7039,0.0,0.2677,0.009,0.2704,0.5365,0.0,3.79
TRD30004142,ORD20002401,C100067,2026-09-22,6008.6,1.8026,0.0,0.1785,0.006,0.1803,0.3577,0.0,2.53
TRD30004143,ORD20002931,C100146,2026-09-22,4011.25,1.2034,0.0,0.1191,0.004,0.1203,0.2388,0.0,1.69
TRD30004144,ORD20000017,C100158,2026-09-22,1355.55,0.0,1.3556,0.0403,0.0014,0.0,0.0075,15.34,16.74
TRD30004145,ORD20004105,C100148,2026-09-22,17681.95,5.3046,4.4205,0.5252,0.0177,0.0,1.0525,0.0,11.32
TRD30004146,ORD20004105,C100148,2026-09-22,27326.65,8.198,6.8317,0.8116,0.0273,0.0,1.6266,0.0,17.5
TRD30004147,ORD20000929,C100014,2026-09-22,4721.55,1.4165,1.1804,0.1402,0.0047,0.0,0.2811,0.0,3.02
TRD30004148,ORD20000929,C100014,2026-09-22,3148.2,0.9445,0.787,0.0935,0.0031,0.0,0.1874,0.0,2.02
TRD30004149,ORD20000929,C100014,2026-09-22,6287.0,1.8861,1.5718,0.1867,0.0063,0.0,0.3742,0.0,4.03
TRD30004150,ORD20003350,C100049,2026-09-22,10131.0,3.0393,0.0,0.3009,0.0101,0.3039,0.6031,0.0,4.26
TRD30004151,ORD20003350,C100049,2026-09-22,3377.0,1.0131,0.0,0.1003,0.0034,0.1013,0.201,0.0,1.42
TRD30004152,ORD20004202,C100176,2026-09-22,15271.2,0.0,15.2712,0.4536,0.0153,0.0,0.0844,15.34,31.16
TRD30004153,ORD20004202,C100176,2026-09-22,10496.75,0.0,10.4968,0.3118,0.0105,0.0,0.058,0.0,10.88
TRD30004154,ORD20004202,C100176,2026-09-22,3823.6,0.0,3.8236,0.1136,0.0038,0.0,0.0211,0.0,3.96
TRD30004155,ORD20002044,C100022,2026-09-22,2504.25,0.7513,0.6261,0.0744,0.0025,0.0,0.1491,0.0,1.6
TRD30004156,ORD20002612,C100000,2026-09-22,57275.1,0.0,57.2751,1.7011,0.0573,8.5913,0.3165,0.0,67.94
TRD30004157,ORD20000107,C100031,2026-09-22,23491.5,0.0,23.4915,0.6977,0.0235,3.5237,0.1298,0.0,27.87
TRD30004158,ORD20003776,C100033,2026-09-22,2770.5,0.8312,0.6926,0.0823,0.0028,0.0,0.1649,0.0,1.77
TRD30004159,ORD20003776,C100033,2026-09-22,3324.6,0.9974,0.8312,0.0987,0.0033,0.0,0.1979,0.0,2.13
TRD30004160,ORD20000630,C100080,2026-09-22,12212.4,3.6637,0.0,0.3627,0.0122,0.3664,0.727,0.0,5.13
TRD30004161,ORD20000114,C100141,2026-09-22,9886.95,2.9661,0.0,0.2936,0.0099,0.2966,0.5885,0.0,4.15
TRD30004162,ORD20000114,C100141,2026-09-22,118643.4,20.0,0.0,3.5237,0.1186,3.5593,4.2556,0.0,31.46
TRD30004163,ORD20001371,C100075,2026-09-22,7394.0,0.0,7.394,0.2196,0.0074,0.0,0.0409,15.34,23.0
TRD30004164,ORD20001371,C100075,2026-09-22,23106.25,0.0,23.1062,0.6863,0.0231,0.0,0.1277,0.0,23.94
TRD30004165,ORD20004678,C100000,2026-09-22,11858.7,3.5576,0.0,0.3522,0.0119,0.3558,0.7059,0.0,4.98
TRD30004166,ORD20004963,C100006,2026-09-22,3498.8,1.0496,0.8747,0.1039,0.0035,0.0,0.2083,0.0,2.24
TRD30004167,ORD20004963,C100006,2026-09-22,5249.7,1.5749,1.3124,0.1559,0.0052,0.0,0.3125,0.0,3.36
TRD30004168,ORD20004963,C100006,2026-09-22,3498.6,1.0496,0.8746,0.1039,0.0035,0.0,0.2083,0.0,2.24
TRD30004169,ORD20001358,C100151,2026-09-22,4695.9,1.4088,0.0,0.1395,0.0047,0.1409,0.2795,0.0,1.97
TRD30004170,ORD20001358,C100151,2026-09-22,46964.0,14.0892,0.0,1.3948,0.047,1.4089,2.7956,0.0,19.74
TRD30004171,ORD20001358,C100151,2026-09-22,11737.0,3.5211,0.0,0.3486,0.0117,0.3521,0.6987,0.0,4.93
TRD30004172,ORD20004755,C100095,2026-09-22,11792.35,3.5377,0.0,0.3502,0.0118,0.3538,0.702,0.0,4.96
TRD30004173,ORD20003612,C100029,2026-09-22,7824.9,2.3475,0.0,0.2324,0.0078,0.2347,0.4658,0.0,3.29
TRD30004174,ORD20003612,C100029,2026-09-22,3912.45,1.1737,0.0,0.1162,0.0039,0.1174,0.2329,0.0,1.64
TRD30004175,ORD20002954,C100021,2026-09-22,55095.25,0.0,55.0952,1.6363,0.0551,0.0,0.3045,15.34,72.43
TRD30004176,ORD20003683,C100034,2026-09-22,69758.05,0.0,69.7581,2.0718,0.0698,10.4637,0.3855,0.0,82.75
TRD30004177,ORD20003683,C100034,2026-09-22,12027.25,0.0,12.0272,0.3572,0.012,1.8041,0.0665,0.0,14.27
TRD30004178,ORD20001100,C100196,2026-09-22,12066.05,3.6198,3.0165,0.3584,0.0121,0.0,0.7182,0.0,7.72
TRD30004179,ORD20002040,C100058,2026-09-22,14309.75,0.0,14.3098,0.425,0.0143,2.1465,0.0791,0.0,16.97
TRD30004180,ORD20002040,C100058,2026-09-22,5713.3,0.0,5.7133,0.1697,0.0057,0.857,0.0316,0.0,6.78
TRD30004181,ORD20002040,C100058,2026-09-22,17150.1,0.0,17.1501,0.5094,0.0172,2.5725,0.0948,0.0,20.34
TRD30004182,ORD20000159,C100096,2026-09-22,1133.35,0.0,1.1333,0.0337,0.0011,0.0,0.0063,15.34,16.51
TRD30004183,ORD20000159,C100096,2026-09-22,5666.75,0.0,5.6668,0.1683,0.0057,0.0,0.0313,0.0,5.87
TRD30004184,ORD20004591,C100043,2026-09-22,12266.9,3.6801,3.0667,0.3643,0.0123,0.0,0.7302,0.0,7.85
TRD30004185,ORD20002219,C100144,2026-09-22,4836.9,1.4511,0.0,0.1437,0.0048,0.1451,0.2879,0.0,2.03
TRD30004186,ORD20002219,C100144,2026-09-22,19347.6,5.8043,0.0,0.5746,0.0193,0.5804,1.1517,0.0,8.13
TRD30004187,ORD20000289,C100196,2026-09-22,37041.3,0.0,37.0413,1.1001,0.037,0.0,0.2047,15.34,53.72
TRD30004188,ORD20000289,C100196,2026-09-22,12348.7,0.0,12.3487,0.3668,0.0123,0.0,0.0682,0.0,12.8
TRD30004189,ORD20003649,C100019,2026-09-22,37632.6,11.2898,9.4081,1.1177,0.0376,0.0,2.2401,0.0,24.09
TRD30004190,ORD20003649,C100019,2026-09-22,29724.8,8.9174,7.4312,0.8828,0.0297,0.0,1.7694,0.0,19.03
TRD30004191,ORD20001608,C100098,2026-09-22,3039.35,0.0,3.0393,0.0903,0.003,0.4559,0.0168,0.0,3.61
TRD30004192,ORD20000526,C100192,2026-09-22,41766.4,0.0,41.7664,1.2405,0.0418,0.0,0.2308,15.34,58.62
TRD30004193,ORD20000526,C100192,2026-09-22,12844.8,0.0,12.8448,0.3815,0.0128,0.0,0.071,0.0,13.31
TRD30004194,ORD20000526,C100192,2026-09-22,38582.4,0.0,38.5824,1.1459,0.0386,0.0,0.2132,0.0,39.98
TRD30004195,ORD20004858,C100074,2026-09-22,2394.9,0.7185,0.5987,0.0711,0.0024,0.0,0.1426,0.0,1.53
TRD30004196,ORD20002948,C100104,2026-09-22,37966.4,11.3899,9.4916,1.1276,0.038,0.0,2.26,0.0,24.31
TRD30004197,ORD20004310,C100149,2026-09-22,7162.8,2.1488,0.0,0.2127,0.0072,0.2149,0.4264,0.0,3.01
TRD30004200,ORD20000460,C100152,2026-09-22,84833.7,0.0,84.8337,2.5196,0.0848,0.0,0.4688,15.34,103.25
TRD30004198,ORD20004310,C100149,2026-09-22,3590.1,1.077,0.0,0.1066,0.0036,0.1077,0.2137,0.0,1.51
TRD30004199,ORD20004310,C100149,2026-09-22,23292.1,6.9876,0.0,0.6918,0.0233,0.6988,1.3865,0.0,9.79
TRD30004201,ORD20003446,C100014,2026-09-22,5258.1,1.5774,0.0,0.1562,0.0053,0.1577,0.313,0.0,2.21
TRD30004202,ORD20004182,C100089,2026-09-22,147964.65,20.0,36.9912,4.3946,0.148,0.0,4.4177,0.0,65.95
TRD30004203,ORD20001583,C100185,2026-09-22,12120.6,0.0,12.1206,0.36,0.0121,1.8181,0.067,0.0,14.38
TRD30004204,ORD20004675,C100010,2026-09-22,35725.8,10.7177,8.9315,1.0611,0.0357,0.0,2.1266,0.0,22.87
TRD30004205,ORD20004675,C100010,2026-09-22,51964.8,15.5894,12.9912,1.5434,0.052,0.0,3.0933,0.0,33.27
TRD30004206,ORD20004675,C100010,2026-09-22,6495.6,1.9487,1.6239,0.1929,0.0065,0.0,0.3867,0.0,4.16
TRD30004207,ORD20000944,C100169,2026-09-22,79971.2,20.0,19.9928,2.3751,0.08,0.0,4.0419,0.0,46.49
TRD30004208,ORD20004729,C100066,2026-09-22,6464.85,0.0,6.4648,0.192,0.0065,0.0,0.0357,15.34,22.04
TRD30004209,ORD20000525,C100047,2026-09-22,34628.85,0.0,34.6288,1.0285,0.0346,0.0,0.1914,15.34,51.22
TRD30004210,ORD20000525,C100047,2026-09-22,11542.95,0.0,11.543,0.3428,0.0115,0.0,0.0638,0.0,11.96
TRD30004211,ORD20001742,C100051,2026-09-22,34730.85,0.0,34.7308,1.0315,0.0347,0.0,0.1919,15.34,51.33
TRD30004212,ORD20001742,C100051,2026-09-22,18976.65,0.0,18.9767,0.5636,0.019,0.0,0.1049,0.0,19.66
TRD30004213,ORD20001742,C100051,2026-09-22,60152.4,0.0,60.1524,1.7865,0.0602,0.0,0.3324,0.0,62.33
TRD30004214,ORD20004304,C100073,2026-09-22,2433.55,0.7301,0.6084,0.0723,0.0024,0.0,0.1449,0.0,1.56
TRD30004215,ORD20003019,C100086,2026-09-22,14818.4,0.0,14.8184,0.4401,0.0148,0.0,0.0819,15.34,30.7
TRD30004216,ORD20003303,C100109,2026-09-22,38867.4,11.6602,9.7169,1.1544,0.0389,0.0,2.3136,0.0,24.88
TRD30004217,ORD20003303,C100109,2026-09-22,5707.8,1.7123,1.427,0.1695,0.0057,0.0,0.3398,0.0,3.65
TRD30004218,ORD20002223,C100158,2026-09-22,28592.8,0.0,28.5928,0.8492,0.0286,0.0,0.158,15.34,44.97
TRD30004219,ORD20002223,C100158,2026-09-22,1788.0,0.0,1.788,0.0531,0.0018,0.0,0.0099,0.0,1.85
TRD30004220,ORD20004947,C100078,2026-09-22,39768.4,11.9305,9.9421,1.1811,0.0398,0.0,2.3673,0.0,25.46
TRD30004221,ORD20004947,C100078,2026-09-22,2844.3,0.8533,0.7111,0.0845,0.0028,0.0,0.1693,0.0,1.82
TRD30004222,ORD20004947,C100078,2026-09-22,8534.7,2.5604,2.1337,0.2535,0.0085,0.0,0.508,0.0,5.46
TRD30004223,ORD20002071,C100120,2026-09-22,2367.2,0.0,2.3672,0.0703,0.0024,0.0,0.0131,15.34,17.79
TRD30004224,ORD20002071,C100120,2026-09-22,2367.2,0.0,2.3672,0.0703,0.0024,0.0,0.0131,0.0,2.45
TRD30004225,ORD20000229,C100045,2026-09-22,11984.8,0.0,11.9848,0.3559,0.012,0.0,0.0662,15.34,27.76
TRD30004226,ORD20001813,C100077,2026-09-22,31666.35,9.4999,7.9166,0.9405,0.0317,0.0,1.885,0.0,20.27
TRD30004227,ORD20002989,C100129,2026-09-22,12205.25,0.0,12.2052,0.3625,0.0122,0.0,0.0674,15.34,27.99
TRD30004228,ORD20002432,C100051,2026-09-22,2233.3,0.67,0.0,0.0663,0.0022,0.067,0.1329,0.0,0.94
TRD30004229,ORD20002432,C100051,2026-09-22,1116.65,0.335,0.0,0.0332,0.0011,0.0335,0.0665,0.0,0.47
TRD30004230,ORD20002432,C100051,2026-09-22,4466.6,1.34,0.0,0.1327,0.0045,0.134,0.2659,0.0,1.88
TRD30004231,ORD20002144,C100183,2026-09-22,36852.75,0.0,36.8528,1.0945,0.0369,0.0,0.2036,15.34,53.53
TRD30004232,ORD20001293,C100197,2026-09-22,5803.2,1.741,1.4508,0.1724,0.0058,0.0,0.3454,0.0,3.72
TRD30004233,ORD20003586,C100101,2026-09-22,23459.4,0.0,23.4594,0.6967,0.0235,0.0,0.1296,15.34,39.65
TRD30004234,ORD20003586,C100101,2026-09-22,23459.4,0.0,23.4594,0.6967,0.0235,0.0,0.1296,0.0,24.31
TRD30004235,ORD20003936,C100023,2026-09-22,1684.4,0.5053,0.0,0.05,0.0017,0.0505,0.1003,0.0,0.71
TRD30004236,ORD20003936,C100023,2026-09-22,1684.5,0.5054,0.0,0.05,0.0017,0.0505,0.1003,0.0,0.71
TRD30004237,ORD20003211,C100159,2026-09-22,874.1,0.2622,0.0,0.026,0.0009,0.0262,0.052,0.0,0.37
TRD30004238,ORD20003211,C100159,2026-09-22,3059.35,0.9178,0.0,0.0909,0.0031,0.0918,0.1821,0.0,1.29
TRD30004239,ORD20003211,C100159,2026-09-22,1748.2,0.5245,0.0,0.0519,0.0017,0.0524,0.1041,0.0,0.73
TRD30004240,ORD20004905,C100112,2026-09-22,2373.3,0.712,0.0,0.0705,0.0024,0.0712,0.1413,0.0,1.0
TRD30004241,ORD20004905,C100112,2026-09-22,5537.7,1.6613,0.0,0.1645,0.0055,0.1661,0.3296,0.0,2.33
TRD30004242,ORD20001247,C100015,2026-09-22,27511.8,8.2535,6.878,0.8171,0.0275,0.0,1.6377,0.0,17.61
TRD30004243,ORD20001247,C100015,2026-09-22,27480.0,8.244,6.87,0.8162,0.0275,0.0,1.6358,0.0,17.59
TRD30004244,ORD20000040,C100158,2026-09-22,5969.55,1.7909,0.0,0.1773,0.006,0.1791,0.3553,0.0,2.51
TRD30004245,ORD20000040,C100158,2026-09-22,3511.0,1.0533,0.0,0.1043,0.0035,0.1053,0.209,0.0,1.48
TRD30004246,ORD20002614,C100033,2026-09-22,54747.3,0.0,54.7473,1.626,0.0547,0.0,0.3025,15.34,72.07
TRD30004247,ORD20000558,C100179,2026-09-22,14899.5,0.0,14.8995,0.4425,0.0149,2.2349,0.0823,0.0,17.67
TRD30004248,ORD20000558,C100179,2026-09-22,14878.0,0.0,14.878,0.4419,0.0149,2.2317,0.0822,0.0,17.65
TRD30004249,ORD20000272,C100019,2026-09-22,2884.6,0.8654,0.0,0.0857,0.0029,0.0865,0.1717,0.0,1.21
TRD30004250,ORD20000272,C100019,2026-09-22,34626.6,10.388,0.0,1.0284,0.0346,1.0388,2.0612,0.0,14.55
TRD30004251,ORD20000552,C100072,2026-09-22,1202.85,0.3609,0.3007,0.0357,0.0012,0.0,0.0716,0.0,0.77
TRD30004252,ORD20000552,C100072,2026-09-22,2405.7,0.7217,0.6014,0.0714,0.0024,0.0,0.1432,0.0,1.54
TRD30004253,ORD20000552,C100072,2026-09-22,1202.85,0.3609,0.3007,0.0357,0.0012,0.0,0.0716,0.0,0.77
TRD30004254,ORD20004534,C100050,2026-09-22,40550.35,0.0,40.5504,1.2043,0.0406,0.0,0.2241,15.34,57.36
TRD30004255,ORD20004534,C100050,2026-09-22,49531.3,0.0,49.5313,1.4711,0.0495,0.0,0.2737,0.0,51.33
TRD30004256,ORD20004534,C100050,2026-09-22,38101.0,0.0,38.101,1.1316,0.0381,0.0,0.2105,0.0,39.48
TRD30004257,ORD20003301,C100061,2026-09-22,1376.55,0.413,0.0,0.0409,0.0014,0.0413,0.0819,0.0,0.58
TRD30004258,ORD20003301,C100061,2026-09-22,1376.55,0.413,0.0,0.0409,0.0014,0.0413,0.0819,0.0,0.58
TRD30004259,ORD20002739,C100049,2026-09-22,12093.65,0.0,12.0936,0.3592,0.0121,0.0,0.0668,15.34,27.87
TRD30004260,ORD20001009,C100065,2026-09-22,93570.4,0.0,93.5704,2.779,0.0936,0.0,0.5171,15.34,112.3
TRD30004261,ORD20001144,C100136,2026-09-22,12081.1,0.0,12.0811,0.3588,0.0121,0.0,0.0668,15.34,27.86
TRD30004262,ORD20003326,C100079,2026-09-22,1846.2,0.0,1.8462,0.0548,0.0018,0.0,0.0102,15.34,17.25
TRD30004263,ORD20003326,C100079,2026-09-22,12923.4,0.0,12.9234,0.3838,0.0129,0.0,0.0714,0.0,13.39
TRD30004264,ORD20003326,C100079,2026-09-22,21231.3,0.0,21.2313,0.6306,0.0212,0.0,0.1173,0.0,22.0
TRD30004265,ORD20004387,C100159,2026-09-22,49310.2,14.7931,12.3275,1.4645,0.0493,0.0,2.9352,0.0,31.57
TRD30004266,ORD20003349,C100189,2026-09-22,2411.35,0.7234,0.0,0.0716,0.0024,0.0723,0.1435,0.0,1.01
TRD30004267,ORD20003349,C100189,2026-09-22,2411.35,0.7234,0.0,0.0716,0.0024,0.0723,0.1435,0.0,1.01
TRD30004268,ORD20003273,C100143,2026-09-22,3043.8,0.9131,0.761,0.0904,0.003,0.0,0.1812,0.0,1.95
TRD30004269,ORD20003273,C100143,2026-09-22,1014.6,0.3044,0.2536,0.0301,0.001,0.0,0.0604,0.0,0.65
TRD30004270,ORD20003273,C100143,2026-09-22,4058.4,1.2175,1.0146,0.1205,0.0041,0.0,0.2416,0.0,2.6
TRD30004271,ORD20002968,C100011,2026-09-22,9747.9,0.0,9.7479,0.2895,0.0097,0.0,0.0539,15.34,25.44
TRD30004272,ORD20002968,C100011,2026-09-22,19495.8,0.0,19.4958,0.579,0.0195,0.0,0.1077,0.0,20.2
TRD30004273,ORD20002968,C100011,2026-09-22,22745.1,0.0,22.7451,0.6755,0.0227,0.0,0.1257,0.0,23.57
TRD30004274,ORD20003203,C100033,2026-09-22,122104.0,20.0,30.526,3.6265,0.1221,0.0,4.2747,0.0,58.55
TRD30004275,ORD20003203,C100033,2026-09-22,7631.5,2.2894,1.9079,0.2267,0.0076,0.0,0.4543,0.0,4.89
TRD30004276,ORD20000296,C100143,2026-09-22,4745.65,1.4237,0.0,0.1409,0.0047,0.1424,0.2825,0.0,1.99
TRD30004277,ORD20000095,C100009,2026-09-22,12279.05,0.0,12.279,0.3647,0.0123,1.8419,0.0679,0.0,14.57
TRD30004278,ORD20000095,C100009,2026-09-22,36837.15,0.0,36.8372,1.0941,0.0368,5.5256,0.2036,0.0,43.7
TRD30004279,ORD20003077,C100032,2026-09-22,12648.0,0.0,12.648,0.3756,0.0126,1.8972,0.0699,0.0,15.0
TRD30004280,ORD20003316,C100123,2026-09-22,14621.85,4.3866,3.6555,0.4343,0.0146,0.0,0.8704,0.0,9.36
TRD30004281,ORD20002836,C100087,2026-09-22,25356.1,7.6068,6.339,0.7531,0.0254,0.0,1.5093,0.0,16.23
TRD30004282,ORD20003363,C100114,2026-09-22,1618.6,0.0,1.6186,0.0481,0.0016,0.0,0.0089,15.34,17.02
TRD30004283,ORD20003363,C100114,2026-09-22,1619.15,0.0,1.6192,0.0481,0.0016,0.0,0.0089,0.0,1.68
TRD30004284,ORD20003363,C100114,2026-09-22,1618.3,0.0,1.6183,0.0481,0.0016,0.0,0.0089,0.0,1.68
TRD30004285,ORD20004170,C100174,2026-09-22,1077.75,0.0,1.0778,0.032,0.0011,0.1617,0.006,0.0,1.28
TRD30004288,ORD20003624,C100079,2026-09-22,2378.4,0.0,2.3784,0.0706,0.0024,0.3568,0.0131,0.0,2.82
TRD30004286,ORD20004170,C100174,2026-09-22,359.25,0.0,0.3592,0.0107,0.0004,0.0539,0.002,0.0,0.43
TRD30004287,ORD20004170,C100174,2026-09-22,2874.0,0.0,2.874,0.0854,0.0029,0.4311,0.0159,0.0,3.41
TRD30004289,ORD20000295,C100095,2026-09-22,33858.3,0.0,33.8583,1.0056,0.0339,0.0,0.1871,15.34,50.42
TRD30004290,ORD20000295,C100095,2026-09-22,74971.95,0.0,74.9719,2.2267,0.075,0.0,0.4143,0.0,77.69
TRD30004291,ORD20002785,C100054,2026-09-22,20020.55,0.0,20.0206,0.5946,0.02,0.0,0.1106,15.34,36.09
TRD30004292,ORD20002296,C100180,2026-09-22,12730.8,3.8192,0.0,0.3781,0.0127,0.3819,0.7578,0.0,5.35
TRD30004293,ORD20000064,C100082,2026-09-22,52175.9,15.6528,0.0,1.5496,0.0522,1.5653,3.1058,0.0,21.93
TRD30004294,ORD20000064,C100082,2026-09-22,35699.3,10.7098,0.0,1.0603,0.0357,1.071,2.125,0.0,15.0
TRD30004295,ORD20000064,C100082,2026-09-22,41191.5,12.3574,0.0,1.2234,0.0412,1.2357,2.452,0.0,17.31
TRD30004296,ORD20004108,C100170,2026-09-22,12120.6,0.0,12.1206,0.36,0.0121,0.0,0.067,15.34,27.9
TRD30004297,ORD20000089,C100141,2026-09-22,3572.45,1.0717,0.8931,0.1061,0.0036,0.0,0.2127,0.0,2.29
TRD30004298,ORD20000089,C100141,2026-09-22,3572.45,1.0717,0.8931,0.1061,0.0036,0.0,0.2127,0.0,2.29
TRD30004299,ORD20001178,C100049,2026-09-22,2840.85,0.0,2.8408,0.0844,0.0028,0.0,0.0157,15.34,18.28
TRD30004300,ORD20001178,C100049,2026-09-22,3782.2,0.0,3.7822,0.1123,0.0038,0.0,0.0209,0.0,3.92
TRD30004301,ORD20003975,C100044,2026-09-22,11646.25,3.4939,0.0,0.3459,0.0116,0.3494,0.6933,0.0,4.89
TRD30004302,ORD20002038,C100189,2026-09-22,103528.0,20.0,0.0,3.0748,0.1035,3.1058,4.1721,0.0,30.46
TRD30004303,ORD20001892,C100016,2026-09-22,21219.25,6.3658,5.3048,0.6302,0.0212,0.0,1.2631,0.0,13.59
TRD30004304,ORD20001892,C100016,2026-09-22,6516.0,1.9548,1.629,0.1935,0.0065,0.0,0.3879,0.0,4.17
TRD30004305,ORD20000439,C100122,2026-09-22,4876.2,1.4629,0.0,0.1448,0.0049,0.1463,0.2903,0.0,2.05
TRD30004306,ORD20000439,C100122,2026-09-22,1219.05,0.3657,0.0,0.0362,0.0012,0.0366,0.0726,0.0,0.51
TRD30004307,ORD20000439,C100122,2026-09-22,4876.2,1.4629,0.0,0.1448,0.0049,0.1463,0.2903,0.0,2.05
TRD30004308,ORD20003813,C100175,2026-09-22,2971.9,0.0,2.9719,0.0883,0.003,0.0,0.0164,15.34,18.42
TRD30004309,ORD20002497,C100153,2026-09-22,2121.9,0.6366,0.0,0.063,0.0021,0.0637,0.1263,0.0,0.89
TRD30004310,ORD20002497,C100153,2026-09-22,1414.6,0.4244,0.0,0.042,0.0014,0.0424,0.0842,0.0,0.59
TRD30004311,ORD20002497,C100153,2026-09-22,1414.6,0.4244,0.0,0.042,0.0014,0.0424,0.0842,0.0,0.59
TRD30004312,ORD20001561,C100055,2026-09-22,14240.7,4.2722,3.5602,0.4229,0.0142,0.0,0.8477,0.0,9.12
TRD30004313,ORD20001561,C100055,2026-09-22,6329.2,1.8988,1.5823,0.188,0.0063,0.0,0.3768,0.0,4.05
TRD30004314,ORD20001561,C100055,2026-09-22,7911.5,2.3734,1.9779,0.235,0.0079,0.0,0.4709,0.0,5.07
TRD30004315,ORD20000684,C100084,2026-09-22,71119.9,20.0,17.78,2.1123,0.0711,0.0,3.993,0.0,43.96
TRD30004316,ORD20004715,C100086,2026-09-22,3567.2,1.0702,0.0,0.1059,0.0036,0.107,0.2123,0.0,1.5
TRD30004317,ORD20004715,C100086,2026-09-22,1920.8,0.5762,0.0,0.057,0.0019,0.0576,0.1143,0.0,0.81
TRD30004318,ORD20004715,C100086,2026-09-22,25519.2,7.6558,0.0,0.7579,0.0255,0.7656,1.5191,0.0,10.72
TRD30004319,ORD20001953,C100099,2026-09-22,12400.35,3.7201,3.1001,0.3683,0.0124,0.0,0.7381,0.0,7.94
TRD30004320,ORD20000715,C100144,2026-09-22,2127.6,0.0,2.1276,0.0632,0.0021,0.0,0.0118,15.34,17.54
TRD30004321,ORD20000715,C100144,2026-09-22,3724.7,0.0,3.7247,0.1106,0.0037,0.0,0.0206,0.0,3.86
TRD30004322,ORD20000715,C100144,2026-09-22,531.9,0.0,0.5319,0.0158,0.0005,0.0,0.0029,0.0,0.55
TRD30004323,ORD20004903,C100030,2026-09-22,26779.2,0.0,26.7792,0.7953,0.0268,0.0,0.148,15.34,43.09
TRD30004324,ORD20004903,C100030,2026-09-22,21762.0,0.0,21.762,0.6463,0.0218,0.0,0.1203,0.0,22.55
TRD30004325,ORD20001616,C100055,2026-09-22,21790.3,0.0,21.7903,0.6472,0.0218,3.2685,0.1204,0.0,25.85
TRD30004326,ORD20001616,C100055,2026-09-22,23346.75,0.0,23.3468,0.6934,0.0233,3.502,0.129,0.0,27.69
TRD30004327,ORD20001616,C100055,2026-09-22,15564.5,0.0,15.5645,0.4623,0.0156,2.3347,0.086,0.0,18.46
TRD30004328,ORD20003763,C100139,2026-09-22,3406.75,1.022,0.0,0.1012,0.0034,0.1022,0.2028,0.0,1.43
TRD30004329,ORD20003503,C100192,2026-09-22,1348.05,0.0,1.348,0.04,0.0013,0.2022,0.0074,0.0,1.6
TRD30004330,ORD20003503,C100192,2026-09-22,449.35,0.0,0.4494,0.0133,0.0004,0.0674,0.0025,0.0,0.53
TRD30004331,ORD20003503,C100192,2026-09-22,8537.65,0.0,8.5376,0.2536,0.0085,1.2806,0.0472,0.0,10.13
TRD30004332,ORD20003712,C100113,2026-09-22,40298.55,12.0896,0.0,1.1969,0.0403,1.209,2.3988,0.0,16.93
TRD30004333,ORD20002503,C100024,2026-09-22,11065.3,3.3196,0.0,0.3286,0.0111,0.332,0.6587,0.0,4.65
TRD30004334,ORD20001078,C100115,2026-09-22,43303.95,12.9912,0.0,1.2861,0.0433,1.2991,2.5777,0.0,18.2
TRD30004335,ORD20003173,C100073,2026-09-22,11673.15,3.5019,0.0,0.3467,0.0117,0.3502,0.6949,0.0,4.91
TRD30004336,ORD20003173,C100073,2026-09-22,38910.5,11.6732,0.0,1.1556,0.0389,1.1673,2.3162,0.0,16.35
TRD30004337,ORD20000101,C100023,2026-09-22,11741.5,3.5224,0.0,0.3487,0.0117,0.3522,0.6989,0.0,4.93
TRD30004338,ORD20004082,C100133,2026-09-22,4851.0,1.4553,1.2128,0.1441,0.0049,0.0,0.2888,0.0,3.11
TRD30004339,ORD20002188,C100011,2026-09-22,17360.25,0.0,17.3602,0.5156,0.0174,0.0,0.0959,15.34,33.33
TRD30004340,ORD20002188,C100011,2026-09-22,25461.7,0.0,25.4617,0.7562,0.0255,0.0,0.1407,0.0,26.38
TRD30004341,ORD20002188,C100011,2026-09-22,23147.0,0.0,23.147,0.6875,0.0231,0.0,0.1279,0.0,23.99
TRD30004342,ORD20002241,C100018,2026-09-22,2841.0,0.0,2.841,0.0844,0.0028,0.0,0.0157,15.34,18.28
TRD30004343,ORD20002241,C100018,2026-09-22,1419.45,0.0,1.4195,0.0422,0.0014,0.0,0.0078,0.0,1.47
TRD30004344,ORD20001365,C100091,2026-09-22,30656.0,9.1968,7.664,0.9105,0.0307,0.0,1.8248,0.0,19.63
TRD30004345,ORD20001365,C100091,2026-09-22,2874.0,0.8622,0.7185,0.0854,0.0029,0.0,0.1711,0.0,1.84
TRD30004346,ORD20001165,C100044,2026-09-22,12564.35,3.7693,3.1411,0.3732,0.0126,0.0,0.7479,0.0,8.04
TRD30004347,ORD20004851,C100067,2026-09-22,18433.95,5.5302,0.0,0.5475,0.0184,0.553,1.0973,0.0,7.75
TRD30004348,ORD20002942,C100083,2026-09-22,11792.35,0.0,11.7924,0.3502,0.0118,1.7689,0.0652,0.0,13.99
TRD30004349,ORD20000337,C100026,2026-09-22,25660.6,7.6982,0.0,0.7621,0.0257,0.7698,1.5275,0.0,10.78
TRD30004350,ORD20000337,C100026,2026-09-22,47655.4,14.2966,0.0,1.4154,0.0477,1.4297,2.8367,0.0,20.03
TRD30004351,ORD20000950,C100192,2026-09-22,14310.3,0.0,14.3103,0.425,0.0143,0.0,0.0791,15.34,30.17
TRD30004352,ORD20000950,C100192,2026-09-22,28622.4,0.0,28.6224,0.8501,0.0286,0.0,0.1582,0.0,29.66
TRD30004353,ORD20000950,C100192,2026-09-22,23876.5,0.0,23.8765,0.7091,0.0239,0.0,0.1319,0.0,24.74
TRD30004354,ORD20000980,C100102,2026-09-22,12381.0,3.7143,0.0,0.3677,0.0124,0.3714,0.737,0.0,5.2
TRD30004355,ORD20004521,C100100,2026-09-22,36559.85,0.0,36.5598,1.0858,0.0366,0.0,0.202,15.34,53.22
TRD30004356,ORD20003691,C100172,2026-09-22,1196.05,0.3588,0.0,0.0355,0.0012,0.0359,0.0712,0.0,0.5
TRD30004357,ORD20003691,C100172,2026-09-22,1194.85,0.3585,0.0,0.0355,0.0012,0.0358,0.0711,0.0,0.5
TRD30004358,ORD20000823,C100162,2026-09-22,8123.75,2.4371,0.0,0.2413,0.0081,0.2437,0.4836,0.0,3.41
TRD30004359,ORD20000823,C100162,2026-09-22,64942.0,19.4826,0.0,1.9288,0.0649,1.9483,3.8657,0.0,27.29
TRD30004360,ORD20001653,C100065,2026-09-22,27265.15,0.0,27.2652,0.8098,0.0273,0.0,0.1507,15.34,43.59
TRD30004361,ORD20002177,C100165,2026-09-22,2775.45,0.8326,0.6939,0.0824,0.0028,0.0,0.1652,0.0,1.78
TRD30004362,ORD20002177,C100165,2026-09-22,1849.7,0.5549,0.4624,0.0549,0.0018,0.0,0.1101,0.0,1.18
TRD30004363,ORD20002177,C100165,2026-09-22,1850.2,0.5551,0.4626,0.055,0.0019,0.0,0.1101,0.0,1.18
TRD30004364,ORD20004853,C100132,2026-09-22,68875.25,20.0,17.2188,2.0456,0.0689,0.0,3.9806,0.0,43.31
TRD30004365,ORD20002553,C100164,2026-09-22,10890.8,3.2672,0.0,0.3235,0.0109,0.3267,0.6483,0.0,4.58
TRD30004366,ORD20002553,C100164,2026-09-22,2006.2,0.6019,0.0,0.0596,0.002,0.0602,0.1194,0.0,0.84
TRD30004367,ORD20004209,C100135,2026-09-22,1575.0,0.0,1.575,0.0468,0.0016,0.2362,0.0087,0.0,1.87
TRD30004368,ORD20004209,C100135,2026-09-22,115084.5,0.0,115.0845,3.418,0.1151,17.2627,0.636,0.0,136.52
TRD30004369,ORD20004209,C100135,2026-09-22,3416.4,0.0,3.4164,0.1015,0.0034,0.5125,0.0189,0.0,4.05
TRD30004370,ORD20004581,C100119,2026-09-22,62516.0,18.7548,0.0,1.8567,0.0625,1.8755,3.7213,0.0,26.27
TRD30004371,ORD20000049,C100042,2026-09-22,24220.8,0.0,24.2208,0.7194,0.0242,0.0,0.1338,15.34,40.44
TRD30004372,ORD20000049,C100042,2026-09-22,48500.2,0.0,48.5002,1.4405,0.0485,0.0,0.268,0.0,50.26
TRD30004373,ORD20000093,C100180,2026-09-22,35250.75,0.0,35.2508,1.0469,0.0353,5.2876,0.1948,0.0,41.82
TRD30004374,ORD20004570,C100041,2026-09-22,11739.7,0.0,11.7397,0.3487,0.0117,0.0,0.0649,15.34,27.5
TRD30004375,ORD20004570,C100041,2026-09-22,58736.0,0.0,58.736,1.7445,0.0587,0.0,0.3246,0.0,60.86
TRD30004376,ORD20004570,C100041,2026-09-22,46997.2,0.0,46.9972,1.3958,0.047,0.0,0.2597,0.0,48.7
TRD30004377,ORD20003379,C100012,2026-09-22,3174.1,0.0,3.1741,0.0943,0.0032,0.4761,0.0175,0.0,3.77
TRD30004378,ORD20003379,C100012,2026-09-22,6348.2,0.0,6.3482,0.1885,0.0063,0.9522,0.0351,0.0,7.53
TRD30004379,ORD20003379,C100012,2026-09-22,7935.25,0.0,7.9352,0.2357,0.0079,1.1903,0.0439,0.0,9.41
TRD30004380,ORD20001549,C100052,2026-09-22,11306.4,0.0,11.3064,0.3358,0.0113,1.696,0.0625,0.0,13.41
TRD30004381,ORD20001549,C100052,2026-09-22,24228.0,0.0,24.228,0.7196,0.0242,3.6342,0.1339,0.0,28.74
TRD30004382,ORD20000700,C100159,2026-09-22,10292.55,0.0,10.2926,0.3057,0.0103,0.0,0.0569,15.34,26.01
TRD30004383,ORD20000700,C100159,2026-09-22,3430.85,0.0,3.4308,0.1019,0.0034,0.0,0.019,0.0,3.56
TRD30004384,ORD20001521,C100161,2026-09-22,4780.25,1.4341,1.1951,0.142,0.0048,0.0,0.2845,0.0,3.06
TRD30004385,ORD20001521,C100161,2026-09-22,23901.25,7.1704,5.9753,0.7099,0.0239,0.0,1.4227,0.0,15.3
TRD30004386,ORD20001521,C100161,2026-09-22,1912.1,0.5736,0.478,0.0568,0.0019,0.0,0.1138,0.0,1.22
TRD30004387,ORD20004720,C100084,2026-09-22,817.4,0.2452,0.0,0.0243,0.0008,0.0245,0.0487,0.0,0.34
TRD30004388,ORD20004720,C100084,2026-09-22,2452.2,0.7357,0.0,0.0728,0.0025,0.0736,0.146,0.0,1.03
TRD30004389,ORD20004195,C100119,2026-09-23,6308.4,0.0,6.3084,0.1874,0.0063,0.0,0.0349,15.34,21.88
TRD30004390,ORD20004217,C100138,2026-09-23,33882.7,0.0,33.8827,1.0063,0.0339,0.0,0.1872,15.34,50.45
TRD30004391,ORD20000844,C100037,2026-09-23,25224.5,7.5674,0.0,0.7492,0.0252,0.7567,1.5015,0.0,10.6
TRD30004392,ORD20000844,C100037,2026-09-23,40359.2,12.1078,0.0,1.1987,0.0404,1.2108,2.4024,0.0,16.96
TRD30004393,ORD20001049,C100186,2026-09-23,2314.75,0.0,2.3148,0.0687,0.0023,0.3472,0.0128,0.0,2.75
TRD30004394,ORD20001049,C100186,2026-09-23,4629.5,0.0,4.6295,0.1375,0.0046,0.6944,0.0256,0.0,5.49
TRD30004395,ORD20001049,C100186,2026-09-23,13888.5,0.0,13.8885,0.4125,0.0139,2.0833,0.0767,0.0,16.47
TRD30004397,ORD20000364,C100033,2026-09-23,30240.9,9.0723,7.5602,0.8982,0.0302,0.0,1.8001,0.0,19.36
TRD30004396,ORD20003629,C100014,2026-09-23,5696.3,1.7089,0.0,0.1692,0.0057,0.1709,0.3391,0.0,2.39
TRD30004398,ORD20000364,C100033,2026-09-23,20160.6,6.0482,5.0402,0.5988,0.0202,0.0,1.2001,0.0,12.91
TRD30004399,ORD20003644,C100015,2026-09-23,4651.7,1.3955,1.1629,0.1382,0.0047,0.0,0.2769,0.0,2.98
TRD30004400,ORD20004870,C100123,2026-09-23,5774.2,0.0,5.7742,0.1715,0.0058,0.8661,0.0319,0.0,6.85
TRD30004401,ORD20004870,C100123,2026-09-23,14435.5,0.0,14.4355,0.4287,0.0144,2.1653,0.0798,0.0,17.12
TRD30004402,ORD20004870,C100123,2026-09-23,8661.3,0.0,8.6613,0.2572,0.0087,1.2992,0.0479,0.0,10.27
TRD30004403,ORD20004950,C100015,2026-09-23,18446.25,5.5339,4.6116,0.5479,0.0184,0.0,1.098,0.0,11.81
TRD30004404,ORD20004950,C100015,2026-09-23,40581.75,12.1745,10.1454,1.2053,0.0406,0.0,2.4157,0.0,25.98
TRD30004405,ORD20002581,C100177,2026-09-23,2864.8,0.0,2.8648,0.0851,0.0029,0.4297,0.0158,0.0,3.4
TRD30004406,ORD20000662,C100120,2026-09-23,1380.9,0.0,1.3809,0.041,0.0014,0.0,0.0076,15.34,16.77
TRD30004407,ORD20000662,C100120,2026-09-23,129804.6,0.0,129.8046,3.8552,0.1298,0.0,0.7173,0.0,134.51
TRD30004408,ORD20004698,C100047,2026-09-23,8286.5,0.0,8.2865,0.2461,0.0083,0.0,0.0458,15.34,23.93
TRD30004409,ORD20004698,C100047,2026-09-23,1656.2,0.0,1.6562,0.0492,0.0017,0.0,0.0092,0.0,1.72
TRD30004410,ORD20004698,C100047,2026-09-23,1656.4,0.0,1.6564,0.0492,0.0017,0.0,0.0092,0.0,1.72
TRD30004411,ORD20000253,C100144,2026-09-23,2388.3,0.7165,0.0,0.0709,0.0024,0.0716,0.1422,0.0,1.0
TRD30004412,ORD20001744,C100154,2026-09-23,1772.0,0.5316,0.0,0.0526,0.0018,0.0532,0.1055,0.0,0.74
TRD30004413,ORD20004622,C100108,2026-09-23,24716.4,7.4149,6.1791,0.7341,0.0247,0.0,1.4713,0.0,15.82
TRD30004414,ORD20002755,C100111,2026-09-23,147657.6,20.0,0.0,4.3854,0.1477,4.4297,4.416,0.0,33.38
TRD30004415,ORD20000893,C100171,2026-09-23,10239.1,3.0717,0.0,0.3041,0.0102,0.3072,0.6095,0.0,4.3
TRD30004416,ORD20000893,C100171,2026-09-23,14280.85,4.2843,0.0,0.4241,0.0143,0.4284,0.8501,0.0,6.0
TRD30004417,ORD20000893,C100171,2026-09-23,43650.9,13.0953,0.0,1.2964,0.0437,1.3095,2.5984,0.0,18.34
TRD30004418,ORD20000230,C100081,2026-09-23,37906.25,11.3719,37.9062,1.1258,0.0379,5.6859,2.2564,0.0,58.38
TRD30004419,ORD20000230,C100081,2026-09-23,31855.95,9.5568,31.856,0.9461,0.0319,4.7784,1.8963,0.0,49.07
TRD30004420,ORD20000331,C100091,2026-09-23,2436.65,0.731,0.6092,0.0724,0.0024,0.0,0.145,0.0,1.56
TRD30004421,ORD20000331,C100091,2026-09-23,2437.55,0.7313,0.6094,0.0724,0.0024,0.0,0.1451,0.0,1.56
TRD30004422,ORD20002406,C100177,2026-09-23,49253.8,14.7761,0.0,1.4628,0.0493,1.4776,2.9319,0.0,20.7
TRD30004423,ORD20002406,C100177,2026-09-23,12330.05,3.699,0.0,0.3662,0.0123,0.3699,0.734,0.0,5.18
TRD30004424,ORD20002406,C100177,2026-09-23,12321.1,3.6963,0.0,0.3659,0.0123,0.3696,0.7334,0.0,5.18
TRD30004425,ORD20002285,C100163,2026-09-23,59950.8,17.9852,0.0,1.7805,0.06,1.7985,3.5686,0.0,25.19
TRD30004426,ORD20001731,C100088,2026-09-23,2566.8,0.0,2.5668,0.0762,0.0026,0.0,0.0142,15.34,18.0
TRD30004427,ORD20001731,C100088,2026-09-23,46202.4,0.0,46.2024,1.3722,0.0462,0.0,0.2553,0.0,47.88
TRD30004428,ORD20001731,C100088,2026-09-23,18823.2,0.0,18.8232,0.559,0.0188,0.0,0.104,0.0,19.5
TRD30004429,ORD20002680,C100054,2026-09-23,6989.7,2.0969,1.7474,0.2076,0.007,0.0,0.4161,0.0,4.48
TRD30004430,ORD20004094,C100028,2026-09-23,4983.2,1.495,0.0,0.148,0.005,0.1495,0.2966,0.0,2.09
TRD30004431,ORD20004094,C100028,2026-09-23,4988.0,1.4964,0.0,0.1481,0.005,0.1496,0.2969,0.0,2.1
TRD30004432,ORD20001194,C100035,2026-09-23,60434.5,18.1304,15.1086,1.7949,0.0604,0.0,3.5974,0.0,38.69
TRD30004433,ORD20002397,C100101,2026-09-23,10337.4,0.0,10.3374,0.307,0.0103,0.0,0.0571,15.34,26.05
TRD30004434,ORD20002397,C100101,2026-09-23,18951.9,0.0,18.9519,0.5629,0.019,0.0,0.1047,0.0,19.64
TRD30004435,ORD20002397,C100101,2026-09-23,1722.9,0.0,1.7229,0.0512,0.0017,0.0,0.0095,0.0,1.79
TRD30004436,ORD20000053,C100037,2026-09-23,24373.9,7.3122,6.0935,0.7239,0.0244,0.0,1.4509,0.0,15.6
TRD30004437,ORD20000053,C100037,2026-09-23,12186.95,3.6561,3.0467,0.362,0.0122,0.0,0.7254,0.0,7.8
TRD30004438,ORD20004432,C100102,2026-09-23,2341.45,0.7024,0.0,0.0695,0.0023,0.0702,0.1394,0.0,0.98
TRD30004439,ORD20003324,C100013,2026-09-23,5675.25,1.7026,5.6752,0.1686,0.0057,0.8513,0.3378,0.0,8.74
TRD30004440,ORD20003324,C100013,2026-09-23,15134.0,4.5402,15.134,0.4495,0.0151,2.2701,0.9009,0.0,23.31
TRD30004441,ORD20003324,C100013,2026-09-23,48104.5,14.4313,48.1045,1.4287,0.0481,7.2157,2.8635,0.0,74.09
TRD30004442,ORD20004737,C100173,2026-09-23,1627.35,0.4882,0.0,0.0483,0.0016,0.0488,0.0969,0.0,0.68
TRD30004443,ORD20004737,C100173,2026-09-23,3254.7,0.9764,0.0,0.0967,0.0033,0.0976,0.1937,0.0,1.37
TRD30004444,ORD20004737,C100173,2026-09-23,9764.1,2.9292,0.0,0.29,0.0098,0.2929,0.5812,0.0,4.1
TRD30004445,ORD20000748,C100041,2026-09-23,7195.5,2.1586,1.7989,0.2137,0.0072,0.0,0.4283,0.0,4.61
TRD30004446,ORD20000748,C100041,2026-09-23,4797.0,1.4391,1.1992,0.1425,0.0048,0.0,0.2855,0.0,3.07
TRD30004447,ORD20002027,C100159,2026-09-23,20846.8,0.0,20.8468,0.6191,0.0208,0.0,0.1152,15.34,36.94
TRD30004448,ORD20002027,C100159,2026-09-23,6414.4,0.0,6.4144,0.1905,0.0064,0.0,0.0354,0.0,6.65
TRD30004449,ORD20002027,C100159,2026-09-23,28864.8,0.0,28.8648,0.8573,0.0289,0.0,0.1595,0.0,29.91
TRD30004450,ORD20002094,C100021,2026-09-23,12402.0,3.7206,3.1005,0.3683,0.0124,0.0,0.7382,0.0,7.94
TRD30004451,ORD20002094,C100021,2026-09-23,9921.6,2.9765,2.4804,0.2947,0.0099,0.0,0.5906,0.0,6.35
TRD30004452,ORD20004090,C100187,2026-09-23,10755.9,0.0,10.7559,0.3195,0.0108,1.6134,0.0594,0.0,12.76
TRD30004453,ORD20004090,C100187,2026-09-23,1196.45,0.0,1.1964,0.0355,0.0012,0.1795,0.0066,0.0,1.42
TRD30004454,ORD20001864,C100104,2026-09-23,4733.0,0.0,4.733,0.1406,0.0047,0.0,0.0262,15.34,20.24
TRD30004455,ORD20000145,C100025,2026-09-23,3189.55,0.9569,0.7974,0.0947,0.0032,0.0,0.1899,0.0,2.04
TRD30004456,ORD20000145,C100025,2026-09-23,2278.25,0.6835,0.5696,0.0677,0.0023,0.0,0.1356,0.0,1.46
TRD30004457,ORD20000957,C100185,2026-09-23,1112.2,0.3337,0.278,0.033,0.0011,0.0,0.0662,0.0,0.71
TRD30004458,ORD20000957,C100185,2026-09-23,4735.35,1.4206,1.1838,0.1406,0.0047,0.0,0.2819,0.0,3.03
TRD30004459,ORD20003027,C100187,2026-09-23,3676.4,1.1029,0.9191,0.1092,0.0037,0.0,0.2188,0.0,2.35
TRD30004460,ORD20003027,C100187,2026-09-23,9191.0,2.7573,2.2978,0.273,0.0092,0.0,0.5471,0.0,5.88
TRD30004461,ORD20003027,C100187,2026-09-23,38602.2,11.5807,9.6505,1.1465,0.0386,0.0,2.2978,0.0,24.71
TRD30004462,ORD20000733,C100175,2026-09-23,34762.0,10.4286,0.0,1.0324,0.0348,1.0429,2.0692,0.0,14.61
TRD30004463,ORD20004418,C100129,2026-09-23,101914.3,0.0,101.9143,3.0269,0.1019,0.0,0.5632,15.34,120.95
TRD30004464,ORD20002099,C100151,2026-09-23,11461.9,3.4386,2.8655,0.3404,0.0115,0.0,0.6823,0.0,7.34
TRD30004465,ORD20002463,C100165,2026-09-23,5373.6,1.6121,1.3434,0.1596,0.0054,0.0,0.3199,0.0,3.44
TRD30004466,ORD20002825,C100176,2026-09-23,11216.4,0.0,11.2164,0.3331,0.0112,0.0,0.062,15.34,26.96
TRD30004467,ORD20004021,C100007,2026-09-23,2373.25,0.712,0.5933,0.0705,0.0024,0.0,0.1413,0.0,1.52
TRD30004468,ORD20004021,C100007,2026-09-23,1898.6,0.5696,0.4746,0.0564,0.0019,0.0,0.113,0.0,1.22
TRD30004469,ORD20004021,C100007,2026-09-23,5221.15,1.5663,1.3053,0.1551,0.0052,0.0,0.3108,0.0,3.34
TRD30004470,ORD20001018,C100049,2026-09-23,25342.8,7.6028,0.0,0.7527,0.0253,0.7603,1.5086,0.0,10.65
TRD30004471,ORD20001018,C100049,2026-09-23,39371.85,11.8116,0.0,1.1693,0.0394,1.1812,2.3436,0.0,16.55
TRD30004472,ORD20001018,C100049,2026-09-23,7693.35,2.308,0.0,0.2285,0.0077,0.2308,0.458,0.0,3.23
TRD30004473,ORD20002487,C100089,2026-09-23,51118.1,15.3354,0.0,1.5182,0.0511,1.5335,3.0429,0.0,21.48
TRD30004474,ORD20002718,C100134,2026-09-23,31971.6,9.5915,7.9929,0.9496,0.032,0.0,1.9031,0.0,20.47
TRD30004475,ORD20002718,C100134,2026-09-23,29244.6,8.7734,7.3112,0.8686,0.0292,0.0,1.7408,0.0,18.72
TRD30004476,ORD20003912,C100172,2026-09-23,13972.8,4.1918,0.0,0.415,0.014,0.4192,0.8317,0.0,5.87
TRD30004477,ORD20003912,C100172,2026-09-23,19212.6,5.7638,0.0,0.5706,0.0192,0.5764,1.1436,0.0,8.07
TRD30004478,ORD20004373,C100167,2026-09-23,1120.0,0.0,1.12,0.0333,0.0011,0.0,0.0062,15.34,16.5
TRD30004479,ORD20004373,C100167,2026-09-23,5600.0,0.0,5.6,0.1663,0.0056,0.0,0.0309,0.0,5.8
TRD30004480,ORD20002663,C100094,2026-09-23,11849.5,3.5548,2.9624,0.3519,0.0118,0.0,0.7054,0.0,7.59
TRD30004481,ORD20002663,C100094,2026-09-23,1184.95,0.3555,0.2962,0.0352,0.0012,0.0,0.0705,0.0,0.76
TRD30004482,ORD20003512,C100123,2026-09-23,10263.0,0.0,10.263,0.3048,0.0103,0.0,0.0567,15.34,25.97
TRD30004483,ORD20003512,C100123,2026-09-23,24258.0,0.0,24.258,0.7205,0.0243,0.0,0.134,0.0,25.14
TRD30004484,ORD20002293,C100022,2026-09-23,2502.1,0.7506,0.6255,0.0743,0.0025,0.0,0.1489,0.0,1.6
TRD30004485,ORD20002293,C100022,2026-09-23,2503.2,0.751,0.6258,0.0743,0.0025,0.0,0.149,0.0,1.6
TRD30004486,ORD20002689,C100047,2026-09-23,3292.3,0.9877,0.0,0.0978,0.0033,0.0988,0.196,0.0,1.38
TRD30004487,ORD20002689,C100047,2026-09-23,3292.3,0.9877,0.0,0.0978,0.0033,0.0988,0.196,0.0,1.38
TRD30004488,ORD20004251,C100060,2026-09-23,16312.5,4.8938,0.0,0.4845,0.0163,0.4894,0.971,0.0,6.86
TRD30004489,ORD20004251,C100060,2026-09-23,9787.5,2.9362,0.0,0.2907,0.0098,0.2936,0.5826,0.0,4.11
TRD30004490,ORD20004251,C100060,2026-09-23,26100.0,7.83,0.0,0.7752,0.0261,0.783,1.5536,0.0,10.97
TRD30004491,ORD20003791,C100056,2026-09-23,14005.2,4.2016,3.5013,0.416,0.014,0.0,0.8337,0.0,8.97
TRD30004492,ORD20003791,C100056,2026-09-23,5243.85,1.5732,1.311,0.1557,0.0052,0.0,0.3121,0.0,3.36
TRD30004493,ORD20003791,C100056,2026-09-23,36696.45,11.0089,9.1741,1.0899,0.0367,0.0,2.1844,0.0,23.49
TRD30004494,ORD20002001,C100145,2026-09-23,1761.4,0.0,1.7614,0.0523,0.0018,0.2642,0.0097,0.0,2.09
TRD30004495,ORD20004190,C100088,2026-09-23,1705.05,0.5115,0.0,0.0506,0.0017,0.0512,0.1015,0.0,0.72
TRD30004496,ORD20004190,C100088,2026-09-23,1705.05,0.5115,0.0,0.0506,0.0017,0.0512,0.1015,0.0,0.72
TRD30004497,ORD20002583,C100126,2026-09-23,27554.85,8.2665,0.0,0.8184,0.0276,0.8266,1.6402,0.0,11.58
TRD30004498,ORD20002216,C100069,2026-09-23,2928.65,0.0,2.9287,0.087,0.0029,0.0,0.0162,15.34,18.37
TRD30004499,ORD20002216,C100069,2026-09-23,32210.75,0.0,32.2108,0.9567,0.0322,0.0,0.178,0.0,33.38
TRD30004500,ORD20002216,C100069,2026-09-23,26361.9,0.0,26.3619,0.7829,0.0264,0.0,0.1457,0.0,27.32
TRD30004501,ORD20000471,C100169,2026-09-23,36853.7,0.0,36.8537,1.0946,0.0369,5.5281,0.2037,0.0,43.72
TRD30004502,ORD20000471,C100169,2026-09-23,76542.3,0.0,76.5423,2.2733,0.0765,11.4813,0.423,0.0,90.8
TRD30004503,ORD20000471,C100169,2026-09-23,25514.1,0.0,25.5141,0.7578,0.0255,3.8271,0.141,0.0,30.27
TRD30004504,ORD20000016,C100176,2026-09-23,2605.75,0.7817,0.0,0.0774,0.0026,0.0782,0.1551,0.0,1.1
TRD30004505,ORD20000016,C100176,2026-09-23,1116.75,0.335,0.0,0.0332,0.0011,0.0335,0.0665,0.0,0.47
TRD30004506,ORD20000016,C100176,2026-09-23,2978.0,0.8934,0.0,0.0884,0.003,0.0893,0.1773,0.0,1.25
TRD30004507,ORD20004347,C100151,2026-09-23,35982.0,0.0,35.982,1.0687,0.036,0.0,0.1988,15.34,52.63
TRD30004508,ORD20001820,C100003,2026-09-23,27830.25,8.3491,6.9576,0.8266,0.0278,0.0,1.6566,0.0,17.82
TRD30004509,ORD20001820,C100003,2026-09-23,93651.0,20.0,23.4128,2.7814,0.0937,0.0,4.1175,0.0,50.41
TRD30004510,ORD20001834,C100142,2026-09-23,11941.65,0.0,11.9416,0.3547,0.0119,0.0,0.066,15.34,27.71
TRD30004511,ORD20001834,C100142,2026-09-23,6821.2,0.0,6.8212,0.2026,0.0068,0.0,0.0377,0.0,7.07
TRD30004512,ORD20002886,C100152,2026-09-23,4980.6,0.0,4.9806,0.1479,0.005,0.0,0.0275,15.34,20.5
TRD30004513,ORD20002886,C100152,2026-09-23,4984.2,0.0,4.9842,0.148,0.005,0.0,0.0275,0.0,5.16
TRD30004514,ORD20003662,C100111,2026-09-23,23013.75,6.9041,0.0,0.6835,0.023,0.6904,1.3699,0.0,9.67
TRD30004515,ORD20001244,C100132,2026-09-23,5977.5,0.0,5.9775,0.1775,0.006,0.8966,0.033,0.0,7.09
TRD30004516,ORD20001244,C100132,2026-09-23,8958.15,0.0,8.9582,0.2661,0.009,1.3437,0.0495,0.0,10.63
TRD30004517,ORD20001244,C100132,2026-09-23,2985.05,0.0,2.9851,0.0887,0.003,0.4478,0.0165,0.0,3.54
TRD30004518,ORD20002851,C100135,2026-09-23,101790.0,0.0,101.79,3.0232,0.1018,15.2685,0.5625,0.0,120.75
TRD30004519,ORD20004703,C100108,2026-09-23,10908.0,0.0,10.908,0.324,0.0109,0.0,0.0603,15.34,26.64
TRD30004520,ORD20004192,C100088,2026-09-23,2787.95,0.8364,0.0,0.0828,0.0028,0.0836,0.166,0.0,1.17
TRD30004521,ORD20000386,C100084,2026-09-23,61640.25,18.4921,61.6402,1.8307,0.0616,0.0,3.6692,15.34,101.03
TRD30004522,ORD20000386,C100084,2026-09-23,44030.0,13.209,44.03,1.3077,0.044,0.0,2.6209,0.0,61.21
TRD30004523,ORD20003802,C100157,2026-09-23,5098.5,1.5296,0.0,0.1514,0.0051,0.153,0.3035,0.0,2.14
TRD30004524,ORD20003802,C100157,2026-09-23,339.9,0.102,0.0,0.0101,0.0003,0.0102,0.0202,0.0,0.14
TRD30004525,ORD20003802,C100157,2026-09-23,7137.9,2.1414,0.0,0.212,0.0071,0.2141,0.4249,0.0,3.0
TRD30004526,ORD20001984,C100147,2026-09-23,5416.5,0.0,5.4165,0.1609,0.0054,0.8125,0.0299,0.0,6.43
TRD30004527,ORD20001610,C100185,2026-09-23,1555.2,0.4666,0.3888,0.0462,0.0016,0.0,0.0926,0.0,1.0
TRD30004528,ORD20001610,C100185,2026-09-23,1555.2,0.4666,0.3888,0.0462,0.0016,0.0,0.0926,0.0,1.0
TRD30004529,ORD20002701,C100175,2026-09-23,851.7,0.2555,0.2129,0.0253,0.0009,0.0,0.0507,0.0,0.55
TRD30004530,ORD20002701,C100175,2026-09-23,1704.0,0.5112,0.426,0.0506,0.0017,0.0,0.1014,0.0,1.09
TRD30004531,ORD20002701,C100175,2026-09-23,8530.0,2.559,2.1325,0.2533,0.0085,0.0,0.5078,0.0,5.46
TRD30004532,ORD20003461,C100163,2026-09-23,4952.2,1.4857,0.0,0.1471,0.005,0.1486,0.2948,0.0,2.08
TRD30004533,ORD20003636,C100155,2026-09-23,5929.3,1.7788,1.4823,0.1761,0.0059,0.0,0.3529,0.0,3.8
TRD30004534,ORD20003636,C100155,2026-09-23,62485.7,18.7457,15.6214,1.8558,0.0625,0.0,3.7195,0.0,40.0
TRD30004535,ORD20003636,C100155,2026-09-23,455.3,0.1366,0.1138,0.0135,0.0005,0.0,0.0271,0.0,0.29
TRD30004536,ORD20001478,C100112,2026-09-23,55404.0,16.6212,13.851,1.6455,0.0554,0.0,3.298,0.0,35.47
TRD30004537,ORD20001997,C100034,2026-09-23,6698.2,0.0,6.6982,0.1989,0.0067,0.0,0.037,15.34,22.28
TRD30004538,ORD20002723,C100162,2026-09-23,7222.95,0.0,7.223,0.2145,0.0072,0.0,0.0399,15.34,22.82
TRD30004539,ORD20002723,C100162,2026-09-23,4469.4,0.0,4.4694,0.1327,0.0045,0.0,0.0247,0.0,4.63
TRD30004540,ORD20002723,C100162,2026-09-23,1031.85,0.0,1.0318,0.0306,0.001,0.0,0.0057,0.0,1.07
TRD30004541,ORD20002561,C100045,2026-09-23,28485.9,8.5458,7.1215,0.846,0.0285,0.0,1.6957,0.0,18.24
TRD30004542,ORD20002561,C100045,2026-09-23,71674.2,20.0,17.9186,2.1287,0.0717,0.0,3.9961,0.0,44.12
TRD30004543,ORD20002561,C100045,2026-09-23,19296.9,5.7891,4.8242,0.5731,0.0193,0.0,1.1487,0.0,12.35
TRD30004544,ORD20001529,C100142,2026-09-23,980.0,0.294,0.0,0.0291,0.001,0.0294,0.0583,0.0,0.41
TRD30004545,ORD20001529,C100142,2026-09-23,980.7,0.2942,0.0,0.0291,0.001,0.0294,0.0584,0.0,0.41
TRD30004546,ORD20001529,C100142,2026-09-23,489.4,0.1468,0.0,0.0145,0.0005,0.0147,0.0291,0.0,0.21
TRD30004547,ORD20002511,C100081,2026-09-23,1801.4,0.5404,1.8014,0.0535,0.0018,0.0,0.1072,15.34,17.84
TRD30004548,ORD20002511,C100081,2026-09-23,3602.8,1.0808,3.6028,0.107,0.0036,0.0,0.2145,0.0,5.01
TRD30004549,ORD20002566,C100029,2026-09-23,109701.45,20.0,27.4254,3.2581,0.1097,0.0,4.2062,0.0,55.0
TRD30004550,ORD20002375,C100126,2026-09-23,12132.9,0.0,12.1329,0.3603,0.0121,1.8199,0.067,0.0,14.39
TRD30004551,ORD20002375,C100126,2026-09-23,35328.15,0.0,35.3282,1.0492,0.0353,5.2992,0.1952,0.0,41.91
TRD30004553,ORD20004334,C100092,2026-09-23,61293.5,18.388,0.0,1.8204,0.0613,1.8388,3.6486,0.0,25.76
TRD30004552,ORD20002977,C100044,2026-09-23,7268.6,0.0,7.2686,0.2159,0.0073,0.0,0.0402,15.34,22.87
TRD30004554,ORD20002654,C100077,2026-09-23,2215.5,0.0,2.2155,0.0658,0.0022,0.0,0.0122,15.34,17.64
TRD30004555,ORD20002654,C100077,2026-09-23,1772.4,0.0,1.7724,0.0526,0.0018,0.0,0.0098,0.0,1.84
TRD30004556,ORD20002654,C100077,2026-09-23,1772.4,0.0,1.7724,0.0526,0.0018,0.0,0.0098,0.0,1.84
TRD30004557,ORD20004982,C100113,2026-09-23,910.3,0.0,0.9103,0.027,0.0009,0.1365,0.005,0.0,1.08
TRD30004558,ORD20004982,C100113,2026-09-23,910.95,0.0,0.911,0.0271,0.0009,0.1366,0.005,0.0,1.08
TRD30004559,ORD20004982,C100113,2026-09-23,910.15,0.0,0.9102,0.027,0.0009,0.1365,0.005,0.0,1.08
TRD30004562,ORD20001835,C100085,2026-09-23,3305.1,0.0,3.3051,0.0982,0.0033,0.4958,0.0183,0.0,3.92
TRD30004560,ORD20001947,C100057,2026-09-23,43842.5,13.1528,10.9606,1.3021,0.0438,0.0,2.6098,0.0,28.07
TRD30004561,ORD20001947,C100057,2026-09-23,22613.5,6.784,5.6534,0.6716,0.0226,0.0,1.3461,0.0,14.48
TRD30004563,ORD20001835,C100085,2026-09-23,4957.65,0.0,4.9576,0.1472,0.005,0.7436,0.0274,0.0,5.88
TRD30004564,ORD20001835,C100085,2026-09-23,3305.1,0.0,3.3051,0.0982,0.0033,0.4958,0.0183,0.0,3.92
TRD30004565,ORD20002621,C100162,2026-09-23,23386.5,0.0,23.3865,0.6946,0.0234,3.508,0.1292,0.0,27.74
TRD30004566,ORD20002621,C100162,2026-09-23,9355.4,0.0,9.3554,0.2779,0.0094,1.4033,0.0517,0.0,11.1
TRD30004567,ORD20004946,C100062,2026-09-23,29882.5,8.9647,7.4706,0.8875,0.0299,0.0,1.7788,0.0,19.13
TRD30004568,ORD20004946,C100062,2026-09-23,4781.2,1.4344,1.1953,0.142,0.0048,0.0,0.2846,0.0,3.06
TRD30004569,ORD20004034,C100034,2026-09-23,60174.5,18.0523,0.0,1.7872,0.0602,1.8052,3.5819,0.0,25.29
TRD30004570,ORD20004034,C100034,2026-09-23,60174.5,18.0523,0.0,1.7872,0.0602,1.8052,3.5819,0.0,25.29
TRD30004571,ORD20001627,C100171,2026-09-23,28828.8,8.6486,0.0,0.8562,0.0288,0.8649,1.7161,0.0,12.11
TRD30004572,ORD20001627,C100171,2026-09-23,1372.8,0.4118,0.0,0.0408,0.0014,0.0412,0.0817,0.0,0.58
TRD30004573,ORD20001642,C100170,2026-09-23,2050.5,0.0,2.0505,0.0609,0.0021,0.3076,0.0113,0.0,2.43
TRD30004574,ORD20001642,C100170,2026-09-23,2051.9,0.0,2.0519,0.0609,0.0021,0.3078,0.0113,0.0,2.43
TRD30004575,ORD20001642,C100170,2026-09-23,1025.6,0.0,1.0256,0.0305,0.001,0.1538,0.0057,0.0,1.22
TRD30004576,ORD20003861,C100128,2026-09-23,11940.05,0.0,11.94,0.3546,0.0119,1.791,0.066,0.0,14.16
TRD30004577,ORD20002984,C100151,2026-09-23,5975.8,1.7927,1.494,0.1775,0.006,0.0,0.3557,0.0,3.83
TRD30004578,ORD20002984,C100151,2026-09-23,74697.5,20.0,18.6744,2.2185,0.0747,0.0,4.0128,0.0,44.98
TRD30004579,ORD20002984,C100151,2026-09-23,20915.3,6.2746,5.2288,0.6212,0.0209,0.0,1.245,0.0,13.39
TRD30004580,ORD20004578,C100150,2026-09-23,17073.0,5.1219,4.2682,0.5071,0.0171,0.0,1.0163,0.0,10.93
TRD30004581,ORD20002343,C100019,2026-09-23,34266.0,10.2798,0.0,1.0177,0.0343,1.028,2.0397,0.0,14.4
TRD30004582,ORD20002343,C100019,2026-09-23,64556.9,19.3671,0.0,1.9173,0.0646,1.9367,3.8428,0.0,27.13
TRD30004583,ORD20000801,C100005,2026-09-23,29210.4,8.7631,7.3026,0.8675,0.0292,0.0,1.7388,0.0,18.7
TRD30004584,ORD20000801,C100005,2026-09-23,3651.3,1.0954,0.9128,0.1084,0.0037,0.0,0.2173,0.0,2.34
TRD30004585,ORD20000801,C100005,2026-09-23,43815.6,13.1447,10.9539,1.3013,0.0438,0.0,2.6082,0.0,28.05
TRD30004586,ORD20004118,C100105,2026-09-23,1645.7,0.4937,0.0,0.0489,0.0016,0.0494,0.098,0.0,0.69
TRD30004587,ORD20004118,C100105,2026-09-23,6585.0,1.9755,0.0,0.1956,0.0066,0.1976,0.392,0.0,2.77
TRD30004588,ORD20002143,C100107,2026-09-23,1181.85,0.0,1.1818,0.0351,0.0012,0.1773,0.0065,0.0,1.4
TRD30004589,ORD20002143,C100107,2026-09-23,1182.3,0.0,1.1823,0.0351,0.0012,0.1773,0.0065,0.0,1.4
TRD30004590,ORD20003033,C100149,2026-09-23,6084.0,1.8252,6.084,0.1807,0.0061,0.9126,0.3622,0.0,9.37
TRD30004591,ORD20003033,C100149,2026-09-23,6552.0,1.9656,6.552,0.1946,0.0066,0.9828,0.39,0.0,10.09
TRD30004592,ORD20003781,C100103,2026-09-23,2857.6,0.8573,0.7144,0.0849,0.0029,0.0,0.1701,0.0,1.83
TRD30004593,ORD20000916,C100089,2026-09-23,6629.1,0.0,6.6291,0.1969,0.0066,0.9944,0.0366,0.0,7.86
TRD30004594,ORD20000858,C100017,2026-09-23,9697.8,2.9093,2.4244,0.288,0.0097,0.0,0.5773,0.0,6.21
TRD30004595,ORD20004145,C100059,2026-09-23,1913.9,0.5742,0.0,0.0568,0.0019,0.0574,0.1139,0.0,0.8
TRD30004596,ORD20004145,C100059,2026-09-23,1913.9,0.5742,0.0,0.0568,0.0019,0.0574,0.1139,0.0,0.8
TRD30004597,ORD20004145,C100059,2026-09-23,956.95,0.2871,0.0,0.0284,0.001,0.0287,0.057,0.0,0.4
TRD30004598,ORD20001429,C100195,2026-09-23,13591.5,0.0,13.5915,0.4037,0.0136,0.0,0.0751,15.34,29.42
TRD30004599,ORD20004143,C100010,2026-09-23,5004.3,1.5013,5.0043,0.1486,0.005,0.7506,0.2979,0.0,7.71
TRD30004600,ORD20001537,C100103,2026-09-23,2753.55,0.8261,0.6884,0.0818,0.0028,0.0,0.1639,0.0,1.76
TRD30004601,ORD20001537,C100103,2026-09-23,2752.6,0.8258,0.6882,0.0818,0.0028,0.0,0.1639,0.0,1.76
TRD30004602,ORD20001537,C100103,2026-09-23,2754.0,0.8262,0.6885,0.0818,0.0028,0.0,0.1639,0.0,1.76
TRD30004603,ORD20001791,C100064,2026-09-23,2796.0,0.8388,2.796,0.083,0.0028,0.0,0.1664,15.34,19.23
TRD30004604,ORD20001791,C100064,2026-09-23,1398.0,0.4194,1.398,0.0415,0.0014,0.0,0.0832,0.0,1.94
TRD30004605,ORD20000688,C100061,2026-09-23,2998.5,0.8996,0.0,0.0891,0.003,0.09,0.1785,0.0,1.26
TRD30004606,ORD20000688,C100061,2026-09-23,2998.5,0.8996,0.0,0.0891,0.003,0.09,0.1785,0.0,1.26
TRD30004607,ORD20003156,C100155,2026-09-23,5603.15,1.6809,0.0,0.1664,0.0056,0.1681,0.3335,0.0,2.35
TRD30004608,ORD20004307,C100163,2026-09-23,96307.2,20.0,24.0768,2.8603,0.0963,0.0,4.1322,0.0,51.17
TRD30004609,ORD20004307,C100163,2026-09-23,37939.2,11.3818,9.4848,1.1268,0.0379,0.0,2.2584,0.0,24.29
TRD30004610,ORD20003724,C100105,2026-09-23,17340.0,5.202,0.0,0.515,0.0173,0.5202,1.0322,0.0,7.29
TRD30004611,ORD20003724,C100105,2026-09-23,110976.0,20.0,0.0,3.296,0.111,3.3293,4.2133,0.0,30.95
TRD30004612,ORD20003724,C100105,2026-09-23,15028.0,4.5084,0.0,0.4463,0.015,0.4508,0.8946,0.0,6.32
TRD30004613,ORD20004541,C100123,2026-09-23,31762.9,9.5289,7.9407,0.9434,0.0318,0.0,1.8907,0.0,20.34
TRD30004614,ORD20004519,C100026,2026-09-23,20429.2,0.0,20.4292,0.6067,0.0204,0.0,0.1129,15.34,36.51
TRD30004615,ORD20004519,C100026,2026-09-23,10214.6,0.0,10.2146,0.3034,0.0102,0.0,0.0564,0.0,10.58
TRD30004616,ORD20004519,C100026,2026-09-23,2785.8,0.0,2.7858,0.0827,0.0028,0.0,0.0154,0.0,2.89
TRD30004617,ORD20004711,C100009,2026-09-23,21135.2,6.3406,5.2838,0.6277,0.0211,0.0,1.2581,0.0,13.53
TRD30004618,ORD20004711,C100009,2026-09-23,1822.0,0.5466,0.4555,0.0541,0.0018,0.0,0.1085,0.0,1.17
TRD30004619,ORD20004711,C100009,2026-09-23,2550.8,0.7652,0.6377,0.0758,0.0026,0.0,0.1518,0.0,1.63
TRD30004620,ORD20000092,C100104,2026-09-23,4113.9,0.0,4.1139,0.1222,0.0041,0.0,0.0227,15.34,19.6
TRD30004621,ORD20003319,C100118,2026-09-23,6831.75,2.0495,1.7079,0.2029,0.0068,0.0,0.4067,0.0,4.37
TRD30004622,ORD20001109,C100131,2026-09-23,11756.75,3.527,2.9392,0.3492,0.0118,0.0,0.6998,0.0,7.53
TRD30004623,ORD20001109,C100131,2026-09-23,1720.5,0.5162,0.4301,0.0511,0.0017,0.0,0.1024,0.0,1.1
TRD30004624,ORD20002742,C100165,2026-09-23,865.6,0.2597,0.2164,0.0257,0.0009,0.0,0.0515,0.0,0.55
TRD30004625,ORD20002742,C100165,2026-09-23,12559.9,3.768,3.14,0.373,0.0126,0.0,0.7476,0.0,8.04
TRD30004626,ORD20002742,C100165,2026-09-23,1298.25,0.3895,0.3246,0.0386,0.0013,0.0,0.0773,0.0,0.83
TRD30004627,ORD20003869,C100096,2026-09-23,30056.95,0.0,30.057,0.8927,0.0301,4.5085,0.1661,0.0,35.65
TRD30004628,ORD20001353,C100122,2026-09-23,3924.9,0.0,3.9249,0.1166,0.0039,0.0,0.0217,15.34,19.41
TRD30004629,ORD20001353,C100122,2026-09-23,3924.9,0.0,3.9249,0.1166,0.0039,0.0,0.0217,0.0,4.07
TRD30004630,ORD20004925,C100004,2026-09-23,3462.1,1.0386,0.8655,0.1028,0.0035,0.0,0.2061,0.0,2.22
TRD30004631,ORD20003529,C100066,2026-09-23,6658.4,1.9975,0.0,0.1978,0.0067,0.1998,0.3963,0.0,2.8
TRD30004632,ORD20001385,C100020,2026-09-23,27804.15,0.0,27.8042,0.8258,0.0278,0.0,0.1536,15.34,44.15
TRD30004633,ORD20001385,C100020,2026-09-23,27804.15,0.0,27.8042,0.8258,0.0278,0.0,0.1536,0.0,28.81
TRD30004634,ORD20004885,C100104,2026-09-23,10581.75,3.1745,0.0,0.3143,0.0106,0.3175,0.6299,0.0,4.45
TRD30004635,ORD20004885,C100104,2026-09-23,22339.25,6.7018,0.0,0.6635,0.0223,0.6702,1.3298,0.0,9.39
TRD30004636,ORD20002842,C100117,2026-09-23,4805.3,1.4416,0.0,0.1427,0.0048,0.1442,0.286,0.0,2.02
TRD30004637,ORD20002842,C100117,2026-09-23,2396.95,0.7191,0.0,0.0712,0.0024,0.0719,0.1427,0.0,1.01
TRD30004638,ORD20002842,C100117,2026-09-23,4803.2,1.441,0.0,0.1427,0.0048,0.1441,0.2859,0.0,2.02
TRD30004639,ORD20004035,C100133,2026-09-23,26448.75,7.9346,6.6122,0.7855,0.0264,0.0,1.5744,0.0,16.93
TRD30004640,ORD20002082,C100114,2026-09-23,1751.75,0.0,1.7518,0.052,0.0018,0.0,0.0097,15.34,17.16
TRD30004641,ORD20002082,C100114,2026-09-23,10510.5,0.0,10.5105,0.3122,0.0105,0.0,0.0581,0.0,10.89
TRD30004642,ORD20001175,C100087,2026-09-23,48048.0,14.4144,12.012,1.427,0.048,0.0,2.8601,0.0,30.76
TRD30004643,ORD20001175,C100087,2026-09-23,21996.0,6.5988,5.499,0.6533,0.022,0.0,1.3093,0.0,14.08
TRD30004644,ORD20004673,C100055,2026-09-23,1721.45,0.5164,0.4304,0.0511,0.0017,0.0,0.1025,0.0,1.1
TRD30004645,ORD20004673,C100055,2026-09-23,10328.7,3.0986,2.5822,0.3068,0.0103,0.0,0.6148,0.0,6.61
TRD30004646,ORD20002641,C100078,2026-09-23,7901.6,2.3705,0.0,0.2347,0.0079,0.237,0.4704,0.0,3.32
TRD30004647,ORD20002641,C100078,2026-09-23,1693.8,0.5081,0.0,0.0503,0.0017,0.0508,0.1008,0.0,0.71
TRD30004648,ORD20002641,C100078,2026-09-23,1693.8,0.5081,0.0,0.0503,0.0017,0.0508,0.1008,0.0,0.71
TRD30004649,ORD20003325,C100016,2026-09-23,3317.4,0.0,3.3174,0.0985,0.0033,0.4976,0.0183,0.0,3.94
TRD30004650,ORD20003325,C100016,2026-09-23,1658.7,0.0,1.6587,0.0493,0.0017,0.2488,0.0092,0.0,1.97
TRD30004651,ORD20000751,C100121,2026-09-23,6441.4,1.9324,1.6104,0.1913,0.0064,0.0,0.3834,0.0,4.12
TRD30004652,ORD20000751,C100121,2026-09-23,11266.15,3.3798,2.8165,0.3346,0.0113,0.0,0.6706,0.0,7.21
TRD30004653,ORD20004466,C100119,2026-09-23,8524.95,0.0,8.525,0.2532,0.0085,1.2787,0.0471,0.0,10.11
TRD30004654,ORD20004466,C100119,2026-09-23,1216.95,0.0,1.217,0.0361,0.0012,0.1825,0.0067,0.0,1.44
TRD30004655,ORD20000425,C100047,2026-09-23,2911.0,0.8733,0.7278,0.0865,0.0029,0.0,0.1733,0.0,1.86
TRD30004656,ORD20000425,C100047,2026-09-23,8733.0,2.6199,2.1832,0.2594,0.0087,0.0,0.5198,0.0,5.59
TRD30004657,ORD20000567,C100149,2026-09-23,57888.0,17.3664,57.888,1.7193,0.0579,0.0,3.4458,15.34,95.82
TRD30004658,ORD20000567,C100149,2026-09-23,4824.0,1.4472,4.824,0.1433,0.0048,0.0,0.2872,0.0,6.71
TRD30004659,ORD20002073,C100026,2026-09-23,11867.4,3.5602,0.0,0.3525,0.0119,0.356,0.7064,0.0,4.99
TRD30004660,ORD20004271,C100181,2026-09-23,26678.1,8.0034,0.0,0.7923,0.0267,0.8003,1.588,0.0,11.21
TRD30004661,ORD20004271,C100181,2026-09-23,101219.85,20.0,0.0,3.0062,0.1012,3.0366,4.1593,0.0,30.3
TRD30004662,ORD20003242,C100148,2026-09-23,11618.6,3.4856,2.9046,0.3451,0.0116,0.0,0.6916,0.0,7.44
TRD30004663,ORD20002504,C100163,2026-09-23,11988.9,0.0,11.9889,0.3561,0.012,1.7983,0.0663,0.0,14.22
TRD30004664,ORD20002828,C100181,2026-09-23,8454.25,2.5363,2.1136,0.2511,0.0085,0.0,0.5032,0.0,5.41
TRD30004665,ORD20002828,C100181,2026-09-23,3623.25,1.087,0.9058,0.1076,0.0036,0.0,0.2157,0.0,2.32
TRD30004666,ORD20001116,C100184,2026-09-23,3711.15,1.1133,0.9278,0.1102,0.0037,0.0,0.2209,0.0,2.38
TRD30004667,ORD20000919,C100124,2026-09-23,1332.6,0.3998,0.3332,0.0396,0.0013,0.0,0.0793,0.0,0.85
TRD30004668,ORD20000919,C100124,2026-09-23,3990.6,1.1972,0.9976,0.1185,0.004,0.0,0.2375,0.0,2.55
TRD30004669,ORD20000919,C100124,2026-09-23,1775.6,0.5327,0.4439,0.0527,0.0018,0.0,0.1057,0.0,1.14
TRD30004670,ORD20003907,C100193,2026-09-23,36353.4,10.906,0.0,1.0797,0.0364,1.0906,2.164,0.0,15.28
TRD30004671,ORD20003907,C100193,2026-09-23,24195.2,7.2586,0.0,0.7186,0.0242,0.7259,1.4402,0.0,10.17
TRD30004672,ORD20003907,C100193,2026-09-23,3026.4,0.9079,0.0,0.0899,0.003,0.0908,0.1801,0.0,1.27
TRD30004673,ORD20002646,C100112,2026-09-23,35587.8,10.6763,0.0,1.057,0.0356,1.0676,2.1184,0.0,14.95
TRD30004674,ORD20002646,C100112,2026-09-23,32663.4,9.799,0.0,0.9701,0.0327,0.9799,1.9443,0.0,13.73
TRD30004675,ORD20003711,C100018,2026-09-23,4868.5,0.0,4.8685,0.1446,0.0049,0.7303,0.0269,0.0,5.78
TRD30004676,ORD20000669,C100145,2026-09-23,70479.45,20.0,17.6199,2.0932,0.0705,0.0,3.9895,0.0,43.77
TRD30004677,ORD20003887,C100127,2026-09-23,28346.65,0.0,28.3466,0.8419,0.0283,4.252,0.1566,0.0,33.63
TRD30004678,ORD20003067,C100043,2026-09-23,1295.8,0.3887,0.324,0.0385,0.0013,0.0,0.0771,0.0,0.83
TRD30004679,ORD20003067,C100043,2026-09-23,2591.6,0.7775,0.6479,0.077,0.0026,0.0,0.1543,0.0,1.66
TRD30004680,ORD20003067,C100043,2026-09-23,1295.8,0.3887,0.324,0.0385,0.0013,0.0,0.0771,0.0,0.83
TRD30004681,ORD20003556,C100130,2026-09-23,73920.0,20.0,18.48,2.1954,0.0739,0.0,4.0085,0.0,44.76
TRD30004682,ORD20003556,C100130,2026-09-23,23100.0,6.93,5.775,0.6861,0.0231,0.0,1.3751,0.0,14.79
TRD30004683,ORD20003556,C100130,2026-09-23,38346.0,11.5038,9.5865,1.1389,0.0383,0.0,2.2826,0.0,24.55
TRD30004684,ORD20001951,C100152,2026-09-23,4236.3,0.0,4.2363,0.1258,0.0042,0.6354,0.0234,0.0,5.03
TRD30004685,ORD20001951,C100152,2026-09-23,47991.0,0.0,47.991,1.4253,0.048,7.1986,0.2652,0.0,56.93
TRD30004686,ORD20001951,C100152,2026-09-23,11294.8,0.0,11.2948,0.3355,0.0113,1.6942,0.0624,0.0,13.4
TRD30004687,ORD20001633,C100082,2026-09-23,1352.85,0.0,1.3528,0.0402,0.0014,0.0,0.0075,15.34,16.74
TRD30004688,ORD20001633,C100082,2026-09-23,8137.2,0.0,8.1372,0.2417,0.0081,0.0,0.045,0.0,8.43
TRD30004689,ORD20001633,C100082,2026-09-23,85320.9,0.0,85.3209,2.534,0.0853,0.0,0.4715,0.0,88.41
TRD30004690,ORD20004057,C100178,2026-09-23,14269.8,4.2809,0.0,0.4238,0.0143,0.4281,0.8494,0.0,6.0
TRD30004691,ORD20004057,C100178,2026-09-23,2378.25,0.7135,0.0,0.0706,0.0024,0.0713,0.1416,0.0,1.0
TRD30004692,ORD20004057,C100178,2026-09-23,7128.15,2.1384,0.0,0.2117,0.0071,0.2138,0.4243,0.0,3.0
TRD30004693,ORD20003572,C100124,2026-09-23,11948.05,3.5844,2.987,0.3549,0.0119,0.0,0.7112,0.0,7.65
TRD30004694,ORD20004601,C100163,2026-09-23,24405.0,7.3215,6.1012,0.7248,0.0244,0.0,1.4527,0.0,15.62
TRD30004695,ORD20003549,C100031,2026-09-23,8853.0,0.0,8.853,0.2629,0.0089,1.328,0.0489,0.0,10.5
TRD30004696,ORD20002152,C100027,2026-09-23,5730.45,1.7191,0.0,0.1702,0.0057,0.1719,0.3411,0.0,2.41
TRD30004697,ORD20002152,C100027,2026-09-23,26742.1,8.0226,0.0,0.7942,0.0267,0.8023,1.5919,0.0,11.24
TRD30004698,ORD20000649,C100169,2026-09-23,1635.3,0.0,1.6353,0.0486,0.0016,0.0,0.009,15.34,17.03
TRD30004699,ORD20000649,C100169,2026-09-23,1633.7,0.0,1.6337,0.0485,0.0016,0.0,0.009,0.0,1.69
TRD30004700,ORD20000628,C100185,2026-09-23,60405.25,18.1216,0.0,1.794,0.0604,1.8122,3.5957,0.0,25.38
TRD30004701,ORD20003690,C100029,2026-09-23,17914.05,0.0,17.914,0.532,0.0179,2.6871,0.099,0.0,21.25
TRD30004702,ORD20003690,C100029,2026-09-23,71656.2,0.0,71.6562,2.1282,0.0717,10.7484,0.396,0.0,85.0
TRD30004703,ORD20004395,C100060,2026-09-23,1777.6,0.0,1.7776,0.0528,0.0018,0.0,0.0098,15.34,17.18
TRD30004704,ORD20004395,C100060,2026-09-23,4451.0,0.0,4.451,0.1322,0.0045,0.0,0.0246,0.0,4.61
TRD30004705,ORD20002062,C100153,2026-09-23,1738.8,0.5216,0.4347,0.0516,0.0017,0.0,0.1035,0.0,1.11
TRD30004706,ORD20002062,C100153,2026-09-23,22169.7,6.6509,5.5424,0.6584,0.0222,0.0,1.3197,0.0,14.19
TRD30004707,ORD20002062,C100153,2026-09-23,5651.1,1.6953,1.4128,0.1678,0.0057,0.0,0.3364,0.0,3.62
TRD30004708,ORD20002976,C100025,2026-09-23,4377.45,1.3132,1.0944,0.13,0.0044,0.0,0.2606,0.0,2.8
TRD30004709,ORD20002976,C100025,2026-09-23,2913.3,0.874,0.7283,0.0865,0.0029,0.0,0.1734,0.0,1.87
TRD30004710,ORD20002753,C100002,2026-09-23,23497.0,7.0491,0.0,0.6979,0.0235,0.7049,1.3987,0.0,9.87
TRD30004711,ORD20002702,C100047,2026-09-23,42202.8,12.6608,10.5507,1.2534,0.0422,0.0,2.5122,0.0,27.02
TRD30004712,ORD20002702,C100047,2026-09-23,21101.4,6.3304,5.2754,0.6267,0.0211,0.0,1.2561,0.0,13.51
TRD30004713,ORD20002166,C100185,2026-09-23,29799.0,8.9397,7.4498,0.885,0.0298,0.0,1.7738,0.0,19.08
TRD30004714,ORD20002166,C100185,2026-09-23,2979.9,0.894,0.745,0.0885,0.003,0.0,0.1774,0.0,1.91
TRD30004715,ORD20003604,C100054,2026-09-23,81903.5,20.0,0.0,2.4325,0.0819,2.4571,4.0526,0.0,29.02
TRD30004716,ORD20003604,C100054,2026-09-23,23401.0,7.0203,0.0,0.695,0.0234,0.702,1.393,0.0,9.83
TRD30004717,ORD20002111,C100037,2026-09-23,50912.4,15.2737,0.0,1.5121,0.0509,1.5274,3.0306,0.0,21.39
TRD30004718,ORD20001261,C100146,2026-09-23,12729.0,0.0,12.729,0.3781,0.0127,1.9094,0.0703,0.0,15.1
TRD30004719,ORD20001126,C100045,2026-09-23,91229.1,0.0,91.2291,2.7095,0.0912,0.0,0.5041,15.34,109.87
TRD30004720,ORD20002107,C100198,2026-09-23,12196.3,3.6589,3.0491,0.3622,0.0122,0.0,0.726,0.0,7.81
TRD30004721,ORD20000862,C100081,2026-09-23,50162.4,15.0487,0.0,1.4898,0.0502,1.5049,2.986,0.0,21.08
TRD30004722,ORD20000862,C100081,2026-09-23,50162.4,15.0487,0.0,1.4898,0.0502,1.5049,2.986,0.0,21.08
TRD30004723,ORD20000862,C100081,2026-09-23,36228.4,10.8685,0.0,1.076,0.0362,1.0869,2.1565,0.0,15.22
TRD30004724,ORD20004699,C100120,2026-09-23,77015.9,20.0,19.254,2.2874,0.077,0.0,4.0256,0.0,45.64
TRD30004725,ORD20002172,C100169,2026-09-23,6874.25,0.0,6.8742,0.2042,0.0069,0.0,0.038,15.34,22.46
TRD30004726,ORD20002172,C100169,2026-09-23,4124.55,0.0,4.1246,0.1225,0.0041,0.0,0.0228,0.0,4.27
TRD30004727,ORD20002172,C100169,2026-09-23,1374.85,0.0,1.3748,0.0408,0.0014,0.0,0.0076,0.0,1.42
TRD30004728,ORD20004537,C100131,2026-09-23,1616.3,0.0,1.6163,0.048,0.0016,0.0,0.0089,15.34,17.01
TRD30004729,ORD20001146,C100179,2026-09-23,952.15,0.2856,0.0,0.0283,0.001,0.0286,0.0567,0.0,0.4
TRD30004730,ORD20001146,C100179,2026-09-23,4766.75,1.43,0.0,0.1416,0.0048,0.143,0.2837,0.0,2.0
TRD30004731,ORD20000397,C100164,2026-09-23,46976.0,0.0,46.976,1.3952,0.047,7.0464,0.2596,0.0,55.72
TRD30004732,ORD20000397,C100164,2026-09-23,47010.0,0.0,47.01,1.3962,0.047,7.0515,0.2598,0.0,55.76
TRD30004733,ORD20004979,C100124,2026-09-23,65436.0,19.6308,16.359,1.9434,0.0654,0.0,3.8951,0.0,41.89
TRD30004734,ORD20004975,C100124,2026-09-23,5847.4,1.7542,0.0,0.1737,0.0058,0.1754,0.3481,0.0,2.46
TRD30004735,ORD20004975,C100124,2026-09-23,14618.5,4.3855,0.0,0.4342,0.0146,0.4386,0.8702,0.0,6.14
TRD30004736,ORD20003642,C100010,2026-09-23,52569.3,15.7708,52.5693,1.5613,0.0526,0.0,3.1292,15.34,88.42
TRD30004737,ORD20003642,C100010,2026-09-23,12512.5,3.7538,12.5125,0.3716,0.0125,0.0,0.7448,0.0,17.4
TRD30004738,ORD20000468,C100039,2026-09-23,1380.3,0.4141,0.0,0.041,0.0014,0.0414,0.0822,0.0,0.58
TRD30004739,ORD20000468,C100039,2026-09-23,5521.2,1.6564,0.0,0.164,0.0055,0.1656,0.3287,0.0,2.32
TRD30004740,ORD20004417,C100172,2026-09-23,112950.4,20.0,28.2376,3.3546,0.113,0.0,4.2242,0.0,55.93
TRD30004741,ORD20000781,C100149,2026-09-23,2845.2,0.8536,0.7113,0.0845,0.0028,0.0,0.1694,0.0,1.82
TRD30004742,ORD20000781,C100149,2026-09-23,1896.8,0.569,0.4742,0.0563,0.0019,0.0,0.1129,0.0,1.21
TRD30004743,ORD20002850,C100017,2026-09-23,13609.4,0.0,13.6094,0.4042,0.0136,0.0,0.0752,15.34,29.44
TRD30004744,ORD20002843,C100063,2026-09-23,4621.0,0.0,4.621,0.1372,0.0046,0.0,0.0255,15.34,20.13
TRD30004745,ORD20002843,C100063,2026-09-23,1155.25,0.0,1.1553,0.0343,0.0012,0.0,0.0064,0.0,1.2
TRD30004746,ORD20000646,C100122,2026-09-24,59350.0,17.805,0.0,1.7627,0.0594,1.7805,3.5329,0.0,24.94
TRD30004747,ORD20002264,C100052,2026-09-24,24238.55,0.0,24.2386,0.7199,0.0242,3.6358,0.1339,0.0,28.75
TRD30004748,ORD20003088,C100081,2026-09-24,101879.4,20.0,25.4698,3.0258,0.1019,0.0,4.163,0.0,52.76
TRD30004749,ORD20003088,C100081,2026-09-24,29108.4,8.7325,7.2771,0.8645,0.0291,0.0,1.7327,0.0,18.64
TRD30004750,ORD20003088,C100081,2026-09-24,4851.4,1.4554,1.2128,0.1441,0.0049,0.0,0.2888,0.0,3.11
TRD30004751,ORD20003074,C100107,2026-09-24,1215.8,0.3647,0.0,0.0361,0.0012,0.0365,0.0724,0.0,0.51
TRD30004752,ORD20003074,C100107,2026-09-24,3649.35,1.0948,0.0,0.1084,0.0036,0.1095,0.2172,0.0,1.53
TRD30004753,ORD20003074,C100107,2026-09-24,1216.95,0.3651,0.0,0.0361,0.0012,0.0365,0.0724,0.0,0.51
TRD30004754,ORD20003480,C100049,2026-09-24,4933.05,0.0,4.9331,0.1465,0.0049,0.0,0.0273,15.34,20.45
TRD30004755,ORD20003480,C100049,2026-09-24,8221.75,0.0,8.2218,0.2442,0.0082,0.0,0.0454,0.0,8.52
TRD30004756,ORD20004282,C100180,2026-09-24,1945.9,0.0,1.9459,0.0578,0.0019,0.2919,0.0108,0.0,2.31
TRD30004757,ORD20004282,C100180,2026-09-24,3898.2,0.0,3.8982,0.1158,0.0039,0.5847,0.0215,0.0,4.62
TRD30004758,ORD20004282,C100180,2026-09-24,974.1,0.0,0.9741,0.0289,0.001,0.1461,0.0054,0.0,1.16
TRD30004759,ORD20000677,C100148,2026-09-24,2343.65,0.7031,0.5859,0.0696,0.0023,0.0,0.1395,0.0,1.5
TRD30004760,ORD20000948,C100007,2026-09-24,7984.9,2.3955,1.9962,0.2372,0.008,0.0,0.4753,0.0,5.11
TRD30004761,ORD20000948,C100007,2026-09-24,1409.1,0.4227,0.3523,0.0419,0.0014,0.0,0.0839,0.0,0.9
TRD30004762,ORD20000948,C100007,2026-09-24,6106.1,1.8318,1.5265,0.1814,0.0061,0.0,0.3635,0.0,3.91
TRD30004763,ORD20000863,C100176,2026-09-24,4951.8,0.0,4.9518,0.1471,0.005,0.7428,0.0274,0.0,5.87
TRD30004764,ORD20000863,C100176,2026-09-24,4956.1,0.0,4.9561,0.1472,0.005,0.7434,0.0274,0.0,5.88
TRD30004765,ORD20000863,C100176,2026-09-24,2477.35,0.0,2.4774,0.0736,0.0025,0.3716,0.0137,0.0,2.94
TRD30004766,ORD20001540,C100156,2026-09-24,2841.85,0.8526,0.7105,0.0844,0.0028,0.0,0.1692,0.0,1.82
TRD30004767,ORD20001540,C100156,2026-09-24,5686.6,1.706,1.4216,0.1689,0.0057,0.0,0.3385,0.0,3.64
TRD30004769,ORD20004083,C100111,2026-09-24,11842.6,3.5528,0.0,0.3517,0.0118,0.3553,0.7049,0.0,4.98
TRD30004768,ORD20001540,C100156,2026-09-24,2837.5,0.8512,0.7094,0.0843,0.0028,0.0,0.1689,0.0,1.82
TRD30004770,ORD20004083,C100111,2026-09-24,6759.6,2.0279,0.0,0.2008,0.0068,0.2028,0.4024,0.0,2.84
TRD30004771,ORD20003626,C100096,2026-09-24,39040.3,11.7121,9.7601,1.1595,0.039,0.0,2.3239,0.0,24.99
TRD30004772,ORD20001898,C100032,2026-09-24,1584.3,0.4753,0.3961,0.0471,0.0016,0.0,0.0943,0.0,1.01
TRD30004773,ORD20001898,C100032,2026-09-24,791.7,0.2375,0.1979,0.0235,0.0008,0.0,0.0471,0.0,0.51
TRD30004774,ORD20003262,C100052,2026-09-24,4680.7,1.4042,0.0,0.139,0.0047,0.1404,0.2786,0.0,1.97
TRD30004775,ORD20003262,C100052,2026-09-24,4682.7,1.4048,0.0,0.1391,0.0047,0.1405,0.2787,0.0,1.97
TRD30004776,ORD20000240,C100084,2026-09-24,9346.75,2.804,9.3468,0.2776,0.0093,1.402,0.5564,0.0,14.4
TRD30004777,ORD20000240,C100084,2026-09-24,25903.85,7.7712,25.9038,0.7693,0.0259,3.8856,1.542,0.0,39.9
TRD30004778,ORD20000737,C100157,2026-09-24,72590.0,20.0,0.0,2.1559,0.0726,2.1777,4.0011,0.0,28.41
TRD30004779,ORD20000737,C100157,2026-09-24,7259.0,2.1777,0.0,0.2156,0.0073,0.2178,0.4321,0.0,3.05
TRD30004780,ORD20000737,C100157,2026-09-24,47909.4,14.3728,0.0,1.4229,0.0479,1.4373,2.8519,0.0,20.13
TRD30004781,ORD20001135,C100178,2026-09-24,11707.25,3.5122,2.9268,0.3477,0.0117,0.0,0.6969,0.0,7.5
TRD30004782,ORD20000599,C100019,2026-09-24,2283.0,0.6849,0.5708,0.0678,0.0023,0.0,0.1359,0.0,1.46
TRD30004783,ORD20000599,C100019,2026-09-24,2283.15,0.6849,0.5708,0.0678,0.0023,0.0,0.1359,0.0,1.46
TRD30004784,ORD20000599,C100019,2026-09-24,2284.6,0.6854,0.5711,0.0679,0.0023,0.0,0.136,0.0,1.46
TRD30004785,ORD20001704,C100067,2026-09-24,3856.05,0.0,3.856,0.1145,0.0039,0.0,0.0213,15.34,19.34
TRD30004786,ORD20001704,C100067,2026-09-24,3856.05,0.0,3.856,0.1145,0.0039,0.0,0.0213,0.0,4.0
TRD30004787,ORD20000891,C100137,2026-09-24,12381.25,3.7144,12.3812,0.3677,0.0124,0.0,0.737,15.34,32.55
TRD30004788,ORD20000891,C100137,2026-09-24,34667.5,10.4002,34.6675,1.0296,0.0347,0.0,2.0636,0.0,48.2
TRD30004789,ORD20000891,C100137,2026-09-24,22286.25,6.6859,22.2862,0.6619,0.0223,0.0,1.3266,0.0,30.98
TRD30004790,ORD20002978,C100172,2026-09-24,24065.4,7.2196,0.0,0.7147,0.0241,0.722,1.4325,0.0,10.11
TRD30004791,ORD20002978,C100172,2026-09-24,24084.8,7.2254,0.0,0.7153,0.0241,0.7225,1.4337,0.0,10.12
TRD30004792,ORD20002978,C100172,2026-09-24,12045.15,3.6135,0.0,0.3577,0.012,0.3614,0.717,0.0,5.06
TRD30004793,ORD20004972,C100160,2026-09-24,9429.5,2.8288,2.3574,0.2801,0.0094,0.0,0.5613,0.0,6.04
TRD30004794,ORD20004388,C100121,2026-09-24,7499.4,2.2498,0.0,0.2227,0.0075,0.225,0.4464,0.0,3.15
TRD30004795,ORD20004388,C100121,2026-09-24,12499.0,3.7497,0.0,0.3712,0.0125,0.375,0.744,0.0,5.25
TRD30004796,ORD20002372,C100189,2026-09-24,2482.0,0.0,2.482,0.0737,0.0025,0.0,0.0137,15.34,17.91
TRD30004797,ORD20004363,C100076,2026-09-24,1233.7,0.3701,0.0,0.0366,0.0012,0.037,0.0734,0.0,0.52
TRD30004798,ORD20004363,C100076,2026-09-24,1233.7,0.3701,0.0,0.0366,0.0012,0.037,0.0734,0.0,0.52
TRD30004799,ORD20004363,C100076,2026-09-24,2467.4,0.7402,0.0,0.0733,0.0025,0.074,0.1469,0.0,1.04
TRD30004800,ORD20002838,C100150,2026-09-24,61776.25,18.5329,0.0,1.8348,0.0618,1.8533,3.6773,0.0,25.96
TRD30004801,ORD20003381,C100050,2026-09-24,63218.6,18.9656,0.0,1.8776,0.0632,1.8966,3.7632,0.0,26.57
TRD30004802,ORD20003554,C100199,2026-09-24,6543.6,0.0,6.5436,0.1943,0.0065,0.9815,0.0362,0.0,7.76
TRD30004803,ORD20003493,C100109,2026-09-24,67332.85,20.0,16.8332,1.9998,0.0673,0.0,3.9721,0.0,42.87
TRD30004804,ORD20003493,C100109,2026-09-24,50262.55,15.0788,12.5656,1.4928,0.0503,0.0,2.9919,0.0,32.18
TRD30004805,ORD20003493,C100109,2026-09-24,29398.85,8.8197,7.3497,0.8731,0.0294,0.0,1.75,0.0,18.82
TRD30004806,ORD20001443,C100018,2026-09-24,66293.5,19.888,0.0,1.9689,0.0663,1.9888,3.9462,0.0,27.86
TRD30004807,ORD20003000,C100108,2026-09-24,13825.05,4.1475,0.0,0.4106,0.0138,0.4148,0.8229,0.0,5.81
TRD30004808,ORD20000951,C100094,2026-09-24,126228.8,20.0,31.5572,3.749,0.1262,0.0,4.2975,0.0,59.73
TRD30004809,ORD20000951,C100094,2026-09-24,3944.65,1.1834,0.9862,0.1172,0.0039,0.0,0.2348,0.0,2.53
TRD30004810,ORD20004843,C100049,2026-09-24,24208.0,7.2624,0.0,0.719,0.0242,0.7262,1.441,0.0,10.17
TRD30004811,ORD20004843,C100049,2026-09-24,76931.1,20.0,0.0,2.2849,0.0769,2.3079,4.0251,0.0,28.69
TRD30004812,ORD20002849,C100089,2026-09-24,35548.8,10.6646,8.8872,1.0558,0.0355,0.0,2.1161,0.0,22.76
TRD30004813,ORD20002849,C100089,2026-09-24,23334.15,7.0002,5.8335,0.693,0.0233,0.0,1.389,0.0,14.94
TRD30004814,ORD20002849,C100089,2026-09-24,18877.65,5.6633,4.7194,0.5607,0.0189,0.0,1.1237,0.0,12.09
TRD30004815,ORD20003473,C100121,2026-09-24,17316.2,5.1949,4.3291,0.5143,0.0173,0.0,1.0308,0.0,11.09
TRD30004816,ORD20001525,C100121,2026-09-24,2840.85,0.8523,0.7102,0.0844,0.0028,0.0,0.1691,0.0,1.82
TRD30004817,ORD20000294,C100056,2026-09-24,26073.9,0.0,26.0739,0.7744,0.0261,0.0,0.1441,15.34,42.36
TRD30004818,ORD20000294,C100056,2026-09-24,1350.15,0.0,1.3502,0.0401,0.0014,0.0,0.0075,0.0,1.4
TRD30004819,ORD20004370,C100186,2026-09-24,103963.5,20.0,0.0,3.0877,0.104,3.1189,4.1745,0.0,30.49
TRD30004820,ORD20001675,C100193,2026-09-24,3222.8,0.0,3.2228,0.0957,0.0032,0.0,0.0178,15.34,18.68
TRD30004821,ORD20001675,C100193,2026-09-24,17723.2,0.0,17.7232,0.5264,0.0177,0.0,0.0979,0.0,18.37
TRD30004822,ORD20001675,C100193,2026-09-24,8042.5,0.0,8.0425,0.2389,0.008,0.0,0.0444,0.0,8.33
TRD30004823,ORD20001279,C100075,2026-09-24,4786.2,1.4359,1.1966,0.1422,0.0048,0.0,0.2849,0.0,3.06
TRD30004824,ORD20000879,C100159,2026-09-24,934.5,0.0,0.9345,0.0278,0.0009,0.1402,0.0052,0.0,1.11
TRD30004825,ORD20000879,C100159,2026-09-24,934.9,0.0,0.9349,0.0278,0.0009,0.1402,0.0052,0.0,1.11
TRD30004826,ORD20000879,C100159,2026-09-24,936.2,0.0,0.9362,0.0278,0.0009,0.1404,0.0052,0.0,1.11
TRD30004827,ORD20001620,C100133,2026-09-24,32206.9,0.0,32.2069,0.9565,0.0322,0.0,0.178,15.34,48.71
TRD30004828,ORD20001620,C100133,2026-09-24,1400.8,0.0,1.4008,0.0416,0.0014,0.0,0.0077,0.0,1.45
TRD30004829,ORD20001620,C100133,2026-09-24,32256.35,0.0,32.2564,0.958,0.0323,0.0,0.1782,0.0,33.42
TRD30004830,ORD20003902,C100109,2026-09-24,2923.55,0.8771,2.9236,0.0868,0.0029,0.4385,0.174,0.0,4.5
TRD30004831,ORD20003902,C100109,2026-09-24,2923.55,0.8771,2.9236,0.0868,0.0029,0.4385,0.174,0.0,4.5
TRD30004832,ORD20003902,C100109,2026-09-24,2923.55,0.8771,2.9236,0.0868,0.0029,0.4385,0.174,0.0,4.5
TRD30004833,ORD20004942,C100044,2026-09-24,36930.8,11.0792,0.0,1.0968,0.0369,1.1079,2.1983,0.0,15.52
TRD30004834,ORD20000213,C100125,2026-09-24,5515.65,1.6547,0.0,0.1638,0.0055,0.1655,0.3283,0.0,2.32
TRD30004835,ORD20002852,C100011,2026-09-24,3526.8,1.058,0.8817,0.1047,0.0035,0.0,0.2099,0.0,2.26
TRD30004836,ORD20002852,C100011,2026-09-24,440.85,0.1323,0.1102,0.0131,0.0004,0.0,0.0262,0.0,0.28
TRD30004837,ORD20002852,C100011,2026-09-24,1322.55,0.3968,0.3306,0.0393,0.0013,0.0,0.0787,0.0,0.85
TRD30004838,ORD20001309,C100057,2026-09-24,61233.9,18.3702,15.3085,1.8186,0.0612,0.0,3.645,0.0,39.2
TRD30004839,ORD20000617,C100053,2026-09-24,14620.5,4.3862,0.0,0.4342,0.0146,0.4386,0.8703,0.0,6.14
TRD30004840,ORD20000617,C100053,2026-09-24,20468.7,6.1406,0.0,0.6079,0.0205,0.6141,1.2184,0.0,8.6
TRD30004841,ORD20000539,C100155,2026-09-24,2527.25,0.0,2.5272,0.0751,0.0025,0.3791,0.014,0.0,3.0
TRD30004842,ORD20000539,C100155,2026-09-24,2529.55,0.0,2.5296,0.0751,0.0025,0.3794,0.014,0.0,3.0
TRD30004843,ORD20002331,C100187,2026-09-24,2651.1,0.0,2.6511,0.0787,0.0027,0.3977,0.0146,0.0,3.14
TRD30004844,ORD20002331,C100187,2026-09-24,2209.25,0.0,2.2092,0.0656,0.0022,0.3314,0.0122,0.0,2.62
TRD30004845,ORD20002331,C100187,2026-09-24,3092.95,0.0,3.093,0.0919,0.0031,0.4639,0.0171,0.0,3.67
TRD30004846,ORD20004522,C100197,2026-09-24,1711.5,0.0,1.7115,0.0508,0.0017,0.2567,0.0095,0.0,2.03
TRD30004847,ORD20000238,C100024,2026-09-24,1256.1,0.3768,0.0,0.0373,0.0013,0.0377,0.0748,0.0,0.53
TRD30004848,ORD20000238,C100024,2026-09-24,5024.4,1.5073,0.0,0.1492,0.005,0.1507,0.2991,0.0,2.11
TRD30004849,ORD20000238,C100024,2026-09-24,2512.2,0.7537,0.0,0.0746,0.0025,0.0754,0.1495,0.0,1.06
TRD30004850,ORD20003286,C100149,2026-09-24,5016.3,1.5049,5.0163,0.149,0.005,0.7524,0.2986,0.0,7.73
TRD30004851,ORD20003286,C100149,2026-09-24,836.05,0.2508,0.836,0.0248,0.0008,0.1254,0.0498,0.0,1.29
TRD30004852,ORD20003286,C100149,2026-09-24,1672.1,0.5016,1.6721,0.0497,0.0017,0.2508,0.0995,0.0,2.58
TRD30004853,ORD20000839,C100033,2026-09-24,3353.1,0.0,3.3531,0.0996,0.0034,0.0,0.0185,15.34,18.81
TRD30004854,ORD20000839,C100033,2026-09-24,1117.7,0.0,1.1177,0.0332,0.0011,0.0,0.0062,0.0,1.16
TRD30004855,ORD20002608,C100067,2026-09-24,30216.55,9.065,7.5541,0.8974,0.0302,0.0,1.7987,0.0,19.35
TRD30004856,ORD20002608,C100067,2026-09-24,4648.7,1.3946,1.1622,0.1381,0.0046,0.0,0.2767,0.0,2.98
TRD30004857,ORD20002812,C100154,2026-09-24,10393.9,3.1182,0.0,0.3087,0.0104,0.3118,0.6187,0.0,4.37
TRD30004858,ORD20002812,C100154,2026-09-24,17953.1,5.3859,0.0,0.5332,0.018,0.5386,1.0687,0.0,7.54
TRD30004859,ORD20004197,C100052,2026-09-24,2751.05,0.8253,0.6878,0.0817,0.0028,0.0,0.1638,0.0,1.76
TRD30004860,ORD20001920,C100042,2026-09-24,40407.6,12.1223,0.0,1.2001,0.0404,1.2122,2.4053,0.0,16.98
TRD30004861,ORD20001920,C100042,2026-09-24,9901.2,2.9704,0.0,0.2941,0.0099,0.297,0.5894,0.0,4.16
TRD30004862,ORD20001920,C100042,2026-09-24,12042.0,3.6126,0.0,0.3576,0.012,0.3613,0.7168,0.0,5.06
TRD30004863,ORD20004441,C100180,2026-09-24,2214.5,0.0,2.2145,0.0658,0.0022,0.3322,0.0122,0.0,2.63
TRD30004864,ORD20002694,C100097,2026-09-24,1463.15,0.4389,0.0,0.0435,0.0015,0.0439,0.0871,0.0,0.61
TRD30004865,ORD20002694,C100097,2026-09-24,1463.9,0.4392,0.0,0.0435,0.0015,0.0439,0.0871,0.0,0.62
TRD30004866,ORD20002694,C100097,2026-09-24,1462.85,0.4389,0.0,0.0434,0.0015,0.0439,0.0871,0.0,0.61
TRD30004867,ORD20001534,C100105,2026-09-24,19084.4,0.0,19.0844,0.5668,0.0191,0.0,0.1055,15.34,35.12
TRD30004869,ORD20002956,C100150,2026-09-24,1732.0,0.5196,0.0,0.0514,0.0017,0.052,0.1031,0.0,0.73
TRD30004870,ORD20002956,C100150,2026-09-24,1730.1,0.519,0.0,0.0514,0.0017,0.0519,0.103,0.0,0.73
TRD30004868,ORD20001534,C100105,2026-09-24,14313.3,0.0,14.3133,0.4251,0.0143,0.0,0.0791,0.0,14.83
TRD30004871,ORD20002956,C100150,2026-09-24,1728.9,0.5187,0.0,0.0513,0.0017,0.0519,0.1029,0.0,0.73
TRD30004872,ORD20001700,C100076,2026-09-24,11921.05,0.0,11.921,0.3541,0.0119,1.7882,0.0659,0.0,14.14
TRD30004873,ORD20003442,C100032,2026-09-24,8078.8,2.4236,2.0197,0.2399,0.0081,0.0,0.4809,0.0,5.17
TRD30004874,ORD20001646,C100037,2026-09-24,144176.75,20.0,0.0,4.282,0.1442,4.3253,4.3967,0.0,33.15
TRD30004875,ORD20000850,C100017,2026-09-24,3490.5,0.0,3.4905,0.1037,0.0035,0.0,0.0193,15.34,18.96
TRD30004876,ORD20000850,C100017,2026-09-24,52665.2,0.0,52.6652,1.5642,0.0527,0.0,0.291,0.0,54.57
TRD30004877,ORD20001837,C100139,2026-09-24,36653.1,10.9959,9.1633,1.0886,0.0367,0.0,2.1818,0.0,23.47
TRD30004878,ORD20001453,C100051,2026-09-24,62711.4,18.8134,0.0,1.8625,0.0627,1.8813,3.733,0.0,26.35
TRD30004879,ORD20001453,C100051,2026-09-24,52809.6,15.8429,0.0,1.5684,0.0528,1.5843,3.1435,0.0,22.19
TRD30004880,ORD20001015,C100151,2026-09-24,12222.3,0.0,12.2223,0.363,0.0122,1.8333,0.0675,0.0,14.5
TRD30004881,ORD20001747,C100017,2026-09-24,11714.3,3.5143,2.9286,0.3479,0.0117,0.0,0.6973,0.0,7.5
TRD30004882,ORD20002778,C100141,2026-09-24,2951.75,0.0,2.9518,0.0877,0.003,0.0,0.0163,15.34,18.4
TRD30004883,ORD20001668,C100110,2026-09-24,73343.4,20.0,0.0,2.1783,0.0733,2.2003,4.0053,0.0,28.46
TRD30004884,ORD20004286,C100039,2026-09-24,60538.0,18.1614,15.1345,1.798,0.0605,0.0,3.6036,0.0,38.76
TRD30004885,ORD20001440,C100157,2026-09-24,3480.5,0.0,3.4805,0.1034,0.0035,0.0,0.0192,15.34,18.95
TRD30004886,ORD20001440,C100157,2026-09-24,3481.85,0.0,3.4818,0.1034,0.0035,0.0,0.0192,0.0,3.61
TRD30004887,ORD20000989,C100000,2026-09-24,4705.0,0.0,4.705,0.1397,0.0047,0.0,0.026,15.34,20.22
TRD30004888,ORD20003901,C100115,2026-09-24,38327.25,0.0,38.3272,1.1383,0.0383,0.0,0.2118,15.34,55.06
TRD30004889,ORD20003901,C100115,2026-09-24,1965.5,0.0,1.9655,0.0584,0.002,0.0,0.0109,0.0,2.04
TRD30004890,ORD20003901,C100115,2026-09-24,29482.5,0.0,29.4825,0.8756,0.0295,0.0,0.1629,0.0,30.55
TRD30004891,ORD20001446,C100001,2026-09-24,2384.55,0.0,2.3846,0.0708,0.0024,0.0,0.0132,15.34,17.81
TRD30004892,ORD20003871,C100106,2026-09-24,11453.5,3.436,0.0,0.3402,0.0115,0.3436,0.6818,0.0,4.81
TRD30004893,ORD20003871,C100106,2026-09-24,2290.7,0.6872,0.0,0.068,0.0023,0.0687,0.1364,0.0,0.96
TRD30004894,ORD20003871,C100106,2026-09-24,6872.1,2.0616,0.0,0.2041,0.0069,0.2062,0.4091,0.0,2.89
TRD30004895,ORD20001264,C100193,2026-09-24,49051.5,14.7154,0.0,1.4568,0.0491,1.4715,2.9198,0.0,20.61
TRD30004896,ORD20004596,C100129,2026-09-24,15300.0,4.59,0.0,0.4544,0.0153,0.459,0.9107,0.0,6.43
TRD30004897,ORD20004596,C100129,2026-09-24,1912.4,0.5737,0.0,0.0568,0.0019,0.0574,0.1138,0.0,0.8
TRD30004898,ORD20004596,C100129,2026-09-24,23911.25,7.1734,0.0,0.7102,0.0239,0.7173,1.4233,0.0,10.05
TRD30004899,ORD20004962,C100111,2026-09-24,137925.2,20.0,0.0,4.0964,0.1379,4.1378,4.3622,0.0,32.73
TRD30004900,ORD20003139,C100029,2026-09-24,3838.5,1.1515,0.0,0.114,0.0038,0.1152,0.2285,0.0,1.61
TRD30004901,ORD20002893,C100186,2026-09-24,26439.35,0.0,26.4394,0.7852,0.0264,0.0,0.1461,15.34,42.74
TRD30004902,ORD20002893,C100186,2026-09-24,33993.45,0.0,33.9934,1.0096,0.034,0.0,0.1878,0.0,35.22
TRD30004903,ORD20000355,C100039,2026-09-24,920.85,0.0,0.9208,0.0273,0.0009,0.1381,0.0051,0.0,1.09
TRD30004904,ORD20000355,C100039,2026-09-24,10129.35,0.0,10.1294,0.3008,0.0101,1.5194,0.056,0.0,12.02
TRD30004905,ORD20000355,C100039,2026-09-24,4604.25,0.0,4.6043,0.1367,0.0046,0.6906,0.0254,0.0,5.46
TRD30004906,ORD20000653,C100010,2026-09-24,1233.1,0.3699,0.3083,0.0366,0.0012,0.0,0.0734,0.0,0.79
TRD30004907,ORD20000653,C100010,2026-09-24,8631.7,2.5895,2.1579,0.2564,0.0086,0.0,0.5138,0.0,5.53
TRD30004908,ORD20000653,C100010,2026-09-24,2466.2,0.7399,0.6165,0.0732,0.0025,0.0,0.1468,0.0,1.58
TRD30004909,ORD20003455,C100089,2026-09-24,8052.6,0.0,8.0526,0.2392,0.0081,1.2079,0.0445,0.0,9.55
TRD30004910,ORD20003455,C100089,2026-09-24,26788.0,0.0,26.788,0.7956,0.0268,4.0182,0.148,0.0,31.78
TRD30004911,ORD20003058,C100178,2026-09-24,1184.5,0.3553,0.0,0.0352,0.0012,0.0355,0.0705,0.0,0.5
TRD30004912,ORD20003058,C100178,2026-09-24,13029.5,3.9088,0.0,0.387,0.013,0.3909,0.7756,0.0,5.48
TRD30004913,ORD20003058,C100178,2026-09-24,2369.0,0.7107,0.0,0.0704,0.0024,0.0711,0.141,0.0,1.0
TRD30004914,ORD20004756,C100033,2026-09-24,1273.35,0.0,1.2734,0.0378,0.0013,0.191,0.007,0.0,1.51
TRD30004915,ORD20004756,C100033,2026-09-24,2546.7,0.0,2.5467,0.0756,0.0025,0.382,0.0141,0.0,3.02
TRD30004916,ORD20004756,C100033,2026-09-24,1697.8,0.0,1.6978,0.0504,0.0017,0.2547,0.0094,0.0,2.01
TRD30004917,ORD20002649,C100179,2026-09-24,11825.95,3.5478,0.0,0.3512,0.0118,0.3548,0.704,0.0,4.97
TRD30004918,ORD20002649,C100179,2026-09-24,11825.95,3.5478,0.0,0.3512,0.0118,0.3548,0.704,0.0,4.97
TRD30004919,ORD20002649,C100179,2026-09-24,11825.95,3.5478,0.0,0.3512,0.0118,0.3548,0.704,0.0,4.97
TRD30004920,ORD20004025,C100099,2026-09-24,93015.0,0.0,93.015,2.7625,0.093,13.9522,0.514,0.0,110.34
TRD30004921,ORD20004025,C100099,2026-09-24,20670.0,0.0,20.67,0.6139,0.0207,3.1005,0.1142,0.0,24.52
TRD30004922,ORD20004025,C100099,2026-09-24,25837.5,0.0,25.8375,0.7674,0.0258,3.8756,0.1428,0.0,30.65
TRD30004923,ORD20002791,C100105,2026-09-24,123728.15,0.0,123.7282,3.6747,0.1237,18.5592,0.6837,0.0,146.77
TRD30004924,ORD20002897,C100167,2026-09-24,23238.0,0.0,23.238,0.6902,0.0232,0.0,0.1284,15.34,39.42
TRD30004925,ORD20002897,C100167,2026-09-24,9283.6,0.0,9.2836,0.2757,0.0093,0.0,0.0513,0.0,9.62
TRD30004926,ORD20002897,C100167,2026-09-24,30187.3,0.0,30.1873,0.8966,0.0302,0.0,0.1668,0.0,31.28
TRD30004927,ORD20001306,C100150,2026-09-24,4790.25,1.4371,0.0,0.1423,0.0048,0.1437,0.2851,0.0,2.01
TRD30004928,ORD20001306,C100150,2026-09-24,1915.2,0.5746,0.0,0.0569,0.0019,0.0575,0.114,0.0,0.8
TRD30004929,ORD20000269,C100087,2026-09-24,39921.75,11.9765,0.0,1.1857,0.0399,1.1977,2.3764,0.0,16.78
TRD30004930,ORD20000269,C100087,2026-09-24,26607.0,7.9821,0.0,0.7902,0.0266,0.7982,1.5838,0.0,11.18
TRD30004931,ORD20001077,C100101,2026-09-24,3275.8,0.0,3.2758,0.0973,0.0033,0.4914,0.0181,0.0,3.89
TRD30004932,ORD20001077,C100101,2026-09-24,3275.4,0.0,3.2754,0.0973,0.0033,0.4913,0.0181,0.0,3.89
TRD30004933,ORD20000486,C100125,2026-09-24,12996.8,3.899,3.2492,0.386,0.013,0.0,0.7736,0.0,8.32
TRD30004934,ORD20000486,C100125,2026-09-24,12996.8,3.899,3.2492,0.386,0.013,0.0,0.7736,0.0,8.32
TRD30004935,ORD20002824,C100113,2026-09-24,52297.2,15.6892,13.0743,1.5532,0.0523,0.0,3.113,0.0,33.48
TRD30004936,ORD20001476,C100080,2026-09-24,1584.2,0.4753,0.0,0.0471,0.0016,0.0475,0.0943,0.0,0.67
TRD30004937,ORD20001476,C100080,2026-09-24,1586.7,0.476,0.0,0.0471,0.0016,0.0476,0.0944,0.0,0.67
TRD30004938,ORD20001476,C100080,2026-09-24,1586.15,0.4758,0.0,0.0471,0.0016,0.0476,0.0944,0.0,0.67
TRD30004939,ORD20002187,C100191,2026-09-24,3328.5,0.9986,3.3285,0.0989,0.0033,0.4993,0.1981,0.0,5.13
TRD30004940,ORD20003479,C100022,2026-09-24,35940.8,10.7822,8.9852,1.0674,0.0359,0.0,2.1394,0.0,23.01
TRD30004941,ORD20000667,C100187,2026-09-24,2470.3,0.0,2.4703,0.0734,0.0025,0.0,0.0137,15.34,17.9
TRD30004942,ORD20000667,C100187,2026-09-24,3705.45,0.0,3.7054,0.1101,0.0037,0.0,0.0205,0.0,3.84
TRD30004943,ORD20002800,C100106,2026-09-24,4939.5,1.4818,0.0,0.1467,0.0049,0.1482,0.294,0.0,2.08
TRD30004944,ORD20002736,C100160,2026-09-24,19509.0,0.0,19.509,0.5794,0.0195,2.9263,0.1078,0.0,23.14
TRD30004945,ORD20003780,C100026,2026-09-24,22278.5,6.6836,5.5696,0.6617,0.0223,0.0,1.3261,0.0,14.26
TRD30004946,ORD20003780,C100026,2026-09-24,39315.0,11.7945,9.8288,1.1677,0.0393,0.0,2.3403,0.0,25.17
TRD30004947,ORD20000658,C100019,2026-09-24,54245.0,16.2735,54.245,1.6111,0.0542,8.1367,3.229,0.0,83.55
TRD30004948,ORD20002240,C100066,2026-09-24,27777.6,8.3333,6.9444,0.825,0.0278,0.0,1.6535,0.0,17.78
TRD30004949,ORD20000349,C100022,2026-09-24,3591.9,1.0776,0.898,0.1067,0.0036,0.0,0.2138,0.0,2.3
TRD30004950,ORD20000349,C100022,2026-09-24,6351.45,1.9054,1.5879,0.1886,0.0064,0.0,0.3781,0.0,4.07
TRD30004951,ORD20001896,C100038,2026-09-24,33956.75,0.0,33.9568,1.0085,0.034,5.0935,0.1876,0.0,40.28
TRD30004952,ORD20001179,C100122,2026-09-24,22480.2,0.0,22.4802,0.6677,0.0225,0.0,0.1242,15.34,38.63
TRD30004953,ORD20001179,C100122,2026-09-24,24978.0,0.0,24.978,0.7418,0.025,0.0,0.138,0.0,25.88
TRD30004954,ORD20001179,C100122,2026-09-24,12489.0,0.0,12.489,0.3709,0.0125,0.0,0.069,0.0,12.94
TRD30004955,ORD20000433,C100128,2026-09-24,61068.8,18.3206,15.2672,1.8137,0.0611,0.0,3.6352,0.0,39.1
TRD30004956,ORD20001597,C100179,2026-09-24,8216.25,2.4649,2.0541,0.244,0.0082,0.0,0.4891,0.0,5.26
TRD30004957,ORD20004900,C100001,2026-09-24,3470.2,1.0411,0.0,0.1031,0.0035,0.1041,0.2066,0.0,1.46
TRD30004958,ORD20004900,C100001,2026-09-24,1735.8,0.5207,0.0,0.0516,0.0017,0.0521,0.1033,0.0,0.73
TRD30004959,ORD20004999,C100128,2026-09-24,44158.4,13.2475,0.0,1.3115,0.0442,1.3248,2.6286,0.0,18.56
TRD30004961,ORD20002425,C100057,2026-09-24,2757.2,0.8272,0.0,0.0819,0.0028,0.0827,0.1641,0.0,1.16
TRD30004960,ORD20004999,C100128,2026-09-24,84176.95,20.0,0.0,2.5001,0.0842,2.5253,4.0652,0.0,29.17
TRD30004963,ORD20001645,C100175,2026-09-24,50224.65,15.0674,12.5562,1.4917,0.0502,0.0,2.9897,0.0,32.16
TRD30004962,ORD20003564,C100012,2026-09-24,4039.05,0.0,4.0391,0.12,0.004,0.6059,0.0223,0.0,4.79
TRD30004964,ORD20001645,C100175,2026-09-24,1618.65,0.4856,0.4047,0.0481,0.0016,0.0,0.0964,0.0,1.04
TRD30004965,ORD20004690,C100074,2026-09-24,10196.4,3.0589,0.0,0.3028,0.0102,0.3059,0.607,0.0,4.28
TRD30004966,ORD20004690,C100074,2026-09-24,5098.2,1.5295,0.0,0.1514,0.0051,0.1529,0.3035,0.0,2.14
TRD30004967,ORD20004690,C100074,2026-09-24,6797.6,2.0393,0.0,0.2019,0.0068,0.2039,0.4046,0.0,2.86
TRD30004968,ORD20002769,C100156,2026-09-24,16514.05,4.9542,0.0,0.4905,0.0165,0.4954,0.983,0.0,6.94
TRD30004969,ORD20002769,C100156,2026-09-24,11795.75,3.5387,0.0,0.3503,0.0118,0.3539,0.7022,0.0,4.96
TRD30004970,ORD20002769,C100156,2026-09-24,11795.75,3.5387,0.0,0.3503,0.0118,0.3539,0.7022,0.0,4.96
TRD30004971,ORD20002428,C100198,2026-09-24,13320.7,3.9962,3.3302,0.3956,0.0133,0.0,0.7929,0.0,8.53
TRD30004972,ORD20002428,C100198,2026-09-24,10312.8,3.0938,2.5782,0.3063,0.0103,0.0,0.6139,0.0,6.6
TRD30004973,ORD20004283,C100112,2026-09-24,60285.0,18.0855,0.0,1.7905,0.0603,1.8086,3.5885,0.0,25.33
TRD30004974,ORD20004283,C100112,2026-09-24,1205.7,0.3617,0.0,0.0358,0.0012,0.0362,0.0718,0.0,0.51
TRD30004975,ORD20004283,C100112,2026-09-24,55462.2,16.6387,0.0,1.6472,0.0555,1.6639,3.3014,0.0,23.31
TRD30004976,ORD20001546,C100014,2026-09-24,29932.25,8.9797,7.4831,0.889,0.0299,0.0,1.7817,0.0,19.16
TRD30004977,ORD20001546,C100014,2026-09-24,9828.5,2.9485,2.4571,0.2919,0.0098,0.0,0.5851,0.0,6.29
TRD30004978,ORD20001546,C100014,2026-09-24,3127.25,0.9382,0.7818,0.0929,0.0031,0.0,0.1862,0.0,2.0
TRD30004979,ORD20001130,C100076,2026-09-24,142200.15,0.0,142.2002,4.2233,0.1422,21.33,0.7858,0.0,168.68
TRD30004980,ORD20000105,C100166,2026-09-24,1420.05,0.426,0.0,0.0422,0.0014,0.0426,0.0845,0.0,0.6
TRD30004981,ORD20000105,C100166,2026-09-24,1420.05,0.426,0.0,0.0422,0.0014,0.0426,0.0845,0.0,0.6
TRD30004982,ORD20000780,C100071,2026-09-24,49972.4,0.0,49.9724,1.4842,0.05,0.0,0.2761,15.34,67.12
TRD30004983,ORD20000080,C100040,2026-09-24,22844.0,0.0,22.844,0.6785,0.0228,3.4266,0.1262,0.0,27.1
TRD30004984,ORD20000179,C100122,2026-09-24,69855.75,20.0,0.0,2.0747,0.0699,2.0957,3.986,0.0,28.23
TRD30004985,ORD20002209,C100009,2026-09-24,874.4,0.2623,0.0,0.026,0.0009,0.0262,0.052,0.0,0.37
TRD30004986,ORD20002209,C100009,2026-09-24,6120.8,1.8362,0.0,0.1818,0.0061,0.1836,0.3643,0.0,2.57
TRD30004987,ORD20002459,C100111,2026-09-24,1814.4,0.5443,0.4536,0.0539,0.0018,0.0,0.108,0.0,1.16
TRD30004988,ORD20002459,C100111,2026-09-24,2725.2,0.8176,0.6813,0.0809,0.0027,0.0,0.1622,0.0,1.74
TRD30004989,ORD20001551,C100007,2026-09-24,4502.0,0.0,4.502,0.1337,0.0045,0.0,0.0249,15.34,20.01
TRD30004990,ORD20001551,C100007,2026-09-24,18008.0,0.0,18.008,0.5348,0.018,0.0,0.0995,0.0,18.66
TRD30004991,ORD20003397,C100075,2026-09-24,791.85,0.2376,0.0,0.0235,0.0008,0.0238,0.0471,0.0,0.33
TRD30004992,ORD20003397,C100075,2026-09-24,791.85,0.2376,0.0,0.0235,0.0008,0.0238,0.0471,0.0,0.33
TRD30004993,ORD20003397,C100075,2026-09-24,1583.7,0.4751,0.0,0.047,0.0016,0.0475,0.0943,0.0,0.67
TRD30004994,ORD20001948,C100054,2026-09-24,17865.3,0.0,17.8653,0.5306,0.0179,0.0,0.0987,15.34,33.85
TRD30004995,ORD20003398,C100047,2026-09-24,41486.4,12.4459,0.0,1.2321,0.0415,1.2446,2.4695,0.0,17.43
TRD30004996,ORD20003398,C100047,2026-09-24,19014.6,5.7044,0.0,0.5647,0.019,0.5704,1.1319,0.0,7.99
TRD30004997,ORD20003398,C100047,2026-09-24,5185.8,1.5557,0.0,0.154,0.0052,0.1556,0.3087,0.0,2.18
TRD30004998,ORD20003598,C100119,2026-09-24,1879.9,0.564,0.0,0.0558,0.0019,0.0564,0.1119,0.0,0.79
TRD30004999,ORD20003598,C100119,2026-09-24,4699.75,1.4099,0.0,0.1396,0.0047,0.141,0.2798,0.0,1.98
TRD30005000,ORD20003598,C100119,2026-09-24,3759.8,1.1279,0.0,0.1117,0.0038,0.1128,0.2238,0.0,1.58
TRD30005001,ORD20000782,C100107,2026-09-24,2704.4,0.8113,0.6761,0.0803,0.0027,0.0,0.161,0.0,1.73
TRD30005002,ORD20000782,C100107,2026-09-24,5411.6,1.6235,1.3529,0.1607,0.0054,0.0,0.3221,0.0,3.46
TRD30005003,ORD20000782,C100107,2026-09-24,23003.55,6.9011,5.7509,0.6832,0.023,0.0,1.3693,0.0,14.73
TRD30005004,ORD20003979,C100054,2026-09-24,5680.2,0.0,5.6802,0.1687,0.0057,0.852,0.0314,0.0,6.74
TRD30005005,ORD20003979,C100054,2026-09-24,7584.2,0.0,7.5842,0.2253,0.0076,1.1376,0.0419,0.0,9.0
TRD30005006,ORD20001160,C100184,2026-09-24,10787.8,3.2363,0.0,0.3204,0.0108,0.3236,0.6422,0.0,4.53
TRD30005007,ORD20002507,C100182,2026-09-24,12789.0,3.8367,0.0,0.3798,0.0128,0.3837,0.7613,0.0,5.37
TRD30005008,ORD20001572,C100065,2026-09-24,7796.65,2.339,0.0,0.2316,0.0078,0.2339,0.4641,0.0,3.28
TRD30005009,ORD20001572,C100065,2026-09-24,1881.95,0.5646,0.0,0.0559,0.0019,0.0565,0.112,0.0,0.79
TRD30005010,ORD20001572,C100065,2026-09-24,5108.15,1.5324,0.0,0.1517,0.0051,0.1532,0.3041,0.0,2.15
TRD30005011,ORD20004653,C100075,2026-09-24,2216.75,0.665,0.5542,0.0658,0.0022,0.0,0.132,0.0,1.42
TRD30005012,ORD20004653,C100075,2026-09-24,3103.45,0.931,0.7759,0.0922,0.0031,0.0,0.1847,0.0,1.99
TRD30005013,ORD20004653,C100075,2026-09-24,886.7,0.266,0.2217,0.0263,0.0009,0.0,0.0528,0.0,0.57
TRD30005014,ORD20002779,C100059,2026-09-24,4927.9,1.4784,0.0,0.1464,0.0049,0.1478,0.2933,0.0,2.07
TRD30005015,ORD20002779,C100059,2026-09-24,9861.4,2.9584,0.0,0.2929,0.0099,0.2958,0.587,0.0,4.14
TRD30005016,ORD20002779,C100059,2026-09-24,32035.9,9.6108,0.0,0.9515,0.032,0.9611,1.907,0.0,13.46
TRD30005017,ORD20001690,C100060,2026-09-24,2680.8,0.8042,0.0,0.0796,0.0027,0.0804,0.1596,0.0,1.13
TRD30005018,ORD20001690,C100060,2026-09-24,893.5,0.268,0.0,0.0265,0.0009,0.0268,0.0532,0.0,0.38
TRD30005019,ORD20002531,C100046,2026-09-24,3803.0,1.1409,0.9508,0.1129,0.0038,0.0,0.2264,0.0,2.43
TRD30005020,ORD20000673,C100175,2026-09-24,11337.0,3.4011,2.8342,0.3367,0.0113,0.0,0.6748,0.0,7.26
TRD30005021,ORD20000673,C100175,2026-09-24,15871.8,4.7615,3.968,0.4714,0.0159,0.0,0.9448,0.0,10.16
TRD30005022,ORD20000673,C100175,2026-09-24,47615.4,14.2846,11.9038,1.4142,0.0476,0.0,2.8344,0.0,30.48
TRD30005023,ORD20000514,C100195,2026-09-24,3698.8,1.1096,0.0,0.1099,0.0037,0.111,0.2202,0.0,1.55
TRD30005024,ORD20000514,C100195,2026-09-24,6469.75,1.9409,0.0,0.1922,0.0065,0.1941,0.3851,0.0,2.72
TRD30005025,ORD20002145,C100097,2026-09-24,3423.3,1.027,0.8558,0.1017,0.0034,0.0,0.2038,0.0,2.19
TRD30005026,ORD20002145,C100097,2026-09-24,1141.3,0.3424,0.2853,0.0339,0.0011,0.0,0.0679,0.0,0.73
TRD30005027,ORD20004641,C100178,2026-09-24,46244.25,13.8733,11.5611,1.3735,0.0462,0.0,2.7527,0.0,29.61
TRD30005028,ORD20004641,C100178,2026-09-24,63467.95,19.0404,15.867,1.885,0.0635,0.0,3.778,0.0,40.63
TRD30005029,ORD20004641,C100178,2026-09-24,8573.75,2.5721,2.1434,0.2546,0.0086,0.0,0.5104,0.0,5.49
TRD30005030,ORD20003621,C100070,2026-09-24,959.4,0.0,0.9594,0.0285,0.001,0.1439,0.0053,0.0,1.14
TRD30005031,ORD20003621,C100070,2026-09-24,1918.8,0.0,1.9188,0.057,0.0019,0.2878,0.0106,0.0,2.28
TRD30005032,ORD20001709,C100013,2026-09-24,2275.9,0.6828,0.0,0.0676,0.0023,0.0683,0.1355,0.0,0.96
TRD30005033,ORD20001709,C100013,2026-09-24,3417.45,1.0252,0.0,0.1015,0.0034,0.1025,0.2034,0.0,1.44
TRD30005035,ORD20001840,C100160,2026-09-24,9910.8,2.9732,0.0,0.2944,0.0099,0.2973,0.59,0.0,4.16
TRD30005034,ORD20001709,C100013,2026-09-24,2275.6,0.6827,0.0,0.0676,0.0023,0.0683,0.1355,0.0,0.96
TRD30005036,ORD20001840,C100160,2026-09-24,1651.8,0.4955,0.0,0.0491,0.0017,0.0496,0.0983,0.0,0.69
TRD30005037,ORD20004175,C100164,2026-09-24,79516.5,0.0,79.5165,2.3616,0.0795,11.9275,0.4394,0.0,94.32
TRD30005038,ORD20004175,C100164,2026-09-24,69146.55,0.0,69.1466,2.0537,0.0691,10.372,0.3821,0.0,82.02
TRD30005039,ORD20001412,C100107,2026-09-24,4979.7,1.4939,0.0,0.1479,0.005,0.1494,0.2964,0.0,2.09
TRD30005040,ORD20001412,C100107,2026-09-24,1659.9,0.498,0.0,0.0493,0.0017,0.0498,0.0988,0.0,0.7
TRD30005041,ORD20001412,C100107,2026-09-24,553.3,0.166,0.0,0.0164,0.0006,0.0166,0.0329,0.0,0.23
TRD30005042,ORD20002669,C100094,2026-09-24,31344.3,9.4033,0.0,0.9309,0.0313,0.9403,1.8658,0.0,13.17
TRD30005043,ORD20002669,C100094,2026-09-24,32994.0,9.8982,0.0,0.9799,0.033,0.9898,1.964,0.0,13.86
TRD30005044,ORD20002669,C100094,2026-09-24,23095.8,6.9287,0.0,0.6859,0.0231,0.6929,1.3748,0.0,9.71
TRD30005045,ORD20003932,C100094,2026-09-24,8442.5,2.5327,2.1106,0.2507,0.0084,0.0,0.5025,0.0,5.4
TRD30005046,ORD20003932,C100094,2026-09-24,34921.25,10.4764,8.7303,1.0372,0.0349,0.0,2.0787,0.0,22.36
TRD30005047,ORD20003932,C100094,2026-09-24,2302.5,0.6908,0.5756,0.0684,0.0023,0.0,0.1371,0.0,1.47
TRD30005048,ORD20003866,C100111,2026-09-24,101150.0,20.0,25.2875,3.0042,0.1011,0.0,4.159,0.0,52.55
TRD30005049,ORD20003866,C100111,2026-09-24,21439.8,6.4319,5.3599,0.6368,0.0214,0.0,1.2762,0.0,13.73
TRD30005050,ORD20001962,C100149,2026-09-24,19714.2,5.9143,4.9286,0.5855,0.0197,0.0,1.1735,0.0,12.62
TRD30005051,ORD20001962,C100149,2026-09-24,2240.25,0.6721,0.5601,0.0665,0.0022,0.0,0.1334,0.0,1.43
TRD30005052,ORD20001962,C100149,2026-09-24,896.1,0.2688,0.224,0.0266,0.0009,0.0,0.0533,0.0,0.57
TRD30005053,ORD20002003,C100057,2026-09-24,8439.3,2.5318,8.4393,0.2506,0.0084,1.2659,0.5024,0.0,13.0
TRD30005054,ORD20002003,C100057,2026-09-24,8439.3,2.5318,8.4393,0.2506,0.0084,1.2659,0.5024,0.0,13.0
TRD30005055,ORD20002003,C100057,2026-09-24,16878.6,5.0636,16.8786,0.5013,0.0169,2.5318,1.0047,0.0,26.0
TRD30005056,ORD20000868,C100187,2026-09-24,2887.25,0.8662,0.0,0.0858,0.0029,0.0866,0.1719,0.0,1.21
TRD30005057,ORD20000868,C100187,2026-09-24,8661.75,2.5985,0.0,0.2573,0.0087,0.2599,0.5156,0.0,3.64
TRD30005058,ORD20000868,C100187,2026-09-24,2887.25,0.8662,0.0,0.0858,0.0029,0.0866,0.1719,0.0,1.21
TRD30005059,ORD20003258,C100039,2026-09-24,19946.1,0.0,19.9461,0.5924,0.0199,2.9919,0.1102,0.0,23.66
TRD30005060,ORD20002181,C100117,2026-09-24,28746.0,0.0,28.746,0.8538,0.0287,0.0,0.1589,15.34,45.13
TRD30005061,ORD20002181,C100117,2026-09-24,26829.6,0.0,26.8296,0.7968,0.0268,0.0,0.1483,0.0,27.8
TRD30005062,ORD20003681,C100098,2026-09-24,3404.4,1.0213,0.0,0.1011,0.0034,0.1021,0.2027,0.0,1.43
TRD30005063,ORD20003681,C100098,2026-09-24,1702.2,0.5107,0.0,0.0506,0.0017,0.0511,0.1013,0.0,0.72
TRD30005064,ORD20000900,C100150,2026-09-24,43448.25,13.0345,10.8621,1.2904,0.0434,0.0,2.5863,0.0,27.82
TRD30005065,ORD20000900,C100150,2026-09-24,17379.3,5.2138,4.3448,0.5162,0.0174,0.0,1.0345,0.0,11.13
TRD30005066,ORD20000472,C100154,2026-09-24,110996.3,20.0,27.7491,3.2966,0.111,0.0,4.2134,0.0,55.37
TRD30005067,ORD20000472,C100154,2026-09-24,26999.1,8.0997,6.7498,0.8019,0.027,0.0,1.6071,0.0,17.29
TRD30005068,ORD20001190,C100124,2026-09-24,12645.6,0.0,12.6456,0.3756,0.0126,1.8968,0.0699,0.0,15.0
TRD30005069,ORD20001190,C100124,2026-09-24,11496.0,0.0,11.496,0.3414,0.0115,1.7244,0.0635,0.0,13.64
TRD30005070,ORD20004728,C100132,2026-09-24,12191.75,0.0,12.1918,0.3621,0.0122,0.0,0.0674,15.34,27.97
TRD30005071,ORD20004335,C100055,2026-09-24,3733.4,1.12,0.0,0.1109,0.0037,0.112,0.2222,0.0,1.57
TRD30005072,ORD20004335,C100055,2026-09-24,9333.5,2.8,0.0,0.2772,0.0093,0.28,0.5556,0.0,3.92
TRD30005073,ORD20003161,C100032,2026-09-24,4440.5,1.3322,1.1101,0.1319,0.0044,0.0,0.2643,0.0,2.84
TRD30005074,ORD20003161,C100032,2026-09-24,35111.55,10.5335,8.7779,1.0428,0.0351,0.0,2.0901,0.0,22.48
TRD30005075,ORD20003161,C100032,2026-09-24,3555.2,1.0666,0.8888,0.1056,0.0036,0.0,0.2116,0.0,2.28
TRD30005076,ORD20004860,C100080,2026-09-24,4659.4,1.3978,1.1648,0.1384,0.0047,0.0,0.2774,0.0,2.98
TRD30005077,ORD20001647,C100054,2026-09-24,137067.9,20.0,34.267,4.0709,0.1371,0.0,4.3574,0.0,62.83
TRD30005078,ORD20004261,C100110,2026-09-24,4777.85,0.0,4.7779,0.1419,0.0048,0.7167,0.0264,0.0,5.67
TRD30005079,ORD20004261,C100110,2026-09-24,4492.0,0.0,4.492,0.1334,0.0045,0.6738,0.0248,0.0,5.33
TRD30005080,ORD20004261,C100110,2026-09-24,3090.45,0.0,3.0904,0.0918,0.0031,0.4636,0.0171,0.0,3.67
TRD30005081,ORD20000527,C100055,2026-09-24,19782.4,0.0,19.7824,0.5875,0.0198,0.0,0.1093,15.34,35.84
TRD30005082,ORD20000527,C100055,2026-09-24,12139.2,0.0,12.1392,0.3605,0.0121,0.0,0.0671,0.0,12.58
TRD30005083,ORD20000054,C100098,2026-09-24,102873.1,0.0,102.8731,3.0553,0.1029,15.431,0.5685,0.0,122.03
TRD30005084,ORD20003353,C100065,2026-09-24,28453.95,0.0,28.454,0.8451,0.0285,0.0,0.1572,15.34,44.82
TRD30005085,ORD20003353,C100065,2026-09-24,20283.0,0.0,20.283,0.6024,0.0203,0.0,0.1121,0.0,21.02
TRD30005086,ORD20003353,C100065,2026-09-24,65027.2,0.0,65.0272,1.9313,0.065,0.0,0.3593,0.0,67.38
TRD30005087,ORD20002715,C100174,2026-09-24,1628.25,0.4885,0.4071,0.0484,0.0016,0.0,0.0969,0.0,1.04
TRD30005088,ORD20002715,C100174,2026-09-24,1628.25,0.4885,0.4071,0.0484,0.0016,0.0,0.0969,0.0,1.04
TRD30005089,ORD20002715,C100174,2026-09-24,1628.25,0.4885,0.4071,0.0484,0.0016,0.0,0.0969,0.0,1.04
TRD30005090,ORD20000964,C100199,2026-09-24,4703.1,1.4109,0.0,0.1397,0.0047,0.1411,0.28,0.0,1.98
TRD30005091,ORD20000964,C100199,2026-09-24,3135.4,0.9406,0.0,0.0931,0.0031,0.0941,0.1866,0.0,1.32
TRD30005092,ORD20001587,C100106,2026-09-24,114804.0,20.0,28.701,3.4097,0.1148,0.0,4.2344,0.0,56.46
TRD30005093,ORD20001794,C100173,2026-09-24,85766.4,20.0,21.4416,2.5473,0.0858,0.0,4.0739,0.0,48.15
TRD30005094,ORD20001794,C100173,2026-09-24,21441.6,6.4325,5.3604,0.6368,0.0214,0.0,1.2763,0.0,13.73
TRD30005095,ORD20004640,C100095,2026-09-24,2785.3,0.0,2.7853,0.0827,0.0028,0.4178,0.0154,0.0,3.3
TRD30005096,ORD20000081,C100106,2026-09-24,16538.45,4.9615,4.1346,0.4912,0.0165,0.0,0.9845,0.0,10.59
TRD30005097,ORD20000081,C100106,2026-09-24,70045.2,20.0,17.5113,2.0803,0.07,0.0,3.9871,0.0,43.65
TRD30005098,ORD20003063,C100049,2026-09-24,14202.5,4.2608,0.0,0.4218,0.0142,0.4261,0.8454,0.0,5.97
TRD30005099,ORD20003063,C100049,2026-09-24,11362.0,3.4086,0.0,0.3375,0.0114,0.3409,0.6763,0.0,4.77
TRD30005100,ORD20002273,C100074,2026-09-24,13828.25,4.1485,0.0,0.4107,0.0138,0.4148,0.8231,0.0,5.81
TRD30005101,ORD20002706,C100035,2026-09-24,1675.8,0.5027,0.0,0.0498,0.0017,0.0503,0.0998,0.0,0.7
TRD30005102,ORD20002706,C100035,2026-09-24,3351.6,1.0055,0.0,0.0995,0.0034,0.1005,0.1995,0.0,1.41
TRD30005103,ORD20004345,C100183,2026-09-24,4709.4,0.0,4.7094,0.1399,0.0047,0.0,0.026,15.34,20.22
TRD30005104,ORD20001883,C100140,2026-09-24,15209.6,0.0,15.2096,0.4517,0.0152,2.2814,0.084,0.0,18.04
TRD30005105,ORD20001883,C100140,2026-09-24,4750.75,0.0,4.7508,0.1411,0.0048,0.7126,0.0263,0.0,5.64
TRD30005106,ORD20002740,C100060,2026-09-24,73948.1,0.0,73.9481,2.1963,0.0739,11.0922,0.4086,0.0,87.72
TRD30005107,ORD20000755,C100165,2026-09-24,81216.0,20.0,0.0,2.4121,0.0812,2.4365,4.0488,0.0,28.98
TRD30005108,ORD20002382,C100105,2026-09-24,34955.7,0.0,34.9557,1.0382,0.035,5.2434,0.1932,0.0,41.47
TRD30005109,ORD20003602,C100014,2026-09-24,2134.5,0.6404,0.5336,0.0634,0.0021,0.0,0.1271,0.0,1.37
TRD30005110,ORD20003602,C100014,2026-09-24,2135.8,0.6407,0.534,0.0634,0.0021,0.0,0.1271,0.0,1.37
TRD30005111,ORD20001284,C100117,2026-09-24,1795.0,0.5385,0.4488,0.0533,0.0018,0.0,0.1068,0.0,1.15
TRD30005112,ORD20001284,C100117,2026-09-24,4940.1,1.482,1.235,0.1467,0.0049,0.0,0.2941,0.0,3.16
TRD30005113,ORD20001284,C100117,2026-09-24,2244.5,0.6733,0.5611,0.0667,0.0022,0.0,0.1336,0.0,1.44
TRD30005114,ORD20002378,C100123,2026-09-24,22128.6,6.6386,0.0,0.6572,0.0221,0.6639,1.3172,0.0,9.3
TRD30005115,ORD20002378,C100123,2026-09-24,60428.1,18.1284,0.0,1.7947,0.0604,1.8128,3.597,0.0,25.39
TRD30005116,ORD20000802,C100068,2026-09-24,62466.3,18.7399,0.0,1.8552,0.0625,1.874,3.7184,0.0,26.25
TRD30005117,ORD20003608,C100006,2026-09-24,4661.8,1.3985,0.0,0.1385,0.0047,0.1399,0.2775,0.0,1.96
TRD30005118,ORD20001505,C100180,2026-09-24,19665.5,0.0,19.6655,0.5841,0.0197,2.9498,0.1087,0.0,23.33
TRD30005119,ORD20001505,C100180,2026-09-24,40196.2,0.0,40.1962,1.1938,0.0402,6.0294,0.2221,0.0,47.68
TRD30005120,ORD20001505,C100180,2026-09-24,28733.4,0.0,28.7334,0.8534,0.0287,4.31,0.1588,0.0,34.08
TRD30005121,ORD20003799,C100112,2026-09-24,8825.85,2.6478,2.2065,0.2621,0.0088,0.0,0.5254,0.0,5.65
TRD30005122,ORD20003799,C100112,2026-09-24,46090.55,13.8272,11.5226,1.3689,0.0461,0.0,2.7436,0.0,29.51
TRD30005123,ORD20003799,C100112,2026-09-24,15690.4,4.7071,3.9226,0.466,0.0157,0.0,0.934,0.0,10.05
TRD30005124,ORD20004017,C100006,2026-09-24,32727.3,9.8182,8.1818,0.972,0.0327,0.0,1.9481,0.0,20.95
TRD30005125,ORD20004017,C100006,2026-09-24,5272.5,1.5817,1.3181,0.1566,0.0053,0.0,0.3139,0.0,3.38
TRD30005126,ORD20004980,C100156,2026-09-24,23435.0,7.0305,5.8588,0.696,0.0234,0.0,1.395,0.0,15.0
TRD30005127,ORD20004980,C100156,2026-09-24,11716.35,3.5149,2.9291,0.348,0.0117,0.0,0.6974,0.0,7.5
TRD30005128,ORD20004980,C100156,2026-09-24,23411.4,7.0234,5.8528,0.6953,0.0234,0.0,1.3936,0.0,14.99
TRD30005129,ORD20004026,C100059,2026-09-24,11839.2,0.0,11.8392,0.3516,0.0118,0.0,0.0654,15.34,27.61
TRD30005130,ORD20003718,C100061,2026-09-24,4882.0,0.0,4.882,0.145,0.0049,0.7323,0.027,0.0,5.79
TRD30005131,ORD20003718,C100061,2026-09-24,7813.6,0.0,7.8136,0.2321,0.0078,1.172,0.0432,0.0,9.27
TRD30005132,ORD20001827,C100104,2026-09-24,57493.8,17.2481,0.0,1.7076,0.0575,1.7248,3.4224,0.0,24.16
TRD30005133,ORD20004542,C100003,2026-09-24,1629.4,0.0,1.6294,0.0484,0.0016,0.0,0.009,15.34,17.03
TRD30005134,ORD20004542,C100003,2026-09-24,1630.45,0.0,1.6305,0.0484,0.0016,0.0,0.009,0.0,1.69
TRD30005135,ORD20004542,C100003,2026-09-24,1629.35,0.0,1.6293,0.0484,0.0016,0.0,0.009,0.0,1.69
TRD30005136,ORD20003506,C100180,2026-09-24,4921.1,0.0,4.9211,0.1462,0.0049,0.7382,0.0272,0.0,5.84
TRD30005137,ORD20003506,C100180,2026-09-24,2458.05,0.0,2.458,0.073,0.0025,0.3687,0.0136,0.0,2.92
TRD30005138,ORD20003506,C100180,2026-09-24,29541.6,0.0,29.5416,0.8774,0.0295,4.4312,0.1632,0.0,35.04
TRD30005139,ORD20001223,C100194,2026-09-24,13046.6,0.0,13.0466,0.3875,0.013,0.0,0.0721,15.34,28.86
TRD30005140,ORD20004394,C100046,2026-09-24,3933.6,0.0,3.9336,0.1168,0.0039,0.0,0.0217,15.34,19.42
TRD30005141,ORD20004394,C100046,2026-09-24,18684.6,0.0,18.6846,0.5549,0.0187,0.0,0.1033,0.0,19.36
TRD30005142,ORD20004394,C100046,2026-09-24,8850.6,0.0,8.8506,0.2629,0.0089,0.0,0.0489,0.0,9.17
TRD30005143,ORD20000955,C100123,2026-09-24,13254.45,3.9763,0.0,0.3937,0.0133,0.3976,0.789,0.0,5.57
TRD30005144,ORD20000955,C100123,2026-09-24,15539.7,4.6619,0.0,0.4615,0.0155,0.4662,0.925,0.0,6.53
TRD30005145,ORD20001073,C100109,2026-09-24,74779.9,20.0,74.7799,2.221,0.0748,11.217,4.0132,0.0,112.31
TRD30005146,ORD20001257,C100062,2026-09-24,30082.85,9.0249,0.0,0.8935,0.0301,0.9025,1.7907,0.0,12.64
TRD30005147,ORD20001052,C100075,2026-09-24,365.55,0.0,0.3656,0.0109,0.0004,0.0548,0.002,0.0,0.43
TRD30005148,ORD20001052,C100075,2026-09-24,2558.85,0.0,2.5588,0.076,0.0026,0.3838,0.0141,0.0,3.04
TRD30005149,ORD20001052,C100075,2026-09-24,3655.5,0.0,3.6555,0.1086,0.0037,0.5483,0.0202,0.0,4.34
TRD30005150,ORD20000465,C100021,2026-09-24,1153.35,0.346,0.2883,0.0343,0.0012,0.0,0.0687,0.0,0.74
TRD30005151,ORD20000465,C100021,2026-09-24,31162.05,9.3486,7.7905,0.9255,0.0312,0.0,1.855,0.0,19.95
TRD30005152,ORD20000465,C100021,2026-09-24,2308.2,0.6925,0.577,0.0686,0.0023,0.0,0.1374,0.0,1.48
TRD30005153,ORD20004921,C100062,2026-09-24,59139.4,17.7418,0.0,1.7564,0.0591,1.7742,3.5203,0.0,24.85
TRD30005154,ORD20004921,C100062,2026-09-24,10854.7,3.2564,0.0,0.3224,0.0109,0.3256,0.6461,0.0,4.56
TRD30005155,ORD20004921,C100062,2026-09-24,15720.6,4.7162,0.0,0.4669,0.0157,0.4716,0.9358,0.0,6.61
TRD30005156,ORD20001028,C100161,2026-09-24,121387.2,20.0,30.3468,3.6052,0.1214,0.0,4.2708,0.0,58.34
TRD30005157,ORD20001399,C100157,2026-09-24,18962.4,5.6887,4.7406,0.5632,0.019,0.0,1.1288,0.0,12.14
TRD30005158,ORD20001399,C100157,2026-09-24,11851.5,3.5554,2.9629,0.352,0.0119,0.0,0.7055,0.0,7.59
TRD30005159,ORD20001399,C100157,2026-09-24,26073.3,7.822,6.5183,0.7744,0.0261,0.0,1.552,0.0,16.69
TRD30005160,ORD20004814,C100115,2026-09-24,1637.5,0.0,1.6375,0.0486,0.0016,0.0,0.009,15.34,17.04
TRD30005161,ORD20004814,C100115,2026-09-24,1637.5,0.0,1.6375,0.0486,0.0016,0.0,0.009,0.0,1.7
TRD30005162,ORD20004814,C100115,2026-09-24,1637.5,0.0,1.6375,0.0486,0.0016,0.0,0.009,0.0,1.7
TRD30005163,ORD20004602,C100131,2026-09-24,106551.75,20.0,26.6379,3.1646,0.1066,0.0,4.1888,0.0,54.1
TRD30005164,ORD20004004,C100139,2026-09-24,6274.8,0.0,6.2748,0.1864,0.0063,0.0,0.0347,15.34,21.84
TRD30005165,ORD20004004,C100139,2026-09-24,24651.0,0.0,24.651,0.7321,0.0247,0.0,0.1362,0.0,25.54
TRD30005166,ORD20004004,C100139,2026-09-24,76642.2,0.0,76.6422,2.2763,0.0766,0.0,0.4235,0.0,79.42
TRD30005167,ORD20002933,C100036,2026-09-25,1670.85,0.5013,0.4177,0.0496,0.0017,0.0,0.0995,0.0,1.07
TRD30005168,ORD20000639,C100127,2026-09-25,11945.85,3.5838,2.9865,0.3548,0.0119,0.0,0.7111,0.0,7.65
TRD30005169,ORD20000639,C100127,2026-09-25,11945.85,3.5838,2.9865,0.3548,0.0119,0.0,0.7111,0.0,7.65
TRD30005170,ORD20004181,C100196,2026-09-25,4614.15,0.0,4.6141,0.137,0.0046,0.0,0.0255,15.34,20.12
TRD30005171,ORD20004181,C100196,2026-09-25,1535.85,0.0,1.5358,0.0456,0.0015,0.0,0.0085,0.0,1.59
TRD30005172,ORD20000979,C100192,2026-09-25,2369.2,0.7108,0.5923,0.0704,0.0024,0.0,0.141,0.0,1.52
TRD30005173,ORD20000979,C100192,2026-09-25,2368.95,0.7107,0.5922,0.0704,0.0024,0.0,0.141,0.0,1.52
TRD30005174,ORD20000767,C100011,2026-09-25,4063.8,1.2191,1.016,0.1207,0.0041,0.0,0.2419,0.0,2.6
TRD30005175,ORD20004734,C100176,2026-09-25,33184.8,9.9554,8.2962,0.9856,0.0332,0.0,1.9754,0.0,21.25
TRD30005176,ORD20003243,C100118,2026-09-25,43730.6,13.1192,0.0,1.2988,0.0437,1.3119,2.6031,0.0,18.38
TRD30005177,ORD20003243,C100118,2026-09-25,40264.15,12.0792,0.0,1.1958,0.0403,1.2079,2.3968,0.0,16.92
TRD30005178,ORD20003243,C100118,2026-09-25,11732.6,3.5198,0.0,0.3485,0.0117,0.352,0.6984,0.0,4.93
TRD30005179,ORD20002672,C100138,2026-09-25,4833.0,1.4499,0.0,0.1435,0.0048,0.145,0.2877,0.0,2.03
TRD30005180,ORD20002672,C100138,2026-09-25,1612.25,0.4837,0.0,0.0479,0.0016,0.0484,0.096,0.0,0.68
TRD30005181,ORD20004248,C100014,2026-09-25,4953.8,0.0,4.9538,0.1471,0.005,0.0,0.0274,15.34,20.47
TRD30005182,ORD20004291,C100149,2026-09-25,19956.65,5.987,19.9567,0.5927,0.02,2.9935,1.1879,0.0,30.74
TRD30005183,ORD20004291,C100149,2026-09-25,14254.75,4.2764,14.2548,0.4234,0.0143,2.1382,0.8485,0.0,21.96
TRD30005184,ORD20000090,C100109,2026-09-25,1834.0,0.5502,0.4585,0.0545,0.0018,0.0,0.1092,0.0,1.17
TRD30005185,ORD20000090,C100109,2026-09-25,4126.5,1.2379,1.0316,0.1226,0.0041,0.0,0.2456,0.0,2.64
TRD30005186,ORD20001115,C100010,2026-09-25,2474.55,0.7424,0.0,0.0735,0.0025,0.0742,0.1473,0.0,1.04
TRD30005187,ORD20001115,C100010,2026-09-25,2474.55,0.7424,0.0,0.0735,0.0025,0.0742,0.1473,0.0,1.04
TRD30005188,ORD20000394,C100041,2026-09-25,3133.5,0.0,3.1335,0.0931,0.0031,0.0,0.0173,15.34,18.59
TRD30005189,ORD20000394,C100041,2026-09-25,3133.5,0.0,3.1335,0.0931,0.0031,0.0,0.0173,0.0,3.25
TRD30005190,ORD20004959,C100125,2026-09-25,4881.9,1.4646,0.0,0.145,0.0049,0.1465,0.2906,0.0,2.05
TRD30005191,ORD20003159,C100001,2026-09-25,24887.2,7.4662,0.0,0.7391,0.0249,0.7466,1.4814,0.0,10.46
TRD30005192,ORD20003159,C100001,2026-09-25,9572.0,2.8716,0.0,0.2843,0.0096,0.2872,0.5698,0.0,4.02
TRD30005193,ORD20003159,C100001,2026-09-25,1914.4,0.5743,0.0,0.0569,0.0019,0.0574,0.114,0.0,0.8
TRD30005194,ORD20002290,C100160,2026-09-25,4499.05,1.3497,0.0,0.1336,0.0045,0.135,0.2678,0.0,1.89
TRD30005195,ORD20002290,C100160,2026-09-25,8733.45,2.62,0.0,0.2594,0.0087,0.262,0.5199,0.0,3.67
TRD30005196,ORD20000692,C100101,2026-09-25,117487.7,0.0,117.4877,3.4894,0.1175,0.0,0.6492,15.34,137.08
TRD30005197,ORD20000692,C100101,2026-09-25,26827.9,0.0,26.8279,0.7968,0.0268,0.0,0.1483,0.0,27.8
TRD30005198,ORD20002737,C100194,2026-09-25,14651.4,4.3954,0.0,0.4351,0.0147,0.4395,0.8721,0.0,6.16
TRD30005199,ORD20003302,C100182,2026-09-25,50670.9,15.2013,50.6709,1.5049,0.0507,0.0,3.0162,15.34,85.78
TRD30005200,ORD20003302,C100182,2026-09-25,53924.95,16.1775,53.925,1.6016,0.0539,0.0,3.2099,0.0,74.97
TRD30005201,ORD20003302,C100182,2026-09-25,28154.0,8.4462,28.154,0.8362,0.0282,0.0,1.6759,0.0,39.14
TRD30005202,ORD20003360,C100118,2026-09-25,3018.5,0.9056,0.7546,0.0896,0.003,0.0,0.1797,0.0,1.93
TRD30005203,ORD20003360,C100118,2026-09-25,21129.5,6.3388,5.2824,0.6275,0.0211,0.0,1.2578,0.0,13.53
TRD30005204,ORD20003360,C100118,2026-09-25,6037.0,1.8111,1.5092,0.1793,0.006,0.0,0.3594,0.0,3.86
TRD30005205,ORD20000282,C100048,2026-09-25,91502.6,20.0,22.8756,2.7176,0.0915,0.0,4.1056,0.0,49.79
TRD30005206,ORD20000282,C100048,2026-09-25,27544.15,8.2632,6.886,0.8181,0.0275,0.0,1.6396,0.0,17.63
TRD30005207,ORD20001750,C100116,2026-09-25,3434.8,1.0304,0.8587,0.102,0.0034,0.0,0.2045,0.0,2.2
TRD30005208,ORD20002086,C100059,2026-09-25,8490.6,2.5472,0.0,0.2522,0.0085,0.2547,0.5054,0.0,3.57
TRD30005209,ORD20002750,C100105,2026-09-25,12955.6,3.8867,0.0,0.3848,0.013,0.3887,0.7712,0.0,5.44
TRD30005210,ORD20000286,C100122,2026-09-25,2787.15,0.8361,0.6968,0.0828,0.0028,0.0,0.1659,0.0,1.78
TRD30005211,ORD20002934,C100180,2026-09-25,43472.8,13.0418,10.8682,1.2911,0.0435,0.0,2.5878,0.0,27.83
TRD30005212,ORD20002934,C100180,2026-09-25,13973.4,4.192,3.4934,0.415,0.014,0.0,0.8318,0.0,8.95
TRD30005213,ORD20004684,C100018,2026-09-25,6353.1,0.0,6.3531,0.1887,0.0064,0.953,0.0351,0.0,7.54
TRD30005214,ORD20002578,C100117,2026-09-25,110421.5,0.0,110.4215,3.2795,0.1104,0.0,0.6102,15.34,129.76
TRD30005215,ORD20003244,C100022,2026-09-25,22332.7,6.6998,0.0,0.6633,0.0223,0.67,1.3294,0.0,9.38
TRD30005216,ORD20000198,C100112,2026-09-25,2296.0,0.6888,0.574,0.0682,0.0023,0.0,0.1367,0.0,1.47
TRD30005217,ORD20000198,C100112,2026-09-25,6888.0,2.0664,1.722,0.2046,0.0069,0.0,0.41,0.0,4.41
TRD30005218,ORD20001884,C100061,2026-09-25,11891.75,3.5675,0.0,0.3532,0.0119,0.3568,0.7079,0.0,5.0
TRD30005219,ORD20004974,C100127,2026-09-25,10854.2,0.0,10.8542,0.3224,0.0109,0.0,0.06,15.34,26.59
TRD30005220,ORD20004974,C100127,2026-09-25,13205.6,0.0,13.2056,0.3922,0.0132,0.0,0.073,0.0,13.68
TRD30005221,ORD20004974,C100127,2026-09-25,3877.25,0.0,3.8772,0.1152,0.0039,0.0,0.0214,0.0,4.02
TRD30005222,ORD20000097,C100187,2026-09-25,1390.25,0.0,1.3902,0.0413,0.0014,0.0,0.0077,15.34,16.78
TRD30005223,ORD20000097,C100187,2026-09-25,1390.25,0.0,1.3902,0.0413,0.0014,0.0,0.0077,0.0,1.44
TRD30005224,ORD20000261,C100021,2026-09-25,7797.0,0.0,7.797,0.2316,0.0078,0.0,0.0431,15.34,23.42
TRD30005225,ORD20000261,C100021,2026-09-25,5198.0,0.0,5.198,0.1544,0.0052,0.0,0.0287,0.0,5.39
TRD30005226,ORD20001985,C100085,2026-09-25,4834.6,0.0,4.8346,0.1436,0.0048,0.0,0.0267,15.34,20.35
TRD30005227,ORD20001985,C100085,2026-09-25,7251.9,0.0,7.2519,0.2154,0.0073,0.0,0.0401,0.0,7.51
TRD30005228,ORD20001985,C100085,2026-09-25,16921.1,0.0,16.9211,0.5026,0.0169,0.0,0.0935,0.0,17.53
TRD30005229,ORD20003218,C100018,2026-09-25,3493.7,1.0481,0.8734,0.1038,0.0035,0.0,0.208,0.0,2.24
TRD30005230,ORD20001736,C100144,2026-09-25,2292.45,0.6877,0.5731,0.0681,0.0023,0.0,0.1365,0.0,1.47
TRD30005231,ORD20001736,C100144,2026-09-25,1530.7,0.4592,0.3827,0.0455,0.0015,0.0,0.0911,0.0,0.98
TRD30005232,ORD20001736,C100144,2026-09-25,764.45,0.2293,0.1911,0.0227,0.0008,0.0,0.0455,0.0,0.49
TRD30005233,ORD20001634,C100170,2026-09-25,44149.5,0.0,44.1495,1.3112,0.0441,6.6224,0.244,0.0,52.37
TRD30005234,ORD20003591,C100011,2026-09-25,111413.4,0.0,111.4134,3.309,0.1114,16.712,0.6157,0.0,132.16
TRD30005235,ORD20000205,C100039,2026-09-25,133908.5,20.0,33.4771,3.9771,0.1339,0.0,4.34,0.0,61.93
TRD30005236,ORD20000446,C100071,2026-09-25,16230.0,4.869,0.0,0.482,0.0162,0.4869,0.9661,0.0,6.82
TRD30005237,ORD20000446,C100071,2026-09-25,22722.0,6.8166,0.0,0.6748,0.0227,0.6817,1.3525,0.0,9.55
TRD30005238,ORD20000446,C100071,2026-09-25,16230.0,4.869,0.0,0.482,0.0162,0.4869,0.9661,0.0,6.82
TRD30005239,ORD20002780,C100039,2026-09-25,2755.55,0.8267,0.6889,0.0818,0.0028,0.0,0.164,0.0,1.76
TRD30005240,ORD20002780,C100039,2026-09-25,2755.55,0.8267,0.6889,0.0818,0.0028,0.0,0.164,0.0,1.76
TRD30005241,ORD20002780,C100039,2026-09-25,8266.65,2.48,2.0667,0.2455,0.0083,0.0,0.4921,0.0,5.29
TRD30005242,ORD20001442,C100009,2026-09-25,1675.2,0.0,1.6752,0.0498,0.0017,0.2513,0.0093,0.0,1.99
TRD30005243,ORD20001091,C100037,2026-09-25,7217.4,2.1652,0.0,0.2144,0.0072,0.2165,0.4296,0.0,3.03
TRD30005244,ORD20004806,C100022,2026-09-25,10017.65,3.0053,0.0,0.2975,0.01,0.3005,0.5963,0.0,4.21
TRD30005245,ORD20004806,C100022,2026-09-25,135891.6,20.0,0.0,4.036,0.1359,4.0767,4.3509,0.0,32.6
TRD30005246,ORD20002211,C100080,2026-09-25,24144.5,0.0,24.1445,0.7171,0.0241,0.0,0.1334,15.34,40.36
TRD30005247,ORD20004965,C100144,2026-09-25,18228.6,5.4686,0.0,0.5414,0.0182,0.5469,1.0851,0.0,7.66
TRD30005248,ORD20004965,C100144,2026-09-25,6076.2,1.8229,0.0,0.1805,0.0061,0.1823,0.3617,0.0,2.55
TRD30005249,ORD20004965,C100144,2026-09-25,39495.3,11.8486,0.0,1.173,0.0395,1.1849,2.351,0.0,16.6
TRD30005250,ORD20002068,C100161,2026-09-25,3929.4,1.1788,0.9824,0.1167,0.0039,0.0,0.2339,0.0,2.52
TRD30005251,ORD20002068,C100161,2026-09-25,3929.4,1.1788,0.9824,0.1167,0.0039,0.0,0.2339,0.0,2.52
TRD30005252,ORD20002068,C100161,2026-09-25,15717.6,4.7153,3.9294,0.4668,0.0157,0.0,0.9356,0.0,10.06
TRD30005253,ORD20004782,C100132,2026-09-25,4888.8,1.4666,0.0,0.1452,0.0049,0.1467,0.291,0.0,2.05
TRD30005254,ORD20001396,C100180,2026-09-25,3537.2,0.0,3.5372,0.1051,0.0035,0.0,0.0195,15.34,19.01
TRD30005255,ORD20000510,C100147,2026-09-25,11867.3,0.0,11.8673,0.3525,0.0119,0.0,0.0656,15.34,27.64
TRD30005256,ORD20004830,C100056,2026-09-25,33011.0,0.0,33.011,0.9804,0.033,4.9516,0.1824,0.0,39.16
TRD30005257,ORD20004830,C100056,2026-09-25,49516.5,0.0,49.5165,1.4706,0.0495,7.4275,0.2736,0.0,58.74
TRD30005258,ORD20004830,C100056,2026-09-25,49516.5,0.0,49.5165,1.4706,0.0495,7.4275,0.2736,0.0,58.74
TRD30005259,ORD20003560,C100160,2026-09-25,1228.3,0.0,1.2283,0.0365,0.0012,0.1842,0.0068,0.0,1.46
TRD30005260,ORD20003560,C100160,2026-09-25,25794.3,0.0,25.7943,0.7661,0.0258,3.8691,0.1425,0.0,30.6
TRD30005261,ORD20003561,C100066,2026-09-25,20037.6,0.0,20.0376,0.5951,0.02,3.0056,0.1107,0.0,23.77
TRD30005262,ORD20003561,C100066,2026-09-25,910.8,0.0,0.9108,0.0271,0.0009,0.1366,0.005,0.0,1.08
TRD30005263,ORD20003561,C100066,2026-09-25,64211.4,0.0,64.2114,1.9071,0.0642,9.6317,0.3548,0.0,76.17
TRD30005264,ORD20000300,C100143,2026-09-25,32046.45,9.6139,8.0116,0.9518,0.032,0.0,1.9076,0.0,20.52
TRD30005265,ORD20000300,C100143,2026-09-25,13260.6,3.9782,3.3152,0.3938,0.0133,0.0,0.7894,0.0,8.49
TRD30005266,ORD20000793,C100106,2026-09-25,32272.5,0.0,32.2725,0.9585,0.0323,0.0,0.1783,15.34,48.78
TRD30005267,ORD20000793,C100106,2026-09-25,28537.25,0.0,28.5372,0.8476,0.0285,0.0,0.1577,0.0,29.57
TRD30005268,ORD20002386,C100181,2026-09-25,144890.7,20.0,0.0,4.3033,0.1449,4.3467,4.4007,0.0,33.2
TRD30005269,ORD20002985,C100136,2026-09-25,55610.0,16.683,0.0,1.6516,0.0556,1.6683,3.3102,0.0,23.37
TRD30005270,ORD20003738,C100034,2026-09-25,2322.05,0.6966,0.0,0.069,0.0023,0.0697,0.1382,0.0,0.98
TRD30005271,ORD20003738,C100034,2026-09-25,2322.25,0.6967,0.0,0.069,0.0023,0.0697,0.1382,0.0,0.98
TRD30005272,ORD20002709,C100163,2026-09-25,2410.45,0.0,2.4104,0.0716,0.0024,0.0,0.0133,15.34,17.84
TRD30005273,ORD20002709,C100163,2026-09-25,4820.9,0.0,4.8209,0.1432,0.0048,0.0,0.0266,0.0,5.0
TRD30005274,ORD20002709,C100163,2026-09-25,2410.45,0.0,2.4104,0.0716,0.0024,0.0,0.0133,0.0,2.5
TRD30005275,ORD20003833,C100113,2026-09-25,2705.4,0.8116,0.0,0.0804,0.0027,0.0812,0.161,0.0,1.14
TRD30005276,ORD20003833,C100113,2026-09-25,25250.4,7.5751,0.0,0.7499,0.0253,0.7575,1.5031,0.0,10.61
TRD30005277,ORD20003833,C100113,2026-09-25,27054.0,8.1162,0.0,0.8035,0.0271,0.8116,1.6104,0.0,11.37
TRD30005278,ORD20001926,C100018,2026-09-25,1201.55,0.3605,0.0,0.0357,0.0012,0.036,0.0715,0.0,0.5
TRD30005279,ORD20001926,C100018,2026-09-25,7191.9,2.1576,0.0,0.2136,0.0072,0.2158,0.4281,0.0,3.02
TRD30005281,ORD20000959,C100098,2026-09-25,4792.4,0.0,4.7924,0.1423,0.0048,0.0,0.0265,15.34,20.31
TRD30005280,ORD20001926,C100018,2026-09-25,11993.0,3.5979,0.0,0.3562,0.012,0.3598,0.7139,0.0,5.04
TRD30005282,ORD20000959,C100098,2026-09-25,4792.4,0.0,4.7924,0.1423,0.0048,0.0,0.0265,0.0,4.97
TRD30005283,ORD20000959,C100098,2026-09-25,16773.4,0.0,16.7734,0.4982,0.0168,0.0,0.0927,0.0,17.38
TRD30005284,ORD20001070,C100007,2026-09-25,20716.15,6.2148,5.179,0.6153,0.0207,0.0,1.2331,0.0,13.26
TRD30005285,ORD20001070,C100007,2026-09-25,6374.2,1.9123,1.5936,0.1893,0.0064,0.0,0.3794,0.0,4.08
TRD30005286,ORD20004968,C100057,2026-09-25,2706.3,0.8119,0.6766,0.0804,0.0027,0.0,0.1611,0.0,1.73
TRD30005287,ORD20004572,C100182,2026-09-25,1438.7,0.4316,1.4387,0.0427,0.0014,0.2158,0.0856,0.0,2.22
TRD30005288,ORD20004572,C100182,2026-09-25,1438.7,0.4316,1.4387,0.0427,0.0014,0.2158,0.0856,0.0,2.22
TRD30005289,ORD20004572,C100182,2026-09-25,2877.4,0.8632,2.8774,0.0855,0.0029,0.4316,0.1713,0.0,4.43
TRD30005290,ORD20001208,C100087,2026-09-25,2333.85,0.7002,0.5835,0.0693,0.0023,0.0,0.1389,0.0,1.49
TRD30005291,ORD20001208,C100087,2026-09-25,2333.85,0.7002,0.5835,0.0693,0.0023,0.0,0.1389,0.0,1.49
TRD30005292,ORD20004322,C100122,2026-09-25,1605.15,0.4815,0.0,0.0477,0.0016,0.0482,0.0955,0.0,0.67
TRD30005293,ORD20004322,C100122,2026-09-25,57785.4,17.3356,0.0,1.7162,0.0578,1.7336,3.4397,0.0,24.28
TRD30005294,ORD20004322,C100122,2026-09-25,4815.45,1.4446,0.0,0.143,0.0048,0.1445,0.2866,0.0,2.02
TRD30005295,ORD20003016,C100124,2026-09-25,2317.55,0.6953,0.0,0.0688,0.0023,0.0695,0.138,0.0,0.97
TRD30005296,ORD20003016,C100124,2026-09-25,4635.9,1.3908,0.0,0.1377,0.0046,0.1391,0.276,0.0,1.95
TRD30005297,ORD20003016,C100124,2026-09-25,2317.45,0.6952,0.0,0.0688,0.0023,0.0695,0.1379,0.0,0.97
TRD30005298,ORD20000328,C100009,2026-09-25,65273.2,0.0,65.2732,1.9386,0.0653,0.0,0.3607,15.34,82.98
TRD30005299,ORD20001640,C100194,2026-09-25,15617.55,4.6853,3.9044,0.4638,0.0156,0.0,0.9297,0.0,10.0
TRD30005300,ORD20000994,C100107,2026-09-25,1438.8,0.0,1.4388,0.0427,0.0014,0.0,0.008,15.34,16.83
TRD30005301,ORD20000994,C100107,2026-09-25,1439.9,0.0,1.4399,0.0428,0.0014,0.0,0.008,0.0,1.49
TRD30005302,ORD20000994,C100107,2026-09-25,1439.35,0.0,1.4393,0.0427,0.0014,0.0,0.008,0.0,1.49
TRD30005303,ORD20001879,C100037,2026-09-25,14324.4,4.2973,0.0,0.4254,0.0143,0.4297,0.8527,0.0,6.02
TRD30005304,ORD20001879,C100037,2026-09-25,3581.1,1.0743,0.0,0.1064,0.0036,0.1074,0.2132,0.0,1.5
TRD30005306,ORD20001606,C100013,2026-09-25,7648.3,2.2945,7.6483,0.2272,0.0076,0.0,0.4553,15.34,25.97
TRD30005305,ORD20001879,C100037,2026-09-25,9549.6,2.8649,0.0,0.2836,0.0095,0.2865,0.5684,0.0,4.01
TRD30005307,ORD20001606,C100013,2026-09-25,450.15,0.135,0.4502,0.0134,0.0005,0.0,0.0268,0.0,0.63
TRD30005308,ORD20001606,C100013,2026-09-25,3604.8,1.0814,3.6048,0.1071,0.0036,0.0,0.2146,0.0,5.01
TRD30005309,ORD20000290,C100003,2026-09-25,19042.45,0.0,19.0425,0.5656,0.019,0.0,0.1052,15.34,35.07
TRD30005310,ORD20000290,C100003,2026-09-25,9289.0,0.0,9.289,0.2759,0.0093,0.0,0.0513,0.0,9.63
TRD30005311,ORD20003826,C100055,2026-09-25,11703.4,3.511,0.0,0.3476,0.0117,0.3511,0.6967,0.0,4.92
TRD30005312,ORD20003826,C100055,2026-09-25,11703.4,3.511,0.0,0.3476,0.0117,0.3511,0.6967,0.0,4.92
TRD30005313,ORD20004196,C100063,2026-09-25,1441.5,0.4324,0.3604,0.0428,0.0014,0.0,0.0858,0.0,0.92
TRD30005314,ORD20004196,C100063,2026-09-25,1441.5,0.4324,0.3604,0.0428,0.0014,0.0,0.0858,0.0,0.92
TRD30005315,ORD20004196,C100063,2026-09-25,1441.5,0.4324,0.3604,0.0428,0.0014,0.0,0.0858,0.0,0.92
TRD30005316,ORD20002341,C100023,2026-09-25,12357.7,3.7073,0.0,0.367,0.0124,0.3707,0.7356,0.0,5.19
TRD30005317,ORD20001741,C100174,2026-09-25,5761.6,1.7285,0.0,0.1711,0.0058,0.1728,0.343,0.0,2.42
TRD30005318,ORD20001741,C100174,2026-09-25,720.5,0.2162,0.0,0.0214,0.0007,0.0216,0.0429,0.0,0.3
TRD30005319,ORD20001741,C100174,2026-09-25,360.0,0.108,0.0,0.0107,0.0004,0.0108,0.0214,0.0,0.15
TRD30005320,ORD20001012,C100061,2026-09-25,4115.55,1.2347,1.0289,0.1222,0.0041,0.0,0.245,0.0,2.63
TRD30005321,ORD20001012,C100061,2026-09-25,1373.0,0.4119,0.3432,0.0408,0.0014,0.0,0.0817,0.0,0.88
TRD30005322,ORD20001012,C100061,2026-09-25,1371.7,0.4115,0.3429,0.0407,0.0014,0.0,0.0817,0.0,0.88
TRD30005323,ORD20003477,C100044,2026-09-25,1181.05,0.0,1.181,0.0351,0.0012,0.0,0.0065,15.34,16.56
TRD30005324,ORD20003477,C100044,2026-09-25,1181.5,0.0,1.1815,0.0351,0.0012,0.0,0.0065,0.0,1.22
TRD30005325,ORD20000872,C100140,2026-09-25,6951.4,2.0854,1.7378,0.2065,0.007,0.0,0.4138,0.0,4.45
TRD30005326,ORD20003003,C100049,2026-09-25,28510.0,0.0,28.51,0.8467,0.0285,4.2765,0.1575,0.0,33.82
TRD30005327,ORD20001569,C100067,2026-09-25,5614.7,1.6844,1.4037,0.1668,0.0056,0.0,0.3342,0.0,3.59
TRD30005328,ORD20001569,C100067,2026-09-25,2806.65,0.842,0.7017,0.0834,0.0028,0.0,0.1671,0.0,1.8
TRD30005329,ORD20001569,C100067,2026-09-25,25278.3,7.5835,6.3196,0.7508,0.0253,0.0,1.5047,0.0,16.18
TRD30005330,ORD20001641,C100078,2026-09-25,5973.5,1.792,0.0,0.1774,0.006,0.1792,0.3556,0.0,2.51
TRD30005331,ORD20001641,C100078,2026-09-25,2388.0,0.7164,0.0,0.0709,0.0024,0.0716,0.1421,0.0,1.0
TRD30005332,ORD20002896,C100107,2026-09-25,14479.25,4.3438,3.6198,0.43,0.0145,0.0,0.8619,0.0,9.27
TRD30005333,ORD20002896,C100107,2026-09-25,5792.8,1.7378,1.4482,0.172,0.0058,0.0,0.3448,0.0,3.71
TRD30005334,ORD20002896,C100107,2026-09-25,14489.5,4.3468,3.6224,0.4303,0.0145,0.0,0.8625,0.0,9.28
TRD30005335,ORD20002469,C100139,2026-09-25,6366.0,0.0,6.366,0.1891,0.0064,0.0,0.0352,15.34,21.94
TRD30005336,ORD20000280,C100146,2026-09-25,67364.7,0.0,67.3647,2.0007,0.0674,10.1047,0.3723,0.0,79.91
TRD30005337,ORD20000280,C100146,2026-09-25,1953.4,0.0,1.9534,0.058,0.002,0.293,0.0108,0.0,2.32
TRD30005338,ORD20000593,C100049,2026-09-25,3509.7,0.0,3.5097,0.1042,0.0035,0.0,0.0194,15.34,18.98
TRD30005339,ORD20002342,C100050,2026-09-25,1667.95,0.5004,0.0,0.0495,0.0017,0.05,0.0993,0.0,0.7
TRD30005340,ORD20002342,C100050,2026-09-25,1667.25,0.5002,0.0,0.0495,0.0017,0.05,0.0992,0.0,0.7
TRD30005341,ORD20002342,C100050,2026-09-25,1667.85,0.5004,0.0,0.0495,0.0017,0.05,0.0993,0.0,0.7
TRD30005342,ORD20000714,C100001,2026-09-25,2805.3,0.8416,0.0,0.0833,0.0028,0.0842,0.167,0.0,1.18
TRD30005343,ORD20000714,C100001,2026-09-25,30837.95,9.2514,0.0,0.9159,0.0308,0.9251,1.8357,0.0,12.96
TRD30005344,ORD20000714,C100001,2026-09-25,33603.6,10.0811,0.0,0.998,0.0336,1.0081,2.0003,0.0,14.12
TRD30005345,ORD20002141,C100083,2026-09-25,8219.4,2.4658,0.0,0.2441,0.0082,0.2466,0.4893,0.0,3.45
TRD30005346,ORD20002141,C100083,2026-09-25,3522.6,1.0568,0.0,0.1046,0.0035,0.1057,0.2097,0.0,1.48
TRD30005347,ORD20000072,C100176,2026-09-25,1563.25,0.0,1.5632,0.0464,0.0016,0.0,0.0086,15.34,16.96
TRD30005348,ORD20000072,C100176,2026-09-25,23438.25,0.0,23.4382,0.6961,0.0234,0.0,0.1295,0.0,24.29
TRD30005349,ORD20001503,C100042,2026-09-25,58772.5,0.0,58.7725,1.7455,0.0588,0.0,0.3248,15.34,76.24
TRD30005350,ORD20001503,C100042,2026-09-25,20027.7,0.0,20.0277,0.5948,0.02,0.0,0.1107,0.0,20.75
TRD30005351,ORD20002980,C100109,2026-09-25,3582.0,1.0746,0.8955,0.1064,0.0036,0.0,0.2132,0.0,2.29
TRD30005352,ORD20002980,C100109,2026-09-25,4029.75,1.2089,1.0074,0.1197,0.004,0.0,0.2399,0.0,2.58
TRD30005353,ORD20003038,C100136,2026-09-25,3531.15,0.0,3.5312,0.1049,0.0035,0.5297,0.0195,0.0,4.19
TRD30005354,ORD20003962,C100028,2026-09-25,58617.8,17.5853,0.0,1.7409,0.0586,1.7585,3.4893,0.0,24.63
TRD30005355,ORD20003962,C100028,2026-09-25,20388.8,6.1166,0.0,0.6055,0.0204,0.6117,1.2137,0.0,8.57
TRD30005356,ORD20000151,C100108,2026-09-25,4949.0,0.0,4.949,0.147,0.0049,0.7423,0.0273,0.0,5.87
TRD30005357,ORD20000151,C100108,2026-09-25,1237.25,0.0,1.2372,0.0367,0.0012,0.1856,0.0068,0.0,1.47
TRD30005358,ORD20000422,C100172,2026-09-25,37728.55,11.3186,9.4321,1.1205,0.0377,0.0,2.2458,0.0,24.15
TRD30005359,ORD20000422,C100172,2026-09-25,12699.0,3.8097,3.1748,0.3772,0.0127,0.0,0.7559,0.0,8.13
TRD30005360,ORD20000120,C100034,2026-09-25,10441.5,0.0,10.4415,0.3101,0.0104,0.0,0.0577,15.34,26.16
TRD30005362,ORD20003120,C100061,2026-09-25,78885.4,20.0,0.0,2.3429,0.0789,2.3666,4.0359,0.0,28.82
TRD30005361,ORD20000120,C100034,2026-09-25,5220.75,0.0,5.2208,0.1551,0.0052,0.0,0.0288,0.0,5.41
TRD30005363,ORD20003120,C100061,2026-09-25,20578.8,6.1736,0.0,0.6112,0.0206,0.6174,1.225,0.0,8.65
TRD30005364,ORD20000652,C100104,2026-09-25,21223.8,0.0,21.2238,0.6303,0.0212,3.1836,0.1173,0.0,25.18
TRD30005365,ORD20000652,C100104,2026-09-25,113193.6,0.0,113.1936,3.3618,0.1132,16.979,0.6255,0.0,134.27
TRD30005366,ORD20000652,C100104,2026-09-25,9432.8,0.0,9.4328,0.2802,0.0094,1.4149,0.0521,0.0,11.19
TRD30005367,ORD20002786,C100118,2026-09-25,3349.4,1.0048,0.0,0.0995,0.0033,0.1005,0.1994,0.0,1.41
TRD30005368,ORD20002786,C100118,2026-09-25,6701.2,2.0104,0.0,0.199,0.0067,0.201,0.3989,0.0,2.82
TRD30005369,ORD20004453,C100167,2026-09-25,1632.3,0.0,1.6323,0.0485,0.0016,0.0,0.009,15.34,17.03
TRD30005370,ORD20004453,C100167,2026-09-25,1632.3,0.0,1.6323,0.0485,0.0016,0.0,0.009,0.0,1.69
TRD30005371,ORD20000233,C100189,2026-09-25,51243.0,15.3729,0.0,1.5219,0.0512,1.5373,3.0503,0.0,21.53
TRD30005372,ORD20000233,C100189,2026-09-25,92568.0,20.0,0.0,2.7493,0.0926,2.777,4.1115,0.0,29.73
TRD30005373,ORD20002877,C100023,2026-09-25,8205.9,2.4618,0.0,0.2437,0.0082,0.2462,0.4885,0.0,3.45
TRD30005374,ORD20002877,C100023,2026-09-25,30410.1,9.123,0.0,0.9032,0.0304,0.9123,1.8102,0.0,12.78
TRD30005375,ORD20002877,C100023,2026-09-25,11584.8,3.4754,0.0,0.3441,0.0116,0.3475,0.6896,0.0,4.87
TRD30005376,ORD20004954,C100160,2026-09-25,4969.25,1.4908,0.0,0.1476,0.005,0.1491,0.2958,0.0,2.09
TRD30005377,ORD20004954,C100160,2026-09-25,16263.0,4.8789,0.0,0.483,0.0163,0.4879,0.9681,0.0,6.83
TRD30005378,ORD20004954,C100160,2026-09-25,1807.0,0.5421,0.0,0.0537,0.0018,0.0542,0.1076,0.0,0.76
TRD30005379,ORD20003498,C100033,2026-09-25,42364.8,12.7094,10.5912,1.2582,0.0424,0.0,2.5218,0.0,27.12
TRD30005380,ORD20003498,C100033,2026-09-25,14121.6,4.2365,3.5304,0.4194,0.0141,0.0,0.8406,0.0,9.04
TRD30005381,ORD20001652,C100151,2026-09-25,4798.5,1.4395,0.0,0.1425,0.0048,0.144,0.2856,0.0,2.02
TRD30005382,ORD20001652,C100151,2026-09-25,71022.0,20.0,0.0,2.1094,0.071,2.1307,3.9925,0.0,28.3
TRD30005383,ORD20004424,C100056,2026-09-25,1910.3,0.5731,0.0,0.0567,0.0019,0.0573,0.1137,0.0,0.8
TRD30005384,ORD20004424,C100056,2026-09-25,1910.6,0.5732,0.0,0.0567,0.0019,0.0573,0.1137,0.0,0.8
TRD30005385,ORD20004424,C100056,2026-09-25,955.25,0.2866,0.0,0.0284,0.001,0.0287,0.0569,0.0,0.4
TRD30005386,ORD20003693,C100028,2026-09-25,3682.9,1.1049,0.9207,0.1094,0.0037,0.0,0.2192,0.0,2.36
TRD30005387,ORD20001022,C100031,2026-09-25,11187.85,0.0,11.1879,0.3323,0.0112,1.6782,0.0618,0.0,13.27
TRD30005388,ORD20001022,C100031,2026-09-25,11187.85,0.0,11.1879,0.3323,0.0112,1.6782,0.0618,0.0,13.27
TRD30005389,ORD20001022,C100031,2026-09-25,11187.85,0.0,11.1879,0.3323,0.0112,1.6782,0.0618,0.0,13.27
TRD30005390,ORD20001890,C100142,2026-09-25,5116.5,0.0,5.1165,0.152,0.0051,0.7675,0.0283,0.0,6.07
TRD30005391,ORD20001890,C100142,2026-09-25,681.4,0.0,0.6814,0.0202,0.0007,0.1022,0.0038,0.0,0.81
TRD30005393,ORD20002881,C100127,2026-09-25,5479.6,0.0,5.4796,0.1627,0.0055,0.8219,0.0303,0.0,6.5
TRD30005392,ORD20001890,C100142,2026-09-25,340.65,0.0,0.3406,0.0101,0.0003,0.0511,0.0019,0.0,0.4
TRD30005394,ORD20002881,C100127,2026-09-25,1367.7,0.0,1.3677,0.0406,0.0014,0.2052,0.0076,0.0,1.62
TRD30005395,ORD20002445,C100120,2026-09-25,7793.7,2.3381,0.0,0.2315,0.0078,0.2338,0.4639,0.0,3.28
TRD30005396,ORD20002445,C100120,2026-09-25,3898.3,1.1695,0.0,0.1158,0.0039,0.1169,0.2321,0.0,1.64
TRD30005397,ORD20001036,C100127,2026-09-25,8228.75,2.4686,0.0,0.2444,0.0082,0.2469,0.4898,0.0,3.46
TRD30005398,ORD20001036,C100127,2026-09-25,6584.6,1.9754,0.0,0.1956,0.0066,0.1975,0.392,0.0,2.77
TRD30005399,ORD20001036,C100127,2026-09-25,14785.2,4.4356,0.0,0.4391,0.0148,0.4436,0.8801,0.0,6.21
TRD30005400,ORD20004173,C100184,2026-09-25,98914.2,20.0,24.7285,2.9378,0.0989,0.0,4.1466,0.0,51.91
TRD30005401,ORD20004168,C100135,2026-09-25,3960.2,1.1881,0.99,0.1176,0.004,0.0,0.2357,0.0,2.54
TRD30005402,ORD20004168,C100135,2026-09-25,3955.05,1.1865,0.9888,0.1175,0.004,0.0,0.2354,0.0,2.53
TRD30005403,ORD20002588,C100048,2026-09-25,16737.5,0.0,16.7375,0.4971,0.0167,0.0,0.0925,15.34,32.68
TRD30005404,ORD20002588,C100048,2026-09-25,6695.0,0.0,6.695,0.1988,0.0067,0.0,0.037,0.0,6.94
TRD30005405,ORD20002588,C100048,2026-09-25,8368.75,0.0,8.3688,0.2486,0.0084,0.0,0.0462,0.0,8.67
TRD30005406,ORD20000168,C100022,2026-09-25,4728.1,1.4184,1.182,0.1404,0.0047,0.0,0.2814,0.0,3.03
TRD30005407,ORD20002829,C100173,2026-09-25,29123.4,8.737,7.2809,0.865,0.0291,0.0,1.7336,0.0,18.65
TRD30005408,ORD20002829,C100173,2026-09-25,24269.5,7.2808,6.0674,0.7208,0.0243,0.0,1.4447,0.0,15.54
TRD30005409,ORD20002829,C100173,2026-09-25,7280.85,2.1843,1.8202,0.2162,0.0073,0.0,0.4334,0.0,4.66
TRD30005410,ORD20004899,C100064,2026-09-25,12345.45,3.7036,12.3455,0.3667,0.0123,1.8518,0.7349,0.0,19.01
TRD30005411,ORD20000591,C100184,2026-09-25,1204.05,0.3612,0.301,0.0358,0.0012,0.0,0.0717,0.0,0.77
TRD30005412,ORD20000591,C100184,2026-09-25,3611.1,1.0833,0.9028,0.1072,0.0036,0.0,0.215,0.0,2.31
TRD30005413,ORD20000326,C100073,2026-09-25,5074.3,0.0,5.0743,0.1507,0.0051,0.0,0.028,15.34,20.6
TRD30005414,ORD20000326,C100073,2026-09-25,8302.5,0.0,8.3025,0.2466,0.0083,0.0,0.0459,0.0,8.6
TRD30005415,ORD20004428,C100187,2026-09-25,30716.15,9.2148,0.0,0.9123,0.0307,0.9215,1.8284,0.0,12.91
TRD30005416,ORD20004428,C100187,2026-09-25,118738.55,20.0,0.0,3.5265,0.1187,3.5622,4.2561,0.0,31.46
TRD30005417,ORD20003045,C100082,2026-09-25,21818.25,0.0,21.8182,0.648,0.0218,0.0,0.1206,15.34,37.95
TRD30005418,ORD20003045,C100082,2026-09-25,46060.75,0.0,46.0608,1.368,0.0461,0.0,0.2545,0.0,47.73
TRD30005419,ORD20003909,C100151,2026-09-25,26003.45,0.0,26.0034,0.7723,0.026,3.9005,0.1437,0.0,30.85
TRD30005420,ORD20003515,C100033,2026-09-25,3316.2,0.9949,0.829,0.0985,0.0033,0.0,0.1974,0.0,2.12
TRD30005421,ORD20004220,C100127,2026-09-25,33363.75,0.0,33.3638,0.9909,0.0334,0.0,0.1844,15.34,49.91
TRD30005422,ORD20004220,C100127,2026-09-25,48000.6,0.0,48.0006,1.4256,0.048,0.0,0.2653,0.0,49.74
TRD30005423,ORD20001163,C100071,2026-09-25,2553.6,0.7661,0.0,0.0758,0.0026,0.0766,0.152,0.0,1.07
TRD30005426,ORD20001829,C100181,2026-09-25,25167.0,7.5501,0.0,0.7475,0.0252,0.755,1.4981,0.0,10.58
TRD30005424,ORD20001163,C100071,2026-09-25,425.6,0.1277,0.0,0.0126,0.0004,0.0128,0.0253,0.0,0.18
TRD30005425,ORD20001163,C100071,2026-09-25,3404.8,1.0214,0.0,0.1011,0.0034,0.1021,0.2027,0.0,1.43
TRD30005427,ORD20000676,C100196,2026-09-25,6021.0,0.0,6.021,0.1788,0.006,0.9031,0.0333,0.0,7.14
TRD30005428,ORD20000676,C100196,2026-09-25,21073.5,0.0,21.0735,0.6259,0.0211,3.161,0.1165,0.0,25.0
TRD30005429,ORD20001382,C100170,2026-09-25,30509.5,0.0,30.5095,0.9061,0.0305,0.0,0.1686,15.34,46.95
TRD30005430,ORD20000940,C100166,2026-09-25,73689.6,20.0,18.4224,2.1886,0.0737,0.0,4.0072,0.0,44.69
TRD30005431,ORD20000940,C100166,2026-09-25,57206.4,17.1619,14.3016,1.699,0.0572,0.0,3.4053,0.0,36.62
TRD30005432,ORD20000831,C100194,2026-09-25,127645.2,20.0,0.0,3.7911,0.1276,3.8294,4.3054,0.0,32.05
TRD30005433,ORD20002840,C100122,2026-09-25,36401.1,10.9203,0.0,1.0811,0.0364,1.092,2.1668,0.0,15.3
TRD30005434,ORD20002202,C100138,2026-09-25,4323.0,0.0,4.323,0.1284,0.0043,0.0,0.0239,15.34,19.82
TRD30005435,ORD20002202,C100138,2026-09-25,2161.5,0.0,2.1615,0.0642,0.0022,0.0,0.0119,0.0,2.24
TRD30005436,ORD20000537,C100050,2026-09-25,30753.8,0.0,30.7538,0.9134,0.0308,4.6131,0.1699,0.0,36.48
TRD30005437,ORD20000537,C100050,2026-09-25,2795.8,0.0,2.7958,0.083,0.0028,0.4194,0.0154,0.0,3.32
TRD30005438,ORD20000777,C100189,2026-09-25,2202.75,0.0,2.2028,0.0654,0.0022,0.3304,0.0122,0.0,2.61
TRD30005439,ORD20000777,C100189,2026-09-25,17181.45,0.0,17.1815,0.5103,0.0172,2.5772,0.0949,0.0,20.38
TRD30005440,ORD20002158,C100019,2026-09-25,8909.0,2.6727,2.2272,0.2646,0.0089,0.0,0.5303,0.0,5.7
TRD30005441,ORD20002158,C100019,2026-09-25,20957.3,6.2872,5.2393,0.6224,0.021,0.0,1.2475,0.0,13.42
TRD30005443,ORD20003057,C100124,2026-09-25,1924.4,0.0,1.9244,0.0572,0.0019,0.2887,0.0106,0.0,2.28
TRD30005444,ORD20003057,C100124,2026-09-25,7697.6,0.0,7.6976,0.2286,0.0077,1.1546,0.0425,0.0,9.13
TRD30005442,ORD20002158,C100019,2026-09-25,40545.05,12.1635,10.1363,1.2042,0.0405,0.0,2.4135,0.0,25.96
TRD30005445,ORD20003057,C100124,2026-09-25,1924.4,0.0,1.9244,0.0572,0.0019,0.2887,0.0106,0.0,2.28
TRD30005446,ORD20000616,C100127,2026-09-25,1184.05,0.0,1.184,0.0352,0.0012,0.0,0.0065,15.34,16.57
TRD30005447,ORD20000616,C100127,2026-09-25,22496.95,0.0,22.497,0.6682,0.0225,0.0,0.1243,0.0,23.31
TRD30005448,ORD20000616,C100127,2026-09-25,3552.15,0.0,3.5522,0.1055,0.0036,0.0,0.0196,0.0,3.68
TRD30005449,ORD20004391,C100118,2026-09-25,11986.75,3.596,2.9967,0.356,0.012,0.0,0.7135,0.0,7.67
TRD30005450,ORD20003831,C100061,2026-09-25,3297.8,0.0,3.2978,0.0979,0.0033,0.4947,0.0182,0.0,3.91
TRD30005451,ORD20002808,C100035,2026-09-25,62814.0,0.0,62.814,1.8656,0.0628,9.4221,0.3471,0.0,74.51
TRD30005452,ORD20002808,C100035,2026-09-25,12562.8,0.0,12.5628,0.3731,0.0126,1.8844,0.0694,0.0,14.9
TRD30005453,ORD20001512,C100110,2026-09-25,1969.4,0.5908,0.0,0.0585,0.002,0.0591,0.1172,0.0,0.83
TRD30005454,ORD20001512,C100110,2026-09-25,1969.4,0.5908,0.0,0.0585,0.002,0.0591,0.1172,0.0,0.83
TRD30005455,ORD20001512,C100110,2026-09-25,10831.7,3.2495,0.0,0.3217,0.0108,0.325,0.6448,0.0,4.55
TRD30005456,ORD20003497,C100174,2026-09-25,43949.7,13.1849,0.0,1.3053,0.0439,1.3185,2.6161,0.0,18.47
TRD30005457,ORD20003020,C100062,2026-09-25,5518.6,1.6556,0.0,0.1639,0.0055,0.1656,0.3285,0.0,2.32
TRD30005458,ORD20003020,C100062,2026-09-25,2759.3,0.8278,0.0,0.082,0.0028,0.0828,0.1643,0.0,1.16
TRD30005459,ORD20003020,C100062,2026-09-25,15176.15,4.5528,0.0,0.4507,0.0152,0.4553,0.9034,0.0,6.38
TRD30005460,ORD20004320,C100077,2026-09-25,5009.0,1.5027,1.2522,0.1488,0.005,0.0,0.2982,0.0,3.21
TRD30005461,ORD20004320,C100077,2026-09-25,55037.4,16.5112,13.7594,1.6346,0.055,0.0,3.2762,0.0,35.24
TRD30005462,ORD20003593,C100155,2026-09-25,85120.0,20.0,21.28,2.5281,0.0851,0.0,4.0704,0.0,47.96
TRD30005463,ORD20003943,C100123,2026-09-25,97361.25,0.0,97.3612,2.8916,0.0974,14.6042,0.538,0.0,115.49
TRD30005464,ORD20002312,C100149,2026-09-25,1624.95,0.4875,0.0,0.0483,0.0016,0.0487,0.0967,0.0,0.68
TRD30005465,ORD20002312,C100149,2026-09-25,1624.95,0.4875,0.0,0.0483,0.0016,0.0487,0.0967,0.0,0.68
TRD30005466,ORD20001609,C100018,2026-09-25,5254.35,1.5763,1.3136,0.1561,0.0053,0.0,0.3128,0.0,3.36
TRD30005467,ORD20003775,C100096,2026-09-25,11696.85,3.5091,0.0,0.3474,0.0117,0.3509,0.6963,0.0,4.92
TRD30005468,ORD20003775,C100096,2026-09-25,57002.05,17.1006,0.0,1.693,0.057,1.7101,3.3931,0.0,23.95
TRD30005469,ORD20003775,C100096,2026-09-25,19448.0,5.8344,0.0,0.5776,0.0194,0.5834,1.1577,0.0,8.17
TRD30005470,ORD20004854,C100058,2026-09-25,5105.4,1.5316,0.0,0.1516,0.0051,0.1532,0.3039,0.0,2.15
TRD30005471,ORD20003155,C100141,2026-09-25,1614.0,0.4842,0.4035,0.0479,0.0016,0.0,0.0961,0.0,1.03
TRD30005472,ORD20000408,C100143,2026-09-25,9582.0,2.8746,2.3955,0.2846,0.0096,0.0,0.5704,0.0,6.13
TRD30005473,ORD20000408,C100143,2026-09-25,3593.25,1.078,0.8983,0.1067,0.0036,0.0,0.2139,0.0,2.3
TRD30005475,ORD20003034,C100001,2026-09-25,3026.45,0.0,3.0264,0.0899,0.003,0.0,0.0167,15.34,18.48
TRD30005476,ORD20003034,C100001,2026-09-25,30264.5,0.0,30.2645,0.8989,0.0303,0.0,0.1672,0.0,31.36
TRD30005474,ORD20000408,C100143,2026-09-25,4791.0,1.4373,1.1978,0.1423,0.0048,0.0,0.2852,0.0,3.07
TRD30005477,ORD20000962,C100128,2026-09-25,95155.2,20.0,23.7888,2.8261,0.0952,0.0,4.1258,0.0,50.84
TRD30005478,ORD20000060,C100039,2026-09-25,12722.4,3.8167,3.1806,0.3779,0.0127,0.0,0.7573,0.0,8.15
TRD30005479,ORD20000060,C100039,2026-09-25,14116.0,4.2348,3.529,0.4192,0.0141,0.0,0.8403,0.0,9.04
TRD30005480,ORD20003655,C100120,2026-09-25,37201.1,0.0,37.2011,1.1049,0.0372,0.0,0.2056,15.34,53.89
TRD30005481,ORD20003655,C100120,2026-09-25,24015.9,0.0,24.0159,0.7133,0.024,0.0,0.1327,0.0,24.89
TRD30005482,ORD20002161,C100153,2026-09-25,8078.5,2.4235,8.0785,0.2399,0.0081,1.2118,0.4809,0.0,12.44
TRD30005483,ORD20002161,C100153,2026-09-25,1615.7,0.4847,1.6157,0.048,0.0016,0.2424,0.0962,0.0,2.49
TRD30005484,ORD20003294,C100041,2026-09-25,7184.75,0.0,7.1848,0.2134,0.0072,0.0,0.0397,15.34,22.79
TRD30005485,ORD20003294,C100041,2026-09-25,2873.3,0.0,2.8733,0.0853,0.0029,0.0,0.0159,0.0,2.98
TRD30005486,ORD20003294,C100041,2026-09-25,11487.2,0.0,11.4872,0.3412,0.0115,0.0,0.0635,0.0,11.9
TRD30005487,ORD20004189,C100065,2026-09-25,29370.0,0.0,29.37,0.8723,0.0294,0.0,0.1623,15.34,45.77
TRD30005488,ORD20003127,C100129,2026-09-25,39480.65,11.8442,9.8702,1.1726,0.0395,0.0,2.3501,0.0,25.28
TRD30005489,ORD20003127,C100129,2026-09-25,22315.15,6.6945,5.5788,0.6628,0.0223,0.0,1.3283,0.0,14.29
TRD30005490,ORD20002357,C100032,2026-09-25,26945.6,0.0,26.9456,0.8003,0.0269,4.0418,0.1489,0.0,31.96
TRD30005491,ORD20002357,C100032,2026-09-25,13472.8,0.0,13.4728,0.4001,0.0135,2.0209,0.0745,0.0,15.98
TRD30005492,ORD20002357,C100032,2026-09-25,23577.4,0.0,23.5774,0.7002,0.0236,3.5366,0.1303,0.0,27.97
TRD30005493,ORD20001683,C100028,2026-09-25,16619.2,0.0,16.6192,0.4936,0.0166,0.0,0.0918,15.34,32.56
TRD30005494,ORD20001683,C100028,2026-09-25,3913.6,0.0,3.9136,0.1162,0.0039,0.0,0.0216,0.0,4.06
TRD30005495,ORD20001683,C100028,2026-09-25,3914.2,0.0,3.9142,0.1163,0.0039,0.0,0.0216,0.0,4.06
TRD30005496,ORD20000966,C100024,2026-09-25,57941.0,17.3823,14.4852,1.7208,0.0579,0.0,3.449,0.0,37.1
TRD30005497,ORD20000966,C100024,2026-09-25,22712.85,6.8139,5.6782,0.6746,0.0227,0.0,1.352,0.0,14.54
TRD30005498,ORD20001622,C100147,2026-09-25,98941.3,20.0,24.7353,2.9386,0.0989,0.0,4.1467,0.0,51.92
TRD30005499,ORD20002517,C100082,2026-09-25,84475.3,20.0,21.1188,2.5089,0.0845,0.0,4.0668,0.0,47.78
TRD30005500,ORD20002517,C100082,2026-09-25,45950.85,13.7853,11.4877,1.3647,0.046,0.0,2.7353,0.0,29.42
TRD30005501,ORD20003456,C100063,2026-09-25,2864.55,0.8594,0.0,0.0851,0.0029,0.0859,0.1705,0.0,1.2
TRD30005502,ORD20003456,C100063,2026-09-25,1909.7,0.5729,0.0,0.0567,0.0019,0.0573,0.1137,0.0,0.8
TRD30005503,ORD20003456,C100063,2026-09-25,10503.35,3.151,0.0,0.3119,0.0105,0.3151,0.6252,0.0,4.41
TRD30005504,ORD20000344,C100044,2026-09-25,2895.1,0.0,2.8951,0.086,0.0029,0.4343,0.016,0.0,3.43
TRD30005505,ORD20000344,C100044,2026-09-25,5780.0,0.0,5.78,0.1717,0.0058,0.867,0.0319,0.0,6.86
TRD30005506,ORD20000344,C100044,2026-09-25,1446.4,0.0,1.4464,0.043,0.0014,0.217,0.008,0.0,1.72
TRD30005507,ORD20000115,C100079,2026-09-25,935.8,0.2807,0.0,0.0278,0.0009,0.0281,0.0557,0.0,0.39
TRD30005508,ORD20000115,C100079,2026-09-25,935.8,0.2807,0.0,0.0278,0.0009,0.0281,0.0557,0.0,0.39
TRD30005509,ORD20000115,C100079,2026-09-25,935.8,0.2807,0.0,0.0278,0.0009,0.0281,0.0557,0.0,0.39
TRD30005510,ORD20004481,C100080,2026-09-25,24472.8,7.3418,0.0,0.7268,0.0245,0.7342,1.4568,0.0,10.28
TRD30005512,ORD20001226,C100046,2026-09-25,94118.0,20.0,0.0,2.7953,0.0941,2.8235,4.1201,0.0,29.83
TRD30005511,ORD20004481,C100080,2026-09-25,1812.8,0.5438,0.0,0.0538,0.0018,0.0544,0.1079,0.0,0.76
TRD30005513,ORD20001226,C100046,2026-09-25,7055.85,2.1168,0.0,0.2096,0.0071,0.2117,0.42,0.0,2.97
TRD30005514,ORD20002437,C100123,2026-09-25,4693.8,0.0,4.6938,0.1394,0.0047,0.7041,0.0259,0.0,5.57
TRD30005515,ORD20002437,C100123,2026-09-25,1172.2,0.0,1.1722,0.0348,0.0012,0.1758,0.0065,0.0,1.39
TRD30005516,ORD20001360,C100082,2026-09-25,1639.95,0.0,1.64,0.0487,0.0016,0.0,0.0091,15.34,17.04
TRD30005517,ORD20001360,C100082,2026-09-25,8199.75,0.0,8.1998,0.2435,0.0082,0.0,0.0453,0.0,8.5
TRD30005518,ORD20001228,C100038,2026-09-25,2401.1,0.7203,0.0,0.0713,0.0024,0.072,0.1429,0.0,1.01
TRD30005519,ORD20001228,C100038,2026-09-25,31194.8,9.3584,0.0,0.9265,0.0312,0.9358,1.8569,0.0,13.11
TRD30005520,ORD20001228,C100038,2026-09-25,7196.1,2.1588,0.0,0.2137,0.0072,0.2159,0.4284,0.0,3.02
TRD30005521,ORD20000483,C100053,2026-09-25,1720.4,0.5161,0.4301,0.0511,0.0017,0.0,0.1024,0.0,1.1
TRD30005522,ORD20001067,C100159,2026-09-25,18555.2,5.5666,4.6388,0.5511,0.0186,0.0,1.1045,0.0,11.88
TRD30005523,ORD20001067,C100159,2026-09-25,2319.25,0.6958,0.5798,0.0689,0.0023,0.0,0.1381,0.0,1.48
TRD30005524,ORD20002730,C100062,2026-09-25,12472.65,0.0,12.4726,0.3704,0.0125,0.0,0.0689,15.34,28.26
TRD30005525,ORD20004932,C100123,2026-09-25,1820.0,0.546,0.455,0.0541,0.0018,0.0,0.1083,0.0,1.17
TRD30005526,ORD20004932,C100123,2026-09-25,37128.0,11.1384,9.282,1.1027,0.0371,0.0,2.2101,0.0,23.77
TRD30005527,ORD20002465,C100109,2026-09-25,52503.75,15.7511,0.0,1.5594,0.0525,1.5751,3.1253,0.0,22.06
TRD30005528,ORD20002743,C100027,2026-09-25,27209.6,8.1629,0.0,0.8081,0.0272,0.8163,1.6197,0.0,11.43
TRD30005529,ORD20000147,C100159,2026-09-25,483.6,0.1451,0.0,0.0144,0.0005,0.0145,0.0288,0.0,0.2
TRD30005530,ORD20000147,C100159,2026-09-25,967.2,0.2902,0.0,0.0287,0.001,0.029,0.0576,0.0,0.41
TRD30005531,ORD20000147,C100159,2026-09-25,483.6,0.1451,0.0,0.0144,0.0005,0.0145,0.0288,0.0,0.2
TRD30005532,ORD20004233,C100004,2026-09-25,6032.6,0.0,6.0326,0.1792,0.006,0.0,0.0333,15.34,21.59
TRD30005533,ORD20004233,C100004,2026-09-25,8618.0,0.0,8.618,0.256,0.0086,0.0,0.0476,0.0,8.93
TRD30005534,ORD20001292,C100128,2026-09-25,26349.4,0.0,26.3494,0.7826,0.0263,0.0,0.1456,15.34,42.64
TRD30005535,ORD20001292,C100128,2026-09-25,33618.2,0.0,33.6182,0.9985,0.0336,0.0,0.1858,0.0,34.84
TRD30005536,ORD20001292,C100128,2026-09-25,4543.0,0.0,4.543,0.1349,0.0045,0.0,0.0251,0.0,4.71
TRD30005537,ORD20001598,C100033,2026-09-25,23699.7,0.0,23.6997,0.7039,0.0237,3.555,0.131,0.0,28.11
TRD30005538,ORD20000597,C100150,2026-09-25,2370.8,0.7112,0.5927,0.0704,0.0024,0.0,0.1411,0.0,1.52
TRD30005539,ORD20002329,C100188,2026-09-25,44698.5,0.0,44.6985,1.3275,0.0447,6.7048,0.247,0.0,53.02
TRD30005540,ORD20000429,C100186,2026-09-25,1837.4,0.5512,0.4594,0.0546,0.0018,0.0,0.1094,0.0,1.18
TRD30005541,ORD20000429,C100186,2026-09-25,918.9,0.2757,0.2297,0.0273,0.0009,0.0,0.0547,0.0,0.59
TRD30005542,ORD20000221,C100172,2026-09-25,39433.35,11.83,39.4334,1.1712,0.0394,5.915,2.3473,0.0,60.74
TRD30005543,ORD20001482,C100092,2026-09-25,3411.9,0.0,3.4119,0.1013,0.0034,0.0,0.0189,15.34,18.88
TRD30005544,ORD20001482,C100092,2026-09-25,1705.95,0.0,1.706,0.0507,0.0017,0.0,0.0094,0.0,1.77
TRD30005545,ORD20001482,C100092,2026-09-25,3411.9,0.0,3.4119,0.1013,0.0034,0.0,0.0189,0.0,3.54
TRD30005546,ORD20002334,C100156,2026-09-25,5582.4,1.6747,1.3956,0.1658,0.0056,0.0,0.3323,0.0,3.57
TRD30005547,ORD20004634,C100107,2026-09-25,20370.35,6.1111,5.0926,0.605,0.0204,0.0,1.2126,0.0,13.04
TRD30005548,ORD20000812,C100020,2026-09-25,14319.9,4.296,0.0,0.4253,0.0143,0.4296,0.8524,0.0,6.02
TRD30005549,ORD20000812,C100020,2026-09-25,1591.1,0.4773,0.0,0.0473,0.0016,0.0477,0.0947,0.0,0.67
TRD30005550,ORD20002227,C100107,2026-09-25,32428.85,0.0,32.4288,0.9631,0.0324,4.8643,0.1792,0.0,38.47
TRD30005551,ORD20002227,C100107,2026-09-25,47938.3,0.0,47.9383,1.4238,0.0479,7.1907,0.2649,0.0,56.87
TRD30005552,ORD20003973,C100101,2026-09-25,90606.6,20.0,22.6517,2.691,0.0906,0.0,4.1007,0.0,49.53
TRD30005553,ORD20003973,C100101,2026-09-25,7540.05,2.262,1.885,0.2239,0.0075,0.0,0.4488,0.0,4.83
TRD30005554,ORD20002446,C100064,2026-09-25,12041.5,3.6124,0.0,0.3576,0.012,0.3612,0.7168,0.0,5.06
TRD30005555,ORD20002446,C100064,2026-09-25,25287.15,7.5861,0.0,0.751,0.0253,0.7586,1.5052,0.0,10.63
TRD30005556,ORD20002446,C100064,2026-09-25,16858.1,5.0574,0.0,0.5007,0.0169,0.5057,1.0035,0.0,7.08
TRD30005557,ORD20001775,C100130,2026-09-25,9317.7,0.0,9.3177,0.2767,0.0093,1.3977,0.0515,0.0,11.05
TRD30005558,ORD20001775,C100130,2026-09-25,31052.5,0.0,31.0525,0.9223,0.0311,4.6579,0.1716,0.0,36.84
TRD30005559,ORD20003995,C100104,2026-09-25,75351.85,20.0,0.0,2.2379,0.0754,2.2606,4.0164,0.0,28.59
TRD30005560,ORD20000749,C100067,2026-09-25,19721.1,0.0,19.7211,0.5857,0.0197,0.0,0.109,15.34,35.78
TRD30005561,ORD20000749,C100067,2026-09-25,31443.1,0.0,31.4431,0.9339,0.0314,0.0,0.1738,0.0,32.58
TRD30005562,ORD20000551,C100114,2026-09-25,12073.5,3.622,3.0184,0.3586,0.0121,0.0,0.7187,0.0,7.73
TRD30005563,ORD20000551,C100114,2026-09-25,12049.4,3.6148,3.0124,0.3579,0.012,0.0,0.7173,0.0,7.71
TRD30005564,ORD20004940,C100175,2026-09-25,3999.5,1.1998,0.0,0.1188,0.004,0.12,0.2381,0.0,1.68
TRD30005565,ORD20003112,C100173,2026-09-25,56471.8,16.9415,14.118,1.6772,0.0565,0.0,3.3615,0.0,36.15
TRD30005566,ORD20001403,C100185,2026-09-25,11715.6,3.5147,2.9289,0.348,0.0117,0.0,0.6974,0.0,7.5
TRD30005567,ORD20001403,C100185,2026-09-25,35146.8,10.544,8.7867,1.0439,0.0351,0.0,2.0921,0.0,22.5
TRD30005568,ORD20001403,C100185,2026-09-25,11715.6,3.5147,2.9289,0.348,0.0117,0.0,0.6974,0.0,7.5
TRD30005569,ORD20002238,C100110,2026-09-25,81869.2,20.0,0.0,2.4315,0.0819,2.4561,4.0524,0.0,29.02
TRD30005570,ORD20000859,C100154,2026-09-25,2787.6,0.0,2.7876,0.0828,0.0028,0.0,0.0154,15.34,18.23
TRD30005571,ORD20000859,C100154,2026-09-25,6504.4,0.0,6.5044,0.1932,0.0065,0.0,0.0359,0.0,6.74
TRD30005572,ORD20000859,C100154,2026-09-25,464.6,0.0,0.4646,0.0138,0.0005,0.0,0.0026,0.0,0.48
TRD30005573,ORD20002231,C100020,2026-09-25,6854.0,0.0,6.854,0.2036,0.0069,1.0281,0.0379,0.0,8.13
TRD30005574,ORD20000695,C100079,2026-09-25,6559.2,1.9678,1.6398,0.1948,0.0066,0.0,0.3904,0.0,4.2
TRD30005575,ORD20000695,C100079,2026-09-25,13938.3,4.1815,3.4846,0.414,0.0139,0.0,0.8297,0.0,8.92
TRD30005576,ORD20000695,C100079,2026-09-25,20497.5,6.1492,5.1244,0.6088,0.0205,0.0,1.2201,0.0,13.12
TRD30005577,ORD20004808,C100040,2026-09-25,3540.0,1.062,0.885,0.1051,0.0035,0.0,0.2107,0.0,2.27
TRD30005578,ORD20004595,C100106,2026-09-25,2948.65,0.8846,0.7372,0.0876,0.0029,0.0,0.1755,0.0,1.89
TRD30005579,ORD20001046,C100144,2026-09-25,4653.75,1.3961,1.1634,0.1382,0.0047,0.0,0.277,0.0,2.98
TRD30005580,ORD20001046,C100144,2026-09-25,4655.7,1.3967,1.1639,0.1383,0.0047,0.0,0.2771,0.0,2.98
TRD30005581,ORD20001046,C100144,2026-09-25,1553.1,0.4659,0.3883,0.0461,0.0016,0.0,0.0924,0.0,0.99
TRD30005582,ORD20001079,C100127,2026-09-25,1655.1,0.0,1.6551,0.0492,0.0017,0.0,0.0091,15.34,17.06
TRD30005583,ORD20003195,C100002,2026-09-28,2710.0,0.0,2.71,0.0805,0.0027,0.4065,0.015,0.0,3.21
TRD30005584,ORD20004861,C100136,2026-09-28,53475.4,16.0426,0.0,1.5882,0.0535,1.6043,3.1832,0.0,22.47
TRD30005585,ORD20004275,C100112,2026-09-28,6088.25,1.8265,0.0,0.1808,0.0061,0.1826,0.3624,0.0,2.56
TRD30005586,ORD20004275,C100112,2026-09-28,6088.25,1.8265,0.0,0.1808,0.0061,0.1826,0.3624,0.0,2.56
TRD30005587,ORD20000883,C100030,2026-09-28,1197.65,0.3593,0.2994,0.0356,0.0012,0.0,0.0713,0.0,0.77
TRD30005588,ORD20000883,C100030,2026-09-28,29961.25,8.9884,7.4903,0.8898,0.03,0.0,1.7835,0.0,19.18
TRD30005589,ORD20000883,C100030,2026-09-28,5994.0,1.7982,1.4985,0.178,0.006,0.0,0.3568,0.0,3.84
TRD30005590,ORD20000178,C100167,2026-09-28,31299.45,0.0,31.2994,0.9296,0.0313,0.0,0.173,15.34,47.77
TRD30005591,ORD20000575,C100082,2026-09-28,2782.2,0.8347,0.6956,0.0826,0.0028,0.0,0.1656,0.0,1.78
TRD30005592,ORD20000939,C100088,2026-09-28,27476.4,0.0,27.4764,0.816,0.0275,0.0,0.1518,15.34,43.81
TRD30005593,ORD20002848,C100101,2026-09-28,53499.8,16.0499,0.0,1.5889,0.0535,1.605,3.1846,0.0,22.48
TRD30005594,ORD20002806,C100094,2026-09-28,2884.05,0.8652,0.721,0.0857,0.0029,0.0,0.1717,0.0,1.85
TRD30005595,ORD20002806,C100094,2026-09-28,1922.7,0.5768,0.4807,0.0571,0.0019,0.0,0.1145,0.0,1.23
TRD30005596,ORD20003169,C100136,2026-09-28,51439.7,15.4319,0.0,1.5278,0.0514,1.5432,3.062,0.0,21.62
TRD30005597,ORD20002288,C100167,2026-09-28,39188.8,0.0,39.1888,1.1639,0.0392,5.8783,0.2166,0.0,46.49
TRD30005598,ORD20002471,C100171,2026-09-28,3387.6,1.0163,0.8469,0.1006,0.0034,0.0,0.2017,0.0,2.17
TRD30005599,ORD20002471,C100171,2026-09-28,3383.7,1.0151,0.8459,0.1005,0.0034,0.0,0.2014,0.0,2.17
TRD30005600,ORD20002471,C100171,2026-09-28,3386.6,1.016,0.8466,0.1006,0.0034,0.0,0.2016,0.0,2.17
TRD30005601,ORD20001278,C100131,2026-09-28,12993.4,0.0,12.9934,0.3859,0.013,1.949,0.0718,0.0,15.41
TRD30005602,ORD20001278,C100131,2026-09-28,12997.1,0.0,12.9971,0.386,0.013,1.9496,0.0718,0.0,15.42
TRD30005603,ORD20004022,C100004,2026-09-28,43107.75,12.9323,10.7769,1.2803,0.0431,0.0,2.566,0.0,27.6
TRD30005604,ORD20003021,C100163,2026-09-28,1201.9,0.3606,0.0,0.0357,0.0012,0.0361,0.0715,0.0,0.51
TRD30005607,ORD20004671,C100114,2026-09-28,30294.0,9.0882,0.0,0.8997,0.0303,0.9088,1.8033,0.0,12.73
TRD30005605,ORD20003021,C100163,2026-09-28,1201.9,0.3606,0.0,0.0357,0.0012,0.0361,0.0715,0.0,0.51
TRD30005606,ORD20003021,C100163,2026-09-28,1201.9,0.3606,0.0,0.0357,0.0012,0.0361,0.0715,0.0,0.51
TRD30005608,ORD20003900,C100145,2026-09-28,11259.2,0.0,11.2592,0.3344,0.0113,1.6889,0.0622,0.0,13.36
TRD30005609,ORD20003900,C100145,2026-09-28,2815.1,0.0,2.8151,0.0836,0.0028,0.4223,0.0156,0.0,3.34
TRD30005610,ORD20000083,C100198,2026-09-28,3607.9,1.0824,0.0,0.1072,0.0036,0.1082,0.2148,0.0,1.52
TRD30005611,ORD20000083,C100198,2026-09-28,1803.95,0.5412,0.0,0.0536,0.0018,0.0541,0.1074,0.0,0.76
TRD30005612,ORD20004877,C100016,2026-09-28,1118.45,0.3355,0.0,0.0332,0.0011,0.0336,0.0666,0.0,0.47
TRD30005613,ORD20004877,C100016,2026-09-28,2236.9,0.6711,0.0,0.0664,0.0022,0.0671,0.1332,0.0,0.94
TRD30005614,ORD20004877,C100016,2026-09-28,1118.45,0.3355,0.0,0.0332,0.0011,0.0336,0.0666,0.0,0.47
TRD30005615,ORD20000671,C100088,2026-09-28,1425.6,0.0,1.4256,0.0423,0.0014,0.0,0.0079,15.34,16.82
TRD30005616,ORD20000671,C100088,2026-09-28,1425.6,0.0,1.4256,0.0423,0.0014,0.0,0.0079,0.0,1.48
TRD30005617,ORD20002611,C100159,2026-09-28,2498.8,0.7496,0.0,0.0742,0.0025,0.075,0.1487,0.0,1.05
TRD30005618,ORD20002611,C100159,2026-09-28,9997.2,2.9992,0.0,0.2969,0.01,0.2999,0.5951,0.0,4.2
TRD30005619,ORD20003044,C100082,2026-09-28,55731.2,0.0,55.7312,1.6552,0.0557,0.0,0.308,15.34,73.09
TRD30005620,ORD20003999,C100164,2026-09-28,49955.85,0.0,49.9558,1.4837,0.05,7.4934,0.2761,0.0,59.26
TRD30005621,ORD20003999,C100164,2026-09-28,11894.25,0.0,11.8942,0.3533,0.0119,1.7841,0.0657,0.0,14.11
TRD30005622,ORD20004194,C100118,2026-09-28,877.7,0.0,0.8777,0.0261,0.0009,0.0,0.0049,15.34,16.25
TRD30005623,ORD20004194,C100118,2026-09-28,877.7,0.0,0.8777,0.0261,0.0009,0.0,0.0049,0.0,0.91
TRD30005624,ORD20004194,C100118,2026-09-28,5705.05,0.0,5.705,0.1694,0.0057,0.0,0.0315,0.0,5.91
TRD30005625,ORD20002570,C100069,2026-09-28,145632.0,0.0,145.632,4.3253,0.1456,0.0,0.8048,15.34,166.25
TRD30005626,ORD20002595,C100039,2026-09-28,30397.8,9.1193,7.5994,0.9028,0.0304,0.0,1.8095,0.0,19.46
TRD30005627,ORD20003448,C100182,2026-09-28,74875.5,20.0,18.7189,2.2238,0.0749,0.0,4.0138,0.0,45.03
TRD30005628,ORD20002451,C100019,2026-09-28,3367.4,1.0102,0.8418,0.1,0.0034,0.0,0.2004,0.0,2.16
TRD30005629,ORD20001410,C100191,2026-09-28,21313.35,6.394,5.3283,0.633,0.0213,0.0,1.2687,0.0,13.65
TRD30005630,ORD20001410,C100191,2026-09-28,9472.6,2.8418,2.3682,0.2813,0.0095,0.0,0.5639,0.0,6.06
TRD30005631,ORD20001410,C100191,2026-09-28,4736.3,1.4209,1.1841,0.1407,0.0047,0.0,0.2819,0.0,3.03
TRD30005632,ORD20001081,C100081,2026-09-28,3757.4,1.1272,0.0,0.1116,0.0038,0.1127,0.2237,0.0,1.58
TRD30005633,ORD20003816,C100024,2026-09-28,1693.1,0.5079,0.0,0.0503,0.0017,0.0508,0.1008,0.0,0.71
TRD30005634,ORD20002356,C100070,2026-09-28,7234.4,0.0,7.2344,0.2149,0.0072,1.0852,0.04,0.0,8.58
TRD30005635,ORD20002356,C100070,2026-09-28,3617.2,0.0,3.6172,0.1074,0.0036,0.5426,0.02,0.0,4.29
TRD30005636,ORD20002356,C100070,2026-09-28,3165.05,0.0,3.1651,0.094,0.0032,0.4748,0.0175,0.0,3.75
TRD30005637,ORD20004279,C100141,2026-09-28,32633.0,9.7899,0.0,0.9692,0.0326,0.979,1.9425,0.0,13.71
TRD30005638,ORD20000055,C100068,2026-09-28,3198.6,0.0,3.1986,0.095,0.0032,0.4798,0.0177,0.0,3.79
TRD30005639,ORD20000055,C100068,2026-09-28,1599.35,0.0,1.5994,0.0475,0.0016,0.2399,0.0088,0.0,1.9
TRD30005640,ORD20000055,C100068,2026-09-28,1601.0,0.0,1.601,0.0475,0.0016,0.2401,0.0088,0.0,1.9
TRD30005641,ORD20004308,C100046,2026-09-28,893.6,0.2681,0.2234,0.0265,0.0009,0.0,0.0532,0.0,0.57
TRD30005642,ORD20004308,C100046,2026-09-28,1340.4,0.4021,0.3351,0.0398,0.0013,0.0,0.0798,0.0,0.86
TRD30005643,ORD20004308,C100046,2026-09-28,10276.4,3.0829,2.5691,0.3052,0.0103,0.0,0.6117,0.0,6.58
TRD30005644,ORD20001242,C100100,2026-09-28,975.4,0.0,0.9754,0.029,0.001,0.1463,0.0054,0.0,1.16
TRD30005645,ORD20001242,C100100,2026-09-28,4877.0,0.0,4.877,0.1448,0.0049,0.7315,0.027,0.0,5.79
TRD30005646,ORD20000573,C100039,2026-09-28,72458.75,0.0,72.4588,2.152,0.0725,0.0,0.4004,15.34,90.42
TRD30005647,ORD20003043,C100020,2026-09-28,3965.25,1.1896,0.0,0.1178,0.004,0.119,0.236,0.0,1.67
TRD30005648,ORD20003613,C100171,2026-09-28,7686.55,0.0,7.6866,0.2283,0.0077,0.0,0.0425,15.34,23.31
TRD30005649,ORD20003613,C100171,2026-09-28,1808.6,0.0,1.8086,0.0537,0.0018,0.0,0.01,0.0,1.87
TRD30005650,ORD20000757,C100004,2026-09-28,108899.8,20.0,27.225,3.2343,0.1089,0.0,4.2018,0.0,54.77
TRD30005651,ORD20000031,C100092,2026-09-28,26177.4,7.8532,6.5444,0.7775,0.0262,0.0,1.5582,0.0,16.76
TRD30005652,ORD20000031,C100092,2026-09-28,36358.75,10.9076,9.0897,1.0799,0.0364,0.0,2.1643,0.0,23.28
TRD30005653,ORD20000031,C100092,2026-09-28,10183.6,3.0551,2.5459,0.3025,0.0102,0.0,0.6062,0.0,6.52
TRD30005654,ORD20003862,C100138,2026-09-28,15741.25,0.0,15.7412,0.4675,0.0157,0.0,0.087,15.34,31.65
TRD30005655,ORD20000467,C100045,2026-09-28,69808.2,0.0,69.8082,2.0733,0.0698,10.4712,0.3858,0.0,82.81
TRD30005656,ORD20000467,C100045,2026-09-28,11634.7,0.0,11.6347,0.3456,0.0116,1.7452,0.0643,0.0,13.8
TRD30005657,ORD20000467,C100045,2026-09-28,11634.7,0.0,11.6347,0.3456,0.0116,1.7452,0.0643,0.0,13.8
TRD30005658,ORD20002738,C100014,2026-09-28,13872.25,4.1617,3.4681,0.412,0.0139,0.0,0.8258,0.0,8.88
TRD30005659,ORD20002738,C100014,2026-09-28,2773.9,0.8322,0.6935,0.0824,0.0028,0.0,0.1651,0.0,1.78
TRD30005660,ORD20002738,C100014,2026-09-28,97060.25,20.0,24.2651,2.8827,0.0971,0.0,4.1364,0.0,51.38
TRD30005661,ORD20004897,C100044,2026-09-28,22438.6,6.7316,0.0,0.6664,0.0224,0.6732,1.3357,0.0,9.43
TRD30005662,ORD20004897,C100044,2026-09-28,22433.9,6.7302,0.0,0.6663,0.0224,0.673,1.3354,0.0,9.43
TRD30005663,ORD20004016,C100178,2026-09-28,6345.6,0.0,6.3456,0.1885,0.0063,0.9518,0.0351,0.0,7.53
TRD30005664,ORD20004016,C100178,2026-09-28,2379.6,0.0,2.3796,0.0707,0.0024,0.3569,0.0131,0.0,2.82
TRD30005665,ORD20004016,C100178,2026-09-28,19032.0,0.0,19.032,0.5653,0.019,2.8548,0.1052,0.0,22.58
TRD30005666,ORD20002781,C100111,2026-09-28,5965.7,0.0,5.9657,0.1772,0.006,0.0,0.033,15.34,21.52
TRD30005667,ORD20002781,C100111,2026-09-28,1376.7,0.0,1.3767,0.0409,0.0014,0.0,0.0076,0.0,1.43
TRD30005668,ORD20003620,C100060,2026-09-28,2252.2,0.6757,0.563,0.0669,0.0023,0.0,0.1341,0.0,1.44
TRD30005669,ORD20003620,C100060,2026-09-28,2251.3,0.6754,0.5628,0.0669,0.0023,0.0,0.134,0.0,1.44
TRD30005670,ORD20003620,C100060,2026-09-28,1124.75,0.3374,0.2812,0.0334,0.0011,0.0,0.067,0.0,0.72
TRD30005671,ORD20001618,C100026,2026-09-28,738.6,0.0,0.7386,0.0219,0.0007,0.0,0.0041,15.34,16.11
TRD30005672,ORD20001618,C100026,2026-09-28,3323.25,0.0,3.3232,0.0987,0.0033,0.0,0.0184,0.0,3.44
TRD30005673,ORD20001618,C100026,2026-09-28,1107.3,0.0,1.1073,0.0329,0.0011,0.0,0.0061,0.0,1.15
TRD30005674,ORD20001557,C100054,2026-09-28,16300.5,4.8901,0.0,0.4841,0.0163,0.489,0.9703,0.0,6.85
TRD30005675,ORD20001557,C100054,2026-09-28,6520.2,1.9561,0.0,0.1936,0.0065,0.1956,0.3881,0.0,2.74
TRD30005676,ORD20003343,C100139,2026-09-28,139264.0,20.0,34.816,4.1361,0.1393,0.0,4.3696,0.0,63.46
TRD30005677,ORD20004228,C100059,2026-09-28,13883.35,0.0,13.8834,0.4123,0.0139,0.0,0.0767,15.34,29.73
TRD30005678,ORD20004228,C100059,2026-09-28,2685.0,0.0,2.685,0.0797,0.0027,0.0,0.0148,0.0,2.78
TRD30005679,ORD20004228,C100059,2026-09-28,14759.25,0.0,14.7592,0.4383,0.0148,0.0,0.0816,0.0,15.29
TRD30005680,ORD20003667,C100008,2026-09-28,65689.8,0.0,65.6898,1.951,0.0657,9.8535,0.363,0.0,77.92
TRD30005681,ORD20003151,C100170,2026-09-28,3112.9,0.9339,0.7782,0.0925,0.0031,0.0,0.1853,0.0,1.99
TRD30005682,ORD20003151,C100170,2026-09-28,2223.5,0.667,0.5559,0.066,0.0022,0.0,0.1324,0.0,1.42
TRD30005683,ORD20003151,C100170,2026-09-28,7115.2,2.1346,1.7788,0.2113,0.0071,0.0,0.4235,0.0,4.56
TRD30005684,ORD20001111,C100055,2026-09-28,26665.6,0.0,26.6656,0.792,0.0267,3.9998,0.1474,0.0,31.63
TRD30005685,ORD20001111,C100055,2026-09-28,43331.6,0.0,43.3316,1.2869,0.0433,6.4997,0.2395,0.0,51.4
TRD30005686,ORD20000088,C100040,2026-09-28,112038.4,0.0,112.0384,3.3275,0.112,0.0,0.6191,15.34,131.44
TRD30005687,ORD20002904,C100161,2026-09-28,12289.35,3.6868,0.0,0.365,0.0123,0.3687,0.7315,0.0,5.16
TRD30005688,ORD20002904,C100161,2026-09-28,12289.35,3.6868,0.0,0.365,0.0123,0.3687,0.7315,0.0,5.16
TRD30005689,ORD20001069,C100053,2026-09-28,16968.6,5.0906,0.0,0.504,0.017,0.5091,1.0101,0.0,7.13
TRD30005690,ORD20001069,C100053,2026-09-28,10369.7,3.1109,0.0,0.308,0.0104,0.3111,0.6173,0.0,4.36
TRD30005691,ORD20001069,C100053,2026-09-28,1414.05,0.4242,0.0,0.042,0.0014,0.0424,0.0842,0.0,0.59
TRD30005692,ORD20004146,C100123,2026-09-28,51344.15,15.4032,12.836,1.5249,0.0513,0.0,3.0563,0.0,32.87
TRD30005693,ORD20004146,C100123,2026-09-28,3590.5,1.0771,0.8976,0.1066,0.0036,0.0,0.2137,0.0,2.3
TRD30005694,ORD20001191,C100120,2026-09-28,2823.0,0.8469,0.0,0.0838,0.0028,0.0847,0.168,0.0,1.19
TRD30005695,ORD20001191,C100120,2026-09-28,1411.5,0.4234,0.0,0.0419,0.0014,0.0423,0.084,0.0,0.59
TRD30005696,ORD20001191,C100120,2026-09-28,470.5,0.1412,0.0,0.014,0.0005,0.0141,0.028,0.0,0.2
TRD30005697,ORD20001933,C100119,2026-09-28,1105.75,0.0,1.1058,0.0328,0.0011,0.0,0.0061,15.34,16.49
TRD30005698,ORD20001933,C100119,2026-09-28,7740.25,0.0,7.7402,0.2299,0.0077,0.0,0.0428,0.0,8.02
TRD30005699,ORD20004215,C100164,2026-09-28,16090.9,4.8273,0.0,0.4779,0.0161,0.4827,0.9578,0.0,6.76
TRD30005700,ORD20004215,C100164,2026-09-28,2298.7,0.6896,0.0,0.0683,0.0023,0.069,0.1368,0.0,0.97
TRD30005701,ORD20001317,C100168,2026-09-28,2473.3,0.0,2.4733,0.0735,0.0025,0.371,0.0137,0.0,2.93
TRD30005702,ORD20003566,C100136,2026-09-28,11480.1,3.444,2.87,0.341,0.0115,0.0,0.6834,0.0,7.35
TRD30005703,ORD20004357,C100104,2026-09-28,1668.85,0.5007,0.0,0.0496,0.0017,0.0501,0.0993,0.0,0.7
TRD30005704,ORD20004357,C100104,2026-09-28,10013.1,3.0039,0.0,0.2974,0.01,0.3004,0.596,0.0,4.21
TRD30005705,ORD20004566,C100068,2026-09-28,9343.0,0.0,9.343,0.2775,0.0093,1.4014,0.0516,0.0,11.08
TRD30005706,ORD20004566,C100068,2026-09-28,97047.6,0.0,97.0476,2.8823,0.097,14.5571,0.5363,0.0,115.12
TRD30005707,ORD20004566,C100068,2026-09-28,8396.55,0.0,8.3966,0.2494,0.0084,1.2595,0.0464,0.0,9.96
TRD30005708,ORD20000453,C100095,2026-09-28,8100.25,2.4301,2.0251,0.2406,0.0081,0.0,0.4822,0.0,5.19
TRD30005709,ORD20000453,C100095,2026-09-28,21060.65,6.3182,5.2652,0.6255,0.0211,0.0,1.2537,0.0,13.48
TRD30005710,ORD20003334,C100151,2026-09-28,88326.0,0.0,88.326,2.6233,0.0883,0.0,0.4881,15.34,106.87
TRD30005711,ORD20000122,C100057,2026-09-28,18827.2,5.6482,4.7068,0.5592,0.0188,0.0,1.1207,0.0,12.05
TRD30005712,ORD20000771,C100173,2026-09-28,65866.7,19.76,0.0,1.9562,0.0659,1.976,3.9208,0.0,27.68
TRD30005713,ORD20003484,C100163,2026-09-28,15841.4,0.0,15.8414,0.4705,0.0158,0.0,0.0875,15.34,31.76
TRD30005714,ORD20003484,C100163,2026-09-28,59439.0,0.0,59.439,1.7653,0.0594,0.0,0.3285,0.0,61.59
TRD30005715,ORD20004005,C100100,2026-09-28,2409.8,0.0,2.4098,0.0716,0.0024,0.3615,0.0133,0.0,2.86
TRD30005716,ORD20004005,C100100,2026-09-28,2409.8,0.0,2.4098,0.0716,0.0024,0.3615,0.0133,0.0,2.86
TRD30005717,ORD20004973,C100187,2026-09-28,9779.2,2.9338,2.4448,0.2904,0.0098,0.0,0.5821,0.0,6.26
TRD30005718,ORD20004973,C100187,2026-09-28,17113.6,5.1341,4.2784,0.5083,0.0171,0.0,1.0187,0.0,10.96
TRD30005719,ORD20004973,C100187,2026-09-28,4889.6,1.4669,1.2224,0.1452,0.0049,0.0,0.2911,0.0,3.13
TRD30005720,ORD20001057,C100060,2026-09-28,5604.0,1.6812,1.401,0.1664,0.0056,0.0,0.3336,0.0,3.59
TRD30005721,ORD20001057,C100060,2026-09-28,5604.0,1.6812,1.401,0.1664,0.0056,0.0,0.3336,0.0,3.59
TRD30005722,ORD20000904,C100130,2026-09-28,11756.25,0.0,11.7562,0.3492,0.0118,1.7634,0.065,0.0,13.95
TRD30005723,ORD20000904,C100130,2026-09-28,15978.3,0.0,15.9783,0.4746,0.016,2.3967,0.0883,0.0,18.95
TRD30005724,ORD20000904,C100130,2026-09-28,3288.95,0.0,3.289,0.0977,0.0033,0.4933,0.0182,0.0,3.9
TRD30005725,ORD20004536,C100071,2026-09-28,6222.2,1.8667,1.5556,0.1848,0.0062,0.0,0.3704,0.0,3.98
TRD30005726,ORD20002501,C100130,2026-09-28,26102.9,7.8309,0.0,0.7753,0.0261,0.7831,1.5538,0.0,10.97
TRD30005727,ORD20004285,C100139,2026-09-28,21609.0,6.4827,0.0,0.6418,0.0216,0.6483,1.2863,0.0,9.08
TRD30005728,ORD20004285,C100139,2026-09-28,15486.45,4.6459,0.0,0.4599,0.0155,0.4646,0.9218,0.0,6.51
TRD30005729,ORD20004608,C100055,2026-09-28,982.05,0.0,0.982,0.0292,0.001,0.1473,0.0054,0.0,1.16
TRD30005730,ORD20004608,C100055,2026-09-28,982.05,0.0,0.982,0.0292,0.001,0.1473,0.0054,0.0,1.16
TRD30005731,ORD20003619,C100119,2026-09-28,1738.55,0.0,1.7386,0.0516,0.0017,0.2608,0.0096,0.0,2.06
TRD30005732,ORD20003619,C100119,2026-09-28,1738.4,0.0,1.7384,0.0516,0.0017,0.2608,0.0096,0.0,2.06
TRD30005733,ORD20004362,C100119,2026-09-28,2557.1,0.0,2.5571,0.0759,0.0026,0.3836,0.0141,0.0,3.03
TRD30005734,ORD20004362,C100119,2026-09-28,5114.2,0.0,5.1142,0.1519,0.0051,0.7671,0.0283,0.0,6.07
TRD30005735,ORD20004362,C100119,2026-09-28,2557.1,0.0,2.5571,0.0759,0.0026,0.3836,0.0141,0.0,3.03
TRD30005736,ORD20000400,C100067,2026-09-28,5282.75,0.0,5.2828,0.1569,0.0053,0.0,0.0292,15.34,20.81
TRD30005737,ORD20004089,C100109,2026-09-28,3647.0,1.0941,3.647,0.1083,0.0036,0.547,0.2171,0.0,5.62
TRD30005738,ORD20004089,C100109,2026-09-28,3650.0,1.095,3.65,0.1084,0.0036,0.5475,0.2173,0.0,5.62
TRD30005739,ORD20004089,C100109,2026-09-28,9124.0,2.7372,9.124,0.271,0.0091,1.3686,0.5431,0.0,14.05
TRD30005740,ORD20002308,C100198,2026-09-28,2906.35,0.8719,0.0,0.0863,0.0029,0.0872,0.173,0.0,1.22
TRD30005741,ORD20002308,C100198,2026-09-28,2906.6,0.872,0.0,0.0863,0.0029,0.0872,0.173,0.0,1.22
TRD30005742,ORD20002576,C100198,2026-09-28,34756.75,10.427,0.0,1.0323,0.0348,1.0427,2.0689,0.0,14.61
TRD30005743,ORD20001324,C100037,2026-09-28,4608.4,1.3825,0.0,0.1369,0.0046,0.1383,0.2743,0.0,1.94
TRD30005744,ORD20001324,C100037,2026-09-28,11521.0,3.4563,0.0,0.3422,0.0115,0.3456,0.6858,0.0,4.84
TRD30005745,ORD20001324,C100037,2026-09-28,17281.5,5.1844,0.0,0.5133,0.0173,0.5184,1.0287,0.0,7.26
TRD30005746,ORD20001406,C100147,2026-09-28,37481.05,11.2443,9.3703,1.1132,0.0375,0.0,2.2311,0.0,24.0
TRD30005747,ORD20001406,C100147,2026-09-28,24542.3,7.3627,6.1356,0.7289,0.0245,0.0,1.4609,0.0,15.71
TRD30005748,ORD20000324,C100125,2026-09-28,8402.7,0.0,8.4027,0.2496,0.0084,0.0,0.0464,15.34,24.05
TRD30005749,ORD20000324,C100125,2026-09-28,58730.7,0.0,58.7307,1.7443,0.0587,0.0,0.3245,0.0,60.86
TRD30005750,ORD20003463,C100144,2026-09-28,144408.0,20.0,36.102,4.2889,0.1444,0.0,4.398,0.0,64.93
TRD30005751,ORD20003312,C100170,2026-09-28,3025.95,0.9078,0.7565,0.0899,0.003,0.0,0.1801,0.0,1.94
TRD30005752,ORD20004714,C100007,2026-09-28,8061.9,0.0,8.0619,0.2394,0.0081,0.0,0.0446,15.34,23.69
TRD30005753,ORD20004714,C100007,2026-09-28,41775.3,0.0,41.7753,1.2407,0.0418,0.0,0.2309,0.0,43.29
TRD30005754,ORD20004714,C100007,2026-09-28,78786.75,0.0,78.7868,2.34,0.0788,0.0,0.4354,0.0,81.64
TRD30005755,ORD20002884,C100062,2026-09-28,2254.2,0.0,2.2542,0.0669,0.0023,0.0,0.0125,15.34,17.68
TRD30005756,ORD20002884,C100062,2026-09-28,1127.1,0.0,1.1271,0.0335,0.0011,0.0,0.0062,0.0,1.17
TRD30005757,ORD20002884,C100062,2026-09-28,10143.9,0.0,10.1439,0.3013,0.0101,0.0,0.0561,0.0,10.51
TRD30005758,ORD20002154,C100170,2026-09-28,5635.05,0.0,5.6351,0.1674,0.0056,0.0,0.0311,15.34,21.18
TRD30005759,ORD20001354,C100061,2026-09-28,3244.85,0.9735,0.8112,0.0964,0.0032,0.0,0.1932,0.0,2.08
TRD30005760,ORD20001354,C100061,2026-09-28,927.1,0.2781,0.2318,0.0275,0.0009,0.0,0.0552,0.0,0.59
TRD30005761,ORD20001354,C100061,2026-09-28,1390.65,0.4172,0.3477,0.0413,0.0014,0.0,0.0828,0.0,0.89
TRD30005762,ORD20003122,C100085,2026-09-28,34831.25,10.4494,8.7078,1.0345,0.0348,0.0,2.0734,0.0,22.3
TRD30005763,ORD20003122,C100085,2026-09-28,2786.5,0.836,0.6966,0.0828,0.0028,0.0,0.1659,0.0,1.78
TRD30005764,ORD20003122,C100085,2026-09-28,65482.75,19.6448,16.3707,1.9448,0.0655,0.0,3.8979,0.0,41.92
TRD30005765,ORD20001335,C100137,2026-09-28,5705.7,1.7117,5.7057,0.1695,0.0057,0.8559,0.3396,0.0,8.79
TRD30005766,ORD20001335,C100137,2026-09-28,8562.9,2.5689,8.5629,0.2543,0.0086,1.2844,0.5097,0.0,13.19
TRD30005767,ORD20001335,C100137,2026-09-28,11424.0,3.4272,11.424,0.3393,0.0114,1.7136,0.68,0.0,17.6
TRD30005768,ORD20001102,C100035,2026-09-28,461.75,0.1385,0.1154,0.0137,0.0005,0.0,0.0275,0.0,0.3
TRD30005769,ORD20001102,C100035,2026-09-28,923.5,0.277,0.2309,0.0274,0.0009,0.0,0.055,0.0,0.59
TRD30005770,ORD20001102,C100035,2026-09-28,1385.25,0.4156,0.3463,0.0411,0.0014,0.0,0.0825,0.0,0.89
TRD30005771,ORD20003494,C100159,2026-09-28,12138.75,3.6416,3.0347,0.3605,0.0121,0.0,0.7226,0.0,7.77
TRD30005772,ORD20003494,C100159,2026-09-28,36416.25,10.9249,9.1041,1.0816,0.0364,0.0,2.1677,0.0,23.31
TRD30005773,ORD20003494,C100159,2026-09-28,12138.75,3.6416,3.0347,0.3605,0.0121,0.0,0.7226,0.0,7.77
TRD30005774,ORD20002568,C100142,2026-09-28,8835.45,0.0,8.8355,0.2624,0.0088,1.3253,0.0488,0.0,10.48
TRD30005775,ORD20001214,C100060,2026-09-28,6846.8,0.0,6.8468,0.2033,0.0068,0.0,0.0378,15.34,22.43
TRD30005776,ORD20001214,C100060,2026-09-28,1711.05,0.0,1.711,0.0508,0.0017,0.0,0.0095,0.0,1.77
TRD30005777,ORD20002721,C100077,2026-09-28,1962.3,0.5887,0.0,0.0583,0.002,0.0589,0.1168,0.0,0.82
TRD30005778,ORD20002721,C100077,2026-09-28,33382.9,10.0149,0.0,0.9915,0.0334,1.0015,1.9872,0.0,14.03
TRD30005780,ORD20000383,C100141,2026-09-28,23209.2,6.9628,5.8023,0.6893,0.0232,0.0,1.3816,0.0,14.86
TRD30005781,ORD20000383,C100141,2026-09-28,3315.6,0.9947,0.8289,0.0985,0.0033,0.0,0.1974,0.0,2.12
TRD30005779,ORD20002721,C100077,2026-09-28,2942.4,0.8827,0.0,0.0874,0.0029,0.0883,0.1751,0.0,1.24
TRD30005782,ORD20000383,C100141,2026-09-28,31498.2,9.4495,7.8746,0.9355,0.0315,0.0,1.875,0.0,20.17
TRD30005783,ORD20001691,C100116,2026-09-28,113211.5,20.0,28.3029,3.3624,0.1132,0.0,4.2256,0.0,56.0
TRD30005784,ORD20001743,C100096,2026-09-28,5821.8,1.7465,1.4555,0.1729,0.0058,0.0,0.3465,0.0,3.73
TRD30005787,ORD20002409,C100193,2026-09-28,15248.7,4.5746,3.8122,0.4529,0.0152,0.0,0.9077,0.0,9.76
TRD30005785,ORD20000304,C100180,2026-09-28,21984.9,0.0,21.9849,0.653,0.022,3.2977,0.1215,0.0,26.08
TRD30005786,ORD20000304,C100180,2026-09-28,11571.0,0.0,11.571,0.3437,0.0116,1.7356,0.0639,0.0,13.73
TRD30005788,ORD20002409,C100193,2026-09-28,6781.2,2.0344,1.6953,0.2014,0.0068,0.0,0.4037,0.0,4.34
TRD30005789,ORD20002409,C100193,2026-09-28,6781.8,2.0345,1.6954,0.2014,0.0068,0.0,0.4037,0.0,4.34
TRD30005790,ORD20001996,C100064,2026-09-28,6313.3,1.894,6.3133,0.1875,0.0063,0.0,0.3758,15.34,24.12
TRD30005791,ORD20001996,C100064,2026-09-28,1803.8,0.5411,1.8038,0.0536,0.0018,0.0,0.1074,0.0,2.51
TRD30005792,ORD20004639,C100181,2026-09-28,8483.5,0.0,8.4835,0.252,0.0085,1.2725,0.0469,0.0,10.06
TRD30005793,ORD20003226,C100039,2026-09-28,74216.0,20.0,0.0,2.2042,0.0742,2.2265,4.0101,0.0,28.52
TRD30005794,ORD20004779,C100181,2026-09-28,22770.0,6.831,5.6925,0.6763,0.0228,0.0,1.3554,0.0,14.58
TRD30005795,ORD20004779,C100181,2026-09-28,22793.0,6.8379,5.6982,0.677,0.0228,0.0,1.3568,0.0,14.59
TRD30005796,ORD20004779,C100181,2026-09-28,22794.4,6.8383,5.6986,0.677,0.0228,0.0,1.3569,0.0,14.59
TRD30005797,ORD20002033,C100197,2026-09-28,17882.0,5.3646,4.4705,0.5311,0.0179,0.0,1.0644,0.0,11.45
TRD30005798,ORD20002033,C100197,2026-09-28,14751.0,4.4253,3.6878,0.4381,0.0148,0.0,0.8781,0.0,9.44
TRD30005799,ORD20004960,C100021,2026-09-28,55321.5,16.5964,0.0,1.643,0.0553,1.6596,3.2931,0.0,23.25
TRD30005800,ORD20004976,C100122,2026-09-28,26013.6,7.8041,6.5034,0.7726,0.026,0.0,1.5485,0.0,16.65
TRD30005801,ORD20003180,C100182,2026-09-28,20053.2,6.016,20.0532,0.5956,0.0201,3.008,1.1937,0.0,30.89
TRD30005802,ORD20003180,C100182,2026-09-28,24732.75,7.4198,24.7328,0.7346,0.0247,3.7099,1.4722,0.0,38.09
TRD30005803,ORD20000256,C100143,2026-09-28,27752.4,8.3257,6.9381,0.8242,0.0278,0.0,1.652,0.0,17.77
TRD30005804,ORD20003445,C100074,2026-09-28,1453.1,0.4359,0.3633,0.0432,0.0015,0.0,0.0865,0.0,0.93
TRD30005805,ORD20003445,C100074,2026-09-28,1453.1,0.4359,0.3633,0.0432,0.0015,0.0,0.0865,0.0,0.93
TRD30005806,ORD20003445,C100074,2026-09-28,2906.2,0.8719,0.7265,0.0863,0.0029,0.0,0.173,0.0,1.86
TRD30005807,ORD20003758,C100107,2026-09-28,7844.65,0.0,7.8446,0.233,0.0078,0.0,0.0433,15.34,23.47
TRD30005808,ORD20003758,C100107,2026-09-28,6915.0,0.0,6.915,0.2054,0.0069,0.0,0.0382,0.0,7.17
TRD30005809,ORD20002675,C100068,2026-09-28,12305.9,0.0,12.3059,0.3655,0.0123,0.0,0.068,15.34,28.09
TRD30005810,ORD20004822,C100031,2026-09-28,5858.4,1.7575,0.0,0.174,0.0059,0.1758,0.3487,0.0,2.46
TRD30005811,ORD20004822,C100031,2026-09-28,1464.6,0.4394,0.0,0.0435,0.0015,0.0439,0.0872,0.0,0.62
TRD30005812,ORD20002860,C100043,2026-09-28,13003.0,3.9009,0.0,0.3862,0.013,0.3901,0.774,0.0,5.46
TRD30005813,ORD20002860,C100043,2026-09-28,9752.25,2.9257,0.0,0.2896,0.0098,0.2926,0.5805,0.0,4.1
TRD30005814,ORD20002860,C100043,2026-09-28,6501.5,1.9504,0.0,0.1931,0.0065,0.195,0.387,0.0,2.73
TRD30005815,ORD20003369,C100053,2026-09-28,38321.4,0.0,38.3214,1.1381,0.0383,0.0,0.2118,15.34,55.05
TRD30005816,ORD20003369,C100053,2026-09-28,2947.8,0.0,2.9478,0.0875,0.0029,0.0,0.0163,0.0,3.05
TRD30005817,ORD20003369,C100053,2026-09-28,38321.4,0.0,38.3214,1.1381,0.0383,0.0,0.2118,0.0,39.71
TRD30005818,ORD20002092,C100067,2026-09-28,93787.2,20.0,0.0,2.7855,0.0938,2.8136,4.1183,0.0,29.81
TRD30005819,ORD20004651,C100025,2026-09-28,1889.9,0.0,1.8899,0.0561,0.0019,0.0,0.0104,15.34,17.3
TRD30005820,ORD20004651,C100025,2026-09-28,944.95,0.0,0.945,0.0281,0.0009,0.0,0.0052,0.0,0.98
TRD30005823,ORD20001509,C100007,2026-09-28,9908.5,2.9725,2.4771,0.2943,0.0099,0.0,0.5898,0.0,6.34
TRD30005821,ORD20004770,C100121,2026-09-28,12441.9,0.0,12.4419,0.3695,0.0124,1.8663,0.0688,0.0,14.76
TRD30005822,ORD20004770,C100121,2026-09-28,12441.9,0.0,12.4419,0.3695,0.0124,1.8663,0.0688,0.0,14.76
TRD30005824,ORD20001509,C100007,2026-09-28,2548.35,0.7645,0.6371,0.0757,0.0025,0.0,0.1517,0.0,1.63
TRD30005825,ORD20001319,C100089,2026-09-28,15999.55,4.7999,0.0,0.4752,0.016,0.48,0.9524,0.0,6.72
TRD30005826,ORD20001066,C100116,2026-09-28,3736.5,0.0,3.7365,0.111,0.0037,0.5605,0.0206,0.0,4.43
TRD30005827,ORD20001005,C100033,2026-09-28,48176.4,0.0,48.1764,1.4308,0.0482,7.2265,0.2662,0.0,57.15
TRD30005828,ORD20001005,C100033,2026-09-28,12035.75,0.0,12.0358,0.3575,0.012,1.8054,0.0665,0.0,14.28
TRD30005829,ORD20000452,C100116,2026-09-28,2804.3,0.8413,0.0,0.0833,0.0028,0.0841,0.1669,0.0,1.18
TRD30005830,ORD20003201,C100162,2026-09-28,2390.65,0.7172,0.0,0.071,0.0024,0.0717,0.1423,0.0,1.0
TRD30005831,ORD20003201,C100162,2026-09-28,14343.9,4.3032,0.0,0.426,0.0143,0.4303,0.8538,0.0,6.03
TRD30005832,ORD20000436,C100124,2026-09-28,7176.0,2.1528,1.794,0.2131,0.0072,0.0,0.4272,0.0,4.59
TRD30005833,ORD20000436,C100124,2026-09-28,11966.5,3.5899,2.9916,0.3554,0.012,0.0,0.7123,0.0,7.66
TRD30005834,ORD20004023,C100065,2026-09-28,106377.4,20.0,26.5944,3.1594,0.1064,0.0,4.1878,0.0,54.05
TRD30005835,ORD20002287,C100076,2026-09-28,1436.5,0.4309,0.0,0.0427,0.0014,0.0431,0.0855,0.0,0.6
TRD30005836,ORD20002287,C100076,2026-09-28,2873.0,0.8619,0.0,0.0853,0.0029,0.0862,0.171,0.0,1.21
TRD30005837,ORD20002287,C100076,2026-09-28,1436.5,0.4309,0.0,0.0427,0.0014,0.0431,0.0855,0.0,0.6
TRD30005838,ORD20000742,C100096,2026-09-28,6868.0,2.0604,1.717,0.204,0.0069,0.0,0.4088,0.0,4.4
TRD30005839,ORD20004866,C100071,2026-09-28,1178.05,0.0,1.178,0.035,0.0012,0.0,0.0065,15.34,16.56
TRD30005840,ORD20004866,C100071,2026-09-28,1176.45,0.0,1.1764,0.0349,0.0012,0.0,0.0065,0.0,1.22
TRD30005841,ORD20004866,C100071,2026-09-28,2355.1,0.0,2.3551,0.0699,0.0024,0.0,0.013,0.0,2.44
TRD30005842,ORD20003140,C100103,2026-09-28,14659.5,0.0,14.6595,0.4354,0.0147,2.1989,0.081,0.0,17.39
TRD30005843,ORD20003140,C100103,2026-09-28,9788.8,0.0,9.7888,0.2907,0.0098,1.4683,0.0541,0.0,11.61
TRD30005844,ORD20003183,C100176,2026-09-28,2697.0,0.8091,0.0,0.0801,0.0027,0.0809,0.1605,0.0,1.13
TRD30005845,ORD20002885,C100043,2026-09-28,4804.8,0.0,4.8048,0.1427,0.0048,0.7207,0.0266,0.0,5.7
TRD30005846,ORD20000389,C100156,2026-09-28,34123.6,0.0,34.1236,1.0135,0.0341,5.1185,0.1886,0.0,40.48
TRD30005847,ORD20000389,C100156,2026-09-28,14624.4,0.0,14.6244,0.4343,0.0146,2.1937,0.0808,0.0,17.35
TRD30005848,ORD20000389,C100156,2026-09-28,3656.1,0.0,3.6561,0.1086,0.0037,0.5484,0.0202,0.0,4.34
TRD30005849,ORD20000258,C100152,2026-09-28,2312.35,0.6937,0.0,0.0687,0.0023,0.0694,0.1376,0.0,0.97
TRD30005850,ORD20000258,C100152,2026-09-28,4624.7,1.3874,0.0,0.1374,0.0046,0.1387,0.2753,0.0,1.94
TRD30005851,ORD20000258,C100152,2026-09-28,2312.35,0.6937,0.0,0.0687,0.0023,0.0694,0.1376,0.0,0.97
TRD30005852,ORD20004165,C100030,2026-09-28,36491.4,10.9474,0.0,1.0838,0.0365,1.0947,2.1722,0.0,15.33
TRD30005853,ORD20003485,C100152,2026-09-28,16851.1,0.0,16.8511,0.5005,0.0169,2.5277,0.0931,0.0,19.99
TRD30005854,ORD20000176,C100038,2026-09-28,27831.2,8.3494,0.0,0.8266,0.0278,0.8349,1.6567,0.0,11.7
TRD30005855,ORD20000176,C100038,2026-09-28,17605.2,5.2816,0.0,0.5229,0.0176,0.5282,1.048,0.0,7.4
TRD30005856,ORD20000176,C100038,2026-09-28,13185.45,3.9556,0.0,0.3916,0.0132,0.3956,0.7849,0.0,5.54
TRD30005857,ORD20001615,C100018,2026-09-28,47393.2,0.0,47.3932,1.4076,0.0474,7.109,0.2619,0.0,56.22
TRD30005858,ORD20001615,C100018,2026-09-28,23704.4,0.0,23.7044,0.704,0.0237,3.5557,0.131,0.0,28.12
TRD30005859,ORD20001833,C100011,2026-09-28,3886.0,0.0,3.886,0.1154,0.0039,0.5829,0.0215,0.0,4.61
TRD30005860,ORD20001833,C100011,2026-09-28,22344.5,0.0,22.3445,0.6636,0.0223,3.3517,0.1235,0.0,26.51
TRD30005861,ORD20002622,C100078,2026-09-28,1693.0,0.5079,0.0,0.0503,0.0017,0.0508,0.1008,0.0,0.71
TRD30005862,ORD20000805,C100142,2026-09-28,28197.0,8.4591,7.0492,0.8375,0.0282,0.0,1.6785,0.0,18.05
TRD30005863,ORD20000805,C100142,2026-09-28,39945.75,11.9837,9.9864,1.1864,0.0399,0.0,2.3778,0.0,25.57
TRD30005864,ORD20004120,C100088,2026-09-28,11494.4,3.4483,0.0,0.3414,0.0115,0.3448,0.6842,0.0,4.83
TRD30005865,ORD20004120,C100088,2026-09-28,359.2,0.1078,0.0,0.0107,0.0004,0.0108,0.0214,0.0,0.15
TRD30005866,ORD20002381,C100138,2026-09-28,12996.8,0.0,12.9968,0.386,0.013,0.0,0.0718,15.34,28.81
TRD30005867,ORD20003327,C100154,2026-09-28,30677.5,9.2032,0.0,0.9111,0.0307,0.9203,1.8261,0.0,12.89
TRD30005868,ORD20003327,C100154,2026-09-28,21474.25,6.4423,0.0,0.6378,0.0215,0.6442,1.2783,0.0,9.02
TRD30005869,ORD20003327,C100154,2026-09-28,52151.75,15.6455,0.0,1.5489,0.0522,1.5646,3.1044,0.0,21.92
TRD30005870,ORD20000184,C100172,2026-09-28,12120.55,3.6362,3.0301,0.36,0.0121,0.0,0.7215,0.0,7.76
TRD30005871,ORD20000609,C100057,2026-09-28,11379.3,3.4138,2.8448,0.338,0.0114,0.0,0.6774,0.0,7.29
TRD30005872,ORD20000609,C100057,2026-09-28,7586.2,2.2759,1.8966,0.2253,0.0076,0.0,0.4516,0.0,4.86
TRD30005873,ORD20000609,C100057,2026-09-28,11379.3,3.4138,2.8448,0.338,0.0114,0.0,0.6774,0.0,7.29
TRD30005874,ORD20001289,C100051,2026-09-28,6678.4,0.0,6.6784,0.1983,0.0067,1.0018,0.0369,0.0,7.92
TRD30005875,ORD20001294,C100108,2026-09-28,6729.0,2.0187,0.0,0.1999,0.0067,0.2019,0.4006,0.0,2.83
TRD30005876,ORD20001149,C100131,2026-09-28,5785.85,1.7358,0.0,0.1718,0.0058,0.1736,0.3444,0.0,2.43
TRD30005877,ORD20002053,C100073,2026-09-28,31362.1,0.0,31.3621,0.9315,0.0314,0.0,0.1733,15.34,47.84
TRD30005878,ORD20002053,C100073,2026-09-28,93921.3,0.0,93.9213,2.7895,0.0939,0.0,0.519,0.0,97.32
TRD30005879,ORD20004913,C100083,2026-09-28,4688.0,0.0,4.688,0.1392,0.0047,0.0,0.0259,15.34,20.2
TRD30005880,ORD20004913,C100083,2026-09-28,2344.0,0.0,2.344,0.0696,0.0023,0.0,0.013,0.0,2.43
TRD30005881,ORD20004913,C100083,2026-09-28,7032.0,0.0,7.032,0.2089,0.007,0.0,0.0389,0.0,7.29
TRD30005882,ORD20003223,C100182,2026-09-28,73530.0,20.0,0.0,2.1838,0.0735,2.2059,4.0063,0.0,28.47
TRD30005883,ORD20003840,C100059,2026-09-28,2951.9,0.8856,0.0,0.0877,0.003,0.0886,0.1757,0.0,1.24
TRD30005884,ORD20000876,C100013,2026-09-28,3120.25,0.9361,3.1202,0.0927,0.0031,0.468,0.1857,0.0,4.81
TRD30005885,ORD20000876,C100013,2026-09-28,445.75,0.1337,0.4458,0.0132,0.0004,0.0669,0.0265,0.0,0.69
TRD30005886,ORD20000876,C100013,2026-09-28,3120.25,0.9361,3.1202,0.0927,0.0031,0.468,0.1857,0.0,4.81
TRD30005887,ORD20002552,C100111,2026-09-28,36755.85,11.0268,0.0,1.0916,0.0368,1.1027,2.1879,0.0,15.45
TRD30005888,ORD20000026,C100013,2026-09-28,11582.45,3.4747,0.0,0.344,0.0116,0.3475,0.6895,0.0,4.87
TRD30005889,ORD20002773,C100078,2026-09-28,5780.6,1.7342,1.4452,0.1717,0.0058,0.0,0.3441,0.0,3.7
TRD30005890,ORD20002773,C100078,2026-09-28,10125.5,3.0376,2.5314,0.3007,0.0101,0.0,0.6027,0.0,6.48
TRD30005891,ORD20002773,C100078,2026-09-28,17338.8,5.2016,4.3347,0.515,0.0173,0.0,1.0321,0.0,11.1
TRD30005892,ORD20003526,C100011,2026-09-28,1953.6,0.5861,0.4884,0.058,0.002,0.0,0.1163,0.0,1.25
TRD30005893,ORD20003526,C100011,2026-09-28,5860.8,1.7582,1.4652,0.1741,0.0059,0.0,0.3489,0.0,3.75
TRD30005894,ORD20003526,C100011,2026-09-28,2930.4,0.8791,0.7326,0.087,0.0029,0.0,0.1744,0.0,1.88
TRD30005895,ORD20000509,C100038,2026-09-28,1063.25,0.319,0.2658,0.0316,0.0011,0.0,0.0633,0.0,0.68
TRD30005896,ORD20000509,C100038,2026-09-28,47846.25,14.3539,11.9616,1.421,0.0478,0.0,2.8481,0.0,30.63
TRD30005897,ORD20000223,C100189,2026-09-28,115292.0,0.0,115.292,3.4242,0.1153,0.0,0.6371,15.34,134.81
TRD30005898,ORD20002795,C100115,2026-09-28,4446.6,0.0,4.4466,0.1321,0.0044,0.0,0.0246,15.34,19.95
TRD30005899,ORD20002795,C100115,2026-09-28,3339.45,0.0,3.3394,0.0992,0.0033,0.0,0.0185,0.0,3.46
TRD30005900,ORD20002795,C100115,2026-09-28,5922.4,0.0,5.9224,0.1759,0.0059,0.0,0.0327,0.0,6.14
TRD30005901,ORD20003742,C100195,2026-09-28,15997.95,4.7994,0.0,0.4751,0.016,0.4799,0.9523,0.0,6.72
TRD30005902,ORD20002617,C100198,2026-09-28,2090.4,0.6271,0.0,0.0621,0.0021,0.0627,0.1244,0.0,0.88
TRD30005903,ORD20002617,C100198,2026-09-28,1393.6,0.4181,0.0,0.0414,0.0014,0.0418,0.083,0.0,0.59
TRD30005904,ORD20002617,C100198,2026-09-28,696.8,0.209,0.0,0.0207,0.0007,0.0209,0.0415,0.0,0.29
TRD30005905,ORD20002247,C100146,2026-09-28,5997.6,1.7993,0.0,0.1781,0.006,0.1799,0.357,0.0,2.52
TRD30005906,ORD20001969,C100041,2026-09-28,32530.8,0.0,32.5308,0.9662,0.0325,0.0,0.1798,15.34,49.05
TRD30005907,ORD20000339,C100039,2026-09-28,23373.3,7.012,5.8433,0.6942,0.0234,0.0,1.3913,0.0,14.96
TRD30005908,ORD20000339,C100039,2026-09-28,2749.8,0.8249,0.6874,0.0817,0.0027,0.0,0.1637,0.0,1.76
TRD30005909,ORD20000339,C100039,2026-09-28,8249.4,2.4748,2.0624,0.245,0.0082,0.0,0.4911,0.0,5.28
TRD30005910,ORD20002771,C100027,2026-09-28,23964.05,7.1892,5.991,0.7117,0.024,0.0,1.4265,0.0,15.34
TRD30005911,ORD20002521,C100091,2026-09-28,1366.35,0.0,1.3664,0.0406,0.0014,0.205,0.0076,0.0,1.62
TRD30005912,ORD20002521,C100091,2026-09-28,1366.35,0.0,1.3664,0.0406,0.0014,0.205,0.0076,0.0,1.62
TRD30005913,ORD20002521,C100091,2026-09-28,2732.7,0.0,2.7327,0.0812,0.0027,0.4099,0.0151,0.0,3.24
TRD30005914,ORD20000067,C100016,2026-09-28,2954.8,0.8864,0.0,0.0878,0.003,0.0886,0.1759,0.0,1.24
TRD30005915,ORD20000067,C100016,2026-09-28,2954.8,0.8864,0.0,0.0878,0.003,0.0886,0.1759,0.0,1.24
TRD30005916,ORD20002201,C100040,2026-09-28,7906.4,2.3719,0.0,0.2348,0.0079,0.2372,0.4706,0.0,3.32
TRD30005917,ORD20002201,C100040,2026-09-28,19758.0,5.9274,0.0,0.5868,0.0198,0.5927,1.1761,0.0,8.3
TRD30005918,ORD20002201,C100040,2026-09-28,1976.4,0.5929,0.0,0.0587,0.002,0.0593,0.1176,0.0,0.83
TRD30005919,ORD20004050,C100065,2026-09-28,1413.6,0.4241,0.3534,0.042,0.0014,0.0,0.0841,0.0,0.9
TRD30005920,ORD20004050,C100065,2026-09-28,15549.6,4.6649,3.8874,0.4618,0.0155,0.0,0.9256,0.0,9.96
TRD30005921,ORD20004050,C100065,2026-09-28,1413.6,0.4241,0.3534,0.042,0.0014,0.0,0.0841,0.0,0.9
TRD30005922,ORD20003081,C100109,2026-09-28,17940.0,5.382,17.94,0.5328,0.0179,0.0,1.0679,15.34,40.28
TRD30005923,ORD20003081,C100109,2026-09-28,13455.0,4.0365,13.455,0.3996,0.0135,0.0,0.8009,0.0,18.71
TRD30005924,ORD20003081,C100109,2026-09-28,448.5,0.1345,0.4485,0.0133,0.0004,0.0,0.0267,0.0,0.62
TRD30005925,ORD20003491,C100090,2026-09-28,12020.55,3.6062,3.0051,0.357,0.012,0.0,0.7155,0.0,7.7
TRD30005926,ORD20001450,C100197,2026-09-28,14926.5,4.478,3.7316,0.4433,0.0149,0.0,0.8885,0.0,9.56
TRD30005927,ORD20004290,C100061,2026-09-28,50138.1,0.0,50.1381,1.4891,0.0501,7.5207,0.2771,0.0,59.48
TRD30005928,ORD20000387,C100096,2026-09-28,4959.7,1.4879,0.0,0.1473,0.005,0.1488,0.2952,0.0,2.08
TRD30005929,ORD20000744,C100155,2026-09-28,23412.75,7.0238,5.8532,0.6954,0.0234,0.0,1.3937,0.0,14.99
TRD30005930,ORD20002324,C100143,2026-09-28,10957.7,3.2873,2.7394,0.3254,0.011,0.0,0.6523,0.0,7.02
TRD30005931,ORD20002324,C100143,2026-09-28,21867.8,6.5603,5.467,0.6495,0.0219,0.0,1.3017,0.0,14.0
TRD30005932,ORD20001420,C100015,2026-09-28,35417.8,10.6253,0.0,1.0519,0.0354,1.0625,2.1083,0.0,14.88
TRD30005933,ORD20001420,C100015,2026-09-28,16099.0,4.8297,0.0,0.4781,0.0161,0.483,0.9583,0.0,6.77
TRD30005934,ORD20001420,C100015,2026-09-28,9659.4,2.8978,0.0,0.2869,0.0097,0.2898,0.575,0.0,4.06
TRD30005935,ORD20004222,C100006,2026-09-28,1802.8,0.5408,0.4507,0.0535,0.0018,0.0,0.1073,0.0,1.15
TRD30005936,ORD20004222,C100006,2026-09-28,2709.0,0.8127,0.6772,0.0805,0.0027,0.0,0.1613,0.0,1.73
TRD30005937,ORD20004615,C100171,2026-09-28,5923.5,0.0,5.9235,0.1759,0.0059,0.8885,0.0327,0.0,7.03
TRD30005938,ORD20002045,C100133,2026-09-28,13132.8,3.9398,0.0,0.39,0.0131,0.394,0.7817,0.0,5.52
TRD30005939,ORD20004510,C100148,2026-09-28,125884.65,20.0,31.4712,3.7388,0.1259,0.0,4.2956,0.0,59.63
TRD30005940,ORD20004510,C100148,2026-09-28,17565.3,5.2696,4.3913,0.5217,0.0176,0.0,1.0456,0.0,11.25
TRD30005941,ORD20001248,C100140,2026-09-28,15505.5,0.0,15.5055,0.4605,0.0155,2.3258,0.0857,0.0,18.39
TRD30005942,ORD20001248,C100140,2026-09-28,6202.2,0.0,6.2022,0.1842,0.0062,0.9303,0.0343,0.0,7.36
TRD30005943,ORD20000524,C100084,2026-09-28,3861.9,1.1586,0.9655,0.1147,0.0039,0.0,0.2299,0.0,2.47
TRD30005944,ORD20001925,C100087,2026-09-28,12409.4,3.7228,3.1024,0.3686,0.0124,0.0,0.7387,0.0,7.94
TRD30005945,ORD20004141,C100102,2026-09-28,7635.2,0.0,7.6352,0.2268,0.0076,0.0,0.0422,15.34,23.25
TRD30005946,ORD20004141,C100102,2026-09-28,3814.25,0.0,3.8142,0.1133,0.0038,0.0,0.0211,0.0,3.95
TRD30005947,ORD20001013,C100082,2026-09-28,1883.9,0.5652,0.471,0.056,0.0019,0.0,0.1121,0.0,1.21
TRD30005948,ORD20001013,C100082,2026-09-28,16955.1,5.0865,4.2388,0.5036,0.017,0.0,1.0093,0.0,10.86
TRD30005949,ORD20001013,C100082,2026-09-28,18839.0,5.6517,4.7098,0.5595,0.0188,0.0,1.1214,0.0,12.06
TRD30005950,ORD20000816,C100012,2026-09-28,17651.5,5.2954,0.0,0.5242,0.0177,0.5295,1.0507,0.0,7.42
TRD30005951,ORD20002065,C100073,2026-09-28,11871.45,0.0,11.8715,0.3526,0.0119,1.7807,0.0656,0.0,14.08
TRD30005952,ORD20002065,C100073,2026-09-28,23761.1,0.0,23.7611,0.7057,0.0238,3.5642,0.1313,0.0,28.19
TRD30005953,ORD20002191,C100132,2026-09-28,5689.3,0.0,5.6893,0.169,0.0057,0.8534,0.0314,0.0,6.75
TRD30005954,ORD20002191,C100132,2026-09-28,5689.3,0.0,5.6893,0.169,0.0057,0.8534,0.0314,0.0,6.75
TRD30005955,ORD20002191,C100132,2026-09-28,2844.65,0.0,2.8446,0.0845,0.0028,0.4267,0.0157,0.0,3.37
TRD30005956,ORD20004167,C100105,2026-09-28,6842.0,0.0,6.842,0.2032,0.0068,1.0263,0.0378,0.0,8.12
TRD30005957,ORD20004425,C100058,2026-09-28,3388.5,1.0165,0.0,0.1006,0.0034,0.1017,0.2017,0.0,1.42
TRD30005958,ORD20004425,C100058,2026-09-28,1690.8,0.5072,0.0,0.0502,0.0017,0.0507,0.1006,0.0,0.71
TRD30005959,ORD20002235,C100105,2026-09-28,47743.5,14.323,0.0,1.418,0.0477,1.4323,2.842,0.0,20.06
TRD30005960,ORD20004629,C100031,2026-09-28,45677.6,13.7033,11.4194,1.3566,0.0457,0.0,2.719,0.0,29.24
TRD30005961,ORD20004629,C100031,2026-09-28,37113.05,11.1339,9.2783,1.1023,0.0371,0.0,2.2092,0.0,23.76
TRD30005962,ORD20004629,C100031,2026-09-28,59951.85,17.9856,14.988,1.7806,0.06,0.0,3.5687,0.0,38.38
TRD30005963,ORD20003736,C100125,2026-09-28,14933.75,4.4801,3.7334,0.4435,0.0149,0.0,0.8889,0.0,9.56
TRD30005964,ORD20003736,C100125,2026-09-28,5973.5,1.792,1.4934,0.1774,0.006,0.0,0.3556,0.0,3.82
TRD30005965,ORD20003736,C100125,2026-09-28,2986.75,0.896,0.7467,0.0887,0.003,0.0,0.1778,0.0,1.91
TRD30005966,ORD20002178,C100178,2026-09-28,112415.9,0.0,112.4159,3.3388,0.1124,16.8624,0.6212,0.0,133.35
TRD30005967,ORD20002178,C100178,2026-09-28,9919.05,0.0,9.919,0.2946,0.0099,1.4879,0.0548,0.0,11.77
TRD30005968,ORD20003469,C100067,2026-09-28,2478.7,0.0,2.4787,0.0736,0.0025,0.3718,0.0137,0.0,2.94
TRD30005969,ORD20003469,C100067,2026-09-28,4955.2,0.0,4.9552,0.1472,0.005,0.7433,0.0274,0.0,5.88
TRD30005970,ORD20003469,C100067,2026-09-28,2480.1,0.0,2.4801,0.0737,0.0025,0.372,0.0137,0.0,2.94
TRD30005971,ORD20004254,C100158,2026-09-28,5787.6,0.0,5.7876,0.1719,0.0058,0.8681,0.032,0.0,6.87
TRD30005972,ORD20002200,C100001,2026-09-28,31443.5,0.0,31.4435,0.9339,0.0314,4.7165,0.1738,0.0,37.3
TRD30005973,ORD20004916,C100026,2026-09-28,25100.25,7.5301,0.0,0.7455,0.0251,0.753,1.4941,0.0,10.55
TRD30005974,ORD20004916,C100026,2026-09-28,21753.55,6.5261,0.0,0.6461,0.0218,0.6526,1.2949,0.0,9.14
TRD30005975,ORD20004155,C100170,2026-09-28,31964.4,0.0,31.9644,0.9493,0.032,0.0,0.1766,15.34,48.46
TRD30005976,ORD20004155,C100170,2026-09-28,3546.4,0.0,3.5464,0.1053,0.0035,0.0,0.0196,0.0,3.67
TRD30005977,ORD20004155,C100170,2026-09-28,2661.9,0.0,2.6619,0.0791,0.0027,0.0,0.0147,0.0,2.76
TRD30005978,ORD20001480,C100142,2026-09-28,54012.4,0.0,54.0124,1.6042,0.054,8.1019,0.2985,0.0,64.07
TRD30005979,ORD20001480,C100142,2026-09-28,2382.9,0.0,2.3829,0.0708,0.0024,0.3574,0.0132,0.0,2.83
TRD30005980,ORD20001480,C100142,2026-09-28,10325.9,0.0,10.3259,0.3067,0.0103,1.5489,0.0571,0.0,12.25
TRD30005981,ORD20003086,C100066,2026-09-28,2453.65,0.7361,0.0,0.0729,0.0025,0.0736,0.1461,0.0,1.03
TRD30005982,ORD20003086,C100066,2026-09-28,4897.8,1.4693,0.0,0.1455,0.0049,0.1469,0.2915,0.0,2.06
TRD30005983,ORD20004041,C100117,2026-09-28,4095.0,1.2285,0.0,0.1216,0.0041,0.1228,0.2438,0.0,1.72
TRD30005984,ORD20004041,C100117,2026-09-28,7509.7,2.2529,0.0,0.223,0.0075,0.2253,0.447,0.0,3.16
TRD30005985,ORD20003230,C100104,2026-09-28,2400.15,0.0,2.4002,0.0713,0.0024,0.36,0.0133,0.0,2.85
TRD30005986,ORD20003230,C100104,2026-09-28,2400.15,0.0,2.4002,0.0713,0.0024,0.36,0.0133,0.0,2.85
TRD30005987,ORD20002379,C100127,2026-09-28,41896.5,12.5689,0.0,1.2443,0.0419,1.2569,2.4939,0.0,17.61
TRD30005988,ORD20004930,C100157,2026-09-28,48621.3,14.5864,0.0,1.4441,0.0486,1.4586,2.8942,0.0,20.43
TRD30005989,ORD20000314,C100086,2026-09-28,16763.7,0.0,16.7637,0.4979,0.0168,0.0,0.0926,15.34,32.71
TRD30005990,ORD20000314,C100086,2026-09-28,46346.7,0.0,46.3467,1.3765,0.0463,0.0,0.2561,0.0,48.03
TRD30005991,ORD20001093,C100170,2026-09-28,3154.2,0.0,3.1542,0.0937,0.0032,0.4731,0.0174,0.0,3.74
TRD30005992,ORD20001093,C100170,2026-09-28,55198.5,0.0,55.1985,1.6394,0.0552,8.2798,0.305,0.0,65.48
TRD30005993,ORD20001093,C100170,2026-09-28,14193.9,0.0,14.1939,0.4216,0.0142,2.1291,0.0784,0.0,16.84
TRD30005994,ORD20001881,C100067,2026-09-28,8645.85,2.5938,2.1615,0.2568,0.0086,0.0,0.5147,0.0,5.54
TRD30005996,ORD20001344,C100138,2026-09-28,2957.3,0.8872,0.0,0.0878,0.003,0.0887,0.176,0.0,1.24
TRD30005995,ORD20001035,C100052,2026-09-28,30636.0,0.0,30.636,0.9099,0.0306,4.5954,0.1693,0.0,36.34
TRD30005997,ORD20000842,C100026,2026-09-28,121782.6,20.0,0.0,3.6169,0.1218,3.6535,4.273,0.0,31.67
TRD30005998,ORD20003308,C100164,2026-09-28,3445.5,0.0,3.4455,0.1023,0.0034,0.0,0.019,15.34,18.91
TRD30005999,ORD20003308,C100164,2026-09-28,20673.0,0.0,20.673,0.614,0.0207,0.0,0.1142,0.0,21.42
TRD30006000,ORD20003308,C100164,2026-09-28,6891.0,0.0,6.891,0.2047,0.0069,0.0,0.0381,0.0,7.14
TRD30006001,ORD20003208,C100025,2026-09-28,3363.85,0.0,3.3638,0.0999,0.0034,0.5046,0.0186,0.0,3.99
TRD30006002,ORD20003208,C100025,2026-09-28,47093.9,0.0,47.0939,1.3987,0.0471,7.0641,0.2602,0.0,55.86
TRD30006003,ORD20003208,C100025,2026-09-28,3363.85,0.0,3.3638,0.0999,0.0034,0.5046,0.0186,0.0,3.99
TRD30006004,ORD20003192,C100182,2026-09-28,6402.2,1.9207,0.0,0.1901,0.0064,0.1921,0.3811,0.0,2.69
TRD30006005,ORD20003192,C100182,2026-09-28,4801.65,1.4405,0.0,0.1426,0.0048,0.144,0.2858,0.0,2.02
TRD30006006,ORD20003380,C100074,2026-09-28,17308.0,5.1924,0.0,0.514,0.0173,0.5192,1.0303,0.0,7.27
TRD30006007,ORD20003380,C100074,2026-09-28,10817.5,3.2452,0.0,0.3213,0.0108,0.3245,0.6439,0.0,4.55
TRD30006008,ORD20000847,C100014,2026-09-28,35340.5,10.6021,8.8351,1.0496,0.0353,0.0,2.1037,0.0,22.63
TRD30006009,ORD20000847,C100014,2026-09-28,27185.0,8.1555,6.7962,0.8074,0.0272,0.0,1.6182,0.0,17.4
TRD30006010,ORD20000255,C100033,2026-09-28,12462.9,3.7389,0.0,0.3701,0.0125,0.3739,0.7419,0.0,5.24
TRD30006011,ORD20003444,C100063,2026-09-28,25276.0,0.0,25.276,0.7507,0.0253,0.0,0.1397,15.34,41.53
TRD30006012,ORD20003727,C100083,2026-09-28,41076.5,12.3229,10.2691,1.22,0.0411,0.0,2.4451,0.0,26.3
TRD30006013,ORD20003727,C100083,2026-09-28,12296.1,3.6888,3.074,0.3652,0.0123,0.0,0.7319,0.0,7.87
TRD30006014,ORD20003727,C100083,2026-09-28,8204.7,2.4614,2.0512,0.2437,0.0082,0.0,0.4884,0.0,5.25
TRD30006015,ORD20003764,C100037,2026-09-28,11783.8,3.5351,2.946,0.35,0.0118,0.0,0.7014,0.0,7.54
TRD30006016,ORD20002046,C100183,2026-09-28,15309.25,4.5928,3.8273,0.4547,0.0153,0.0,0.9113,0.0,9.8
TRD30006017,ORD20000588,C100130,2026-09-28,115215.8,20.0,0.0,3.4219,0.1152,3.4565,4.2367,0.0,31.23
TRD30006018,ORD20000588,C100130,2026-09-28,4902.8,1.4708,0.0,0.1456,0.0049,0.1471,0.2918,0.0,2.06
TRD30006019,ORD20003958,C100194,2026-09-28,3329.5,0.9988,0.8324,0.0989,0.0033,0.0,0.1982,0.0,2.13
TRD30006020,ORD20003958,C100194,2026-09-28,1663.95,0.4992,0.416,0.0494,0.0017,0.0,0.099,0.0,1.07
TRD30006021,ORD20003958,C100194,2026-09-28,1664.2,0.4993,0.416,0.0494,0.0017,0.0,0.0991,0.0,1.07
TRD30006022,ORD20002734,C100111,2026-09-28,897.7,0.2693,0.0,0.0267,0.0009,0.0269,0.0534,0.0,0.38
TRD30006023,ORD20002734,C100111,2026-09-28,4937.35,1.4812,0.0,0.1466,0.0049,0.1481,0.2939,0.0,2.07
TRD30006024,ORD20004065,C100101,2026-09-28,3077.15,0.9231,0.7693,0.0914,0.0031,0.0,0.1832,0.0,1.97
TRD30006025,ORD20004102,C100129,2026-09-28,50212.4,0.0,50.2124,1.4913,0.0502,0.0,0.2775,15.34,67.37
TRD30006026,ORD20004393,C100030,2026-09-28,4003.35,1.201,1.0008,0.1189,0.004,0.0,0.2383,0.0,2.56
TRD30006027,ORD20004393,C100030,2026-09-28,18662.0,5.5986,4.6655,0.5543,0.0187,0.0,1.1109,0.0,11.95
TRD30006028,ORD20004393,C100030,2026-09-28,12015.0,3.6045,3.0038,0.3568,0.012,0.0,0.7152,0.0,7.69
TRD30006029,ORD20003891,C100084,2026-09-28,15794.8,4.7384,0.0,0.4691,0.0158,0.4738,0.9402,0.0,6.64
TRD30006030,ORD20003891,C100084,2026-09-28,56410.0,16.923,0.0,1.6754,0.0564,1.6923,3.3579,0.0,23.7
TRD30006031,ORD20003268,C100038,2026-09-29,3876.3,1.1629,0.9691,0.1151,0.0039,0.0,0.2307,0.0,2.48
TRD30006032,ORD20003268,C100038,2026-09-29,3876.3,1.1629,0.9691,0.1151,0.0039,0.0,0.2307,0.0,2.48
TRD30006033,ORD20003268,C100038,2026-09-29,3876.3,1.1629,0.9691,0.1151,0.0039,0.0,0.2307,0.0,2.48
TRD30006034,ORD20003282,C100143,2026-09-29,23298.0,6.9894,0.0,0.692,0.0233,0.6989,1.3868,0.0,9.79
TRD30006035,ORD20003282,C100143,2026-09-29,41923.8,12.5771,0.0,1.2451,0.0419,1.2577,2.4956,0.0,17.62
TRD30006036,ORD20003607,C100127,2026-09-29,23274.95,0.0,23.275,0.6913,0.0233,3.4912,0.1286,0.0,27.61
TRD30006037,ORD20003607,C100127,2026-09-29,36449.45,0.0,36.4494,1.0825,0.0364,5.4674,0.2014,0.0,43.24
TRD30006038,ORD20003607,C100127,2026-09-29,29423.05,0.0,29.423,0.8739,0.0294,4.4135,0.1626,0.0,34.9
TRD30006039,ORD20003405,C100149,2026-09-29,15293.25,4.588,0.0,0.4542,0.0153,0.4588,0.9103,0.0,6.43
TRD30006040,ORD20001060,C100048,2026-09-29,1641.55,0.0,1.6416,0.0488,0.0016,0.2462,0.0091,0.0,1.95
TRD30006041,ORD20001904,C100121,2026-09-29,31274.0,9.3822,7.8185,0.9288,0.0313,0.0,1.8616,0.0,20.02
TRD30006042,ORD20003257,C100093,2026-09-29,2949.2,0.8848,0.7373,0.0876,0.0029,0.0,0.1756,0.0,1.89
TRD30006043,ORD20003257,C100093,2026-09-29,2949.2,0.8848,0.7373,0.0876,0.0029,0.0,0.1756,0.0,1.89
TRD30006044,ORD20003315,C100019,2026-09-29,4045.2,1.2136,1.0113,0.1201,0.004,0.0,0.2408,0.0,2.59
TRD30006045,ORD20000262,C100117,2026-09-29,983.55,0.2951,0.2459,0.0292,0.001,0.0,0.0585,0.0,0.63
TRD30006046,ORD20000262,C100117,2026-09-29,9835.5,2.9506,2.4589,0.2921,0.0098,0.0,0.5855,0.0,6.3
TRD30006047,ORD20002955,C100184,2026-09-29,42475.05,0.0,42.4751,1.2615,0.0425,6.3713,0.2347,0.0,50.39
TRD30006048,ORD20002955,C100184,2026-09-29,4721.85,0.0,4.7219,0.1402,0.0047,0.7083,0.0261,0.0,5.6
TRD30006049,ORD20002955,C100184,2026-09-29,25125.6,0.0,25.1256,0.7462,0.0251,3.7688,0.1388,0.0,29.8
TRD30006050,ORD20001907,C100007,2026-09-29,3989.35,0.0,3.9894,0.1185,0.004,0.5984,0.022,0.0,4.73
TRD30006051,ORD20001907,C100007,2026-09-29,3989.35,0.0,3.9894,0.1185,0.004,0.5984,0.022,0.0,4.73
TRD30006052,ORD20001821,C100075,2026-09-29,6806.75,2.042,1.7017,0.2022,0.0068,0.0,0.4052,0.0,4.36
TRD30006053,ORD20001880,C100179,2026-09-29,2403.7,0.7211,0.6009,0.0714,0.0024,0.0,0.1431,0.0,1.54
TRD30006054,ORD20001880,C100179,2026-09-29,2403.7,0.7211,0.6009,0.0714,0.0024,0.0,0.1431,0.0,1.54
TRD30006055,ORD20001880,C100179,2026-09-29,7211.1,2.1633,1.8028,0.2142,0.0072,0.0,0.4292,0.0,4.62
TRD30006056,ORD20003988,C100066,2026-09-29,35838.0,0.0,35.838,1.0644,0.0358,0.0,0.198,15.34,52.48
TRD30006057,ORD20003988,C100066,2026-09-29,23892.0,0.0,23.892,0.7096,0.0239,0.0,0.132,0.0,24.76
TRD30006058,ORD20003988,C100066,2026-09-29,7964.0,0.0,7.964,0.2365,0.008,0.0,0.044,0.0,8.25
TRD30006059,ORD20003154,C100055,2026-09-29,6028.0,1.8084,1.507,0.179,0.006,0.0,0.3588,0.0,3.86
TRD30006060,ORD20003154,C100055,2026-09-29,55074.0,16.5222,13.7685,1.6357,0.0551,0.0,3.2783,0.0,35.26
TRD30006061,ORD20003154,C100055,2026-09-29,58088.0,17.4264,14.522,1.7252,0.0581,0.0,3.4577,0.0,37.19
TRD30006062,ORD20003375,C100075,2026-09-29,27090.2,8.1271,6.7726,0.8046,0.0271,0.0,1.6126,0.0,17.34
TRD30006063,ORD20001037,C100116,2026-09-29,33832.4,0.0,33.8324,1.0048,0.0338,0.0,0.187,15.34,50.4
TRD30006064,ORD20001037,C100116,2026-09-29,35045.05,0.0,35.0451,1.0408,0.035,0.0,0.1937,0.0,36.31
TRD30006065,ORD20000606,C100080,2026-09-29,1775.2,0.0,1.7752,0.0527,0.0018,0.0,0.0098,15.34,17.18
TRD30006066,ORD20000606,C100080,2026-09-29,1775.2,0.0,1.7752,0.0527,0.0018,0.0,0.0098,0.0,1.84
TRD30006067,ORD20003939,C100187,2026-09-29,48058.6,14.4176,12.0146,1.4273,0.0481,0.0,2.8607,0.0,30.77
TRD30006068,ORD20000927,C100136,2026-09-29,4052.95,1.2159,0.0,0.1204,0.0041,0.1216,0.2413,0.0,1.7
TRD30006069,ORD20004813,C100061,2026-09-29,107992.35,20.0,26.9981,3.2074,0.108,0.0,4.1968,0.0,54.51
TRD30006070,ORD20001863,C100168,2026-09-29,39888.0,0.0,39.888,1.1847,0.0399,5.9832,0.2204,0.0,47.32
TRD30006071,ORD20001863,C100168,2026-09-29,14927.85,0.0,14.9278,0.4434,0.0149,2.2392,0.0825,0.0,17.71
TRD30006072,ORD20002466,C100031,2026-09-29,4914.2,0.0,4.9142,0.146,0.0049,0.0,0.0272,15.34,20.43
TRD30006073,ORD20002466,C100031,2026-09-29,1228.55,0.0,1.2286,0.0365,0.0012,0.0,0.0068,0.0,1.27
TRD30006074,ORD20002466,C100031,2026-09-29,3685.65,0.0,3.6856,0.1095,0.0037,0.0,0.0204,0.0,3.82
TRD30006075,ORD20002030,C100005,2026-09-29,3996.15,1.1988,0.0,0.1187,0.004,0.1199,0.2379,0.0,1.68
TRD30006076,ORD20002030,C100005,2026-09-29,4008.75,1.2026,0.0,0.1191,0.004,0.1203,0.2386,0.0,1.68
TRD30006077,ORD20002332,C100011,2026-09-29,20224.1,6.0672,5.056,0.6007,0.0202,0.0,1.2039,0.0,12.95
TRD30006078,ORD20002332,C100011,2026-09-29,21084.7,6.3254,5.2712,0.6262,0.0211,0.0,1.2551,0.0,13.5
TRD30006079,ORD20002332,C100011,2026-09-29,64114.7,19.2344,16.0287,1.9042,0.0641,0.0,3.8165,0.0,41.05
TRD30006080,ORD20000851,C100014,2026-09-29,6374.0,1.9122,0.0,0.1893,0.0064,0.1912,0.3794,0.0,2.68
TRD30006081,ORD20000851,C100014,2026-09-29,3992.0,1.1976,0.0,0.1186,0.004,0.1198,0.2376,0.0,1.68
TRD30006082,ORD20003129,C100193,2026-09-29,111249.0,20.0,27.8122,3.3041,0.1112,0.0,4.2148,0.0,55.44
TRD30006083,ORD20000734,C100019,2026-09-29,2983.1,0.8949,2.9831,0.0886,0.003,0.0,0.1776,15.34,19.49
TRD30006084,ORD20001763,C100038,2026-09-29,75983.25,0.0,75.9832,2.2567,0.076,11.3975,0.4199,0.0,90.13
TRD30006085,ORD20001763,C100038,2026-09-29,35211.75,0.0,35.2118,1.0458,0.0352,5.2818,0.1946,0.0,41.77
TRD30006086,ORD20004852,C100044,2026-09-29,32995.05,0.0,32.9951,0.98,0.033,4.9493,0.1823,0.0,39.14
TRD30006087,ORD20004852,C100044,2026-09-29,18023.1,0.0,18.0231,0.5353,0.018,2.7035,0.0996,0.0,21.38
TRD30006088,ORD20000534,C100197,2026-09-29,6419.3,1.9258,0.0,0.1907,0.0064,0.1926,0.3821,0.0,2.7
TRD30006089,ORD20000534,C100197,2026-09-29,2232.4,0.6697,0.0,0.0663,0.0022,0.067,0.1329,0.0,0.94
TRD30006090,ORD20001921,C100094,2026-09-29,23343.75,0.0,23.3438,0.6933,0.0233,3.5016,0.129,0.0,27.69
TRD30006091,ORD20004012,C100176,2026-09-29,89442.0,20.0,22.3605,2.6564,0.0894,0.0,4.0943,0.0,49.2
TRD30006092,ORD20000019,C100167,2026-09-29,2869.45,0.8608,0.7174,0.0852,0.0029,0.0,0.1708,0.0,1.84
TRD30006093,ORD20000208,C100072,2026-09-29,4703.5,1.411,0.0,0.1397,0.0047,0.1411,0.28,0.0,1.98
TRD30006094,ORD20000208,C100072,2026-09-29,3775.8,1.1327,0.0,0.1121,0.0038,0.1133,0.2248,0.0,1.59
TRD30006095,ORD20000923,C100138,2026-09-29,7469.1,0.0,7.4691,0.2218,0.0075,0.0,0.0413,15.34,23.08
TRD30006096,ORD20000923,C100138,2026-09-29,47319.5,0.0,47.3195,1.4054,0.0473,0.0,0.2615,0.0,49.03
TRD30006097,ORD20000923,C100138,2026-09-29,9965.6,0.0,9.9656,0.296,0.01,0.0,0.0551,0.0,10.33
TRD30006098,ORD20001564,C100182,2026-09-29,8859.2,2.6578,0.0,0.2631,0.0089,0.2658,0.5274,0.0,3.72
TRD30006099,ORD20001564,C100182,2026-09-29,16452.8,4.9358,0.0,0.4886,0.0165,0.4936,0.9794,0.0,6.91
TRD30006100,ORD20000974,C100066,2026-09-29,59136.25,17.7409,14.7841,1.7563,0.0591,0.0,3.5201,0.0,37.86
TRD30006101,ORD20000974,C100066,2026-09-29,4730.9,1.4193,1.1827,0.1405,0.0047,0.0,0.2816,0.0,3.03
TRD30006102,ORD20000974,C100066,2026-09-29,9461.8,2.8385,2.3654,0.281,0.0095,0.0,0.5632,0.0,6.06
TRD30006103,ORD20001913,C100000,2026-09-29,12516.9,3.7551,0.0,0.3718,0.0125,0.3755,0.7451,0.0,5.26
TRD30006104,ORD20000203,C100012,2026-09-29,2393.45,0.0,2.3934,0.0711,0.0024,0.359,0.0132,0.0,2.84
TRD30006105,ORD20001659,C100051,2026-09-29,7031.2,2.1094,1.7578,0.2088,0.007,0.0,0.4185,0.0,4.5
TRD30006106,ORD20001659,C100051,2026-09-29,8349.55,2.5049,2.0874,0.248,0.0083,0.0,0.497,0.0,5.35
TRD30006107,ORD20001659,C100051,2026-09-29,19335.8,5.8007,4.834,0.5743,0.0193,0.0,1.151,0.0,12.38
TRD30006108,ORD20002070,C100042,2026-09-29,21145.3,6.3436,0.0,0.628,0.0211,0.6344,1.2587,0.0,8.89
TRD30006109,ORD20001974,C100084,2026-09-29,2314.55,0.6944,2.3146,0.0687,0.0023,0.3472,0.1378,0.0,3.56
TRD30006110,ORD20001974,C100084,2026-09-29,2314.55,0.6944,2.3146,0.0687,0.0023,0.3472,0.1378,0.0,3.56
TRD30006111,ORD20001466,C100065,2026-09-29,15217.2,0.0,15.2172,0.452,0.0152,0.0,0.0841,15.34,31.11
TRD30006112,ORD20000829,C100028,2026-09-29,2412.55,0.7238,0.0,0.0717,0.0024,0.0724,0.1436,0.0,1.01
TRD30006113,ORD20000829,C100028,2026-09-29,2412.55,0.7238,0.0,0.0717,0.0024,0.0724,0.1436,0.0,1.01
TRD30006114,ORD20000829,C100028,2026-09-29,7237.65,2.1713,0.0,0.215,0.0072,0.2171,0.4308,0.0,3.04
TRD30006115,ORD20002359,C100112,2026-09-29,464.95,0.1395,0.1162,0.0138,0.0005,0.0,0.0277,0.0,0.3
TRD30006116,ORD20002359,C100112,2026-09-29,930.5,0.2791,0.2326,0.0276,0.0009,0.0,0.0554,0.0,0.6
TRD30006117,ORD20002359,C100112,2026-09-29,1393.65,0.4181,0.3484,0.0414,0.0014,0.0,0.083,0.0,0.89
TRD30006118,ORD20000167,C100078,2026-09-29,47732.2,0.0,47.7322,1.4176,0.0477,0.0,0.2638,15.34,64.8
TRD30006119,ORD20001617,C100131,2026-09-29,16262.4,0.0,16.2624,0.483,0.0163,2.4394,0.0899,0.0,19.29
TRD30006120,ORD20004943,C100012,2026-09-29,2374.55,0.0,2.3746,0.0705,0.0024,0.3562,0.0131,0.0,2.82
TRD30006121,ORD20003876,C100127,2026-09-29,48251.7,14.4755,0.0,1.4331,0.0483,1.4476,2.8722,0.0,20.28
TRD30006122,ORD20003876,C100127,2026-09-29,18768.4,5.6305,0.0,0.5574,0.0188,0.5631,1.1172,0.0,7.89
TRD30006123,ORD20003876,C100127,2026-09-29,45539.6,13.6619,0.0,1.3525,0.0455,1.3662,2.7108,0.0,19.14
TRD30006124,ORD20004592,C100052,2026-09-29,2836.3,0.0,2.8363,0.0842,0.0028,0.0,0.0157,15.34,18.28
TRD30006125,ORD20004592,C100052,2026-09-29,2830.1,0.0,2.8301,0.0841,0.0028,0.0,0.0156,0.0,2.93
TRD30006126,ORD20004561,C100090,2026-09-29,5641.8,0.0,5.6418,0.1676,0.0056,0.8463,0.0312,0.0,6.69
TRD30006127,ORD20002754,C100084,2026-09-29,11916.25,3.5749,11.9162,0.3539,0.0119,1.7874,0.7093,0.0,18.35
TRD30006128,ORD20001252,C100104,2026-09-29,6849.9,2.055,1.7125,0.2034,0.0068,0.0,0.4077,0.0,4.39
TRD30006129,ORD20001418,C100038,2026-09-29,24765.5,0.0,24.7655,0.7355,0.0248,3.7148,0.1369,0.0,29.38
TRD30006130,ORD20000937,C100044,2026-09-29,11405.85,3.4218,0.0,0.3388,0.0114,0.3422,0.6789,0.0,4.79
TRD30006131,ORD20003779,C100022,2026-09-29,2238.0,0.6714,0.0,0.0665,0.0022,0.0671,0.1332,0.0,0.94
TRD30006132,ORD20003779,C100022,2026-09-29,11190.0,3.357,0.0,0.3323,0.0112,0.3357,0.6661,0.0,4.7
TRD30006133,ORD20003779,C100022,2026-09-29,1119.0,0.3357,0.0,0.0332,0.0011,0.0336,0.0666,0.0,0.47
TRD30006134,ORD20001611,C100198,2026-09-29,5187.0,1.5561,0.0,0.1541,0.0052,0.1556,0.3088,0.0,2.18
TRD30006135,ORD20001611,C100198,2026-09-29,29388.75,8.8166,0.0,0.8728,0.0294,0.8817,1.7494,0.0,12.35
TRD30006136,ORD20003828,C100017,2026-09-29,81846.25,20.0,20.4616,2.4308,0.0818,0.0,4.0523,0.0,47.03
TRD30006137,ORD20003828,C100017,2026-09-29,26190.8,7.8572,6.5477,0.7779,0.0262,0.0,1.559,0.0,16.77
TRD30006138,ORD20000866,C100087,2026-09-29,134971.5,20.0,33.7429,4.0087,0.135,0.0,4.3459,0.0,62.23
TRD30006139,ORD20002486,C100120,2026-09-29,3256.5,0.9769,0.0,0.0967,0.0033,0.0977,0.1938,0.0,1.37
TRD30006140,ORD20002486,C100120,2026-09-29,1628.25,0.4885,0.0,0.0484,0.0016,0.0488,0.0969,0.0,0.68
TRD30006141,ORD20002991,C100054,2026-09-29,11782.5,3.5348,2.9456,0.3499,0.0118,0.0,0.7014,0.0,7.54
TRD30006142,ORD20002991,C100054,2026-09-29,113904.75,20.0,28.4762,3.383,0.1139,0.0,4.2294,0.0,56.2
TRD30006143,ORD20002128,C100105,2026-09-29,35049.3,0.0,35.0493,1.041,0.035,5.2574,0.1937,0.0,41.58
TRD30006144,ORD20002128,C100105,2026-09-29,55699.0,0.0,55.699,1.6543,0.0557,8.3548,0.3078,0.0,66.07
TRD30006145,ORD20002128,C100105,2026-09-29,6361.4,0.0,6.3614,0.1889,0.0064,0.9542,0.0352,0.0,7.55
TRD30006146,ORD20003092,C100079,2026-09-29,22979.6,6.8939,5.7449,0.6825,0.023,0.0,1.3679,0.0,14.71
TRD30006147,ORD20003092,C100079,2026-09-29,22962.0,6.8886,5.7405,0.682,0.023,0.0,1.3668,0.0,14.7
TRD30006148,ORD20003092,C100079,2026-09-29,80481.8,20.0,20.1205,2.3903,0.0805,0.0,4.0447,0.0,46.64
TRD30006149,ORD20004992,C100152,2026-09-29,7839.75,2.3519,0.0,0.2328,0.0078,0.2352,0.4667,0.0,3.29
TRD30006150,ORD20004992,C100152,2026-09-29,3135.9,0.9408,0.0,0.0931,0.0031,0.0941,0.1867,0.0,1.32
TRD30006151,ORD20004992,C100152,2026-09-29,6271.8,1.8815,0.0,0.1863,0.0063,0.1882,0.3733,0.0,2.64
TRD30006152,ORD20004850,C100044,2026-09-29,27807.5,8.3422,6.9519,0.8259,0.0278,0.0,1.6553,0.0,17.8
TRD30006153,ORD20004850,C100044,2026-09-29,30587.7,9.1763,7.6469,0.9085,0.0306,0.0,1.8208,0.0,19.58
TRD30006154,ORD20004850,C100044,2026-09-29,69582.5,20.0,17.3956,2.0666,0.0696,0.0,3.9845,0.0,43.52
TRD30006155,ORD20003388,C100143,2026-09-29,7552.2,0.0,7.5522,0.2243,0.0076,1.1328,0.0417,0.0,8.96
TRD30006156,ORD20003388,C100143,2026-09-29,5031.7,0.0,5.0317,0.1494,0.005,0.7548,0.0278,0.0,5.97
TRD30006157,ORD20003259,C100130,2026-09-29,11905.5,3.5716,2.9764,0.3536,0.0119,0.0,0.7087,0.0,7.62
TRD30006158,ORD20003259,C100130,2026-09-29,4769.2,1.4308,1.1923,0.1416,0.0048,0.0,0.2839,0.0,3.05
TRD30006159,ORD20003259,C100130,2026-09-29,33350.1,10.005,8.3375,0.9905,0.0334,0.0,1.9852,0.0,21.35
TRD30006160,ORD20000323,C100085,2026-09-29,11726.75,3.518,0.0,0.3483,0.0117,0.3518,0.698,0.0,4.93
TRD30006161,ORD20003339,C100177,2026-09-29,460.6,0.1382,0.0,0.0137,0.0005,0.0138,0.0274,0.0,0.19
TRD30006162,ORD20003339,C100177,2026-09-29,1842.4,0.5527,0.0,0.0547,0.0018,0.0553,0.1097,0.0,0.77
TRD30006163,ORD20001173,C100003,2026-09-29,4655.8,1.3967,1.164,0.1383,0.0047,0.0,0.2771,0.0,2.98
TRD30006164,ORD20003026,C100054,2026-09-29,12277.1,3.6831,0.0,0.3646,0.0123,0.3683,0.7308,0.0,5.16
TRD30006165,ORD20004444,C100058,2026-09-29,7821.75,2.3465,0.0,0.2323,0.0078,0.2347,0.4656,0.0,3.29
TRD30006166,ORD20004444,C100058,2026-09-29,34415.7,10.3247,0.0,1.0221,0.0344,1.0325,2.0486,0.0,14.46
TRD30006167,ORD20004444,C100058,2026-09-29,6257.4,1.8772,0.0,0.1858,0.0063,0.1877,0.3725,0.0,2.63
TRD30006168,ORD20004631,C100083,2026-09-29,3047.05,0.0,3.047,0.0905,0.003,0.4571,0.0168,0.0,3.61
TRD30006169,ORD20004631,C100083,2026-09-29,3046.9,0.0,3.0469,0.0905,0.003,0.457,0.0168,0.0,3.61
TRD30006170,ORD20004631,C100083,2026-09-29,3049.6,0.0,3.0496,0.0906,0.003,0.4574,0.0169,0.0,3.62
TRD30006171,ORD20004745,C100170,2026-09-29,14036.8,4.211,0.0,0.4169,0.014,0.4211,0.8356,0.0,5.9
TRD30006172,ORD20004745,C100170,2026-09-29,5272.2,1.5817,0.0,0.1566,0.0053,0.1582,0.3138,0.0,2.22
TRD30006173,ORD20004745,C100170,2026-09-29,11424.4,3.4273,0.0,0.3393,0.0114,0.3427,0.68,0.0,4.8
TRD30006174,ORD20001718,C100079,2026-09-29,3922.6,0.0,3.9226,0.1165,0.0039,0.5884,0.0217,0.0,4.65
TRD30006175,ORD20001718,C100079,2026-09-29,1961.3,0.0,1.9613,0.0583,0.002,0.2942,0.0108,0.0,2.33
TRD30006176,ORD20001718,C100079,2026-09-29,5883.9,0.0,5.8839,0.1748,0.0059,0.8826,0.0325,0.0,6.98
TRD30006177,ORD20000644,C100078,2026-09-29,2888.4,0.0,2.8884,0.0858,0.0029,0.4333,0.016,0.0,3.43
TRD30006178,ORD20000644,C100078,2026-09-29,2888.4,0.0,2.8884,0.0858,0.0029,0.4333,0.016,0.0,3.43
TRD30006179,ORD20002095,C100014,2026-09-29,107909.75,0.0,107.9098,3.2049,0.1079,0.0,0.5963,15.34,127.16
TRD30006180,ORD20000637,C100032,2026-09-29,27856.15,8.3568,0.0,0.8273,0.0279,0.8357,1.6582,0.0,11.71
TRD30006181,ORD20002250,C100075,2026-09-29,11713.95,3.5142,0.0,0.3479,0.0117,0.3514,0.6973,0.0,4.92
TRD30006182,ORD20003042,C100104,2026-09-29,11856.0,3.5568,2.964,0.3521,0.0119,0.0,0.7057,0.0,7.59
TRD30006183,ORD20003042,C100104,2026-09-29,17307.1,5.1921,4.3268,0.514,0.0173,0.0,1.0302,0.0,11.08
TRD30006184,ORD20004582,C100154,2026-09-29,6160.5,0.0,6.1605,0.183,0.0062,0.0,0.034,15.34,21.72
TRD30006185,ORD20000576,C100087,2026-09-29,78182.55,20.0,0.0,2.322,0.0782,2.3455,4.032,0.0,28.78
TRD30006186,ORD20000576,C100087,2026-09-29,26060.85,7.8183,0.0,0.774,0.0261,0.7818,1.5513,0.0,10.95
TRD30006187,ORD20000576,C100087,2026-09-29,2895.65,0.8687,0.0,0.086,0.0029,0.0869,0.1724,0.0,1.22
TRD30006188,ORD20000625,C100188,2026-09-29,11766.25,0.0,11.7662,0.3495,0.0118,1.7649,0.065,0.0,13.96
TRD30006189,ORD20000625,C100188,2026-09-29,11767.65,0.0,11.7676,0.3495,0.0118,1.7651,0.065,0.0,13.96
TRD30006190,ORD20001243,C100030,2026-09-29,42291.6,12.6875,10.5729,1.2561,0.0423,0.0,2.5174,0.0,27.08
TRD30006191,ORD20002767,C100148,2026-09-29,2814.5,0.8444,0.7036,0.0836,0.0028,0.0,0.1675,0.0,1.8
TRD30006192,ORD20002767,C100148,2026-09-29,2814.5,0.8444,0.7036,0.0836,0.0028,0.0,0.1675,0.0,1.8
TRD30006193,ORD20002443,C100103,2026-09-29,1791.75,0.5375,0.4479,0.0532,0.0018,0.0,0.1067,0.0,1.15
TRD30006194,ORD20002443,C100103,2026-09-29,1790.3,0.5371,0.4476,0.0532,0.0018,0.0,0.1066,0.0,1.15
TRD30006195,ORD20000702,C100154,2026-09-29,17343.75,5.2031,0.0,0.5151,0.0173,0.5203,1.0324,0.0,7.29
TRD30006196,ORD20000702,C100154,2026-09-29,5781.25,1.7344,0.0,0.1717,0.0058,0.1734,0.3441,0.0,2.43
TRD30006197,ORD20001471,C100037,2026-09-29,12176.8,3.653,3.0442,0.3617,0.0122,0.0,0.7248,0.0,7.8
TRD30006198,ORD20004462,C100177,2026-09-29,13008.0,3.9024,3.252,0.3863,0.013,0.0,0.7743,0.0,8.33
TRD30006199,ORD20004462,C100177,2026-09-29,62601.0,18.7803,15.6502,1.8592,0.0626,0.0,3.7264,0.0,40.08
TRD30006200,ORD20000189,C100043,2026-09-29,3565.8,0.0,3.5658,0.1059,0.0036,0.0,0.0197,15.34,19.04
TRD30006201,ORD20003654,C100160,2026-09-29,23465.95,7.0398,5.8665,0.6969,0.0235,0.0,1.3968,0.0,15.02
TRD30006202,ORD20001395,C100152,2026-09-29,5558.2,0.0,5.5582,0.1651,0.0056,0.0,0.0307,15.34,21.1
TRD30006203,ORD20001380,C100151,2026-09-29,63638.0,19.0914,15.9095,1.89,0.0636,0.0,3.7881,0.0,40.74
TRD30006204,ORD20001209,C100040,2026-09-29,45809.4,0.0,45.8094,1.3605,0.0458,0.0,0.2531,15.34,62.81
TRD30006205,ORD20004148,C100087,2026-09-29,19192.25,5.7577,0.0,0.57,0.0192,0.5758,1.1424,0.0,8.07
TRD30006206,ORD20004148,C100087,2026-09-29,3489.5,1.0468,0.0,0.1036,0.0035,0.1047,0.2077,0.0,1.47
TRD30006207,ORD20004148,C100087,2026-09-29,8723.75,2.6171,0.0,0.2591,0.0087,0.2617,0.5193,0.0,3.67
TRD30006208,ORD20003804,C100026,2026-09-29,31978.7,0.0,31.9787,0.9498,0.032,4.7968,0.1767,0.0,37.93
TRD30006209,ORD20001285,C100123,2026-09-29,7378.8,2.2136,0.0,0.2192,0.0074,0.2214,0.4392,0.0,3.1
TRD30006210,ORD20001285,C100123,2026-09-29,2459.6,0.7379,0.0,0.0731,0.0025,0.0738,0.1464,0.0,1.03
TRD30006211,ORD20004554,C100056,2026-09-29,4462.5,1.3387,0.0,0.1325,0.0045,0.1339,0.2656,0.0,1.88
TRD30006212,ORD20004554,C100056,2026-09-29,7593.05,2.2779,0.0,0.2255,0.0076,0.2278,0.452,0.0,3.19
TRD30006213,ORD20004554,C100056,2026-09-29,893.1,0.2679,0.0,0.0265,0.0009,0.0268,0.0532,0.0,0.38
TRD30006214,ORD20000480,C100025,2026-09-29,11916.75,3.575,2.9792,0.3539,0.0119,0.0,0.7094,0.0,7.63
TRD30006215,ORD20003930,C100041,2026-09-29,4141.35,1.2424,1.0353,0.123,0.0041,0.0,0.2465,0.0,2.65
TRD30006216,ORD20003930,C100041,2026-09-29,1381.4,0.4144,0.3454,0.041,0.0014,0.0,0.0822,0.0,0.88
TRD30006217,ORD20004941,C100112,2026-09-29,4658.4,1.3975,4.6584,0.1384,0.0047,0.6988,0.2773,0.0,7.18
TRD30006218,ORD20004941,C100112,2026-09-29,139752.0,20.0,139.752,4.1506,0.1398,20.9628,4.3723,0.0,189.38
TRD30006219,ORD20002337,C100092,2026-09-29,28263.0,0.0,28.263,0.8394,0.0283,0.0,0.1562,15.34,44.63
TRD30006220,ORD20003390,C100182,2026-09-29,1680.75,0.5042,1.6808,0.0499,0.0017,0.0,0.1,15.34,17.68
TRD30006221,ORD20003390,C100182,2026-09-29,1678.95,0.5037,1.679,0.0499,0.0017,0.0,0.0999,0.0,2.33
TRD30006222,ORD20004793,C100159,2026-09-29,4582.05,0.0,4.5821,0.1361,0.0046,0.0,0.0253,15.34,20.09
TRD30006223,ORD20004793,C100159,2026-09-29,1666.2,0.0,1.6662,0.0495,0.0017,0.0,0.0092,0.0,1.73
TRD30006224,ORD20004793,C100159,2026-09-29,416.55,0.0,0.4166,0.0124,0.0004,0.0,0.0023,0.0,0.43
TRD30006225,ORD20000571,C100037,2026-09-29,42188.9,12.6567,10.5472,1.253,0.0422,0.0,2.5113,0.0,27.01
TRD30006226,ORD20000571,C100037,2026-09-29,87623.1,20.0,21.9058,2.6024,0.0876,0.0,4.0842,0.0,48.68
TRD30006227,ORD20000571,C100037,2026-09-29,16226.5,4.8679,4.0566,0.4819,0.0162,0.0,0.9659,0.0,10.39
TRD30006228,ORD20001381,C100068,2026-09-29,18926.7,0.0,18.9267,0.5621,0.0189,2.839,0.1046,0.0,22.45
TRD30006229,ORD20001381,C100068,2026-09-29,7287.5,0.0,7.2875,0.2164,0.0073,1.0931,0.0403,0.0,8.64
TRD30006230,ORD20001381,C100068,2026-09-29,48117.3,0.0,48.1173,1.4291,0.0481,7.2176,0.2659,0.0,57.08
TRD30006231,ORD20003426,C100172,2026-09-29,9550.5,2.8652,2.3876,0.2836,0.0096,0.0,0.5685,0.0,6.11
TRD30006232,ORD20003426,C100172,2026-09-29,953.65,0.2861,0.2384,0.0283,0.001,0.0,0.0568,0.0,0.61
TRD30006233,ORD20001800,C100093,2026-09-29,2899.85,0.0,2.8998,0.0861,0.0029,0.435,0.016,0.0,3.44
TRD30006234,ORD20001800,C100093,2026-09-29,2897.35,0.0,2.8974,0.0861,0.0029,0.4346,0.016,0.0,3.44
TRD30006235,ORD20000194,C100174,2026-09-29,56923.75,17.0771,14.2309,1.6906,0.0569,0.0,3.3884,0.0,36.44
TRD30006236,ORD20000194,C100174,2026-09-29,27399.6,8.2199,6.8499,0.8138,0.0274,0.0,1.631,0.0,17.54
TRD30006237,ORD20004984,C100057,2026-09-29,9545.5,2.8636,9.5455,0.2835,0.0095,0.0,0.5682,15.34,28.61
TRD30006238,ORD20004984,C100057,2026-09-29,43235.5,12.9706,43.2355,1.2841,0.0432,0.0,2.5736,0.0,60.11
TRD30006239,ORD20004984,C100057,2026-09-29,9826.25,2.9479,9.8262,0.2918,0.0098,0.0,0.5849,0.0,13.66
TRD30006240,ORD20002582,C100108,2026-09-29,4381.5,1.3144,1.0954,0.1301,0.0044,0.0,0.2608,0.0,2.81
TRD30006241,ORD20002031,C100100,2026-09-29,14894.55,4.4684,3.7236,0.4424,0.0149,0.0,0.8866,0.0,9.54
TRD30006242,ORD20002031,C100100,2026-09-29,1652.6,0.4958,0.4132,0.0491,0.0017,0.0,0.0984,0.0,1.06
TRD30006243,ORD20002031,C100100,2026-09-29,11565.05,3.4695,2.8913,0.3435,0.0116,0.0,0.6884,0.0,7.4
TRD30006244,ORD20003207,C100083,2026-09-29,4924.7,0.0,4.9247,0.1463,0.0049,0.7387,0.0272,0.0,5.84
TRD30006245,ORD20004049,C100138,2026-09-29,7708.4,2.3125,0.0,0.2289,0.0077,0.2313,0.4589,0.0,3.24
TRD30006246,ORD20004049,C100138,2026-09-29,62630.75,18.7892,0.0,1.8601,0.0626,1.8789,3.7282,0.0,26.32
TRD30006247,ORD20003951,C100020,2026-09-29,1617.4,0.4852,0.0,0.048,0.0016,0.0485,0.0963,0.0,0.68
TRD30006248,ORD20003951,C100020,2026-09-29,1617.4,0.4852,0.0,0.048,0.0016,0.0485,0.0963,0.0,0.68
TRD30006249,ORD20004203,C100072,2026-09-29,2369.3,0.0,2.3693,0.0704,0.0024,0.3554,0.0131,0.0,2.81
TRD30006250,ORD20000718,C100031,2026-09-29,3231.75,0.9695,0.0,0.096,0.0032,0.097,0.1924,0.0,1.36
TRD30006251,ORD20000718,C100031,2026-09-29,3231.75,0.9695,0.0,0.096,0.0032,0.097,0.1924,0.0,1.36
TRD30006252,ORD20002916,C100067,2026-09-29,4714.5,1.4143,0.0,0.14,0.0047,0.1414,0.2806,0.0,1.98
TRD30006253,ORD20001680,C100115,2026-09-29,90480.0,20.0,0.0,2.6873,0.0905,2.7144,4.1,0.0,29.59
TRD30006254,ORD20000111,C100183,2026-09-29,5069.4,1.5208,1.2674,0.1506,0.0051,0.0,0.3018,0.0,3.25
TRD30006255,ORD20000111,C100183,2026-09-29,723.8,0.2171,0.181,0.0215,0.0007,0.0,0.0431,0.0,0.46
TRD30006256,ORD20003078,C100038,2026-09-29,99415.2,20.0,0.0,2.9526,0.0994,2.9825,4.1494,0.0,30.18
TRD30006257,ORD20003078,C100038,2026-09-29,25934.4,7.7803,0.0,0.7703,0.0259,0.778,1.5438,0.0,10.9
TRD30006258,ORD20001313,C100169,2026-09-29,3063.05,0.0,3.063,0.091,0.0031,0.0,0.0169,15.34,18.51
TRD30006259,ORD20001313,C100169,2026-09-29,3057.55,0.0,3.0576,0.0908,0.0031,0.0,0.0169,0.0,3.17
TRD30006260,ORD20002097,C100118,2026-09-29,66748.0,20.0,0.0,1.9824,0.0667,2.0024,3.9688,0.0,28.02
TRD30006261,ORD20002097,C100118,2026-09-29,9102.0,2.7306,0.0,0.2703,0.0091,0.2731,0.5418,0.0,3.82
TRD30006262,ORD20004878,C100098,2026-09-29,2822.45,0.8467,0.7056,0.0838,0.0028,0.0,0.168,0.0,1.81
TRD30006263,ORD20000484,C100164,2026-09-29,34425.0,0.0,34.425,1.0224,0.0344,5.1637,0.1902,0.0,40.84
TRD30006264,ORD20003893,C100018,2026-09-29,7647.75,2.2943,1.9119,0.2271,0.0076,0.0,0.4552,0.0,4.9
TRD30006265,ORD20003893,C100018,2026-09-29,30591.0,9.1773,7.6478,0.9086,0.0306,0.0,1.821,0.0,19.59
TRD30006266,ORD20000967,C100014,2026-09-29,27215.2,8.1646,0.0,0.8083,0.0272,0.8165,1.62,0.0,11.44
TRD30006267,ORD20000967,C100014,2026-09-29,25515.75,7.6547,0.0,0.7578,0.0255,0.7655,1.5189,0.0,10.72
TRD30006268,ORD20001770,C100122,2026-09-29,6903.0,2.0709,0.0,0.205,0.0069,0.2071,0.4109,0.0,2.9
TRD30006269,ORD20001770,C100122,2026-09-29,4602.0,1.3806,0.0,0.1367,0.0046,0.1381,0.2739,0.0,1.93
TRD30006270,ORD20001770,C100122,2026-09-29,18408.0,5.5224,0.0,0.5467,0.0184,0.5522,1.0958,0.0,7.74
TRD30006271,ORD20003823,C100097,2026-09-29,11071.05,0.0,11.071,0.3288,0.0111,1.6607,0.0612,0.0,13.13
TRD30006272,ORD20003823,C100097,2026-09-29,1442.85,0.0,1.4428,0.0429,0.0014,0.2164,0.008,0.0,1.71
TRD30006273,ORD20003361,C100094,2026-09-29,3377.9,1.0134,0.0,0.1003,0.0034,0.1013,0.2011,0.0,1.42
TRD30006274,ORD20002039,C100010,2026-09-29,4905.4,1.4716,0.0,0.1457,0.0049,0.1472,0.292,0.0,2.06
TRD30006275,ORD20001648,C100172,2026-09-29,13839.3,4.1518,3.4598,0.411,0.0138,0.0,0.8238,0.0,8.86
TRD30006276,ORD20000489,C100068,2026-09-29,2825.25,0.0,2.8252,0.0839,0.0028,0.0,0.0156,15.34,18.27
TRD30006277,ORD20000489,C100068,2026-09-29,941.25,0.0,0.9412,0.028,0.0009,0.0,0.0052,0.0,0.98
TRD30006278,ORD20000489,C100068,2026-09-29,1883.2,0.0,1.8832,0.0559,0.0019,0.0,0.0104,0.0,1.95
TRD30006279,ORD20003788,C100089,2026-09-29,6921.6,2.0765,1.7304,0.2056,0.0069,0.0,0.412,0.0,4.43
TRD30006280,ORD20003788,C100089,2026-09-29,5623.8,1.6871,1.406,0.167,0.0056,0.0,0.3348,0.0,3.6
TRD30006281,ORD20000772,C100150,2026-09-29,13038.85,3.9117,3.2597,0.3873,0.013,0.0,0.7762,0.0,8.35
TRD30006282,ORD20002019,C100170,2026-09-29,10157.4,0.0,10.1574,0.3017,0.0102,0.0,0.0561,15.34,25.87
TRD30006283,ORD20002019,C100170,2026-09-29,14671.8,0.0,14.6718,0.4358,0.0147,0.0,0.0811,0.0,15.2
TRD30006284,ORD20002019,C100170,2026-09-29,10157.4,0.0,10.1574,0.3017,0.0102,0.0,0.0561,0.0,10.53
TRD30006285,ORD20000277,C100084,2026-09-29,6251.7,1.8755,0.0,0.1857,0.0063,0.1876,0.3721,0.0,2.63
TRD30006286,ORD20002352,C100182,2026-09-29,39516.5,11.8549,0.0,1.1736,0.0395,1.1855,2.3523,0.0,16.61
TRD30006287,ORD20002481,C100015,2026-09-29,120719.6,20.0,30.1799,3.5854,0.1207,0.0,4.2671,0.0,58.15
TRD30006288,ORD20002481,C100015,2026-09-29,10854.8,3.2564,2.7137,0.3224,0.0109,0.0,0.6461,0.0,6.95
TRD30006289,ORD20002481,C100015,2026-09-29,9490.95,2.8473,2.3727,0.2819,0.0095,0.0,0.565,0.0,6.08
TRD30006290,ORD20001460,C100025,2026-09-29,73031.9,20.0,18.258,2.169,0.073,0.0,4.0036,0.0,44.5
TRD30006291,ORD20004682,C100145,2026-09-29,5717.4,0.0,5.7174,0.1698,0.0057,0.0,0.0316,15.34,21.26
TRD30006292,ORD20004682,C100145,2026-09-29,111532.2,0.0,111.5322,3.3125,0.1115,0.0,0.6163,0.0,115.57
TRD30006293,ORD20004873,C100151,2026-09-29,2980.65,0.8942,0.7452,0.0885,0.003,0.0,0.1774,0.0,1.91
TRD30006294,ORD20004652,C100193,2026-09-29,24681.5,7.4044,0.0,0.733,0.0247,0.7404,1.4692,0.0,10.37
TRD30006295,ORD20002472,C100185,2026-09-29,5032.5,0.0,5.0325,0.1495,0.005,0.7549,0.0278,0.0,5.97
TRD30006296,ORD20000431,C100099,2026-09-29,5738.6,1.7216,1.4347,0.1704,0.0057,0.0,0.3416,0.0,3.67
TRD30006297,ORD20003513,C100051,2026-09-29,6486.6,1.946,1.6216,0.1927,0.0065,0.0,0.3861,0.0,4.15
TRD30006298,ORD20004011,C100117,2026-09-29,71780.55,20.0,0.0,2.1319,0.0718,2.1534,3.9967,0.0,28.35
TRD30006299,ORD20001425,C100064,2026-09-29,15096.6,4.529,15.0966,0.4484,0.0151,2.2645,0.8986,0.0,23.25
TRD30006300,ORD20004489,C100078,2026-09-29,61984.5,0.0,61.9845,1.8409,0.062,0.0,0.3425,15.34,79.57
TRD30006301,ORD20002259,C100172,2026-09-29,28820.7,8.6462,0.0,0.856,0.0288,0.8646,1.7156,0.0,12.11
TRD30006302,ORD20002259,C100172,2026-09-29,51236.8,15.371,0.0,1.5217,0.0512,1.5371,3.0499,0.0,21.53
TRD30006303,ORD20002259,C100172,2026-09-29,1601.15,0.4803,0.0,0.0476,0.0016,0.048,0.0953,0.0,0.67
TRD30006304,ORD20003880,C100006,2026-09-29,3280.2,0.9841,0.82,0.0974,0.0033,0.0,0.1953,0.0,2.1
TRD30006305,ORD20003880,C100006,2026-09-29,5467.0,1.6401,1.3668,0.1624,0.0055,0.0,0.3254,0.0,3.5
TRD30006306,ORD20004124,C100009,2026-09-29,27692.8,8.3078,6.9232,0.8225,0.0277,0.0,1.6484,0.0,17.73
TRD30006307,ORD20004124,C100009,2026-09-29,5191.8,1.5575,1.298,0.1542,0.0052,0.0,0.309,0.0,3.32
TRD30006308,ORD20000052,C100114,2026-09-29,47831.35,0.0,47.8314,1.4206,0.0478,7.1747,0.2643,0.0,56.74
TRD30006309,ORD20000635,C100007,2026-09-29,11379.25,3.4138,2.8448,0.338,0.0114,0.0,0.6774,0.0,7.29
TRD30006310,ORD20003391,C100000,2026-09-29,18380.25,0.0,18.3802,0.5459,0.0184,0.0,0.1016,15.34,34.39
TRD30006311,ORD20000598,C100193,2026-09-29,49572.0,14.8716,0.0,1.4723,0.0496,1.4872,2.9508,0.0,20.83
TRD30006312,ORD20000438,C100094,2026-09-29,2947.4,0.8842,0.0,0.0875,0.0029,0.0884,0.1754,0.0,1.24
TRD30006313,ORD20003076,C100024,2026-09-29,4708.3,1.4125,0.0,0.1398,0.0047,0.1412,0.2803,0.0,1.98
TRD30006314,ORD20003076,C100024,2026-09-29,7062.45,2.1187,0.0,0.2098,0.0071,0.2119,0.4204,0.0,2.97
TRD30006315,ORD20002992,C100104,2026-09-29,3173.0,0.9519,0.7932,0.0942,0.0032,0.0,0.1889,0.0,2.03
TRD30006316,ORD20002992,C100104,2026-09-29,1586.6,0.476,0.3966,0.0471,0.0016,0.0,0.0944,0.0,1.02
TRD30006317,ORD20002992,C100104,2026-09-29,1587.45,0.4762,0.3969,0.0471,0.0016,0.0,0.0945,0.0,1.02
TRD30006318,ORD20000308,C100038,2026-09-29,2373.15,0.7119,0.0,0.0705,0.0024,0.0712,0.1413,0.0,1.0
TRD30006319,ORD20002411,C100034,2026-09-29,1243.35,0.373,0.0,0.0369,0.0012,0.0373,0.074,0.0,0.52
TRD30006320,ORD20002411,C100034,2026-09-29,1243.35,0.373,0.0,0.0369,0.0012,0.0373,0.074,0.0,0.52
TRD30006321,ORD20002751,C100198,2026-09-29,62014.05,18.6042,0.0,1.8418,0.062,1.8604,3.6914,0.0,26.06
TRD30006322,ORD20002751,C100198,2026-09-29,73826.25,20.0,0.0,2.1926,0.0738,2.2148,4.008,0.0,28.49
TRD30006323,ORD20003171,C100117,2026-09-29,23953.5,7.186,5.9884,0.7114,0.024,0.0,1.4259,0.0,15.34
TRD30006324,ORD20003171,C100117,2026-09-29,5589.15,1.6767,1.3973,0.166,0.0056,0.0,0.3327,0.0,3.58
TRD30006330,ORD20004133,C100101,2026-09-29,6496.7,0.0,6.4967,0.193,0.0065,0.0,0.0359,15.34,22.07
TRD30006328,ORD20003365,C100062,2026-09-29,61495.2,0.0,61.4952,1.8264,0.0615,9.2243,0.3398,0.0,72.95
TRD30006325,ORD20002615,C100169,2026-09-29,5758.5,0.0,5.7585,0.171,0.0058,0.0,0.0318,15.34,21.31
TRD30006329,ORD20003365,C100062,2026-09-29,7971.6,0.0,7.9716,0.2368,0.008,1.1957,0.0441,0.0,9.46
TRD30006331,ORD20004133,C100101,2026-09-29,5568.6,0.0,5.5686,0.1654,0.0056,0.0,0.0308,0.0,5.77
TRD30006326,ORD20002615,C100169,2026-09-29,48162.0,0.0,48.162,1.4304,0.0482,0.0,0.2661,0.0,49.91
TRD30006327,ORD20002615,C100169,2026-09-29,20678.25,0.0,20.6783,0.6141,0.0207,0.0,0.1143,0.0,21.43
TRD30006332,ORD20003645,C100120,2026-09-29,67372.75,20.0,0.0,2.001,0.0674,2.0212,3.9723,0.0,28.06
TRD30006333,ORD20001628,C100069,2026-09-29,11930.6,0.0,11.9306,0.3543,0.0119,1.7896,0.0659,0.0,14.15
TRD30006334,ORD20004454,C100044,2026-09-29,3751.0,1.1253,0.0,0.1114,0.0038,0.1125,0.2233,0.0,1.58
TRD30006335,ORD20004454,C100044,2026-09-29,10118.25,3.0355,0.0,0.3005,0.0101,0.3035,0.6023,0.0,4.25
TRD30006336,ORD20000820,C100003,2026-09-29,13865.6,4.1597,3.4664,0.4118,0.0139,0.0,0.8254,0.0,8.88
TRD30006337,ORD20000820,C100003,2026-09-29,109191.6,20.0,27.2979,3.243,0.1092,0.0,4.2034,0.0,54.85
TRD30006338,ORD20003029,C100132,2026-09-29,3617.0,0.0,3.617,0.1074,0.0036,0.0,0.02,15.34,19.09
TRD30006339,ORD20003029,C100132,2026-09-29,1808.5,0.0,1.8085,0.0537,0.0018,0.0,0.01,0.0,1.87
TRD30006340,ORD20003765,C100027,2026-09-29,5737.25,0.0,5.7373,0.1704,0.0057,0.8606,0.0317,0.0,6.81
TRD30006341,ORD20003765,C100027,2026-09-29,9187.6,0.0,9.1876,0.2729,0.0092,1.3781,0.0508,0.0,10.9
TRD30006342,ORD20003765,C100027,2026-09-29,5738.5,0.0,5.7385,0.1704,0.0057,0.8608,0.0317,0.0,6.81
TRD30006343,ORD20001444,C100109,2026-09-29,2888.9,0.8667,2.8889,0.0858,0.0029,0.0,0.172,15.34,19.36
TRD30006344,ORD20001444,C100109,2026-09-29,2888.9,0.8667,2.8889,0.0858,0.0029,0.0,0.172,0.0,4.02
TRD30006345,ORD20001444,C100109,2026-09-29,2888.9,0.8667,2.8889,0.0858,0.0029,0.0,0.172,0.0,4.02
TRD30006346,ORD20001062,C100089,2026-09-29,44380.15,13.314,0.0,1.3181,0.0444,1.3314,2.6418,0.0,18.65
TRD30006347,ORD20000278,C100194,2026-09-29,2672.85,0.8019,0.0,0.0794,0.0027,0.0802,0.1591,0.0,1.12
TRD30006348,ORD20002560,C100070,2026-09-29,21060.9,6.3183,5.2652,0.6255,0.0211,0.0,1.2537,0.0,13.48
TRD30006349,ORD20000226,C100022,2026-09-29,139946.8,0.0,139.9468,4.1564,0.1399,0.0,0.7733,15.34,160.36
TRD30006350,ORD20001514,C100190,2026-09-29,24304.4,7.2913,0.0,0.7218,0.0243,0.7291,1.4467,0.0,10.21
TRD30006351,ORD20001514,C100190,2026-09-29,36456.6,10.937,0.0,1.0828,0.0365,1.0937,2.1701,0.0,15.32
TRD30006352,ORD20001655,C100100,2026-09-29,29620.8,0.0,29.6208,0.8797,0.0296,4.4431,0.1637,0.0,35.14
TRD30006353,ORD20001655,C100100,2026-09-29,22168.35,0.0,22.1684,0.6584,0.0222,3.3253,0.1225,0.0,26.3
TRD30006354,ORD20001655,C100100,2026-09-29,17259.2,0.0,17.2592,0.5126,0.0173,2.5889,0.0954,0.0,20.47
TRD30006355,ORD20004163,C100080,2026-09-29,10072.35,0.0,10.0724,0.2991,0.0101,0.0,0.0557,15.34,25.78
TRD30006356,ORD20004163,C100080,2026-09-29,2984.4,0.0,2.9844,0.0886,0.003,0.0,0.0165,0.0,3.09
TRD30006357,ORD20004163,C100080,2026-09-29,16787.25,0.0,16.7872,0.4986,0.0168,0.0,0.0928,0.0,17.4
TRD30006358,ORD20003071,C100080,2026-09-29,19969.0,0.0,19.969,0.5931,0.02,0.0,0.1103,15.34,36.03
TRD30006359,ORD20003071,C100080,2026-09-29,48010.05,0.0,48.0101,1.4259,0.048,0.0,0.2653,0.0,49.75
TRD30006360,ORD20001565,C100075,2026-09-29,49134.7,0.0,49.1347,1.4593,0.0491,7.3702,0.2715,0.0,58.28
TRD30006361,ORD20002693,C100051,2026-09-29,1573.0,0.4719,0.0,0.0467,0.0016,0.0472,0.0936,0.0,0.66
TRD30006363,ORD20001307,C100150,2026-09-29,19875.2,0.0,19.8752,0.5903,0.0199,0.0,0.1098,15.34,35.94
TRD30006364,ORD20001307,C100150,2026-09-29,9932.2,0.0,9.9322,0.295,0.0099,0.0,0.0549,0.0,10.29
TRD30006362,ORD20002693,C100051,2026-09-29,3140.9,0.9423,0.0,0.0933,0.0031,0.0942,0.187,0.0,1.32
TRD30006365,ORD20000075,C100085,2026-09-29,859.8,0.0,0.8598,0.0255,0.0009,0.0,0.0048,15.34,16.23
TRD30006366,ORD20000075,C100085,2026-09-29,1719.6,0.0,1.7196,0.0511,0.0017,0.0,0.0095,0.0,1.78
TRD30006367,ORD20000075,C100085,2026-09-29,3869.1,0.0,3.8691,0.1149,0.0039,0.0,0.0214,0.0,4.01
TRD30006368,ORD20002420,C100021,2026-09-29,22459.9,6.738,5.615,0.6671,0.0225,0.0,1.3369,0.0,14.38
TRD30006369,ORD20004817,C100016,2026-09-29,5364.6,1.6094,1.3412,0.1593,0.0054,0.0,0.3193,0.0,3.43
TRD30006370,ORD20004817,C100016,2026-09-29,19670.2,5.9011,4.9176,0.5842,0.0197,0.0,1.1709,0.0,12.59
TRD30006371,ORD20004817,C100016,2026-09-29,19670.2,5.9011,4.9176,0.5842,0.0197,0.0,1.1709,0.0,12.59
TRD30006372,ORD20004018,C100105,2026-09-29,24103.6,0.0,24.1036,0.7159,0.0241,0.0,0.1332,15.34,40.32
TRD30006373,ORD20002513,C100188,2026-09-29,885.4,0.2656,0.0,0.0263,0.0009,0.0266,0.0527,0.0,0.37
TRD30006374,ORD20002513,C100188,2026-09-29,8411.3,2.5234,0.0,0.2498,0.0084,0.2523,0.5007,0.0,3.53
TRD30006375,ORD20002513,C100188,2026-09-29,4869.7,1.4609,0.0,0.1446,0.0049,0.1461,0.2899,0.0,2.05
TRD30006376,ORD20004716,C100149,2026-09-29,2283.45,0.685,0.0,0.0678,0.0023,0.0685,0.1359,0.0,0.96
TRD30006377,ORD20004716,C100149,2026-09-29,2283.45,0.685,0.0,0.0678,0.0023,0.0685,0.1359,0.0,0.96
TRD30006378,ORD20000169,C100017,2026-09-29,22762.6,0.0,22.7626,0.676,0.0228,3.4144,0.1258,0.0,27.0
TRD30006379,ORD20000169,C100017,2026-09-29,3251.8,0.0,3.2518,0.0966,0.0033,0.4878,0.018,0.0,3.86
TRD30006380,ORD20003011,C100012,2026-09-29,3159.1,0.9477,0.7898,0.0938,0.0032,0.0,0.188,0.0,2.02
TRD30006381,ORD20003011,C100012,2026-09-29,20536.1,6.1608,5.134,0.6099,0.0205,0.0,1.2224,0.0,13.15
TRD30006382,ORD20001495,C100093,2026-09-29,2185.8,0.6557,0.0,0.0649,0.0022,0.0656,0.1301,0.0,0.92
TRD30006383,ORD20001495,C100093,2026-09-29,18564.0,5.5692,0.0,0.5514,0.0186,0.5569,1.105,0.0,7.8
TRD30006384,ORD20001495,C100093,2026-09-29,727.5,0.2182,0.0,0.0216,0.0007,0.0218,0.0433,0.0,0.31
TRD30006385,ORD20002756,C100103,2026-09-29,66919.2,20.0,16.7298,1.9875,0.0669,0.0,3.9698,0.0,42.75
TRD30006386,ORD20003733,C100021,2026-09-29,3532.2,0.0,3.5322,0.1049,0.0035,0.0,0.0195,15.34,19.0
TRD30006387,ORD20003733,C100021,2026-09-29,14128.8,0.0,14.1288,0.4196,0.0141,0.0,0.0781,0.0,14.64
TRD30006388,ORD20003733,C100021,2026-09-29,10596.6,0.0,10.5966,0.3147,0.0106,0.0,0.0586,0.0,10.98
TRD30006389,ORD20003728,C100017,2026-09-29,126746.5,20.0,0.0,3.7644,0.1267,3.8024,4.3004,0.0,31.99
TRD30006390,ORD20002837,C100130,2026-09-29,120572.4,20.0,0.0,3.581,0.1206,3.6172,4.2663,0.0,31.59
TRD30006391,ORD20003798,C100189,2026-09-29,3442.95,0.0,3.443,0.1023,0.0034,0.0,0.019,15.34,18.91
TRD30006392,ORD20003798,C100189,2026-09-29,6885.9,0.0,6.8859,0.2045,0.0069,0.0,0.0381,0.0,7.14
TRD30006393,ORD20003798,C100189,2026-09-29,17214.75,0.0,17.2148,0.5113,0.0172,0.0,0.0951,0.0,17.84
TRD30006394,ORD20001928,C100157,2026-09-29,19070.8,5.7212,4.7677,0.5664,0.0191,0.0,1.1352,0.0,12.21
TRD30006395,ORD20000796,C100159,2026-09-30,129899.7,20.0,0.0,3.858,0.1299,3.897,4.3178,0.0,32.2
TRD30006396,ORD20000942,C100154,2026-09-30,3642.4,1.0927,0.0,0.1082,0.0036,0.1093,0.2168,0.0,1.53
TRD30006397,ORD20003094,C100141,2026-09-30,6635.3,1.9906,1.6588,0.1971,0.0066,0.0,0.395,0.0,4.25
TRD30006398,ORD20003094,C100141,2026-09-30,947.9,0.2844,0.237,0.0282,0.0009,0.0,0.0564,0.0,0.61
TRD30006399,ORD20003094,C100141,2026-09-30,21801.7,6.5405,5.4504,0.6475,0.0218,0.0,1.2978,0.0,13.96
TRD30006400,ORD20001301,C100067,2026-09-30,2946.45,0.0,2.9464,0.0875,0.0029,0.442,0.0163,0.0,3.5
TRD30006401,ORD20001301,C100067,2026-09-30,982.15,0.0,0.9822,0.0292,0.001,0.1473,0.0054,0.0,1.17
TRD30006402,ORD20001301,C100067,2026-09-30,1964.3,0.0,1.9643,0.0583,0.002,0.2946,0.0109,0.0,2.33
TRD30006403,ORD20004306,C100114,2026-09-30,54180.4,0.0,54.1804,1.6092,0.0542,0.0,0.2994,15.34,71.48
TRD30006404,ORD20004426,C100007,2026-09-30,5530.35,1.6591,0.0,0.1643,0.0055,0.1659,0.3292,0.0,2.32
TRD30006405,ORD20003099,C100196,2026-09-30,5102.9,1.5309,1.2757,0.1516,0.0051,0.0,0.3038,0.0,3.27
TRD30006406,ORD20003099,C100196,2026-09-30,4174.65,1.2524,1.0437,0.124,0.0042,0.0,0.2485,0.0,2.67
TRD30006407,ORD20000581,C100128,2026-09-30,11839.75,0.0,11.8398,0.3516,0.0118,0.0,0.0654,15.34,27.61
TRD30006408,ORD20003886,C100167,2026-09-30,11816.85,3.5451,2.9542,0.351,0.0118,0.0,0.7034,0.0,7.57
TRD30006409,ORD20002498,C100127,2026-09-30,1664.7,0.0,1.6647,0.0494,0.0017,0.0,0.0092,15.34,17.07
TRD30006410,ORD20002498,C100127,2026-09-30,1664.7,0.0,1.6647,0.0494,0.0017,0.0,0.0092,0.0,1.73
TRD30006411,ORD20002498,C100127,2026-09-30,19976.4,0.0,19.9764,0.5933,0.02,0.0,0.1104,0.0,20.7
TRD30006412,ORD20003998,C100148,2026-09-30,3870.4,1.1611,0.0,0.115,0.0039,0.1161,0.2304,0.0,1.63
TRD30006413,ORD20003998,C100148,2026-09-30,6773.2,2.032,0.0,0.2012,0.0068,0.2032,0.4032,0.0,2.85
TRD30006414,ORD20003998,C100148,2026-09-30,40639.2,12.1918,0.0,1.207,0.0406,1.2192,2.4191,0.0,17.08
TRD30006415,ORD20002499,C100178,2026-09-30,5775.9,1.7328,1.444,0.1715,0.0058,0.0,0.3438,0.0,3.7
TRD30006416,ORD20002499,C100178,2026-09-30,963.6,0.2891,0.2409,0.0286,0.001,0.0,0.0574,0.0,0.62
TRD30006417,ORD20003204,C100132,2026-09-30,87704.1,20.0,0.0,2.6048,0.0877,2.6311,4.0847,0.0,29.41
TRD30006418,ORD20000665,C100156,2026-09-30,11762.1,0.0,11.7621,0.3493,0.0118,1.7643,0.065,0.0,13.95
TRD30006419,ORD20004354,C100161,2026-09-30,11689.45,3.5068,0.0,0.3472,0.0117,0.3507,0.6958,0.0,4.91
TRD30006420,ORD20003578,C100046,2026-09-30,1456.3,0.0,1.4563,0.0433,0.0015,0.0,0.008,15.34,16.85
TRD30006421,ORD20003578,C100046,2026-09-30,17502.0,0.0,17.502,0.5198,0.0175,0.0,0.0967,0.0,18.14
TRD30006422,ORD20003578,C100046,2026-09-30,1458.45,0.0,1.4584,0.0433,0.0015,0.0,0.0081,0.0,1.51
TRD30006423,ORD20000441,C100177,2026-09-30,63542.1,19.0626,15.8855,1.8872,0.0635,0.0,3.7824,0.0,40.68
TRD30006424,ORD20000441,C100177,2026-09-30,53981.85,16.1946,13.4955,1.6033,0.054,0.0,3.2133,0.0,34.56
TRD30006425,ORD20000441,C100177,2026-09-30,23511.85,7.0536,5.878,0.6983,0.0235,0.0,1.3996,0.0,15.05
TRD30006426,ORD20000177,C100186,2026-09-30,529.4,0.1588,0.1324,0.0157,0.0005,0.0,0.0315,0.0,0.34
TRD30006427,ORD20000177,C100186,2026-09-30,793.05,0.2379,0.1983,0.0236,0.0008,0.0,0.0472,0.0,0.51
TRD30006428,ORD20000177,C100186,2026-09-30,1323.75,0.3971,0.3309,0.0393,0.0013,0.0,0.0788,0.0,0.85
TRD30006429,ORD20004986,C100015,2026-09-30,13307.2,3.9922,3.3268,0.3952,0.0133,0.0,0.7921,0.0,8.52
TRD30006430,ORD20004332,C100122,2026-09-30,4222.05,0.0,4.222,0.1254,0.0042,0.6333,0.0233,0.0,5.01
TRD30006431,ORD20004332,C100122,2026-09-30,4213.8,0.0,4.2138,0.1251,0.0042,0.6321,0.0233,0.0,5.0
TRD30006432,ORD20004332,C100122,2026-09-30,1405.8,0.0,1.4058,0.0418,0.0014,0.2109,0.0078,0.0,1.67
TRD30006433,ORD20000320,C100140,2026-09-30,29754.0,8.9262,7.4385,0.8837,0.0298,0.0,1.7711,0.0,19.05
TRD30006434,ORD20003675,C100101,2026-09-30,2448.95,0.7347,0.0,0.0727,0.0024,0.0735,0.1458,0.0,1.03
TRD30006435,ORD20003675,C100101,2026-09-30,3498.5,1.0496,0.0,0.1039,0.0035,0.105,0.2083,0.0,1.47
TRD30006436,ORD20003675,C100101,2026-09-30,699.7,0.2099,0.0,0.0208,0.0007,0.021,0.0417,0.0,0.29
TRD30006437,ORD20000247,C100134,2026-09-30,44119.4,13.2358,0.0,1.3103,0.0441,1.3236,2.6263,0.0,18.54
TRD30006438,ORD20000247,C100134,2026-09-30,20349.6,6.1049,0.0,0.6044,0.0203,0.6105,1.2113,0.0,8.55
TRD30006439,ORD20000247,C100134,2026-09-30,25455.0,7.6365,0.0,0.756,0.0255,0.7637,1.5152,0.0,10.7
TRD30006440,ORD20002167,C100145,2026-09-30,17413.3,0.0,17.4133,0.5172,0.0174,0.0,0.0962,15.34,33.38
TRD30006441,ORD20002167,C100145,2026-09-30,3028.4,0.0,3.0284,0.0899,0.003,0.0,0.0167,0.0,3.14
TRD30006442,ORD20002167,C100145,2026-09-30,4542.6,0.0,4.5426,0.1349,0.0045,0.0,0.0251,0.0,4.71
TRD30006443,ORD20002585,C100104,2026-09-30,1550.45,0.0,1.5505,0.046,0.0016,0.2326,0.0086,0.0,1.84
TRD30006444,ORD20000827,C100115,2026-09-30,12019.5,3.6058,0.0,0.357,0.012,0.3606,0.7155,0.0,5.05
TRD30006445,ORD20000150,C100077,2026-09-30,72870.3,0.0,72.8703,2.1642,0.0729,0.0,0.4027,15.34,90.85
TRD30006446,ORD20003709,C100111,2026-09-30,8684.4,0.0,8.6844,0.2579,0.0087,1.3027,0.048,0.0,10.3
TRD30006447,ORD20003709,C100111,2026-09-30,20263.6,0.0,20.2636,0.6018,0.0203,3.0395,0.112,0.0,24.04
TRD30006448,ORD20003739,C100140,2026-09-30,6722.1,0.0,6.7221,0.1996,0.0067,0.0,0.0371,15.34,22.31
TRD30006449,ORD20003739,C100140,2026-09-30,37345.0,0.0,37.345,1.1091,0.0373,0.0,0.2064,0.0,38.7
TRD30006450,ORD20003739,C100140,2026-09-30,2987.6,0.0,2.9876,0.0887,0.003,0.0,0.0165,0.0,3.1
TRD30006451,ORD20003984,C100090,2026-09-30,76042.2,20.0,0.0,2.2585,0.076,2.2813,4.0202,0.0,28.64
TRD30006452,ORD20003984,C100090,2026-09-30,26322.3,7.8967,0.0,0.7818,0.0263,0.7897,1.5669,0.0,11.06
TRD30006453,ORD20004095,C100053,2026-09-30,103017.2,20.0,25.7543,3.0596,0.103,0.0,4.1693,0.0,53.09
TRD30006454,ORD20000699,C100182,2026-09-30,3001.2,0.9004,3.0012,0.0891,0.003,0.0,0.1786,15.34,19.51
TRD30006455,ORD20001114,C100002,2026-09-30,6293.2,1.888,0.0,0.1869,0.0063,0.1888,0.3746,0.0,2.64
TRD30006456,ORD20000954,C100016,2026-09-30,114058.85,0.0,114.0588,3.3875,0.1141,17.1088,0.6303,0.0,135.3
TRD30006457,ORD20000954,C100016,2026-09-30,10941.7,0.0,10.9417,0.325,0.0109,1.6413,0.0605,0.0,12.98
TRD30006458,ORD20001400,C100100,2026-09-30,9433.6,2.8301,0.0,0.2802,0.0094,0.283,0.5615,0.0,3.96
TRD30006459,ORD20001400,C100100,2026-09-30,58941.25,17.6824,0.0,1.7506,0.0589,1.7682,3.5085,0.0,24.77
TRD30006460,ORD20001400,C100100,2026-09-30,2358.2,0.7075,0.0,0.07,0.0024,0.0707,0.1404,0.0,0.99
TRD30006461,ORD20002268,C100156,2026-09-30,2812.5,0.8437,0.7031,0.0835,0.0028,0.0,0.1674,0.0,1.8
TRD30006462,ORD20002268,C100156,2026-09-30,2813.5,0.844,0.7034,0.0836,0.0028,0.0,0.1675,0.0,1.8
TRD30006463,ORD20002268,C100156,2026-09-30,1408.15,0.4224,0.352,0.0418,0.0014,0.0,0.0838,0.0,0.9
TRD30006464,ORD20002668,C100024,2026-09-30,2860.25,0.0,2.8602,0.0849,0.0029,0.429,0.0158,0.0,3.39
TRD30006465,ORD20002668,C100024,2026-09-30,5720.5,0.0,5.7205,0.1699,0.0057,0.8581,0.0316,0.0,6.79
TRD30006466,ORD20002668,C100024,2026-09-30,37183.25,0.0,37.1832,1.1043,0.0372,5.5775,0.2055,0.0,44.11
TRD30006467,ORD20003614,C100059,2026-09-30,143718.75,20.0,35.9297,4.2684,0.1437,0.0,4.3942,0.0,64.74
TRD30006468,ORD20002310,C100128,2026-09-30,2417.2,0.0,2.4172,0.0718,0.0024,0.3626,0.0134,0.0,2.87
TRD30006469,ORD20002310,C100128,2026-09-30,1207.45,0.0,1.2075,0.0359,0.0012,0.1811,0.0067,0.0,1.43
TRD30006470,ORD20001818,C100199,2026-09-30,1588.05,0.4764,0.397,0.0472,0.0016,0.0,0.0945,0.0,1.02
TRD30006471,ORD20001818,C100199,2026-09-30,7949.0,2.3847,1.9872,0.2361,0.0079,0.0,0.4732,0.0,5.09
TRD30006472,ORD20001818,C100199,2026-09-30,9537.0,2.8611,2.3843,0.2832,0.0095,0.0,0.5677,0.0,6.11
TRD30006473,ORD20003589,C100168,2026-09-30,75711.9,0.0,75.7119,2.2486,0.0757,11.3568,0.4184,0.0,89.81
TRD30006474,ORD20002413,C100063,2026-09-30,45686.4,13.7059,0.0,1.3569,0.0457,1.3706,2.7195,0.0,19.2
TRD30006475,ORD20000008,C100182,2026-09-30,1358.4,0.4075,0.0,0.0403,0.0014,0.0408,0.0809,0.0,0.57
TRD30006476,ORD20000008,C100182,2026-09-30,3622.0,1.0866,0.0,0.1076,0.0036,0.1087,0.2156,0.0,1.52
TRD30006477,ORD20003523,C100152,2026-09-30,8382.6,2.5148,0.0,0.249,0.0084,0.2515,0.499,0.0,3.52
TRD30006478,ORD20000245,C100130,2026-09-30,12225.35,3.6676,0.0,0.3631,0.0122,0.3668,0.7277,0.0,5.14
TRD30006479,ORD20000299,C100164,2026-09-30,4057.2,0.0,4.0572,0.1205,0.0041,0.6086,0.0224,0.0,4.81
TRD30006480,ORD20000299,C100164,2026-09-30,901.5,0.0,0.9015,0.0268,0.0009,0.1352,0.005,0.0,1.07
TRD30006481,ORD20003587,C100152,2026-09-30,4578.5,0.0,4.5785,0.136,0.0046,0.6868,0.0253,0.0,5.43
TRD30006482,ORD20003587,C100152,2026-09-30,915.7,0.0,0.9157,0.0272,0.0009,0.1374,0.0051,0.0,1.09
TRD30006483,ORD20002173,C100126,2026-09-30,1132.75,0.3398,0.0,0.0336,0.0011,0.034,0.0674,0.0,0.48
TRD30006484,ORD20002173,C100126,2026-09-30,1132.75,0.3398,0.0,0.0336,0.0011,0.034,0.0674,0.0,0.48
TRD30006485,ORD20002173,C100126,2026-09-30,13593.0,4.0779,0.0,0.4037,0.0136,0.4078,0.8091,0.0,5.71
TRD30006486,ORD20004820,C100151,2026-09-30,3508.2,0.0,3.5082,0.1042,0.0035,0.0,0.0194,15.34,18.98
TRD30006487,ORD20004820,C100151,2026-09-30,3508.2,0.0,3.5082,0.1042,0.0035,0.0,0.0194,0.0,3.64
TRD30006489,ORD20002831,C100139,2026-09-30,33462.8,10.0388,0.0,0.9938,0.0335,1.0039,1.9919,0.0,14.06
TRD30006488,ORD20001154,C100191,2026-09-30,6060.0,1.818,1.515,0.18,0.0061,0.0,0.3607,0.0,3.88
TRD30006490,ORD20004985,C100058,2026-09-30,15759.0,4.7277,0.0,0.468,0.0158,0.4728,0.9381,0.0,6.62
TRD30006491,ORD20004985,C100058,2026-09-30,11826.9,3.5481,0.0,0.3513,0.0118,0.3548,0.704,0.0,4.97
TRD30006492,ORD20000395,C100089,2026-09-30,2252.85,0.6759,0.5632,0.0669,0.0023,0.0,0.1341,0.0,1.44
TRD30006493,ORD20000395,C100089,2026-09-30,81145.8,20.0,20.2865,2.41,0.0811,0.0,4.0484,0.0,46.83
TRD30006494,ORD20001924,C100174,2026-09-30,1137.9,0.0,1.1379,0.0338,0.0011,0.1707,0.0063,0.0,1.35
TRD30006497,ORD20001711,C100102,2026-09-30,1640.4,0.4921,0.4101,0.0487,0.0016,0.0,0.0976,0.0,1.05
TRD30006495,ORD20001924,C100174,2026-09-30,1137.9,0.0,1.1379,0.0338,0.0011,0.1707,0.0063,0.0,1.35
TRD30006498,ORD20001711,C100102,2026-09-30,1638.95,0.4917,0.4097,0.0487,0.0016,0.0,0.0976,0.0,1.05
TRD30006499,ORD20001711,C100102,2026-09-30,1639.9,0.492,0.41,0.0487,0.0016,0.0,0.0976,0.0,1.05
TRD30006496,ORD20001924,C100174,2026-09-30,1137.9,0.0,1.1379,0.0338,0.0011,0.1707,0.0063,0.0,1.35
TRD30006500,ORD20000933,C100081,2026-09-30,5371.4,1.6114,0.0,0.1595,0.0054,0.1611,0.3197,0.0,2.26
TRD30006501,ORD20000933,C100081,2026-09-30,5375.0,1.6125,0.0,0.1596,0.0054,0.1612,0.32,0.0,2.26
TRD30006502,ORD20002752,C100080,2026-09-30,2839.8,0.8519,0.0,0.0843,0.0028,0.0852,0.169,0.0,1.19
TRD30006503,ORD20002752,C100080,2026-09-30,473.3,0.142,0.0,0.0141,0.0005,0.0142,0.0282,0.0,0.2
TRD30006504,ORD20002752,C100080,2026-09-30,473.3,0.142,0.0,0.0141,0.0005,0.0142,0.0282,0.0,0.2
TRD30006505,ORD20002632,C100107,2026-09-30,4251.9,0.0,4.2519,0.1263,0.0043,0.6378,0.0235,0.0,5.04
TRD30006506,ORD20001255,C100101,2026-09-30,11575.5,3.4726,2.8939,0.3438,0.0116,0.0,0.689,0.0,7.41
TRD30006507,ORD20001255,C100101,2026-09-30,34726.5,10.418,8.6816,1.0314,0.0347,0.0,2.0671,0.0,22.23
TRD30006508,ORD20003330,C100106,2026-09-30,8256.0,0.0,8.256,0.2452,0.0083,1.2384,0.0456,0.0,9.79
TRD30006509,ORD20002066,C100008,2026-09-30,2476.35,0.7429,0.0,0.0735,0.0025,0.0743,0.1474,0.0,1.04
TRD30006510,ORD20002066,C100008,2026-09-30,2474.5,0.7423,0.0,0.0735,0.0025,0.0742,0.1473,0.0,1.04
TRD30006511,ORD20002218,C100124,2026-09-30,12152.7,0.0,12.1527,0.3609,0.0122,1.8229,0.0672,0.0,14.42
TRD30006512,ORD20002064,C100172,2026-09-30,11849.0,3.5547,11.849,0.3519,0.0118,0.0,0.7053,15.34,31.81
TRD30006513,ORD20003888,C100006,2026-09-30,11875.5,3.5626,0.0,0.3527,0.0119,0.3563,0.7069,0.0,4.99
TRD30006514,ORD20003889,C100125,2026-09-30,2963.45,0.0,2.9634,0.088,0.003,0.4445,0.0164,0.0,3.52
TRD30006515,ORD20000886,C100159,2026-09-30,11686.35,3.5059,2.9216,0.3471,0.0117,0.0,0.6956,0.0,7.48
TRD30006516,ORD20003835,C100008,2026-09-30,7484.8,2.2454,1.8712,0.2223,0.0075,0.0,0.4455,0.0,4.79
TRD30006517,ORD20003835,C100008,2026-09-30,3746.9,1.1241,0.9367,0.1113,0.0037,0.0,0.223,0.0,2.4
TRD30006518,ORD20003835,C100008,2026-09-30,14982.6,4.4948,3.7457,0.445,0.015,0.0,0.8919,0.0,9.59
TRD30006519,ORD20000140,C100123,2026-09-30,3405.2,1.0216,0.8513,0.1011,0.0034,0.0,0.2027,0.0,2.18
TRD30006520,ORD20004058,C100105,2026-09-30,4811.4,1.4434,0.0,0.1429,0.0048,0.1443,0.2864,0.0,2.02
TRD30006521,ORD20000759,C100044,2026-09-30,1865.3,0.0,1.8653,0.0554,0.0019,0.0,0.0103,15.34,17.27
TRD30006522,ORD20000759,C100044,2026-09-30,1865.4,0.0,1.8654,0.0554,0.0019,0.0,0.0103,0.0,1.93
TRD30006523,ORD20000759,C100044,2026-09-30,2800.8,0.0,2.8008,0.0832,0.0028,0.0,0.0155,0.0,2.9
TRD30006524,ORD20001681,C100167,2026-09-30,361.9,0.1086,0.0,0.0107,0.0004,0.0109,0.0215,0.0,0.15
TRD30006525,ORD20001681,C100167,2026-09-30,2533.3,0.76,0.0,0.0752,0.0025,0.076,0.1508,0.0,1.06
TRD30006526,ORD20000806,C100021,2026-09-30,2345.05,0.7035,0.5863,0.0696,0.0023,0.0,0.1396,0.0,1.5
TRD30006527,ORD20000806,C100021,2026-09-30,7035.15,2.1105,1.7588,0.2089,0.007,0.0,0.4188,0.0,4.5
TRD30006528,ORD20000806,C100021,2026-09-30,9380.2,2.8141,2.345,0.2786,0.0094,0.0,0.5584,0.0,6.01
TRD30006529,ORD20004515,C100087,2026-09-30,1404.0,0.4212,0.0,0.0417,0.0014,0.0421,0.0836,0.0,0.59
TRD30006530,ORD20004515,C100087,2026-09-30,1403.3,0.421,0.0,0.0417,0.0014,0.0421,0.0835,0.0,0.59
TRD30006531,ORD20004515,C100087,2026-09-30,2808.3,0.8425,0.0,0.0834,0.0028,0.0842,0.1672,0.0,1.18
TRD30006532,ORD20004352,C100014,2026-09-30,14448.75,4.3346,0.0,0.4291,0.0144,0.4335,0.8601,0.0,6.07
TRD30006533,ORD20001619,C100006,2026-09-30,54248.8,16.2746,13.5622,1.6112,0.0542,0.0,3.2292,0.0,34.73
TRD30006534,ORD20001619,C100006,2026-09-30,22841.6,6.8525,5.7104,0.6784,0.0228,0.0,1.3597,0.0,14.62
TRD30006535,ORD20002480,C100070,2026-09-30,4698.0,0.0,4.698,0.1395,0.0047,0.7047,0.026,0.0,5.57
TRD30006536,ORD20002480,C100070,2026-09-30,783.0,0.0,0.783,0.0233,0.0008,0.1174,0.0043,0.0,0.93
TRD30006537,ORD20001148,C100161,2026-09-30,8989.8,2.6969,2.2474,0.267,0.009,0.0,0.5351,0.0,5.76
TRD30006538,ORD20001148,C100161,2026-09-30,9007.5,2.7022,2.2519,0.2675,0.009,0.0,0.5362,0.0,5.77
TRD30006539,ORD20001552,C100188,2026-09-30,7026.0,0.0,7.026,0.2087,0.007,1.0539,0.0388,0.0,8.33
TRD30006540,ORD20001552,C100188,2026-09-30,27167.2,0.0,27.1672,0.8069,0.0272,4.0751,0.1501,0.0,32.23
TRD30006541,ORD20004430,C100107,2026-09-30,141593.7,0.0,141.5937,4.2053,0.1416,21.2391,0.7824,0.0,167.96
TRD30006542,ORD20004430,C100107,2026-09-30,3731.5,0.0,3.7315,0.1108,0.0037,0.5597,0.0206,0.0,4.43
TRD30006543,ORD20001799,C100012,2026-09-30,5506.7,0.0,5.5067,0.1635,0.0055,0.826,0.0304,0.0,6.53
TRD30006544,ORD20001799,C100012,2026-09-30,5506.7,0.0,5.5067,0.1635,0.0055,0.826,0.0304,0.0,6.53
TRD30006545,ORD20000231,C100087,2026-09-30,6764.0,0.0,6.764,0.2009,0.0068,0.0,0.0374,15.34,22.35
TRD30006546,ORD20000231,C100087,2026-09-30,8455.0,0.0,8.455,0.2511,0.0085,0.0,0.0467,0.0,8.76
TRD30006547,ORD20000231,C100087,2026-09-30,13528.0,0.0,13.528,0.4018,0.0135,0.0,0.0748,0.0,14.02
TRD30006548,ORD20000100,C100182,2026-09-30,1559.0,0.4677,0.3898,0.0463,0.0016,0.0,0.0928,0.0,1.0
TRD30006549,ORD20000100,C100182,2026-09-30,1557.25,0.4672,0.3893,0.0463,0.0016,0.0,0.0927,0.0,1.0
TRD30006550,ORD20000488,C100086,2026-09-30,9633.05,0.0,9.633,0.2861,0.0096,1.445,0.0532,0.0,11.43
TRD30006551,ORD20000488,C100086,2026-09-30,15128.85,0.0,15.1288,0.4493,0.0151,2.2693,0.0836,0.0,17.95
TRD30006552,ORD20004178,C100035,2026-09-30,1700.75,0.0,1.7008,0.0505,0.0017,0.0,0.0094,15.34,17.1
TRD30006553,ORD20004178,C100035,2026-09-30,1700.75,0.0,1.7008,0.0505,0.0017,0.0,0.0094,0.0,1.76
TRD30006554,ORD20004178,C100035,2026-09-30,1700.75,0.0,1.7008,0.0505,0.0017,0.0,0.0094,0.0,1.76
TRD30006555,ORD20003782,C100073,2026-09-30,132349.7,20.0,33.0874,3.9308,0.1323,0.0,4.3314,0.0,61.48
TRD30006556,ORD20004700,C100124,2026-09-30,17246.95,0.0,17.247,0.5122,0.0172,0.0,0.0953,15.34,33.21
TRD30006557,ORD20004700,C100124,2026-09-30,36928.5,0.0,36.9285,1.0968,0.0369,0.0,0.2041,0.0,38.27
TRD30006558,ORD20004700,C100124,2026-09-30,2463.55,0.0,2.4636,0.0732,0.0025,0.0,0.0136,0.0,2.55
TRD30006559,ORD20002370,C100009,2026-09-30,1635.9,0.4908,0.0,0.0486,0.0016,0.0491,0.0974,0.0,0.69
TRD30006560,ORD20002370,C100009,2026-09-30,3271.8,0.9815,0.0,0.0972,0.0033,0.0982,0.1948,0.0,1.38
TRD30006561,ORD20002370,C100009,2026-09-30,1635.9,0.4908,0.0,0.0486,0.0016,0.0491,0.0974,0.0,0.69
TRD30006562,ORD20004611,C100077,2026-09-30,3733.15,0.0,3.7332,0.1109,0.0037,0.0,0.0206,15.34,19.21
TRD30006563,ORD20003565,C100038,2026-09-30,1756.7,0.0,1.7567,0.0522,0.0018,0.2635,0.0097,0.0,2.08
TRD30006564,ORD20003565,C100038,2026-09-30,1756.8,0.0,1.7568,0.0522,0.0018,0.2635,0.0097,0.0,2.08
TRD30006565,ORD20003565,C100038,2026-09-30,10535.4,0.0,10.5354,0.3129,0.0105,1.5803,0.0582,0.0,12.5
TRD30006566,ORD20002205,C100096,2026-09-30,52756.45,15.8269,0.0,1.5669,0.0528,1.5827,3.1404,0.0,22.17
TRD30006567,ORD20003267,C100163,2026-09-30,8481.0,0.0,8.481,0.2519,0.0085,0.0,0.0469,15.34,24.13
TRD30006568,ORD20004831,C100055,2026-09-30,1593.35,0.0,1.5934,0.0473,0.0016,0.0,0.0088,15.34,16.99
TRD30006570,ORD20004539,C100065,2026-09-30,27000.0,0.0,27.0,0.8019,0.027,4.05,0.1492,0.0,32.03
TRD30006569,ORD20002410,C100088,2026-09-30,10397.15,0.0,10.3972,0.3088,0.0104,1.5596,0.0575,0.0,12.33
TRD30006571,ORD20003643,C100142,2026-09-30,5829.1,1.7487,0.0,0.1731,0.0058,0.1749,0.347,0.0,2.45
TRD30006572,ORD20003643,C100142,2026-09-30,2914.55,0.8744,0.0,0.0866,0.0029,0.0874,0.1735,0.0,1.22
TRD30006573,ORD20000687,C100047,2026-09-30,31544.1,0.0,31.5441,0.9369,0.0315,4.7316,0.1743,0.0,37.42
TRD30006574,ORD20000687,C100047,2026-09-30,22781.85,0.0,22.7818,0.6766,0.0228,3.4173,0.1259,0.0,27.02
TRD30006575,ORD20000687,C100047,2026-09-30,36801.45,0.0,36.8014,1.093,0.0368,5.5202,0.2034,0.0,43.65
TRD30006576,ORD20004288,C100043,2026-09-30,12676.3,0.0,12.6763,0.3765,0.0127,0.0,0.07,15.34,28.48
TRD30006577,ORD20002532,C100157,2026-09-30,25190.0,7.557,6.2975,0.7481,0.0252,0.0,1.4995,0.0,16.13
TRD30006578,ORD20002532,C100157,2026-09-30,15114.0,4.5342,3.7785,0.4489,0.0151,0.0,0.8997,0.0,9.68
TRD30006579,ORD20002532,C100157,2026-09-30,5038.0,1.5114,1.2595,0.1496,0.005,0.0,0.2999,0.0,3.23
TRD30006580,ORD20002195,C100151,2026-09-30,15003.6,0.0,15.0036,0.4456,0.015,2.2505,0.0829,0.0,17.8
TRD30006581,ORD20002195,C100151,2026-09-30,10002.4,0.0,10.0024,0.2971,0.01,1.5004,0.0553,0.0,11.87
TRD30006582,ORD20002195,C100151,2026-09-30,10002.4,0.0,10.0024,0.2971,0.01,1.5004,0.0553,0.0,11.87
TRD30006583,ORD20000817,C100128,2026-09-30,15104.7,4.5314,0.0,0.4486,0.0151,0.4531,0.8991,0.0,6.35
TRD30006584,ORD20000817,C100128,2026-09-30,20140.8,6.0422,0.0,0.5982,0.0201,0.6042,1.1989,0.0,8.46
TRD30006585,ORD20000817,C100128,2026-09-30,26832.0,8.0496,0.0,0.7969,0.0268,0.805,1.5972,0.0,11.28
TRD30006586,ORD20002906,C100016,2026-09-30,16725.7,0.0,16.7257,0.4968,0.0167,0.0,0.0924,15.34,32.67
TRD30006587,ORD20002906,C100016,2026-09-30,30391.05,0.0,30.391,0.9026,0.0304,0.0,0.1679,0.0,31.49
TRD30006588,ORD20002906,C100016,2026-09-30,22406.85,0.0,22.4068,0.6655,0.0224,0.0,0.1238,0.0,23.22
TRD30006589,ORD20002802,C100042,2026-09-30,23889.6,7.1669,5.9724,0.7095,0.0239,0.0,1.4221,0.0,15.29
TRD30006590,ORD20000409,C100048,2026-09-30,1626.9,0.4881,0.0,0.0483,0.0016,0.0488,0.0968,0.0,0.68
TRD30006591,ORD20000409,C100048,2026-09-30,1626.9,0.4881,0.0,0.0483,0.0016,0.0488,0.0968,0.0,0.68
TRD30006592,ORD20000409,C100048,2026-09-30,1626.9,0.4881,0.0,0.0483,0.0016,0.0488,0.0968,0.0,0.68
TRD30006593,ORD20003198,C100166,2026-09-30,34645.2,10.3936,0.0,1.029,0.0346,1.0394,2.0623,0.0,14.56
TRD30006594,ORD20003198,C100166,2026-09-30,46292.4,13.8877,0.0,1.3749,0.0463,1.3888,2.7556,0.0,19.45
TRD30006595,ORD20003198,C100166,2026-09-30,46241.4,13.8724,0.0,1.3734,0.0462,1.3872,2.7526,0.0,19.43
TRD30006596,ORD20000843,C100018,2026-09-30,2342.6,0.7028,0.5856,0.0696,0.0023,0.0,0.1394,0.0,1.5
TRD30006597,ORD20000843,C100018,2026-09-30,1171.3,0.3514,0.2928,0.0348,0.0012,0.0,0.0697,0.0,0.75
TRD30006598,ORD20000843,C100018,2026-09-30,1171.3,0.3514,0.2928,0.0348,0.0012,0.0,0.0697,0.0,0.75
TRD30006599,ORD20000496,C100044,2026-09-30,3591.2,0.0,3.5912,0.1067,0.0036,0.5387,0.0198,0.0,4.26
TRD30006600,ORD20000496,C100044,2026-09-30,1346.7,0.0,1.3467,0.04,0.0013,0.202,0.0074,0.0,1.6
TRD30006601,ORD20003383,C100046,2026-09-30,9978.85,2.9937,0.0,0.2964,0.01,0.2994,0.594,0.0,4.19
TRD30006602,ORD20003383,C100046,2026-09-30,32741.65,9.8225,0.0,0.9724,0.0327,0.9822,1.949,0.0,13.76
TRD30006603,ORD20002636,C100062,2026-09-30,6956.55,0.0,6.9566,0.2066,0.007,0.0,0.0384,15.34,22.55
TRD30006604,ORD20002667,C100100,2026-09-30,56073.6,0.0,56.0736,1.6654,0.0561,8.411,0.3099,0.0,66.52
TRD30006605,ORD20000477,C100177,2026-09-30,1637.1,0.4911,0.4093,0.0486,0.0016,0.0,0.0975,0.0,1.05
TRD30006606,ORD20000477,C100177,2026-09-30,4915.8,1.4747,1.229,0.146,0.0049,0.0,0.2926,0.0,3.15
TRD30006607,ORD20000477,C100177,2026-09-30,1636.1,0.4908,0.409,0.0486,0.0016,0.0,0.0974,0.0,1.05
TRD30006608,ORD20000125,C100037,2026-09-30,4839.45,1.4518,1.2099,0.1437,0.0048,0.0,0.2881,0.0,3.1
TRD30006609,ORD20000125,C100037,2026-09-30,1613.15,0.4839,0.4033,0.0479,0.0016,0.0,0.096,0.0,1.03
TRD30006610,ORD20000041,C100123,2026-09-30,50848.2,15.2545,0.0,1.5102,0.0508,1.5254,3.0268,0.0,21.37
TRD30006611,ORD20002483,C100038,2026-09-30,8263.75,0.0,8.2638,0.2454,0.0083,1.2396,0.0457,0.0,9.8
TRD30006612,ORD20002483,C100038,2026-09-30,16527.5,0.0,16.5275,0.4909,0.0165,2.4791,0.0913,0.0,19.61
TRD30006613,ORD20002483,C100038,2026-09-30,11569.25,0.0,11.5692,0.3436,0.0116,1.7354,0.0639,0.0,13.72
TRD30006614,ORD20000236,C100065,2026-09-30,10010.7,3.0032,0.0,0.2973,0.01,0.3003,0.5959,0.0,4.21
TRD30006615,ORD20000236,C100065,2026-09-30,3336.9,1.0011,0.0,0.0991,0.0033,0.1001,0.1986,0.0,1.4
TRD30006616,ORD20000236,C100065,2026-09-30,8342.25,2.5027,0.0,0.2478,0.0083,0.2503,0.4966,0.0,3.51
TRD30006617,ORD20000011,C100073,2026-09-30,3286.3,0.0,3.2863,0.0976,0.0033,0.4929,0.0182,0.0,3.9
TRD30006618,ORD20000011,C100073,2026-09-30,19717.8,0.0,19.7178,0.5856,0.0197,2.9577,0.109,0.0,23.39
TRD30006619,ORD20000011,C100073,2026-09-30,4929.45,0.0,4.9294,0.1464,0.0049,0.7394,0.0272,0.0,5.85
TRD30006620,ORD20001483,C100036,2026-09-30,4946.7,0.0,4.9467,0.1469,0.0049,0.742,0.0273,0.0,5.87
TRD30006621,ORD20001389,C100188,2026-09-30,1996.8,0.0,1.9968,0.0593,0.002,0.0,0.011,15.34,17.41
TRD30006622,ORD20001389,C100188,2026-09-30,1996.8,0.0,1.9968,0.0593,0.002,0.0,0.011,0.0,2.07
TRD30006623,ORD20001389,C100188,2026-09-30,998.4,0.0,0.9984,0.0297,0.001,0.0,0.0055,0.0,1.03
TRD30006624,ORD20004460,C100046,2026-09-30,4775.5,1.4326,0.0,0.1418,0.0048,0.1433,0.2843,0.0,2.01
TRD30006625,ORD20004460,C100046,2026-09-30,38204.0,11.4612,0.0,1.1347,0.0382,1.1461,2.2741,0.0,16.05
TRD30006626,ORD20004460,C100046,2026-09-30,21489.75,6.4469,0.0,0.6382,0.0215,0.6447,1.2792,0.0,9.03
TRD30006627,ORD20001979,C100075,2026-09-30,13782.75,4.1348,0.0,0.4093,0.0138,0.4135,0.8204,0.0,5.79
TRD30006628,ORD20004199,C100037,2026-09-30,10716.3,3.2149,2.6791,0.3183,0.0107,0.0,0.6379,0.0,6.86
TRD30006629,ORD20004199,C100037,2026-09-30,3061.8,0.9185,0.7655,0.0909,0.0031,0.0,0.1823,0.0,1.96
TRD30006630,ORD20003459,C100192,2026-09-30,58750.75,17.6252,0.0,1.7449,0.0588,1.7625,3.4972,0.0,24.69
TRD30006631,ORD20001271,C100188,2026-09-30,25787.7,7.7363,6.4469,0.7659,0.0258,0.0,1.535,0.0,16.51
TRD30006632,ORD20001271,C100188,2026-09-30,29608.1,8.8824,7.402,0.8794,0.0296,0.0,1.7625,0.0,18.96
TRD30006633,ORD20003047,C100024,2026-09-30,11148.35,0.0,11.1484,0.3311,0.0111,0.0,0.0616,15.34,26.89
TRD30006634,ORD20003047,C100024,2026-09-30,44593.4,0.0,44.5934,1.3244,0.0446,0.0,0.2464,0.0,46.21
TRD30006635,ORD20003047,C100024,2026-09-30,22296.7,0.0,22.2967,0.6622,0.0223,0.0,0.1232,0.0,23.1
TRD30006636,ORD20000888,C100137,2026-09-30,85464.75,20.0,85.4648,2.5383,0.0855,0.0,4.0723,15.34,127.5
TRD30006637,ORD20004915,C100054,2026-09-30,68256.0,20.0,0.0,2.0272,0.0683,2.0477,3.9772,0.0,28.12
TRD30006638,ORD20001362,C100090,2026-09-30,13137.6,0.0,13.1376,0.3902,0.0131,1.9706,0.0726,0.0,15.58
TRD30006639,ORD20001538,C100165,2026-09-30,2244.35,0.6733,2.2444,0.0667,0.0022,0.3367,0.1336,0.0,3.46
TRD30006642,ORD20000224,C100025,2026-09-30,2390.6,0.7172,0.5976,0.071,0.0024,0.0,0.1423,0.0,1.53
TRD30006643,ORD20000224,C100025,2026-09-30,2390.6,0.7172,0.5976,0.071,0.0024,0.0,0.1423,0.0,1.53
TRD30006640,ORD20004558,C100049,2026-09-30,3187.8,0.9563,0.797,0.0947,0.0032,0.0,0.1898,0.0,2.04
TRD30006641,ORD20004558,C100049,2026-09-30,2732.4,0.8197,0.6831,0.0812,0.0027,0.0,0.1626,0.0,1.75
TRD30006644,ORD20004267,C100086,2026-09-30,11599.95,3.48,2.9,0.3445,0.0116,0.0,0.6905,0.0,7.43
TRD30006645,ORD20001638,C100092,2026-09-30,2927.05,0.8781,0.0,0.0869,0.0029,0.0878,0.1742,0.0,1.23
TRD30006646,ORD20001638,C100092,2026-09-30,2927.05,0.8781,0.0,0.0869,0.0029,0.0878,0.1742,0.0,1.23
TRD30006647,ORD20004598,C100142,2026-09-30,2891.85,0.8676,0.723,0.0859,0.0029,0.0,0.1721,0.0,1.85
TRD30006648,ORD20004598,C100142,2026-09-30,2891.85,0.8676,0.723,0.0859,0.0029,0.0,0.1721,0.0,1.85
TRD30006649,ORD20003035,C100091,2026-09-30,27128.5,8.1385,0.0,0.8057,0.0271,0.8139,1.6149,0.0,11.4
TRD30006650,ORD20004404,C100027,2026-09-30,44076.2,0.0,44.0762,1.3091,0.0441,0.0,0.2436,15.34,61.01
TRD30006651,ORD20004404,C100027,2026-09-30,51946.95,0.0,51.947,1.5428,0.0519,0.0,0.2871,0.0,53.83
TRD30006652,ORD20004404,C100027,2026-09-30,40927.9,0.0,40.9279,1.2156,0.0409,0.0,0.2262,0.0,42.41
TRD30006653,ORD20000971,C100096,2026-09-30,46875.85,14.0628,0.0,1.3922,0.0469,1.4063,2.7903,0.0,19.7
TRD30006654,ORD20002366,C100086,2026-09-30,7799.4,0.0,7.7994,0.2316,0.0078,0.0,0.0431,15.34,23.42
TRD30006655,ORD20004695,C100076,2026-09-30,2720.25,0.8161,0.6801,0.0808,0.0027,0.0,0.1619,0.0,1.74
TRD30006656,ORD20004695,C100076,2026-09-30,1812.7,0.5438,0.4532,0.0538,0.0018,0.0,0.1079,0.0,1.16
TRD30006657,ORD20004371,C100030,2026-09-30,34540.65,10.3622,0.0,1.0259,0.0345,1.0362,2.0561,0.0,14.51
TRD30006658,ORD20004371,C100030,2026-09-30,11486.25,3.4459,0.0,0.3411,0.0115,0.3446,0.6837,0.0,4.83
TRD30006659,ORD20004371,C100030,2026-09-30,11499.75,3.4499,0.0,0.3415,0.0115,0.345,0.6845,0.0,4.83
TRD30006660,ORD20004599,C100006,2026-09-30,51630.4,15.4891,0.0,1.5334,0.0516,1.5489,3.0734,0.0,21.7
TRD30006661,ORD20002871,C100102,2026-09-30,72879.9,20.0,18.22,2.1645,0.0729,0.0,4.0027,0.0,44.46
TRD30006662,ORD20001966,C100079,2026-09-30,22879.0,6.8637,0.0,0.6795,0.0229,0.6864,1.3619,0.0,9.61
TRD30006663,ORD20001966,C100079,2026-09-30,17159.25,5.1478,0.0,0.5096,0.0172,0.5148,1.0214,0.0,7.21
TRD30006665,ORD20001143,C100109,2026-09-30,6195.0,1.8585,1.5488,0.184,0.0062,0.0,0.3688,0.0,3.97
TRD30006666,ORD20001143,C100109,2026-09-30,8673.0,2.6019,2.1682,0.2576,0.0087,0.0,0.5163,0.0,5.55
TRD30006664,ORD20000758,C100091,2026-09-30,132099.0,20.0,33.0248,3.9233,0.1321,0.0,4.33,0.0,61.41
TRD30006667,ORD20001143,C100109,2026-09-30,1239.0,0.3717,0.3098,0.0368,0.0012,0.0,0.0738,0.0,0.79
TRD30006668,ORD20001893,C100039,2026-09-30,4006.05,0.0,4.006,0.119,0.004,0.0,0.0221,15.34,19.49
TRD30006669,ORD20001473,C100060,2026-09-30,35495.25,10.6486,8.8738,1.0542,0.0355,0.0,2.1129,0.0,22.72
TRD30006670,ORD20002788,C100159,2026-09-30,1781.0,0.5343,0.0,0.0529,0.0018,0.0534,0.106,0.0,0.75
TRD30006671,ORD20002788,C100159,2026-09-30,712.4,0.2137,0.0,0.0212,0.0007,0.0214,0.0424,0.0,0.3
TRD30006672,ORD20002788,C100159,2026-09-30,356.7,0.107,0.0,0.0106,0.0004,0.0107,0.0212,0.0,0.15
TRD30006673,ORD20004660,C100147,2026-09-30,1634.95,0.4905,0.4087,0.0486,0.0016,0.0,0.0973,0.0,1.05
TRD30006674,ORD20004660,C100147,2026-09-30,24524.25,7.3573,6.1311,0.7284,0.0245,0.0,1.4598,0.0,15.7
TRD30006675,ORD20002157,C100024,2026-09-30,2791.6,0.8375,0.0,0.0829,0.0028,0.0837,0.1662,0.0,1.17
TRD30006676,ORD20002157,C100024,2026-09-30,8371.05,2.5113,0.0,0.2486,0.0084,0.2511,0.4983,0.0,3.52
TRD30006677,ORD20004350,C100169,2026-09-30,88064.0,20.0,0.0,2.6155,0.0881,2.6419,4.0866,0.0,29.43
TRD30006678,ORD20004350,C100169,2026-09-30,42656.0,12.7968,0.0,1.2669,0.0427,1.2797,2.5391,0.0,17.93
TRD30006679,ORD20001760,C100147,2026-09-30,43414.8,13.0244,10.8537,1.2894,0.0434,0.0,2.5843,0.0,27.8
TRD30006680,ORD20003313,C100195,2026-09-30,4711.5,1.4134,0.0,0.1399,0.0047,0.1413,0.2805,0.0,1.98
TRD30006681,ORD20003313,C100195,2026-09-30,23819.25,7.1458,0.0,0.7074,0.0238,0.7146,1.4179,0.0,10.01
TRD30006682,ORD20003313,C100195,2026-09-30,37692.0,11.3076,0.0,1.1195,0.0377,1.1308,2.2437,0.0,15.84
TRD30006683,ORD20004422,C100029,2026-09-30,6000.15,1.8,0.0,0.1782,0.006,0.18,0.3572,0.0,2.52
TRD30006684,ORD20000880,C100156,2026-09-30,26233.35,7.87,6.5583,0.7791,0.0262,0.0,1.5616,0.0,16.8
TRD30006685,ORD20000880,C100156,2026-09-30,26216.85,7.8651,6.5542,0.7786,0.0262,0.0,1.5606,0.0,16.78
TRD30006686,ORD20003032,C100039,2026-09-30,2268.8,0.6806,0.5672,0.0674,0.0023,0.0,0.1351,0.0,1.45
TRD30006687,ORD20003032,C100039,2026-09-30,2268.8,0.6806,0.5672,0.0674,0.0023,0.0,0.1351,0.0,1.45
TRD30006688,ORD20004910,C100098,2026-09-30,142315.5,0.0,142.3155,4.2268,0.1423,0.0,0.7864,15.34,162.81
TRD30006689,ORD20003358,C100070,2026-09-30,11874.0,0.0,11.874,0.3527,0.0119,0.0,0.0656,15.34,27.64
TRD30006690,ORD20003358,C100070,2026-09-30,18998.4,0.0,18.9984,0.5643,0.019,0.0,0.105,0.0,19.69
TRD30006691,ORD20004616,C100152,2026-09-30,49200.6,14.7602,12.3002,1.4613,0.0492,0.0,2.9287,0.0,31.5
TRD30006692,ORD20004616,C100152,2026-09-30,12300.4,3.6901,3.0751,0.3653,0.0123,0.0,0.7322,0.0,7.88
TRD30006693,ORD20001817,C100106,2026-09-30,8542.4,0.0,8.5424,0.2537,0.0085,0.0,0.0472,15.34,24.19
TRD30006694,ORD20001817,C100106,2026-09-30,81152.8,0.0,81.1528,2.4102,0.0812,0.0,0.4485,0.0,84.09
TRD30006695,ORD20001817,C100106,2026-09-30,533.9,0.0,0.5339,0.0159,0.0005,0.0,0.003,0.0,0.55
TRD30006696,ORD20003385,C100197,2026-09-30,141264.8,0.0,141.2648,4.1956,0.1413,0.0,0.7806,15.34,161.72
TRD30006697,ORD20001339,C100057,2026-09-30,40273.75,12.0821,40.2738,1.1961,0.0403,0.0,2.3973,15.34,71.33
TRD30006698,ORD20001142,C100067,2026-09-30,4553.9,0.0,4.5539,0.1353,0.0046,0.0,0.0252,15.34,20.06
TRD30006699,ORD20002130,C100149,2026-09-30,22932.15,6.8796,5.733,0.6811,0.0229,0.0,1.3651,0.0,14.68
TRD30006700,ORD20002130,C100149,2026-09-30,899.3,0.2698,0.2248,0.0267,0.0009,0.0,0.0535,0.0,0.58
TRD30006701,ORD20004128,C100082,2026-09-30,12058.8,3.6176,3.0147,0.3581,0.0121,0.0,0.7178,0.0,7.72
TRD30006702,ORD20002758,C100184,2026-09-30,2863.65,0.8591,0.0,0.0851,0.0029,0.0859,0.1705,0.0,1.2
TRD30006703,ORD20002758,C100184,2026-09-30,2863.65,0.8591,0.0,0.0851,0.0029,0.0859,0.1705,0.0,1.2
TRD30006704,ORD20002448,C100095,2026-09-30,51560.9,0.0,51.5609,1.5314,0.0516,7.7341,0.2849,0.0,61.16
TRD30006705,ORD20002448,C100095,2026-09-30,42751.5,0.0,42.7515,1.2697,0.0428,6.4127,0.2362,0.0,50.71
TRD30006706,ORD20002911,C100070,2026-09-30,48208.8,14.4626,12.0522,1.4318,0.0482,0.0,2.8697,0.0,30.86
TRD30006707,ORD20002911,C100070,2026-09-30,1004.35,0.3013,0.2511,0.0298,0.001,0.0,0.0598,0.0,0.64
TRD30006708,ORD20002911,C100070,2026-09-30,3013.05,0.9039,0.7533,0.0895,0.003,0.0,0.1794,0.0,1.93
TRD30006709,ORD20002618,C100035,2026-09-30,26664.55,7.9994,0.0,0.7919,0.0267,0.7999,1.5872,0.0,11.21
TRD30006710,ORD20001361,C100002,2026-09-30,12691.0,0.0,12.691,0.3769,0.0127,0.0,0.0701,15.34,28.49
TRD30006711,ORD20001361,C100002,2026-09-30,75239.5,0.0,75.2395,2.2346,0.0752,0.0,0.4158,0.0,77.97
TRD30006712,ORD20004439,C100100,2026-09-30,24664.4,7.3993,0.0,0.7325,0.0247,0.7399,1.4682,0.0,10.36
TRD30006713,ORD20004506,C100095,2026-09-30,3038.75,0.9116,0.0,0.0903,0.003,0.0912,0.1809,0.0,1.28
TRD30006714,ORD20000303,C100156,2026-09-30,2436.7,0.0,2.4367,0.0724,0.0024,0.0,0.0135,15.34,17.87
TRD30006715,ORD20004198,C100152,2026-09-30,3281.3,0.9844,0.0,0.0975,0.0033,0.0984,0.1953,0.0,1.38
TRD30006716,ORD20002007,C100013,2026-09-30,14190.25,4.2571,3.5476,0.4215,0.0142,0.0,0.8447,0.0,9.09
TRD30006717,ORD20002007,C100013,2026-09-30,45527.2,13.6582,11.3818,1.3522,0.0455,0.0,2.7101,0.0,29.15
TRD30006718,ORD20002454,C100016,2026-09-30,5797.3,1.7392,0.0,0.1722,0.0058,0.1739,0.3451,0.0,2.44
TRD30006719,ORD20001721,C100178,2026-09-30,1676.6,0.0,1.6766,0.0498,0.0017,0.0,0.0093,15.34,17.08
TRD30006720,ORD20004920,C100015,2026-09-30,2496.7,0.749,0.6242,0.0742,0.0025,0.0,0.1486,0.0,1.6
TRD30006721,ORD20003747,C100149,2026-09-30,7848.9,2.3547,0.0,0.2331,0.0078,0.2355,0.4672,0.0,3.3
TRD30006722,ORD20001882,C100140,2026-09-30,47844.8,14.3534,11.9612,1.421,0.0478,0.0,2.848,0.0,30.63
TRD30006723,ORD20001882,C100140,2026-09-30,19700.8,5.9102,4.9252,0.5851,0.0197,0.0,1.1727,0.0,12.61
TRD30006724,ORD20001882,C100140,2026-09-30,25329.6,7.5989,6.3324,0.7523,0.0253,0.0,1.5078,0.0,16.22
TRD30006725,ORD20003842,C100002,2026-09-30,8554.65,2.5664,2.1387,0.2541,0.0086,0.0,0.5092,0.0,5.48
TRD30006726,ORD20003842,C100002,2026-09-30,8564.7,2.5694,2.1412,0.2544,0.0086,0.0,0.5098,0.0,5.48
TRD30006727,ORD20004494,C100077,2026-09-30,2943.95,0.0,2.944,0.0874,0.0029,0.4416,0.0163,0.0,3.49
TRD30006728,ORD20004494,C100077,2026-09-30,2943.95,0.0,2.944,0.0874,0.0029,0.4416,0.0163,0.0,3.49
TRD30006729,ORD20004494,C100077,2026-09-30,14719.75,0.0,14.7198,0.4372,0.0147,2.208,0.0813,0.0,17.46
TRD30006730,ORD20000783,C100051,2026-09-30,12461.65,3.7385,0.0,0.3701,0.0125,0.3738,0.7418,0.0,5.24
TRD30006731,ORD20001131,C100014,2026-09-30,54971.4,0.0,54.9714,1.6327,0.055,0.0,0.3038,15.34,72.3
TRD30006732,ORD20001754,C100068,2026-09-30,1932.7,0.0,1.9327,0.0574,0.0019,0.2899,0.0107,0.0,2.29
TRD30006733,ORD20000481,C100080,2026-09-30,48112.35,14.4337,0.0,1.4289,0.0481,1.4434,2.8639,0.0,20.22
TRD30006734,ORD20000444,C100100,2026-09-30,941.05,0.0,0.941,0.0279,0.0009,0.0,0.0052,15.34,16.32
TRD30006735,ORD20000444,C100100,2026-09-30,2823.15,0.0,2.8232,0.0838,0.0028,0.0,0.0156,0.0,2.93
TRD30006737,ORD20004151,C100157,2026-09-30,86663.6,20.0,0.0,2.5739,0.0867,2.5999,4.0789,0.0,29.34
TRD30006736,ORD20000444,C100100,2026-09-30,2823.15,0.0,2.8232,0.0838,0.0028,0.0,0.0156,0.0,2.93
TRD30006738,ORD20000563,C100017,2026-09-30,11802.35,0.0,11.8024,0.3505,0.0118,0.0,0.0652,15.34,27.57
TRD30006739,ORD20001592,C100013,2026-09-30,9933.2,2.98,0.0,0.295,0.0099,0.298,0.5913,0.0,4.17
TRD30006740,ORD20001592,C100013,2026-09-30,1829.8,0.5489,0.0,0.0543,0.0018,0.0549,0.1089,0.0,0.77
TRD30006741,ORD20001592,C100013,2026-09-30,15161.2,4.5484,0.0,0.4503,0.0152,0.4548,0.9025,0.0,6.37
TRD30006742,ORD20004292,C100158,2026-09-30,24430.5,7.3292,6.1076,0.7256,0.0244,0.0,1.4542,0.0,15.64
TRD30006743,ORD20004292,C100158,2026-09-30,75734.55,20.0,18.9336,2.2493,0.0757,0.0,4.0185,0.0,45.28
TRD30006744,ORD20004658,C100169,2026-09-30,11841.6,3.5525,0.0,0.3517,0.0118,0.3552,0.7049,0.0,4.98
TRD30006745,ORD20004658,C100169,2026-09-30,5920.4,1.7761,0.0,0.1758,0.0059,0.1776,0.3524,0.0,2.49
TRD30006746,ORD20004658,C100169,2026-09-30,5917.2,1.7752,0.0,0.1757,0.0059,0.1775,0.3522,0.0,2.49
TRD30006747,ORD20004630,C100177,2026-09-30,1507.2,0.0,1.5072,0.0448,0.0015,0.0,0.0083,15.34,16.9
TRD30006748,ORD20004630,C100177,2026-09-30,1507.7,0.0,1.5077,0.0448,0.0015,0.0,0.0083,0.0,1.56
TRD30006749,ORD20004630,C100177,2026-09-30,1508.0,0.0,1.508,0.0448,0.0015,0.0,0.0083,0.0,1.56
TRD30006750,ORD20001491,C100069,2026-09-30,13281.6,3.9845,3.3204,0.3945,0.0133,0.0,0.7906,0.0,8.5
TRD30006751,ORD20001669,C100082,2026-09-30,43045.2,12.9136,10.7613,1.2784,0.043,0.0,2.5623,0.0,27.56
TRD30006752,ORD20001669,C100082,2026-09-30,12174.4,3.6523,3.0436,0.3616,0.0122,0.0,0.7247,0.0,7.79
TRD30006753,ORD20001669,C100082,2026-09-30,43045.2,12.9136,10.7613,1.2784,0.043,0.0,2.5623,0.0,27.56
TRD30006754,ORD20001492,C100060,2026-09-30,26662.9,7.9989,0.0,0.7919,0.0267,0.7999,1.5871,0.0,11.2
TRD30006755,ORD20001492,C100060,2026-09-30,37570.45,11.2711,0.0,1.1158,0.0376,1.1271,2.2364,0.0,15.79
TRD30006756,ORD20000657,C100061,2026-09-30,22680.4,0.0,22.6804,0.6736,0.0227,0.0,0.1253,15.34,38.84
TRD30006757,ORD20000657,C100061,2026-09-30,25531.65,0.0,25.5317,0.7583,0.0255,0.0,0.1411,0.0,26.46
TRD30006758,ORD20003528,C100115,2026-09-30,2406.7,0.722,0.0,0.0715,0.0024,0.0722,0.1433,0.0,1.01
TRD30006759,ORD20003528,C100115,2026-09-30,4813.4,1.444,0.0,0.143,0.0048,0.1444,0.2865,0.0,2.02
TRD30006760,ORD20003528,C100115,2026-09-30,9626.8,2.888,0.0,0.2859,0.0096,0.2888,0.573,0.0,4.05
TRD30006761,ORD20000922,C100065,2026-09-30,12941.25,3.8824,0.0,0.3844,0.0129,0.3882,0.7703,0.0,5.44
TRD30006762,ORD20002254,C100059,2026-09-30,10457.55,0.0,10.4576,0.3106,0.0105,1.5686,0.0578,0.0,12.41
TRD30006763,ORD20002254,C100059,2026-09-30,13943.4,0.0,13.9434,0.4141,0.0139,2.0915,0.0771,0.0,16.54
TRD30006764,ORD20003872,C100028,2026-09-30,9722.6,0.0,9.7226,0.2888,0.0097,0.0,0.0537,15.34,25.41
TRD30006765,ORD20003872,C100028,2026-09-30,17032.4,0.0,17.0324,0.5059,0.017,0.0,0.0941,0.0,17.65
TRD30006766,ORD20000416,C100073,2026-09-30,18992.5,0.0,18.9925,0.5641,0.019,2.8489,0.105,0.0,22.53
TRD30006767,ORD20001493,C100143,2026-09-30,17606.1,0.0,17.6061,0.5229,0.0176,2.6409,0.0973,0.0,20.88
TRD30006768,ORD20001493,C100143,2026-09-30,26409.15,0.0,26.4092,0.7844,0.0264,3.9614,0.1459,0.0,31.33
TRD30006769,ORD20001493,C100143,2026-09-30,5868.7,0.0,5.8687,0.1743,0.0059,0.8803,0.0324,0.0,6.96
TRD30006770,ORD20003254,C100198,2026-09-30,4504.0,1.3512,0.0,0.1338,0.0045,0.1351,0.2681,0.0,1.89
TRD30006771,ORD20003254,C100198,2026-09-30,13061.6,3.9185,0.0,0.3879,0.0131,0.3918,0.7775,0.0,5.49
TRD30006772,ORD20003254,C100198,2026-09-30,21619.2,6.4858,0.0,0.6421,0.0216,0.6486,1.2869,0.0,9.09
TRD30006773,ORD20001205,C100164,2026-09-30,26380.35,7.9141,0.0,0.7835,0.0264,0.7914,1.5703,0.0,11.09
TRD30006774,ORD20001205,C100164,2026-09-30,8793.45,2.638,0.0,0.2612,0.0088,0.2638,0.5234,0.0,3.7
TRD30006775,ORD20003884,C100032,2026-09-30,48019.95,14.406,0.0,1.4262,0.048,1.4406,2.8584,0.0,20.18
TRD30006776,ORD20003884,C100032,2026-09-30,8718.3,2.6155,0.0,0.2589,0.0087,0.2615,0.519,0.0,3.66
TRD30006777,ORD20004318,C100193,2026-09-30,1634.5,0.4903,0.4086,0.0485,0.0016,0.0,0.0973,0.0,1.05
TRD30006778,ORD20002530,C100160,2026-09-30,22995.0,0.0,22.995,0.683,0.023,0.0,0.1271,15.34,39.17
TRD30006779,ORD20002530,C100160,2026-09-30,7665.0,0.0,7.665,0.2277,0.0077,0.0,0.0424,0.0,7.94
TRD30006780,ORD20002530,C100160,2026-09-30,49822.5,0.0,49.8225,1.4797,0.0498,0.0,0.2753,0.0,51.63
TRD30006781,ORD20004491,C100096,2026-09-30,12383.0,3.7149,3.0958,0.3678,0.0124,0.0,0.7371,0.0,7.93
TRD30006782,ORD20000148,C100060,2026-09-30,44343.65,13.3031,11.0859,1.317,0.0443,0.0,2.6396,0.0,28.39
TRD30006783,ORD20000148,C100060,2026-09-30,20466.3,6.1399,5.1166,0.6078,0.0205,0.0,1.2183,0.0,13.1
TRD30006784,ORD20003756,C100167,2026-09-30,1554.3,0.4663,0.0,0.0462,0.0016,0.0466,0.0925,0.0,0.65
TRD30006785,ORD20003756,C100167,2026-09-30,27977.4,8.3932,0.0,0.8309,0.028,0.8393,1.6654,0.0,11.76
TRD30006786,ORD20003805,C100022,2026-09-30,4837.05,1.4511,0.0,0.1437,0.0048,0.1451,0.2879,0.0,2.03
TRD30006787,ORD20003805,C100022,2026-09-30,1612.35,0.4837,0.0,0.0479,0.0016,0.0484,0.096,0.0,0.68
TRD30006788,ORD20003805,C100022,2026-09-30,4837.05,1.4511,0.0,0.1437,0.0048,0.1451,0.2879,0.0,2.03
TRD30006789,ORD20001699,C100112,2026-09-30,1809.3,0.5428,0.0,0.0537,0.0018,0.0543,0.1077,0.0,0.76
TRD30006790,ORD20001699,C100112,2026-09-30,9046.5,2.7139,0.0,0.2687,0.009,0.2714,0.5385,0.0,3.8
TRD30006791,ORD20001699,C100112,2026-09-30,7237.2,2.1712,0.0,0.2149,0.0072,0.2171,0.4308,0.0,3.04
TRD30006792,ORD20001825,C100193,2026-09-30,34037.5,0.0,34.0375,1.0109,0.034,0.0,0.1881,15.34,50.61
TRD30006793,ORD20001825,C100193,2026-09-30,22367.5,0.0,22.3675,0.6643,0.0224,0.0,0.1236,0.0,23.18
TRD30006794,ORD20003179,C100041,2026-09-30,54545.6,16.3637,0.0,1.62,0.0545,1.6364,3.2469,0.0,22.92
TRD30006795,ORD20000250,C100161,2026-09-30,14848.0,4.4544,3.712,0.441,0.0148,0.0,0.8838,0.0,9.51
TRD30006796,ORD20000250,C100161,2026-09-30,14848.0,4.4544,3.712,0.441,0.0148,0.0,0.8838,0.0,9.51
TRD30006797,ORD20000250,C100161,2026-09-30,5939.2,1.7818,1.4848,0.1764,0.0059,0.0,0.3535,0.0,3.8
TRD30006798,ORD20000242,C100123,2026-09-30,453.35,0.0,0.4534,0.0135,0.0005,0.0,0.0025,15.34,15.81
TRD30006799,ORD20000242,C100123,2026-09-30,13600.5,0.0,13.6005,0.4039,0.0136,0.0,0.0752,0.0,14.09
TRD30006800,ORD20002206,C100167,2026-09-30,52522.8,15.7568,13.1307,1.5599,0.0525,0.0,3.1265,0.0,33.63
TRD30006801,ORD20003162,C100024,2026-09-30,11983.2,0.0,11.9832,0.3559,0.012,1.7975,0.0662,0.0,14.21
TRD30006802,ORD20004174,C100085,2026-10-01,2894.0,0.8682,0.7235,0.086,0.0029,0.0,0.1723,0.0,1.85
TRD30006803,ORD20004174,C100085,2026-10-01,5788.0,1.7364,1.447,0.1719,0.0058,0.0,0.3445,0.0,3.71
TRD30006804,ORD20004174,C100085,2026-10-01,34728.0,10.4184,8.682,1.0314,0.0347,0.0,2.0672,0.0,22.23
TRD30006805,ORD20002233,C100054,2026-10-01,15523.2,4.657,0.0,0.461,0.0155,0.4657,0.924,0.0,6.52
TRD30006806,ORD20002233,C100054,2026-10-01,9055.2,2.7166,0.0,0.2689,0.0091,0.2717,0.539,0.0,3.81
TRD30006807,ORD20002233,C100054,2026-10-01,1293.6,0.3881,0.0,0.0384,0.0013,0.0388,0.077,0.0,0.54
TRD30006808,ORD20001210,C100121,2026-10-01,3561.5,0.0,3.5615,0.1058,0.0036,0.5342,0.0197,0.0,4.22
TRD30006809,ORD20001210,C100121,2026-10-01,46299.5,0.0,46.2995,1.3751,0.0463,6.9449,0.2559,0.0,54.92
TRD30006810,ORD20001210,C100121,2026-10-01,12465.25,0.0,12.4653,0.3702,0.0125,1.8698,0.0689,0.0,14.79
TRD30006811,ORD20004771,C100049,2026-10-01,14141.4,0.0,14.1414,0.42,0.0141,0.0,0.0781,15.34,29.99
TRD30006812,ORD20004771,C100049,2026-10-01,2356.9,0.0,2.3569,0.07,0.0024,0.0,0.013,0.0,2.44
TRD30006813,ORD20002815,C100006,2026-10-01,4066.95,1.2201,0.0,0.1208,0.0041,0.122,0.2421,0.0,1.71
TRD30006814,ORD20002601,C100114,2026-10-01,2882.65,0.0,2.8826,0.0856,0.0029,0.0,0.0159,15.34,18.33
TRD30006815,ORD20002203,C100107,2026-10-01,1620.65,0.0,1.6207,0.0481,0.0016,0.0,0.009,15.34,17.02
TRD30006816,ORD20000292,C100098,2026-10-01,7045.6,2.1137,1.7614,0.2093,0.007,0.0,0.4194,0.0,4.51
TRD30006817,ORD20000292,C100098,2026-10-01,2642.1,0.7926,0.6605,0.0785,0.0026,0.0,0.1573,0.0,1.69
TRD30006818,ORD20000292,C100098,2026-10-01,440.35,0.1321,0.1101,0.0131,0.0004,0.0,0.0262,0.0,0.28
TRD30006819,ORD20000791,C100043,2026-10-01,14259.0,4.2777,3.5648,0.4235,0.0143,0.0,0.8488,0.0,9.13
TRD30006820,ORD20000791,C100043,2026-10-01,4753.0,1.4259,1.1882,0.1412,0.0048,0.0,0.2829,0.0,3.04
TRD30006821,ORD20003362,C100022,2026-10-01,11697.65,3.5093,0.0,0.3474,0.0117,0.3509,0.6963,0.0,4.92
TRD30006822,ORD20001112,C100137,2026-10-01,2347.75,0.7043,2.3478,0.0697,0.0023,0.0,0.1398,15.34,18.6
TRD30006823,ORD20004821,C100090,2026-10-01,53634.15,16.0902,13.4085,1.5929,0.0536,0.0,3.1926,0.0,34.34
TRD30006824,ORD20001716,C100075,2026-10-01,117066.15,0.0,117.0662,3.4769,0.1171,17.5599,0.6469,0.0,138.87
TRD30006825,ORD20000187,C100195,2026-10-01,45178.0,0.0,45.178,1.3418,0.0452,0.0,0.2497,15.34,62.15
TRD30006826,ORD20000187,C100195,2026-10-01,922.0,0.0,0.922,0.0274,0.0009,0.0,0.0051,0.0,0.96
TRD30006827,ORD20001905,C100059,2026-10-01,3860.5,1.1581,0.9651,0.1147,0.0039,0.0,0.2298,0.0,2.47
TRD30006828,ORD20001905,C100059,2026-10-01,3859.6,1.1579,0.9649,0.1146,0.0039,0.0,0.2297,0.0,2.47
TRD30006829,ORD20004523,C100044,2026-10-01,10210.65,0.0,10.2106,0.3033,0.0102,1.5316,0.0564,0.0,12.11
TRD30006830,ORD20004523,C100044,2026-10-01,23824.85,0.0,23.8248,0.7076,0.0238,3.5737,0.1317,0.0,28.26
TRD30006831,ORD20004523,C100044,2026-10-01,13614.2,0.0,13.6142,0.4043,0.0136,2.0421,0.0752,0.0,16.15
TRD30006832,ORD20001591,C100154,2026-10-01,442.1,0.0,0.4421,0.0131,0.0004,0.0,0.0024,15.34,15.8
TRD30006833,ORD20001591,C100154,2026-10-01,5747.3,0.0,5.7473,0.1707,0.0057,0.0,0.0318,0.0,5.96
TRD30006834,ORD20001486,C100074,2026-10-01,7256.45,0.0,7.2564,0.2155,0.0073,0.0,0.0401,15.34,22.86
TRD30006835,ORD20003168,C100051,2026-10-01,4020.45,1.2061,0.0,0.1194,0.004,0.1206,0.2393,0.0,1.69
TRD30006836,ORD20003854,C100065,2026-10-01,16783.55,5.0351,0.0,0.4985,0.0168,0.5035,0.9991,0.0,7.05
TRD30006837,ORD20003854,C100065,2026-10-01,40742.2,12.2227,0.0,1.21,0.0407,1.2223,2.4252,0.0,17.12
TRD30006838,ORD20003854,C100065,2026-10-01,4786.2,1.4359,0.0,0.1422,0.0048,0.1436,0.2849,0.0,2.01
TRD30006839,ORD20002726,C100004,2026-10-01,12564.05,0.0,12.564,0.3732,0.0126,0.0,0.0694,15.34,28.36
TRD30006840,ORD20002726,C100004,2026-10-01,62820.25,0.0,62.8202,1.8658,0.0628,0.0,0.3471,0.0,65.1
TRD30006841,ORD20001171,C100142,2026-10-01,1886.5,0.5659,0.4716,0.056,0.0019,0.0,0.1123,0.0,1.21
TRD30006842,ORD20001171,C100142,2026-10-01,4040.25,1.2121,1.0101,0.12,0.004,0.0,0.2405,0.0,2.59
TRD30006843,ORD20001117,C100116,2026-10-01,3948.45,0.0,3.9484,0.1173,0.0039,0.5923,0.0218,0.0,4.68
TRD30006844,ORD20001117,C100116,2026-10-01,142582.55,0.0,142.5826,4.2347,0.1426,21.3874,0.7879,0.0,169.14
TRD30006845,ORD20004746,C100179,2026-10-01,3912.75,1.1738,0.0,0.1162,0.0039,0.1174,0.2329,0.0,1.64
TRD30006846,ORD20004746,C100179,2026-10-01,3043.25,0.913,0.0,0.0904,0.003,0.0913,0.1812,0.0,1.28
TRD30006847,ORD20002052,C100012,2026-10-01,3040.3,0.9121,0.7601,0.0903,0.003,0.0,0.181,0.0,1.95
TRD30006848,ORD20002052,C100012,2026-10-01,3040.3,0.9121,0.7601,0.0903,0.003,0.0,0.181,0.0,1.95
TRD30006849,ORD20002390,C100028,2026-10-01,2837.0,0.8511,0.0,0.0843,0.0028,0.0851,0.1689,0.0,1.19
TRD30006850,ORD20002390,C100028,2026-10-01,2837.0,0.8511,0.0,0.0843,0.0028,0.0851,0.1689,0.0,1.19
TRD30006851,ORD20002853,C100168,2026-10-01,16857.4,0.0,16.8574,0.5007,0.0169,2.5286,0.0932,0.0,20.0
TRD30006852,ORD20002853,C100168,2026-10-01,16832.55,0.0,16.8326,0.4999,0.0168,2.5249,0.093,0.0,19.97
TRD30006853,ORD20002853,C100168,2026-10-01,26502.3,0.0,26.5023,0.7871,0.0265,3.9753,0.1465,0.0,31.44
TRD30006854,ORD20002645,C100098,2026-10-01,24343.4,7.303,6.0859,0.723,0.0243,0.0,1.4491,0.0,15.59
TRD30006855,ORD20000137,C100166,2026-10-01,11807.5,0.0,11.8075,0.3507,0.0118,0.0,0.0652,15.34,27.58
TRD30006856,ORD20001520,C100059,2026-10-01,1677.8,0.0,1.6778,0.0498,0.0017,0.0,0.0093,15.34,17.08
TRD30006857,ORD20001520,C100059,2026-10-01,1676.15,0.0,1.6762,0.0498,0.0017,0.0,0.0093,0.0,1.74
TRD30006858,ORD20003121,C100029,2026-10-01,101168.5,20.0,25.2921,3.0047,0.1012,0.0,4.1591,0.0,52.56
TRD30006859,ORD20002139,C100194,2026-10-01,41554.8,0.0,41.5548,1.2342,0.0416,6.2332,0.2296,0.0,49.29
TRD30006860,ORD20002139,C100194,2026-10-01,32558.4,0.0,32.5584,0.967,0.0326,4.8838,0.1799,0.0,38.62
TRD30006861,ORD20002139,C100194,2026-10-01,37270.8,0.0,37.2708,1.1069,0.0373,5.5906,0.206,0.0,44.21
TRD30006862,ORD20001714,C100013,2026-10-01,7490.7,2.2472,1.8727,0.2225,0.0075,0.0,0.4459,0.0,4.8
TRD30006863,ORD20000932,C100010,2026-10-01,2975.8,0.8927,0.744,0.0884,0.003,0.0,0.1771,0.0,1.91
TRD30006864,ORD20000932,C100010,2026-10-01,2975.8,0.8927,0.744,0.0884,0.003,0.0,0.1771,0.0,1.91
TRD30006865,ORD20000932,C100010,2026-10-01,2975.8,0.8927,0.744,0.0884,0.003,0.0,0.1771,0.0,1.91
TRD30006866,ORD20002024,C100153,2026-10-01,23441.2,7.0324,0.0,0.6962,0.0234,0.7032,1.3954,0.0,9.85
TRD30006867,ORD20002024,C100153,2026-10-01,5860.3,1.7581,0.0,0.1741,0.0059,0.1758,0.3488,0.0,2.46
TRD30006868,ORD20001919,C100151,2026-10-01,9421.5,0.0,9.4215,0.2798,0.0094,0.0,0.0521,15.34,25.1
TRD30006869,ORD20000610,C100038,2026-10-01,11520.65,0.0,11.5206,0.3422,0.0115,1.7281,0.0637,0.0,13.67
TRD30006870,ORD20002042,C100019,2026-10-01,37228.75,11.1686,37.2288,1.1057,0.0372,0.0,2.2161,15.34,67.1
TRD30006871,ORD20003928,C100184,2026-10-01,1142.65,0.3428,0.2857,0.0339,0.0011,0.0,0.068,0.0,0.73
TRD30006872,ORD20003928,C100184,2026-10-01,2285.3,0.6856,0.5713,0.0679,0.0023,0.0,0.136,0.0,1.46
TRD30006873,ORD20003928,C100184,2026-10-01,4570.6,1.3712,1.1427,0.1357,0.0046,0.0,0.2721,0.0,2.93
TRD30006874,ORD20003938,C100161,2026-10-01,3047.3,0.9142,0.0,0.0905,0.003,0.0914,0.1814,0.0,1.28
TRD30006875,ORD20002650,C100121,2026-10-01,111678.0,0.0,111.678,3.3168,0.1117,0.0,0.6171,15.34,131.06
TRD30006876,ORD20004451,C100096,2026-10-01,2850.95,0.8553,0.0,0.0847,0.0029,0.0855,0.1697,0.0,1.2
TRD30006877,ORD20004451,C100096,2026-10-01,5701.9,1.7106,0.0,0.1693,0.0057,0.1711,0.3394,0.0,2.4
TRD30006878,ORD20004451,C100096,2026-10-01,2850.95,0.8553,0.0,0.0847,0.0029,0.0855,0.1697,0.0,1.2
TRD30006879,ORD20001689,C100163,2026-10-01,63874.8,19.1624,15.9687,1.8971,0.0639,0.0,3.8022,0.0,40.89
TRD30006880,ORD20001780,C100089,2026-10-01,12487.2,0.0,12.4872,0.3709,0.0125,1.8731,0.069,0.0,14.81
TRD30006881,ORD20004555,C100192,2026-10-01,5449.5,0.0,5.4495,0.1619,0.0054,0.8174,0.0301,0.0,6.46
TRD30006882,ORD20000363,C100152,2026-10-01,5298.15,0.0,5.2982,0.1574,0.0053,0.7947,0.0293,0.0,6.28
TRD30006883,ORD20000723,C100127,2026-10-01,12385.45,3.7156,3.0964,0.3678,0.0124,0.0,0.7373,0.0,7.93
TRD30006884,ORD20004524,C100088,2026-10-01,143889.2,0.0,143.8892,4.2735,0.1439,0.0,0.7951,15.34,164.44
TRD30006885,ORD20002647,C100161,2026-10-01,3277.65,0.0,3.2776,0.0973,0.0033,0.4916,0.0181,0.0,3.89
TRD30006886,ORD20002960,C100121,2026-10-01,12638.2,0.0,12.6382,0.3754,0.0126,1.8957,0.0698,0.0,14.99
TRD30006887,ORD20002658,C100113,2026-10-01,7143.6,2.1431,1.7859,0.2122,0.0071,0.0,0.4252,0.0,4.57
TRD30006888,ORD20002658,C100113,2026-10-01,67864.2,20.0,16.966,2.0156,0.0679,0.0,3.975,0.0,43.02
TRD30006889,ORD20002658,C100113,2026-10-01,8036.55,2.411,2.0091,0.2387,0.008,0.0,0.4784,0.0,5.15
TRD30006890,ORD20000487,C100187,2026-10-01,50355.0,0.0,50.355,1.4955,0.0504,7.5532,0.2783,0.0,59.73
TRD30006891,ORD20001350,C100085,2026-10-01,1417.85,0.0,1.4178,0.0421,0.0014,0.2127,0.0078,0.0,1.68
TRD30006892,ORD20001350,C100085,2026-10-01,26923.0,0.0,26.923,0.7996,0.0269,4.0384,0.1488,0.0,31.94
TRD30006893,ORD20001350,C100085,2026-10-01,35418.75,0.0,35.4188,1.0519,0.0354,5.3128,0.1957,0.0,42.01
TRD30006894,ORD20003163,C100134,2026-10-01,57029.35,0.0,57.0294,1.6938,0.057,8.5544,0.3151,0.0,67.65
TRD30006895,ORD20003163,C100134,2026-10-01,15720.25,0.0,15.7202,0.4669,0.0157,2.358,0.0869,0.0,18.65
TRD30006896,ORD20003163,C100134,2026-10-01,1796.4,0.0,1.7964,0.0534,0.0018,0.2695,0.0099,0.0,2.13
TRD30006897,ORD20000945,C100165,2026-10-01,40936.1,12.2808,40.9361,1.2158,0.0409,0.0,2.4368,15.34,72.25
TRD30006898,ORD20003119,C100186,2026-10-01,3200.9,0.0,3.2009,0.0951,0.0032,0.0,0.0177,15.34,18.66
TRD30006899,ORD20000490,C100198,2026-10-01,3375.3,0.0,3.3753,0.1002,0.0034,0.5063,0.0187,0.0,4.0
TRD30006900,ORD20000490,C100198,2026-10-01,47184.9,0.0,47.1849,1.4014,0.0472,7.0777,0.2607,0.0,55.97
TRD30006901,ORD20003096,C100038,2026-10-01,2154.4,0.6463,0.5386,0.064,0.0022,0.0,0.1282,0.0,1.38
TRD30006902,ORD20003096,C100038,2026-10-01,1077.2,0.3232,0.2693,0.032,0.0011,0.0,0.0641,0.0,0.69
TRD30006903,ORD20003096,C100038,2026-10-01,8617.6,2.5853,2.1544,0.2559,0.0086,0.0,0.513,0.0,5.52
TRD30006904,ORD20004137,C100131,2026-10-01,10353.45,3.106,0.0,0.3075,0.0104,0.3106,0.6163,0.0,4.35
TRD30006905,ORD20001075,C100112,2026-10-01,20152.35,6.0457,20.1523,0.5985,0.0202,3.0229,1.1996,0.0,31.04
TRD30006906,ORD20001075,C100112,2026-10-01,24367.35,7.3102,24.3673,0.7237,0.0244,3.6551,1.4505,0.0,37.53
TRD30006907,ORD20001075,C100112,2026-10-01,6010.35,1.8031,6.0104,0.1785,0.006,0.9016,0.3578,0.0,9.26
TRD30006908,ORD20003532,C100087,2026-10-01,14079.2,4.2238,0.0,0.4182,0.0141,0.4224,0.8381,0.0,5.92
TRD30006909,ORD20003532,C100087,2026-10-01,52837.5,15.8512,0.0,1.5693,0.0528,1.5851,3.1452,0.0,22.2
TRD30006910,ORD20003532,C100087,2026-10-01,1761.2,0.5284,0.0,0.0523,0.0018,0.0528,0.1048,0.0,0.74
TRD30006911,ORD20003658,C100131,2026-10-01,30760.2,9.2281,0.0,0.9136,0.0308,0.9228,1.831,0.0,12.93
TRD30006912,ORD20004718,C100017,2026-10-01,4925.0,1.4775,0.0,0.1463,0.0049,0.1478,0.2932,0.0,2.07
TRD30006913,ORD20004718,C100017,2026-10-01,2462.5,0.7387,0.0,0.0731,0.0025,0.0739,0.1466,0.0,1.03
TRD30006914,ORD20002210,C100096,2026-10-01,3158.2,0.0,3.1582,0.0938,0.0032,0.0,0.0175,15.34,18.61
TRD30006915,ORD20002210,C100096,2026-10-01,1579.1,0.0,1.5791,0.0469,0.0016,0.0,0.0087,0.0,1.64
TRD30006916,ORD20004385,C100141,2026-10-01,1653.25,0.496,0.0,0.0491,0.0017,0.0496,0.0984,0.0,0.69
TRD30006917,ORD20004385,C100141,2026-10-01,1650.7,0.4952,0.0,0.049,0.0017,0.0495,0.0983,0.0,0.69
TRD30006918,ORD20004385,C100141,2026-10-01,1652.25,0.4957,0.0,0.0491,0.0017,0.0496,0.0984,0.0,0.69
TRD30006919,ORD20003146,C100066,2026-10-01,2768.5,0.8305,0.6921,0.0822,0.0028,0.0,0.1648,0.0,1.77
TRD30006920,ORD20003146,C100066,2026-10-01,11074.0,3.3222,2.7685,0.3289,0.0111,0.0,0.6592,0.0,7.09
TRD30006921,ORD20003146,C100066,2026-10-01,24916.5,7.475,6.2291,0.74,0.0249,0.0,1.4832,0.0,15.95
TRD30006922,ORD20002816,C100189,2026-10-01,25382.25,0.0,25.3822,0.7539,0.0254,0.0,0.1403,15.34,41.64
TRD30006923,ORD20000104,C100000,2026-10-01,47062.05,0.0,47.0621,1.3977,0.0471,0.0,0.2601,15.34,64.11
TRD30006924,ORD20000104,C100000,2026-10-01,67005.9,0.0,67.0059,1.9901,0.067,0.0,0.3703,0.0,69.43
TRD30006925,ORD20000969,C100103,2026-10-01,6941.65,0.0,6.9416,0.2062,0.0069,1.0412,0.0384,0.0,8.23
TRD30006926,ORD20002506,C100146,2026-10-01,3878.1,1.1634,0.9695,0.1152,0.0039,0.0,0.2308,0.0,2.48
TRD30006927,ORD20002506,C100146,2026-10-01,6027.7,1.8083,1.5069,0.179,0.006,0.0,0.3588,0.0,3.86
TRD30006928,ORD20000412,C100034,2026-10-01,18478.8,5.5436,4.6197,0.5488,0.0185,0.0,1.1,0.0,11.83
TRD30006929,ORD20000412,C100034,2026-10-01,10779.3,3.2338,2.6948,0.3201,0.0108,0.0,0.6416,0.0,6.9
TRD30006930,ORD20004221,C100000,2026-10-01,40865.75,0.0,40.8658,1.2137,0.0409,6.1299,0.2258,0.0,48.48
TRD30006931,ORD20004221,C100000,2026-10-01,50582.4,0.0,50.5824,1.5023,0.0506,7.5874,0.2795,0.0,60.0
TRD30006932,ORD20001558,C100164,2026-10-01,10879.35,3.2638,0.0,0.3231,0.0109,0.3264,0.6476,0.0,4.57
TRD30006933,ORD20001558,C100164,2026-10-01,36014.4,10.8043,0.0,1.0696,0.036,1.0804,2.1438,0.0,15.13
TRD30006934,ORD20001558,C100164,2026-10-01,28886.55,8.666,0.0,0.8579,0.0289,0.8666,1.7195,0.0,12.14
TRD30006935,ORD20000690,C100134,2026-10-01,11995.7,3.5987,2.9989,0.3563,0.012,0.0,0.7141,0.0,7.68
TRD30006936,ORD20002124,C100077,2026-10-01,2787.5,0.0,2.7875,0.0828,0.0028,0.0,0.0154,15.34,18.23
TRD30006937,ORD20002124,C100077,2026-10-01,2787.5,0.0,2.7875,0.0828,0.0028,0.0,0.0154,0.0,2.89
TRD30006938,ORD20001159,C100060,2026-10-01,106213.95,0.0,106.214,3.1546,0.1062,15.9321,0.5869,0.0,125.99
TRD30006939,ORD20001159,C100060,2026-10-01,11802.15,0.0,11.8021,0.3505,0.0118,1.7703,0.0652,0.0,14.0
TRD30006940,ORD20002591,C100041,2026-10-01,6926.85,2.0781,1.7317,0.2057,0.0069,0.0,0.4123,0.0,4.43
TRD30006941,ORD20002591,C100041,2026-10-01,1979.1,0.5937,0.4948,0.0588,0.002,0.0,0.1178,0.0,1.27
TRD30006942,ORD20002591,C100041,2026-10-01,2968.65,0.8906,0.7422,0.0882,0.003,0.0,0.1767,0.0,1.9
TRD30006943,ORD20004692,C100121,2026-10-01,261.7,0.0,0.2617,0.0078,0.0003,0.0393,0.0014,0.0,0.31
TRD30006944,ORD20004692,C100121,2026-10-01,6280.8,0.0,6.2808,0.1865,0.0063,0.9421,0.0347,0.0,7.45
TRD30006945,ORD20004692,C100121,2026-10-01,6280.8,0.0,6.2808,0.1865,0.0063,0.9421,0.0347,0.0,7.45
TRD30006946,ORD20000952,C100108,2026-10-01,23982.5,0.0,23.9825,0.7123,0.024,3.5974,0.1325,0.0,28.45
TRD30006947,ORD20000952,C100108,2026-10-01,100779.0,0.0,100.779,2.9931,0.1008,15.1168,0.5569,0.0,119.55
TRD30006948,ORD20003633,C100183,2026-10-01,3660.4,1.0981,0.9151,0.1087,0.0037,0.0,0.2179,0.0,2.34
TRD30006949,ORD20003933,C100119,2026-10-01,3098.9,0.9297,0.0,0.092,0.0031,0.093,0.1845,0.0,1.3
TRD30006950,ORD20001416,C100018,2026-10-01,7236.0,2.1708,0.0,0.2149,0.0072,0.2171,0.4307,0.0,3.04
TRD30006951,ORD20000925,C100134,2026-10-01,5195.1,1.5585,0.0,0.1543,0.0052,0.1559,0.3092,0.0,2.18
TRD30006952,ORD20000925,C100134,2026-10-01,13862.0,4.1586,0.0,0.4117,0.0139,0.4159,0.8251,0.0,5.83
TRD30006953,ORD20000925,C100134,2026-10-01,12113.15,3.6339,0.0,0.3598,0.0121,0.3634,0.721,0.0,5.09
TRD30006954,ORD20002950,C100153,2026-10-01,9635.6,2.8907,9.6356,0.2862,0.0096,1.4453,0.5736,0.0,14.84
TRD30006955,ORD20002297,C100191,2026-10-01,10136.1,3.0408,10.1361,0.301,0.0101,0.0,0.6034,15.34,29.43
TRD30006956,ORD20001940,C100078,2026-10-01,33847.55,0.0,33.8476,1.0053,0.0338,5.0771,0.187,0.0,40.15
TRD30006957,ORD20002131,C100059,2026-10-01,30501.45,9.1504,0.0,0.9059,0.0305,0.915,1.8156,0.0,12.82
TRD30006958,ORD20000063,C100161,2026-10-01,18909.8,0.0,18.9098,0.5616,0.0189,0.0,0.1045,15.34,34.93
TRD30006959,ORD20000063,C100161,2026-10-01,5822.4,0.0,5.8224,0.1729,0.0058,0.0,0.0322,0.0,6.03
TRD30006960,ORD20000776,C100083,2026-10-01,11275.0,3.3825,0.0,0.3349,0.0113,0.3382,0.6712,0.0,4.74
TRD30006961,ORD20000776,C100083,2026-10-01,3155.95,0.9468,0.0,0.0937,0.0032,0.0947,0.1879,0.0,1.33
TRD30006962,ORD20002315,C100099,2026-10-01,1100.55,0.0,1.1006,0.0327,0.0011,0.0,0.0061,15.34,16.48
TRD30006963,ORD20002315,C100099,2026-10-01,103320.1,0.0,103.3201,3.0686,0.1033,0.0,0.5709,0.0,107.06
TRD30006964,ORD20000141,C100168,2026-10-01,110292.0,20.0,27.573,3.2757,0.1103,0.0,4.2095,0.0,55.17
TRD30006965,ORD20000141,C100168,2026-10-01,2297.0,0.6891,0.5742,0.0682,0.0023,0.0,0.1367,0.0,1.47
TRD30006966,ORD20000141,C100168,2026-10-01,32121.6,9.6365,8.0304,0.954,0.0321,0.0,1.9121,0.0,20.57
TRD30006967,ORD20001543,C100122,2026-10-01,14102.75,0.0,14.1028,0.4189,0.0141,0.0,0.0779,15.34,29.95
TRD30006968,ORD20002796,C100197,2026-10-01,5765.7,0.0,5.7657,0.1712,0.0058,0.8649,0.0319,0.0,6.84
TRD30006969,ORD20002796,C100197,2026-10-01,11531.4,0.0,11.5314,0.3425,0.0115,1.7297,0.0637,0.0,13.68
TRD30006970,ORD20002796,C100197,2026-10-01,11531.4,0.0,11.5314,0.3425,0.0115,1.7297,0.0637,0.0,13.68
TRD30006971,ORD20001901,C100122,2026-10-01,15397.6,4.6193,3.8494,0.4573,0.0154,0.0,0.9166,0.0,9.86
TRD30006972,ORD20004784,C100180,2026-10-01,2405.65,0.7217,0.0,0.0714,0.0024,0.0722,0.1432,0.0,1.01
TRD30006973,ORD20004784,C100180,2026-10-01,9622.6,2.8868,0.0,0.2858,0.0096,0.2887,0.5728,0.0,4.04
TRD30006974,ORD20004784,C100180,2026-10-01,36084.75,10.8254,0.0,1.0717,0.0361,1.0825,2.148,0.0,15.16
TRD30006975,ORD20004712,C100096,2026-10-01,5770.3,0.0,5.7703,0.1714,0.0058,0.0,0.0319,15.34,21.32
TRD30006976,ORD20004908,C100108,2026-10-01,10269.35,0.0,10.2694,0.305,0.0103,1.5404,0.0567,0.0,12.18
TRD30006977,ORD20004908,C100108,2026-10-01,51624.3,0.0,51.6243,1.5332,0.0516,7.7436,0.2853,0.0,61.24
TRD30006978,ORD20003956,C100065,2026-10-01,7837.75,2.3513,0.0,0.2328,0.0078,0.2351,0.4665,0.0,3.29
TRD30006979,ORD20002148,C100077,2026-10-01,9711.8,2.9135,0.0,0.2884,0.0097,0.2914,0.5781,0.0,4.08
TRD30006980,ORD20002148,C100077,2026-10-01,5549.6,1.6649,0.0,0.1648,0.0055,0.1665,0.3303,0.0,2.33
TRD30006981,ORD20002148,C100077,2026-10-01,18036.2,5.4109,0.0,0.5357,0.018,0.5411,1.0736,0.0,7.58
TRD30006982,ORD20000257,C100187,2026-10-01,53038.8,15.9116,13.2597,1.5753,0.053,0.0,3.1572,0.0,33.96
TRD30006983,ORD20003246,C100185,2026-10-01,6393.6,1.9181,0.0,0.1899,0.0064,0.1918,0.3806,0.0,2.69
TRD30006984,ORD20002160,C100150,2026-10-01,1908.55,0.0,1.9086,0.0567,0.0019,0.2863,0.0105,0.0,2.26
TRD30006985,ORD20000402,C100036,2026-10-01,15209.6,4.5629,0.0,0.4517,0.0152,0.4563,0.9054,0.0,6.39
TRD30006986,ORD20000822,C100167,2026-10-01,102114.8,20.0,0.0,3.0328,0.1021,3.0634,4.1643,0.0,30.36
TRD30006987,ORD20004305,C100025,2026-10-01,8030.0,0.0,8.03,0.2385,0.008,0.0,0.0444,15.34,23.66
TRD30006988,ORD20004305,C100025,2026-10-01,1606.0,0.0,1.606,0.0477,0.0016,0.0,0.0089,0.0,1.66
TRD30006989,ORD20000214,C100159,2026-10-01,4950.9,1.4853,0.0,0.147,0.005,0.1485,0.2947,0.0,2.08
TRD30006990,ORD20000214,C100159,2026-10-01,22262.85,6.6789,0.0,0.6612,0.0223,0.6679,1.3252,0.0,9.36
TRD30006991,ORD20000214,C100159,2026-10-01,9901.8,2.9705,0.0,0.2941,0.0099,0.2971,0.5894,0.0,4.16
TRD30006992,ORD20004150,C100012,2026-10-01,5796.4,0.0,5.7964,0.1722,0.0058,0.0,0.032,15.34,21.35
TRD30006993,ORD20001806,C100037,2026-10-01,12235.05,3.6705,3.0588,0.3634,0.0122,0.0,0.7283,0.0,7.83
TRD30006994,ORD20001625,C100120,2026-10-01,32346.0,9.7038,0.0,0.9607,0.0323,0.9704,1.9254,0.0,13.59
TRD30006995,ORD20001728,C100066,2026-10-01,19709.4,5.9128,0.0,0.5854,0.0197,0.5913,1.1732,0.0,8.28
TRD30006996,ORD20001728,C100066,2026-10-01,18066.95,5.4201,0.0,0.5366,0.0181,0.542,1.0755,0.0,7.59
TRD30006997,ORD20001728,C100066,2026-10-01,27921.65,8.3765,0.0,0.8293,0.0279,0.8376,1.6621,0.0,11.73
TRD30006998,ORD20004862,C100132,2026-10-01,915.1,0.2745,0.0,0.0272,0.0009,0.0275,0.0545,0.0,0.38
TRD30006999,ORD20004862,C100132,2026-10-01,2742.6,0.8228,0.0,0.0815,0.0027,0.0823,0.1633,0.0,1.15
TRD30007000,ORD20000531,C100052,2026-10-01,4782.0,0.0,4.782,0.142,0.0048,0.7173,0.0264,0.0,5.67
TRD30007001,ORD20000531,C100052,2026-10-01,7962.25,0.0,7.9622,0.2365,0.008,1.1943,0.044,0.0,9.44
TRD30007002,ORD20001661,C100100,2026-10-01,12009.75,0.0,12.0098,0.3567,0.012,0.0,0.0664,15.34,27.78
TRD30007003,ORD20000074,C100071,2026-10-01,4438.5,1.3315,0.0,0.1318,0.0044,0.1332,0.2642,0.0,1.87
TRD30007004,ORD20000074,C100071,2026-10-01,444.1,0.1332,0.0,0.0132,0.0004,0.0133,0.0264,0.0,0.19
TRD30007005,ORD20000074,C100071,2026-10-01,443.3,0.133,0.0,0.0132,0.0004,0.0133,0.0264,0.0,0.19
TRD30007006,ORD20004452,C100113,2026-10-01,5982.3,1.7947,1.4956,0.1777,0.006,0.0,0.3561,0.0,3.83
TRD30007007,ORD20000532,C100001,2026-10-01,37647.6,11.2943,0.0,1.1181,0.0376,1.1294,2.241,0.0,15.82
TRD30007008,ORD20000532,C100001,2026-10-01,12549.2,3.7648,0.0,0.3727,0.0125,0.3765,0.747,0.0,5.27
TRD30007009,ORD20000372,C100160,2026-10-01,106413.7,20.0,0.0,3.1605,0.1064,3.1924,4.188,0.0,30.65
TRD30007010,ORD20000372,C100160,2026-10-01,6865.4,2.0596,0.0,0.2039,0.0069,0.206,0.4087,0.0,2.89
TRD30007011,ORD20000372,C100160,2026-10-01,8581.75,2.5745,0.0,0.2549,0.0086,0.2575,0.5108,0.0,3.61
TRD30007012,ORD20002349,C100029,2026-10-01,1349.05,0.0,1.349,0.0401,0.0013,0.2024,0.0075,0.0,1.6
TRD30007013,ORD20002349,C100029,2026-10-01,2698.1,0.0,2.6981,0.0801,0.0027,0.4047,0.0149,0.0,3.2
TRD30007014,ORD20002349,C100029,2026-10-01,2698.1,0.0,2.6981,0.0801,0.0027,0.4047,0.0149,0.0,3.2
TRD30007015,ORD20001961,C100080,2026-10-01,13698.4,0.0,13.6984,0.4068,0.0137,0.0,0.0757,15.34,29.53
TRD30007016,ORD20001949,C100034,2026-10-01,2167.5,0.6502,0.5419,0.0644,0.0022,0.0,0.129,0.0,1.39
TRD30007017,ORD20001949,C100034,2026-10-01,722.5,0.2167,0.1806,0.0215,0.0007,0.0,0.043,0.0,0.46
TRD30007018,ORD20001949,C100034,2026-10-01,1445.0,0.4335,0.3612,0.0429,0.0014,0.0,0.086,0.0,0.92
TRD30007019,ORD20001698,C100070,2026-10-01,114416.35,20.0,0.0,3.3982,0.1144,3.4325,4.2323,0.0,31.18
TRD30007020,ORD20002281,C100021,2026-10-01,12771.5,3.8314,0.0,0.3793,0.0128,0.3831,0.7602,0.0,5.37
TRD30007021,ORD20001836,C100198,2026-10-01,8729.6,2.6189,2.1824,0.2593,0.0087,0.0,0.5196,0.0,5.59
TRD30007022,ORD20004834,C100047,2026-10-01,2846.05,0.0,2.8461,0.0845,0.0028,0.0,0.0157,15.34,18.29
TRD30007023,ORD20002266,C100066,2026-10-01,2339.4,0.7018,0.5848,0.0695,0.0023,0.0,0.1393,0.0,1.5
TRD30007024,ORD20002266,C100066,2026-10-01,1169.7,0.3509,0.2924,0.0347,0.0012,0.0,0.0696,0.0,0.75
TRD30007025,ORD20002266,C100066,2026-10-01,1169.7,0.3509,0.2924,0.0347,0.0012,0.0,0.0696,0.0,0.75
TRD30007026,ORD20000197,C100047,2026-10-01,21172.55,0.0,21.1726,0.6288,0.0212,3.1759,0.117,0.0,25.12
TRD30007027,ORD20003990,C100112,2026-10-01,16552.2,4.9657,0.0,0.4916,0.0166,0.4966,0.9853,0.0,6.96
TRD30007028,ORD20004676,C100012,2026-10-01,26286.75,7.886,6.5717,0.7807,0.0263,0.0,1.5647,0.0,16.83
TRD30007029,ORD20004676,C100012,2026-10-01,3502.3,1.0507,0.8756,0.104,0.0035,0.0,0.2085,0.0,2.24
TRD30007030,ORD20004676,C100012,2026-10-01,43748.75,13.1246,10.9372,1.2993,0.0437,0.0,2.6042,0.0,28.01
TRD30007031,ORD20004052,C100079,2026-10-01,59878.8,17.9636,0.0,1.7784,0.0599,1.7964,3.5643,0.0,25.16
TRD30007032,ORD20003577,C100085,2026-10-01,5832.6,1.7498,1.4582,0.1732,0.0058,0.0,0.3472,0.0,3.73
TRD30007033,ORD20003577,C100085,2026-10-01,4375.2,1.3126,1.0938,0.1299,0.0044,0.0,0.2604,0.0,2.8
TRD30007034,ORD20003577,C100085,2026-10-01,2915.8,0.8747,0.729,0.0866,0.0029,0.0,0.1736,0.0,1.87
TRD30007035,ORD20002373,C100165,2026-10-01,7933.75,2.3801,7.9338,0.2356,0.0079,0.0,0.4723,15.34,26.37
TRD30007036,ORD20001467,C100106,2026-10-01,56461.2,16.9384,0.0,1.6769,0.0565,1.6938,3.3609,0.0,23.73
TRD30007037,ORD20001467,C100106,2026-10-01,21146.85,6.3441,0.0,0.6281,0.0211,0.6344,1.2588,0.0,8.89
TRD30007038,ORD20001576,C100045,2026-10-01,64767.7,19.4303,0.0,1.9236,0.0648,1.943,3.8554,0.0,27.22
TRD30007039,ORD20001784,C100177,2026-10-01,6070.85,1.8213,0.0,0.1803,0.0061,0.1821,0.3614,0.0,2.55
TRD30007040,ORD20001464,C100172,2026-10-01,19605.6,5.8817,0.0,0.5823,0.0196,0.5882,1.167,0.0,8.24
TRD30007041,ORD20001464,C100172,2026-10-01,41078.4,12.3235,0.0,1.22,0.0411,1.2324,2.4452,0.0,17.26
TRD30007042,ORD20001501,C100114,2026-10-01,7018.0,2.1054,0.0,0.2084,0.007,0.2105,0.4178,0.0,2.95
TRD30007043,ORD20001501,C100114,2026-10-01,3511.0,1.0533,0.0,0.1043,0.0035,0.1053,0.209,0.0,1.48
TRD30007044,ORD20001501,C100114,2026-10-01,5266.05,1.5798,0.0,0.1564,0.0053,0.158,0.3135,0.0,2.21
TRD30007045,ORD20000722,C100071,2026-10-01,3190.1,0.957,0.7975,0.0947,0.0032,0.0,0.1899,0.0,2.04
TRD30007046,ORD20002623,C100148,2026-10-01,1557.3,0.4672,0.3893,0.0463,0.0016,0.0,0.0927,0.0,1.0
TRD30007047,ORD20002623,C100148,2026-10-01,778.65,0.2336,0.1947,0.0231,0.0008,0.0,0.0463,0.0,0.5
TRD30007048,ORD20003357,C100078,2026-10-01,716.6,0.0,0.7166,0.0213,0.0007,0.0,0.004,15.34,16.08
TRD30007049,ORD20003357,C100078,2026-10-01,717.1,0.0,0.7171,0.0213,0.0007,0.0,0.004,0.0,0.74
TRD30007050,ORD20003357,C100078,2026-10-01,1073.85,0.0,1.0738,0.0319,0.0011,0.0,0.0059,0.0,1.11
TRD30007051,ORD20001402,C100053,2026-10-01,57264.3,0.0,57.2643,1.7007,0.0573,0.0,0.3164,15.34,74.68
TRD30007052,ORD20001402,C100053,2026-10-01,1803.2,0.0,1.8032,0.0536,0.0018,0.0,0.01,0.0,1.87
TRD30007053,ORD20000899,C100061,2026-10-01,37035.2,0.0,37.0352,1.0999,0.037,5.5553,0.2047,0.0,43.93
TRD30007054,ORD20000899,C100061,2026-10-01,6940.35,0.0,6.9404,0.2061,0.0069,1.0411,0.0384,0.0,8.23
TRD30007055,ORD20000899,C100061,2026-10-01,9244.6,0.0,9.2446,0.2746,0.0092,1.3867,0.0511,0.0,10.97
TRD30007056,ORD20004229,C100187,2026-10-01,28656.0,0.0,28.656,0.8511,0.0287,0.0,0.1584,15.34,45.03
TRD30007057,ORD20004229,C100187,2026-10-01,48804.75,0.0,48.8048,1.4495,0.0488,0.0,0.2697,0.0,50.57
TRD30007058,ORD20004229,C100187,2026-10-01,1343.25,0.0,1.3432,0.0399,0.0013,0.0,0.0074,0.0,1.39
TRD30007059,ORD20001894,C100055,2026-10-01,12067.95,0.0,12.068,0.3584,0.0121,1.8102,0.0667,0.0,14.32
TRD30007060,ORD20003396,C100179,2026-10-01,42840.0,12.852,0.0,1.2723,0.0428,1.2852,2.5501,0.0,18.0
TRD30007061,ORD20003396,C100179,2026-10-01,87018.75,20.0,0.0,2.5845,0.087,2.6106,4.0809,0.0,29.36
TRD30007062,ORD20000313,C100069,2026-10-01,2877.3,0.0,2.8773,0.0855,0.0029,0.0,0.0159,15.34,18.32
TRD30007063,ORD20000313,C100069,2026-10-01,34557.0,0.0,34.557,1.0263,0.0346,0.0,0.191,0.0,35.81
TRD30007064,ORD20000313,C100069,2026-10-01,57604.0,0.0,57.604,1.7108,0.0576,0.0,0.3183,0.0,59.69
TRD30007065,ORD20001679,C100193,2026-10-01,26756.95,8.0271,6.6892,0.7947,0.0268,0.0,1.5927,0.0,17.13
TRD30007066,ORD20001679,C100193,2026-10-01,46216.55,13.865,11.5541,1.3726,0.0462,0.0,2.7511,0.0,29.59
TRD30007067,ORD20002555,C100180,2026-10-01,1634.8,0.4904,0.4087,0.0486,0.0016,0.0,0.0973,0.0,1.05
TRD30007068,ORD20002304,C100186,2026-10-01,6080.5,1.8242,0.0,0.1806,0.0061,0.1824,0.3619,0.0,2.56
TRD30007069,ORD20000096,C100062,2026-10-01,78397.6,20.0,19.5994,2.3284,0.0784,0.0,4.0332,0.0,46.04
TRD30007070,ORD20000096,C100062,2026-10-01,12306.6,3.692,3.0767,0.3655,0.0123,0.0,0.7326,0.0,7.88
TRD30007071,ORD20002777,C100000,2026-10-01,50699.0,15.2097,12.6748,1.5058,0.0507,0.0,3.0179,0.0,32.46
TRD30007072,ORD20004139,C100026,2026-10-01,36129.6,0.0,36.1296,1.073,0.0361,0.0,0.1997,15.34,52.78
TRD30007073,ORD20000631,C100169,2026-10-01,42738.0,12.8214,0.0,1.2693,0.0427,1.2821,2.544,0.0,17.96
TRD30007074,ORD20000631,C100169,2026-10-01,70517.7,20.0,0.0,2.0944,0.0705,2.1155,3.9897,0.0,28.27
TRD30007075,ORD20000631,C100169,2026-10-01,19232.1,5.7696,0.0,0.5712,0.0192,0.577,1.1448,0.0,8.08
TRD30007076,ORD20000840,C100058,2026-10-01,523.4,0.157,0.1308,0.0155,0.0005,0.0,0.0312,0.0,0.34
TRD30007077,ORD20000840,C100058,2026-10-01,2617.0,0.7851,0.6542,0.0777,0.0026,0.0,0.1558,0.0,1.68
TRD30007078,ORD20004889,C100192,2026-10-01,5747.95,1.7244,0.0,0.1707,0.0057,0.1724,0.3422,0.0,2.42
TRD30007079,ORD20003772,C100059,2026-10-01,4645.5,0.0,4.6455,0.138,0.0046,0.6968,0.0257,0.0,5.51
TRD30007080,ORD20003772,C100059,2026-10-01,4645.5,0.0,4.6455,0.138,0.0046,0.6968,0.0257,0.0,5.51
TRD30007081,ORD20003908,C100074,2026-10-01,28191.6,0.0,28.1916,0.8373,0.0282,4.2287,0.1558,0.0,33.44
TRD30007082,ORD20004838,C100095,2026-10-01,8251.2,0.0,8.2512,0.2451,0.0083,0.0,0.0456,15.34,23.89
TRD30007083,ORD20004838,C100095,2026-10-01,1375.2,0.0,1.3752,0.0408,0.0014,0.0,0.0076,0.0,1.42
TRD30007084,ORD20004838,C100095,2026-10-01,4125.6,0.0,4.1256,0.1225,0.0041,0.0,0.0228,0.0,4.28
TRD30007085,ORD20003810,C100056,2026-10-01,63546.5,0.0,63.5465,1.8873,0.0635,9.532,0.3512,0.0,75.38
TRD30007086,ORD20000760,C100183,2026-10-01,56084.8,0.0,56.0848,1.6657,0.0561,0.0,0.3099,15.34,73.46
TRD30007087,ORD20000234,C100169,2026-10-01,12083.45,3.625,0.0,0.3589,0.0121,0.3625,0.7193,0.0,5.08
TRD30007088,ORD20000234,C100169,2026-10-01,12083.45,3.625,0.0,0.3589,0.0121,0.3625,0.7193,0.0,5.08
TRD30007089,ORD20002638,C100137,2026-10-01,1362.75,0.4088,1.3628,0.0405,0.0014,0.0,0.0811,15.34,17.23
TRD30007090,ORD20002638,C100137,2026-10-01,2998.05,0.8994,2.998,0.089,0.003,0.0,0.1785,0.0,4.17
TRD30007091,ORD20003666,C100068,2026-10-01,24185.4,0.0,24.1854,0.7183,0.0242,0.0,0.1336,15.34,40.4
TRD30007092,ORD20003647,C100138,2026-10-01,31757.55,0.0,31.7576,0.9432,0.0318,0.0,0.1755,15.34,48.25
TRD30007093,ORD20000818,C100062,2026-10-01,65122.5,19.5367,16.2806,1.9341,0.0651,0.0,3.8765,0.0,41.69
TRD30007094,ORD20004538,C100079,2026-10-01,2319.25,0.0,2.3193,0.0689,0.0023,0.3479,0.0128,0.0,2.75
TRD30007095,ORD20004538,C100079,2026-10-01,2319.25,0.0,2.3193,0.0689,0.0023,0.3479,0.0128,0.0,2.75
TRD30007096,ORD20004538,C100079,2026-10-01,16234.75,0.0,16.2348,0.4822,0.0162,2.4352,0.0897,0.0,19.26
TRD30007097,ORD20002404,C100027,2026-10-01,122003.0,0.0,122.003,3.6235,0.122,0.0,0.6742,15.34,141.76
TRD30007098,ORD20002028,C100177,2026-10-01,12090.0,3.627,0.0,0.3591,0.0121,0.3627,0.7197,0.0,5.08
TRD30007099,ORD20004069,C100002,2026-10-01,11735.15,3.5205,2.9338,0.3485,0.0117,0.0,0.6985,0.0,7.51
TRD30007100,ORD20004069,C100002,2026-10-01,15088.05,4.5264,3.772,0.4481,0.0151,0.0,0.8981,0.0,9.66
TRD30007101,ORD20003760,C100006,2026-10-01,6238.4,1.8715,0.0,0.1853,0.0062,0.1872,0.3713,0.0,2.62
TRD30007102,ORD20000779,C100010,2026-10-01,21876.45,6.5629,21.8765,0.6497,0.0219,0.0,1.3022,15.34,45.75
TRD30007103,ORD20000779,C100010,2026-10-01,3805.6,1.1417,3.8056,0.113,0.0038,0.0,0.2265,0.0,5.29
TRD30007104,ORD20000361,C100176,2026-10-01,11972.2,0.0,11.9722,0.3556,0.012,0.0,0.0662,15.34,27.75
TRD30007105,ORD20002388,C100034,2026-10-01,1838.8,0.5516,0.0,0.0546,0.0018,0.0552,0.1095,0.0,0.77
TRD30007106,ORD20002388,C100034,2026-10-01,25768.4,7.7305,0.0,0.7653,0.0258,0.7731,1.5339,0.0,10.83
TRD30007107,ORD20002388,C100034,2026-10-01,8281.35,2.4844,0.0,0.246,0.0083,0.2484,0.493,0.0,3.48
TRD30007108,ORD20003219,C100155,2026-10-01,69012.65,20.0,0.0,2.0497,0.069,2.0704,3.9814,0.0,28.17
TRD30007109,ORD20004064,C100072,2026-10-01,11314.1,3.3942,2.8285,0.336,0.0113,0.0,0.6735,0.0,7.24
TRD30007110,ORD20003868,C100035,2026-10-01,1855.0,0.0,1.855,0.0551,0.0019,0.0,0.0103,15.34,17.26
TRD30007111,ORD20003868,C100035,2026-10-01,7417.6,0.0,7.4176,0.2203,0.0074,0.0,0.041,0.0,7.69
TRD30007112,ORD20004384,C100125,2026-10-01,5539.5,1.6618,0.0,0.1645,0.0055,0.1662,0.3297,0.0,2.33
TRD30007113,ORD20003012,C100015,2026-10-01,1345.4,0.4036,0.3364,0.04,0.0013,0.0,0.0801,0.0,0.86
TRD30007114,ORD20003012,C100015,2026-10-01,2689.5,0.8068,0.6724,0.0799,0.0027,0.0,0.1601,0.0,1.72
TRD30007115,ORD20000494,C100043,2026-10-01,2871.05,0.0,2.8711,0.0853,0.0029,0.4307,0.0159,0.0,3.41
TRD30007116,ORD20000494,C100043,2026-10-01,5742.9,0.0,5.7429,0.1706,0.0057,0.8614,0.0317,0.0,6.81
TRD30007117,ORD20000126,C100102,2026-10-01,1810.4,0.5431,0.0,0.0538,0.0018,0.0543,0.1078,0.0,0.76
TRD30007118,ORD20000126,C100102,2026-10-01,3168.2,0.9505,0.0,0.0941,0.0032,0.095,0.1886,0.0,1.33
TRD30007119,ORD20000126,C100102,2026-10-01,452.6,0.1358,0.0,0.0134,0.0005,0.0136,0.0269,0.0,0.19
TRD30007120,ORD20001125,C100121,2026-10-01,5111.5,1.5334,0.0,0.1518,0.0051,0.1533,0.3043,0.0,2.15
TRD30007121,ORD20002653,C100114,2026-10-01,5578.9,1.6737,0.0,0.1657,0.0056,0.1674,0.3321,0.0,2.34
TRD30007122,ORD20002653,C100114,2026-10-01,22315.6,6.6947,0.0,0.6628,0.0223,0.6695,1.3284,0.0,9.38
TRD30007123,ORD20002653,C100114,2026-10-01,5578.9,1.6737,0.0,0.1657,0.0056,0.1674,0.3321,0.0,2.34
TRD30007124,ORD20004297,C100117,2026-10-01,8506.05,2.5518,0.0,0.2526,0.0085,0.2552,0.5063,0.0,3.57
TRD30007125,ORD20003737,C100070,2026-10-01,36651.3,0.0,36.6513,1.0885,0.0367,5.4977,0.2025,0.0,43.48
TRD30007126,ORD20003737,C100070,2026-10-01,39015.9,0.0,39.0159,1.1588,0.039,5.8524,0.2156,0.0,46.28
TRD30007127,ORD20004625,C100063,2026-10-01,59969.7,0.0,59.9697,1.7811,0.06,8.9955,0.3314,0.0,71.14
TRD30007128,ORD20000251,C100045,2026-10-01,3361.6,0.0,3.3616,0.0998,0.0034,0.0,0.0186,15.34,18.82
TRD30007129,ORD20000251,C100045,2026-10-01,3361.6,0.0,3.3616,0.0998,0.0034,0.0,0.0186,0.0,3.48
TRD30007130,ORD20001266,C100075,2026-10-01,11058.0,0.0,11.058,0.3284,0.0111,1.6587,0.0611,0.0,13.12
TRD30007131,ORD20001249,C100145,2026-10-01,7777.0,0.0,7.777,0.231,0.0078,0.0,0.043,15.34,23.4
TRD30007132,ORD20001595,C100168,2026-10-01,9797.7,0.0,9.7977,0.291,0.0098,1.4697,0.0541,0.0,11.62
TRD30007133,ORD20001595,C100168,2026-10-01,4898.85,0.0,4.8989,0.1455,0.0049,0.7348,0.0271,0.0,5.81
TRD30007134,ORD20003355,C100046,2026-10-01,3851.4,1.1554,0.0,0.1144,0.0039,0.1155,0.2293,0.0,1.62
TRD30007135,ORD20003355,C100046,2026-10-01,32736.9,9.8211,0.0,0.9723,0.0327,0.9821,1.9487,0.0,13.76
TRD30007136,ORD20003740,C100194,2026-10-01,1654.1,0.0,1.6541,0.0491,0.0017,0.2481,0.0091,0.0,1.96
TRD30007137,ORD20003740,C100194,2026-10-01,1654.1,0.0,1.6541,0.0491,0.0017,0.2481,0.0091,0.0,1.96
TRD30007138,ORD20003740,C100194,2026-10-01,1654.1,0.0,1.6541,0.0491,0.0017,0.2481,0.0091,0.0,1.96
TRD30007139,ORD20002011,C100167,2026-10-01,2351.95,0.0,2.352,0.0699,0.0024,0.3528,0.013,0.0,2.79
TRD30007140,ORD20002011,C100167,2026-10-01,2351.95,0.0,2.352,0.0699,0.0024,0.3528,0.013,0.0,2.79
TRD30007141,ORD20003941,C100109,2026-10-01,16857.75,5.0573,4.2144,0.5007,0.0169,0.0,1.0035,0.0,10.79
TRD30007142,ORD20003941,C100109,2026-10-01,12041.25,3.6124,3.0103,0.3576,0.012,0.0,0.7168,0.0,7.71
TRD30007143,ORD20004826,C100074,2026-10-01,11755.2,0.0,11.7552,0.3491,0.0118,0.0,0.065,15.34,27.52
TRD30007144,ORD20004826,C100074,2026-10-01,23505.6,0.0,23.5056,0.6981,0.0235,0.0,0.1299,0.0,24.36
TRD30007145,ORD20003688,C100187,2026-10-01,10069.5,0.0,10.0695,0.2991,0.0101,0.0,0.0556,15.34,25.77
TRD30007146,ORD20004331,C100161,2026-10-01,12204.0,3.6612,3.051,0.3625,0.0122,0.0,0.7265,0.0,7.81
TRD30007147,ORD20004331,C100161,2026-10-01,904.0,0.2712,0.226,0.0268,0.0009,0.0,0.0538,0.0,0.58
TRD30007148,ORD20003903,C100098,2026-10-01,36073.8,10.8221,9.0185,1.0714,0.0361,0.0,2.1473,0.0,23.1
TRD30007149,ORD20001004,C100193,2026-10-01,1499.7,0.0,1.4997,0.0445,0.0015,0.225,0.0083,0.0,1.78
TRD30007150,ORD20001004,C100193,2026-10-01,1499.7,0.0,1.4997,0.0445,0.0015,0.225,0.0083,0.0,1.78
TRD30007151,ORD20001004,C100193,2026-10-01,1499.7,0.0,1.4997,0.0445,0.0015,0.225,0.0083,0.0,1.78
TRD30007152,ORD20002076,C100193,2026-10-01,13321.6,3.9965,0.0,0.3957,0.0133,0.3996,0.793,0.0,5.6
TRD30007153,ORD20001215,C100184,2026-10-01,23492.3,0.0,23.4923,0.6977,0.0235,0.0,0.1298,15.34,39.68
TRD30007154,ORD20001215,C100184,2026-10-01,5421.3,0.0,5.4213,0.161,0.0054,0.0,0.03,0.0,5.62
TRD30007155,ORD20000566,C100067,2026-10-01,21090.3,0.0,21.0903,0.6264,0.0211,3.1635,0.1165,0.0,25.02
TRD30007156,ORD20000566,C100067,2026-10-01,31635.45,0.0,31.6354,0.9396,0.0316,4.7453,0.1748,0.0,37.53
TRD30007157,ORD20004797,C100042,2026-10-02,2904.95,0.0,2.905,0.0863,0.0029,0.0,0.0161,15.34,18.35
TRD30007158,ORD20004797,C100042,2026-10-02,5820.0,0.0,5.82,0.1729,0.0058,0.0,0.0322,0.0,6.03
TRD30007159,ORD20004797,C100042,2026-10-02,2908.65,0.0,2.9086,0.0864,0.0029,0.0,0.0161,0.0,3.01
TRD30007160,ORD20002898,C100141,2026-10-02,23711.6,7.1135,5.9279,0.7042,0.0237,0.0,1.4115,0.0,15.18
TRD30007161,ORD20002898,C100141,2026-10-02,47423.2,14.227,11.8558,1.4085,0.0474,0.0,2.8229,0.0,30.36
TRD30007162,ORD20002898,C100141,2026-10-02,11855.8,3.5567,2.964,0.3521,0.0119,0.0,0.7057,0.0,7.59
TRD30007163,ORD20004344,C100089,2026-10-02,2375.9,0.7128,0.0,0.0706,0.0024,0.0713,0.1414,0.0,1.0
TRD30007164,ORD20004344,C100089,2026-10-02,11879.5,3.5638,0.0,0.3528,0.0119,0.3564,0.7071,0.0,4.99
TRD30007165,ORD20000358,C100065,2026-10-02,143371.2,0.0,143.3712,4.2581,0.1434,0.0,0.7923,15.34,163.91
TRD30007166,ORD20000077,C100086,2026-10-02,22812.3,6.8437,5.7031,0.6775,0.0228,0.0,1.3579,0.0,14.61
TRD30007167,ORD20000077,C100086,2026-10-02,10287.9,3.0864,2.572,0.3056,0.0103,0.0,0.6124,0.0,6.59
TRD30007168,ORD20001589,C100062,2026-10-02,4974.2,0.0,4.9742,0.1477,0.005,0.0,0.0275,15.34,20.49
TRD30007169,ORD20000447,C100092,2026-10-02,11974.75,3.5924,0.0,0.3557,0.012,0.3592,0.7128,0.0,5.03
TRD30007170,ORD20000998,C100043,2026-10-02,5535.3,1.6606,0.0,0.1644,0.0055,0.1661,0.3295,0.0,2.33
TRD30007171,ORD20000998,C100043,2026-10-02,7380.4,2.2141,0.0,0.2192,0.0074,0.2214,0.4393,0.0,3.1
TRD30007172,ORD20003992,C100161,2026-10-02,35816.7,0.0,35.8167,1.0638,0.0358,0.0,0.1979,15.34,52.45
TRD30007173,ORD20003992,C100161,2026-10-02,23877.8,0.0,23.8778,0.7092,0.0239,0.0,0.1319,0.0,24.74
TRD30007174,ORD20003992,C100161,2026-10-02,23877.8,0.0,23.8778,0.7092,0.0239,0.0,0.1319,0.0,24.74
TRD30007175,ORD20000921,C100027,2026-10-02,5102.9,0.0,5.1029,0.1516,0.0051,0.7654,0.0282,0.0,6.05
TRD30007176,ORD20000921,C100027,2026-10-02,11133.6,0.0,11.1336,0.3307,0.0111,1.67,0.0615,0.0,13.21
TRD30007177,ORD20004726,C100016,2026-10-02,92590.65,20.0,23.1477,2.7499,0.0926,0.0,4.1117,0.0,50.1
TRD30007178,ORD20003716,C100107,2026-10-02,10928.45,3.2785,0.0,0.3246,0.0109,0.3279,0.6505,0.0,4.59
TRD30007179,ORD20003716,C100107,2026-10-02,31944.7,9.5834,0.0,0.9488,0.0319,0.9583,1.9015,0.0,13.42
TRD30007180,ORD20002905,C100169,2026-10-02,48364.0,0.0,48.364,1.4364,0.0484,0.0,0.2673,15.34,65.46
TRD30007181,ORD20003982,C100015,2026-10-02,3401.85,1.0206,0.8505,0.101,0.0034,0.0,0.2025,0.0,2.18
TRD30007182,ORD20003982,C100015,2026-10-02,3410.35,1.0231,0.8526,0.1013,0.0034,0.0,0.203,0.0,2.18
TRD30007183,ORD20004205,C100175,2026-10-02,13692.0,4.1076,3.423,0.4067,0.0137,0.0,0.815,0.0,8.77
TRD30007184,ORD20004205,C100175,2026-10-02,3418.6,1.0256,0.8546,0.1015,0.0034,0.0,0.2035,0.0,2.19
TRD30007185,ORD20002995,C100009,2026-10-02,11774.75,0.0,11.7748,0.3497,0.0118,1.7662,0.0651,0.0,13.97
TRD30007186,ORD20002995,C100009,2026-10-02,70648.5,0.0,70.6485,2.0983,0.0706,10.5973,0.3904,0.0,83.81
TRD30007187,ORD20002995,C100009,2026-10-02,23549.5,0.0,23.5495,0.6994,0.0235,3.5324,0.1301,0.0,27.93
TRD30007188,ORD20001682,C100033,2026-10-02,9653.4,2.896,2.4134,0.2867,0.0097,0.0,0.5746,0.0,6.18
TRD30007189,ORD20001682,C100033,2026-10-02,74834.0,20.0,18.7085,2.2226,0.0748,0.0,4.0135,0.0,45.02
TRD30007190,ORD20003713,C100030,2026-10-02,3008.1,0.9024,0.0,0.0893,0.003,0.0902,0.1791,0.0,1.26
TRD30007191,ORD20003713,C100030,2026-10-02,3008.1,0.9024,0.0,0.0893,0.003,0.0902,0.1791,0.0,1.26
TRD30007192,ORD20003713,C100030,2026-10-02,22059.4,6.6178,0.0,0.6552,0.0221,0.6618,1.3131,0.0,9.27
TRD30007193,ORD20001502,C100053,2026-10-02,2429.05,0.0,2.429,0.0721,0.0024,0.3644,0.0134,0.0,2.88
TRD30007194,ORD20001502,C100053,2026-10-02,2429.05,0.0,2.429,0.0721,0.0024,0.3644,0.0134,0.0,2.88
TRD30007195,ORD20002023,C100109,2026-10-02,1269.0,0.3807,0.0,0.0377,0.0013,0.0381,0.0755,0.0,0.53
TRD30007196,ORD20002023,C100109,2026-10-02,1269.75,0.3809,0.0,0.0377,0.0013,0.0381,0.0756,0.0,0.53
TRD30007197,ORD20002023,C100109,2026-10-02,3808.95,1.1427,0.0,0.1131,0.0038,0.1143,0.2267,0.0,1.6
TRD30007198,ORD20000440,C100088,2026-10-02,12309.65,0.0,12.3096,0.3656,0.0123,0.0,0.068,15.34,28.1
TRD30007199,ORD20000440,C100088,2026-10-02,73857.9,0.0,73.8579,2.1936,0.0739,0.0,0.4081,0.0,76.53
TRD30007200,ORD20000440,C100088,2026-10-02,12309.65,0.0,12.3096,0.3656,0.0123,0.0,0.068,0.0,12.76
TRD30007201,ORD20003749,C100070,2026-10-02,1929.5,0.5788,0.0,0.0573,0.0019,0.0579,0.1149,0.0,0.81
TRD30007202,ORD20003749,C100070,2026-10-02,43413.75,13.0241,0.0,1.2894,0.0434,1.3024,2.5842,0.0,18.24
TRD30007203,ORD20001185,C100142,2026-10-02,8301.65,2.4905,0.0,0.2466,0.0083,0.249,0.4942,0.0,3.49
TRD30007204,ORD20001185,C100142,2026-10-02,48623.95,14.5872,0.0,1.4441,0.0486,1.4587,2.8944,0.0,20.43
TRD30007205,ORD20001185,C100142,2026-10-02,1185.95,0.3558,0.0,0.0352,0.0012,0.0356,0.0706,0.0,0.5
TRD30007206,ORD20000191,C100103,2026-10-02,108317.25,0.0,108.3172,3.217,0.1083,16.2476,0.5986,0.0,128.49
TRD30007207,ORD20000336,C100069,2026-10-02,130324.7,0.0,130.3247,3.8706,0.1303,19.5487,0.7202,0.0,154.59
TRD30007208,ORD20003897,C100070,2026-10-02,6463.8,1.9391,1.616,0.192,0.0065,0.0,0.3848,0.0,4.14
TRD30007209,ORD20003897,C100070,2026-10-02,7848.9,2.3547,1.9622,0.2331,0.0078,0.0,0.4672,0.0,5.02
TRD30007210,ORD20003897,C100070,2026-10-02,4617.0,1.3851,1.1542,0.1371,0.0046,0.0,0.2748,0.0,2.96
TRD30007211,ORD20004642,C100049,2026-10-02,2971.9,0.8916,0.743,0.0883,0.003,0.0,0.1769,0.0,1.9
TRD30007212,ORD20002129,C100111,2026-10-02,1135.4,0.3406,0.2839,0.0337,0.0011,0.0,0.0676,0.0,0.73
TRD30007213,ORD20002129,C100111,2026-10-02,11366.5,3.41,2.8416,0.3376,0.0114,0.0,0.6766,0.0,7.28
TRD30007214,ORD20001713,C100051,2026-10-02,47524.35,0.0,47.5244,1.4115,0.0475,0.0,0.2626,15.34,64.59
TRD30007215,ORD20001713,C100051,2026-10-02,6522.95,0.0,6.523,0.1937,0.0065,0.0,0.036,0.0,6.76
TRD30007216,ORD20001713,C100051,2026-10-02,17705.15,0.0,17.7052,0.5258,0.0177,0.0,0.0978,0.0,18.35
TRD30007217,ORD20003006,C100074,2026-10-02,3441.9,1.0326,0.0,0.1022,0.0034,0.1033,0.2049,0.0,1.45
TRD30007218,ORD20000824,C100011,2026-10-02,56385.35,0.0,56.3854,1.6746,0.0564,8.4578,0.3116,0.0,66.89
TRD30007219,ORD20000824,C100011,2026-10-02,8902.95,0.0,8.903,0.2644,0.0089,1.3354,0.0492,0.0,10.56
TRD30007220,ORD20000824,C100011,2026-10-02,29676.5,0.0,29.6765,0.8814,0.0297,4.4515,0.164,0.0,35.2
TRD30007221,ORD20000987,C100019,2026-10-02,31730.5,9.5192,31.7305,0.9424,0.0317,0.0,1.8888,15.34,59.45
TRD30007222,ORD20003124,C100096,2026-10-02,53929.7,0.0,53.9297,1.6017,0.0539,8.0895,0.298,0.0,63.97
TRD30007223,ORD20000654,C100171,2026-10-02,4631.0,1.3893,1.1578,0.1375,0.0046,0.0,0.2757,0.0,2.96
TRD30007224,ORD20000654,C100171,2026-10-02,4165.65,1.2497,1.0414,0.1237,0.0042,0.0,0.248,0.0,2.67
TRD30007225,ORD20000306,C100091,2026-10-02,1807.0,0.5421,0.4518,0.0537,0.0018,0.0,0.1076,0.0,1.16
TRD30007226,ORD20000306,C100091,2026-10-02,3166.8,0.95,0.7917,0.0941,0.0032,0.0,0.1885,0.0,2.03
TRD30007227,ORD20002351,C100045,2026-10-02,33584.9,10.0755,8.3962,0.9975,0.0336,0.0,1.9992,0.0,21.5
TRD30007228,ORD20002597,C100143,2026-10-02,23385.7,7.0157,0.0,0.6946,0.0234,0.7016,1.3921,0.0,9.83
TRD30007229,ORD20002597,C100143,2026-10-02,36014.0,10.8042,0.0,1.0696,0.036,1.0804,2.1438,0.0,15.13
TRD30007230,ORD20002631,C100113,2026-10-02,1737.05,0.5211,0.4343,0.0516,0.0017,0.0,0.1034,0.0,1.11
TRD30007231,ORD20002631,C100113,2026-10-02,1737.05,0.5211,0.4343,0.0516,0.0017,0.0,0.1034,0.0,1.11
TRD30007232,ORD20002631,C100113,2026-10-02,1737.05,0.5211,0.4343,0.0516,0.0017,0.0,0.1034,0.0,1.11
TRD30007233,ORD20002295,C100121,2026-10-02,9687.6,0.0,9.6876,0.2877,0.0097,1.4531,0.0535,0.0,11.49
TRD30007234,ORD20002109,C100051,2026-10-02,1758.4,0.0,1.7584,0.0522,0.0018,0.2638,0.0097,0.0,2.09
TRD30007235,ORD20002109,C100051,2026-10-02,2198.0,0.0,2.198,0.0653,0.0022,0.3297,0.0121,0.0,2.61
TRD30007236,ORD20001288,C100024,2026-10-02,52962.8,15.8888,13.2407,1.573,0.053,0.0,3.1527,0.0,33.91
TRD30007237,ORD20001288,C100024,2026-10-02,16826.25,5.0479,4.2066,0.4997,0.0168,0.0,1.0016,0.0,10.77
TRD30007238,ORD20001288,C100024,2026-10-02,76966.4,20.0,19.2416,2.2859,0.077,0.0,4.0253,0.0,45.63
TRD30007239,ORD20000589,C100080,2026-10-02,883.7,0.0,0.8837,0.0262,0.0009,0.0,0.0049,15.34,16.26
TRD30007240,ORD20000589,C100080,2026-10-02,1767.2,0.0,1.7672,0.0525,0.0018,0.0,0.0098,0.0,1.83
TRD30007241,ORD20000014,C100025,2026-10-02,5900.9,1.7703,1.4752,0.1753,0.0059,0.0,0.3513,0.0,3.78
TRD30007242,ORD20000014,C100025,2026-10-02,8851.35,2.6554,2.2128,0.2629,0.0089,0.0,0.5269,0.0,5.67
TRD30007243,ORD20001746,C100184,2026-10-02,870.8,0.2612,0.0,0.0259,0.0009,0.0261,0.0518,0.0,0.37
TRD30007244,ORD20001746,C100184,2026-10-02,870.8,0.2612,0.0,0.0259,0.0009,0.0261,0.0518,0.0,0.37
TRD30007245,ORD20001746,C100184,2026-10-02,6531.0,1.9593,0.0,0.194,0.0065,0.1959,0.3888,0.0,2.74
TRD30007246,ORD20001197,C100044,2026-10-02,35052.0,10.5156,8.763,1.041,0.0351,0.0,2.0865,0.0,22.44
TRD30007247,ORD20001197,C100044,2026-10-02,17538.9,5.2617,4.3847,0.5209,0.0175,0.0,1.044,0.0,11.23
TRD30007248,ORD20001197,C100044,2026-10-02,32096.35,9.6289,8.0241,0.9533,0.0321,0.0,1.9106,0.0,20.55
TRD30007249,ORD20004218,C100162,2026-10-02,12100.3,3.6301,3.0251,0.3594,0.0121,0.0,0.7203,0.0,7.75
TRD30007250,ORD20002660,C100057,2026-10-02,15615.9,4.6848,15.6159,0.4638,0.0156,2.3424,0.9296,0.0,24.05
TRD30007251,ORD20002660,C100057,2026-10-02,43377.5,13.0132,43.3775,1.2883,0.0434,6.5066,2.5821,0.0,66.81
TRD30007252,ORD20002972,C100166,2026-10-02,47603.4,14.281,11.9008,1.4138,0.0476,0.0,2.8336,0.0,30.48
TRD30007253,ORD20003056,C100150,2026-10-02,11871.25,0.0,11.8712,0.3526,0.0119,0.0,0.0656,15.34,27.64
TRD30007254,ORD20003056,C100150,2026-10-02,11871.25,0.0,11.8712,0.3526,0.0119,0.0,0.0656,0.0,12.3
TRD30007255,ORD20003378,C100075,2026-10-02,64587.6,19.3763,16.1469,1.9183,0.0646,0.0,3.8446,0.0,41.35
TRD30007256,ORD20001873,C100172,2026-10-02,1660.1,0.498,0.0,0.0493,0.0017,0.0498,0.0988,0.0,0.7
TRD30007257,ORD20001873,C100172,2026-10-02,1657.9,0.4974,0.0,0.0492,0.0017,0.0497,0.0987,0.0,0.7
TRD30007258,ORD20001873,C100172,2026-10-02,1659.85,0.498,0.0,0.0493,0.0017,0.0498,0.0988,0.0,0.7
TRD30007259,ORD20003054,C100044,2026-10-02,2997.6,0.8993,0.7494,0.089,0.003,0.0,0.1784,0.0,1.92
TRD30007260,ORD20003054,C100044,2026-10-02,9992.0,2.9976,2.498,0.2968,0.01,0.0,0.5948,0.0,6.4
TRD30007261,ORD20002179,C100143,2026-10-02,35712.4,0.0,35.7124,1.0607,0.0357,0.0,0.1973,15.34,52.35
TRD30007262,ORD20002179,C100143,2026-10-02,18810.0,0.0,18.81,0.5587,0.0188,0.0,0.1039,0.0,19.49
TRD30007263,ORD20002179,C100143,2026-10-02,13160.7,0.0,13.1607,0.3909,0.0132,0.0,0.0727,0.0,13.64
TRD30007264,ORD20001594,C100146,2026-10-02,5824.3,0.0,5.8243,0.173,0.0058,0.8736,0.0322,0.0,6.91
TRD30007265,ORD20001594,C100146,2026-10-02,2909.4,0.0,2.9094,0.0864,0.0029,0.4364,0.0161,0.0,3.45
TRD30007266,ORD20001594,C100146,2026-10-02,2910.3,0.0,2.9103,0.0864,0.0029,0.4365,0.0161,0.0,3.45
TRD30007267,ORD20001164,C100148,2026-10-02,53028.9,0.0,53.0289,1.575,0.053,7.9543,0.293,0.0,62.9
TRD30007268,ORD20003559,C100066,2026-10-02,4552.3,1.3657,1.1381,0.1352,0.0046,0.0,0.271,0.0,2.91
TRD30007269,ORD20004933,C100187,2026-10-02,1594.9,0.4785,0.0,0.0474,0.0016,0.0478,0.0949,0.0,0.67
TRD30007270,ORD20001099,C100151,2026-10-02,5538.75,0.0,5.5388,0.1645,0.0055,0.0,0.0306,15.34,21.08
TRD30007271,ORD20001099,C100151,2026-10-02,22155.0,0.0,22.155,0.658,0.0222,0.0,0.1224,0.0,22.96
TRD30007272,ORD20000091,C100060,2026-10-02,34021.5,0.0,34.0215,1.0104,0.034,5.1032,0.188,0.0,40.36
TRD30007273,ORD20000091,C100060,2026-10-02,9072.4,0.0,9.0724,0.2695,0.0091,1.3609,0.0501,0.0,10.76
TRD30007274,ORD20000091,C100060,2026-10-02,11340.5,0.0,11.3405,0.3368,0.0113,1.7011,0.0627,0.0,13.45
TRD30007275,ORD20001547,C100185,2026-10-02,12585.3,3.7756,0.0,0.3738,0.0126,0.3776,0.7492,0.0,5.29
TRD30007276,ORD20001547,C100185,2026-10-02,1936.2,0.5809,0.0,0.0575,0.0019,0.0581,0.1153,0.0,0.81
TRD30007277,ORD20001547,C100185,2026-10-02,14521.5,4.3564,0.0,0.4313,0.0145,0.4356,0.8644,0.0,6.1
TRD30007278,ORD20004526,C100154,2026-10-02,23228.45,0.0,23.2285,0.6899,0.0232,3.4843,0.1284,0.0,27.55
TRD30007279,ORD20004526,C100154,2026-10-02,1222.55,0.0,1.2226,0.0363,0.0012,0.1834,0.0068,0.0,1.45
TRD30007280,ORD20004526,C100154,2026-10-02,2445.1,0.0,2.4451,0.0726,0.0024,0.3668,0.0135,0.0,2.9
TRD30007281,ORD20002749,C100100,2026-10-02,3208.05,0.9624,0.802,0.0953,0.0032,0.0,0.191,0.0,2.05
TRD30007282,ORD20002749,C100100,2026-10-02,713.1,0.2139,0.1783,0.0212,0.0007,0.0,0.0424,0.0,0.46
TRD30007283,ORD20002749,C100100,2026-10-02,713.0,0.2139,0.1782,0.0212,0.0007,0.0,0.0424,0.0,0.46
TRD30007284,ORD20000470,C100013,2026-10-02,23795.0,7.1385,23.795,0.7067,0.0238,0.0,1.4164,15.34,48.42
TRD30007285,ORD20004934,C100051,2026-10-02,8573.75,2.5721,0.0,0.2546,0.0086,0.2572,0.5104,0.0,3.6
TRD30007286,ORD20004934,C100051,2026-10-02,902.5,0.2708,0.0,0.0268,0.0009,0.0271,0.0537,0.0,0.38
TRD30007287,ORD20003856,C100187,2026-10-02,128855.2,20.0,32.2138,3.827,0.1289,0.0,4.3121,0.0,60.48
TRD30007288,ORD20003856,C100187,2026-10-02,9804.2,2.9413,2.4511,0.2912,0.0098,0.0,0.5836,0.0,6.28
TRD30007289,ORD20004883,C100045,2026-10-02,958.5,0.2875,0.2396,0.0285,0.001,0.0,0.0571,0.0,0.61
TRD30007290,ORD20000754,C100186,2026-10-02,28947.2,8.6842,0.0,0.8597,0.0289,0.8684,1.7231,0.0,12.16
TRD30007291,ORD20002562,C100116,2026-10-02,136730.9,20.0,0.0,4.0609,0.1367,4.1019,4.3556,0.0,32.66
TRD30007292,ORD20002229,C100121,2026-10-02,45511.2,13.6534,0.0,1.3517,0.0455,1.3653,2.7091,0.0,19.12
TRD30007293,ORD20002862,C100030,2026-10-02,2799.0,0.8397,0.0,0.0831,0.0028,0.084,0.1666,0.0,1.18
TRD30007294,ORD20002862,C100030,2026-10-02,4665.0,1.3995,0.0,0.1386,0.0047,0.14,0.2777,0.0,1.96
TRD30007295,ORD20004470,C100084,2026-10-02,3407.55,1.0223,0.8519,0.1012,0.0034,0.0,0.2028,0.0,2.18
TRD30007296,ORD20004470,C100084,2026-10-02,20451.6,6.1355,5.1129,0.6074,0.0205,0.0,1.2174,0.0,13.09
TRD30007297,ORD20004470,C100084,2026-10-02,45546.0,13.6638,11.3865,1.3527,0.0455,0.0,2.7112,0.0,29.16
TRD30007298,ORD20004380,C100005,2026-10-02,47192.0,14.1576,0.0,1.4016,0.0472,1.4158,2.8092,0.0,19.83
TRD30007299,ORD20004380,C100005,2026-10-02,81406.2,20.0,0.0,2.4178,0.0814,2.4422,4.0499,0.0,28.99
TRD30007300,ORD20001972,C100026,2026-10-02,898.4,0.2695,0.0,0.0267,0.0009,0.027,0.0535,0.0,0.38
TRD30007301,ORD20001972,C100026,2026-10-02,4492.0,1.3476,0.0,0.1334,0.0045,0.1348,0.2674,0.0,1.89
TRD30007302,ORD20003702,C100097,2026-10-02,35048.0,10.5144,8.762,1.0409,0.035,0.0,2.0863,0.0,22.44
TRD30007303,ORD20002476,C100076,2026-10-02,5764.2,0.0,5.7642,0.1712,0.0058,0.8646,0.0319,0.0,6.84
TRD30007304,ORD20004106,C100172,2026-10-02,42359.4,12.7078,0.0,1.2581,0.0424,1.2708,2.5215,0.0,17.8
TRD30007305,ORD20002670,C100156,2026-10-02,33553.0,0.0,33.553,0.9965,0.0336,5.0329,0.1854,0.0,39.8
TRD30007306,ORD20002584,C100139,2026-10-02,1375.2,0.4126,0.0,0.0408,0.0014,0.0413,0.0819,0.0,0.58
TRD30007307,ORD20002584,C100139,2026-10-02,2750.4,0.8251,0.0,0.0817,0.0028,0.0825,0.1637,0.0,1.16
TRD30007308,ORD20002398,C100000,2026-10-02,12421.25,3.7264,3.1053,0.3689,0.0124,0.0,0.7394,0.0,7.95
TRD30007309,ORD20002398,C100000,2026-10-02,12421.25,3.7264,3.1053,0.3689,0.0124,0.0,0.7394,0.0,7.95
TRD30007310,ORD20001887,C100018,2026-10-02,21927.6,6.5783,5.4819,0.6512,0.0219,0.0,1.3053,0.0,14.04
TRD30007311,ORD20001887,C100018,2026-10-02,2436.4,0.7309,0.6091,0.0724,0.0024,0.0,0.145,0.0,1.56
TRD30007312,ORD20001887,C100018,2026-10-02,2436.4,0.7309,0.6091,0.0724,0.0024,0.0,0.145,0.0,1.56
TRD30007313,ORD20000056,C100037,2026-10-02,27505.0,0.0,27.505,0.8169,0.0275,4.1258,0.152,0.0,32.63
TRD30007314,ORD20000056,C100037,2026-10-02,24746.4,0.0,24.7464,0.735,0.0247,3.712,0.1367,0.0,29.35
TRD30007315,ORD20004869,C100140,2026-10-02,4065.45,1.2196,0.0,0.1207,0.0041,0.122,0.242,0.0,1.71
TRD30007316,ORD20004869,C100140,2026-10-02,4060.95,1.2183,0.0,0.1206,0.0041,0.1218,0.2417,0.0,1.71
TRD30007317,ORD20004869,C100140,2026-10-02,29779.2,8.9338,0.0,0.8844,0.0298,0.8934,1.7726,0.0,12.51
TRD30007318,ORD20003584,C100054,2026-10-02,98127.0,0.0,98.127,2.9144,0.0981,14.719,0.5422,0.0,116.4
TRD30007319,ORD20000036,C100125,2026-10-02,11386.0,3.4158,2.8465,0.3382,0.0114,0.0,0.6778,0.0,7.29
TRD30007320,ORD20000036,C100125,2026-10-02,11386.0,3.4158,2.8465,0.3382,0.0114,0.0,0.6778,0.0,7.29
TRD30007321,ORD20001367,C100078,2026-10-02,78366.4,0.0,78.3664,2.3275,0.0784,0.0,0.4331,15.34,96.55
TRD30007322,ORD20001367,C100078,2026-10-02,19591.6,0.0,19.5916,0.5819,0.0196,0.0,0.1083,0.0,20.3
TRD30007323,ORD20001367,C100078,2026-10-02,22390.4,0.0,22.3904,0.665,0.0224,0.0,0.1237,0.0,23.2
TRD30007324,ORD20001942,C100000,2026-10-02,46726.7,0.0,46.7267,1.3878,0.0467,7.009,0.2582,0.0,55.43
TRD30007325,ORD20001331,C100028,2026-10-02,13221.0,3.9663,3.3052,0.3927,0.0132,0.0,0.787,0.0,8.46
TRD30007326,ORD20002872,C100020,2026-10-02,12199.65,0.0,12.1996,0.3623,0.0122,1.8299,0.0674,0.0,14.47
TRD30007327,ORD20000882,C100084,2026-10-02,54495.35,16.3486,0.0,1.6185,0.0545,1.6349,3.2439,0.0,22.9
TRD30007328,ORD20001021,C100100,2026-10-02,25977.6,0.0,25.9776,0.7715,0.026,3.8966,0.1436,0.0,30.82
TRD30007329,ORD20001021,C100100,2026-10-02,63500.8,0.0,63.5008,1.886,0.0635,9.5251,0.3509,0.0,75.33
TRD30007330,ORD20001021,C100100,2026-10-02,31750.4,0.0,31.7504,0.943,0.0318,4.7626,0.1755,0.0,37.66
TRD30007331,ORD20004807,C100143,2026-10-02,61603.25,18.481,0.0,1.8296,0.0616,1.8481,3.667,0.0,25.89
TRD30007332,ORD20004807,C100143,2026-10-02,12308.4,3.6925,0.0,0.3656,0.0123,0.3693,0.7327,0.0,5.17
TRD30007333,ORD20004807,C100143,2026-10-02,36920.55,11.0762,0.0,1.0965,0.0369,1.1076,2.1977,0.0,15.51
TRD30007334,ORD20001822,C100057,2026-10-02,2436.45,0.7309,2.4364,0.0724,0.0024,0.3655,0.145,0.0,3.75
TRD30007335,ORD20001822,C100057,2026-10-02,2435.7,0.7307,2.4357,0.0723,0.0024,0.3654,0.145,0.0,3.75
TRD30007336,ORD20000731,C100082,2026-10-02,28875.0,8.6625,0.0,0.8576,0.0289,0.8662,1.7188,0.0,12.13
TRD30007337,ORD20000731,C100082,2026-10-02,17325.0,5.1975,0.0,0.5146,0.0173,0.5198,1.0313,0.0,7.28
TRD30007338,ORD20000731,C100082,2026-10-02,13860.0,4.158,0.0,0.4116,0.0139,0.4158,0.825,0.0,5.82
TRD30007339,ORD20003136,C100122,2026-10-02,8518.35,2.5555,2.1296,0.253,0.0085,0.0,0.5071,0.0,5.45
TRD30007340,ORD20002579,C100099,2026-10-02,106148.45,20.0,26.5371,3.1526,0.1061,0.0,4.1866,0.0,53.98
TRD30007341,ORD20002579,C100099,2026-10-02,27292.4,8.1877,6.8231,0.8106,0.0273,0.0,1.6246,0.0,17.47
TRD30007342,ORD20001017,C100046,2026-10-02,2491.25,0.7474,0.0,0.074,0.0025,0.0747,0.1483,0.0,1.05
TRD30007343,ORD20001216,C100103,2026-10-02,12216.05,0.0,12.216,0.3628,0.0122,0.0,0.0675,15.34,28.0
TRD30007344,ORD20001216,C100103,2026-10-02,36604.5,0.0,36.6045,1.0872,0.0366,0.0,0.2023,0.0,37.93
TRD30007345,ORD20001216,C100103,2026-10-02,24398.4,0.0,24.3984,0.7246,0.0244,0.0,0.1348,0.0,25.28
TRD30007346,ORD20002147,C100021,2026-10-02,25149.6,7.5449,0.0,0.7469,0.0251,0.7545,1.4971,0.0,10.57
TRD30007347,ORD20002147,C100021,2026-10-02,77694.3,20.0,0.0,2.3075,0.0777,2.3308,4.0293,0.0,28.75
TRD30007348,ORD20000108,C100144,2026-10-02,10111.95,0.0,10.112,0.3003,0.0101,0.0,0.0559,15.34,25.82
TRD30007349,ORD20003235,C100182,2026-10-02,6337.0,1.9011,6.337,0.1882,0.0063,0.0,0.3772,15.34,24.15
TRD30007350,ORD20004511,C100176,2026-10-02,13394.8,4.0184,0.0,0.3978,0.0134,0.4018,0.7973,0.0,5.63
TRD30007351,ORD20004511,C100176,2026-10-02,1674.35,0.5023,0.0,0.0497,0.0017,0.0502,0.0997,0.0,0.7
TRD30007352,ORD20004511,C100176,2026-10-02,5023.05,1.5069,0.0,0.1492,0.005,0.1507,0.299,0.0,2.11
TRD30007353,ORD20003664,C100095,2026-10-02,16343.8,4.9031,4.0859,0.4854,0.0163,0.0,0.9729,0.0,10.46
TRD30007354,ORD20003664,C100095,2026-10-02,12257.85,3.6774,3.0645,0.3641,0.0123,0.0,0.7297,0.0,7.85
TRD30007355,ORD20004374,C100193,2026-10-02,43822.8,13.1468,10.9557,1.3015,0.0438,0.0,2.6086,0.0,28.06
TRD30007356,ORD20004374,C100193,2026-10-02,3130.2,0.9391,0.7826,0.093,0.0031,0.0,0.1863,0.0,2.0
TRD30007357,ORD20004374,C100193,2026-10-02,7042.95,2.1129,1.7607,0.2092,0.007,0.0,0.4192,0.0,4.51
TRD30007358,ORD20001815,C100069,2026-10-02,3082.45,0.9247,0.7706,0.0915,0.0031,0.0,0.1835,0.0,1.97
TRD30007359,ORD20001815,C100069,2026-10-02,3082.45,0.9247,0.7706,0.0915,0.0031,0.0,0.1835,0.0,1.97
TRD30007360,ORD20002429,C100005,2026-10-02,2411.3,0.0,2.4113,0.0716,0.0024,0.0,0.0133,15.34,17.84
TRD30007361,ORD20002429,C100005,2026-10-02,4822.6,0.0,4.8226,0.1432,0.0048,0.0,0.0266,0.0,5.0
TRD30007362,ORD20002429,C100005,2026-10-02,40992.1,0.0,40.9921,1.2175,0.041,0.0,0.2265,0.0,42.48
TRD30007364,ORD20000595,C100145,2026-10-02,21857.4,0.0,21.8574,0.6492,0.0219,0.0,0.1208,15.34,37.99
TRD30007363,ORD20004346,C100178,2026-10-02,11892.75,3.5678,2.9732,0.3532,0.0119,0.0,0.7079,0.0,7.61
TRD30007365,ORD20000595,C100145,2026-10-02,12141.0,0.0,12.141,0.3606,0.0121,0.0,0.0671,0.0,12.58
TRD30007366,ORD20003527,C100135,2026-10-02,947.5,0.0,0.9475,0.0281,0.0009,0.1421,0.0052,0.0,1.12
TRD30007367,ORD20003527,C100135,2026-10-02,13251.7,0.0,13.2517,0.3936,0.0133,1.9878,0.0732,0.0,15.72
TRD30007368,ORD20003251,C100056,2026-10-02,71059.3,20.0,0.0,2.1105,0.0711,2.1318,3.9927,0.0,28.31
TRD30007369,ORD20003631,C100011,2026-10-02,15538.2,4.6615,3.8846,0.4615,0.0155,0.0,0.9249,0.0,9.95
TRD30007370,ORD20003631,C100011,2026-10-02,70041.6,20.0,17.5104,2.0802,0.07,0.0,3.987,0.0,43.65
TRD30007371,ORD20002907,C100115,2026-10-02,740.8,0.2222,0.1852,0.022,0.0007,0.0,0.0441,0.0,0.47
TRD30007372,ORD20002907,C100115,2026-10-02,4073.3,1.222,1.0183,0.121,0.0041,0.0,0.2425,0.0,2.61
TRD30007373,ORD20002907,C100115,2026-10-02,1111.2,0.3334,0.2778,0.033,0.0011,0.0,0.0661,0.0,0.71
TRD30007374,ORD20002784,C100110,2026-10-02,86310.7,20.0,0.0,2.5634,0.0863,2.5893,4.077,0.0,29.32
TRD30007375,ORD20002784,C100110,2026-10-02,24701.0,7.4103,0.0,0.7336,0.0247,0.741,1.4704,0.0,10.38
TRD30007376,ORD20001407,C100008,2026-10-02,8876.7,2.663,0.0,0.2636,0.0089,0.2663,0.5284,0.0,3.73
TRD30007377,ORD20004399,C100108,2026-10-02,15551.0,4.6653,0.0,0.4619,0.0156,0.4665,0.9257,0.0,6.54
TRD30007378,ORD20004399,C100108,2026-10-02,3894.15,1.1682,0.0,0.1157,0.0039,0.1168,0.2318,0.0,1.64
TRD30007379,ORD20004399,C100108,2026-10-02,46650.6,13.9952,0.0,1.3855,0.0467,1.3995,2.7769,0.0,19.6
TRD30007380,ORD20000560,C100145,2026-10-02,2808.1,0.0,2.8081,0.0834,0.0028,0.0,0.0155,15.34,18.25
TRD30007381,ORD20004691,C100190,2026-10-02,2700.0,0.0,2.7,0.0802,0.0027,0.0,0.0149,15.34,18.14
TRD30007382,ORD20004691,C100190,2026-10-02,18900.0,0.0,18.9,0.5613,0.0189,0.0,0.1044,0.0,19.58
TRD30007383,ORD20004691,C100190,2026-10-02,11700.0,0.0,11.7,0.3475,0.0117,0.0,0.0647,0.0,12.12
TRD30007384,ORD20004914,C100003,2026-10-02,7125.6,2.1377,0.0,0.2116,0.0071,0.2138,0.4242,0.0,2.99
TRD30007385,ORD20004914,C100003,2026-10-02,14251.2,4.2754,0.0,0.4233,0.0143,0.4275,0.8483,0.0,5.99
TRD30007386,ORD20003676,C100124,2026-10-02,1182.85,0.3549,0.0,0.0351,0.0012,0.0355,0.0704,0.0,0.5
TRD30007387,ORD20003676,C100124,2026-10-02,2366.5,0.71,0.0,0.0703,0.0024,0.071,0.1409,0.0,0.99
TRD30007388,ORD20003676,C100124,2026-10-02,1183.65,0.3551,0.0,0.0352,0.0012,0.0355,0.0705,0.0,0.5
TRD30007389,ORD20002867,C100070,2026-10-02,1645.55,0.0,1.6456,0.0489,0.0016,0.0,0.0091,15.34,17.05
TRD30007390,ORD20002571,C100068,2026-10-02,1918.6,0.5756,0.4796,0.057,0.0019,0.0,0.1142,0.0,1.23
TRD30007391,ORD20002571,C100068,2026-10-02,4798.75,1.4396,1.1997,0.1425,0.0048,0.0,0.2857,0.0,3.07
TRD30007392,ORD20002135,C100186,2026-10-02,33739.2,0.0,33.7392,1.0021,0.0337,0.0,0.1864,15.34,50.3
TRD30007393,ORD20002135,C100186,2026-10-02,32489.6,0.0,32.4896,0.9649,0.0325,0.0,0.1795,0.0,33.67
TRD30007394,ORD20002135,C100186,2026-10-02,77475.2,0.0,77.4752,2.301,0.0775,0.0,0.4281,0.0,80.28
TRD30007395,ORD20002387,C100117,2026-10-02,6259.4,1.8778,1.5648,0.1859,0.0063,0.0,0.3726,0.0,4.01
TRD30007396,ORD20003615,C100036,2026-10-02,2828.7,0.8486,0.7072,0.084,0.0028,0.0,0.1684,0.0,1.81
TRD30007397,ORD20004488,C100198,2026-10-02,74089.4,20.0,0.0,2.2005,0.0741,2.2227,4.0094,0.0,28.51
TRD30007398,ORD20000479,C100062,2026-10-02,6735.2,2.0206,1.6838,0.2,0.0067,0.0,0.4009,0.0,4.31
TRD30007399,ORD20004724,C100107,2026-10-02,130660.2,20.0,32.665,3.8806,0.1307,0.0,4.322,0.0,61.0
TRD30007400,ORD20003974,C100115,2026-10-02,5129.25,1.5388,1.2823,0.1523,0.0051,0.0,0.3053,0.0,3.28
TRD30007401,ORD20003974,C100115,2026-10-02,8548.75,2.5646,2.1372,0.2539,0.0085,0.0,0.5089,0.0,5.47
TRD30007402,ORD20003974,C100115,2026-10-02,1709.75,0.5129,0.4274,0.0508,0.0017,0.0,0.1018,0.0,1.09
TRD30007403,ORD20000910,C100049,2026-10-02,1246.8,0.374,0.0,0.037,0.0012,0.0374,0.0742,0.0,0.52
TRD30007404,ORD20000910,C100049,2026-10-02,7480.8,2.2442,0.0,0.2222,0.0075,0.2244,0.4453,0.0,3.14
TRD30007405,ORD20000910,C100049,2026-10-02,1246.8,0.374,0.0,0.037,0.0012,0.0374,0.0742,0.0,0.52
TRD30007406,ORD20001297,C100017,2026-10-02,804.8,0.2414,0.0,0.0239,0.0008,0.0241,0.0479,0.0,0.34
TRD30007407,ORD20001297,C100017,2026-10-02,4024.0,1.2072,0.0,0.1195,0.004,0.1207,0.2395,0.0,1.69
TRD30007408,ORD20001297,C100017,2026-10-02,7243.2,2.173,0.0,0.2151,0.0072,0.2173,0.4312,0.0,3.04
TRD30007409,ORD20002183,C100064,2026-10-02,5268.0,1.5804,1.317,0.1565,0.0053,0.0,0.3136,0.0,3.37
TRD30007410,ORD20000750,C100047,2026-10-02,29468.0,8.8404,7.367,0.8752,0.0295,0.0,1.7541,0.0,18.87
TRD30007411,ORD20000750,C100047,2026-10-02,556.0,0.1668,0.139,0.0165,0.0006,0.0,0.0331,0.0,0.36
TRD30007412,ORD20000750,C100047,2026-10-02,24742.0,7.4226,6.1855,0.7348,0.0247,0.0,1.4728,0.0,15.84
TRD30007413,ORD20001567,C100077,2026-10-02,2756.65,0.827,0.0,0.0819,0.0028,0.0827,0.1641,0.0,1.16
TRD30007414,ORD20001567,C100077,2026-10-02,2755.85,0.8268,0.0,0.0818,0.0028,0.0827,0.164,0.0,1.16
TRD30007415,ORD20002711,C100006,2026-10-02,1348.7,0.4046,0.3372,0.0401,0.0013,0.0,0.0803,0.0,0.86
TRD30007416,ORD20002711,C100006,2026-10-02,6743.5,2.023,1.6859,0.2003,0.0067,0.0,0.4014,0.0,4.32
TRD30007417,ORD20001157,C100098,2026-10-02,11507.0,3.4521,2.8768,0.3418,0.0115,0.0,0.685,0.0,7.37
TRD30007418,ORD20001157,C100098,2026-10-02,11507.0,3.4521,2.8768,0.3418,0.0115,0.0,0.685,0.0,7.37
TRD30007419,ORD20001027,C100199,2026-10-02,12014.9,3.6045,0.0,0.3568,0.012,0.3604,0.7152,0.0,5.05
TRD30007420,ORD20001386,C100019,2026-10-02,1676.7,0.503,0.0,0.0498,0.0017,0.0503,0.0998,0.0,0.7
TRD30007421,ORD20001386,C100019,2026-10-02,1676.7,0.503,0.0,0.0498,0.0017,0.0503,0.0998,0.0,0.7
TRD30007424,ORD20004216,C100007,2026-10-02,21930.3,6.5791,5.4826,0.6513,0.0219,0.0,1.3054,0.0,14.04
TRD30007425,ORD20004216,C100007,2026-10-02,6613.9,1.9842,1.6535,0.1964,0.0066,0.0,0.3937,0.0,4.23
TRD30007422,ORD20000920,C100184,2026-10-02,5574.3,1.6723,1.3936,0.1656,0.0056,0.0,0.3318,0.0,3.57
TRD30007423,ORD20000920,C100184,2026-10-02,928.7,0.2786,0.2322,0.0276,0.0009,0.0,0.0553,0.0,0.59
TRD30007426,ORD20002149,C100047,2026-10-02,27983.2,0.0,27.9832,0.8311,0.028,0.0,0.1546,15.34,44.34
TRD30007427,ORD20000890,C100190,2026-10-02,3677.85,1.1034,0.0,0.1092,0.0037,0.1103,0.2189,0.0,1.55
TRD30007428,ORD20000890,C100190,2026-10-02,1226.7,0.368,0.0,0.0364,0.0012,0.0368,0.073,0.0,0.52
TRD30007429,ORD20000765,C100099,2026-10-02,4654.4,0.0,4.6544,0.1382,0.0047,0.0,0.0257,15.34,20.16
TRD30007430,ORD20000765,C100099,2026-10-02,2325.55,0.0,2.3256,0.0691,0.0023,0.0,0.0129,0.0,2.41
TRD30007431,ORD20000765,C100099,2026-10-02,2330.65,0.0,2.3307,0.0692,0.0023,0.0,0.0129,0.0,2.42
TRD30007432,ORD20003841,C100014,2026-10-02,13964.65,4.1894,3.4912,0.4148,0.014,0.0,0.8313,0.0,8.94
TRD30007433,ORD20003841,C100014,2026-10-02,41072.5,12.3218,10.2681,1.2199,0.0411,0.0,2.4449,0.0,26.3
TRD30007434,ORD20003841,C100014,2026-10-02,19714.8,5.9144,4.9287,0.5855,0.0197,0.0,1.1735,0.0,12.62
TRD30007435,ORD20003547,C100126,2026-10-02,83209.5,0.0,83.2095,2.4713,0.0832,0.0,0.4598,15.34,101.56
TRD30007436,ORD20003547,C100126,2026-10-02,30256.2,0.0,30.2562,0.8986,0.0303,0.0,0.1672,0.0,31.35
TRD30007437,ORD20002377,C100124,2026-10-02,1351.35,0.4054,0.3378,0.0401,0.0014,0.0,0.0804,0.0,0.87
TRD30007438,ORD20002377,C100124,2026-10-02,451.3,0.1354,0.1128,0.0134,0.0005,0.0,0.0269,0.0,0.29
TRD30007439,ORD20002377,C100124,2026-10-02,2251.5,0.6754,0.5629,0.0669,0.0023,0.0,0.134,0.0,1.44
TRD30007440,ORD20003605,C100165,2026-10-02,14437.2,4.3312,14.4372,0.4288,0.0144,2.1656,0.8594,0.0,22.24
TRD30007441,ORD20003605,C100165,2026-10-02,9624.0,2.8872,9.624,0.2858,0.0096,1.4436,0.5729,0.0,14.82
TRD30007442,ORD20000415,C100054,2026-10-02,8974.0,2.6922,0.0,0.2665,0.009,0.2692,0.5342,0.0,3.77
TRD30007443,ORD20000038,C100022,2026-10-02,1363.8,0.4091,0.3409,0.0405,0.0014,0.0,0.0812,0.0,0.87
TRD30007444,ORD20000038,C100022,2026-10-02,1704.75,0.5114,0.4262,0.0506,0.0017,0.0,0.1015,0.0,1.09
TRD30007445,ORD20000038,C100022,2026-10-02,3409.5,1.0228,0.8524,0.1013,0.0034,0.0,0.203,0.0,2.18
TRD30007446,ORD20002418,C100048,2026-10-02,49309.35,14.7928,0.0,1.4645,0.0493,1.4793,2.9352,0.0,20.72
TRD30007447,ORD20002418,C100048,2026-10-02,10635.35,3.1906,0.0,0.3159,0.0106,0.3191,0.6331,0.0,4.47
TRD30007448,ORD20000366,C100167,2026-10-02,2757.0,0.8271,0.0,0.0819,0.0028,0.0827,0.1641,0.0,1.16
TRD30007449,ORD20002113,C100024,2026-10-02,11991.1,0.0,11.9911,0.3561,0.012,0.0,0.0663,15.34,27.77
TRD30007450,ORD20002113,C100024,2026-10-02,48061.6,0.0,48.0616,1.4274,0.0481,0.0,0.2656,0.0,49.8
TRD30007451,ORD20003904,C100047,2026-10-02,35204.45,10.5613,8.8011,1.0456,0.0352,0.0,2.0956,0.0,22.54
TRD30007452,ORD20003904,C100047,2026-10-02,68712.3,20.0,17.1781,2.0408,0.0687,0.0,3.9797,0.0,43.27
TRD30007453,ORD20001274,C100019,2026-10-02,106689.6,20.0,0.0,3.1687,0.1067,3.2007,4.1896,0.0,30.67
TRD30007454,ORD20000442,C100166,2026-10-02,1934.6,0.5804,0.4836,0.0575,0.0019,0.0,0.1152,0.0,1.24
TRD30007455,ORD20000442,C100166,2026-10-02,3871.6,1.1615,0.9679,0.115,0.0039,0.0,0.2305,0.0,2.48
TRD30007456,ORD20002423,C100190,2026-10-02,2846.6,0.854,0.0,0.0845,0.0028,0.0854,0.1694,0.0,1.2
TRD30007457,ORD20002423,C100190,2026-10-02,2849.1,0.8547,0.0,0.0846,0.0028,0.0855,0.1696,0.0,1.2
TRD30007458,ORD20000130,C100039,2026-10-02,10516.25,3.1549,0.0,0.3123,0.0105,0.3155,0.626,0.0,4.42
TRD30007459,ORD20002974,C100104,2026-10-02,11517.3,3.4552,2.8793,0.3421,0.0115,0.0,0.6856,0.0,7.37
TRD30007460,ORD20003646,C100012,2026-10-02,5027.1,0.0,5.0271,0.1493,0.005,0.0,0.0278,15.34,20.55
TRD30007461,ORD20003646,C100012,2026-10-02,8364.0,0.0,8.364,0.2484,0.0084,0.0,0.0462,0.0,8.67
TRD30007462,ORD20001039,C100198,2026-10-02,66353.7,19.9061,16.5884,1.9707,0.0664,0.0,3.9498,0.0,42.48
TRD30007463,ORD20002605,C100058,2026-10-02,459.95,0.0,0.46,0.0137,0.0005,0.069,0.0025,0.0,0.55
TRD30007464,ORD20002605,C100058,2026-10-02,1379.85,0.0,1.3798,0.041,0.0014,0.207,0.0076,0.0,1.64
TRD30007465,ORD20002605,C100058,2026-10-02,3679.6,0.0,3.6796,0.1093,0.0037,0.5519,0.0203,0.0,4.36
TRD30007466,ORD20000716,C100162,2026-10-02,5823.5,0.0,5.8235,0.173,0.0058,0.8735,0.0322,0.0,6.91
TRD30007467,ORD20003948,C100038,2026-10-02,1128.75,0.3386,0.2822,0.0335,0.0011,0.0,0.0672,0.0,0.72
TRD30007468,ORD20003948,C100038,2026-10-02,1129.65,0.3389,0.2824,0.0336,0.0011,0.0,0.0672,0.0,0.72
TRD30007469,ORD20003948,C100038,2026-10-02,7532.0,2.2596,1.883,0.2237,0.0075,0.0,0.4483,0.0,4.82
TRD30007470,ORD20000572,C100034,2026-10-02,2337.8,0.7013,0.0,0.0694,0.0023,0.0701,0.1392,0.0,0.98
TRD30007471,ORD20000572,C100034,2026-10-02,4675.6,1.4027,0.0,0.1389,0.0047,0.1403,0.2783,0.0,1.96
TRD30007472,ORD20000572,C100034,2026-10-02,4675.6,1.4027,0.0,0.1389,0.0047,0.1403,0.2783,0.0,1.96
TRD30007473,ORD20001575,C100005,2026-10-02,3917.8,0.0,3.9178,0.1164,0.0039,0.0,0.0216,15.34,19.4
TRD30007474,ORD20001575,C100005,2026-10-02,7835.6,0.0,7.8356,0.2327,0.0078,0.0,0.0433,0.0,8.12
TRD30007475,ORD20001575,C100005,2026-10-02,11753.4,0.0,11.7534,0.3491,0.0118,0.0,0.0649,0.0,12.18
TRD30007476,ORD20004087,C100137,2026-10-02,723.7,0.2171,0.1809,0.0215,0.0007,0.0,0.0431,0.0,0.46
TRD30007477,ORD20004087,C100137,2026-10-02,361.85,0.1086,0.0905,0.0107,0.0004,0.0,0.0215,0.0,0.23
TRD30007478,ORD20004087,C100137,2026-10-02,3618.5,1.0856,0.9046,0.1075,0.0036,0.0,0.2154,0.0,2.32
TRD30007479,ORD20003495,C100183,2026-10-02,1394.85,0.4185,0.3487,0.0414,0.0014,0.0,0.083,0.0,0.89
TRD30007480,ORD20003495,C100183,2026-10-02,1859.8,0.5579,0.465,0.0552,0.0019,0.0,0.1107,0.0,1.19
TRD30007481,ORD20003495,C100183,2026-10-02,1394.85,0.4185,0.3487,0.0414,0.0014,0.0,0.083,0.0,0.89
TRD30007482,ORD20004579,C100193,2026-10-02,5402.6,1.6208,0.0,0.1605,0.0054,0.1621,0.3216,0.0,2.27
TRD30007484,ORD20001511,C100098,2026-10-02,11987.6,3.5963,2.9969,0.356,0.012,0.0,0.7136,0.0,7.67
TRD30007483,ORD20004579,C100193,2026-10-02,771.9,0.2316,0.0,0.0229,0.0008,0.0232,0.0459,0.0,0.32
TRD30007485,ORD20001511,C100098,2026-10-02,11987.6,3.5963,2.9969,0.356,0.012,0.0,0.7136,0.0,7.67
TRD30007486,ORD20003304,C100173,2026-10-02,1251.8,0.0,1.2518,0.0372,0.0013,0.0,0.0069,15.34,16.64
TRD30007487,ORD20003304,C100173,2026-10-02,2501.8,0.0,2.5018,0.0743,0.0025,0.0,0.0138,0.0,2.59
TRD30007488,ORD20003824,C100134,2026-10-02,11812.6,3.5438,0.0,0.3508,0.0118,0.3544,0.7032,0.0,4.96
TRD30007489,ORD20004649,C100042,2026-10-02,2889.3,0.8668,0.7223,0.0858,0.0029,0.0,0.172,0.0,1.85
TRD30007490,ORD20000374,C100077,2026-10-02,71309.25,0.0,71.3092,2.1179,0.0713,0.0,0.3941,15.34,89.23
TRD30007491,ORD20001856,C100119,2026-10-02,9028.25,0.0,9.0282,0.2681,0.009,0.0,0.0499,15.34,24.7
TRD30007492,ORD20000972,C100102,2026-10-02,140078.4,0.0,140.0784,4.1603,0.1401,21.0118,0.7741,0.0,166.16
TRD30007493,ORD20001930,C100112,2026-10-02,4587.7,1.3763,4.5877,0.1363,0.0046,0.0,0.2731,15.34,21.72
TRD30007494,ORD20001930,C100112,2026-10-02,4593.8,1.3781,4.5938,0.1364,0.0046,0.0,0.2735,0.0,6.39
TRD30007495,ORD20001930,C100112,2026-10-02,16078.3,4.8235,16.0783,0.4775,0.0161,0.0,0.9571,0.0,22.35
TRD30007496,ORD20000708,C100159,2026-10-02,24457.9,0.0,24.4579,0.7264,0.0245,3.6687,0.1352,0.0,29.01
TRD30007497,ORD20000708,C100159,2026-10-02,4318.2,0.0,4.3182,0.1283,0.0043,0.6477,0.0239,0.0,5.12
TRD30007498,ORD20000708,C100159,2026-10-02,24467.25,0.0,24.4672,0.7267,0.0245,3.6701,0.1352,0.0,29.02
TRD30007499,ORD20002193,C100087,2026-10-02,5726.1,1.7178,1.4315,0.1701,0.0057,0.0,0.3409,0.0,3.67
TRD30007500,ORD20001287,C100185,2026-10-02,107796.15,20.0,0.0,3.2015,0.1078,3.2339,4.1957,0.0,30.74
TRD30007501,ORD20000013,C100083,2026-10-02,7352.85,2.2059,1.8382,0.2184,0.0074,0.0,0.4377,0.0,4.71
TRD30007502,ORD20000013,C100083,2026-10-02,7352.85,2.2059,1.8382,0.2184,0.0074,0.0,0.4377,0.0,4.71
TRD30007503,ORD20000132,C100134,2026-10-02,2875.0,0.0,2.875,0.0854,0.0029,0.4312,0.0159,0.0,3.41
TRD30007504,ORD20000132,C100134,2026-10-02,2875.0,0.0,2.875,0.0854,0.0029,0.4312,0.0159,0.0,3.41
TRD30007505,ORD20001238,C100096,2026-10-02,3380.6,0.0,3.3806,0.1004,0.0034,0.5071,0.0187,0.0,4.01
TRD30007506,ORD20001238,C100096,2026-10-02,3380.6,0.0,3.3806,0.1004,0.0034,0.5071,0.0187,0.0,4.01
TRD30007507,ORD20001238,C100096,2026-10-02,1690.3,0.0,1.6903,0.0502,0.0017,0.2535,0.0093,0.0,2.0
TRD30007508,ORD20000515,C100052,2026-10-02,7275.15,2.1825,1.8188,0.2161,0.0073,0.0,0.4331,0.0,4.66
TRD30007509,ORD20000515,C100052,2026-10-02,2425.05,0.7275,0.6063,0.072,0.0024,0.0,0.1444,0.0,1.55
TRD30007510,ORD20000515,C100052,2026-10-02,2425.05,0.7275,0.6063,0.072,0.0024,0.0,0.1444,0.0,1.55
TRD30007511,ORD20002165,C100180,2026-10-02,27251.0,0.0,27.251,0.8094,0.0273,4.0876,0.1506,0.0,32.33
TRD30007512,ORD20003507,C100009,2026-10-02,1383.95,0.0,1.384,0.0411,0.0014,0.2076,0.0076,0.0,1.64
TRD30007513,ORD20003507,C100009,2026-10-02,1382.1,0.0,1.3821,0.041,0.0014,0.2073,0.0076,0.0,1.64
TRD30007514,ORD20003911,C100099,2026-10-02,6225.2,1.8676,0.0,0.1849,0.0062,0.1868,0.3706,0.0,2.62
TRD30007515,ORD20004970,C100025,2026-10-02,3490.65,1.0472,0.8727,0.1037,0.0035,0.0,0.2078,0.0,2.23
TRD30007516,ORD20004970,C100025,2026-10-02,3488.2,1.0465,0.872,0.1036,0.0035,0.0,0.2076,0.0,2.23
TRD30007517,ORD20004970,C100025,2026-10-02,3491.7,1.0475,0.8729,0.1037,0.0035,0.0,0.2078,0.0,2.24
TRD30007518,ORD20004546,C100114,2026-10-02,465.4,0.1396,0.1164,0.0138,0.0005,0.0,0.0277,0.0,0.3
TRD30007519,ORD20004546,C100114,2026-10-02,930.8,0.2792,0.2327,0.0276,0.0009,0.0,0.0554,0.0,0.6
TRD30007520,ORD20004546,C100114,2026-10-02,10704.2,3.2113,2.676,0.3179,0.0107,0.0,0.6372,0.0,6.85
TRD30007521,ORD20001922,C100048,2026-10-02,6747.0,2.0241,0.0,0.2004,0.0067,0.2024,0.4016,0.0,2.84
TRD30007522,ORD20004010,C100027,2026-10-02,58144.0,17.4432,0.0,1.7269,0.0581,1.7443,3.4611,0.0,24.43
TRD30007523,ORD20002536,C100060,2026-10-02,4878.3,1.4635,0.0,0.1449,0.0049,0.1463,0.2904,0.0,2.05
TRD30007524,ORD20002536,C100060,2026-10-02,4878.3,1.4635,0.0,0.1449,0.0049,0.1463,0.2904,0.0,2.05
TRD30007525,ORD20002536,C100060,2026-10-02,2439.15,0.7317,0.0,0.0724,0.0024,0.0732,0.1452,0.0,1.02
TRD30007526,ORD20003281,C100019,2026-10-02,62318.1,18.6954,15.5795,1.8508,0.0623,0.0,3.7095,0.0,39.9
TRD30007527,ORD20001347,C100104,2026-10-02,1684.1,0.5052,0.0,0.05,0.0017,0.0505,0.1002,0.0,0.71
TRD30007528,ORD20001347,C100104,2026-10-02,5051.1,1.5153,0.0,0.15,0.0051,0.1515,0.3007,0.0,2.12
TRD30007529,ORD20001347,C100104,2026-10-02,3370.8,1.0112,0.0,0.1001,0.0034,0.1011,0.2007,0.0,1.42
TRD30007530,ORD20000500,C100125,2026-10-02,30292.3,9.0877,0.0,0.8997,0.0303,0.9088,1.8032,0.0,12.73
TRD30007531,ORD20001723,C100037,2026-10-02,33756.1,10.1268,8.439,1.0026,0.0338,0.0,2.0094,0.0,21.61
TRD30007532,ORD20004211,C100151,2026-10-02,34162.0,0.0,34.162,1.0146,0.0342,5.1243,0.1888,0.0,40.52
TRD30007533,ORD20000985,C100043,2026-10-02,1624.5,0.4873,0.0,0.0482,0.0016,0.0487,0.0967,0.0,0.68
TRD30007534,ORD20000985,C100043,2026-10-02,1625.75,0.4877,0.0,0.0483,0.0016,0.0488,0.0968,0.0,0.68
TRD30007535,ORD20000985,C100043,2026-10-02,1625.1,0.4875,0.0,0.0483,0.0016,0.0488,0.0967,0.0,0.68
TRD30007536,ORD20000195,C100195,2026-10-02,53024.4,15.9073,0.0,1.5748,0.053,1.5907,3.1563,0.0,22.28
TRD30007537,ORD20000195,C100195,2026-10-02,1606.8,0.482,0.0,0.0477,0.0016,0.0482,0.0956,0.0,0.68
TRD30007538,ORD20000195,C100195,2026-10-02,28119.0,8.4357,0.0,0.8351,0.0281,0.8436,1.6738,0.0,11.82
TRD30007539,ORD20002327,C100010,2026-10-02,8277.7,2.4833,2.0694,0.2458,0.0083,0.0,0.4927,0.0,5.3
TRD30007540,ORD20002327,C100010,2026-10-02,6838.1,2.0514,1.7095,0.2031,0.0068,0.0,0.407,0.0,4.38
TRD30007541,ORD20002327,C100010,2026-10-02,46067.2,13.8202,11.5168,1.3682,0.0461,0.0,2.7422,0.0,29.49
TRD30007542,ORD20002793,C100141,2026-10-02,22509.9,6.753,0.0,0.6685,0.0225,0.6753,1.3399,0.0,9.46
TRD30007543,ORD20002793,C100141,2026-10-02,7504.5,2.2514,0.0,0.2229,0.0075,0.2251,0.4467,0.0,3.15
TRD30007544,ORD20002793,C100141,2026-10-02,2500.85,0.7503,0.0,0.0743,0.0025,0.075,0.1489,0.0,1.05
TRD30007545,ORD20000613,C100181,2026-10-02,1118.4,0.0,1.1184,0.0332,0.0011,0.1678,0.0062,0.0,1.33
TRD30007546,ORD20000613,C100181,2026-10-02,3355.2,0.0,3.3552,0.0996,0.0034,0.5033,0.0185,0.0,3.98
TRD30007547,ORD20001559,C100006,2026-10-02,51790.4,0.0,51.7904,1.5382,0.0518,7.7686,0.2862,0.0,61.44
TRD30007548,ORD20001559,C100006,2026-10-02,3236.5,0.0,3.2365,0.0961,0.0032,0.4855,0.0179,0.0,3.84
TRD30007549,ORD20001559,C100006,2026-10-02,3240.9,0.0,3.2409,0.0963,0.0032,0.4861,0.0179,0.0,3.84
TRD30007550,ORD20001433,C100026,2026-10-02,4068.75,1.2206,1.0172,0.1208,0.0041,0.0,0.2422,0.0,2.6
TRD30007551,ORD20004263,C100081,2026-10-02,8938.5,2.6815,2.2346,0.2655,0.0089,0.0,0.5321,0.0,5.72
TRD30007552,ORD20002857,C100032,2026-10-02,24501.4,7.3504,6.1254,0.7277,0.0245,0.0,1.4585,0.0,15.69
TRD30007553,ORD20001229,C100110,2026-10-02,1201.65,0.0,1.2017,0.0357,0.0012,0.0,0.0066,15.34,16.59
TRD30007554,ORD20001229,C100110,2026-10-02,3604.95,0.0,3.605,0.1071,0.0036,0.0,0.0199,0.0,3.74
TRD30007555,ORD20001499,C100170,2026-10-02,7140.3,0.0,7.1403,0.2121,0.0071,0.0,0.0395,15.34,22.74
TRD30007556,ORD20001499,C100170,2026-10-02,2378.5,0.0,2.3785,0.0706,0.0024,0.0,0.0131,0.0,2.46
TRD30007557,ORD20001499,C100170,2026-10-02,3572.55,0.0,3.5726,0.1061,0.0036,0.0,0.0197,0.0,3.7
TRD30007558,ORD20000707,C100104,2026-10-02,2509.65,0.7529,0.0,0.0745,0.0025,0.0753,0.1494,0.0,1.05
TRD30007559,ORD20000707,C100104,2026-10-02,5017.0,1.5051,0.0,0.149,0.005,0.1505,0.2986,0.0,2.11
TRD30007560,ORD20001895,C100058,2026-10-02,17853.15,5.3559,4.4633,0.5302,0.0179,0.0,1.0627,0.0,11.43
TRD30007561,ORD20001895,C100058,2026-10-02,33520.2,10.0561,8.38,0.9955,0.0335,0.0,1.9953,0.0,21.46
TRD30007562,ORD20001895,C100058,2026-10-02,18946.2,5.6839,4.7366,0.5627,0.0189,0.0,1.1278,0.0,12.13
TRD30007563,ORD20003916,C100027,2026-10-02,20983.1,6.2949,0.0,0.6232,0.021,0.6295,1.249,0.0,8.82
TRD30007564,ORD20003916,C100027,2026-10-02,7405.8,2.2217,0.0,0.22,0.0074,0.2222,0.4408,0.0,3.11
TRD30007565,ORD20002810,C100154,2026-10-02,9275.0,2.7825,2.3188,0.2755,0.0093,0.0,0.5521,0.0,5.94
TRD30007566,ORD20002810,C100154,2026-10-02,27840.0,8.352,6.96,0.8268,0.0278,0.0,1.6572,0.0,17.82
TRD30007567,ORD20002810,C100154,2026-10-02,8539.9,2.562,2.135,0.2536,0.0085,0.0,0.5083,0.0,5.47
TRD30007568,ORD20001832,C100070,2026-10-02,51480.0,15.444,0.0,1.529,0.0515,1.5444,3.0644,0.0,21.63
TRD30007569,ORD20000740,C100122,2026-10-02,33209.4,9.9628,0.0,0.9863,0.0332,0.9963,1.9768,0.0,13.96
TRD30007570,ORD20003149,C100048,2026-10-02,145924.7,20.0,0.0,4.334,0.1459,4.3777,4.4064,0.0,33.26
TRD30007571,ORD20002613,C100132,2026-10-02,45180.1,0.0,45.1801,1.3418,0.0452,0.0,0.2497,15.34,62.16
TRD30007572,ORD20004564,C100080,2026-10-02,3300.5,0.0,3.3005,0.098,0.0033,0.4951,0.0182,0.0,3.92
TRD30007573,ORD20002125,C100161,2026-10-02,24355.5,7.3066,0.0,0.7234,0.0244,0.7307,1.4498,0.0,10.23
TRD30007574,ORD20002125,C100161,2026-10-02,41404.35,12.4213,0.0,1.2297,0.0414,1.2421,2.4646,0.0,17.4
TRD30007575,ORD20002015,C100004,2026-10-02,21583.2,6.475,0.0,0.641,0.0216,0.6475,1.2848,0.0,9.07
TRD30007576,ORD20004795,C100088,2026-10-05,6233.8,0.0,6.2338,0.1851,0.0062,0.0,0.0344,15.34,21.8
TRD30007577,ORD20004795,C100088,2026-10-05,4687.8,0.0,4.6878,0.1392,0.0047,0.0,0.0259,0.0,4.86
TRD30007578,ORD20004795,C100088,2026-10-05,1560.55,0.0,1.5605,0.0463,0.0016,0.0,0.0086,0.0,1.62
TRD30007579,ORD20002542,C100062,2026-10-05,31314.85,9.3945,0.0,0.9301,0.0313,0.9394,1.864,0.0,13.16
TRD30007580,ORD20000309,C100171,2026-10-05,6502.3,0.0,6.5023,0.1931,0.0065,0.9753,0.0359,0.0,7.71
TRD30007581,ORD20001168,C100020,2026-10-05,9418.4,2.8255,0.0,0.2797,0.0094,0.2826,0.5606,0.0,3.96
TRD30007582,ORD20001757,C100071,2026-10-05,2782.2,0.8347,0.6956,0.0826,0.0028,0.0,0.1656,0.0,1.78
TRD30007583,ORD20001757,C100071,2026-10-05,29676.8,8.903,7.4192,0.8814,0.0297,0.0,1.7665,0.0,19.0
TRD30007584,ORD20001316,C100063,2026-10-05,3088.4,0.9265,0.7721,0.0917,0.0031,0.0,0.1838,0.0,1.98
TRD30007585,ORD20003135,C100113,2026-10-05,12824.4,3.8473,3.2061,0.3809,0.0128,0.0,0.7634,0.0,8.21
TRD30007586,ORD20002217,C100131,2026-10-05,41019.0,12.3057,0.0,1.2183,0.041,1.2306,2.4417,0.0,17.24
TRD30007587,ORD20004758,C100113,2026-10-05,6410.25,0.0,6.4103,0.1904,0.0064,0.0,0.0354,15.34,21.98
TRD30007588,ORD20004440,C100015,2026-10-05,1603.5,0.0,1.6035,0.0476,0.0016,0.0,0.0089,15.34,17.0
TRD30007589,ORD20003534,C100004,2026-10-05,90912.0,20.0,22.728,2.7001,0.0909,0.0,4.1024,0.0,49.62
TRD30007590,ORD20000775,C100079,2026-10-05,5093.25,1.528,1.2733,0.1513,0.0051,0.0,0.3032,0.0,3.26
TRD30007591,ORD20000775,C100079,2026-10-05,37350.5,11.2052,9.3376,1.1093,0.0374,0.0,2.2233,0.0,23.91
TRD30007592,ORD20000775,C100079,2026-10-05,18675.25,5.6026,4.6688,0.5547,0.0187,0.0,1.1117,0.0,11.96
TRD30007593,ORD20004112,C100015,2026-10-05,2929.2,0.8788,0.7323,0.087,0.0029,0.0,0.1744,0.0,1.88
TRD30007594,ORD20004112,C100015,2026-10-05,5849.8,1.7549,1.4624,0.1737,0.0058,0.0,0.3482,0.0,3.74
TRD30007595,ORD20004792,C100191,2026-10-05,112992.0,20.0,28.248,3.3559,0.113,0.0,4.2244,0.0,55.94
TRD30007596,ORD20000293,C100179,2026-10-05,2863.2,0.0,2.8632,0.085,0.0029,0.4295,0.0158,0.0,3.4
TRD30007597,ORD20000293,C100179,2026-10-05,17179.2,0.0,17.1792,0.5102,0.0172,2.5769,0.0949,0.0,20.38
TRD30007598,ORD20000293,C100179,2026-10-05,2863.2,0.0,2.8632,0.085,0.0029,0.4295,0.0158,0.0,3.4
TRD30007599,ORD20001603,C100161,2026-10-05,12011.5,3.6034,0.0,0.3567,0.012,0.3603,0.715,0.0,5.05
TRD30007600,ORD20001603,C100161,2026-10-05,14413.8,4.3241,0.0,0.4281,0.0144,0.4324,0.858,0.0,6.06
TRD30007601,ORD20003082,C100061,2026-10-05,11966.5,3.5899,2.9916,0.3554,0.012,0.0,0.7123,0.0,7.66
TRD30007602,ORD20001971,C100039,2026-10-05,42659.3,12.7978,10.6648,1.267,0.0427,0.0,2.5393,0.0,27.31
TRD30007603,ORD20001973,C100114,2026-10-05,106421.0,0.0,106.421,3.1607,0.1064,0.0,0.5881,15.34,125.62
TRD30007604,ORD20001519,C100026,2026-10-05,34458.75,10.3376,0.0,1.0234,0.0345,1.0338,2.0512,0.0,14.48
TRD30007605,ORD20001519,C100026,2026-10-05,49620.6,14.8862,0.0,1.4737,0.0496,1.4886,2.9537,0.0,20.85
TRD30007606,ORD20002508,C100099,2026-10-05,44753.25,13.426,0.0,1.3292,0.0448,1.3426,2.664,0.0,18.81
TRD30007607,ORD20000354,C100056,2026-10-05,32817.55,9.8453,0.0,0.9747,0.0328,0.9845,1.9535,0.0,13.79
TRD30007608,ORD20003769,C100135,2026-10-05,146626.75,20.0,36.6567,4.3548,0.1466,0.0,4.4103,0.0,65.57
TRD30007609,ORD20001097,C100045,2026-10-05,1768.4,0.5305,0.0,0.0525,0.0018,0.0531,0.1053,0.0,0.74
TRD30007610,ORD20001097,C100045,2026-10-05,19452.4,5.8357,0.0,0.5777,0.0195,0.5836,1.1579,0.0,8.17
TRD30007611,ORD20000784,C100104,2026-10-05,28911.8,0.0,28.9118,0.8587,0.0289,0.0,0.1598,15.34,45.3
TRD30007612,ORD20000541,C100154,2026-10-05,14793.4,0.0,14.7934,0.4394,0.0148,2.219,0.0817,0.0,17.55
TRD30007613,ORD20000541,C100154,2026-10-05,2610.6,0.0,2.6106,0.0775,0.0026,0.3916,0.0144,0.0,3.1
TRD30007614,ORD20001676,C100001,2026-10-05,1524.9,0.0,1.5249,0.0453,0.0015,0.2287,0.0084,0.0,1.81
TRD30007615,ORD20001676,C100001,2026-10-05,1525.75,0.0,1.5258,0.0453,0.0015,0.2289,0.0084,0.0,1.81
TRD30007616,ORD20004299,C100000,2026-10-05,4960.6,1.4882,0.0,0.1473,0.005,0.1488,0.2953,0.0,2.08
TRD30007617,ORD20004299,C100000,2026-10-05,2480.3,0.7441,0.0,0.0737,0.0025,0.0744,0.1476,0.0,1.04
TRD30007618,ORD20004299,C100000,2026-10-05,19842.4,5.9527,0.0,0.5893,0.0198,0.5953,1.1811,0.0,8.34
TRD30007619,ORD20004547,C100138,2026-10-05,64256.05,0.0,64.256,1.9084,0.0643,0.0,0.3551,15.34,81.92
TRD30007620,ORD20004547,C100138,2026-10-05,10434.9,0.0,10.4349,0.3099,0.0104,0.0,0.0577,0.0,10.81
TRD30007621,ORD20002112,C100100,2026-10-05,7036.8,2.111,0.0,0.209,0.007,0.2111,0.4189,0.0,2.96
TRD30007622,ORD20000499,C100011,2026-10-05,28966.0,8.6898,0.0,0.8603,0.029,0.869,1.7242,0.0,12.17
TRD30007624,ORD20003987,C100070,2026-10-05,23944.5,7.1833,0.0,0.7112,0.0239,0.7183,1.4253,0.0,10.06
TRD30007623,ORD20000499,C100011,2026-10-05,1448.15,0.4344,0.0,0.043,0.0014,0.0434,0.0862,0.0,0.61
TRD30007625,ORD20003849,C100037,2026-10-05,3124.1,0.0,3.1241,0.0928,0.0031,0.4686,0.0173,0.0,3.71
TRD30007627,ORD20002522,C100141,2026-10-05,6597.2,0.0,6.5972,0.1959,0.0066,0.9896,0.0365,0.0,7.83
TRD30007628,ORD20002522,C100141,2026-10-05,1649.3,0.0,1.6493,0.049,0.0016,0.2474,0.0091,0.0,1.96
TRD30007626,ORD20003849,C100037,2026-10-05,2677.8,0.0,2.6778,0.0795,0.0027,0.4017,0.0148,0.0,3.18
TRD30007629,ORD20003306,C100009,2026-10-05,1859.9,0.558,0.0,0.0552,0.0019,0.0558,0.1107,0.0,0.78
TRD30007630,ORD20003306,C100009,2026-10-05,72760.7,20.0,0.0,2.161,0.0728,2.1828,4.0021,0.0,28.42
TRD30007631,ORD20002307,C100104,2026-10-05,1810.2,0.5431,0.0,0.0538,0.0018,0.0543,0.1078,0.0,0.76
TRD30007632,ORD20002307,C100104,2026-10-05,18123.0,5.4369,0.0,0.5383,0.0181,0.5437,1.0788,0.0,7.62
TRD30007634,ORD20002619,C100084,2026-10-05,18753.0,5.6259,18.753,0.557,0.0188,0.0,1.1163,15.34,41.41
TRD30007635,ORD20002619,C100084,2026-10-05,11787.6,3.5363,11.7876,0.3501,0.0118,0.0,0.7017,0.0,16.39
TRD30007633,ORD20002307,C100104,2026-10-05,4918.15,1.4754,0.0,0.1461,0.0049,0.1475,0.2928,0.0,2.07
TRD30007636,ORD20004926,C100010,2026-10-05,6694.8,2.0084,1.6737,0.1988,0.0067,0.0,0.3985,0.0,4.29
TRD30007637,ORD20001859,C100122,2026-10-05,55576.95,0.0,55.577,1.6506,0.0556,0.0,0.3071,15.34,72.93
TRD30007638,ORD20001232,C100013,2026-10-05,3215.45,0.9646,0.8039,0.0955,0.0032,0.0,0.1914,0.0,2.06
TRD30007639,ORD20001908,C100014,2026-10-05,13481.4,4.0444,0.0,0.4004,0.0135,0.4044,0.8025,0.0,5.67
TRD30007640,ORD20001432,C100003,2026-10-05,1591.25,0.0,1.5912,0.0473,0.0016,0.0,0.0088,15.34,16.99
TRD30007641,ORD20000192,C100132,2026-10-05,12294.0,0.0,12.294,0.3651,0.0123,0.0,0.0679,15.34,28.08
TRD30007642,ORD20000192,C100132,2026-10-05,32784.0,0.0,32.784,0.9737,0.0328,0.0,0.1812,0.0,33.97
TRD30007643,ORD20001401,C100126,2026-10-05,2423.45,0.0,2.4234,0.072,0.0024,0.0,0.0134,15.34,17.85
TRD30007644,ORD20002937,C100008,2026-10-05,10092.8,3.0278,0.0,0.2998,0.0101,0.3028,0.6008,0.0,4.24
TRD30007645,ORD20002937,C100008,2026-10-05,25251.0,7.5753,0.0,0.75,0.0253,0.7575,1.5031,0.0,10.61
TRD30007646,ORD20003606,C100081,2026-10-05,28465.65,8.5397,7.1164,0.8454,0.0285,0.0,1.6944,0.0,18.22
TRD30007647,ORD20003606,C100081,2026-10-05,3267.6,0.9803,0.8169,0.097,0.0033,0.0,0.1945,0.0,2.09
TRD30007648,ORD20001975,C100099,2026-10-05,18935.4,0.0,18.9354,0.5624,0.0189,2.8403,0.1046,0.0,22.46
TRD30007649,ORD20001975,C100099,2026-10-05,9467.7,0.0,9.4677,0.2812,0.0095,1.4202,0.0523,0.0,11.23
TRD30007650,ORD20001975,C100099,2026-10-05,14201.55,0.0,14.2016,0.4218,0.0142,2.1302,0.0785,0.0,16.85
TRD30007651,ORD20000965,C100147,2026-10-05,11758.9,0.0,11.7589,0.3492,0.0118,1.7638,0.065,0.0,13.95
TRD30007652,ORD20000965,C100147,2026-10-05,11775.0,0.0,11.775,0.3497,0.0118,1.7662,0.0651,0.0,13.97
TRD30007653,ORD20000965,C100147,2026-10-05,47000.4,0.0,47.0004,1.3959,0.047,7.0501,0.2597,0.0,55.75
TRD30007654,ORD20003570,C100050,2026-10-05,8754.0,0.0,8.754,0.26,0.0088,1.3131,0.0484,0.0,10.38
TRD30007655,ORD20001544,C100069,2026-10-05,1360.55,0.0,1.3606,0.0404,0.0014,0.2041,0.0075,0.0,1.61
TRD30007656,ORD20001544,C100069,2026-10-05,1360.55,0.0,1.3606,0.0404,0.0014,0.2041,0.0075,0.0,1.61
TRD30007657,ORD20002817,C100045,2026-10-05,21025.45,0.0,21.0255,0.6245,0.021,3.1538,0.1162,0.0,24.94
TRD30007658,ORD20002817,C100045,2026-10-05,1789.4,0.0,1.7894,0.0531,0.0018,0.2684,0.0099,0.0,2.12
TRD30007659,ORD20004429,C100099,2026-10-05,94780.0,0.0,94.78,2.815,0.0948,0.0,0.5238,15.34,113.55
TRD30007660,ORD20004348,C100183,2026-10-05,45982.2,13.7947,11.4956,1.3657,0.046,0.0,2.7371,0.0,29.44
TRD30007661,ORD20002244,C100036,2026-10-05,126210.0,20.0,0.0,3.7484,0.1262,3.7863,4.2974,0.0,31.96
TRD30007662,ORD20004627,C100016,2026-10-05,4654.6,1.3964,0.0,0.1382,0.0047,0.1396,0.2771,0.0,1.96
TRD30007663,ORD20004627,C100016,2026-10-05,16307.9,4.8924,0.0,0.4843,0.0163,0.4892,0.9707,0.0,6.85
TRD30007664,ORD20004627,C100016,2026-10-05,5824.5,1.7473,0.0,0.173,0.0058,0.1747,0.3467,0.0,2.45
TRD30007665,ORD20003883,C100018,2026-10-05,1655.25,0.4966,0.4138,0.0492,0.0017,0.0,0.0985,0.0,1.06
TRD30007666,ORD20003883,C100018,2026-10-05,1655.25,0.4966,0.4138,0.0492,0.0017,0.0,0.0985,0.0,1.06
TRD30007667,ORD20003883,C100018,2026-10-05,3310.5,0.9931,0.8276,0.0983,0.0033,0.0,0.1971,0.0,2.12
TRD30007668,ORD20002870,C100110,2026-10-05,7456.95,2.2371,0.0,0.2215,0.0075,0.2237,0.4439,0.0,3.13
TRD30007669,ORD20000228,C100094,2026-10-05,11312.7,3.3938,2.8282,0.336,0.0113,0.0,0.6734,0.0,7.24
TRD30007670,ORD20000228,C100094,2026-10-05,1616.1,0.4848,0.404,0.048,0.0016,0.0,0.0962,0.0,1.03
TRD30007672,ORD20004224,C100031,2026-10-05,73697.0,20.0,0.0,2.1888,0.0737,2.2109,4.0072,0.0,28.48
TRD30007671,ORD20000228,C100094,2026-10-05,4848.3,1.4545,1.2121,0.144,0.0048,0.0,0.2886,0.0,3.1
TRD30007673,ORD20004224,C100031,2026-10-05,66610.75,19.9832,0.0,1.9783,0.0666,1.9983,3.9651,0.0,27.99
TRD30007675,ORD20003250,C100167,2026-10-05,2902.35,0.0,2.9023,0.0862,0.0029,0.0,0.016,15.34,18.35
TRD30007674,ORD20004224,C100031,2026-10-05,5669.0,1.7007,0.0,0.1684,0.0057,0.1701,0.3375,0.0,2.38
TRD30007676,ORD20001302,C100062,2026-10-05,3537.9,1.0614,0.0,0.1051,0.0035,0.1061,0.2106,0.0,1.49
TRD30007677,ORD20001302,C100062,2026-10-05,2358.6,0.7076,0.0,0.0701,0.0024,0.0708,0.1404,0.0,0.99
TRD30007678,ORD20000266,C100006,2026-10-05,3788.6,0.0,3.7886,0.1125,0.0038,0.5683,0.0209,0.0,4.49
TRD30007679,ORD20000266,C100006,2026-10-05,947.15,0.0,0.9472,0.0281,0.0009,0.1421,0.0052,0.0,1.12
TRD30007680,ORD20000266,C100006,2026-10-05,29361.65,0.0,29.3616,0.872,0.0294,4.4042,0.1623,0.0,34.83
TRD30007681,ORD20002292,C100114,2026-10-05,1170.05,0.0,1.17,0.0348,0.0012,0.1755,0.0065,0.0,1.39
TRD30007682,ORD20002292,C100114,2026-10-05,1170.05,0.0,1.17,0.0348,0.0012,0.1755,0.0065,0.0,1.39
TRD30007683,ORD20000561,C100161,2026-10-05,2320.2,0.6961,0.58,0.0689,0.0023,0.0,0.1381,0.0,1.49
TRD30007684,ORD20000561,C100161,2026-10-05,6960.6,2.0882,1.7402,0.2067,0.007,0.0,0.4143,0.0,4.46
TRD30007685,ORD20000561,C100161,2026-10-05,32482.8,9.7448,8.1207,0.9647,0.0325,0.0,1.9336,0.0,20.8
TRD30007686,ORD20003060,C100003,2026-10-05,8197.2,0.0,8.1972,0.2435,0.0082,0.0,0.0453,15.34,23.83
TRD30007687,ORD20004961,C100107,2026-10-05,2429.1,0.7287,0.0,0.0721,0.0024,0.0729,0.1446,0.0,1.02
TRD30007688,ORD20003414,C100157,2026-10-05,3905.1,0.0,3.9051,0.116,0.0039,0.5858,0.0216,0.0,4.63
TRD30007689,ORD20003059,C100091,2026-10-05,25264.8,7.5794,0.0,0.7504,0.0253,0.7579,1.5039,0.0,10.62
TRD30007690,ORD20003059,C100091,2026-10-05,104544.0,20.0,0.0,3.105,0.1045,3.1363,4.1777,0.0,30.52
TRD30007691,ORD20004823,C100150,2026-10-05,12370.8,3.7112,0.0,0.3674,0.0124,0.3711,0.7364,0.0,5.2
TRD30007692,ORD20004823,C100150,2026-10-05,12370.8,3.7112,0.0,0.3674,0.0124,0.3711,0.7364,0.0,5.2
TRD30007693,ORD20001808,C100139,2026-10-05,2742.75,0.8228,0.6857,0.0815,0.0027,0.0,0.1633,0.0,1.76
TRD30007694,ORD20001808,C100139,2026-10-05,914.25,0.2743,0.2286,0.0272,0.0009,0.0,0.0544,0.0,0.59
TRD30007695,ORD20001808,C100139,2026-10-05,1828.5,0.5486,0.4571,0.0543,0.0018,0.0,0.1088,0.0,1.17
TRD30007696,ORD20004473,C100149,2026-10-05,6883.5,2.065,1.7209,0.2044,0.0069,0.0,0.4097,0.0,4.41
TRD30007697,ORD20004473,C100149,2026-10-05,918.4,0.2755,0.2296,0.0273,0.0009,0.0,0.0547,0.0,0.59
TRD30007698,ORD20004473,C100149,2026-10-05,5504.4,1.6513,1.3761,0.1635,0.0055,0.0,0.3277,0.0,3.52
TRD30007699,ORD20003492,C100149,2026-10-05,13712.4,4.1137,0.0,0.4073,0.0137,0.4114,0.8162,0.0,5.76
TRD30007700,ORD20003492,C100149,2026-10-05,10665.2,3.1996,0.0,0.3168,0.0107,0.32,0.6349,0.0,4.48
TRD30007701,ORD20003492,C100149,2026-10-05,3047.2,0.9142,0.0,0.0905,0.003,0.0914,0.1814,0.0,1.28
TRD30007702,ORD20004457,C100152,2026-10-05,68597.2,0.0,68.5972,2.0373,0.0686,10.2896,0.3791,0.0,81.37
TRD30007703,ORD20003386,C100025,2026-10-05,3417.3,1.0252,0.8543,0.1015,0.0034,0.0,0.2034,0.0,2.19
TRD30007704,ORD20000995,C100146,2026-10-05,2906.05,0.8718,0.0,0.0863,0.0029,0.0872,0.173,0.0,1.22
TRD30007705,ORD20002900,C100091,2026-10-05,21339.85,6.402,5.335,0.6338,0.0213,0.0,1.2703,0.0,13.66
TRD30007706,ORD20002900,C100091,2026-10-05,3366.3,1.0099,0.8416,0.1,0.0034,0.0,0.2004,0.0,2.16
TRD30007707,ORD20002900,C100091,2026-10-05,8986.4,2.6959,2.2466,0.2669,0.009,0.0,0.5349,0.0,5.75
TRD30007708,ORD20004824,C100126,2026-10-05,1398.75,0.0,1.3988,0.0415,0.0014,0.2098,0.0077,0.0,1.66
TRD30007709,ORD20004824,C100126,2026-10-05,1865.0,0.0,1.865,0.0554,0.0019,0.2798,0.0103,0.0,2.21
TRD30007710,ORD20003075,C100000,2026-10-05,12850.5,3.8551,0.0,0.3817,0.0129,0.3855,0.7649,0.0,5.4
TRD30007711,ORD20004131,C100050,2026-10-05,2811.0,0.8433,0.7028,0.0835,0.0028,0.0,0.1673,0.0,1.8
TRD30007712,ORD20004131,C100050,2026-10-05,2815.35,0.8446,0.7038,0.0836,0.0028,0.0,0.1676,0.0,1.8
TRD30007713,ORD20002421,C100128,2026-10-05,1796.25,0.5389,0.0,0.0533,0.0018,0.0539,0.1069,0.0,0.75
TRD30007714,ORD20002421,C100128,2026-10-05,718.5,0.2156,0.0,0.0213,0.0007,0.0216,0.0428,0.0,0.3
TRD30007715,ORD20000583,C100138,2026-10-05,1606.3,0.4819,0.0,0.0477,0.0016,0.0482,0.0956,0.0,0.68
TRD30007716,ORD20000583,C100138,2026-10-05,1606.3,0.4819,0.0,0.0477,0.0016,0.0482,0.0956,0.0,0.68
TRD30007717,ORD20000583,C100138,2026-10-05,3212.6,0.9638,0.0,0.0954,0.0032,0.0964,0.1912,0.0,1.35
TRD30007718,ORD20001263,C100073,2026-10-05,6056.05,1.8168,1.514,0.1799,0.0061,0.0,0.3605,0.0,3.88
TRD30007719,ORD20002537,C100177,2026-10-05,11205.6,0.0,11.2056,0.3328,0.0112,1.6808,0.0619,0.0,13.29
TRD30007720,ORD20000084,C100095,2026-10-05,37220.0,0.0,37.22,1.1054,0.0372,5.583,0.2057,0.0,44.15
TRD30007721,ORD20001687,C100033,2026-10-05,2977.4,0.0,2.9774,0.0884,0.003,0.4466,0.0165,0.0,3.53
TRD30007722,ORD20004055,C100088,2026-10-05,1327.2,0.3982,0.0,0.0394,0.0013,0.0398,0.079,0.0,0.56
TRD30007723,ORD20004055,C100088,2026-10-05,2653.6,0.7961,0.0,0.0788,0.0027,0.0796,0.158,0.0,1.12
TRD30007724,ORD20000911,C100057,2026-10-05,13140.4,3.9421,13.1404,0.3903,0.0131,0.0,0.7822,15.34,33.61
TRD30007725,ORD20000911,C100057,2026-10-05,75557.3,20.0,75.5573,2.2441,0.0756,0.0,4.0175,0.0,101.89
TRD30007726,ORD20000911,C100057,2026-10-05,19710.6,5.9132,19.7106,0.5854,0.0197,0.0,1.1733,0.0,27.4
TRD30007727,ORD20002122,C100093,2026-10-05,2855.2,0.0,2.8552,0.0848,0.0029,0.4283,0.0158,0.0,3.39
TRD30007728,ORD20002122,C100093,2026-10-05,4282.8,0.0,4.2828,0.1272,0.0043,0.6424,0.0237,0.0,5.08
TRD30007729,ORD20003293,C100032,2026-10-05,1416.8,0.425,0.3542,0.0421,0.0014,0.0,0.0843,0.0,0.91
TRD30007730,ORD20003293,C100032,2026-10-05,13127.6,3.9383,3.2819,0.3899,0.0131,0.0,0.7814,0.0,8.4
TRD30007731,ORD20002835,C100105,2026-10-05,13677.75,4.1033,0.0,0.4062,0.0137,0.4103,0.8142,0.0,5.75
TRD30007732,ORD20002835,C100105,2026-10-05,4559.25,1.3678,0.0,0.1354,0.0046,0.1368,0.2714,0.0,1.92
TRD30007733,ORD20000127,C100057,2026-10-05,20128.8,6.0386,5.0322,0.5978,0.0201,0.0,1.1982,0.0,12.89
TRD30007734,ORD20000127,C100057,2026-10-05,36892.9,11.0679,9.2232,1.0957,0.0369,0.0,2.1961,0.0,23.62
TRD30007735,ORD20000127,C100057,2026-10-05,30202.2,9.0607,7.5506,0.897,0.0302,0.0,1.7978,0.0,19.34
TRD30007736,ORD20001586,C100159,2026-10-05,16157.6,0.0,16.1576,0.4799,0.0162,2.4236,0.0893,0.0,19.17
TRD30007737,ORD20004071,C100183,2026-10-05,938.35,0.0,0.9384,0.0279,0.0009,0.0,0.0052,15.34,16.31
TRD30007738,ORD20004071,C100183,2026-10-05,4691.75,0.0,4.6918,0.1393,0.0047,0.0,0.0259,0.0,4.86
TRD30007739,ORD20004613,C100049,2026-10-05,20165.6,6.0497,5.0414,0.5989,0.0202,0.0,1.2004,0.0,12.91
TRD30007740,ORD20004565,C100133,2026-10-05,29118.2,8.7355,0.0,0.8648,0.0291,0.8735,1.7333,0.0,12.24
TRD30007741,ORD20004565,C100133,2026-10-05,1775.5,0.5326,0.0,0.0527,0.0018,0.0533,0.1057,0.0,0.75
TRD30007742,ORD20003773,C100129,2026-10-05,5841.1,0.0,5.8411,0.1735,0.0058,0.0,0.0323,15.34,21.39
TRD30007743,ORD20003100,C100113,2026-10-05,46612.8,13.9838,0.0,1.3844,0.0466,1.3984,2.7747,0.0,19.59
TRD30007744,ORD20004704,C100047,2026-10-05,44296.0,13.2888,0.0,1.3156,0.0443,1.3289,2.6368,0.0,18.61
TRD30007745,ORD20000020,C100013,2026-10-05,3638.0,1.0914,3.638,0.108,0.0036,0.5457,0.2166,0.0,5.6
TRD30007746,ORD20000020,C100013,2026-10-05,22191.8,6.6575,22.1918,0.6591,0.0222,3.3288,1.321,0.0,34.18
TRD30007747,ORD20000020,C100013,2026-10-05,2910.4,0.8731,2.9104,0.0864,0.0029,0.4366,0.1732,0.0,4.48
TRD30007748,ORD20001150,C100028,2026-10-05,343.75,0.0,0.3438,0.0102,0.0003,0.0516,0.0019,0.0,0.41
TRD30007749,ORD20001150,C100028,2026-10-05,2750.0,0.0,2.75,0.0817,0.0028,0.4125,0.0152,0.0,3.26
TRD30007750,ORD20000086,C100132,2026-10-05,4233.45,0.0,4.2334,0.1257,0.0042,0.0,0.0234,15.34,19.73
TRD30007751,ORD20000086,C100132,2026-10-05,1411.15,0.0,1.4112,0.0419,0.0014,0.0,0.0078,0.0,1.46
TRD30007752,ORD20000086,C100132,2026-10-05,1411.15,0.0,1.4112,0.0419,0.0014,0.0,0.0078,0.0,1.46
TRD30007753,ORD20000845,C100024,2026-10-05,2275.0,0.6825,0.5688,0.0676,0.0023,0.0,0.1354,0.0,1.46
TRD30007754,ORD20000845,C100024,2026-10-05,910.8,0.2732,0.2277,0.0271,0.0009,0.0,0.0542,0.0,0.58
TRD30007755,ORD20000069,C100130,2026-10-05,10141.85,3.0426,0.0,0.3012,0.0101,0.3043,0.6037,0.0,4.26
TRD30007756,ORD20000069,C100130,2026-10-05,25580.9,7.6743,0.0,0.7598,0.0256,0.7674,1.5227,0.0,10.75
TRD30007757,ORD20004738,C100036,2026-10-05,7135.4,2.1406,0.0,0.2119,0.0071,0.2141,0.4247,0.0,3.0
TRD30007758,ORD20004738,C100036,2026-10-05,49968.8,14.9906,0.0,1.4841,0.05,1.4991,2.9744,0.0,21.0
TRD30007759,ORD20000592,C100014,2026-10-05,63701.75,0.0,63.7018,1.8919,0.0637,9.5553,0.352,0.0,75.56
TRD30007760,ORD20000592,C100014,2026-10-05,7282.4,0.0,7.2824,0.2163,0.0073,1.0924,0.0402,0.0,8.64
TRD30007761,ORD20000592,C100014,2026-10-05,30973.15,0.0,30.9732,0.9199,0.031,4.646,0.1712,0.0,36.74
TRD30007762,ORD20001259,C100193,2026-10-05,2349.5,0.0,2.3495,0.0698,0.0023,0.3524,0.013,0.0,2.79
TRD30007763,ORD20001259,C100193,2026-10-05,2349.5,0.0,2.3495,0.0698,0.0023,0.3524,0.013,0.0,2.79
TRD30007764,ORD20000161,C100091,2026-10-05,14314.2,4.2943,0.0,0.4251,0.0143,0.4294,0.8521,0.0,6.02
TRD30007765,ORD20000557,C100041,2026-10-05,70305.0,20.0,17.5763,2.0881,0.0703,0.0,3.9885,0.0,43.72
TRD30007766,ORD20003972,C100177,2026-10-05,24504.35,0.0,24.5044,0.7278,0.0245,0.0,0.1354,15.34,40.73
TRD30007767,ORD20003972,C100177,2026-10-05,1884.95,0.0,1.885,0.056,0.0019,0.0,0.0104,0.0,1.95
TRD30007768,ORD20004765,C100163,2026-10-05,3055.8,0.9167,0.764,0.0908,0.0031,0.0,0.1819,0.0,1.96
TRD30007771,ORD20004250,C100077,2026-10-05,133695.15,20.0,0.0,3.9707,0.1337,4.0109,4.3388,0.0,32.45
TRD30007769,ORD20004765,C100163,2026-10-05,1666.8,0.5,0.4167,0.0495,0.0017,0.0,0.0992,0.0,1.07
TRD30007770,ORD20004765,C100163,2026-10-05,1389.0,0.4167,0.3472,0.0413,0.0014,0.0,0.0827,0.0,0.89
TRD30007772,ORD20001441,C100100,2026-10-05,2478.2,0.7435,0.6195,0.0736,0.0025,0.0,0.1475,0.0,1.59
TRD30007773,ORD20003708,C100051,2026-10-05,30446.4,0.0,30.4464,0.9043,0.0304,4.567,0.1682,0.0,36.12
TRD30007774,ORD20001047,C100171,2026-10-05,74466.6,20.0,0.0,2.2117,0.0745,2.234,4.0115,0.0,28.53
TRD30007775,ORD20002564,C100180,2026-10-05,31499.2,9.4498,0.0,0.9355,0.0315,0.945,1.875,0.0,13.24
TRD30007776,ORD20002652,C100147,2026-10-05,84133.0,20.0,0.0,2.4988,0.0841,2.524,4.0649,0.0,29.17
TRD30007777,ORD20003807,C100111,2026-10-05,3102.3,0.9307,0.7756,0.0921,0.0031,0.0,0.1847,0.0,1.99
TRD30007778,ORD20003807,C100111,2026-10-05,2757.6,0.8273,0.6894,0.0819,0.0028,0.0,0.1641,0.0,1.77
TRD30007779,ORD20003807,C100111,2026-10-05,2068.2,0.6205,0.517,0.0614,0.0021,0.0,0.1231,0.0,1.32
TRD30007780,ORD20001810,C100061,2026-10-05,12303.55,0.0,12.3036,0.3654,0.0123,0.0,0.068,15.34,28.09
TRD30007781,ORD20004544,C100183,2026-10-05,4117.4,0.0,4.1174,0.1223,0.0041,0.0,0.0228,15.34,19.61
TRD30007782,ORD20004544,C100183,2026-10-05,4118.1,0.0,4.1181,0.1223,0.0041,0.0,0.0228,0.0,4.27
TRD30007785,ORD20003345,C100055,2026-10-05,43364.0,13.0092,10.841,1.2879,0.0434,0.0,2.5813,0.0,27.76
TRD30007783,ORD20000738,C100120,2026-10-05,30203.2,9.061,7.5508,0.897,0.0302,0.0,1.7979,0.0,19.34
TRD30007786,ORD20003345,C100055,2026-10-05,19924.0,5.9772,4.981,0.5917,0.0199,0.0,1.186,0.0,12.76
TRD30007784,ORD20000738,C100120,2026-10-05,26691.2,8.0074,6.6728,0.7927,0.0267,0.0,1.5888,0.0,17.09
TRD30007787,ORD20004967,C100108,2026-10-05,5627.4,0.0,5.6274,0.1671,0.0056,0.0,0.0311,15.34,21.17
TRD30007788,ORD20004967,C100108,2026-10-05,8452.8,0.0,8.4528,0.251,0.0085,0.0,0.0467,0.0,8.76
TRD30007789,ORD20004742,C100115,2026-10-05,12369.75,3.7109,0.0,0.3674,0.0124,0.3711,0.7363,0.0,5.2
TRD30007790,ORD20002899,C100015,2026-10-05,148131.9,0.0,148.1319,4.3995,0.1481,0.0,0.8186,15.34,168.84
TRD30007791,ORD20002856,C100056,2026-10-05,34007.6,10.2023,8.5019,1.01,0.034,0.0,2.0243,0.0,21.77
TRD30007792,ORD20002856,C100056,2026-10-05,779.25,0.2338,0.1948,0.0231,0.0008,0.0,0.0464,0.0,0.5
TRD30007793,ORD20002856,C100056,2026-10-05,9878.1,2.9634,2.4695,0.2934,0.0099,0.0,0.588,0.0,6.32
TRD30007794,ORD20001462,C100082,2026-10-05,3003.55,0.0,3.0036,0.0892,0.003,0.4505,0.0166,0.0,3.56
TRD30007795,ORD20000404,C100046,2026-10-05,9831.9,2.9496,2.458,0.292,0.0098,0.0,0.5853,0.0,6.29
TRD30007796,ORD20004147,C100046,2026-10-05,5692.4,1.7077,1.4231,0.1691,0.0057,0.0,0.3388,0.0,3.64
TRD30007797,ORD20004147,C100046,2026-10-05,3252.8,0.9758,0.8132,0.0966,0.0033,0.0,0.1936,0.0,2.08
TRD30007798,ORD20004648,C100067,2026-10-05,3175.4,0.0,3.1754,0.0943,0.0032,0.4763,0.0175,0.0,3.77
TRD30007799,ORD20004648,C100067,2026-10-05,4763.1,0.0,4.7631,0.1415,0.0048,0.7145,0.0263,0.0,5.65
TRD30007800,ORD20004648,C100067,2026-10-05,3175.4,0.0,3.1754,0.0943,0.0032,0.4763,0.0175,0.0,3.77
TRD30007801,ORD20004303,C100122,2026-10-05,116646.4,20.0,0.0,3.4644,0.1166,3.4994,4.2446,0.0,31.33
TRD30007802,ORD20004061,C100171,2026-10-05,11109.3,0.0,11.1093,0.3299,0.0111,1.6664,0.0614,0.0,13.18
TRD30007803,ORD20004864,C100093,2026-10-05,2775.7,0.8327,0.6939,0.0824,0.0028,0.0,0.1652,0.0,1.78
TRD30007804,ORD20000892,C100129,2026-10-05,5686.2,0.0,5.6862,0.1689,0.0057,0.0,0.0314,15.34,21.23
TRD30007805,ORD20000892,C100129,2026-10-05,947.7,0.0,0.9477,0.0281,0.0009,0.0,0.0052,0.0,0.98
TRD30007806,ORD20000892,C100129,2026-10-05,1895.4,0.0,1.8954,0.0563,0.0019,0.0,0.0105,0.0,1.96
TRD30007807,ORD20000005,C100196,2026-10-05,5237.25,0.0,5.2373,0.1555,0.0052,0.7856,0.0289,0.0,6.21
TRD30007808,ORD20004284,C100109,2026-10-05,3300.2,0.9901,0.0,0.098,0.0033,0.099,0.1964,0.0,1.39
TRD30007809,ORD20004284,C100109,2026-10-05,3300.2,0.9901,0.0,0.098,0.0033,0.099,0.1964,0.0,1.39
TRD30007810,ORD20004284,C100109,2026-10-05,3300.2,0.9901,0.0,0.098,0.0033,0.099,0.1964,0.0,1.39
TRD30007811,ORD20004036,C100172,2026-10-05,8261.3,2.4784,8.2613,0.2454,0.0083,1.2392,0.4918,0.0,12.72
TRD30007812,ORD20004036,C100172,2026-10-05,8261.3,2.4784,8.2613,0.2454,0.0083,1.2392,0.4918,0.0,12.72
TRD30007813,ORD20000889,C100066,2026-10-05,983.8,0.2951,0.0,0.0292,0.001,0.0295,0.0586,0.0,0.41
TRD30007814,ORD20000889,C100066,2026-10-05,983.8,0.2951,0.0,0.0292,0.001,0.0295,0.0586,0.0,0.41
TRD30007815,ORD20000889,C100066,2026-10-05,3935.2,1.1806,0.0,0.1169,0.0039,0.1181,0.2342,0.0,1.65
TRD30007816,ORD20000163,C100077,2026-10-05,26435.0,0.0,26.435,0.7851,0.0264,0.0,0.1461,15.34,42.73
TRD30007817,ORD20001452,C100194,2026-10-05,5833.4,1.75,1.4584,0.1733,0.0058,0.0,0.3472,0.0,3.73
TRD30007818,ORD20004099,C100139,2026-10-05,12430.0,3.729,0.0,0.3692,0.0124,0.3729,0.7399,0.0,5.22
TRD30007819,ORD20004099,C100139,2026-10-05,13560.0,4.068,0.0,0.4027,0.0136,0.4068,0.8072,0.0,5.7
TRD30007820,ORD20004099,C100139,2026-10-05,6780.0,2.034,0.0,0.2014,0.0068,0.2034,0.4036,0.0,2.85
TRD30007821,ORD20003653,C100015,2026-10-05,113778.0,0.0,113.778,3.3792,0.1138,17.0667,0.6287,0.0,134.97
TRD30007822,ORD20002493,C100090,2026-10-05,1621.1,0.0,1.6211,0.0481,0.0016,0.2432,0.009,0.0,1.92
TRD30007823,ORD20002493,C100090,2026-10-05,1621.1,0.0,1.6211,0.0481,0.0016,0.2432,0.009,0.0,1.92
TRD30007824,ORD20000420,C100140,2026-10-05,19766.8,0.0,19.7668,0.5871,0.0198,2.965,0.1092,0.0,23.45
TRD30007825,ORD20001187,C100020,2026-10-05,46983.2,14.095,11.7458,1.3954,0.047,0.0,2.7967,0.0,30.08
TRD30007826,ORD20000878,C100084,2026-10-05,44500.5,13.3502,11.1251,1.3217,0.0445,0.0,2.6489,0.0,28.49
TRD30007827,ORD20000885,C100049,2026-10-05,2501.1,0.7503,0.0,0.0743,0.0025,0.075,0.1489,0.0,1.05
TRD30007828,ORD20002596,C100142,2026-10-05,121497.3,20.0,0.0,3.6085,0.1215,3.6449,4.2714,0.0,31.65
TRD30007829,ORD20000421,C100060,2026-10-05,2734.55,0.8204,0.0,0.0812,0.0027,0.082,0.1628,0.0,1.15
TRD30007830,ORD20003906,C100002,2026-10-05,2540.1,0.762,0.635,0.0754,0.0025,0.0,0.1512,0.0,1.63
TRD30007831,ORD20002192,C100082,2026-10-05,3333.9,0.0,3.3339,0.099,0.0033,0.5001,0.0184,0.0,3.95
TRD30007832,ORD20003592,C100014,2026-10-05,5829.4,1.7488,0.0,0.1731,0.0058,0.1749,0.347,0.0,2.45
TRD30007833,ORD20004472,C100145,2026-10-05,13022.4,0.0,13.0224,0.3868,0.013,1.9534,0.072,0.0,15.45
TRD30007834,ORD20002391,C100075,2026-10-05,27603.0,8.2809,0.0,0.8198,0.0276,0.8281,1.6431,0.0,11.6
TRD30007835,ORD20002255,C100067,2026-10-05,68682.6,20.0,0.0,2.0399,0.0687,2.0605,3.9795,0.0,28.15
TRD30007836,ORD20002255,C100067,2026-10-05,2610.6,0.7832,0.0,0.0775,0.0026,0.0783,0.1554,0.0,1.1
TRD30007837,ORD20004013,C100154,2026-10-05,2731.95,0.8196,0.0,0.0811,0.0027,0.082,0.1626,0.0,1.15
TRD30007838,ORD20004013,C100154,2026-10-05,2731.95,0.8196,0.0,0.0811,0.0027,0.082,0.1626,0.0,1.15
TRD30007839,ORD20004708,C100056,2026-10-05,12559.95,3.768,3.14,0.373,0.0126,0.0,0.7476,0.0,8.04
TRD30007840,ORD20003745,C100029,2026-10-05,93423.0,20.0,0.0,2.7747,0.0934,2.8027,4.1163,0.0,29.79
TRD30007841,ORD20003745,C100029,2026-10-05,491.7,0.1475,0.0,0.0146,0.0005,0.0148,0.0293,0.0,0.21
TRD30007842,ORD20003040,C100042,2026-10-05,1525.5,0.0,1.5255,0.0453,0.0015,0.0,0.0084,15.34,16.92
TRD30007843,ORD20003040,C100042,2026-10-05,3051.0,0.0,3.051,0.0906,0.0031,0.0,0.0169,0.0,3.16
TRD30007844,ORD20000547,C100042,2026-10-05,30779.1,9.2337,0.0,0.9141,0.0308,0.9234,1.8322,0.0,12.93
TRD30007845,ORD20004402,C100089,2026-10-05,13713.7,4.1141,0.0,0.4073,0.0137,0.4114,0.8163,0.0,5.76
TRD30007846,ORD20004402,C100089,2026-10-05,26447.85,7.9344,0.0,0.7855,0.0264,0.7934,1.5743,0.0,11.11
TRD30007847,ORD20004402,C100089,2026-10-05,28406.95,8.5221,0.0,0.8437,0.0284,0.8522,1.691,0.0,11.94
TRD30007848,ORD20004486,C100179,2026-10-05,14315.0,4.2945,0.0,0.4252,0.0143,0.4294,0.8521,0.0,6.02
TRD30007849,ORD20004486,C100179,2026-10-05,71615.0,20.0,0.0,2.127,0.0716,2.1484,3.9957,0.0,28.34
TRD30007850,ORD20001373,C100106,2026-10-05,69334.8,20.0,0.0,2.0592,0.0693,2.08,3.9831,0.0,28.19
TRD30007851,ORD20001373,C100106,2026-10-05,49660.4,14.8981,0.0,1.4749,0.0497,1.4898,2.9561,0.0,20.87
TRD30007852,ORD20001373,C100106,2026-10-05,15954.75,4.7864,0.0,0.4739,0.016,0.4786,0.9497,0.0,6.7
TRD30007853,ORD20002846,C100118,2026-10-05,1736.0,0.0,1.736,0.0516,0.0017,0.2604,0.0096,0.0,2.06
TRD30007854,ORD20000778,C100173,2026-10-05,32449.9,0.0,32.4499,0.9638,0.0324,0.0,0.1793,15.34,48.97
TRD30007855,ORD20000778,C100173,2026-10-05,37085.6,0.0,37.0856,1.1014,0.0371,0.0,0.2049,0.0,38.43
TRD30007856,ORD20002971,C100043,2026-10-05,2780.4,0.0,2.7804,0.0826,0.0028,0.0,0.0154,15.34,18.22
TRD30007857,ORD20002971,C100043,2026-10-05,23663.15,0.0,23.6632,0.7028,0.0237,0.0,0.1308,0.0,24.52
TRD30007858,ORD20002971,C100043,2026-10-05,1389.3,0.0,1.3893,0.0413,0.0014,0.0,0.0077,0.0,1.44
TRD30007859,ORD20004753,C100186,2026-10-05,50143.2,15.043,0.0,1.4893,0.0501,1.5043,2.9848,0.0,21.07
TRD30007860,ORD20004753,C100186,2026-10-05,38344.8,11.5034,0.0,1.1388,0.0383,1.1503,2.2825,0.0,16.11
TRD30007861,ORD20001788,C100097,2026-10-05,11323.55,3.3971,2.8309,0.3363,0.0113,0.0,0.674,0.0,7.25
TRD30007862,ORD20001788,C100097,2026-10-05,6474.0,1.9422,1.6185,0.1923,0.0065,0.0,0.3854,0.0,4.14
TRD30007863,ORD20004677,C100147,2026-10-05,1396.8,0.419,0.0,0.0415,0.0014,0.0419,0.0831,0.0,0.59
TRD30007864,ORD20004677,C100147,2026-10-05,2790.8,0.8372,0.0,0.0829,0.0028,0.0837,0.1661,0.0,1.17
TRD30007865,ORD20004677,C100147,2026-10-05,5583.8,1.6751,0.0,0.1658,0.0056,0.1675,0.3324,0.0,2.35
TRD30007866,ORD20000834,C100135,2026-10-05,22947.2,0.0,22.9472,0.6815,0.0229,0.0,0.1268,15.34,39.12
TRD30007867,ORD20000834,C100135,2026-10-05,2866.8,0.0,2.8668,0.0851,0.0029,0.0,0.0158,0.0,2.97
TRD30007868,ORD20003855,C100028,2026-10-05,2854.45,0.8563,0.7136,0.0848,0.0029,0.0,0.1699,0.0,1.83
TRD30007869,ORD20003855,C100028,2026-10-05,5708.9,1.7127,1.4272,0.1696,0.0057,0.0,0.3398,0.0,3.66
TRD30007870,ORD20003855,C100028,2026-10-05,2854.45,0.8563,0.7136,0.0848,0.0029,0.0,0.1699,0.0,1.83
TRD30007871,ORD20004503,C100017,2026-10-05,132399.5,0.0,132.3995,3.9323,0.1324,19.8599,0.7316,0.0,157.06
TRD30007872,ORD20004465,C100064,2026-10-05,4686.5,1.4059,0.0,0.1392,0.0047,0.1406,0.279,0.0,1.97
TRD30007873,ORD20004465,C100064,2026-10-05,6849.5,2.0548,0.0,0.2034,0.0068,0.2055,0.4077,0.0,2.88
TRD30007874,ORD20000992,C100073,2026-10-05,3519.9,0.0,3.5199,0.1045,0.0035,0.0,0.0195,15.34,18.99
TRD30007875,ORD20000992,C100073,2026-10-05,1171.7,0.0,1.1717,0.0348,0.0012,0.0,0.0065,0.0,1.21
TRD30007876,ORD20000992,C100073,2026-10-05,3516.15,0.0,3.5162,0.1044,0.0035,0.0,0.0194,0.0,3.64
TRD30007877,ORD20003722,C100148,2026-10-05,2437.35,0.0,2.4374,0.0724,0.0024,0.0,0.0135,15.34,17.87
TRD30007878,ORD20003722,C100148,2026-10-05,24373.5,0.0,24.3735,0.7239,0.0244,0.0,0.1347,0.0,25.26
TRD30007879,ORD20003068,C100023,2026-10-05,17909.1,5.3727,17.9091,0.5319,0.0179,2.6864,1.0661,0.0,27.58
TRD30007880,ORD20003068,C100023,2026-10-05,10692.0,3.2076,10.692,0.3176,0.0107,1.6038,0.6365,0.0,16.47
TRD30007881,ORD20003068,C100023,2026-10-05,25393.5,7.618,25.3935,0.7542,0.0254,3.809,1.5116,0.0,39.11
TRD30007882,ORD20003073,C100105,2026-10-05,1008.7,0.3026,0.0,0.03,0.001,0.0303,0.06,0.0,0.42
TRD30007883,ORD20003073,C100105,2026-10-05,4034.8,1.2104,0.0,0.1198,0.004,0.121,0.2402,0.0,1.7
TRD30007884,ORD20000540,C100121,2026-10-05,14250.0,4.275,3.5625,0.4232,0.0142,0.0,0.8482,0.0,9.12
TRD30007885,ORD20002710,C100108,2026-10-05,12188.25,0.0,12.1882,0.362,0.0122,0.0,0.0674,15.34,27.97
TRD30007886,ORD20004867,C100098,2026-10-05,3451.5,0.0,3.4515,0.1025,0.0035,0.0,0.0191,15.34,18.92
TRD30007887,ORD20004867,C100098,2026-10-05,33364.5,0.0,33.3645,0.9909,0.0334,0.0,0.1844,0.0,34.57
TRD30007888,ORD20001329,C100097,2026-10-05,11584.4,0.0,11.5844,0.3441,0.0116,0.0,0.064,15.34,27.34
TRD30007889,ORD20002041,C100095,2026-10-05,3907.25,1.1722,0.9768,0.116,0.0039,0.0,0.2326,0.0,2.5
TRD30007890,ORD20002041,C100095,2026-10-05,3907.25,1.1722,0.9768,0.116,0.0039,0.0,0.2326,0.0,2.5
TRD30007891,ORD20002041,C100095,2026-10-05,3907.25,1.1722,0.9768,0.116,0.0039,0.0,0.2326,0.0,2.5
TRD30007892,ORD20001326,C100070,2026-10-05,10499.65,3.1499,0.0,0.3118,0.0105,0.315,0.625,0.0,4.41
TRD30007893,ORD20001326,C100070,2026-10-05,31498.95,9.4497,0.0,0.9355,0.0315,0.945,1.875,0.0,13.24
TRD30007894,ORD20001326,C100070,2026-10-05,14999.5,4.4998,0.0,0.4455,0.015,0.45,0.8929,0.0,6.3
TRD30007895,ORD20004158,C100099,2026-10-05,8726.75,0.0,8.7268,0.2592,0.0087,1.309,0.0482,0.0,10.35
TRD30007896,ORD20004158,C100099,2026-10-05,3490.7,0.0,3.4907,0.1037,0.0035,0.5236,0.0193,0.0,4.14
TRD30007897,ORD20003298,C100185,2026-10-05,19364.4,5.8093,4.8411,0.5751,0.0194,0.0,1.1527,0.0,12.4
TRD30007898,ORD20003298,C100185,2026-10-05,6454.8,1.9364,1.6137,0.1917,0.0065,0.0,0.3842,0.0,4.13
TRD30007899,ORD20004169,C100017,2026-10-05,49144.45,14.7433,12.2861,1.4596,0.0491,0.0,2.9254,0.0,31.46
TRD30007900,ORD20004169,C100017,2026-10-05,11805.65,3.5417,2.9514,0.3506,0.0118,0.0,0.7027,0.0,7.56
TRD30007901,ORD20003438,C100160,2026-10-05,813.15,0.0,0.8132,0.0242,0.0008,0.122,0.0045,0.0,0.96
TRD30007902,ORD20003438,C100160,2026-10-05,5155.65,0.0,5.1556,0.1531,0.0052,0.7733,0.0285,0.0,6.12
TRD30007903,ORD20001189,C100095,2026-10-05,28366.2,8.5099,0.0,0.8425,0.0284,0.851,1.6885,0.0,11.92
TRD30007904,ORD20001189,C100095,2026-10-05,15722.0,4.7166,0.0,0.4669,0.0157,0.4717,0.9359,0.0,6.61
TRD30007905,ORD20001189,C100095,2026-10-05,22821.55,6.8465,0.0,0.6778,0.0228,0.6846,1.3585,0.0,9.59
TRD30007906,ORD20004157,C100172,2026-10-05,978.25,0.2935,0.9782,0.0291,0.001,0.1467,0.0582,0.0,1.51
TRD30007907,ORD20004157,C100172,2026-10-05,4887.5,1.4662,4.8875,0.1452,0.0049,0.7331,0.2909,0.0,7.53
TRD30007908,ORD20001550,C100051,2026-10-05,27020.4,8.1061,6.7551,0.8025,0.027,0.0,1.6084,0.0,17.3
TRD30007909,ORD20001917,C100189,2026-10-05,1108.8,0.3326,0.0,0.0329,0.0011,0.0333,0.066,0.0,0.47
TRD30007910,ORD20001917,C100189,2026-10-05,1109.5,0.3328,0.0,0.033,0.0011,0.0333,0.066,0.0,0.47
TRD30007911,ORD20001917,C100189,2026-10-05,3326.1,0.9978,0.0,0.0988,0.0033,0.0998,0.198,0.0,1.4
TRD30007912,ORD20001277,C100171,2026-10-05,63196.35,18.9589,0.0,1.8769,0.0632,1.8959,3.7618,0.0,26.56
TRD30007913,ORD20001277,C100171,2026-10-05,3184.65,0.9554,0.0,0.0946,0.0032,0.0955,0.1896,0.0,1.34
TRD30007914,ORD20000897,C100153,2026-10-05,12393.25,3.718,3.0983,0.3681,0.0124,0.0,0.7377,0.0,7.93
TRD30007915,ORD20000897,C100153,2026-10-05,12395.3,3.7186,3.0988,0.3681,0.0124,0.0,0.7378,0.0,7.94
TRD30007916,ORD20000897,C100153,2026-10-05,12403.65,3.7211,3.1009,0.3684,0.0124,0.0,0.7383,0.0,7.94
TRD30007917,ORD20004835,C100033,2026-10-05,4966.0,1.4898,0.0,0.1475,0.005,0.149,0.2956,0.0,2.09
TRD30007918,ORD20004835,C100033,2026-10-05,26375.25,7.9126,0.0,0.7833,0.0264,0.7913,1.57,0.0,11.08
TRD30007919,ORD20000961,C100105,2026-10-05,12118.6,0.0,12.1186,0.3599,0.0121,1.8178,0.067,0.0,14.38
TRD30007920,ORD20003553,C100054,2026-10-05,2944.5,0.8834,0.7361,0.0875,0.0029,0.0,0.1753,0.0,1.89
TRD30007921,ORD20003553,C100054,2026-10-05,1961.9,0.5886,0.4905,0.0583,0.002,0.0,0.1168,0.0,1.26
TRD30007922,ORD20003553,C100054,2026-10-05,33364.2,10.0093,8.341,0.9909,0.0334,0.0,1.986,0.0,21.36
TRD30007923,ORD20003014,C100143,2026-10-05,28194.0,0.0,28.194,0.8374,0.0282,4.2291,0.1558,0.0,33.44
TRD30007924,ORD20003014,C100143,2026-10-05,37576.0,0.0,37.576,1.116,0.0376,5.6364,0.2076,0.0,44.57
TRD30007925,ORD20003881,C100055,2026-10-05,4727.1,1.4181,0.0,0.1404,0.0047,0.1418,0.2814,0.0,1.99
TRD30007926,ORD20003881,C100055,2026-10-05,15742.5,4.7227,0.0,0.4676,0.0157,0.4723,0.9371,0.0,6.62
TRD30007927,ORD20003881,C100055,2026-10-05,36242.25,10.8727,0.0,1.0764,0.0362,1.0873,2.1574,0.0,15.23
TRD30007928,ORD20001812,C100065,2026-10-05,4832.6,1.4498,0.0,0.1435,0.0048,0.145,0.2877,0.0,2.03
TRD30007929,ORD20001812,C100065,2026-10-05,2416.3,0.7249,0.0,0.0718,0.0024,0.0725,0.1438,0.0,1.02
TRD30007930,ORD20001812,C100065,2026-10-05,2416.3,0.7249,0.0,0.0718,0.0024,0.0725,0.1438,0.0,1.02
TRD30007931,ORD20000007,C100121,2026-10-05,2318.7,0.6956,0.0,0.0689,0.0023,0.0696,0.138,0.0,0.97
TRD30007932,ORD20000007,C100121,2026-10-05,2321.55,0.6965,0.0,0.069,0.0023,0.0696,0.1382,0.0,0.98
TRD30007933,ORD20000007,C100121,2026-10-05,2318.15,0.6954,0.0,0.0688,0.0023,0.0695,0.138,0.0,0.97
TRD30007934,ORD20001897,C100194,2026-10-05,9381.6,2.8145,0.0,0.2786,0.0094,0.2814,0.5584,0.0,3.94
TRD30007935,ORD20001897,C100194,2026-10-05,4691.7,1.4075,0.0,0.1393,0.0047,0.1408,0.2793,0.0,1.97
TRD30007936,ORD20001897,C100194,2026-10-05,14071.05,4.2213,0.0,0.4179,0.0141,0.4221,0.8376,0.0,5.91
TRD30007937,ORD20001796,C100093,2026-10-05,5877.0,1.7631,0.0,0.1745,0.0059,0.1763,0.3498,0.0,2.47
TRD30007938,ORD20004379,C100003,2026-10-05,50597.95,0.0,50.598,1.5028,0.0506,0.0,0.2796,15.34,67.77
TRD30007939,ORD20004379,C100003,2026-10-05,83454.0,0.0,83.454,2.4786,0.0835,0.0,0.4612,0.0,86.48
TRD30007940,ORD20000958,C100185,2026-10-05,5091.35,1.5274,0.0,0.1512,0.0051,0.1527,0.3031,0.0,2.14
TRD30007941,ORD20000958,C100185,2026-10-05,3702.8,1.1108,0.0,0.11,0.0037,0.1111,0.2204,0.0,1.56
TRD30007942,ORD20001976,C100166,2026-10-05,5883.0,0.0,5.883,0.1747,0.0059,0.8824,0.0325,0.0,6.98
TRD30007943,ORD20002002,C100189,2026-10-05,25040.4,7.5121,6.2601,0.7437,0.025,0.0,1.4906,0.0,16.03
TRD30007944,ORD20004389,C100045,2026-10-05,19289.2,0.0,19.2892,0.5729,0.0193,2.8934,0.1066,0.0,22.88
TRD30007945,ORD20003374,C100128,2026-10-05,10824.0,0.0,10.824,0.3215,0.0108,1.6236,0.0598,0.0,12.84
TRD30007946,ORD20003374,C100128,2026-10-05,13710.4,0.0,13.7104,0.4072,0.0137,2.0566,0.0758,0.0,16.26
TRD30007947,ORD20003374,C100128,2026-10-05,5412.0,0.0,5.412,0.1607,0.0054,0.8118,0.0299,0.0,6.42
TRD30007948,ORD20004686,C100152,2026-10-05,18598.0,0.0,18.598,0.5524,0.0186,0.0,0.1028,15.34,34.61
TRD30007949,ORD20004686,C100152,2026-10-05,9304.1,0.0,9.3041,0.2763,0.0093,0.0,0.0514,0.0,9.64
TRD30007950,ORD20003656,C100059,2026-10-05,46352.2,0.0,46.3522,1.3767,0.0464,6.9528,0.2561,0.0,54.98
TRD30007951,ORD20003656,C100059,2026-10-05,11588.05,0.0,11.588,0.3442,0.0116,1.7382,0.064,0.0,13.75
TRD30007952,ORD20003656,C100059,2026-10-05,11588.05,0.0,11.588,0.3442,0.0116,1.7382,0.064,0.0,13.75
TRD30007953,ORD20001113,C100012,2026-10-05,2416.05,0.0,2.4161,0.0718,0.0024,0.3624,0.0134,0.0,2.87
TRD30007954,ORD20001113,C100012,2026-10-05,4832.1,0.0,4.8321,0.1435,0.0048,0.7248,0.0267,0.0,5.73
TRD30007955,ORD20004802,C100160,2026-10-05,2582.5,0.7747,0.6456,0.0767,0.0026,0.0,0.1537,0.0,1.65
TRD30007956,ORD20004802,C100160,2026-10-05,1292.8,0.3878,0.3232,0.0384,0.0013,0.0,0.077,0.0,0.83
TRD30007957,ORD20004802,C100160,2026-10-05,1291.7,0.3875,0.3229,0.0384,0.0013,0.0,0.0769,0.0,0.83
TRD30007958,ORD20002768,C100168,2026-10-05,94390.1,20.0,0.0,2.8034,0.0944,2.8317,4.1216,0.0,29.85
TRD30007959,ORD20002703,C100197,2026-10-05,65281.65,19.5845,0.0,1.9389,0.0653,1.9584,3.886,0.0,27.43
TRD30007960,ORD20002924,C100121,2026-10-05,49779.4,14.9338,0.0,1.4784,0.0498,1.4934,2.9632,0.0,20.92
TRD30007961,ORD20002924,C100121,2026-10-05,49779.4,14.9338,0.0,1.4784,0.0498,1.4934,2.9632,0.0,20.92
TRD30007962,ORD20003089,C100004,2026-10-05,1633.5,0.49,0.0,0.0485,0.0016,0.049,0.0972,0.0,0.69
TRD30007963,ORD20003089,C100004,2026-10-05,544.5,0.1634,0.0,0.0162,0.0005,0.0163,0.0324,0.0,0.23
TRD30007964,ORD20003089,C100004,2026-10-05,544.5,0.1634,0.0,0.0162,0.0005,0.0163,0.0324,0.0,0.23
TRD30007965,ORD20003864,C100113,2026-10-05,9996.0,2.9988,2.499,0.2969,0.01,0.0,0.595,0.0,6.4
TRD30007966,ORD20003864,C100113,2026-10-05,1666.0,0.4998,0.4165,0.0495,0.0017,0.0,0.0992,0.0,1.07
TRD30007967,ORD20003240,C100182,2026-10-05,15267.75,4.5803,15.2678,0.4535,0.0153,2.2902,0.9088,0.0,23.52
TRD30007968,ORD20003240,C100182,2026-10-05,21374.85,6.4125,21.3748,0.6348,0.0214,3.2062,1.2724,0.0,32.92
TRD30007969,ORD20003280,C100148,2026-10-05,43008.9,0.0,43.0089,1.2774,0.043,0.0,0.2377,15.34,59.91
TRD30007970,ORD20003280,C100148,2026-10-05,3909.9,0.0,3.9099,0.1161,0.0039,0.0,0.0216,0.0,4.05
TRD30007971,ORD20002929,C100065,2026-10-05,10695.6,3.2087,2.6739,0.3177,0.0107,0.0,0.6367,0.0,6.85
TRD30007972,ORD20004339,C100141,2026-10-05,1627.5,0.4882,0.0,0.0483,0.0016,0.0488,0.0969,0.0,0.68
TRD30007973,ORD20004339,C100141,2026-10-05,12739.35,3.8218,0.0,0.3784,0.0127,0.3822,0.7583,0.0,5.35
TRD30007974,ORD20004339,C100141,2026-10-05,43440.0,13.032,0.0,1.2902,0.0434,1.3032,2.5858,0.0,18.25
TRD30007975,ORD20000743,C100176,2026-10-05,47265.6,14.1797,0.0,1.4038,0.0473,1.418,2.8135,0.0,19.86
TRD30007976,ORD20000078,C100072,2026-10-05,124096.85,0.0,124.0968,3.6857,0.1241,0.0,0.6858,15.34,143.93
