symbol,date,open,high,low,close,adj_close,volume
RELIANCE,2025-10-21,3046.16,3052.3,3026.48,3031.51,3031.51,2393562
RELIANCE,2025-10-22,3020.4,3054.92,2964.45,2975.09,2975.09,2253109
RELIANCE,2025-10-23,2977.32,3002.6,2977.17,3001.96,3001.96,2987340
RELIANCE,2025-10-24,3018.36,3050.12,2988.59,3002.91,3002.91,2385862
RELIANCE,2025-10-27,2988.03,3007.71,2984.8,3006.03,3006.03,1656014
RELIANCE,2025-10-28,2994.47,3056.65,2982.69,3054.25,3054.25,1938375
RELIANCE,2025-10-29,3050.37,3057.06,2929.72,2951.44,2951.44,10125988
RELIANCE,2025-10-30,2946.83,3003.03,2872.69,2900.17,2900.17,3447617
RELIANCE,2025-10-31,2907.24,2922.09,2878.09,2886.66,2886.66,1686530
RELIANCE,2025-11-03,2888.75,2901.01,2802.61,2819.08,2819.08,4892731
RELIANCE,2025-11-04,2804.07,2888.41,2783.17,2871.71,2871.71,2951361
RELIANCE,2025-11-05,2876.15,2882.4,2842.48,2861.89,2861.89,1976243
RELIANCE,2025-11-06,2856.93,2886.82,2846.4,2878.36,2878.36,2910240
RELIANCE,2025-11-07,2889.36,2910.02,2878.99,2894.25,2894.25,1377936
RELIANCE,2025-11-10,2888.8,2911.02,2879.79,2910.48,2910.48,2666132
RELIANCE,2025-11-11,2904.92,2966.01,2885.79,2961.06,2961.06,6464639
RELIANCE,2025-11-12,2965.87,2966.12,2933.86,2946.25,2946.25,2748706
RELIANCE,2025-11-13,2952.99,2958.95,2925.35,2949.35,2949.35,1759585
RELIANCE,2025-11-14,2953.31,2960.84,2921.3,2935.29,2935.29,1850736
RELIANCE,2025-11-17,2920.45,2954.39,2880.37,2903.07,2903.07,2239696
RELIANCE,2025-11-18,2907.76,2932.01,2893.1,2920.33,2920.33,2109611
RELIANCE,2025-11-19,2911.26,2928.42,2849.84,2875.51,2875.51,2495627
RELIANCE,2025-11-20,2877.54,2923.28,2872.84,2898.2,2898.2,3535098
RELIANCE,2025-11-21,2885.82,2935.36,2865.87,2934.33,2934.33,1359684
RELIANCE,2025-11-24,2938.26,2939.74,2886.16,2890.33,2890.33,4067746
RELIANCE,2025-11-25,2883.34,2895.33,2851.67,2853.42,2853.42,2360227
RELIANCE,2025-11-26,2842.44,2913.4,2841.09,2898.94,2898.94,3400260
RELIANCE,2025-11-27,2905.15,2928.55,2846.53,2866.02,2866.02,1696100
RELIANCE,2025-11-28,2868.1,2875.1,2843.06,2849.24,2849.24,3967837
RELIANCE,2025-12-01,2843.99,2866.74,2837.98,2856.71,2856.71,3519838
RELIANCE,2025-12-02,2869.15,2921.58,2852.13,2920.76,2920.76,4846543
RELIANCE,2025-12-03,2916.9,2921.78,2908.62,2916.5,2916.5,1129126
RELIANCE,2025-12-04,2916.79,2949.43,2916.73,2931.7,2931.7,3193300
RELIANCE,2025-12-05,2934.07,2975.45,2920.87,2962.57,2962.57,3063831
RELIANCE,2025-12-08,2957.06,2995.46,2952.88,2994.33,2994.33,1377010
RELIANCE,2025-12-09,2998.56,3081.02,2995.25,3046.44,3046.44,2979971
RELIANCE,2025-12-10,3041.57,3178.12,3036.64,3141.21,3141.21,4402215
RELIANCE,2025-12-11,3137.33,3145.62,3103.98,3145.39,3145.39,2575515
RELIANCE,2025-12-12,3158.25,3162.43,3120.18,3122.02,3122.02,2604605
RELIANCE,2025-12-15,3112.27,3144.57,3107.72,3142.62,3142.62,2667308
RELIANCE,2025-12-16,3119.88,3120.4,3073.8,3112.98,3112.98,4591465
RELIANCE,2025-12-17,3128.02,3132.25,3077.11,3093.71,3093.71,3840753
RELIANCE,2025-12-18,3117.37,3143.42,3112.45,3125.65,3125.65,823878
RELIANCE,2025-12-19,3121.85,3142.66,3029.72,3042.24,3042.24,3163453
RELIANCE,2025-12-22,3024.56,3045.83,2996.51,3021.56,3021.56,2236289
RELIANCE,2025-12-23,3018.74,3038.54,2966.36,2969.3,2969.3,1498623
RELIANCE,2025-12-24,2966.75,2971.9,2888.73,2911.23,2911.23,3278815
RELIANCE,2025-12-25,2909.57,2931.31,2899.61,2900.69,2900.69,3623143
RELIANCE,2025-12-26,2891.0,2932.32,2890.35,2924.75,2924.75,1602114
RELIANCE,2025-12-29,2929.84,2998.93,2928.28,2954.58,2954.58,2958689
RELIANCE,2025-12-30,2959.23,2993.41,2959.16,2963.11,2963.11,1493537
RELIANCE,2025-12-31,2949.83,2982.49,2919.41,2967.66,2967.66,1585205
RELIANCE,2026-01-01,2973.88,2990.73,2932.49,2980.76,2980.76,4053287
RELIANCE,2026-01-02,2999.11,3006.46,2908.3,2943.65,2943.65,2195716
RELIANCE,2026-01-05,2945.17,2945.85,2897.0,2906.47,2906.47,3295093
RELIANCE,2026-01-06,2903.53,2940.17,2903.27,2934.68,2934.68,1209849
RELIANCE,2026-01-07,2933.43,2951.9,2908.07,2920.16,2920.16,4797560
RELIANCE,2026-01-08,2925.55,2945.42,2917.25,2933.52,2933.52,2868784
RELIANCE,2026-01-09,2918.29,2941.69,2911.56,2926.55,2926.55,1974772
RELIANCE,2026-01-12,2927.99,2948.33,2910.09,2939.88,2939.88,2836458
RELIANCE,2026-01-13,2936.44,2973.59,2918.29,2946.45,2946.45,1203569
RELIANCE,2026-01-14,2962.78,2969.71,2942.97,2946.22,2946.22,3189150
RELIANCE,2026-01-15,2944.68,2951.18,2927.68,2949.36,2949.36,1797398
RELIANCE,2026-01-16,2964.12,2966.74,2944.58,2949.4,2949.4,1828040
RELIANCE,2026-01-19,2939.63,2967.65,2888.64,2898.4,2898.4,2481015
RELIANCE,2026-01-20,2903.51,2914.35,2890.85,2903.0,2903.0,1646560
RELIANCE,2026-01-21,2905.78,2941.71,2893.28,2895.2,2895.2,2829109
RELIANCE,2026-01-22,2887.66,2939.8,2887.63,2935.83,2935.83,3114691
RELIANCE,2026-01-23,2937.39,2987.44,2911.43,2964.72,2964.72,3329353
RELIANCE,2026-01-26,2975.51,2976.76,2888.17,2931.28,2931.28,2648360
RELIANCE,2026-01-27,2928.43,2947.34,2858.21,2882.73,2882.73,3654225
RELIANCE,2026-01-28,2868.1,2881.04,2793.61,2813.65,2813.65,2897117
RELIANCE,2026-01-29,2813.5,2820.21,2721.98,2727.92,2727.92,9327866
RELIANCE,2026-01-30,2720.54,2729.61,2690.2,2694.32,2694.32,1452776
RELIANCE,2026-02-02,2691.55,2774.51,2667.21,2764.19,2764.19,5805087
RELIANCE,2026-02-03,2763.51,2779.88,2722.52,2738.71,2738.71,4378920
RELIANCE,2026-02-04,2724.69,2783.67,2710.62,2764.47,2764.47,1806112
RELIANCE,2026-02-05,2751.07,2798.92,2710.51,2775.0,2775.0,5388314
RELIANCE,2026-02-06,2779.02,2844.14,2748.97,2835.13,2835.13,4851307
RELIANCE,2026-02-09,2830.68,2866.69,2823.69,2843.43,2843.43,3180454
RELIANCE,2026-02-10,2821.55,2912.12,2815.4,2879.63,2879.63,2766018
RELIANCE,2026-02-11,2886.41,2891.91,2862.63,2882.5,2882.5,1872175
RELIANCE,2026-02-12,2884.86,2899.87,2811.57,2844.13,2844.13,2556511
RELIANCE,2026-02-13,2838.04,2840.99,2836.05,2838.96,2838.96,2444608
RELIANCE,2026-02-16,2827.74,2837.44,2771.15,2787.84,2787.84,5365993
RELIANCE,2026-02-17,2794.83,2797.61,2734.93,2736.32,2736.32,3324875
RELIANCE,2026-02-18,2739.19,2770.12,2672.94,2698.85,2698.85,1946529
RELIANCE,2026-02-19,2718.14,2728.44,2705.72,2725.67,2725.67,3575085
RELIANCE,2026-02-20,2729.1,2817.76,2726.67,2810.78,2810.78,5509919
RELIANCE,2026-02-23,2814.05,2817.97,2770.94,2777.04,2777.04,3509670
RELIANCE,2026-02-24,2775.65,2787.64,2768.69,2786.38,2786.38,2940752
RELIANCE,2026-02-25,2793.21,2793.31,2743.33,2765.24,2765.24,2185512
RELIANCE,2026-02-26,2770.43,2817.45,2756.22,2809.89,2809.89,2024444
RELIANCE,2026-02-27,2820.44,2840.16,2799.0,2812.5,2812.5,1440048
RELIANCE,2026-03-02,2808.1,2835.86,2742.75,2753.2,2753.2,1689707
RELIANCE,2026-03-03,2749.61,2810.93,2749.43,2805.72,2805.72,3415461
RELIANCE,2026-03-04,2801.68,2811.59,2776.79,2799.91,2799.91,2036795
RELIANCE,2026-03-05,2806.56,2841.44,2801.23,2821.95,2821.95,2053944
RELIANCE,2026-03-06,2834.64,2836.13,2791.21,2797.35,2797.35,767626
RELIANCE,2026-03-09,2793.49,2809.25,2741.98,2752.1,2752.1,1792771
RELIANCE,2026-03-10,2748.6,2762.88,2731.48,2733.79,2733.79,3726291
RELIANCE,2026-03-11,2736.37,2770.98,2711.22,2767.47,2767.47,2078235
RELIANCE,2026-03-12,2765.43,2832.8,2748.71,2817.82,2817.82,3529201
RELIANCE,2026-03-13,2825.87,2834.19,2820.64,2824.99,2824.99,1223513
RELIANCE,2026-03-16,2805.91,2875.19,2793.28,2854.63,2854.63,4629160
RELIANCE,2026-03-17,2847.55,2885.83,2814.51,2880.83,2880.83,2384708
RELIANCE,2026-03-18,2874.07,2880.2,2780.67,2813.76,2813.76,3800106
RELIANCE,2026-03-19,2794.18,2829.75,2773.59,2824.06,2824.06,5577492
RELIANCE,2026-03-20,2815.89,2880.76,2800.24,2830.98,2830.98,3903723
RELIANCE,2026-03-23,2823.21,2861.08,2798.05,2854.52,2854.52,2189702
RELIANCE,2026-03-24,2852.8,2929.3,2834.68,2866.55,2866.55,1761302
RELIANCE,2026-03-25,2876.13,2905.87,2837.4,2860.1,2860.1,1858391
RELIANCE,2026-03-26,2858.0,2887.16,2849.66,2879.35,2879.35,2920727
RELIANCE,2026-03-27,2870.45,2980.38,2863.21,2971.87,2971.87,3704610
RELIANCE,2026-03-30,2971.36,3058.97,2969.53,3037.78,3037.78,2806937
RELIANCE,2026-03-31,3047.35,3070.54,3035.45,3057.48,3057.48,4256917
RELIANCE,2026-04-01,3048.52,3073.59,2999.7,3011.89,3011.89,2747924
RELIANCE,2026-04-02,3003.66,3053.35,2990.82,3044.51,3044.51,6582218
RELIANCE,2026-04-03,3049.61,3090.65,2983.21,2999.03,2999.03,2984340
RELIANCE,2026-04-06,2997.04,2997.07,2939.15,2979.95,2979.95,4825196
RELIANCE,2026-04-07,2985.74,2993.05,2953.46,2958.74,2958.74,2777504
RELIANCE,2026-04-08,2958.62,2989.77,2942.88,2961.04,2961.04,2982408
RELIANCE,2026-04-09,2967.28,2969.61,2951.45,2960.14,2960.14,1497449
RELIANCE,2026-04-10,2950.95,2968.69,2879.49,2882.71,2882.71,2529622
RELIANCE,2026-04-13,2882.61,2884.5,2813.36,2825.46,2825.46,3817108
RELIANCE,2026-04-14,2823.68,2824.28,2739.71,2784.0,2784.0,4250196
RELIANCE,2026-04-15,2773.85,2796.56,2742.01,2764.87,2764.87,2431718
RELIANCE,2026-04-16,2751.9,2785.27,2722.01,2781.01,2781.01,1392106
RELIANCE,2026-04-17,2786.73,2861.99,2749.11,2849.3,2849.3,1988230
RELIANCE,2026-04-20,2846.3,2930.57,2825.89,2914.4,2914.4,1879655
RELIANCE,2026-04-21,2905.46,2906.07,2861.07,2883.99,2883.99,1285359
RELIANCE,2026-04-22,2883.16,2888.05,2877.77,2878.54,2878.54,2189091
RELIANCE,2026-04-23,2888.28,2890.12,2840.54,2862.71,2862.71,3624209
RELIANCE,2026-04-24,2843.12,2865.36,2836.11,2861.53,2861.53,1996551
RELIANCE,2026-04-27,2848.68,2882.87,2835.3,2872.24,2872.24,892765
RELIANCE,2026-04-28,2864.29,2882.52,2848.8,2865.34,2865.34,1969689
RELIANCE,2026-04-29,2877.9,2895.88,2849.98,2858.97,2858.97,1981754
RELIANCE,2026-04-30,2861.39,2915.43,2848.88,2896.24,2896.24,6367050
RELIANCE,2026-05-01,2902.9,2932.35,2892.86,2925.11,2925.11,1436443
RELIANCE,2026-05-04,2915.11,2997.79,2905.32,2972.53,2972.53,2513956
RELIANCE,2026-05-05,2962.54,3038.52,2952.48,3030.45,3030.45,6194298
RELIANCE,2026-05-06,3034.52,3042.96,3021.24,3031.23,3031.23,2392126
RELIANCE,2026-05-07,3031.76,3066.99,3011.34,3039.08,3039.08,2676407
RELIANCE,2026-05-08,3044.08,3048.27,3006.7,3028.22,3028.22,2298626
RELIANCE,2026-05-11,3026.51,3068.61,3024.94,3055.13,3055.13,2862952
RELIANCE,2026-05-12,3057.68,3092.36,3051.68,3085.43,3085.43,3507505
RELIANCE,2026-05-13,3086.9,3098.6,3048.28,3062.84,3062.84,1750528
RELIANCE,2026-05-14,3069.99,3095.86,3023.36,3023.84,3023.84,3900266
RELIANCE,2026-05-15,3031.16,3037.18,2974.18,2984.4,2984.4,1595800
RELIANCE,2026-05-18,2969.89,2975.29,2945.36,2956.32,2956.32,2902202
RELIANCE,2026-05-19,2936.39,2959.68,2909.05,2951.13,2951.13,2242100
RELIANCE,2026-05-20,2960.0,2986.99,2937.32,2971.46,2971.46,1868828
RELIANCE,2026-05-21,2982.05,3008.52,2944.15,2961.95,2961.95,2153908
RELIANCE,2026-05-22,2952.88,2984.67,2922.57,2952.4,2952.4,1695490
RELIANCE,2026-05-25,2935.92,2959.08,2914.71,2924.03,2924.03,1665574
RELIANCE,2026-05-26,2924.9,2926.82,2862.82,2880.89,2880.89,2488816
RELIANCE,2026-05-27,2888.93,2967.38,2887.75,2961.12,2961.12,2325562
RELIANCE,2026-05-28,2977.09,2990.78,2870.51,2877.63,2877.63,4191658
RELIANCE,2026-05-29,2882.09,2884.18,2812.31,2843.14,2843.14,1704360
RELIANCE,2026-06-01,2839.97,2842.2,2828.24,2831.16,2831.16,2970129
RELIANCE,2026-06-02,2823.57,2872.63,2797.15,2858.5,2858.5,1592411
RELIANCE,2026-06-03,2858.6,2871.89,2842.01,2870.87,2870.87,1785574
RELIANCE,2026-06-04,2868.29,2901.67,2842.19,2889.03,2889.03,1836622
RELIANCE,2026-06-05,2880.23,2887.39,2863.91,2877.67,2877.67,3766989
RELIANCE,2026-06-08,2895.35,2906.37,2871.76,2876.97,2876.97,2279160
RELIANCE,2026-06-09,2892.38,2892.43,2759.21,2771.27,2771.27,3867508
RELIANCE,2026-06-10,2780.72,2786.39,2741.41,2751.78,2751.78,2933029
RELIANCE,2026-06-11,2744.18,2850.07,2731.43,2838.65,2838.65,1649360
RELIANCE,2026-06-12,2845.93,2868.97,2845.28,2862.54,2862.54,2438671
RELIANCE,2026-06-15,2868.03,2881.04,2809.22,2838.86,2838.86,5506879
RELIANCE,2026-06-16,2842.62,2856.58,2834.4,2850.1,2850.1,2338538
RELIANCE,2026-06-17,2860.79,2881.98,2758.59,2775.23,2775.23,3664505
RELIANCE,2026-06-18,2780.52,2804.58,2761.05,2762.67,2762.67,2804873
RELIANCE,2026-06-19,2768.8,2777.12,2747.27,2760.45,2760.45,2905364
RELIANCE,2026-06-22,2765.72,2793.19,2757.13,2764.55,2764.55,931526
RELIANCE,2026-06-23,2767.37,2792.22,2766.55,2774.82,2774.82,1124156
RELIANCE,2026-06-24,2759.97,2813.62,2758.06,2796.49,2796.49,2660232
RELIANCE,2026-06-25,2797.19,2841.11,2783.16,2840.22,2840.22,2183060
RELIANCE,2026-06-26,2835.48,2840.14,2814.33,2825.56,2825.56,3871525
RELIANCE,2026-06-29,2814.71,2866.36,2803.73,2860.58,2860.58,2393801
RELIANCE,2026-06-30,2875.01,2920.87,2864.77,2910.05,2910.05,1384997
RELIANCE,2026-07-01,2925.14,2931.11,2856.57,2883.15,2883.15,1526557
RELIANCE,2026-07-02,2894.91,2900.4,2817.06,2841.77,2841.77,946411
RELIANCE,2026-07-03,2843.94,2895.87,2837.55,2888.77,2888.77,2694030
RELIANCE,2026-07-06,2900.47,2911.2,2875.66,2882.11,2882.11,1966078
RELIANCE,2026-07-07,2882.22,3013.02,2871.43,2975.39,2975.39,3271919
RELIANCE,2026-07-08,2977.2,3009.06,2976.78,3002.49,3002.49,3883175
RELIANCE,2026-07-09,2992.64,3097.55,2981.88,3057.56,3057.56,4948311
RELIANCE,2026-07-10,3061.2,3061.86,3013.9,3043.49,3043.49,2108380
RELIANCE,2026-07-13,3044.04,3044.12,3017.93,3024.53,3024.53,1002420
RELIANCE,2026-07-14,3012.71,3123.56,3008.77,3104.09,3104.09,4514959
RELIANCE,2026-07-15,3103.61,3125.73,3078.72,3100.93,3100.93,2551604
RELIANCE,2026-07-16,3100.19,3103.96,3045.26,3085.45,3085.45,2580886
RELIANCE,2026-07-17,3102.09,3111.4,2992.08,3028.68,3028.68,4571853
RELIANCE,2026-07-20,3036.8,3076.15,3022.3,3067.23,3067.23,1716395
RELIANCE,2026-07-21,3067.33,3077.05,3031.16,3032.26,3032.26,5951265
RELIANCE,2026-07-22,3034.52,3034.55,3020.33,3024.87,3024.87,1449682
RELIANCE,2026-07-23,3025.27,3043.17,2974.24,2998.1,2998.1,3389305
RELIANCE,2026-07-24,2996.27,3050.8,2995.85,3040.63,3040.63,1436221
RELIANCE,2026-07-27,3030.75,3045.4,2935.5,2971.22,2971.22,2313415
RELIANCE,2026-07-28,2969.87,2981.94,2927.46,2942.01,2942.01,4714269
RELIANCE,2026-07-29,2935.43,2952.24,2888.58,2891.53,2891.53,2713840
RELIANCE,2026-07-30,2880.68,2897.51,2855.38,2862.92,2862.92,3601902
RELIANCE,2026-07-31,2867.31,2886.91,2860.53,2874.86,2874.86,2451953
RELIANCE,2026-08-03,2878.23,2908.01,2841.46,2906.23,2906.23,2520322
RELIANCE,2026-08-04,2890.66,2903.88,2834.48,2838.87,2838.87,5828405
RELIANCE,2026-08-05,2837.83,2852.46,2815.6,2829.96,2829.96,1973845
RELIANCE,2026-08-06,2838.41,2850.23,2811.58,2841.06,2841.06,1086853
RELIANCE,2026-08-07,2850.09,2859.37,2809.46,2820.65,2820.65,1748914
RELIANCE,2026-08-10,2829.33,2849.31,2809.68,2833.07,2833.07,2797599
RELIANCE,2026-08-11,2833.4,2840.84,2795.45,2811.74,2811.74,2849327
RELIANCE,2026-08-12,2804.61,2852.56,2803.71,2831.46,2831.46,1281578
RELIANCE,2026-08-13,2822.26,2893.18,2786.96,2889.64,2889.64,2389485
RELIANCE,2026-08-14,2892.63,2894.53,2852.14,2862.69,2862.69,2012754
RELIANCE,2026-08-17,2865.95,2987.01,2852.99,2943.82,2943.82,3149332
RELIANCE,2026-08-18,2955.19,2979.61,2930.04,2934.46,2934.46,1252832
RELIANCE,2026-08-19,2944.14,2970.15,2881.65,2925.19,2925.19,1688513
RELIANCE,2026-08-20,2924.03,2926.66,2861.91,2879.13,2879.13,2186870
RELIANCE,2026-08-21,2868.38,2875.46,2821.8,2842.83,2842.83,3727088
RELIANCE,2026-08-24,2840.11,2842.13,2792.03,2839.35,2839.35,2841080
RELIANCE,2026-08-25,2841.21,2848.79,2823.17,2829.07,2829.07,2074084
RELIANCE,2026-08-26,2827.35,2871.91,2807.34,2869.26,2869.26,2412336
RELIANCE,2026-08-27,2864.29,2933.76,2850.46,2908.39,2908.39,2948966
RELIANCE,2026-08-28,2910.6,2929.73,2898.81,2921.73,2921.73,1626636
RELIANCE,2026-08-31,2917.31,2963.0,2910.24,2943.01,2943.01,1526060
RELIANCE,2026-09-01,2937.46,2993.24,2927.5,2981.71,2981.71,1894837
RELIANCE,2026-09-02,2984.5,3026.94,2951.62,3025.84,3025.84,2216057
RELIANCE,2026-09-03,3022.19,3041.63,3011.16,3014.83,3014.83,1381126
RELIANCE,2026-09-04,3017.04,3025.28,2991.35,2998.11,2998.11,2468449
RELIANCE,2026-09-07,3000.57,3026.59,2971.71,2998.42,2998.42,2663024
RELIANCE,2026-09-08,2988.17,3031.54,2966.83,3030.13,3030.13,1382584
RELIANCE,2026-09-09,3025.76,3029.33,2945.19,2958.69,2958.69,3436353
RELIANCE,2026-09-10,2971.45,2997.12,2961.46,2977.21,2977.21,2155612
RELIANCE,2026-09-11,2966.83,2985.63,2966.43,2981.53,2981.53,2371946
RELIANCE,2026-09-14,2962.6,3013.5,2934.82,2984.97,2984.97,2040799
RELIANCE,2026-09-15,2968.3,3027.11,2964.23,3010.62,3010.62,1393057
RELIANCE,2026-09-16,3010.88,3017.73,2993.41,3013.63,3013.63,1232564
RELIANCE,2026-09-17,3013.91,3098.38,3008.61,3074.06,3074.06,3201033
RELIANCE,2026-09-18,3072.97,3125.33,3043.67,3073.53,3073.53,3007558
RELIANCE,2026-09-21,3084.72,3095.58,3063.07,3065.35,3065.35,883167
RELIANCE,2026-09-22,3040.77,3074.2,3027.23,3047.95,3047.95,2665563
RELIANCE,2026-09-23,3051.57,3056.03,2930.42,2963.82,2963.82,5870644
RELIANCE,2026-09-24,2977.7,2980.4,2948.87,2968.01,2968.01,1944097
RELIANCE,2026-09-25,2957.96,2983.98,2942.41,2976.26,2976.26,2676705
RELIANCE,2026-09-28,2972.87,2973.97,2923.94,2928.68,2928.68,2220281
RELIANCE,2026-09-29,2922.07,2928.08,2914.84,2926.15,2926.15,1939437
RELIANCE,2026-09-30,2918.29,2994.55,2885.74,2987.23,2987.23,1679415
RELIANCE,2026-10-01,2984.31,3009.34,2915.58,2923.8,2923.8,1276095
RELIANCE,2026-10-02,2936.32,2963.52,2873.1,2884.49,2884.49,4065071
RELIANCE,2026-10-05,2900.39,2911.76,2852.83,2900.0,2900.0,1552224
TCS,2025-10-21,4490.09,4503.28,4450.23,4498.02,4498.02,1840478
TCS,2025-10-22,4498.16,4515.15,4446.66,4451.74,4451.74,6160603
TCS,2025-10-23,4463.48,4471.67,4408.45,4468.13,4468.13,2656546
TCS,2025-10-24,4448.06,4469.91,4429.01,4434.02,4434.02,3243348
TCS,2025-10-27,4416.59,4440.78,4395.08,4438.26,4438.26,1071916
TCS,2025-10-28,4411.13,4478.37,4385.46,4457.39,4457.39,1610836
TCS,2025-10-29,4457.82,4481.12,4411.97,4416.64,4416.64,4149462
TCS,2025-10-30,4401.82,4423.07,4362.44,4380.63,4380.63,2770110
TCS,2025-10-31,4375.57,4455.45,4336.14,4407.63,4407.63,1092191
TCS,2025-11-03,4416.38,4457.28,4310.21,4329.67,4329.67,4611541
TCS,2025-11-04,4321.34,4348.74,4304.45,4342.05,4342.05,1731772
TCS,2025-11-05,4345.06,4408.06,4328.86,4363.17,4363.17,3994510
TCS,2025-11-06,4359.25,4426.61,4358.28,4407.74,4407.74,2497889
TCS,2025-11-07,4416.62,4437.08,4384.91,4390.11,4390.11,2410589
TCS,2025-11-10,4396.37,4403.75,4335.24,4366.29,4366.29,3696117
TCS,2025-11-11,4357.23,4466.13,4300.06,4452.45,4452.45,2196484
TCS,2025-11-12,4450.2,4487.6,4441.3,4445.3,4445.3,1397135
TCS,2025-11-13,4459.22,4487.24,4440.11,4448.76,4448.76,1875565
TCS,2025-11-14,4454.01,4475.34,4376.96,4408.95,4408.95,3504689
TCS,2025-11-17,4390.47,4396.04,4341.14,4382.46,4382.46,1374789
TCS,2025-11-18,4391.08,4435.19,4349.72,4424.83,4424.83,1311062
TCS,2025-11-19,4410.43,4423.56,4331.9,4358.0,4358.0,4015024
TCS,2025-11-20,4376.46,4400.39,4362.9,4372.14,4372.14,1709279
TCS,2025-11-21,4385.57,4390.8,4372.48,4385.12,4385.12,1845546
TCS,2025-11-24,4388.93,4401.82,4271.69,4337.59,4337.59,1251900
TCS,2025-11-25,4339.63,4346.38,4276.58,4314.9,4314.9,1748949
TCS,2025-11-26,4312.19,4448.27,4283.23,4446.6,4446.6,3759815
TCS,2025-11-27,4455.65,4458.53,4342.33,4352.46,4352.46,4723420
TCS,2025-11-28,4347.62,4381.59,4324.58,4375.94,4375.94,1691490
TCS,2025-12-01,4379.03,4399.33,4324.59,4345.16,4345.16,4662258
TCS,2025-12-02,4356.53,4440.04,4327.76,4425.3,4425.3,2334490
TCS,2025-12-03,4417.84,4422.19,4411.52,4421.02,4421.02,1552497
TCS,2025-12-04,4412.85,4443.6,4409.81,4422.13,4422.13,3694816
TCS,2025-12-05,4406.28,4484.01,4364.17,4482.19,4482.19,3031032
TCS,2025-12-08,4467.88,4500.76,4458.37,4500.01,4500.01,1779158
TCS,2025-12-09,4475.32,4605.37,4409.83,4600.04,4600.04,3092541
TCS,2025-12-10,4610.11,4671.14,4509.96,4523.66,4523.66,5117850
TCS,2025-12-11,4548.2,4624.84,4529.13,4610.35,4610.35,5594236
TCS,2025-12-12,4630.07,4692.84,4628.88,4680.98,4680.98,2082440
TCS,2025-12-15,4658.15,4721.18,4655.72,4691.1,4691.1,2075709
TCS,2025-12-16,4701.3,4704.07,4606.01,4613.59,4613.59,3083072
TCS,2025-12-17,4633.27,4698.26,4523.61,4545.16,4545.16,1935474
TCS,2025-12-18,4538.94,4550.41,4497.19,4540.11,4540.11,2003793
TCS,2025-12-19,4541.49,4550.32,4480.05,4493.99,4493.99,2595661
TCS,2025-12-22,4466.92,4551.87,4448.58,4530.16,4530.16,3880924
TCS,2025-12-23,4533.78,4583.24,4517.08,4573.59,4573.59,4133778
TCS,2025-12-24,4559.0,4565.81,4402.59,4445.5,4445.5,3219274
TCS,2025-12-25,4448.17,4478.95,4430.32,4456.32,4456.32,1952843
TCS,2025-12-26,4435.45,4477.52,4405.56,4468.97,4468.97,2806123
TCS,2025-12-29,4476.25,4523.87,4475.04,4489.95,4489.95,1789419
TCS,2025-12-30,4503.75,4506.31,4440.58,4493.45,4493.45,2567791
TCS,2025-12-31,4482.89,4627.76,4463.9,4618.56,4618.56,3491309
TCS,2026-01-01,4602.8,4677.48,4479.21,4524.27,4524.27,2178003
TCS,2026-01-02,4495.0,4532.13,4486.68,4521.43,4521.43,1377653
TCS,2026-01-05,4517.82,4537.32,4361.48,4384.83,4384.83,6792523
TCS,2026-01-06,4377.18,4416.05,4346.72,4397.73,4397.73,2026724
TCS,2026-01-07,4377.27,4402.03,4355.63,4367.21,4367.21,4620039
TCS,2026-01-08,4373.14,4431.14,4368.33,4406.38,4406.38,2047057
TCS,2026-01-09,4400.43,4410.05,4362.92,4379.85,4379.85,2631406
TCS,2026-01-12,4365.71,4369.05,4331.21,4346.56,4346.56,6344848
TCS,2026-01-13,4339.33,4362.94,4327.72,4361.28,4361.28,1430631
TCS,2026-01-14,4375.29,4443.49,4349.56,4424.07,4424.07,1326111
TCS,2026-01-15,4432.07,4466.79,4424.6,4444.21,4444.21,3769098
TCS,2026-01-16,4442.47,4471.14,4375.81,4394.2,4394.2,1907982
TCS,2026-01-19,4402.36,4408.29,4307.75,4330.25,4330.25,2831255
TCS,2026-01-20,4315.17,4330.73,4206.86,4248.86,4248.86,2461320
TCS,2026-01-21,4249.27,4273.79,4241.86,4265.28,4265.28,2462609
TCS,2026-01-22,4267.16,4287.89,4239.89,4248.93,4248.93,1511796
TCS,2026-01-23,4242.94,4304.27,4182.55,4286.84,4286.84,2336716
TCS,2026-01-26,4292.44,4345.35,4278.64,4326.04,4326.04,3021775
TCS,2026-01-27,4315.91,4429.32,4292.58,4415.5,4415.5,2138121
TCS,2026-01-28,4422.25,4447.3,4288.9,4329.84,4329.84,2379186
TCS,2026-01-29,4337.01,4370.87,4251.66,4295.54,4295.54,2137199
TCS,2026-01-30,4257.95,4367.73,4221.13,4351.2,4351.2,1551952
TCS,2026-02-02,4366.73,4492.8,4337.65,4476.55,4476.55,3101073
TCS,2026-02-03,4435.62,4468.81,4383.63,4419.61,4419.61,2877694
TCS,2026-02-04,4411.44,4534.66,4391.72,4459.41,4459.41,2144347
TCS,2026-02-05,4473.12,4519.0,4414.0,4430.8,4430.8,2122205
TCS,2026-02-06,4426.58,4496.27,4410.22,4476.44,4476.44,2571803
TCS,2026-02-09,4456.75,4476.42,4394.52,4459.93,4459.93,1694380
TCS,2026-02-10,4445.3,4475.09,4395.66,4452.36,4452.36,2747425
TCS,2026-02-11,4466.07,4494.95,4374.7,4382.08,4382.08,5202343
TCS,2026-02-12,4356.82,4375.82,4316.3,4367.96,4367.96,1805999
TCS,2026-02-13,4382.76,4436.32,4371.3,4404.17,4404.17,3003627
TCS,2026-02-16,4403.44,4412.29,4378.06,4380.72,4380.72,2090105
TCS,2026-02-17,4365.05,4366.4,4243.29,4272.35,4272.35,4019344
TCS,2026-02-18,4264.88,4287.22,4210.96,4274.88,4274.88,3775018
TCS,2026-02-19,4261.84,4310.82,4247.09,4297.73,4297.73,2818720
TCS,2026-02-20,4308.9,4335.2,4308.46,4319.57,4319.57,1123769
TCS,2026-02-23,4329.06,4338.76,4267.15,4314.32,4314.32,2464377
TCS,2026-02-24,4292.07,4346.69,4209.05,4247.85,4247.85,4758944
TCS,2026-02-25,4242.71,4248.67,4189.22,4215.21,4215.21,2234421
TCS,2026-02-26,4204.3,4283.19,4178.61,4235.85,4235.85,3385446
TCS,2026-02-27,4252.29,4322.8,4249.68,4296.96,4296.96,2150929
TCS,2026-03-02,4279.55,4324.25,4251.72,4257.92,4257.92,1394139
TCS,2026-03-03,4278.41,4323.38,4253.82,4322.93,4322.93,3051658
TCS,2026-03-04,4322.5,4325.66,4289.88,4315.33,4315.33,1033909
TCS,2026-03-05,4300.29,4390.58,4293.16,4378.28,4378.28,2584017
TCS,2026-03-06,4369.38,4432.66,4343.28,4379.81,4379.81,3352504
TCS,2026-03-09,4369.28,4393.55,4365.88,4379.12,4379.12,928036
TCS,2026-03-10,4362.38,4381.38,4310.71,4312.53,4312.53,1734883
TCS,2026-03-11,4313.75,4337.85,4285.51,4300.24,4300.24,1424441
TCS,2026-03-12,4284.4,4324.31,4259.43,4298.54,4298.54,1956135
TCS,2026-03-13,4270.42,4272.49,4251.47,4271.55,4271.55,2036617
TCS,2026-03-16,4266.68,4271.11,4187.22,4207.9,4207.9,5032720
TCS,2026-03-17,4185.14,4321.41,4119.77,4273.81,4273.81,4258534
TCS,2026-03-18,4264.17,4268.78,4210.53,4220.05,4220.05,3335044
TCS,2026-03-19,4208.54,4294.29,4196.98,4293.92,4293.92,3195806
TCS,2026-03-20,4282.7,4288.23,4222.58,4242.15,4242.15,3164917
TCS,2026-03-23,4267.62,4288.45,4218.89,4239.73,4239.73,1428611
TCS,2026-03-24,4240.45,4254.17,4180.14,4193.6,4193.6,3710607
TCS,2026-03-25,4196.69,4201.14,4159.29,4169.38,4169.38,1491673
TCS,2026-03-26,4147.16,4189.83,4133.69,4187.54,4187.54,3130624
TCS,2026-03-27,4179.33,4194.49,4116.13,4136.67,4136.67,4355073
TCS,2026-03-30,4139.34,4177.81,4129.15,4150.89,4150.89,2379378
TCS,2026-03-31,4138.13,4260.42,4135.91,4252.91,4252.91,3193818
TCS,2026-04-01,4264.5,4276.17,4145.15,4170.07,4170.07,3700437
TCS,2026-04-02,4155.02,4191.94,4139.95,4180.96,4180.96,680590
TCS,2026-04-03,4177.36,4214.13,4131.19,4198.75,4198.75,2522588
TCS,2026-04-06,4191.36,4202.28,4107.17,4154.95,4154.95,2490917
TCS,2026-04-07,4157.0,4176.71,4074.05,4105.07,4105.07,2646996
TCS,2026-04-08,4097.18,4121.27,3972.54,4004.09,4004.09,4595760
TCS,2026-04-09,4000.83,4090.86,3997.12,4059.4,4059.4,2716399
TCS,2026-04-10,4056.53,4099.81,3987.18,4015.83,4015.83,1663421
TCS,2026-04-13,4006.98,4027.81,3961.02,3977.79,3977.79,2408669
TCS,2026-04-14,3983.58,3983.91,3951.33,3969.77,3969.77,2160510
TCS,2026-04-15,3972.61,3972.87,3927.97,3938.38,3938.38,2570448
TCS,2026-04-16,3937.33,3951.28,3906.09,3948.96,3948.96,2285715
TCS,2026-04-17,3943.86,4006.24,3928.2,3990.7,3990.7,3952668
TCS,2026-04-20,4000.23,4035.89,3978.82,3979.21,3979.21,1395212
TCS,2026-04-21,3976.39,4020.16,3965.39,4017.92,4017.92,2744979
TCS,2026-04-22,4014.23,4032.73,3932.58,3942.83,3942.83,5201586
TCS,2026-04-23,3944.07,3946.11,3903.95,3911.64,3911.64,1226754
TCS,2026-04-24,3931.55,4015.46,3917.77,3996.42,3996.42,3501008
TCS,2026-04-27,3980.35,4075.38,3958.68,4048.67,4048.67,2180140
TCS,2026-04-28,4058.02,4063.72,4020.14,4021.02,4021.02,2060936
TCS,2026-04-29,3998.18,4001.8,3939.01,3987.62,3987.62,1726194
TCS,2026-04-30,3990.21,4004.08,3969.88,3974.93,3974.93,2029889
TCS,2026-05-01,3993.71,4109.08,3975.45,4055.89,4055.89,6646334
TCS,2026-05-04,4061.84,4123.86,4055.01,4117.02,4117.02,1732234
TCS,2026-05-05,4119.12,4131.11,4043.79,4088.35,4088.35,1502250
TCS,2026-05-06,4081.47,4107.86,4058.18,4079.75,4079.75,1252258
TCS,2026-05-07,4080.13,4111.63,4022.44,4027.7,4027.7,5481195
TCS,2026-05-08,4024.65,4062.87,3952.97,3953.82,3953.82,2563209
TCS,2026-05-11,3944.5,3966.36,3941.98,3944.35,3944.35,2103720
TCS,2026-05-12,3940.92,4043.78,3938.22,4018.61,4018.61,2632035
TCS,2026-05-13,4021.0,4021.94,3941.14,3943.67,3943.67,2126344
TCS,2026-05-14,3934.6,3936.73,3898.31,3918.25,3918.25,2154952
TCS,2026-05-15,3908.77,3929.94,3793.44,3825.06,3825.06,9127910
TCS,2026-05-18,3809.45,3833.06,3809.4,3826.06,3826.06,3487244
TCS,2026-05-19,3830.54,3858.8,3763.63,3782.13,3782.13,1897979
TCS,2026-05-20,3788.32,3843.01,3772.36,3824.52,3824.52,3427986
TCS,2026-05-21,3827.17,3859.18,3802.41,3819.96,3819.96,1472581
TCS,2026-05-22,3831.02,3852.69,3751.68,3768.91,3768.91,1367488
TCS,2026-05-25,3769.91,3781.04,3721.06,3745.57,3745.57,3536681
TCS,2026-05-26,3749.98,3763.94,3628.25,3677.02,3677.02,4901020
TCS,2026-05-27,3680.38,3751.95,3677.68,3716.67,3716.67,3982156
TCS,2026-05-28,3715.64,3732.25,3645.0,3693.59,3693.59,1949962
TCS,2026-05-29,3687.71,3688.92,3634.48,3646.47,3646.47,2569263
TCS,2026-06-01,3670.69,3758.2,3643.56,3732.09,3732.09,4539560
TCS,2026-06-02,3727.03,3810.61,3714.67,3787.06,3787.06,3335920
TCS,2026-06-03,3779.49,3781.41,3726.3,3731.88,3731.88,2439781
TCS,2026-06-04,3736.74,3751.87,3676.16,3698.54,3698.54,1316824
TCS,2026-06-05,3701.34,3754.22,3677.87,3688.6,3688.6,2242815
TCS,2026-06-08,3673.05,3803.35,3646.21,3779.91,3779.91,5292531
TCS,2026-06-09,3792.64,3819.55,3756.04,3776.88,3776.88,1257644
TCS,2026-06-10,3775.81,3843.98,3741.33,3836.34,3836.34,3759680
TCS,2026-06-11,3823.55,3954.82,3815.32,3948.98,3948.98,4229349
TCS,2026-06-12,3963.06,3988.85,3901.54,3922.85,3922.85,3209650
TCS,2026-06-15,3930.21,3943.2,3908.72,3915.93,3915.93,2959006
TCS,2026-06-16,3901.08,3956.72,3853.73,3867.69,3867.69,2060387
TCS,2026-06-17,3888.31,3906.62,3760.53,3799.44,3799.44,1593043
TCS,2026-06-18,3806.95,3810.11,3765.31,3770.2,3770.2,1972924
TCS,2026-06-19,3770.09,3774.5,3706.47,3724.45,3724.45,3866035
TCS,2026-06-22,3742.22,3752.95,3690.62,3693.36,3693.36,1997768
TCS,2026-06-23,3695.13,3712.63,3661.03,3673.96,3673.96,1739473
TCS,2026-06-24,3673.65,3687.06,3643.64,3643.88,3643.88,1192880
TCS,2026-06-25,3636.66,3709.13,3605.33,3704.37,3704.37,5971242
TCS,2026-06-26,3710.84,3751.95,3663.99,3676.24,3676.24,3389622
TCS,2026-06-29,3681.5,3802.87,3643.69,3792.51,3792.51,5217841
TCS,2026-06-30,3792.67,3802.15,3773.5,3778.37,3778.37,3247010
TCS,2026-07-01,3769.42,3807.28,3729.11,3782.53,3782.53,2579556
TCS,2026-07-02,3784.0,3798.34,3710.15,3714.92,3714.92,2771087
TCS,2026-07-03,3714.14,3809.99,3674.02,3789.34,3789.34,2962051
TCS,2026-07-06,3774.18,3833.54,3731.31,3830.63,3830.63,2214357
TCS,2026-07-07,3813.72,3976.63,3798.1,3904.85,3904.85,8962680
TCS,2026-07-08,3911.47,3941.46,3898.59,3900.23,3900.23,2564344
TCS,2026-07-09,3869.79,3965.75,3861.16,3921.37,3921.37,1914100
TCS,2026-07-10,3923.79,3936.65,3831.73,3856.77,3856.77,3578834
TCS,2026-07-13,3851.24,3928.46,3838.72,3882.24,3882.24,1584658
TCS,2026-07-14,3897.48,3980.0,3870.63,3950.72,3950.72,5517889
TCS,2026-07-15,3944.87,3964.18,3932.04,3963.87,3963.87,1673713
TCS,2026-07-16,3971.71,3998.04,3878.31,3884.01,3884.01,3902027
TCS,2026-07-17,3879.39,3885.83,3793.68,3796.99,3796.99,5101530
TCS,2026-07-20,3798.29,3862.18,3794.3,3851.58,3851.58,3303058
TCS,2026-07-21,3860.1,3922.02,3835.88,3913.49,3913.49,3044183
TCS,2026-07-22,3908.06,3941.94,3887.77,3925.51,3925.51,2174515
TCS,2026-07-23,3937.25,3991.05,3813.73,3851.21,3851.21,3049856
TCS,2026-07-24,3839.73,3894.58,3825.57,3872.02,3872.02,1828854
TCS,2026-07-27,3875.44,3951.69,3860.76,3914.58,3914.58,2199674
TCS,2026-07-28,3925.41,3935.93,3832.07,3843.14,3843.14,5563249
TCS,2026-07-29,3850.75,3877.13,3831.89,3841.29,3841.29,1926078
TCS,2026-07-30,3863.37,3891.25,3838.54,3845.94,3845.94,1500535
TCS,2026-07-31,3837.13,3850.1,3819.0,3840.27,3840.27,1684144
TCS,2026-08-03,3824.38,3851.11,3812.41,3813.45,3813.45,3726323
TCS,2026-08-04,3802.08,3823.24,3718.44,3729.34,3729.34,4336303
TCS,2026-08-05,3736.73,3794.41,3704.96,3711.9,3711.9,2829752
TCS,2026-08-06,3717.45,3734.18,3667.76,3712.77,3712.77,1801219
TCS,2026-08-07,3713.91,3725.22,3663.06,3701.59,3701.59,2719523
TCS,2026-08-10,3689.12,3695.89,3665.24,3676.26,3676.26,1848489
TCS,2026-08-11,3684.72,3695.55,3591.09,3627.64,3627.64,2501024
TCS,2026-08-12,3614.31,3673.68,3611.96,3654.16,3654.16,3561138
TCS,2026-08-13,3666.87,3753.6,3657.33,3692.39,3692.39,3691069
TCS,2026-08-14,3724.04,3733.76,3590.74,3636.23,3636.23,1954287
TCS,2026-08-17,3640.23,3672.97,3631.73,3664.85,3664.85,1739333
TCS,2026-08-18,3671.26,3682.12,3579.37,3587.55,3587.55,3395223
TCS,2026-08-19,3582.25,3646.25,3537.13,3604.4,3604.4,4510660
TCS,2026-08-20,3584.82,3585.11,3559.1,3577.12,3577.12,1131503
TCS,2026-08-21,3570.66,3598.51,3539.91,3570.85,3570.85,2333009
TCS,2026-08-24,3559.14,3648.06,3527.32,3642.35,3642.35,1823550
TCS,2026-08-25,3626.53,3644.52,3581.32,3589.05,3589.05,2218715
TCS,2026-08-26,3607.6,3613.64,3565.71,3566.69,3566.69,2035116
TCS,2026-08-27,3569.61,3639.49,3541.16,3609.85,3609.85,2280454
TCS,2026-08-28,3613.96,3624.19,3577.48,3622.98,3622.98,1775974
TCS,2026-08-31,3619.62,3689.71,3595.0,3678.76,3678.76,2899925
TCS,2026-09-01,3676.85,3684.93,3654.61,3675.37,3675.37,1644812
TCS,2026-09-02,3686.01,3730.98,3681.55,3724.54,3724.54,1544985
TCS,2026-09-03,3724.18,3761.55,3714.36,3752.43,3752.43,3314825
TCS,2026-09-04,3758.4,3824.55,3717.59,3773.96,3773.96,3139477
TCS,2026-09-07,3771.74,3777.86,3735.18,3745.73,3745.73,3403823
TCS,2026-09-08,3741.89,3751.3,3646.16,3696.58,3696.58,1494813
TCS,2026-09-09,3680.98,3721.32,3666.84,3693.45,3693.45,2291362
TCS,2026-09-10,3671.53,3788.22,3639.08,3762.48,3762.48,4041754
TCS,2026-09-11,3759.52,3783.04,3755.4,3782.78,3782.78,1524495
TCS,2026-09-14,3783.42,3838.58,3781.76,3784.47,3784.47,2016690
TCS,2026-09-15,3769.86,3845.1,3761.24,3833.21,3833.21,2619389
TCS,2026-09-16,3832.82,3973.69,3814.06,3921.47,3921.47,6971695
TCS,2026-09-17,3922.1,4042.02,3899.42,4006.68,4006.68,7042604
TCS,2026-09-18,3980.77,3984.82,3896.41,3926.25,3926.25,1638844
TCS,2026-09-21,3915.47,3940.36,3883.23,3916.86,3916.86,5762585
TCS,2026-09-22,3921.65,3942.87,3889.6,3912.87,3912.87,1416951
TCS,2026-09-23,3917.42,3953.91,3878.61,3901.27,3901.27,3196668
TCS,2026-09-24,3887.77,3909.88,3885.74,3903.78,3903.78,2979570
TCS,2026-09-25,3905.63,3941.24,3897.67,3940.45,3940.45,1704810
TCS,2026-09-28,3952.53,3964.19,3933.01,3943.9,3943.9,2478660
TCS,2026-09-29,3953.09,3955.1,3895.3,3918.68,3918.68,2264742
TCS,2026-09-30,3917.56,3995.01,3915.62,3929.76,3929.76,2684509
TCS,2026-10-01,3924.24,3943.89,3852.28,3885.15,3885.15,2919095
TCS,2026-10-02,3877.82,3949.23,3870.62,3924.52,3924.52,4167334
TCS,2026-10-05,3930.03,3949.93,3885.39,3900.0,3900.0,2427671
HDFCBANK,2025-10-21,1425.88,1435.28,1414.36,1428.73,1428.73,2809273
HDFCBANK,2025-10-22,1432.75,1457.9,1417.27,1443.28,1443.28,2910371
HDFCBANK,2025-10-23,1439.89,1469.84,1436.02,1462.97,1462.97,5846385
HDFCBANK,2025-10-24,1470.99,1483.95,1449.39,1452.67,1452.67,2487313
HDFCBANK,2025-10-27,1447.73,1449.75,1411.47,1432.9,1432.9,1099918
HDFCBANK,2025-10-28,1438.61,1440.82,1420.76,1424.42,1424.42,2249675
HDFCBANK,2025-10-29,1421.61,1423.13,1390.76,1395.55,1395.55,9575260
HDFCBANK,2025-10-30,1403.97,1408.52,1374.74,1389.54,1389.54,3166742
HDFCBANK,2025-10-31,1392.01,1399.66,1376.07,1387.69,1387.69,1490745
HDFCBANK,2025-11-03,1383.46,1384.0,1366.17,1374.15,1374.15,3250480
HDFCBANK,2025-11-04,1372.0,1402.96,1352.1,1399.43,1399.43,2279393
HDFCBANK,2025-11-05,1402.71,1415.15,1391.02,1408.18,1408.18,1369314
HDFCBANK,2025-11-06,1412.62,1419.45,1395.26,1407.58,1407.58,1746878
HDFCBANK,2025-11-07,1407.28,1415.49,1406.69,1412.57,1412.57,2275017
HDFCBANK,2025-11-10,1412.76,1454.39,1405.92,1431.17,1431.17,1305730
HDFCBANK,2025-11-11,1434.43,1445.52,1420.24,1440.15,1440.15,1486961
HDFCBANK,2025-11-12,1440.72,1445.25,1418.3,1430.9,1430.9,2375527
HDFCBANK,2025-11-13,1425.35,1434.07,1417.4,1424.12,1424.12,1924090
HDFCBANK,2025-11-14,1420.65,1422.06,1400.15,1400.48,1400.48,3488112
HDFCBANK,2025-11-17,1401.47,1401.94,1371.26,1376.59,1376.59,1849282
HDFCBANK,2025-11-18,1381.61,1415.05,1375.27,1396.12,1396.12,3753267
HDFCBANK,2025-11-19,1402.89,1404.7,1360.38,1365.13,1365.13,2066610
HDFCBANK,2025-11-20,1368.32,1421.37,1364.51,1413.49,1413.49,7820402
HDFCBANK,2025-11-21,1414.71,1418.83,1386.15,1401.73,1401.73,1248334
HDFCBANK,2025-11-24,1404.88,1415.69,1370.55,1377.67,1377.67,1946101
HDFCBANK,2025-11-25,1374.92,1375.16,1358.19,1367.97,1367.97,2839546
HDFCBANK,2025-11-26,1367.34,1392.9,1361.59,1390.53,1390.53,5751398
HDFCBANK,2025-11-27,1387.1,1389.62,1382.74,1385.63,1385.63,2487387
HDFCBANK,2025-11-28,1380.44,1398.06,1378.24,1397.02,1397.02,3093263
HDFCBANK,2025-12-01,1398.42,1400.56,1369.66,1372.36,1372.36,3063523
HDFCBANK,2025-12-02,1373.12,1395.6,1367.95,1382.86,1382.86,1615707
HDFCBANK,2025-12-03,1385.71,1397.99,1358.59,1365.83,1365.83,2235360
HDFCBANK,2025-12-04,1368.07,1372.86,1320.48,1328.87,1328.87,2226017
HDFCBANK,2025-12-05,1329.84,1333.15,1329.33,1333.09,1333.09,1301853
HDFCBANK,2025-12-08,1335.31,1340.19,1290.74,1306.59,1306.59,3730741
HDFCBANK,2025-12-09,1306.43,1311.33,1305.0,1305.36,1305.36,1300943
HDFCBANK,2025-12-10,1306.98,1310.61,1299.72,1308.42,1308.42,2411346
HDFCBANK,2025-12-11,1305.57,1313.13,1292.61,1302.2,1302.2,1346399
HDFCBANK,2025-12-12,1303.64,1326.94,1298.71,1324.73,1324.73,3380932
HDFCBANK,2025-12-15,1327.38,1329.18,1309.92,1315.66,1315.66,1966679
HDFCBANK,2025-12-16,1313.02,1323.24,1303.64,1320.67,1320.67,3876997
HDFCBANK,2025-12-17,1320.87,1335.76,1315.34,1320.52,1320.52,2264634
HDFCBANK,2025-12-18,1318.05,1337.06,1317.04,1331.72,1331.72,4074182
HDFCBANK,2025-12-19,1329.61,1330.2,1315.03,1316.38,1316.38,1974686
HDFCBANK,2025-12-22,1311.94,1331.69,1301.78,1328.29,1328.29,2575607
HDFCBANK,2025-12-23,1333.34,1333.52,1330.99,1333.1,1333.1,1484384
HDFCBANK,2025-12-24,1337.36,1341.38,1307.99,1318.57,1318.57,2233177
HDFCBANK,2025-12-25,1320.69,1332.97,1300.48,1302.33,1302.33,2448837
HDFCBANK,2025-12-26,1310.04,1314.05,1291.61,1302.13,1302.13,1490090
HDFCBANK,2025-12-29,1301.39,1309.95,1289.24,1301.56,1301.56,1235275
HDFCBANK,2025-12-30,1313.4,1344.37,1300.28,1330.58,1330.58,1871672
HDFCBANK,2025-12-31,1329.67,1370.62,1328.95,1364.11,1364.11,1358351
HDFCBANK,2026-01-01,1365.16,1373.73,1355.31,1360.59,1360.59,1400228
HDFCBANK,2026-01-02,1358.97,1363.73,1338.39,1340.59,1340.59,3680709
HDFCBANK,2026-01-05,1342.09,1346.93,1289.12,1300.65,1300.65,1995389
HDFCBANK,2026-01-06,1303.91,1324.23,1292.77,1317.08,1317.08,1579228
HDFCBANK,2026-01-07,1316.63,1318.69,1306.3,1309.38,1309.38,4772419
HDFCBANK,2026-01-08,1316.36,1331.04,1283.39,1294.01,1294.01,2081762
HDFCBANK,2026-01-09,1294.94,1301.99,1294.54,1298.14,1298.14,2470022
HDFCBANK,2026-01-12,1299.19,1302.3,1278.8,1289.86,1289.86,3055488
HDFCBANK,2026-01-13,1286.35,1292.71,1282.3,1284.28,1284.28,2920925
HDFCBANK,2026-01-14,1285.89,1305.36,1279.31,1299.8,1299.8,1467281
HDFCBANK,2026-01-15,1299.28,1307.48,1286.04,1291.62,1291.62,2150333
HDFCBANK,2026-01-16,1289.26,1300.99,1270.58,1275.35,1275.35,1432656
HDFCBANK,2026-01-19,1272.37,1281.9,1255.31,1257.93,1257.93,7450568
HDFCBANK,2026-01-20,1268.02,1273.42,1265.79,1267.56,1267.56,1287250
HDFCBANK,2026-01-21,1266.56,1280.49,1252.0,1267.77,1267.77,1310440
HDFCBANK,2026-01-22,1262.23,1276.43,1255.36,1272.67,1272.67,1458728
HDFCBANK,2026-01-23,1270.0,1281.93,1269.97,1281.62,1281.62,1318752
HDFCBANK,2026-01-26,1281.42,1303.9,1281.3,1286.95,1286.95,3829953
HDFCBANK,2026-01-27,1289.06,1322.2,1285.94,1306.35,1306.35,7570715
HDFCBANK,2026-01-28,1308.52,1309.54,1290.15,1293.48,1293.48,2126063
HDFCBANK,2026-01-29,1296.1,1298.89,1252.47,1254.84,1254.84,2232873
HDFCBANK,2026-01-30,1252.42,1260.73,1250.68,1251.95,1251.95,866522
HDFCBANK,2026-02-02,1253.23,1301.51,1241.33,1301.0,1301.0,3871545
HDFCBANK,2026-02-03,1297.58,1313.71,1297.5,1312.81,1312.81,2220738
HDFCBANK,2026-02-04,1310.37,1355.09,1301.71,1347.46,1347.46,2722251
HDFCBANK,2026-02-05,1343.75,1344.85,1310.13,1323.91,1323.91,3312125
HDFCBANK,2026-02-06,1319.19,1357.45,1318.11,1347.52,1347.52,3553706
HDFCBANK,2026-02-09,1351.82,1351.88,1338.97,1342.9,1342.9,2488446
HDFCBANK,2026-02-10,1345.68,1346.61,1340.42,1344.67,1344.67,1816101
HDFCBANK,2026-02-11,1348.61,1357.22,1323.25,1327.77,1327.77,1760399
HDFCBANK,2026-02-12,1327.92,1335.72,1297.09,1312.3,1312.3,3497313
HDFCBANK,2026-02-13,1315.36,1337.57,1298.42,1309.11,1309.11,2138553
HDFCBANK,2026-02-16,1302.19,1319.23,1286.77,1316.27,1316.27,3291792
HDFCBANK,2026-02-17,1319.68,1322.69,1305.07,1313.33,1313.33,2902228
HDFCBANK,2026-02-18,1314.02,1318.16,1298.18,1302.95,1302.95,1389931
HDFCBANK,2026-02-19,1305.4,1320.1,1282.66,1287.97,1287.97,1504760
HDFCBANK,2026-02-20,1289.44,1308.51,1288.82,1302.32,1302.32,1952768
HDFCBANK,2026-02-23,1298.46,1310.97,1290.09,1295.01,1295.01,1519040
HDFCBANK,2026-02-24,1289.19,1316.53,1284.84,1305.54,1305.54,3333707
HDFCBANK,2026-02-25,1302.75,1327.59,1301.68,1324.88,1324.88,3288800
HDFCBANK,2026-02-26,1327.13,1355.74,1323.56,1354.87,1354.87,5143987
HDFCBANK,2026-02-27,1357.67,1368.09,1339.34,1347.83,1347.83,2686323
HDFCBANK,2026-03-02,1342.3,1346.54,1305.19,1307.29,1307.29,4130097
HDFCBANK,2026-03-03,1303.44,1308.54,1287.96,1297.4,1297.4,3933821
HDFCBANK,2026-03-04,1294.59,1322.27,1291.27,1321.48,1321.48,3712468
HDFCBANK,2026-03-05,1320.06,1336.78,1299.26,1334.5,1334.5,2636903
HDFCBANK,2026-03-06,1329.05,1344.4,1316.46,1327.21,1327.21,4173449
HDFCBANK,2026-03-09,1321.55,1351.34,1315.86,1335.46,1335.46,2461938
HDFCBANK,2026-03-10,1332.17,1337.39,1331.48,1337.02,1337.02,1816853
HDFCBANK,2026-03-11,1337.36,1357.83,1321.8,1357.31,1357.31,2059164
HDFCBANK,2026-03-12,1352.5,1377.49,1341.77,1374.42,1374.42,3613334
HDFCBANK,2026-03-13,1373.94,1383.06,1360.5,1371.05,1371.05,3491126
HDFCBANK,2026-03-16,1375.41,1378.12,1363.69,1370.19,1370.19,1979870
HDFCBANK,2026-03-17,1364.84,1414.31,1359.11,1410.75,1410.75,6273533
HDFCBANK,2026-03-18,1409.87,1418.15,1402.33,1403.73,1403.73,1036546
HDFCBANK,2026-03-19,1408.04,1412.59,1394.64,1403.59,1403.59,1945125
HDFCBANK,2026-03-20,1401.83,1429.02,1391.51,1428.7,1428.7,2989323
HDFCBANK,2026-03-23,1426.24,1439.77,1407.43,1407.85,1407.85,2136187
HDFCBANK,2026-03-24,1412.77,1425.07,1405.21,1419.08,1419.08,6370545
HDFCBANK,2026-03-25,1417.77,1434.28,1407.22,1413.5,1413.5,2158855
HDFCBANK,2026-03-26,1418.19,1424.32,1376.56,1383.04,1383.04,2785133
HDFCBANK,2026-03-27,1384.82,1396.97,1366.93,1371.23,1371.23,2519208
HDFCBANK,2026-03-30,1369.82,1376.77,1357.11,1359.0,1359.0,1129012
HDFCBANK,2026-03-31,1360.96,1376.48,1359.5,1374.53,1374.53,1961663
HDFCBANK,2026-04-01,1375.85,1383.63,1347.47,1352.32,1352.32,4374200
HDFCBANK,2026-04-02,1356.46,1358.31,1353.67,1354.83,1354.83,1627529
HDFCBANK,2026-04-03,1352.6,1378.36,1350.34,1372.0,1372.0,1961108
HDFCBANK,2026-04-06,1372.17,1373.01,1337.19,1340.97,1340.97,5645314
HDFCBANK,2026-04-07,1340.72,1352.09,1325.63,1330.96,1330.96,4150838
HDFCBANK,2026-04-08,1333.77,1344.3,1330.54,1331.72,1331.72,2479844
HDFCBANK,2026-04-09,1327.62,1344.17,1326.98,1333.12,1333.12,1705026
HDFCBANK,2026-04-10,1337.19,1341.14,1312.57,1318.75,1318.75,2387508
HDFCBANK,2026-04-13,1320.6,1336.95,1292.03,1298.73,1298.73,2097017
HDFCBANK,2026-04-14,1293.6,1322.93,1287.63,1312.2,1312.2,1744036
HDFCBANK,2026-04-15,1316.96,1331.94,1296.67,1300.14,1300.14,1667448
HDFCBANK,2026-04-16,1308.85,1350.46,1305.27,1339.05,1339.05,2918302
HDFCBANK,2026-04-17,1343.07,1353.05,1340.81,1345.49,1345.49,1499506
HDFCBANK,2026-04-20,1351.25,1388.68,1350.87,1375.93,1375.93,1772690
HDFCBANK,2026-04-21,1376.28,1378.78,1368.2,1373.94,1373.94,2258384
HDFCBANK,2026-04-22,1367.09,1376.08,1358.15,1365.81,1365.81,2565671
HDFCBANK,2026-04-23,1358.25,1362.74,1348.39,1355.8,1355.8,4778840
HDFCBANK,2026-04-24,1356.84,1371.57,1356.02,1360.88,1360.88,1687919
HDFCBANK,2026-04-27,1358.46,1372.93,1347.16,1367.91,1367.91,2577218
HDFCBANK,2026-04-28,1364.16,1381.66,1343.21,1345.05,1345.05,3383214
HDFCBANK,2026-04-29,1344.8,1346.81,1339.69,1345.01,1345.01,1792730
HDFCBANK,2026-04-30,1347.5,1356.7,1337.81,1340.08,1340.08,2964913
HDFCBANK,2026-05-01,1334.24,1402.43,1332.26,1402.28,1402.28,6383443
HDFCBANK,2026-05-04,1400.39,1429.01,1394.21,1424.74,1424.74,3337872
HDFCBANK,2026-05-05,1431.2,1444.5,1425.17,1436.84,1436.84,2243953
HDFCBANK,2026-05-06,1432.2,1440.58,1406.63,1431.07,1431.07,1926048
HDFCBANK,2026-05-07,1434.8,1446.08,1414.03,1417.22,1417.22,1481956
HDFCBANK,2026-05-08,1415.16,1422.58,1391.45,1392.04,1392.04,2208803
HDFCBANK,2026-05-11,1394.32,1403.37,1386.53,1390.25,1390.25,1605613
HDFCBANK,2026-05-12,1394.83,1414.71,1390.74,1408.51,1408.51,1759908
HDFCBANK,2026-05-13,1411.64,1424.85,1398.56,1422.59,1422.59,3069435
HDFCBANK,2026-05-14,1426.47,1427.23,1412.53,1418.26,1418.26,3492262
HDFCBANK,2026-05-15,1413.36,1415.37,1407.96,1411.98,1411.98,1562487
HDFCBANK,2026-05-18,1416.7,1429.99,1403.2,1419.66,1419.66,2582265
HDFCBANK,2026-05-19,1416.03,1438.48,1409.59,1430.28,1430.28,1604163
HDFCBANK,2026-05-20,1431.39,1433.82,1408.88,1423.48,1423.48,2006155
HDFCBANK,2026-05-21,1424.58,1449.54,1419.18,1447.44,1447.44,2257880
HDFCBANK,2026-05-22,1449.55,1462.08,1415.69,1439.88,1439.88,2919004
HDFCBANK,2026-05-25,1441.33,1441.7,1404.68,1407.78,1407.78,2533521
HDFCBANK,2026-05-26,1404.21,1412.67,1360.04,1373.78,1373.78,5151437
HDFCBANK,2026-05-27,1368.21,1442.42,1360.83,1433.14,1433.14,4077754
HDFCBANK,2026-05-28,1436.89,1438.88,1423.2,1429.43,1429.43,1647793
HDFCBANK,2026-05-29,1430.23,1435.33,1400.72,1411.73,1411.73,1650063
HDFCBANK,2026-06-01,1416.59,1455.29,1414.2,1453.17,1453.17,4098555
HDFCBANK,2026-06-02,1452.97,1513.27,1447.46,1501.36,1501.36,5612989
HDFCBANK,2026-06-03,1495.03,1522.07,1493.44,1516.28,1516.28,2867928
HDFCBANK,2026-06-04,1520.68,1531.54,1482.09,1488.86,1488.86,7513441
HDFCBANK,2026-06-05,1487.2,1491.43,1485.18,1489.99,1489.99,3592697
HDFCBANK,2026-06-08,1491.52,1521.18,1487.07,1506.28,1506.28,2325241
HDFCBANK,2026-06-09,1503.35,1504.99,1463.09,1464.83,1464.83,3207282
HDFCBANK,2026-06-10,1472.06,1481.9,1460.83,1477.93,1477.93,3031500
HDFCBANK,2026-06-11,1474.05,1489.47,1470.53,1484.61,1484.61,1609721
HDFCBANK,2026-06-12,1483.1,1511.3,1467.2,1501.96,1501.96,4263479
HDFCBANK,2026-06-15,1502.44,1538.16,1498.44,1533.46,1533.46,3718054
HDFCBANK,2026-06-16,1528.43,1541.22,1519.98,1526.94,1526.94,2477917
HDFCBANK,2026-06-17,1528.45,1534.19,1500.33,1503.06,1503.06,3843454
HDFCBANK,2026-06-18,1510.33,1520.08,1497.06,1502.38,1502.38,4003318
HDFCBANK,2026-06-19,1500.17,1517.67,1499.59,1514.43,1514.43,2631791
HDFCBANK,2026-06-22,1516.23,1519.0,1498.98,1509.58,1509.58,2077503
HDFCBANK,2026-06-23,1497.13,1501.14,1485.21,1493.49,1493.49,4790638
HDFCBANK,2026-06-24,1493.32,1516.79,1489.32,1516.24,1516.24,4243903
HDFCBANK,2026-06-25,1514.82,1536.27,1506.39,1536.15,1536.15,2426417
HDFCBANK,2026-06-26,1532.38,1538.42,1500.97,1507.76,1507.76,3098960
HDFCBANK,2026-06-29,1512.65,1519.25,1490.68,1494.62,1494.62,2706905
HDFCBANK,2026-06-30,1493.16,1518.96,1481.12,1518.59,1518.59,3385347
HDFCBANK,2026-07-01,1517.78,1528.23,1513.95,1525.37,1525.37,1306446
HDFCBANK,2026-07-02,1523.65,1538.14,1500.03,1504.96,1504.96,1502270
HDFCBANK,2026-07-03,1496.3,1515.53,1486.51,1507.2,1507.2,1452448
HDFCBANK,2026-07-06,1502.08,1520.96,1493.64,1506.78,1506.78,1359272
HDFCBANK,2026-07-07,1511.12,1550.09,1502.91,1546.52,1546.52,2729536
HDFCBANK,2026-07-08,1536.73,1559.68,1532.49,1547.39,1547.39,2599025
HDFCBANK,2026-07-09,1543.84,1558.1,1539.62,1540.27,1540.27,2109587
HDFCBANK,2026-07-10,1538.43,1539.46,1517.55,1534.92,1534.92,2368983
HDFCBANK,2026-07-13,1542.95,1557.4,1515.83,1519.25,1519.25,1588881
HDFCBANK,2026-07-14,1522.76,1546.31,1505.83,1544.58,1544.58,2466109
HDFCBANK,2026-07-15,1542.0,1554.09,1521.19,1529.87,1529.87,3227726
HDFCBANK,2026-07-16,1535.86,1545.71,1523.4,1542.45,1542.45,3133631
HDFCBANK,2026-07-17,1539.03,1543.38,1519.7,1536.53,1536.53,1655311
HDFCBANK,2026-07-20,1541.18,1569.71,1529.94,1557.23,1557.23,2964617
HDFCBANK,2026-07-21,1550.88,1575.08,1547.82,1566.27,1566.27,5607501
HDFCBANK,2026-07-22,1571.31,1574.47,1549.98,1550.37,1550.37,2571293
HDFCBANK,2026-07-23,1548.49,1556.5,1515.48,1531.85,1531.85,2044551
HDFCBANK,2026-07-24,1527.12,1542.43,1522.61,1534.94,1534.94,1961370
HDFCBANK,2026-07-27,1533.94,1557.44,1529.55,1555.78,1555.78,2889788
HDFCBANK,2026-07-28,1557.08,1560.37,1536.25,1550.66,1550.66,2051228
HDFCBANK,2026-07-29,1548.35,1549.79,1532.75,1536.2,1536.2,2508110
HDFCBANK,2026-07-30,1538.76,1542.49,1519.36,1525.97,1525.97,1336198
HDFCBANK,2026-07-31,1523.3,1534.19,1509.8,1531.74,1531.74,1501830
HDFCBANK,2026-08-03,1534.59,1552.42,1533.02,1546.4,1546.4,2401415
HDFCBANK,2026-08-04,1548.45,1563.37,1505.08,1520.21,1520.21,2806755
HDFCBANK,2026-08-05,1519.94,1535.3,1510.31,1525.7,1525.7,1751680
HDFCBANK,2026-08-06,1523.68,1549.4,1516.0,1542.36,1542.36,2449254
HDFCBANK,2026-08-07,1543.06,1574.55,1542.6,1569.2,1569.2,3083212
HDFCBANK,2026-08-10,1571.79,1587.51,1568.78,1580.46,1580.46,3437247
HDFCBANK,2026-08-11,1590.24,1601.54,1535.72,1542.65,1542.65,3289947
HDFCBANK,2026-08-12,1547.0,1556.6,1531.79,1533.82,1533.82,2726585
HDFCBANK,2026-08-13,1538.31,1572.5,1535.53,1556.58,1556.58,2302090
HDFCBANK,2026-08-14,1571.01,1579.74,1520.65,1529.67,1529.67,3796905
HDFCBANK,2026-08-17,1532.04,1534.36,1500.43,1524.44,1524.44,2540737
HDFCBANK,2026-08-18,1526.66,1528.6,1506.49,1514.05,1514.05,3378939
HDFCBANK,2026-08-19,1517.24,1520.98,1505.29,1506.73,1506.73,3020893
HDFCBANK,2026-08-20,1502.17,1507.41,1482.74,1483.62,1483.62,3672877
HDFCBANK,2026-08-21,1481.64,1488.99,1471.71,1475.28,1475.28,2228563
HDFCBANK,2026-08-24,1473.04,1516.94,1470.68,1510.43,1510.43,3731802
HDFCBANK,2026-08-25,1513.37,1522.85,1510.6,1521.81,1521.81,3717184
HDFCBANK,2026-08-26,1521.02,1596.25,1516.21,1584.31,1584.31,3372018
HDFCBANK,2026-08-27,1584.97,1605.72,1582.64,1604.08,1604.08,2115762
HDFCBANK,2026-08-28,1609.32,1622.65,1595.2,1606.27,1606.27,2219072
HDFCBANK,2026-08-31,1610.43,1648.06,1603.36,1631.64,1631.64,3441856
HDFCBANK,2026-09-01,1630.85,1649.89,1630.24,1642.82,1642.82,1717973
HDFCBANK,2026-09-02,1639.52,1674.53,1637.71,1662.66,1662.66,2617304
HDFCBANK,2026-09-03,1668.32,1698.89,1652.7,1693.9,1693.9,2976203
HDFCBANK,2026-09-04,1697.84,1706.5,1678.32,1681.35,1681.35,999789
HDFCBANK,2026-09-07,1673.25,1693.66,1663.62,1686.32,1686.32,1976677
HDFCBANK,2026-09-08,1684.73,1713.23,1672.28,1705.2,1705.2,2483867
HDFCBANK,2026-09-09,1706.05,1709.77,1661.56,1662.2,1662.2,3284636
HDFCBANK,2026-09-10,1666.08,1687.98,1663.97,1687.25,1687.25,5061154
HDFCBANK,2026-09-11,1691.86,1712.91,1688.52,1706.68,1706.68,1637976
HDFCBANK,2026-09-14,1708.14,1729.69,1705.51,1710.22,1710.22,1514215
HDFCBANK,2026-09-15,1713.22,1725.55,1704.44,1722.04,1722.04,841548
HDFCBANK,2026-09-16,1722.37,1724.3,1718.02,1720.4,1720.4,1682527
HDFCBANK,2026-09-17,1716.92,1722.67,1708.07,1710.48,1710.48,1986248
HDFCBANK,2026-09-18,1709.14,1722.86,1694.21,1705.73,1705.73,1751871
HDFCBANK,2026-09-21,1705.82,1712.43,1687.68,1697.54,1697.54,3533903
HDFCBANK,2026-09-22,1697.36,1718.29,1641.11,1662.49,1662.49,4548670
HDFCBANK,2026-09-23,1653.08,1660.3,1651.32,1659.52,1659.52,2155078
HDFCBANK,2026-09-24,1657.54,1674.1,1649.84,1673.49,1673.49,2139392
HDFCBANK,2026-09-25,1673.77,1678.74,1659.4,1675.63,1675.63,3104131
HDFCBANK,2026-09-28,1674.22,1699.02,1671.39,1678.55,1678.55,2069742
HDFCBANK,2026-09-29,1677.31,1687.61,1639.58,1645.29,1645.29,2287527
HDFCBANK,2026-09-30,1647.7,1649.7,1630.28,1631.63,1631.63,1247458
HDFCBANK,2026-10-01,1626.35,1634.16,1614.53,1617.62,1617.62,2091908
HDFCBANK,2026-10-02,1609.72,1629.9,1608.08,1624.56,1624.56,3025828
HDFCBANK,2026-10-05,1622.87,1650.49,1609.4,1650.0,1650.0,7226111
INFY,2025-10-21,1268.58,1270.71,1256.88,1268.88,1268.88,1311021
INFY,2025-10-22,1267.04,1269.26,1249.23,1257.83,1257.83,2502056
INFY,2025-10-23,1255.72,1276.22,1255.39,1270.45,1270.45,3158885
INFY,2025-10-24,1271.82,1278.45,1241.35,1247.85,1247.85,2757078
INFY,2025-10-27,1244.51,1254.52,1237.77,1251.82,1251.82,3339096
INFY,2025-10-28,1243.35,1264.36,1238.65,1261.86,1261.86,6197399
INFY,2025-10-29,1263.4,1272.35,1248.94,1254.49,1254.49,1596128
INFY,2025-10-30,1256.45,1270.7,1240.69,1240.87,1240.87,1748911
INFY,2025-10-31,1240.13,1245.65,1235.64,1238.02,1238.02,1491813
INFY,2025-11-03,1233.76,1234.09,1231.34,1232.83,1232.83,4245032
INFY,2025-11-04,1233.16,1233.56,1211.72,1226.71,1226.71,3457338
INFY,2025-11-05,1221.32,1247.13,1208.41,1242.97,1242.97,2619819
INFY,2025-11-06,1239.14,1240.0,1234.33,1236.07,1236.07,2347892
INFY,2025-11-07,1233.29,1257.66,1224.32,1256.23,1256.23,2124562
INFY,2025-11-10,1259.41,1267.41,1213.11,1223.87,1223.87,5046855
INFY,2025-11-11,1222.54,1255.4,1217.82,1245.7,1245.7,2606680
INFY,2025-11-12,1244.03,1265.78,1240.08,1257.18,1257.18,2278497
INFY,2025-11-13,1264.55,1267.83,1254.65,1256.34,1256.34,2580454
INFY,2025-11-14,1257.66,1258.4,1244.27,1256.3,1256.3,1840835
INFY,2025-11-17,1257.57,1276.12,1253.08,1261.06,1261.06,2009613
INFY,2025-11-18,1259.66,1263.15,1254.62,1259.96,1259.96,2043123
INFY,2025-11-19,1257.71,1262.73,1249.85,1253.68,1253.68,3134256
INFY,2025-11-20,1245.45,1251.47,1238.95,1247.35,1247.35,4412619
INFY,2025-11-21,1250.97,1263.42,1241.36,1242.0,1242.0,2828608
INFY,2025-11-24,1243.67,1272.94,1236.96,1251.82,1251.82,3379862
INFY,2025-11-25,1251.15,1260.65,1248.65,1253.11,1253.11,1887054
INFY,2025-11-26,1252.6,1273.12,1229.15,1245.24,1245.24,1776271
INFY,2025-11-27,1247.99,1252.41,1231.74,1232.44,1232.44,3373716
INFY,2025-11-28,1226.7,1234.84,1217.94,1226.68,1226.68,2422164
INFY,2025-12-01,1224.51,1236.56,1223.18,1236.25,1236.25,1384154
INFY,2025-12-02,1232.04,1237.14,1222.04,1236.64,1236.64,1755184
INFY,2025-12-03,1243.21,1249.52,1230.67,1239.59,1239.59,2055331
INFY,2025-12-04,1242.85,1256.56,1233.56,1241.31,1241.31,1684034
INFY,2025-12-05,1233.11,1244.89,1229.82,1242.0,1242.0,3645580
INFY,2025-12-08,1236.36,1260.79,1229.41,1256.72,1256.72,3251712
INFY,2025-12-09,1256.22,1269.94,1251.86,1263.97,1263.97,4026929
INFY,2025-12-10,1262.18,1273.58,1258.22,1268.26,1268.26,2426943
INFY,2025-12-11,1263.22,1271.05,1250.82,1259.12,1259.12,2492812
INFY,2025-12-12,1266.47,1297.63,1262.36,1284.07,1284.07,2165572
INFY,2025-12-15,1285.27,1297.34,1263.17,1265.24,1265.24,2875261
INFY,2025-12-16,1267.04,1273.85,1260.24,1265.0,1265.0,2004140
INFY,2025-12-17,1262.38,1271.3,1255.1,1257.2,1257.2,1360513
INFY,2025-12-18,1259.93,1262.3,1238.11,1241.4,1241.4,2204238
INFY,2025-12-19,1239.98,1248.91,1221.13,1223.69,1223.69,2493501
INFY,2025-12-22,1222.65,1269.55,1220.99,1246.04,1246.04,3610066
INFY,2025-12-23,1248.33,1256.15,1235.3,1247.22,1247.22,2451942
INFY,2025-12-24,1241.12,1244.64,1222.53,1223.79,1223.79,2465261
INFY,2025-12-25,1229.65,1234.12,1211.52,1220.16,1220.16,2605218
INFY,2025-12-26,1220.82,1232.28,1216.73,1221.14,1221.14,1888182
INFY,2025-12-29,1225.84,1275.77,1215.04,1271.09,1271.09,1385769
INFY,2025-12-30,1266.99,1297.93,1258.61,1291.11,1291.11,2399098
INFY,2025-12-31,1287.53,1310.37,1281.09,1310.22,1310.22,4398880
INFY,2026-01-01,1305.66,1333.16,1298.96,1332.82,1332.82,1530893
INFY,2026-01-02,1333.82,1340.51,1300.15,1300.85,1300.85,3584745
INFY,2026-01-05,1301.11,1301.57,1280.53,1285.27,1285.27,5090021
INFY,2026-01-06,1283.48,1319.79,1273.81,1313.76,1313.76,2424812
INFY,2026-01-07,1309.76,1311.1,1303.59,1306.0,1306.0,2337195
INFY,2026-01-08,1301.04,1302.88,1277.21,1280.63,1280.63,1869404
INFY,2026-01-09,1280.45,1287.71,1255.23,1271.11,1271.11,4653150
INFY,2026-01-12,1269.33,1296.67,1268.79,1289.0,1289.0,2721972
INFY,2026-01-13,1286.35,1306.24,1286.15,1302.9,1302.9,2670202
INFY,2026-01-14,1308.95,1312.47,1292.27,1293.69,1293.69,4133842
INFY,2026-01-15,1293.37,1294.5,1267.76,1283.98,1283.98,3166956
INFY,2026-01-16,1288.87,1289.52,1259.54,1268.98,1268.98,1889284
INFY,2026-01-19,1266.95,1273.55,1254.79,1260.72,1260.72,1830322
INFY,2026-01-20,1261.65,1274.77,1254.37,1274.23,1274.23,3189616
INFY,2026-01-21,1274.02,1292.48,1270.1,1287.68,1287.68,2031332
INFY,2026-01-22,1281.13,1315.75,1280.4,1308.33,1308.33,1255821
INFY,2026-01-23,1313.94,1326.73,1286.47,1292.48,1292.48,2650856
INFY,2026-01-26,1291.96,1294.74,1279.82,1283.68,1283.68,1321614
INFY,2026-01-27,1286.55,1291.31,1283.8,1286.93,1286.93,4071837
INFY,2026-01-28,1284.02,1289.38,1252.53,1260.76,1260.76,3439344
INFY,2026-01-29,1260.14,1279.2,1241.78,1250.76,1250.76,1710472
INFY,2026-01-30,1247.51,1255.93,1246.74,1249.29,1249.29,1552155
INFY,2026-02-02,1253.92,1263.74,1239.08,1252.07,1252.07,993335
INFY,2026-02-03,1253.24,1259.22,1232.98,1233.36,1233.36,1854235
INFY,2026-02-04,1234.72,1252.83,1232.63,1239.05,1239.05,3388660
INFY,2026-02-05,1244.1,1249.98,1231.47,1238.7,1238.7,4883250
INFY,2026-02-06,1242.99,1278.96,1240.48,1259.61,1259.61,3983009
INFY,2026-02-09,1262.5,1274.13,1256.23,1270.72,1270.72,2414802
INFY,2026-02-10,1265.31,1275.07,1263.88,1270.81,1270.81,1671679
INFY,2026-02-11,1268.16,1269.32,1251.49,1261.44,1261.44,1652823
INFY,2026-02-12,1257.64,1259.72,1232.74,1243.3,1243.3,6483363
INFY,2026-02-13,1246.01,1255.89,1232.44,1240.8,1240.8,1949543
INFY,2026-02-16,1241.44,1245.6,1232.53,1242.75,1242.75,4839435
INFY,2026-02-17,1237.57,1243.76,1235.17,1237.83,1237.83,3874814
INFY,2026-02-18,1237.12,1244.1,1192.05,1202.85,1202.85,1838071
INFY,2026-02-19,1197.46,1205.33,1187.52,1195.09,1195.09,1813812
INFY,2026-02-20,1194.9,1233.77,1190.0,1221.94,1221.94,2528357
INFY,2026-02-23,1215.87,1225.25,1209.22,1224.51,1224.51,2041598
INFY,2026-02-24,1226.45,1231.04,1194.23,1206.77,1206.77,2783161
INFY,2026-02-25,1208.13,1242.74,1204.25,1238.13,1238.13,11632022
INFY,2026-02-26,1245.21,1253.15,1242.33,1248.29,1248.29,1604728
INFY,2026-02-27,1251.46,1260.54,1246.45,1255.21,1255.21,2533098
INFY,2026-03-02,1253.61,1267.07,1251.68,1257.39,1257.39,2669882
INFY,2026-03-03,1260.48,1273.22,1247.84,1261.86,1261.86,2192099
INFY,2026-03-04,1256.57,1258.04,1251.18,1256.46,1256.46,2338588
INFY,2026-03-05,1252.83,1300.78,1245.66,1296.17,1296.17,2524118
INFY,2026-03-06,1297.46,1319.86,1294.58,1311.15,1311.15,2782117
INFY,2026-03-09,1302.66,1314.62,1298.58,1312.31,1312.31,2497581
INFY,2026-03-10,1312.16,1314.25,1307.0,1309.08,1309.08,2427602
INFY,2026-03-11,1305.07,1315.68,1299.14,1309.84,1309.84,2534454
INFY,2026-03-12,1310.24,1342.43,1308.97,1341.46,1341.46,5984669
INFY,2026-03-13,1337.12,1340.02,1314.05,1329.12,1329.12,3683795
INFY,2026-03-16,1330.81,1336.53,1319.07,1330.12,1330.12,2086194
INFY,2026-03-17,1330.2,1330.95,1318.09,1320.9,1320.9,1499858
INFY,2026-03-18,1326.45,1335.03,1285.5,1285.7,1285.7,2823390
INFY,2026-03-19,1285.73,1285.79,1276.52,1283.01,1283.01,1929894
INFY,2026-03-20,1280.06,1286.15,1269.53,1278.2,1278.2,2440931
INFY,2026-03-23,1277.25,1281.0,1244.1,1250.33,1250.33,2720322
INFY,2026-03-24,1245.29,1271.13,1244.71,1257.46,1257.46,1596321
INFY,2026-03-25,1258.99,1285.56,1245.23,1283.49,1283.49,1990543
INFY,2026-03-26,1285.76,1310.28,1277.1,1304.61,1304.61,1525661
INFY,2026-03-27,1314.27,1318.81,1296.88,1313.15,1313.15,2158249
INFY,2026-03-30,1310.7,1317.75,1310.07,1314.42,1314.42,1133368
INFY,2026-03-31,1313.36,1334.68,1296.61,1331.89,1331.89,1855376
INFY,2026-04-01,1329.59,1336.65,1324.74,1330.21,1330.21,1758018
INFY,2026-04-02,1331.06,1335.46,1318.47,1325.66,1325.66,1281451
INFY,2026-04-03,1327.18,1330.57,1314.31,1319.56,1319.56,2627233
INFY,2026-04-06,1319.35,1323.79,1308.97,1313.91,1313.91,3009153
INFY,2026-04-07,1318.19,1326.97,1312.39,1314.4,1314.4,1609174
INFY,2026-04-08,1311.96,1318.91,1306.48,1310.32,1310.32,1819802
INFY,2026-04-09,1314.2,1321.27,1309.08,1316.66,1316.66,2814415
INFY,2026-04-10,1318.79,1337.37,1317.8,1324.36,1324.36,1750805
INFY,2026-04-13,1324.32,1348.14,1321.06,1341.15,1341.15,1997702
INFY,2026-04-14,1339.89,1346.81,1330.97,1343.92,1343.92,3397902
INFY,2026-04-15,1353.71,1367.21,1351.01,1364.86,1364.86,4133613
INFY,2026-04-16,1361.51,1369.83,1358.74,1368.56,1368.56,2727020
INFY,2026-04-17,1369.78,1419.07,1368.32,1396.07,1396.07,4585490
INFY,2026-04-20,1392.93,1423.57,1381.11,1415.87,1415.87,1278974
INFY,2026-04-21,1423.46,1462.44,1415.01,1462.0,1462.0,6684913
INFY,2026-04-22,1465.89,1469.03,1415.21,1438.85,1438.85,3429761
INFY,2026-04-23,1435.93,1438.06,1423.6,1427.42,1427.42,3681796
INFY,2026-04-24,1429.61,1445.76,1424.29,1436.03,1436.03,2732518
INFY,2026-04-27,1437.14,1446.57,1435.86,1443.79,1443.79,2348697
INFY,2026-04-28,1441.55,1472.03,1436.69,1462.74,1462.74,2470985
INFY,2026-04-29,1466.07,1468.93,1444.44,1454.27,1454.27,2696447
INFY,2026-04-30,1455.97,1472.93,1449.75,1470.04,1470.04,2316674
INFY,2026-05-01,1471.0,1512.68,1465.82,1511.26,1511.26,5133199
INFY,2026-05-04,1511.07,1543.06,1509.3,1540.37,1540.37,1652718
INFY,2026-05-05,1542.36,1563.11,1502.42,1518.0,1518.0,2297042
INFY,2026-05-06,1519.05,1557.91,1501.73,1537.25,1537.25,6190137
INFY,2026-05-07,1537.52,1546.18,1524.24,1542.59,1542.59,1704159
INFY,2026-05-08,1539.62,1546.67,1535.75,1546.64,1546.64,1943885
INFY,2026-05-11,1554.49,1561.78,1549.71,1553.34,1553.34,1573774
INFY,2026-05-12,1548.45,1577.58,1545.88,1569.11,1569.11,2955071
INFY,2026-05-13,1571.12,1578.79,1556.61,1561.24,1561.24,1699684
INFY,2026-05-14,1559.74,1565.81,1552.0,1565.36,1565.36,1986475
INFY,2026-05-15,1573.63,1576.18,1531.01,1545.48,1545.48,3852086
INFY,2026-05-18,1541.29,1542.33,1530.74,1531.35,1531.35,1912566
INFY,2026-05-19,1527.97,1528.93,1500.73,1505.83,1505.83,4088532
INFY,2026-05-20,1501.45,1502.15,1484.02,1490.08,1490.08,3623801
INFY,2026-05-21,1491.52,1493.21,1481.88,1485.7,1485.7,3290413
INFY,2026-05-22,1479.58,1487.14,1470.02,1484.89,1484.89,2131763
INFY,2026-05-25,1482.76,1489.46,1469.28,1472.31,1472.31,9100317
INFY,2026-05-26,1462.81,1477.5,1455.95,1466.67,1466.67,3371264
INFY,2026-05-27,1467.73,1486.78,1467.29,1477.46,1477.46,2754520
INFY,2026-05-28,1475.25,1503.35,1467.35,1487.74,1487.74,1687154
INFY,2026-05-29,1481.1,1488.8,1471.82,1474.1,1474.1,2434344
INFY,2026-06-01,1478.9,1487.35,1476.24,1485.12,1485.12,4291437
INFY,2026-06-02,1479.29,1524.69,1473.11,1520.08,1520.08,6671495
INFY,2026-06-03,1523.72,1536.79,1478.2,1482.01,1482.01,6307285
INFY,2026-06-04,1478.89,1494.73,1465.35,1467.42,1467.42,3519918
INFY,2026-06-05,1474.47,1490.94,1460.4,1485.51,1485.51,1641026
INFY,2026-06-08,1488.85,1490.36,1461.6,1476.23,1476.23,2862553
INFY,2026-06-09,1471.76,1491.72,1468.01,1484.11,1484.11,1399602
INFY,2026-06-10,1480.03,1513.79,1472.79,1504.87,1504.87,1549418
INFY,2026-06-11,1507.61,1512.55,1504.36,1507.09,1507.09,2278046
INFY,2026-06-12,1505.9,1517.7,1498.85,1516.07,1516.07,2880228
INFY,2026-06-15,1515.3,1556.25,1503.75,1530.02,1530.02,3627362
INFY,2026-06-16,1535.86,1538.63,1509.2,1522.1,1522.1,2795695
INFY,2026-06-17,1518.68,1537.39,1503.42,1522.71,1522.71,2482462
INFY,2026-06-18,1523.13,1534.15,1507.57,1510.75,1510.75,1653647
INFY,2026-06-19,1515.08,1518.43,1497.75,1501.53,1501.53,2250683
INFY,2026-06-22,1505.17,1514.1,1483.84,1492.2,1492.2,1287927
INFY,2026-06-23,1491.48,1502.09,1486.92,1492.6,1492.6,896966
INFY,2026-06-24,1491.31,1528.53,1480.66,1514.91,1514.91,3853191
INFY,2026-06-25,1507.01,1536.81,1499.02,1522.19,1522.19,1677982
INFY,2026-06-26,1517.37,1519.19,1497.88,1504.89,1504.89,3774700
INFY,2026-06-29,1506.33,1530.28,1482.63,1492.42,1492.42,3859847
INFY,2026-06-30,1491.81,1502.35,1488.22,1499.29,1499.29,1760803
INFY,2026-07-01,1499.63,1533.67,1490.24,1527.67,1527.67,3923462
INFY,2026-07-02,1532.44,1534.61,1523.38,1527.28,1527.28,1533652
INFY,2026-07-03,1521.84,1531.41,1497.88,1524.87,1524.87,992506
INFY,2026-07-06,1523.79,1543.98,1522.69,1536.14,1536.14,2543351
INFY,2026-07-07,1537.01,1565.28,1535.45,1553.11,1553.11,2183581
INFY,2026-07-08,1549.83,1563.68,1542.16,1563.01,1563.01,1979537
INFY,2026-07-09,1569.72,1570.02,1534.75,1552.32,1552.32,5269111
INFY,2026-07-10,1556.55,1570.62,1545.7,1567.34,1567.34,1388197
INFY,2026-07-13,1568.71,1580.26,1510.47,1517.94,1517.94,4531066
INFY,2026-07-14,1526.11,1549.87,1514.65,1542.0,1542.0,1960217
INFY,2026-07-15,1535.07,1540.76,1534.58,1537.87,1537.87,3081032
INFY,2026-07-16,1537.83,1538.46,1527.3,1536.65,1536.65,2287358
INFY,2026-07-17,1538.34,1560.87,1524.76,1546.43,1546.43,2746848
INFY,2026-07-20,1542.19,1557.05,1535.59,1544.82,1544.82,1401072
INFY,2026-07-21,1546.22,1546.33,1532.07,1539.19,1539.19,1619649
INFY,2026-07-22,1534.08,1552.32,1511.91,1527.04,1527.04,3556085
INFY,2026-07-23,1530.21,1535.53,1519.03,1529.35,1529.35,4208161
INFY,2026-07-24,1534.2,1550.08,1525.54,1525.59,1525.59,2580075
INFY,2026-07-27,1526.84,1555.33,1495.29,1502.73,1502.73,2011999
INFY,2026-07-28,1494.37,1500.95,1484.17,1487.52,1487.52,2963340
INFY,2026-07-29,1483.21,1507.07,1467.12,1506.2,1506.2,7195694
INFY,2026-07-30,1508.75,1519.09,1486.22,1505.43,1505.43,2097477
INFY,2026-07-31,1505.53,1522.15,1493.13,1514.15,1514.15,4174582
INFY,2026-08-03,1501.91,1527.81,1493.77,1524.61,1524.61,1779089
INFY,2026-08-04,1530.29,1538.06,1481.59,1490.98,1490.98,3254331
INFY,2026-08-05,1491.59,1518.5,1491.56,1514.43,1514.43,3729987
INFY,2026-08-06,1510.71,1517.6,1501.47,1513.73,1513.73,2356926
INFY,2026-08-07,1518.24,1518.47,1506.49,1510.29,1510.29,1558805
INFY,2026-08-10,1507.22,1528.83,1505.88,1523.87,1523.87,1819496
INFY,2026-08-11,1520.72,1520.85,1487.03,1496.87,1496.87,4523166
INFY,2026-08-12,1498.48,1507.23,1484.97,1491.51,1491.51,3537175
INFY,2026-08-13,1499.47,1512.48,1499.19,1508.3,1508.3,4850027
INFY,2026-08-14,1515.65,1527.73,1494.24,1494.4,1494.4,5213330
INFY,2026-08-17,1496.01,1524.73,1493.56,1506.85,1506.85,2613534
INFY,2026-08-18,1508.94,1541.6,1505.42,1536.03,1536.03,2757926
INFY,2026-08-19,1539.68,1546.35,1539.01,1541.1,1541.1,3739912
INFY,2026-08-20,1535.28,1535.89,1495.18,1495.49,1495.49,5013954
INFY,2026-08-21,1498.38,1498.98,1488.29,1497.71,1497.71,1398158
INFY,2026-08-24,1494.42,1514.47,1487.23,1510.96,1510.96,1657779
INFY,2026-08-25,1512.41,1517.76,1503.55,1517.6,1517.6,2731427
INFY,2026-08-26,1516.57,1538.73,1514.58,1538.36,1538.36,2599848
INFY,2026-08-27,1540.67,1551.37,1537.94,1549.75,1549.75,2396021
INFY,2026-08-28,1550.3,1575.65,1546.97,1553.67,1553.67,3275861
INFY,2026-08-31,1539.35,1598.67,1519.77,1580.83,1580.83,4082628
INFY,2026-09-01,1581.68,1583.07,1568.66,1577.09,1577.09,3614929
INFY,2026-09-02,1580.13,1585.63,1564.42,1570.8,1570.8,1025407
INFY,2026-09-03,1572.9,1629.9,1561.39,1616.53,1616.53,4083435
INFY,2026-09-04,1616.04,1620.6,1601.56,1606.17,1606.17,3122947
INFY,2026-09-07,1614.08,1620.59,1600.83,1601.29,1601.29,1174851
INFY,2026-09-08,1602.79,1616.92,1569.56,1587.79,1587.79,1913377
INFY,2026-09-09,1589.88,1595.47,1575.86,1578.49,1578.49,1666508
INFY,2026-09-10,1583.43,1590.64,1560.29,1571.97,1571.97,2248212
INFY,2026-09-11,1573.68,1579.82,1563.29,1563.66,1563.66,4407293
INFY,2026-09-14,1559.45,1596.5,1555.56,1592.18,1592.18,6867228
INFY,2026-09-15,1580.53,1610.1,1579.87,1607.73,1607.73,1849010
INFY,2026-09-16,1605.43,1648.49,1597.26,1635.89,1635.89,3722484
INFY,2026-09-17,1639.62,1658.21,1608.38,1615.02,1615.02,3434276
INFY,2026-09-18,1613.31,1642.27,1603.78,1629.4,1629.4,2931205
INFY,2026-09-21,1633.32,1652.4,1603.76,1609.93,1609.93,3164862
INFY,2026-09-22,1610.65,1633.91,1609.68,1623.32,1623.32,2795124
INFY,2026-09-23,1629.59,1643.16,1627.43,1635.2,1635.2,4746241
INFY,2026-09-24,1633.75,1676.86,1626.78,1660.77,1660.77,4516492
INFY,2026-09-25,1663.1,1670.43,1640.77,1653.72,1653.72,1463214
INFY,2026-09-28,1656.23,1676.25,1639.87,1649.53,1649.53,2933163
INFY,2026-09-29,1656.96,1667.08,1624.74,1631.93,1631.93,3744944
INFY,2026-09-30,1623.58,1645.01,1609.58,1633.25,1633.25,2303439
INFY,2026-10-01,1631.0,1634.95,1597.65,1617.35,1617.35,4032409
INFY,2026-10-02,1621.47,1623.29,1575.69,1578.58,1578.58,3693716
INFY,2026-10-05,1585.9,1609.63,1581.34,1600.0,1600.0,3016929
ICICIBANK,2025-10-21,1100.8,1103.97,1096.08,1099.51,1099.51,2122284
ICICIBANK,2025-10-22,1101.03,1112.57,1097.96,1103.04,1103.04,1465704
ICICIBANK,2025-10-23,1104.1,1108.96,1095.33,1102.05,1102.05,3275149
ICICIBANK,2025-10-24,1101.43,1107.79,1082.16,1088.63,1088.63,3125104
ICICIBANK,2025-10-27,1086.29,1110.58,1080.8,1101.02,1101.02,2417920
ICICIBANK,2025-10-28,1101.98,1110.1,1095.38,1106.32,1106.32,2931863
ICICIBANK,2025-10-29,1105.22,1105.46,1091.15,1091.44,1091.44,2798221
ICICIBANK,2025-10-30,1096.98,1103.62,1071.01,1073.1,1073.1,3486068
ICICIBANK,2025-10-31,1077.42,1084.36,1060.73,1065.26,1065.26,1744683
ICICIBANK,2025-11-03,1067.28,1071.82,1063.7,1067.66,1067.66,4845485
ICICIBANK,2025-11-04,1068.88,1078.21,1051.62,1062.73,1062.73,1790959
ICICIBANK,2025-11-05,1062.45,1067.81,1053.4,1055.35,1055.35,4466979
ICICIBANK,2025-11-06,1051.36,1063.48,1050.26,1061.73,1061.73,2170869
ICICIBANK,2025-11-07,1061.04,1066.01,1051.14,1052.8,1052.8,3432193
ICICIBANK,2025-11-10,1053.12,1053.25,1034.19,1049.59,1049.59,2903188
ICICIBANK,2025-11-11,1050.31,1058.95,1042.09,1051.77,1051.77,3332314
ICICIBANK,2025-11-12,1053.25,1061.57,1038.37,1042.89,1042.89,1777169
ICICIBANK,2025-11-13,1045.77,1053.29,1034.66,1036.36,1036.36,3622583
ICICIBANK,2025-11-14,1034.21,1041.69,1028.94,1030.26,1030.26,4884755
ICICIBANK,2025-11-17,1028.15,1054.34,1027.25,1047.82,1047.82,2694205
ICICIBANK,2025-11-18,1052.38,1055.43,1047.56,1051.98,1051.98,2249429
ICICIBANK,2025-11-19,1054.41,1058.26,1038.1,1040.84,1040.84,2121982
ICICIBANK,2025-11-20,1039.62,1076.52,1030.56,1065.98,1065.98,2962081
ICICIBANK,2025-11-21,1065.63,1067.47,1054.22,1062.6,1062.6,4305887
ICICIBANK,2025-11-24,1062.27,1085.87,1055.08,1077.31,1077.31,1873975
ICICIBANK,2025-11-25,1077.41,1080.39,1062.18,1065.27,1065.27,1818812
ICICIBANK,2025-11-26,1066.78,1098.63,1063.98,1085.49,1085.49,5907521
ICICIBANK,2025-11-27,1093.75,1094.91,1076.37,1089.43,1089.43,2822177
ICICIBANK,2025-11-28,1090.05,1111.37,1083.5,1095.28,1095.28,5374581
ICICIBANK,2025-12-01,1097.46,1098.63,1089.0,1095.2,1095.2,1659582
ICICIBANK,2025-12-02,1089.66,1103.18,1087.93,1103.03,1103.03,2530917
ICICIBANK,2025-12-03,1101.42,1110.63,1099.53,1102.17,1102.17,1557625
ICICIBANK,2025-12-04,1106.24,1113.61,1093.78,1103.39,1103.39,2169007
ICICIBANK,2025-12-05,1104.72,1108.62,1099.54,1105.29,1105.29,1025579
ICICIBANK,2025-12-08,1090.74,1108.49,1087.52,1104.2,1104.2,2684563
ICICIBANK,2025-12-09,1106.44,1122.63,1097.9,1114.06,1114.06,2858492
ICICIBANK,2025-12-10,1120.48,1141.14,1119.06,1133.26,1133.26,2930695
ICICIBANK,2025-12-11,1126.47,1158.83,1125.52,1151.01,1151.01,2486978
ICICIBANK,2025-12-12,1156.26,1159.95,1155.08,1157.44,1157.44,1617803
ICICIBANK,2025-12-15,1147.81,1148.16,1133.09,1139.19,1139.19,3917742
ICICIBANK,2025-12-16,1142.39,1142.8,1128.03,1138.07,1138.07,1277527
ICICIBANK,2025-12-17,1138.04,1152.81,1133.02,1147.43,1147.43,3030822
ICICIBANK,2025-12-18,1139.34,1168.26,1139.2,1157.47,1157.47,5734194
ICICIBANK,2025-12-19,1159.02,1161.58,1123.68,1130.87,1130.87,6097251
ICICIBANK,2025-12-22,1134.77,1148.22,1119.97,1134.15,1134.15,1180436
ICICIBANK,2025-12-23,1135.39,1141.5,1121.16,1122.08,1122.08,2113110
ICICIBANK,2025-12-24,1124.05,1125.63,1096.69,1106.3,1106.3,3344265
ICICIBANK,2025-12-25,1104.93,1120.99,1093.83,1115.45,1115.45,2404014
ICICIBANK,2025-12-26,1109.22,1120.57,1100.58,1102.93,1102.93,1516390
ICICIBANK,2025-12-29,1105.22,1118.47,1080.17,1093.04,1093.04,2938083
ICICIBANK,2025-12-30,1098.78,1109.96,1098.49,1102.12,1102.12,2464720
ICICIBANK,2025-12-31,1105.85,1132.28,1099.52,1132.1,1132.1,7698167
ICICIBANK,2026-01-01,1125.35,1144.93,1122.3,1143.44,1143.44,2327341
ICICIBANK,2026-01-02,1138.24,1143.7,1134.73,1139.76,1139.76,3469582
ICICIBANK,2026-01-05,1136.87,1148.28,1129.37,1133.98,1133.98,1376555
ICICIBANK,2026-01-06,1128.56,1131.5,1103.22,1117.03,1117.03,1908110
ICICIBANK,2026-01-07,1117.18,1126.49,1108.55,1123.43,1123.43,3099786
ICICIBANK,2026-01-08,1124.75,1125.1,1112.32,1116.62,1116.62,3616214
ICICIBANK,2026-01-09,1111.83,1121.92,1106.48,1119.72,1119.72,1464216
ICICIBANK,2026-01-12,1122.33,1123.42,1096.37,1104.19,1104.19,2840878
ICICIBANK,2026-01-13,1106.18,1115.16,1104.82,1114.25,1114.25,1451598
ICICIBANK,2026-01-14,1112.42,1130.29,1100.65,1118.76,1118.76,2067480
ICICIBANK,2026-01-15,1118.18,1132.4,1104.13,1130.77,1130.77,3658916
ICICIBANK,2026-01-16,1124.16,1124.51,1093.15,1104.15,1104.15,2856990
ICICIBANK,2026-01-19,1103.05,1108.78,1087.75,1090.07,1090.07,2485750
ICICIBANK,2026-01-20,1090.09,1094.78,1067.84,1074.51,1074.51,1806247
ICICIBANK,2026-01-21,1075.05,1088.77,1068.67,1079.92,1079.92,1760404
ICICIBANK,2026-01-22,1081.15,1115.23,1079.29,1104.47,1104.47,6706766
ICICIBANK,2026-01-23,1105.27,1121.77,1101.05,1120.41,1120.41,2919054
ICICIBANK,2026-01-26,1119.52,1127.65,1119.03,1123.78,1123.78,1447473
ICICIBANK,2026-01-27,1124.74,1131.17,1121.52,1130.13,1130.13,2043891
ICICIBANK,2026-01-28,1133.53,1138.74,1122.55,1135.15,1135.15,1185638
ICICIBANK,2026-01-29,1134.82,1136.96,1104.77,1108.41,1108.41,2266536
ICICIBANK,2026-01-30,1109.47,1109.85,1104.69,1109.14,1109.14,3484388
ICICIBANK,2026-02-02,1108.53,1140.68,1090.79,1139.73,1139.73,3401500
ICICIBANK,2026-02-03,1137.52,1140.61,1129.27,1129.72,1129.72,5342477
ICICIBANK,2026-02-04,1131.49,1133.49,1110.12,1124.17,1124.17,2190348
ICICIBANK,2026-02-05,1122.3,1128.66,1113.37,1127.02,1127.02,2102822
ICICIBANK,2026-02-06,1128.33,1139.88,1110.02,1122.46,1122.46,2873905
ICICIBANK,2026-02-09,1122.55,1142.69,1120.44,1124.41,1124.41,716182
ICICIBANK,2026-02-10,1123.38,1131.5,1114.89,1122.99,1122.99,2233738
ICICIBANK,2026-02-11,1121.88,1139.68,1110.36,1131.14,1131.14,2366007
ICICIBANK,2026-02-12,1129.41,1135.9,1116.95,1118.58,1118.58,4795322
ICICIBANK,2026-02-13,1113.06,1116.11,1107.93,1115.42,1115.42,3164343
ICICIBANK,2026-02-16,1116.7,1122.7,1112.64,1112.87,1112.87,1346294
ICICIBANK,2026-02-17,1113.65,1117.6,1096.07,1113.49,1113.49,3313045
ICICIBANK,2026-02-18,1116.33,1129.16,1109.06,1128.0,1128.0,2478439
ICICIBANK,2026-02-19,1126.2,1129.77,1112.88,1113.12,1113.12,1930768
ICICIBANK,2026-02-20,1119.45,1136.15,1113.77,1131.45,1131.45,3196438
ICICIBANK,2026-02-23,1130.16,1131.81,1108.06,1121.12,1121.12,2331083
ICICIBANK,2026-02-24,1118.18,1132.11,1115.62,1131.97,1131.97,4729092
ICICIBANK,2026-02-25,1128.6,1139.33,1117.64,1124.45,1124.45,2726785
ICICIBANK,2026-02-26,1118.6,1137.08,1108.86,1129.21,1129.21,2425380
ICICIBANK,2026-02-27,1134.4,1142.03,1123.47,1125.02,1125.02,3159404
ICICIBANK,2026-03-02,1129.65,1134.83,1120.44,1120.89,1120.89,3408908
ICICIBANK,2026-03-03,1122.91,1136.75,1111.36,1135.08,1135.08,3736774
ICICIBANK,2026-03-04,1132.03,1149.21,1130.47,1145.01,1145.01,4412322
ICICIBANK,2026-03-05,1151.23,1172.53,1150.05,1159.72,1159.72,3498213
ICICIBANK,2026-03-06,1158.5,1168.81,1140.68,1146.56,1146.56,2846213
ICICIBANK,2026-03-09,1145.64,1150.2,1134.92,1144.02,1144.02,3471812
ICICIBANK,2026-03-10,1148.95,1168.11,1129.79,1131.29,1131.29,2553876
ICICIBANK,2026-03-11,1133.53,1168.89,1130.43,1160.36,1160.36,3538875
ICICIBANK,2026-03-12,1168.02,1181.61,1167.05,1168.83,1168.83,4808444
ICICIBANK,2026-03-13,1169.7,1175.62,1143.19,1149.04,1149.04,5736016
ICICIBANK,2026-03-16,1147.68,1153.79,1141.75,1145.56,1145.56,2156235
ICICIBANK,2026-03-17,1143.46,1182.17,1138.32,1174.78,1174.78,2903280
ICICIBANK,2026-03-18,1168.27,1190.76,1165.7,1166.65,1166.65,4301206
ICICIBANK,2026-03-19,1165.68,1181.58,1146.06,1156.4,1156.4,3454325
ICICIBANK,2026-03-20,1160.37,1165.21,1147.07,1152.82,1152.82,2458446
ICICIBANK,2026-03-23,1154.9,1182.69,1153.89,1170.0,1170.0,2516724
ICICIBANK,2026-03-24,1170.07,1173.07,1157.09,1158.44,1158.44,2938754
ICICIBANK,2026-03-25,1154.98,1156.41,1148.58,1149.01,1149.01,2447477
ICICIBANK,2026-03-26,1149.79,1160.11,1138.54,1159.21,1159.21,1922966
ICICIBANK,2026-03-27,1162.73,1169.09,1141.64,1151.38,1151.38,2511931
ICICIBANK,2026-03-30,1152.87,1172.95,1147.51,1167.48,1167.48,3123145
ICICIBANK,2026-03-31,1168.06,1191.67,1160.87,1181.4,1181.4,2313138
ICICIBANK,2026-04-01,1178.58,1187.36,1168.57,1172.94,1172.94,3459865
ICICIBANK,2026-04-02,1175.99,1182.42,1171.58,1179.52,1179.52,3877140
ICICIBANK,2026-04-03,1168.44,1179.94,1159.93,1170.09,1170.09,3626305
ICICIBANK,2026-04-06,1171.43,1182.64,1139.98,1146.82,1146.82,2845071
ICICIBANK,2026-04-07,1155.67,1156.13,1136.15,1137.57,1137.57,3334499
ICICIBANK,2026-04-08,1132.42,1145.39,1118.81,1123.95,1123.95,2785062
ICICIBANK,2026-04-09,1123.13,1146.62,1121.19,1138.28,1138.28,1669349
ICICIBANK,2026-04-10,1138.25,1143.71,1135.66,1135.72,1135.72,2770611
ICICIBANK,2026-04-13,1134.14,1153.95,1129.64,1153.37,1153.37,3074563
ICICIBANK,2026-04-14,1156.95,1157.79,1147.35,1153.6,1153.6,5629778
ICICIBANK,2026-04-15,1155.24,1172.35,1150.43,1161.71,1161.71,4297420
ICICIBANK,2026-04-16,1162.24,1171.23,1151.88,1168.16,1168.16,3073417
ICICIBANK,2026-04-17,1170.96,1172.2,1165.92,1168.13,1168.13,2192266
ICICIBANK,2026-04-20,1168.19,1188.35,1168.05,1186.93,1186.93,3130444
ICICIBANK,2026-04-21,1198.25,1198.61,1175.97,1181.35,1181.35,1514645
ICICIBANK,2026-04-22,1181.88,1191.14,1178.19,1178.36,1178.36,1064097
ICICIBANK,2026-04-23,1179.05,1179.08,1162.2,1164.28,1164.28,1902845
ICICIBANK,2026-04-24,1158.31,1161.05,1156.59,1156.8,1156.8,2321713
ICICIBANK,2026-04-27,1154.91,1170.26,1148.72,1166.31,1166.31,1063846
ICICIBANK,2026-04-28,1170.32,1174.21,1162.25,1166.89,1166.89,1618767
ICICIBANK,2026-04-29,1162.21,1171.99,1155.88,1156.76,1156.76,2265580
ICICIBANK,2026-04-30,1149.27,1172.42,1149.2,1167.17,1167.17,2307830
ICICIBANK,2026-05-01,1167.28,1195.98,1161.22,1185.33,1185.33,2226441
ICICIBANK,2026-05-04,1190.2,1205.63,1189.49,1204.14,1204.14,2546810
ICICIBANK,2026-05-05,1204.29,1218.54,1191.23,1213.42,1213.42,4860817
ICICIBANK,2026-05-06,1212.19,1239.07,1211.05,1220.91,1220.91,3061152
ICICIBANK,2026-05-07,1214.1,1220.82,1212.37,1216.67,1216.67,1749789
ICICIBANK,2026-05-08,1218.32,1235.9,1217.07,1234.71,1234.71,2780943
ICICIBANK,2026-05-11,1237.16,1240.73,1219.97,1229.68,1229.68,2200487
ICICIBANK,2026-05-12,1223.11,1231.38,1215.5,1230.05,1230.05,1471428
ICICIBANK,2026-05-13,1234.23,1237.91,1210.64,1214.51,1214.51,2013642
ICICIBANK,2026-05-14,1217.3,1232.81,1197.3,1205.52,1205.52,3632643
ICICIBANK,2026-05-15,1209.61,1216.3,1157.43,1157.66,1157.66,3713400
ICICIBANK,2026-05-18,1159.68,1161.37,1150.85,1154.21,1154.21,1394297
ICICIBANK,2026-05-19,1156.47,1158.65,1130.2,1138.58,1138.58,2745971
ICICIBANK,2026-05-20,1140.35,1149.72,1129.74,1143.09,1143.09,2325521
ICICIBANK,2026-05-21,1146.07,1156.18,1130.9,1139.48,1139.48,986175
ICICIBANK,2026-05-22,1133.27,1134.79,1126.46,1132.25,1132.25,2323190
ICICIBANK,2026-05-25,1127.15,1138.07,1119.99,1123.33,1123.33,3471834
ICICIBANK,2026-05-26,1120.85,1122.22,1106.42,1118.59,1118.59,2676255
ICICIBANK,2026-05-27,1118.15,1139.14,1116.54,1129.76,1129.76,6280216
ICICIBANK,2026-05-28,1131.08,1132.61,1111.23,1113.01,1113.01,4736174
ICICIBANK,2026-05-29,1114.1,1114.45,1074.69,1079.34,1079.34,6802059
ICICIBANK,2026-06-01,1082.96,1089.67,1076.41,1084.05,1084.05,6871080
ICICIBANK,2026-06-02,1087.79,1106.07,1084.06,1102.06,1102.06,4012472
ICICIBANK,2026-06-03,1099.18,1118.87,1091.48,1092.92,1092.92,2645279
ICICIBANK,2026-06-04,1093.7,1097.28,1073.85,1079.85,1079.85,3983199
ICICIBANK,2026-06-05,1077.11,1084.22,1069.61,1077.73,1077.73,1678909
ICICIBANK,2026-06-08,1077.12,1089.24,1077.04,1080.03,1080.03,2202505
ICICIBANK,2026-06-09,1081.07,1082.3,1066.53,1073.71,1073.71,1799501
ICICIBANK,2026-06-10,1062.73,1079.25,1056.46,1076.59,1076.59,2511676
ICICIBANK,2026-06-11,1084.38,1098.9,1080.72,1088.19,1088.19,2018719
ICICIBANK,2026-06-12,1090.04,1097.22,1086.92,1092.6,1092.6,1689171
ICICIBANK,2026-06-15,1090.65,1095.64,1070.98,1073.06,1073.06,3606040
ICICIBANK,2026-06-16,1079.26,1079.57,1061.56,1065.7,1065.7,2263661
ICICIBANK,2026-06-17,1064.59,1070.13,1049.73,1050.06,1050.06,1324019
ICICIBANK,2026-06-18,1050.48,1056.65,1037.05,1044.24,1044.24,1292271
ICICIBANK,2026-06-19,1042.72,1049.62,1040.03,1043.2,1043.2,1290658
ICICIBANK,2026-06-22,1048.37,1070.21,1041.25,1060.59,1060.59,2083777
ICICIBANK,2026-06-23,1060.26,1071.68,1059.75,1064.88,1064.88,2623452
ICICIBANK,2026-06-24,1065.36,1066.41,1057.58,1058.87,1058.87,2531512
ICICIBANK,2026-06-25,1062.7,1075.9,1060.32,1075.28,1075.28,4437033
ICICIBANK,2026-06-26,1077.17,1095.1,1064.06,1083.99,1083.99,3327704
ICICIBANK,2026-06-29,1083.81,1084.77,1075.31,1078.79,1078.79,3483629
ICICIBANK,2026-06-30,1082.38,1092.9,1062.24,1088.89,1088.89,3236413
ICICIBANK,2026-07-01,1097.18,1105.98,1086.79,1087.59,1087.59,2233768
ICICIBANK,2026-07-02,1088.62,1091.88,1065.79,1066.55,1066.55,4881271
ICICIBANK,2026-07-03,1066.93,1075.17,1062.16,1074.6,1074.6,3509925
ICICIBANK,2026-07-06,1075.15,1080.68,1064.53,1076.52,1076.52,2428209
ICICIBANK,2026-07-07,1080.75,1098.46,1074.43,1092.85,1092.85,4785899
ICICIBANK,2026-07-08,1090.89,1121.51,1076.78,1106.88,1106.88,1072709
ICICIBANK,2026-07-09,1105.96,1108.26,1099.1,1102.83,1102.83,1959395
ICICIBANK,2026-07-10,1097.75,1113.92,1080.81,1103.2,1103.2,1772057
ICICIBANK,2026-07-13,1099.28,1108.78,1089.2,1093.29,1093.29,3995743
ICICIBANK,2026-07-14,1091.59,1108.74,1084.03,1106.16,1106.16,5022672
ICICIBANK,2026-07-15,1105.97,1114.94,1104.1,1112.93,1112.93,1313239
ICICIBANK,2026-07-16,1118.83,1123.1,1096.39,1104.88,1104.88,4245889
ICICIBANK,2026-07-17,1106.65,1108.67,1072.14,1080.13,1080.13,2084210
ICICIBANK,2026-07-20,1077.18,1080.69,1058.8,1064.91,1064.91,1790946
ICICIBANK,2026-07-21,1062.59,1080.53,1062.11,1075.32,1075.32,2332233
ICICIBANK,2026-07-22,1079.76,1084.66,1047.87,1053.29,1053.29,2829877
ICICIBANK,2026-07-23,1056.85,1070.38,1047.65,1051.1,1051.1,1129479
ICICIBANK,2026-07-24,1051.19,1058.08,1041.81,1057.69,1057.69,3053298
ICICIBANK,2026-07-27,1056.28,1073.55,1055.63,1064.96,1064.96,3136796
ICICIBANK,2026-07-28,1068.55,1077.17,1046.63,1050.15,1050.15,4291944
ICICIBANK,2026-07-29,1047.02,1053.9,1039.83,1049.02,1049.02,1721363
ICICIBANK,2026-07-30,1050.25,1065.33,1038.46,1064.94,1064.94,2833888
ICICIBANK,2026-07-31,1072.2,1090.84,1064.15,1085.13,1085.13,3062435
ICICIBANK,2026-08-03,1085.8,1113.02,1085.07,1109.47,1109.47,6486623
ICICIBANK,2026-08-04,1106.89,1112.41,1084.37,1090.79,1090.79,963205
ICICIBANK,2026-08-05,1092.13,1093.17,1074.63,1078.25,1078.25,1821199
ICICIBANK,2026-08-06,1076.73,1092.8,1066.58,1088.02,1088.02,2524782
ICICIBANK,2026-08-07,1083.47,1091.97,1078.8,1089.34,1089.34,1331301
ICICIBANK,2026-08-10,1091.64,1100.47,1090.08,1092.62,1092.62,1949127
ICICIBANK,2026-08-11,1096.28,1109.37,1063.91,1070.84,1070.84,3023906
ICICIBANK,2026-08-12,1069.84,1072.89,1063.48,1072.26,1072.26,1584836
ICICIBANK,2026-08-13,1071.05,1093.79,1057.57,1089.58,1089.58,3012183
ICICIBANK,2026-08-14,1086.43,1089.93,1067.83,1079.23,1079.23,3278606
ICICIBANK,2026-08-17,1078.75,1099.52,1076.51,1092.62,1092.62,2471158
ICICIBANK,2026-08-18,1090.78,1092.31,1075.64,1083.87,1083.87,2053209
ICICIBANK,2026-08-19,1080.58,1087.72,1060.02,1069.31,1069.31,2608414
ICICIBANK,2026-08-20,1075.38,1081.41,1071.72,1078.04,1078.04,2459395
ICICIBANK,2026-08-21,1079.55,1108.43,1071.64,1102.67,1102.67,1658340
ICICIBANK,2026-08-24,1104.57,1120.82,1104.05,1119.78,1119.78,3486110
ICICIBANK,2026-08-25,1122.75,1126.11,1107.05,1110.72,1110.72,2058892
ICICIBANK,2026-08-26,1113.29,1129.19,1101.53,1118.17,1118.17,3942649
ICICIBANK,2026-08-27,1116.78,1137.5,1103.73,1135.09,1135.09,3643200
ICICIBANK,2026-08-28,1136.02,1159.44,1135.6,1154.98,1154.98,4815744
ICICIBANK,2026-08-31,1154.04,1162.72,1150.36,1157.73,1157.73,1417759
ICICIBANK,2026-09-01,1159.25,1168.9,1152.85,1160.87,1160.87,1848080
ICICIBANK,2026-09-02,1162.06,1178.21,1155.25,1171.44,1171.44,1534117
ICICIBANK,2026-09-03,1170.09,1186.93,1160.46,1179.26,1179.26,1793832
ICICIBANK,2026-09-04,1174.55,1185.72,1172.77,1176.32,1176.32,3516502
ICICIBANK,2026-09-07,1176.84,1182.45,1151.31,1152.02,1152.02,5845990
ICICIBANK,2026-09-08,1151.31,1171.02,1147.84,1168.99,1168.99,1802030
ICICIBANK,2026-09-09,1162.36,1172.03,1160.4,1171.47,1171.47,1755745
ICICIBANK,2026-09-10,1173.25,1196.74,1155.2,1178.41,1178.41,2264018
ICICIBANK,2026-09-11,1181.82,1196.42,1180.96,1181.85,1181.85,2725252
ICICIBANK,2026-09-14,1190.81,1197.2,1184.83,1187.93,1187.93,1131773
ICICIBANK,2026-09-15,1186.54,1201.14,1178.36,1185.58,1185.58,1106271
ICICIBANK,2026-09-16,1183.66,1226.65,1181.96,1216.07,1216.07,4249049
ICICIBANK,2026-09-17,1212.02,1234.52,1201.56,1228.53,1228.53,1187219
ICICIBANK,2026-09-18,1229.3,1245.54,1218.26,1219.46,1219.46,2026741
ICICIBANK,2026-09-21,1220.2,1240.44,1218.38,1237.75,1237.75,3060222
ICICIBANK,2026-09-22,1234.74,1242.89,1200.71,1213.7,1213.7,3719817
ICICIBANK,2026-09-23,1213.06,1220.87,1190.77,1202.45,1202.45,2396631
ICICIBANK,2026-09-24,1195.31,1229.7,1182.15,1219.66,1219.66,2442947
ICICIBANK,2026-09-25,1223.05,1228.75,1216.78,1219.56,1219.56,2786484
ICICIBANK,2026-09-28,1216.74,1227.93,1206.79,1222.71,1222.71,2394553
ICICIBANK,2026-09-29,1222.58,1235.87,1201.82,1210.94,1210.94,1974615
ICICIBANK,2026-09-30,1205.76,1210.72,1199.57,1199.79,1199.79,2571833
ICICIBANK,2026-10-01,1197.69,1199.26,1187.56,1189.3,1189.3,2919781
ICICIBANK,2026-10-02,1188.31,1197.5,1179.36,1185.36,1185.36,4335103
ICICIBANK,2026-10-05,1185.32,1202.41,1180.89,1200.0,1200.0,3715628
SBIN,2025-10-21,806.3,808.69,803.61,807.09,807.09,2042642
SBIN,2025-10-22,808.62,814.64,797.26,806.24,806.24,1215479
SBIN,2025-10-23,805.52,815.57,799.3,809.22,809.22,2189697
SBIN,2025-10-24,802.75,807.94,801.07,807.72,807.72,1356978
SBIN,2025-10-27,800.3,801.12,794.56,797.11,797.11,2364493
SBIN,2025-10-28,800.15,808.9,797.17,807.06,807.06,3939551
SBIN,2025-10-29,810.04,816.06,796.45,803.05,803.05,2522957
SBIN,2025-10-30,807.6,814.04,790.72,791.22,791.22,1584014
SBIN,2025-10-31,791.18,793.88,777.77,787.81,787.81,3148645
SBIN,2025-11-03,784.75,789.61,783.01,783.28,783.28,2318970
SBIN,2025-11-04,782.29,792.82,781.35,791.94,791.94,2122594
SBIN,2025-11-05,791.97,792.62,770.93,775.74,775.74,4329619
SBIN,2025-11-06,773.4,775.34,771.79,772.47,772.47,2089561
SBIN,2025-11-07,776.29,782.48,774.61,780.86,780.86,1647003
SBIN,2025-11-10,786.11,788.86,777.41,783.72,783.72,4607051
SBIN,2025-11-11,784.85,787.49,780.84,784.0,784.0,1990364
SBIN,2025-11-12,783.98,788.6,756.4,758.97,758.97,3787905
SBIN,2025-11-13,756.02,760.51,747.99,749.82,749.82,2299660
SBIN,2025-11-14,753.3,758.57,741.63,743.69,743.69,3961068
SBIN,2025-11-17,743.86,744.69,736.85,742.35,742.35,1694053
SBIN,2025-11-18,741.71,767.47,741.53,760.65,760.65,1849460
SBIN,2025-11-19,761.75,762.27,753.99,754.35,754.35,1888811
SBIN,2025-11-20,753.02,758.94,751.03,758.05,758.05,3866748
SBIN,2025-11-21,758.39,764.87,756.28,759.65,759.65,2940394
SBIN,2025-11-24,756.36,766.22,750.24,764.57,764.57,2136976
SBIN,2025-11-25,767.06,773.55,748.25,751.17,751.17,5255730
SBIN,2025-11-26,750.93,753.67,747.79,750.89,750.89,2704120
SBIN,2025-11-27,753.5,754.25,737.06,739.75,739.75,2580896
SBIN,2025-11-28,739.31,759.54,733.18,752.12,752.12,2778015
SBIN,2025-12-01,751.81,757.13,747.86,755.53,755.53,2569404
SBIN,2025-12-02,752.78,760.99,751.86,760.73,760.73,1714131
SBIN,2025-12-03,762.47,764.83,755.35,758.65,758.65,2149742
SBIN,2025-12-04,756.66,758.44,751.46,756.29,756.29,2452946
SBIN,2025-12-05,755.19,759.49,746.7,755.86,755.86,1027100
SBIN,2025-12-08,755.86,759.36,747.45,753.54,753.54,2007264
SBIN,2025-12-09,753.82,760.03,752.66,757.58,757.58,2038138
SBIN,2025-12-10,753.7,765.94,753.39,765.85,765.85,3965673
SBIN,2025-12-11,765.32,766.42,761.68,765.74,765.74,952287
SBIN,2025-12-12,767.57,772.95,767.2,772.07,772.07,2122423
SBIN,2025-12-15,771.19,773.15,752.57,754.54,754.54,2762009
SBIN,2025-12-16,754.03,755.62,746.46,751.37,751.37,3277806
SBIN,2025-12-17,751.74,763.05,743.77,744.49,744.49,2486785
SBIN,2025-12-18,744.21,747.65,736.88,739.97,739.97,4809355
SBIN,2025-12-19,737.68,740.15,732.3,733.19,733.19,3297753
SBIN,2025-12-22,733.11,757.66,726.94,742.98,742.98,2352118
SBIN,2025-12-23,745.19,749.01,744.79,747.12,747.12,2546409
SBIN,2025-12-24,744.77,750.93,736.81,742.31,742.31,2054457
SBIN,2025-12-25,741.48,745.23,734.04,734.52,734.52,3681439
SBIN,2025-12-26,731.47,736.61,728.2,732.61,732.61,1254578
SBIN,2025-12-29,734.68,738.69,728.78,730.45,730.45,1552237
SBIN,2025-12-30,730.25,739.72,724.37,738.78,738.78,3188400
SBIN,2025-12-31,736.9,759.64,736.83,757.64,757.64,5685306
SBIN,2026-01-01,757.85,765.17,752.07,754.66,754.66,919012
SBIN,2026-01-02,751.93,754.49,745.34,749.42,749.42,4153981
SBIN,2026-01-05,747.09,751.46,725.95,729.29,729.29,3405602
SBIN,2026-01-06,726.1,727.99,719.13,719.2,719.2,1323264
SBIN,2026-01-07,716.9,722.39,716.11,720.47,720.47,628239
SBIN,2026-01-08,723.4,726.06,708.22,714.85,714.85,1327962
SBIN,2026-01-09,713.28,718.46,699.27,705.54,705.54,2741058
SBIN,2026-01-12,706.53,707.1,693.52,697.33,697.33,2609281
SBIN,2026-01-13,695.58,714.55,683.88,706.91,706.91,3599956
SBIN,2026-01-14,708.52,721.61,707.36,717.95,717.95,2331396
SBIN,2026-01-15,715.74,716.65,706.3,714.41,714.41,1461787
SBIN,2026-01-16,714.49,715.57,704.49,706.97,706.97,2208796
SBIN,2026-01-19,707.08,707.66,693.14,704.85,704.85,2189944
SBIN,2026-01-20,709.78,715.1,688.67,689.66,689.66,3595687
SBIN,2026-01-21,690.97,703.72,687.61,703.34,703.34,2297894
SBIN,2026-01-22,702.09,732.85,698.25,731.88,731.88,6237070
SBIN,2026-01-23,733.39,735.22,711.41,713.43,713.43,2731364
SBIN,2026-01-26,718.0,720.42,714.02,718.97,718.97,1725237
SBIN,2026-01-27,715.45,715.54,703.65,711.12,711.12,2121803
SBIN,2026-01-28,709.32,712.61,696.91,702.48,702.48,4165462
SBIN,2026-01-29,701.98,704.77,693.21,694.16,694.16,2551687
SBIN,2026-01-30,693.3,696.54,690.17,695.85,695.85,1610888
SBIN,2026-02-02,695.15,713.76,693.93,707.96,707.96,4358314
SBIN,2026-02-03,705.19,712.76,691.7,696.99,696.99,6860947
SBIN,2026-02-04,699.92,701.62,699.02,701.02,701.02,2529767
SBIN,2026-02-05,698.03,699.93,697.41,699.59,699.59,3447558
SBIN,2026-02-06,699.17,700.61,694.81,697.11,697.11,3321017
SBIN,2026-02-09,699.29,701.34,687.42,688.24,688.24,2153405
SBIN,2026-02-10,688.18,707.96,687.33,701.47,701.47,3147938
SBIN,2026-02-11,699.4,705.22,690.98,697.03,697.03,1413052
SBIN,2026-02-12,694.21,696.06,690.48,692.53,692.53,2181607
SBIN,2026-02-13,692.05,693.12,690.68,692.67,692.67,1553047
SBIN,2026-02-16,691.1,696.68,690.41,694.1,694.1,1792143
SBIN,2026-02-17,694.53,699.85,690.16,699.54,699.54,1813054
SBIN,2026-02-18,696.6,697.4,693.36,696.36,696.36,2009517
SBIN,2026-02-19,698.06,699.48,681.59,687.16,687.16,3432404
SBIN,2026-02-20,687.4,689.21,681.14,687.09,687.09,1895678
SBIN,2026-02-23,687.48,688.52,682.47,685.57,685.57,1003162
SBIN,2026-02-24,688.53,689.38,679.32,683.34,683.34,1615087
SBIN,2026-02-25,682.44,684.91,664.74,673.58,673.58,1545751
SBIN,2026-02-26,672.11,689.48,667.76,686.93,686.93,3473754
SBIN,2026-02-27,685.8,688.73,680.6,681.06,681.06,3049903
SBIN,2026-03-02,680.66,692.95,677.62,689.2,689.2,2980572
SBIN,2026-03-03,689.01,711.18,684.16,708.74,708.74,2660931
SBIN,2026-03-04,706.98,712.1,703.32,709.85,709.85,2290747
SBIN,2026-03-05,705.54,727.22,703.75,722.57,722.57,2518635
SBIN,2026-03-06,721.36,725.75,712.88,715.13,715.13,1648136
SBIN,2026-03-09,715.91,720.07,707.75,712.51,712.51,2961743
SBIN,2026-03-10,712.8,715.79,700.67,701.13,701.13,4078944
SBIN,2026-03-11,703.65,708.95,698.98,703.57,703.57,3200524
SBIN,2026-03-12,707.7,714.56,706.8,712.12,712.12,2117442
SBIN,2026-03-13,713.74,714.55,702.74,708.03,708.03,3726163
SBIN,2026-03-16,710.97,715.29,698.97,703.76,703.76,1923536
SBIN,2026-03-17,705.37,723.19,705.34,719.59,719.59,4293920
SBIN,2026-03-18,723.28,726.95,697.7,707.62,707.62,2429500
SBIN,2026-03-19,711.55,718.06,706.83,714.89,714.89,2368829
SBIN,2026-03-20,716.93,719.24,706.37,709.62,709.62,919917
SBIN,2026-03-23,711.12,719.4,704.51,719.08,719.08,2455524
SBIN,2026-03-24,718.64,720.9,710.68,712.08,712.08,2660062
SBIN,2026-03-25,711.99,715.47,709.95,711.39,711.39,1731650
SBIN,2026-03-26,710.67,716.17,703.97,710.23,710.23,4198643
SBIN,2026-03-27,711.56,719.84,709.1,716.55,716.55,1576491
SBIN,2026-03-30,715.0,726.18,712.24,723.17,723.17,2019359
SBIN,2026-03-31,722.76,738.59,722.53,738.41,738.41,2244346
SBIN,2026-04-01,733.2,736.08,731.65,734.75,734.75,1818429
SBIN,2026-04-02,738.55,743.55,731.11,731.79,731.79,3358162
SBIN,2026-04-03,731.31,732.09,723.67,728.25,728.25,4102291
SBIN,2026-04-06,729.25,731.06,712.06,715.49,715.49,2292737
SBIN,2026-04-07,718.62,722.72,702.99,703.5,703.5,2237731
SBIN,2026-04-08,704.13,710.38,691.96,693.81,693.81,1767095
SBIN,2026-04-09,696.82,703.36,694.76,696.43,696.43,3721974
SBIN,2026-04-10,693.84,695.39,687.22,690.7,690.7,3875166
SBIN,2026-04-13,695.66,696.02,677.47,678.08,678.08,2951674
SBIN,2026-04-14,680.29,683.86,672.09,675.29,675.29,1274771
SBIN,2026-04-15,675.71,686.67,674.92,684.0,684.0,1627720
SBIN,2026-04-16,686.92,698.16,685.37,697.89,697.89,3402957
SBIN,2026-04-17,695.44,699.68,692.8,697.27,697.27,2535950
SBIN,2026-04-20,696.66,697.43,693.06,695.69,695.69,926552
SBIN,2026-04-21,698.7,702.0,693.15,698.28,698.28,1938032
SBIN,2026-04-22,694.37,694.84,675.99,678.58,678.58,7040643
SBIN,2026-04-23,679.72,690.34,675.54,685.14,685.14,2342885
SBIN,2026-04-24,686.24,688.46,684.63,685.37,685.37,3633712
SBIN,2026-04-27,689.42,703.31,679.6,699.37,699.37,4130154
SBIN,2026-04-28,696.05,699.89,679.08,681.43,681.43,2287227
SBIN,2026-04-29,684.72,689.93,680.77,688.53,688.53,2312234
SBIN,2026-04-30,687.37,693.85,686.86,689.45,689.45,1959116
SBIN,2026-05-01,688.53,706.95,688.04,702.22,702.22,2100334
SBIN,2026-05-04,699.65,706.88,686.99,704.02,704.02,1448459
SBIN,2026-05-05,701.72,705.05,700.07,703.44,703.44,3711695
SBIN,2026-05-06,704.3,711.76,702.87,706.8,706.8,1532634
SBIN,2026-05-07,704.44,718.11,702.48,711.0,711.0,3594805
SBIN,2026-05-08,712.58,715.11,708.47,714.94,714.94,1940783
SBIN,2026-05-11,713.51,721.38,712.0,712.9,712.9,2130576
SBIN,2026-05-12,710.3,714.53,709.6,713.3,713.3,2523903
SBIN,2026-05-13,712.17,716.86,693.99,699.58,699.58,2469536
SBIN,2026-05-14,700.29,710.35,699.43,706.35,706.35,3207703
SBIN,2026-05-15,705.77,707.55,683.37,688.58,688.58,1542920
SBIN,2026-05-18,688.66,708.0,681.02,698.19,698.19,3346421
SBIN,2026-05-19,699.65,704.36,691.36,695.9,695.9,811588
SBIN,2026-05-20,698.16,700.11,689.08,695.38,695.38,1851297
SBIN,2026-05-21,694.73,700.2,687.31,688.43,688.43,3631299
SBIN,2026-05-22,686.27,694.51,685.36,692.73,692.73,3018727
SBIN,2026-05-25,692.89,696.66,680.61,682.72,682.72,1694875
SBIN,2026-05-26,683.68,685.74,664.89,672.12,672.12,1824864
SBIN,2026-05-27,669.17,693.38,665.41,689.37,689.37,2650010
SBIN,2026-05-28,687.53,689.48,672.35,681.23,681.23,2897395
SBIN,2026-05-29,679.76,683.7,667.64,669.87,669.87,1323327
SBIN,2026-06-01,669.45,685.13,669.23,684.71,684.71,3269196
SBIN,2026-06-02,683.15,701.98,682.21,701.55,701.55,3882489
SBIN,2026-06-03,703.04,704.33,695.31,698.35,698.35,2013461
SBIN,2026-06-04,694.99,701.97,685.68,693.32,693.32,2976564
SBIN,2026-06-05,690.04,693.02,683.95,687.26,687.26,2740021
SBIN,2026-06-08,686.57,715.78,683.48,709.86,709.86,3146328
SBIN,2026-06-09,709.48,719.71,706.19,715.25,715.25,1121271
SBIN,2026-06-10,712.13,720.72,707.98,720.41,720.41,2542584
SBIN,2026-06-11,719.1,727.78,713.86,722.65,722.65,1480305
SBIN,2026-06-12,721.78,728.34,720.47,723.43,723.43,1624562
SBIN,2026-06-15,722.58,733.33,721.89,731.49,731.49,3199287
SBIN,2026-06-16,731.82,734.26,724.19,728.39,728.39,3940496
SBIN,2026-06-17,726.94,728.78,715.18,715.75,715.75,2978255
SBIN,2026-06-18,718.92,730.48,715.51,728.12,728.12,3746782
SBIN,2026-06-19,729.18,731.88,725.69,726.44,726.44,1189449
SBIN,2026-06-22,724.68,749.45,722.8,741.17,741.17,3504052
SBIN,2026-06-23,741.38,743.48,721.2,727.77,727.77,2995522
SBIN,2026-06-24,728.04,737.27,716.51,734.77,734.77,4173920
SBIN,2026-06-25,737.45,759.96,735.78,756.9,756.9,3019374
SBIN,2026-06-26,755.54,765.09,753.59,758.44,758.44,1909751
SBIN,2026-06-29,760.19,762.29,756.85,759.01,759.01,3096448
SBIN,2026-06-30,759.11,763.74,748.49,750.85,750.85,2530700
SBIN,2026-07-01,754.21,762.03,747.47,759.35,759.35,1701764
SBIN,2026-07-02,762.29,772.17,747.2,749.26,749.26,7708654
SBIN,2026-07-03,749.71,752.01,747.81,750.87,750.87,1370795
SBIN,2026-07-06,750.28,753.61,738.72,741.36,741.36,2670784
SBIN,2026-07-07,742.49,772.04,734.83,766.73,766.73,4577118
SBIN,2026-07-08,766.32,790.81,764.86,786.34,786.34,3878120
SBIN,2026-07-09,790.3,792.42,785.89,788.99,788.99,2023177
SBIN,2026-07-10,789.17,795.09,768.28,775.25,775.25,2811488
SBIN,2026-07-13,774.31,780.43,767.1,780.23,780.23,2151210
SBIN,2026-07-14,779.15,792.92,777.18,785.56,785.56,1528176
SBIN,2026-07-15,782.7,785.26,776.86,778.98,778.98,5868731
SBIN,2026-07-16,780.28,782.14,754.43,768.8,768.8,2531954
SBIN,2026-07-17,766.91,774.0,751.54,753.01,753.01,4085169
SBIN,2026-07-20,755.49,758.24,742.43,748.28,748.28,2062109
SBIN,2026-07-21,745.38,751.52,744.5,746.81,746.81,1822244
SBIN,2026-07-22,747.09,755.05,741.32,745.69,745.69,1727049
SBIN,2026-07-23,748.26,752.08,738.5,740.25,740.25,1300618
SBIN,2026-07-24,735.47,745.72,733.7,744.86,744.86,2205433
SBIN,2026-07-27,749.37,751.12,737.53,740.13,740.13,2006784
SBIN,2026-07-28,739.19,742.99,732.92,739.1,739.1,3300249
SBIN,2026-07-29,739.42,754.32,732.35,753.1,753.1,1919845
SBIN,2026-07-30,754.39,755.41,747.86,749.2,749.2,1819042
SBIN,2026-07-31,750.83,754.48,749.82,753.37,753.37,1614793
SBIN,2026-08-03,753.99,754.21,747.84,751.25,751.25,3829221
SBIN,2026-08-04,753.5,753.82,744.62,746.73,746.73,1653784
SBIN,2026-08-05,747.9,748.63,740.78,742.01,742.01,2955732
SBIN,2026-08-06,745.93,753.98,742.86,751.28,751.28,4011573
SBIN,2026-08-07,752.46,755.05,751.85,752.55,752.55,1964864
SBIN,2026-08-10,756.98,757.52,752.07,755.11,755.11,1259713
SBIN,2026-08-11,757.15,757.35,745.94,749.33,749.33,1413977
SBIN,2026-08-12,745.27,750.3,744.54,748.33,748.33,2908591
SBIN,2026-08-13,754.19,769.47,753.19,767.97,767.97,2128527
SBIN,2026-08-14,766.65,775.0,745.77,752.68,752.68,3718626
SBIN,2026-08-17,756.06,767.78,753.89,764.43,764.43,3040035
SBIN,2026-08-18,764.49,765.78,757.88,759.67,759.67,2738044
SBIN,2026-08-19,762.09,766.17,760.19,762.26,762.26,2638606
SBIN,2026-08-20,760.68,768.12,749.6,752.35,752.35,1900437
SBIN,2026-08-21,753.76,753.85,747.28,750.92,750.92,1418670
SBIN,2026-08-24,750.35,752.2,748.76,751.4,751.4,2690120
SBIN,2026-08-25,754.96,759.49,752.73,757.3,757.3,1902822
SBIN,2026-08-26,758.29,769.18,751.66,769.11,769.11,966443
SBIN,2026-08-27,771.27,778.57,768.26,772.93,772.93,2952235
SBIN,2026-08-28,767.91,776.49,766.69,775.7,775.7,1450485
SBIN,2026-08-31,775.5,793.02,769.61,788.59,788.59,3571496
SBIN,2026-09-01,789.56,790.87,784.36,786.98,786.98,3672811
SBIN,2026-09-02,787.51,803.97,775.23,791.81,791.81,2362592
SBIN,2026-09-03,794.1,799.47,779.25,782.26,782.26,4028014
SBIN,2026-09-04,781.4,808.66,778.79,801.62,801.62,3654609
SBIN,2026-09-07,801.73,809.75,799.55,805.74,805.74,4317066
SBIN,2026-09-08,808.59,821.51,808.52,815.06,815.06,1743836
SBIN,2026-09-09,809.49,823.66,808.55,816.86,816.86,2106770
SBIN,2026-09-10,818.3,821.6,806.0,806.49,806.49,3589731
SBIN,2026-09-11,805.68,807.87,785.09,785.19,785.19,3312568
SBIN,2026-09-14,783.04,795.08,776.73,790.16,790.16,3738808
SBIN,2026-09-15,790.96,796.4,784.54,784.63,784.63,2019806
SBIN,2026-09-16,787.52,795.54,782.39,795.23,795.23,6363003
SBIN,2026-09-17,797.71,814.13,793.21,802.13,802.13,5835401
SBIN,2026-09-18,801.81,803.56,796.02,799.22,799.22,2461799
SBIN,2026-09-21,801.32,810.8,781.59,790.06,790.06,3328415
SBIN,2026-09-22,792.12,792.86,780.49,785.75,785.75,3717731
SBIN,2026-09-23,785.54,791.84,780.61,782.76,782.76,1374043
SBIN,2026-09-24,781.14,804.01,777.78,795.9,795.9,1759044
SBIN,2026-09-25,794.39,801.27,789.75,796.38,796.38,3336723
SBIN,2026-09-28,798.39,805.4,792.71,803.07,803.07,2767036
SBIN,2026-09-29,802.97,807.94,786.3,795.74,795.74,2309016
SBIN,2026-09-30,793.24,816.53,788.69,810.55,810.55,3093370
SBIN,2026-10-01,806.45,809.68,790.82,796.29,796.29,1169881
SBIN,2026-10-02,798.28,799.22,797.47,798.04,798.04,1957813
SBIN,2026-10-05,796.73,800.25,794.72,800.0,800.0,1575242
ITC,2025-10-21,405.41,408.49,404.99,406.19,406.19,4296583
ITC,2025-10-22,405.93,413.7,405.87,409.76,409.76,2354169
ITC,2025-10-23,409.1,413.86,407.77,413.15,413.15,936736
ITC,2025-10-24,413.13,415.22,406.53,406.89,406.89,3379913
ITC,2025-10-27,409.06,412.56,407.69,408.39,408.39,3963272
ITC,2025-10-28,409.91,411.48,408.93,410.89,410.89,3843778
ITC,2025-10-29,410.7,412.8,408.66,411.97,411.97,2574142
ITC,2025-10-30,410.48,419.38,409.11,417.28,417.28,1705109
ITC,2025-10-31,418.95,422.14,407.01,407.15,407.15,2791167
ITC,2025-11-03,407.09,408.94,400.46,403.28,403.28,5531083
ITC,2025-11-04,401.19,407.13,398.53,401.38,401.38,1284442
ITC,2025-11-05,402.23,407.51,395.68,400.01,400.01,1380865
ITC,2025-11-06,401.24,405.57,396.07,399.28,399.28,3049886
ITC,2025-11-07,396.37,406.6,395.55,401.58,401.58,1956795
ITC,2025-11-10,400.59,405.21,398.3,404.98,404.98,1548744
ITC,2025-11-11,404.85,406.85,397.16,402.45,402.45,4342708
ITC,2025-11-12,403.33,404.05,394.97,396.17,396.17,3508302
ITC,2025-11-13,395.56,397.63,390.59,391.77,391.77,2272515
ITC,2025-11-14,390.79,392.0,387.39,388.26,388.26,1592482
ITC,2025-11-17,389.1,389.66,382.63,382.85,382.85,6388748
ITC,2025-11-18,382.31,384.74,381.56,384.72,384.72,2249548
ITC,2025-11-19,385.34,386.66,379.93,380.23,380.23,4686629
ITC,2025-11-20,378.96,380.16,370.34,378.35,378.35,3256373
ITC,2025-11-21,376.82,383.01,376.69,382.33,382.33,2115203
ITC,2025-11-24,383.2,385.44,380.82,380.86,380.86,1801994
ITC,2025-11-25,381.15,382.75,378.77,381.72,381.72,3774646
ITC,2025-11-26,382.77,383.86,378.26,381.25,381.25,3689067
ITC,2025-11-27,380.64,380.93,379.64,380.06,380.06,1023449
ITC,2025-11-28,379.16,382.31,376.72,378.57,378.57,2761833
ITC,2025-12-01,380.12,380.5,376.21,378.71,378.71,1909357
ITC,2025-12-02,376.98,387.34,375.24,385.22,385.22,1981692
ITC,2025-12-03,386.66,390.82,381.88,383.2,383.2,2548336
ITC,2025-12-04,384.72,385.8,380.23,382.95,382.95,1178435
ITC,2025-12-05,383.94,384.0,379.95,380.37,380.37,1978523
ITC,2025-12-08,379.59,388.32,376.4,383.89,383.89,1838742
ITC,2025-12-09,382.95,389.44,382.53,384.91,384.91,1752899
ITC,2025-12-10,384.67,390.5,381.22,390.27,390.27,2726226
ITC,2025-12-11,388.76,394.89,387.01,391.46,391.46,1441741
ITC,2025-12-12,390.33,402.98,387.88,401.09,401.09,6431068
ITC,2025-12-15,401.87,402.38,392.25,393.79,393.79,3746596
ITC,2025-12-16,394.55,395.34,386.12,386.65,386.65,6296152
ITC,2025-12-17,385.43,385.86,381.76,382.25,382.25,2497068
ITC,2025-12-18,383.03,386.63,374.74,376.23,376.23,2350637
ITC,2025-12-19,376.74,377.76,367.57,368.12,368.12,6624959
ITC,2025-12-22,369.79,374.91,368.15,371.94,371.94,2060908
ITC,2025-12-23,372.58,373.38,369.58,371.54,371.54,1905836
ITC,2025-12-24,372.72,374.38,362.82,366.63,366.63,3701561
ITC,2025-12-25,367.15,367.65,361.83,363.1,363.1,1558893
ITC,2025-12-26,364.17,366.7,357.74,361.73,361.73,2935042
ITC,2025-12-29,360.33,370.78,359.25,369.71,369.71,4143853
ITC,2025-12-30,369.58,372.4,368.84,371.54,371.54,3781325
ITC,2025-12-31,371.49,374.74,371.2,373.24,373.24,3218244
ITC,2026-01-01,372.96,378.4,371.72,377.27,377.27,4410306
ITC,2026-01-02,377.77,380.36,373.31,374.34,374.34,2340754
ITC,2026-01-05,375.05,379.05,374.45,377.31,377.31,1736652
ITC,2026-01-06,377.75,378.83,375.82,376.04,376.04,5075367
ITC,2026-01-07,375.84,380.13,372.53,377.5,377.5,1201971
ITC,2026-01-08,376.67,381.67,376.6,380.78,380.78,1410735
ITC,2026-01-09,382.03,383.48,374.72,377.52,377.52,3125953
ITC,2026-01-12,377.92,378.32,371.84,374.52,374.52,4706604
ITC,2026-01-13,373.38,381.54,373.07,379.84,379.84,3044379
ITC,2026-01-14,379.62,382.76,377.05,382.51,382.51,3577332
ITC,2026-01-15,380.51,384.31,373.37,376.91,376.91,1287512
ITC,2026-01-16,376.95,379.23,369.07,370.48,370.48,2461395
ITC,2026-01-19,370.26,370.45,356.23,357.7,357.7,1924012
ITC,2026-01-20,357.08,360.59,356.29,358.89,358.89,2980311
ITC,2026-01-21,360.6,362.09,357.31,357.94,357.94,1152396
ITC,2026-01-22,356.7,362.96,356.3,361.28,361.28,1520665
ITC,2026-01-23,362.05,364.04,354.32,355.61,355.61,3592123
ITC,2026-01-26,357.94,359.35,352.63,353.91,353.91,3467119
ITC,2026-01-27,355.06,355.7,345.78,351.28,351.28,2277887
ITC,2026-01-28,351.24,353.22,346.05,346.55,346.55,3501942
ITC,2026-01-29,345.38,345.74,343.99,345.06,345.06,2776758
ITC,2026-01-30,343.65,347.8,342.81,345.68,345.68,1916347
ITC,2026-02-02,345.25,359.18,345.18,358.27,358.27,2652847
ITC,2026-02-03,357.53,358.15,354.93,356.54,356.54,2845503
ITC,2026-02-04,355.77,363.28,355.6,362.47,362.47,3786970
ITC,2026-02-05,362.11,362.62,354.4,357.64,357.64,3976426
ITC,2026-02-06,357.53,360.09,351.38,353.77,353.77,2978187
ITC,2026-02-09,354.29,354.4,353.2,353.45,353.45,1276484
ITC,2026-02-10,352.14,353.26,347.21,347.63,347.63,3916112
ITC,2026-02-11,346.91,347.79,340.98,347.7,347.7,1993682
ITC,2026-02-12,347.53,347.79,343.07,343.74,343.74,2195280
ITC,2026-02-13,343.54,347.09,335.35,338.1,338.1,2638162
ITC,2026-02-16,339.96,345.66,339.51,343.18,343.18,2178205
ITC,2026-02-17,343.42,343.58,338.63,338.94,338.94,3884353
ITC,2026-02-18,337.3,337.74,329.61,330.99,330.99,1925348
ITC,2026-02-19,331.4,335.83,328.63,334.42,334.42,1745005
ITC,2026-02-20,334.97,335.6,334.92,335.26,335.26,1868271
ITC,2026-02-23,335.13,339.99,330.54,339.36,339.36,5160517
ITC,2026-02-24,338.12,339.85,336.27,336.74,336.74,3725290
ITC,2026-02-25,338.51,340.04,332.96,335.6,335.6,1133272
ITC,2026-02-26,334.52,341.77,333.39,339.51,339.51,4587456
ITC,2026-02-27,340.18,344.09,339.42,342.08,342.08,4171978
ITC,2026-03-02,342.29,344.16,341.07,343.97,343.97,1444980
ITC,2026-03-03,344.59,348.11,342.64,346.06,346.06,854250
ITC,2026-03-04,347.83,351.69,347.21,348.89,348.89,2397805
ITC,2026-03-05,349.48,357.98,349.14,354.87,354.87,4688038
ITC,2026-03-06,354.27,356.64,353.32,356.08,356.08,4129948
ITC,2026-03-09,357.26,358.78,351.35,353.07,353.07,1755371
ITC,2026-03-10,352.4,354.03,343.93,345.26,345.26,6676786
ITC,2026-03-11,345.43,353.84,343.01,350.9,350.9,1208497
ITC,2026-03-12,349.54,356.36,348.85,354.81,354.81,2279410
ITC,2026-03-13,353.71,356.52,350.52,353.07,353.07,1925344
ITC,2026-03-16,353.12,361.2,350.23,356.89,356.89,4160308
ITC,2026-03-17,357.29,359.57,352.08,355.04,355.04,3853553
ITC,2026-03-18,353.23,359.74,350.65,358.64,358.64,3784011
ITC,2026-03-19,359.18,361.4,356.73,356.75,356.75,1338586
ITC,2026-03-20,355.87,360.46,353.3,359.38,359.38,3415917
ITC,2026-03-23,360.76,361.36,355.93,357.22,357.22,2869354
ITC,2026-03-24,356.84,357.55,350.4,351.41,351.41,1516100
ITC,2026-03-25,350.22,352.24,349.77,350.68,350.68,921387
ITC,2026-03-26,350.76,353.87,349.55,352.67,352.67,3514357
ITC,2026-03-27,351.71,360.59,350.7,358.19,358.19,2703305
ITC,2026-03-30,359.55,360.38,356.63,357.78,357.78,1226236
ITC,2026-03-31,357.78,358.93,348.64,351.48,351.48,2796421
ITC,2026-04-01,351.32,351.63,340.8,341.97,341.97,4180194
ITC,2026-04-02,342.58,351.88,340.16,349.07,349.07,3099379
ITC,2026-04-03,348.01,348.54,343.45,343.63,343.63,1567276
ITC,2026-04-06,342.31,347.62,340.79,346.14,346.14,5132928
ITC,2026-04-07,346.56,347.82,338.69,341.22,341.22,4234947
ITC,2026-04-08,340.09,341.7,338.82,340.02,340.02,1917428
ITC,2026-04-09,338.9,346.55,336.01,344.14,344.14,2398876
ITC,2026-04-10,345.0,345.04,335.87,338.72,338.72,3378769
ITC,2026-04-13,339.26,345.49,339.14,344.33,344.33,1883024
ITC,2026-04-14,343.03,344.53,339.95,343.69,343.69,2380998
ITC,2026-04-15,343.05,345.76,338.34,344.7,344.7,1267166
ITC,2026-04-16,343.77,346.58,342.97,345.96,345.96,2138170
ITC,2026-04-17,347.8,352.63,347.13,349.48,349.48,1619482
ITC,2026-04-20,350.43,358.45,348.42,358.01,358.01,2184870
ITC,2026-04-21,357.56,361.06,355.81,357.31,357.31,4052553
ITC,2026-04-22,357.93,362.58,355.12,362.14,362.14,2847746
ITC,2026-04-23,360.67,365.09,358.13,359.56,359.56,2616959
ITC,2026-04-24,358.83,365.76,358.15,362.95,362.95,1136859
ITC,2026-04-27,363.07,365.29,360.48,365.23,365.23,1854394
ITC,2026-04-28,365.72,366.22,357.67,359.11,359.11,3592884
ITC,2026-04-29,359.01,360.39,358.96,360.18,360.18,2334511
ITC,2026-04-30,360.45,361.23,359.84,360.81,360.81,881485
ITC,2026-05-01,360.9,365.79,360.58,363.3,363.3,2598308
ITC,2026-05-04,363.12,369.03,362.57,368.84,368.84,3338839
ITC,2026-05-05,368.52,371.34,365.69,367.61,367.61,3647184
ITC,2026-05-06,367.14,367.4,365.08,366.82,366.82,1624032
ITC,2026-05-07,367.07,367.84,360.22,363.47,363.47,1031103
ITC,2026-05-08,363.92,365.38,360.76,361.97,361.97,1496277
ITC,2026-05-11,362.18,366.13,360.23,361.43,361.43,1335351
ITC,2026-05-12,360.15,365.28,359.22,364.67,364.67,3375828
ITC,2026-05-13,363.58,368.06,360.84,360.86,360.86,879813
ITC,2026-05-14,361.29,370.25,357.98,369.23,369.23,2797869
ITC,2026-05-15,370.86,372.39,356.71,359.51,359.51,6314166
ITC,2026-05-18,359.68,360.57,355.5,357.18,357.18,2377641
ITC,2026-05-19,356.74,357.26,348.69,353.22,353.22,3785524
ITC,2026-05-20,353.46,361.59,350.47,359.47,359.47,1568803
ITC,2026-05-21,358.24,362.56,352.22,353.0,353.0,1613893
ITC,2026-05-22,354.38,357.57,354.32,354.41,354.41,3945374
ITC,2026-05-25,354.61,356.32,347.05,351.67,351.67,2545573
ITC,2026-05-26,350.96,351.04,346.03,349.86,349.86,2386715
ITC,2026-05-27,349.68,359.32,349.68,358.87,358.87,2235287
ITC,2026-05-28,358.3,362.2,354.07,360.57,360.57,2357421
ITC,2026-05-29,361.99,365.14,355.21,356.7,356.7,1659590
ITC,2026-06-01,356.49,363.91,354.64,361.47,361.47,4455794
ITC,2026-06-02,361.64,361.74,360.1,361.14,361.14,6064816
ITC,2026-06-03,361.76,362.39,358.95,359.07,359.07,2820550
ITC,2026-06-04,358.27,361.43,352.96,355.55,355.55,1992518
ITC,2026-06-05,355.76,355.84,354.99,355.73,355.73,730150
ITC,2026-06-08,356.02,356.7,352.07,353.53,353.53,1198159
ITC,2026-06-09,351.89,355.46,348.89,352.98,352.98,3867272
ITC,2026-06-10,353.25,354.03,346.54,346.63,346.63,2028446
ITC,2026-06-11,346.59,349.55,344.32,348.88,348.88,2040069
ITC,2026-06-12,349.01,350.3,344.21,345.63,345.63,3300297
ITC,2026-06-15,345.66,347.59,339.15,342.03,342.03,4712333
ITC,2026-06-16,342.3,349.78,341.74,345.83,345.83,2437158
ITC,2026-06-17,347.22,351.36,344.21,345.12,345.12,1791236
ITC,2026-06-18,343.89,348.72,343.62,348.71,348.71,2674708
ITC,2026-06-19,348.35,353.94,347.3,353.73,353.73,2204241
ITC,2026-06-22,354.44,355.3,351.6,351.6,351.6,1861475
ITC,2026-06-23,352.11,356.98,351.18,355.83,355.83,3176515
ITC,2026-06-24,356.32,358.29,349.73,351.76,351.76,2873602
ITC,2026-06-25,354.66,356.67,354.23,356.66,356.66,6582162
ITC,2026-06-26,357.31,358.26,352.15,355.34,355.34,2625592
ITC,2026-06-29,356.55,359.86,349.34,352.9,352.9,3791987
ITC,2026-06-30,352.57,355.99,348.92,355.29,355.29,1553825
ITC,2026-07-01,354.24,358.89,352.92,358.78,358.78,3161770
ITC,2026-07-02,358.44,365.97,355.96,360.62,360.62,1713018
ITC,2026-07-03,361.39,362.61,360.74,362.19,362.19,2625506
ITC,2026-07-06,362.63,363.84,362.27,362.56,362.56,2692571
ITC,2026-07-07,363.0,370.63,362.86,369.2,369.2,3122821
ITC,2026-07-08,368.96,375.59,367.99,373.95,373.95,7184629
ITC,2026-07-09,373.53,377.62,373.17,376.96,376.96,4355736
ITC,2026-07-10,376.76,377.2,370.0,376.12,376.12,3388528
ITC,2026-07-13,376.93,377.16,376.16,376.89,376.89,2857531
ITC,2026-07-14,377.84,379.15,372.63,373.58,373.58,5076843
ITC,2026-07-15,372.45,374.52,368.79,373.79,373.79,1134827
ITC,2026-07-16,374.64,379.2,366.09,369.83,369.83,4526815
ITC,2026-07-17,369.11,371.79,364.1,367.1,367.1,1629912
ITC,2026-07-20,367.62,376.06,366.84,375.37,375.37,2639801
ITC,2026-07-21,375.16,377.08,371.21,374.73,374.73,2609570
ITC,2026-07-22,376.49,378.45,369.43,372.83,372.83,3743078
ITC,2026-07-23,372.36,375.29,370.1,374.71,374.71,1438704
ITC,2026-07-24,374.91,377.04,366.96,367.73,367.73,2525946
ITC,2026-07-27,368.4,371.69,365.68,366.04,366.04,2346532
ITC,2026-07-28,365.08,368.54,362.06,366.85,366.85,1961342
ITC,2026-07-29,366.77,367.83,353.67,356.26,356.26,5241968
ITC,2026-07-30,355.97,360.63,349.92,352.37,352.37,10418579
ITC,2026-07-31,351.82,356.91,350.86,356.7,356.7,3204749
ITC,2026-08-03,356.23,367.58,355.48,363.6,363.6,2326911
ITC,2026-08-04,364.81,365.27,357.84,359.49,359.49,1582689
ITC,2026-08-05,358.85,362.81,357.09,362.27,362.27,2143054
ITC,2026-08-06,362.89,364.21,362.47,363.55,363.55,1504580
ITC,2026-08-07,363.89,368.4,363.12,366.33,366.33,2937719
ITC,2026-08-10,364.8,367.77,361.99,364.47,364.47,2738363
ITC,2026-08-11,365.04,367.31,357.57,361.18,361.18,2096378
ITC,2026-08-12,359.64,360.47,358.03,359.71,359.71,4919877
ITC,2026-08-13,360.39,370.22,359.82,368.19,368.19,2510185
ITC,2026-08-14,367.63,370.81,366.86,370.52,370.52,2248161
ITC,2026-08-17,370.53,378.86,369.45,377.74,377.74,4041516
ITC,2026-08-18,376.27,378.55,374.4,375.57,375.57,3321819
ITC,2026-08-19,375.71,378.2,367.78,371.98,371.98,4257760
ITC,2026-08-20,373.02,375.51,372.07,374.5,374.5,2830148
ITC,2026-08-21,373.6,376.38,372.4,375.9,375.9,3356778
ITC,2026-08-24,375.22,382.96,371.26,380.21,380.21,2038717
ITC,2026-08-25,380.73,382.77,378.22,379.24,379.24,3080694
ITC,2026-08-26,379.79,385.24,379.59,384.96,384.96,4124520
ITC,2026-08-27,382.14,383.69,379.27,383.62,383.62,4011419
ITC,2026-08-28,385.93,389.44,385.54,387.19,387.19,1300331
ITC,2026-08-31,387.8,398.52,384.34,396.81,396.81,2395412
ITC,2026-09-01,397.64,407.11,395.86,404.53,404.53,4347010
ITC,2026-09-02,404.35,410.67,403.33,409.55,409.55,941015
ITC,2026-09-03,407.27,412.08,402.67,403.34,403.34,3522038
ITC,2026-09-04,404.15,406.87,403.91,404.42,404.42,3272450
ITC,2026-09-07,403.73,416.16,401.88,411.56,411.56,2401671
ITC,2026-09-08,412.23,413.27,407.76,410.55,410.55,1791898
ITC,2026-09-09,410.28,414.72,407.04,407.54,407.54,1575233
ITC,2026-09-10,407.83,415.49,406.12,415.41,415.41,2533058
ITC,2026-09-11,414.45,421.74,410.02,417.63,417.63,1888393
ITC,2026-09-14,418.71,435.6,416.99,431.27,431.27,2963247
ITC,2026-09-15,429.73,434.84,425.41,430.18,430.18,1587842
ITC,2026-09-16,433.08,433.86,430.45,430.75,430.75,1849932
ITC,2026-09-17,433.65,440.71,430.62,438.11,438.11,2669514
ITC,2026-09-18,440.25,443.4,425.28,428.96,428.96,6851164
ITC,2026-09-21,430.6,430.9,425.1,428.08,428.08,1798668
ITC,2026-09-22,427.97,431.12,420.72,424.92,424.92,2779798
ITC,2026-09-23,426.41,429.68,426.07,428.14,428.14,1930727
ITC,2026-09-24,428.02,436.7,426.96,434.84,434.84,2295011
ITC,2026-09-25,432.81,440.49,428.9,438.64,438.64,1264353
ITC,2026-09-28,440.61,446.55,433.8,435.18,435.18,1308757
ITC,2026-09-29,436.65,439.93,431.43,437.96,437.96,1457162
ITC,2026-09-30,437.91,458.43,435.19,456.17,456.17,4742992
ITC,2026-10-01,454.5,456.35,452.93,456.13,456.13,3057445
ITC,2026-10-02,455.33,455.88,452.7,454.89,454.89,1049757
ITC,2026-10-05,452.4,452.79,446.5,450.0,450.0,2107828
LT,2025-10-21,4661.98,4717.45,4625.16,4672.75,4672.75,3141945
LT,2025-10-22,4672.85,4752.91,4667.58,4740.31,4740.31,2458949
LT,2025-10-23,4736.35,4757.13,4707.27,4743.69,4743.69,6846942
LT,2025-10-24,4734.99,4788.33,4734.52,4739.77,4739.77,1621228
LT,2025-10-27,4762.38,4797.48,4752.41,4796.26,4796.26,1872517
LT,2025-10-28,4802.24,4836.22,4793.15,4817.24,4817.24,1487346
LT,2025-10-29,4811.71,4835.85,4708.4,4724.39,4724.39,2886318
LT,2025-10-30,4726.46,4729.53,4668.42,4684.25,4684.25,1251787
LT,2025-10-31,4669.82,4696.61,4589.27,4603.01,4603.01,3401497
LT,2025-11-03,4596.98,4617.15,4581.26,4590.8,4590.8,999068
LT,2025-11-04,4586.39,4660.49,4540.87,4629.58,4629.58,2648994
LT,2025-11-05,4612.26,4639.5,4526.07,4538.5,4538.5,1843252
LT,2025-11-06,4543.78,4586.58,4514.78,4535.66,4535.66,1734244
LT,2025-11-07,4528.78,4579.49,4522.96,4574.83,4574.83,3176536
LT,2025-11-10,4569.95,4626.17,4565.81,4589.62,4589.62,5465966
LT,2025-11-11,4581.79,4672.95,4529.86,4654.41,4654.41,1830035
LT,2025-11-12,4695.73,4717.72,4644.59,4646.85,4646.85,1958167
LT,2025-11-13,4637.61,4681.3,4613.28,4627.57,4627.57,1669521
LT,2025-11-14,4598.85,4676.28,4581.27,4640.61,4640.61,1518263
LT,2025-11-17,4618.33,4672.24,4587.41,4590.64,4590.64,1973308
LT,2025-11-18,4601.1,4618.21,4505.64,4559.74,4559.74,3315665
LT,2025-11-19,4578.02,4584.3,4329.57,4363.0,4363.0,3789279
LT,2025-11-20,4354.08,4411.63,4343.34,4375.27,4375.27,5286151
LT,2025-11-21,4392.06,4400.18,4317.13,4348.53,4348.53,2772422
LT,2025-11-24,4358.2,4372.65,4328.13,4348.68,4348.68,1325184
LT,2025-11-25,4346.21,4351.73,4215.04,4220.9,4220.9,3244317
LT,2025-11-26,4217.6,4218.98,4180.26,4197.38,4197.38,1679860
LT,2025-11-27,4199.66,4214.44,4187.36,4202.54,4202.54,2831275
LT,2025-11-28,4213.61,4216.07,4147.37,4168.01,4168.01,1284196
LT,2025-12-01,4172.98,4210.78,4128.09,4187.28,4187.28,1320124
LT,2025-12-02,4178.78,4283.01,4152.64,4214.15,4214.15,1865250
LT,2025-12-03,4211.95,4216.75,4154.88,4206.99,4206.99,2738486
LT,2025-12-04,4232.0,4262.53,4179.74,4202.37,4202.37,3354158
LT,2025-12-05,4205.53,4297.33,4167.48,4249.65,4249.65,4600372
LT,2025-12-08,4260.73,4280.63,4208.13,4261.91,4261.91,2662599
LT,2025-12-09,4268.81,4313.91,4262.8,4270.73,4270.73,2037120
LT,2025-12-10,4274.24,4282.9,4257.86,4278.56,4278.56,2874362
LT,2025-12-11,4279.96,4318.69,4274.27,4318.61,4318.61,1605069
LT,2025-12-12,4330.24,4343.99,4309.58,4321.85,4321.85,969362
LT,2025-12-15,4331.17,4331.25,4238.6,4278.72,4278.72,3071618
LT,2025-12-16,4282.11,4302.21,4229.49,4244.07,4244.07,1649541
LT,2025-12-17,4235.24,4248.33,4176.58,4212.85,4212.85,2359517
LT,2025-12-18,4217.72,4245.87,4134.19,4160.29,4160.29,2863321
LT,2025-12-19,4159.45,4172.64,4026.71,4044.89,4044.89,4037497
LT,2025-12-22,4041.15,4086.52,4040.83,4086.24,4086.24,3765591
LT,2025-12-23,4119.08,4129.59,4112.08,4120.68,4120.68,3462221
LT,2025-12-24,4101.66,4115.6,3991.02,4006.05,4006.05,3958025
LT,2025-12-25,4017.57,4029.74,3990.98,3992.83,3992.83,1826201
LT,2025-12-26,3982.49,4065.9,3967.97,4046.95,4046.95,2906322
LT,2025-12-29,4048.55,4125.21,4000.9,4097.42,4097.42,2142814
LT,2025-12-30,4128.99,4173.33,4125.86,4141.33,4141.33,2419125
LT,2025-12-31,4129.38,4215.48,4128.35,4191.48,4191.48,7690901
LT,2026-01-01,4182.38,4243.74,4144.05,4209.01,4209.01,2399705
LT,2026-01-02,4208.79,4222.62,4177.02,4190.83,4190.83,2682299
LT,2026-01-05,4180.18,4220.73,4099.22,4132.05,4132.05,2128861
LT,2026-01-06,4143.01,4183.26,4127.91,4134.12,4134.12,3026523
LT,2026-01-07,4127.49,4145.76,4040.8,4067.06,4067.06,4005945
LT,2026-01-08,4075.04,4092.37,4064.67,4073.5,4073.5,2822845
LT,2026-01-09,4057.25,4131.16,4054.89,4076.09,4076.09,2201993
LT,2026-01-12,4053.99,4138.77,4018.76,4081.6,4081.6,3120151
LT,2026-01-13,4078.79,4130.77,4077.37,4119.3,4119.3,4207050
LT,2026-01-14,4099.91,4216.7,4069.58,4195.34,4195.34,3439037
LT,2026-01-15,4214.45,4222.98,4135.1,4165.95,4165.95,2293381
LT,2026-01-16,4146.83,4220.82,4140.74,4189.66,4189.66,3318490
LT,2026-01-19,4176.61,4177.6,4100.8,4110.35,4110.35,2172790
LT,2026-01-20,4115.45,4146.35,4098.22,4143.07,4143.07,1841705
LT,2026-01-21,4135.78,4201.28,4129.63,4194.37,4194.37,2657503
LT,2026-01-22,4175.27,4250.82,4164.16,4237.54,4237.54,1291510
LT,2026-01-23,4263.47,4328.3,4252.4,4314.14,4314.14,4244670
LT,2026-01-26,4301.18,4374.08,4275.97,4366.97,4366.97,1841519
LT,2026-01-27,4364.4,4384.68,4272.15,4314.76,4314.76,2234427
LT,2026-01-28,4312.06,4336.72,4256.74,4263.45,4263.45,2474045
LT,2026-01-29,4272.54,4300.32,4259.57,4283.53,4283.53,2298056
LT,2026-01-30,4289.47,4330.54,4242.16,4302.16,4302.16,1953064
LT,2026-02-02,4291.49,4353.88,4242.96,4324.59,4324.59,2231184
LT,2026-02-03,4320.36,4364.42,4243.21,4294.51,4294.51,2341472
LT,2026-02-04,4291.58,4331.15,4267.38,4331.04,4331.04,2079516
LT,2026-02-05,4340.78,4416.27,4267.94,4282.57,4282.57,1946675
LT,2026-02-06,4267.56,4449.59,4245.26,4416.04,4416.04,5869382
LT,2026-02-09,4442.77,4457.55,4420.13,4440.34,4440.34,995139
LT,2026-02-10,4430.22,4445.46,4420.8,4434.17,4434.17,1902322
LT,2026-02-11,4434.05,4507.18,4400.02,4487.59,4487.59,2234175
LT,2026-02-12,4471.97,4508.69,4451.67,4451.68,4451.68,2909335
LT,2026-02-13,4434.34,4550.03,4430.93,4512.94,4512.94,1562659
LT,2026-02-16,4501.1,4505.63,4384.47,4425.3,4425.3,2578636
LT,2026-02-17,4412.42,4414.82,4351.02,4367.91,4367.91,2648493
LT,2026-02-18,4362.48,4375.51,4355.67,4374.89,4374.89,3187589
LT,2026-02-19,4362.04,4481.86,4349.87,4451.29,4451.29,3440790
LT,2026-02-20,4460.58,4489.69,4454.29,4469.44,4469.44,1385774
LT,2026-02-23,4458.94,4504.61,4431.78,4436.59,4436.59,1992564
LT,2026-02-24,4424.7,4468.26,4423.48,4459.62,4459.62,3265081
LT,2026-02-25,4454.36,4508.98,4421.75,4442.72,4442.72,1366250
LT,2026-02-26,4455.95,4482.62,4450.63,4474.54,4474.54,2332764
LT,2026-02-27,4477.43,4554.95,4438.33,4522.75,4522.75,2610607
LT,2026-03-02,4521.39,4537.1,4471.14,4486.46,4486.46,2109885
LT,2026-03-03,4467.17,4495.11,4414.61,4436.15,4436.15,7800717
LT,2026-03-04,4420.94,4437.39,4359.1,4394.01,4394.01,2162250
LT,2026-03-05,4377.16,4509.51,4350.31,4445.22,4445.22,3198661
LT,2026-03-06,4462.65,4478.4,4363.11,4370.54,4370.54,2201145
LT,2026-03-09,4377.49,4387.95,4318.15,4320.65,4320.65,3292118
LT,2026-03-10,4309.48,4320.81,4166.42,4220.43,4220.43,4786706
LT,2026-03-11,4213.28,4368.33,4203.58,4343.4,4343.4,2917602
LT,2026-03-12,4332.65,4497.52,4302.25,4495.86,4495.86,3947606
LT,2026-03-13,4483.91,4530.16,4432.33,4444.37,4444.37,1864928
LT,2026-03-16,4450.5,4464.68,4440.64,4445.05,4445.05,1260280
LT,2026-03-17,4441.22,4488.61,4413.42,4451.03,4451.03,3122932
LT,2026-03-18,4478.82,4494.76,4382.42,4403.44,4403.44,2101031
LT,2026-03-19,4419.96,4457.09,4392.86,4456.22,4456.22,1024964
LT,2026-03-20,4473.73,4488.29,4383.65,4457.81,4457.81,4060264
LT,2026-03-23,4466.79,4473.79,4387.87,4433.99,4433.99,1669756
LT,2026-03-24,4428.37,4437.83,4377.05,4393.82,4393.82,2287182
LT,2026-03-25,4401.7,4446.34,4336.7,4440.82,4440.82,5042386
LT,2026-03-26,4436.18,4454.85,4290.1,4310.33,4310.33,3549756
LT,2026-03-27,4331.41,4345.56,4285.58,4336.84,4336.84,2198948
LT,2026-03-30,4342.1,4385.95,4339.08,4339.27,4339.27,1233515
LT,2026-03-31,4342.68,4364.62,4325.24,4332.4,4332.4,1080012
LT,2026-04-01,4334.05,4366.17,4290.22,4307.11,4307.11,2180902
LT,2026-04-02,4329.6,4364.93,4301.67,4359.23,4359.23,3119740
LT,2026-04-03,4340.48,4357.36,4271.25,4273.49,4273.49,3575846
LT,2026-04-06,4297.05,4348.89,4290.85,4327.1,4327.1,2247308
LT,2026-04-07,4324.68,4370.73,4227.13,4240.43,4240.43,3212134
LT,2026-04-08,4222.55,4288.96,4216.05,4286.6,4286.6,1259730
LT,2026-04-09,4276.93,4335.1,4268.2,4323.17,4323.17,2990931
LT,2026-04-10,4301.76,4303.1,4235.34,4261.86,4261.86,3021281
LT,2026-04-13,4270.22,4304.65,4214.83,4246.93,4246.93,4826195
LT,2026-04-14,4233.7,4254.58,4204.65,4232.17,4232.17,2196342
LT,2026-04-15,4234.31,4286.37,4228.21,4232.48,4232.48,1362877
LT,2026-04-16,4246.88,4267.53,4171.57,4225.82,4225.82,2034744
LT,2026-04-17,4217.3,4247.59,4213.55,4233.95,4233.95,1839330
LT,2026-04-20,4230.54,4288.66,4211.3,4243.88,4243.88,2525221
LT,2026-04-21,4227.29,4231.31,4186.19,4189.45,4189.45,2780283
LT,2026-04-22,4184.57,4215.47,4119.3,4135.95,4135.95,1659681
LT,2026-04-23,4167.89,4199.48,4083.01,4083.52,4083.52,1425162
LT,2026-04-24,4093.05,4150.42,4049.61,4075.02,4075.02,2340249
LT,2026-04-27,4071.79,4120.02,4040.5,4099.41,4099.41,4064893
LT,2026-04-28,4091.88,4094.02,4043.83,4073.72,4073.72,2432683
LT,2026-04-29,4073.2,4189.6,4049.5,4159.18,4159.18,4454805
LT,2026-04-30,4160.8,4161.84,4076.45,4076.46,4076.46,4764933
LT,2026-05-01,4071.33,4175.87,4048.02,4172.52,4172.52,3747616
LT,2026-05-04,4179.16,4269.26,4156.23,4231.45,4231.45,2033646
LT,2026-05-05,4219.34,4313.26,4199.22,4241.35,4241.35,2294228
LT,2026-05-06,4229.16,4277.18,4221.47,4264.51,4264.51,3738266
LT,2026-05-07,4269.24,4281.91,4195.8,4214.11,4214.11,3325049
LT,2026-05-08,4199.33,4229.33,4164.74,4204.89,4204.89,2850327
LT,2026-05-11,4214.08,4259.95,4174.11,4184.78,4184.78,1884751
LT,2026-05-12,4184.6,4277.74,4138.48,4249.02,4249.02,2664328
LT,2026-05-13,4225.72,4256.18,4136.31,4149.47,4149.47,3235620
LT,2026-05-14,4150.84,4168.91,4133.49,4163.57,4163.57,2140103
LT,2026-05-15,4142.52,4189.28,4084.41,4099.84,4099.84,4627385
LT,2026-05-18,4108.37,4130.59,4036.96,4076.59,4076.59,907682
LT,2026-05-19,4073.55,4113.51,4035.87,4037.4,4037.4,2588765
LT,2026-05-20,4059.82,4079.39,4014.95,4017.0,4017.0,2212561
LT,2026-05-21,4029.91,4045.23,4002.72,4045.15,4045.15,1385538
LT,2026-05-22,4032.28,4187.9,4027.86,4176.75,4176.75,5085327
LT,2026-05-25,4151.43,4182.57,4147.04,4176.03,4176.03,1491603
LT,2026-05-26,4166.57,4204.55,4087.91,4110.08,4110.08,2539759
LT,2026-05-27,4095.02,4220.09,4058.85,4201.86,4201.86,6905734
LT,2026-05-28,4224.87,4241.22,4185.32,4192.5,4192.5,3168512
LT,2026-05-29,4192.37,4223.29,4102.0,4122.51,4122.51,3755067
LT,2026-06-01,4134.05,4176.2,4125.26,4126.88,4126.88,2382482
LT,2026-06-02,4123.36,4233.82,4087.05,4213.52,4213.52,3013306
LT,2026-06-03,4211.24,4257.24,4171.42,4213.31,4213.31,4417945
LT,2026-06-04,4212.9,4264.02,4094.46,4136.4,4136.4,4243363
LT,2026-06-05,4150.13,4162.9,4099.33,4118.35,4118.35,1661839
LT,2026-06-08,4122.2,4221.7,4100.79,4195.72,4195.72,1764875
LT,2026-06-09,4182.41,4259.78,4164.25,4169.08,4169.08,2962672
LT,2026-06-10,4189.37,4227.51,4179.31,4222.57,4222.57,2680474
LT,2026-06-11,4218.86,4246.76,4169.69,4188.42,4188.42,1392262
LT,2026-06-12,4182.7,4327.06,4162.27,4303.19,4303.19,4262281
LT,2026-06-15,4266.66,4297.89,4209.59,4227.51,4227.51,2728182
LT,2026-06-16,4235.56,4243.03,4135.37,4140.08,4140.08,3988728
LT,2026-06-17,4141.34,4204.36,4075.89,4098.12,4098.12,3089027
LT,2026-06-18,4099.35,4109.51,4018.06,4046.37,4046.37,2147190
LT,2026-06-19,4041.48,4087.15,4033.67,4038.47,4038.47,2703711
LT,2026-06-22,4031.5,4071.18,4025.59,4043.75,4043.75,1688404
LT,2026-06-23,4039.27,4067.93,4011.01,4021.09,4021.09,1948585
LT,2026-06-24,4026.68,4038.14,4002.25,4002.46,4002.46,1825883
LT,2026-06-25,4010.13,4063.55,3996.99,4050.88,4050.88,4241506
LT,2026-06-26,4048.07,4053.34,4013.76,4044.06,4044.06,1861866
LT,2026-06-29,4055.57,4106.81,4042.45,4100.85,4100.85,4869566
LT,2026-06-30,4099.88,4128.1,4089.34,4096.52,4096.52,4174876
LT,2026-07-01,4090.33,4105.6,4019.91,4058.67,4058.67,1886449
LT,2026-07-02,4061.08,4101.07,3954.37,3971.38,3971.38,1018403
LT,2026-07-03,3955.18,4018.73,3942.93,3975.09,3975.09,3095422
LT,2026-07-06,3977.86,3980.77,3916.06,3923.61,3923.61,2405483
LT,2026-07-07,3905.46,3936.55,3891.41,3931.57,3931.57,1487387
LT,2026-07-08,3919.45,4005.65,3906.49,3999.11,3999.11,2367415
LT,2026-07-09,3974.89,3990.39,3891.71,3941.07,3941.07,2416257
LT,2026-07-10,3939.0,4021.52,3921.33,3976.53,3976.53,4226406
LT,2026-07-13,3995.73,3999.58,3913.95,3952.35,3952.35,2500492
LT,2026-07-14,3950.96,3991.87,3926.06,3986.3,3986.3,4163368
LT,2026-07-15,3994.0,3998.72,3937.52,3954.21,3954.21,3001977
LT,2026-07-16,3982.12,4023.95,3958.84,3999.88,3999.88,2355702
LT,2026-07-17,4004.73,4018.57,3948.75,3950.97,3950.97,2322254
LT,2026-07-20,3941.9,3962.32,3912.27,3951.84,3951.84,2498540
LT,2026-07-21,3944.4,3991.79,3907.96,3974.24,3974.24,3219730
LT,2026-07-22,3974.24,4017.75,3866.28,3878.01,3878.01,5126304
LT,2026-07-23,3870.65,3912.15,3754.61,3803.48,3803.48,2825526
LT,2026-07-24,3797.11,3798.84,3761.61,3769.67,3769.67,2696393
LT,2026-07-27,3780.81,3790.17,3743.78,3785.68,3785.68,2822936
LT,2026-07-28,3797.33,3810.54,3755.04,3778.92,3778.92,1791626
LT,2026-07-29,3760.25,3817.74,3718.76,3817.29,3817.29,1640885
LT,2026-07-30,3807.92,3821.21,3759.69,3776.8,3776.8,1895591
LT,2026-07-31,3771.54,3832.57,3759.77,3804.14,3804.14,2190193
LT,2026-08-03,3810.98,3842.17,3808.64,3841.93,3841.93,3350272
LT,2026-08-04,3855.1,3886.12,3732.83,3737.11,3737.11,6003342
LT,2026-08-05,3767.4,3776.15,3719.92,3746.46,3746.46,1239089
LT,2026-08-06,3741.23,3792.4,3740.99,3750.14,3750.14,1607291
LT,2026-08-07,3745.46,3753.29,3713.47,3735.97,3735.97,1913415
LT,2026-08-10,3742.57,3775.55,3728.39,3728.83,3728.83,2881043
LT,2026-08-11,3721.2,3729.77,3659.93,3678.25,3678.25,2262967
LT,2026-08-12,3676.69,3702.44,3649.17,3682.67,3682.67,1729798
LT,2026-08-13,3678.08,3720.1,3660.22,3715.03,3715.03,1423015
LT,2026-08-14,3685.81,3722.21,3619.12,3627.66,3627.66,4123342
LT,2026-08-17,3629.0,3669.23,3621.52,3654.49,3654.49,2269647
LT,2026-08-18,3652.49,3685.39,3600.59,3617.96,3617.96,1986293
LT,2026-08-19,3631.76,3668.69,3533.44,3580.94,3580.94,2338737
LT,2026-08-20,3581.0,3583.53,3537.54,3546.47,3546.47,4015090
LT,2026-08-21,3533.12,3577.23,3514.09,3565.25,3565.25,1536587
LT,2026-08-24,3562.49,3616.51,3547.76,3606.98,3606.98,1910286
LT,2026-08-25,3584.35,3617.38,3568.09,3604.35,3604.35,3343453
LT,2026-08-26,3591.26,3630.65,3569.97,3630.39,3630.39,2485114
LT,2026-08-27,3637.31,3692.22,3633.97,3686.17,3686.17,3777680
LT,2026-08-28,3683.44,3707.16,3560.56,3611.65,3611.65,3755110
LT,2026-08-31,3621.65,3697.92,3605.37,3688.18,3688.18,3184744
LT,2026-09-01,3666.42,3695.49,3629.59,3632.56,3632.56,2511340
LT,2026-09-02,3629.91,3648.32,3596.59,3604.36,3604.36,3411733
LT,2026-09-03,3599.21,3601.13,3541.86,3579.47,3579.47,3812479
LT,2026-09-04,3589.73,3663.67,3565.56,3661.09,3661.09,5128396
LT,2026-09-07,3668.47,3773.73,3613.21,3705.59,3705.59,1681419
LT,2026-09-08,3712.73,3790.44,3674.2,3760.08,3760.08,4804829
LT,2026-09-09,3777.46,3780.3,3708.49,3742.79,3742.79,1955814
LT,2026-09-10,3738.66,3770.59,3687.24,3695.95,3695.95,2019719
LT,2026-09-11,3710.76,3719.39,3694.98,3697.98,3697.98,1883410
LT,2026-09-14,3686.4,3718.13,3652.08,3710.41,3710.41,3042978
LT,2026-09-15,3698.38,3720.41,3693.51,3701.64,3701.64,2635890
LT,2026-09-16,3710.0,3768.1,3670.1,3757.96,3757.96,2601152
LT,2026-09-17,3741.0,3765.83,3738.05,3761.51,3761.51,2850551
LT,2026-09-18,3767.98,3777.7,3740.03,3752.75,3752.75,2243606
LT,2026-09-21,3753.89,3785.44,3641.52,3680.34,3680.34,2498152
LT,2026-09-22,3692.18,3706.62,3623.03,3653.29,3653.29,1824350
LT,2026-09-23,3652.64,3661.01,3607.53,3609.05,3609.05,3190263
LT,2026-09-24,3609.66,3636.79,3571.61,3635.18,3635.18,2333535
LT,2026-09-25,3640.73,3676.76,3620.54,3664.47,3664.47,1419138
LT,2026-09-28,3657.19,3662.34,3579.12,3606.76,3606.76,4107607
LT,2026-09-29,3599.12,3604.57,3584.72,3587.56,3587.56,1898280
LT,2026-09-30,3592.66,3629.76,3577.64,3582.1,3582.1,3919773
LT,2026-10-01,3581.78,3593.38,3517.91,3528.57,3528.57,1642189
LT,2026-10-02,3524.25,3538.97,3479.93,3496.23,3496.23,2353877
LT,2026-10-05,3495.36,3515.69,3493.71,3500.0,3500.0,1546967
BHARTIARTL,2025-10-21,1446.31,1449.64,1436.26,1446.98,1446.98,1819203
BHARTIARTL,2025-10-22,1448.9,1478.95,1432.91,1477.15,1477.15,3979846
BHARTIARTL,2025-10-23,1479.82,1496.96,1466.39,1485.53,1485.53,2131168
BHARTIARTL,2025-10-24,1490.39,1499.71,1465.31,1473.39,1473.39,2202483
BHARTIARTL,2025-10-27,1468.39,1489.51,1442.22,1443.51,1443.51,6855333
BHARTIARTL,2025-10-28,1444.47,1445.11,1413.32,1418.63,1418.63,2062468
BHARTIARTL,2025-10-29,1417.08,1419.29,1397.31,1397.46,1397.46,4432021
BHARTIARTL,2025-10-30,1397.05,1407.95,1372.39,1377.23,1377.23,1795984
BHARTIARTL,2025-10-31,1380.8,1386.57,1357.13,1363.86,1363.86,3330332
BHARTIARTL,2025-11-03,1367.84,1368.81,1320.83,1325.79,1325.79,4867701
BHARTIARTL,2025-11-04,1331.35,1336.55,1327.13,1328.09,1328.09,1700942
BHARTIARTL,2025-11-05,1329.79,1344.18,1323.51,1335.05,1335.05,1409398
BHARTIARTL,2025-11-06,1334.61,1357.13,1324.51,1354.27,1354.27,1288017
BHARTIARTL,2025-11-07,1353.24,1354.91,1332.41,1339.48,1339.48,2060923
BHARTIARTL,2025-11-10,1332.51,1333.62,1326.13,1326.39,1326.39,3168392
BHARTIARTL,2025-11-11,1331.72,1337.18,1314.62,1321.24,1321.24,1438933
BHARTIARTL,2025-11-12,1319.96,1329.38,1309.5,1316.28,1316.28,2293613
BHARTIARTL,2025-11-13,1318.28,1334.49,1293.82,1299.13,1299.13,1530673
BHARTIARTL,2025-11-14,1301.77,1322.92,1299.77,1314.17,1314.17,2429136
BHARTIARTL,2025-11-17,1309.26,1318.17,1305.17,1312.5,1312.5,1300951
BHARTIARTL,2025-11-18,1308.86,1340.54,1297.75,1317.79,1317.79,2153904
BHARTIARTL,2025-11-19,1323.9,1331.07,1319.9,1325.75,1325.75,1915937
BHARTIARTL,2025-11-20,1326.91,1344.25,1324.97,1329.34,1329.34,1331373
BHARTIARTL,2025-11-21,1327.02,1341.15,1319.86,1336.94,1336.94,1783970
BHARTIARTL,2025-11-24,1336.43,1346.96,1319.24,1322.68,1322.68,1803409
BHARTIARTL,2025-11-25,1326.99,1328.71,1291.58,1293.97,1293.97,1944050
BHARTIARTL,2025-11-26,1297.6,1304.13,1281.44,1287.02,1287.02,3551185
BHARTIARTL,2025-11-27,1281.36,1326.38,1280.95,1311.76,1311.76,2697272
BHARTIARTL,2025-11-28,1318.19,1325.15,1315.09,1322.3,1322.3,1018862
BHARTIARTL,2025-12-01,1326.13,1330.58,1319.38,1326.49,1326.49,1692167
BHARTIARTL,2025-12-02,1325.89,1339.06,1323.96,1326.48,1326.48,2859781
BHARTIARTL,2025-12-03,1321.73,1340.59,1318.03,1337.12,1337.12,1812899
BHARTIARTL,2025-12-04,1341.35,1350.83,1305.54,1311.53,1311.53,5702103
BHARTIARTL,2025-12-05,1313.41,1317.12,1280.03,1292.89,1292.89,2012055
BHARTIARTL,2025-12-08,1287.24,1299.76,1275.37,1287.74,1287.74,2715688
BHARTIARTL,2025-12-09,1286.84,1329.8,1283.61,1324.12,1324.12,5510705
BHARTIARTL,2025-12-10,1336.54,1364.04,1325.97,1356.56,1356.56,4097788
BHARTIARTL,2025-12-11,1356.63,1358.8,1350.88,1353.7,1353.7,1216624
BHARTIARTL,2025-12-12,1350.69,1358.59,1337.2,1356.67,1356.67,1449453
BHARTIARTL,2025-12-15,1352.57,1356.93,1314.69,1325.66,1325.66,5362804
BHARTIARTL,2025-12-16,1332.71,1346.38,1319.84,1322.08,1322.08,1553589
BHARTIARTL,2025-12-17,1325.44,1330.83,1300.54,1317.39,1317.39,3241679
BHARTIARTL,2025-12-18,1322.95,1336.22,1319.71,1325.17,1325.17,1964182
BHARTIARTL,2025-12-19,1326.16,1329.9,1323.23,1326.86,1326.86,2178417
BHARTIARTL,2025-12-22,1331.85,1332.68,1328.36,1329.61,1329.61,1209626
BHARTIARTL,2025-12-23,1326.23,1336.79,1322.81,1335.67,1335.67,1766438
BHARTIARTL,2025-12-24,1336.32,1354.1,1301.88,1315.26,1315.26,2042251
BHARTIARTL,2025-12-25,1316.4,1316.47,1310.64,1314.83,1314.83,2191482
BHARTIARTL,2025-12-26,1320.28,1328.95,1305.03,1310.99,1310.99,2238745
BHARTIARTL,2025-12-29,1312.24,1328.7,1301.39,1323.95,1323.95,3089968
BHARTIARTL,2025-12-30,1321.46,1347.22,1320.65,1345.12,1345.12,2405224
BHARTIARTL,2025-12-31,1345.38,1369.91,1334.04,1369.81,1369.81,2112314
BHARTIARTL,2026-01-01,1362.92,1390.96,1359.13,1384.53,1384.53,2817010
BHARTIARTL,2026-01-02,1374.89,1376.57,1348.03,1355.42,1355.42,2150790
BHARTIARTL,2026-01-05,1358.8,1366.04,1316.14,1324.68,1324.68,5152760
BHARTIARTL,2026-01-06,1323.19,1329.94,1319.15,1323.58,1323.58,1940854
BHARTIARTL,2026-01-07,1322.55,1322.55,1295.66,1298.75,1298.75,2728905
BHARTIARTL,2026-01-08,1301.99,1307.53,1278.27,1290.69,1290.69,2830892
BHARTIARTL,2026-01-09,1296.1,1302.52,1280.6,1281.61,1281.61,2330694
BHARTIARTL,2026-01-12,1283.66,1306.34,1274.4,1297.81,1297.81,1406422
BHARTIARTL,2026-01-13,1305.31,1308.82,1301.98,1308.25,1308.25,1608589
BHARTIARTL,2026-01-14,1310.22,1324.71,1292.84,1323.4,1323.4,4072827
BHARTIARTL,2026-01-15,1324.6,1342.53,1317.19,1326.55,1326.55,2196534
BHARTIARTL,2026-01-16,1327.51,1330.48,1310.8,1311.81,1311.81,1351199
BHARTIARTL,2026-01-19,1306.75,1309.66,1276.05,1301.03,1301.03,2847887
BHARTIARTL,2026-01-20,1304.76,1320.87,1297.59,1307.18,1307.18,1809729
BHARTIARTL,2026-01-21,1297.59,1327.35,1288.52,1322.84,1322.84,1896905
BHARTIARTL,2026-01-22,1320.52,1344.37,1308.37,1335.35,1335.35,1608296
BHARTIARTL,2026-01-23,1335.44,1345.13,1313.0,1314.93,1314.93,4325332
BHARTIARTL,2026-01-26,1311.81,1312.81,1289.92,1300.44,1300.44,1203577
BHARTIARTL,2026-01-27,1298.67,1308.19,1290.77,1292.76,1292.76,1670073
BHARTIARTL,2026-01-28,1299.9,1306.82,1254.04,1254.46,1254.46,3957624
BHARTIARTL,2026-01-29,1258.61,1277.66,1256.29,1270.3,1270.3,5131244
BHARTIARTL,2026-01-30,1267.69,1278.42,1259.38,1272.82,1272.82,2621700
BHARTIARTL,2026-02-02,1271.03,1283.24,1266.7,1281.13,1281.13,1689321
BHARTIARTL,2026-02-03,1276.22,1278.74,1258.76,1261.23,1261.23,5371789
BHARTIARTL,2026-02-04,1263.9,1288.55,1257.68,1280.97,1280.97,1690182
BHARTIARTL,2026-02-05,1280.01,1293.64,1249.2,1260.42,1260.42,3274416
BHARTIARTL,2026-02-06,1252.98,1259.66,1247.36,1254.9,1254.9,2727152
BHARTIARTL,2026-02-09,1255.28,1257.85,1248.12,1248.53,1248.53,1606719
BHARTIARTL,2026-02-10,1250.17,1253.27,1244.44,1249.17,1249.17,2661128
BHARTIARTL,2026-02-11,1252.78,1257.3,1242.09,1257.01,1257.01,1917648
BHARTIARTL,2026-02-12,1256.74,1268.81,1255.11,1267.56,1267.56,3274750
BHARTIARTL,2026-02-13,1266.14,1287.72,1263.74,1284.63,1284.63,1331207
BHARTIARTL,2026-02-16,1292.29,1297.98,1274.87,1281.58,1281.58,2429129
BHARTIARTL,2026-02-17,1281.6,1291.8,1279.06,1285.77,1285.77,1846128
BHARTIARTL,2026-02-18,1288.54,1299.88,1265.68,1267.94,1267.94,4455615
BHARTIARTL,2026-02-19,1265.89,1266.53,1244.65,1246.7,1246.7,2935596
BHARTIARTL,2026-02-20,1249.28,1263.44,1248.58,1250.33,1250.33,3552926
BHARTIARTL,2026-02-23,1244.87,1247.29,1237.72,1241.83,1241.83,2926345
BHARTIARTL,2026-02-24,1240.11,1243.9,1229.33,1233.5,1233.5,2264302
BHARTIARTL,2026-02-25,1229.03,1232.66,1218.48,1224.15,1224.15,3337483
BHARTIARTL,2026-02-26,1221.93,1242.93,1218.77,1228.31,1228.31,3001402
BHARTIARTL,2026-02-27,1232.92,1252.36,1210.54,1237.92,1237.92,2954362
BHARTIARTL,2026-03-02,1235.65,1273.8,1231.17,1256.66,1256.66,1149795
BHARTIARTL,2026-03-03,1259.36,1261.13,1235.03,1243.62,1243.62,1757058
BHARTIARTL,2026-03-04,1249.28,1251.89,1222.3,1231.18,1231.18,4489188
BHARTIARTL,2026-03-05,1231.08,1243.43,1227.83,1232.97,1232.97,1251833
BHARTIARTL,2026-03-06,1236.64,1251.6,1232.48,1244.16,1244.16,3586947
BHARTIARTL,2026-03-09,1246.14,1246.45,1232.67,1233.03,1233.03,3339049
BHARTIARTL,2026-03-10,1233.46,1233.92,1210.31,1214.65,1214.65,2151630
BHARTIARTL,2026-03-11,1217.38,1250.09,1214.44,1235.73,1235.73,1353436
BHARTIARTL,2026-03-12,1242.55,1261.29,1241.83,1260.74,1260.74,2528385
BHARTIARTL,2026-03-13,1258.33,1265.93,1255.14,1259.54,1259.54,4682638
BHARTIARTL,2026-03-16,1255.91,1257.69,1243.63,1246.84,1246.84,1830372
BHARTIARTL,2026-03-17,1243.04,1270.31,1235.5,1261.42,1261.42,1946397
BHARTIARTL,2026-03-18,1265.19,1273.79,1242.0,1250.65,1250.65,1672527
BHARTIARTL,2026-03-19,1254.89,1259.72,1240.99,1241.44,1241.44,3938575
BHARTIARTL,2026-03-20,1239.44,1252.03,1237.16,1240.16,1240.16,1854809
BHARTIARTL,2026-03-23,1232.21,1249.48,1221.65,1249.14,1249.14,1877750
BHARTIARTL,2026-03-24,1246.61,1252.97,1240.93,1252.6,1252.6,3779278
BHARTIARTL,2026-03-25,1254.65,1265.54,1248.9,1264.79,1264.79,3226535
BHARTIARTL,2026-03-26,1264.54,1285.28,1257.14,1284.74,1284.74,2017224
BHARTIARTL,2026-03-27,1285.44,1322.35,1283.12,1301.8,1301.8,1696454
BHARTIARTL,2026-03-30,1299.76,1301.21,1291.35,1296.3,1296.3,3551451
BHARTIARTL,2026-03-31,1300.25,1326.0,1283.2,1315.24,1315.24,2864428
BHARTIARTL,2026-04-01,1316.59,1329.44,1303.5,1305.86,1305.86,1295935
BHARTIARTL,2026-04-02,1308.16,1353.07,1299.95,1340.32,1340.32,1730744
BHARTIARTL,2026-04-03,1340.96,1347.81,1325.88,1338.2,1338.2,1329014
BHARTIARTL,2026-04-06,1340.3,1342.22,1324.2,1338.3,1338.3,1210453
BHARTIARTL,2026-04-07,1340.14,1348.25,1321.47,1335.65,1335.65,926721
BHARTIARTL,2026-04-08,1331.93,1337.34,1324.54,1332.09,1332.09,1379462
BHARTIARTL,2026-04-09,1333.58,1351.82,1327.76,1336.24,1336.24,1501068
BHARTIARTL,2026-04-10,1339.42,1344.98,1327.53,1330.12,1330.12,1874795
BHARTIARTL,2026-04-13,1334.73,1356.61,1324.93,1337.71,1337.71,4568560
BHARTIARTL,2026-04-14,1339.38,1358.12,1329.03,1349.77,1349.77,2262145
BHARTIARTL,2026-04-15,1345.87,1363.9,1329.99,1351.73,1351.73,1934827
BHARTIARTL,2026-04-16,1348.44,1367.36,1330.91,1353.88,1353.88,2546392
BHARTIARTL,2026-04-17,1352.11,1362.59,1349.58,1354.15,1354.15,1814203
BHARTIARTL,2026-04-20,1354.92,1364.69,1343.67,1347.35,1347.35,2678679
BHARTIARTL,2026-04-21,1346.85,1369.51,1345.2,1369.07,1369.07,3282744
BHARTIARTL,2026-04-22,1364.46,1381.45,1352.71,1356.5,1356.5,2658720
BHARTIARTL,2026-04-23,1351.9,1368.51,1339.62,1368.28,1368.28,7551479
BHARTIARTL,2026-04-24,1359.67,1379.57,1352.81,1374.44,1374.44,3239335
BHARTIARTL,2026-04-27,1361.58,1381.59,1360.72,1380.47,1380.47,1455168
BHARTIARTL,2026-04-28,1379.92,1381.42,1351.78,1370.45,1370.45,2801465
BHARTIARTL,2026-04-29,1379.99,1387.98,1358.36,1360.83,1360.83,1750006
BHARTIARTL,2026-04-30,1368.16,1376.39,1346.98,1349.93,1349.93,2942137
BHARTIARTL,2026-05-01,1345.97,1409.82,1343.52,1394.44,1394.44,2257142
BHARTIARTL,2026-05-04,1395.07,1427.88,1390.45,1412.0,1412.0,1750944
BHARTIARTL,2026-05-05,1405.8,1421.25,1397.4,1421.22,1421.22,2719551
BHARTIARTL,2026-05-06,1415.63,1441.46,1400.15,1439.02,1439.02,4058722
BHARTIARTL,2026-05-07,1433.86,1442.29,1419.98,1421.22,1421.22,3329994
BHARTIARTL,2026-05-08,1420.25,1428.18,1417.7,1422.7,1422.7,2877568
BHARTIARTL,2026-05-11,1421.92,1441.47,1410.19,1426.42,1426.42,2482733
BHARTIARTL,2026-05-12,1427.5,1440.59,1419.96,1420.5,1420.5,2389402
BHARTIARTL,2026-05-13,1423.32,1427.28,1409.69,1412.19,1412.19,1906097
BHARTIARTL,2026-05-14,1410.76,1420.03,1406.86,1415.45,1415.45,2934834
BHARTIARTL,2026-05-15,1415.61,1420.09,1373.08,1391.08,1391.08,4544462
BHARTIARTL,2026-05-18,1386.51,1400.18,1379.97,1385.64,1385.64,2160314
BHARTIARTL,2026-05-19,1380.06,1396.91,1364.83,1375.0,1375.0,2329845
BHARTIARTL,2026-05-20,1368.82,1402.34,1368.3,1400.37,1400.37,5802963
BHARTIARTL,2026-05-21,1403.1,1408.77,1361.59,1368.23,1368.23,3336694
BHARTIARTL,2026-05-22,1366.84,1375.45,1363.66,1374.75,1374.75,2335246
BHARTIARTL,2026-05-25,1367.03,1372.22,1348.13,1357.52,1357.52,3317265
BHARTIARTL,2026-05-26,1357.26,1359.47,1333.35,1337.61,1337.61,2751662
BHARTIARTL,2026-05-27,1332.6,1356.62,1323.57,1351.17,1351.17,1860253
BHARTIARTL,2026-05-28,1357.9,1359.67,1347.64,1350.32,1350.32,2350061
BHARTIARTL,2026-05-29,1347.97,1358.91,1344.77,1351.76,1351.76,2014662
BHARTIARTL,2026-06-01,1354.52,1373.25,1340.05,1369.45,1369.45,5758550
BHARTIARTL,2026-06-02,1373.92,1412.71,1371.3,1408.86,1408.86,5031380
BHARTIARTL,2026-06-03,1404.82,1424.6,1402.93,1417.43,1417.43,1846912
BHARTIARTL,2026-06-04,1417.75,1429.05,1407.35,1426.37,1426.37,3154552
BHARTIARTL,2026-06-05,1428.74,1432.32,1417.56,1421.88,1421.88,2454549
BHARTIARTL,2026-06-08,1422.37,1452.5,1420.11,1444.01,1444.01,4898795
BHARTIARTL,2026-06-09,1445.58,1453.02,1441.28,1443.23,1443.23,1633527
BHARTIARTL,2026-06-10,1437.48,1442.46,1419.93,1429.86,1429.86,2735332
BHARTIARTL,2026-06-11,1432.24,1445.6,1413.35,1414.49,1414.49,2523734
BHARTIARTL,2026-06-12,1412.43,1413.82,1383.23,1390.14,1390.14,3087106
BHARTIARTL,2026-06-15,1391.59,1391.85,1374.23,1388.43,1388.43,1442757
BHARTIARTL,2026-06-16,1392.26,1393.73,1378.41,1391.89,1391.89,2682559
BHARTIARTL,2026-06-17,1394.68,1404.16,1346.12,1364.82,1364.82,3724358
BHARTIARTL,2026-06-18,1366.25,1387.32,1359.8,1377.64,1377.64,4245315
BHARTIARTL,2026-06-19,1380.29,1389.51,1372.41,1377.98,1377.98,1989322
BHARTIARTL,2026-06-22,1380.82,1399.25,1373.39,1399.02,1399.02,2446427
BHARTIARTL,2026-06-23,1405.3,1412.66,1394.35,1400.04,1400.04,2777746
BHARTIARTL,2026-06-24,1399.89,1416.06,1384.76,1389.46,1389.46,1771476
BHARTIARTL,2026-06-25,1390.14,1411.84,1389.13,1404.62,1404.62,4056914
BHARTIARTL,2026-06-26,1408.55,1419.66,1396.35,1415.78,1415.78,3783508
BHARTIARTL,2026-06-29,1413.7,1425.78,1397.05,1411.4,1411.4,3583891
BHARTIARTL,2026-06-30,1405.74,1410.26,1385.41,1392.04,1392.04,3260285
BHARTIARTL,2026-07-01,1394.1,1405.9,1391.08,1393.84,1393.84,1695724
BHARTIARTL,2026-07-02,1392.98,1405.34,1363.49,1374.5,1374.5,2939534
BHARTIARTL,2026-07-03,1369.52,1400.71,1367.42,1393.01,1393.01,3234350
BHARTIARTL,2026-07-06,1395.1,1399.97,1383.71,1386.96,1386.96,1791614
BHARTIARTL,2026-07-07,1392.91,1435.76,1391.84,1429.05,1429.05,6410793
BHARTIARTL,2026-07-08,1422.07,1444.38,1404.2,1412.49,1412.49,3375136
BHARTIARTL,2026-07-09,1416.82,1424.36,1415.34,1418.04,1418.04,1550861
BHARTIARTL,2026-07-10,1407.25,1444.72,1397.81,1432.41,1432.41,5484620
BHARTIARTL,2026-07-13,1430.69,1430.84,1402.16,1410.84,1410.84,3000034
BHARTIARTL,2026-07-14,1418.63,1429.52,1414.0,1418.95,1418.95,1500211
BHARTIARTL,2026-07-15,1417.56,1418.58,1403.71,1415.86,1415.86,1515660
BHARTIARTL,2026-07-16,1416.24,1416.26,1396.83,1410.62,1410.62,3995137
BHARTIARTL,2026-07-17,1413.85,1422.83,1384.02,1400.0,1400.0,5047232
BHARTIARTL,2026-07-20,1392.79,1395.4,1376.86,1389.98,1389.98,3609076
BHARTIARTL,2026-07-21,1390.28,1400.58,1380.28,1392.58,1392.58,3549277
BHARTIARTL,2026-07-22,1392.84,1394.83,1385.86,1391.04,1391.04,3332135
BHARTIARTL,2026-07-23,1398.82,1403.36,1373.74,1384.6,1384.6,2822342
BHARTIARTL,2026-07-24,1379.47,1380.7,1371.51,1373.37,1373.37,2814655
BHARTIARTL,2026-07-27,1371.79,1388.47,1369.79,1388.43,1388.43,3265812
BHARTIARTL,2026-07-28,1384.56,1398.43,1377.98,1396.61,1396.61,3130439
BHARTIARTL,2026-07-29,1392.27,1401.54,1370.3,1381.7,1381.7,1948123
BHARTIARTL,2026-07-30,1386.38,1388.64,1353.05,1362.31,1362.31,3783862
BHARTIARTL,2026-07-31,1362.42,1373.89,1344.55,1351.02,1351.02,4440830
BHARTIARTL,2026-08-03,1348.77,1375.29,1337.82,1370.66,1370.66,2616255
BHARTIARTL,2026-08-04,1368.53,1369.9,1350.95,1354.18,1354.18,2384313
BHARTIARTL,2026-08-05,1351.89,1372.61,1330.46,1363.41,1363.41,2888395
BHARTIARTL,2026-08-06,1361.48,1372.08,1350.63,1360.79,1360.79,1617286
BHARTIARTL,2026-08-07,1355.63,1370.07,1347.25,1351.02,1351.02,1423965
BHARTIARTL,2026-08-10,1349.97,1361.97,1346.98,1360.91,1360.91,3824061
BHARTIARTL,2026-08-11,1359.44,1365.66,1335.33,1339.83,1339.83,2430795
BHARTIARTL,2026-08-12,1336.78,1357.07,1327.93,1345.33,1345.33,2242950
BHARTIARTL,2026-08-13,1345.95,1349.42,1331.0,1338.61,1338.61,1786704
BHARTIARTL,2026-08-14,1339.57,1348.21,1315.78,1319.39,1319.39,4737365
BHARTIARTL,2026-08-17,1317.19,1340.49,1313.23,1339.99,1339.99,4085261
BHARTIARTL,2026-08-18,1339.41,1363.76,1323.19,1328.24,1328.24,2276506
BHARTIARTL,2026-08-19,1336.84,1341.45,1335.43,1339.01,1339.01,1536537
BHARTIARTL,2026-08-20,1347.53,1354.51,1290.0,1300.44,1300.44,3239285
BHARTIARTL,2026-08-21,1296.33,1299.5,1290.01,1291.01,1291.01,3034121
BHARTIARTL,2026-08-24,1287.47,1303.15,1267.94,1299.12,1299.12,2539477
BHARTIARTL,2026-08-25,1294.99,1334.55,1282.8,1326.9,1326.9,3386019
BHARTIARTL,2026-08-26,1331.11,1347.9,1322.79,1325.35,1325.35,2233630
BHARTIARTL,2026-08-27,1323.77,1352.58,1304.9,1343.98,1343.98,3810404
BHARTIARTL,2026-08-28,1344.94,1365.01,1330.41,1362.18,1362.18,2736986
BHARTIARTL,2026-08-31,1370.34,1373.57,1356.59,1366.79,1366.79,2614203
BHARTIARTL,2026-09-01,1366.75,1369.3,1363.85,1365.63,1365.63,1370062
BHARTIARTL,2026-09-02,1368.52,1387.4,1354.0,1374.67,1374.67,6597373
BHARTIARTL,2026-09-03,1376.82,1379.35,1350.85,1352.49,1352.49,2633874
BHARTIARTL,2026-09-04,1350.1,1375.07,1341.6,1347.27,1347.27,2400264
BHARTIARTL,2026-09-07,1351.55,1379.12,1348.82,1359.37,1359.37,3153935
BHARTIARTL,2026-09-08,1355.9,1376.42,1351.75,1374.91,1374.91,2255844
BHARTIARTL,2026-09-09,1380.43,1383.28,1362.97,1363.64,1363.64,2479964
BHARTIARTL,2026-09-10,1361.24,1380.85,1355.86,1371.91,1371.91,2338257
BHARTIARTL,2026-09-11,1369.94,1382.6,1363.99,1378.75,1378.75,1581036
BHARTIARTL,2026-09-14,1374.25,1405.77,1361.01,1399.5,1399.5,3421633
BHARTIARTL,2026-09-15,1395.62,1401.88,1388.17,1398.33,1398.33,1050825
BHARTIARTL,2026-09-16,1396.54,1446.32,1396.21,1435.72,1435.72,7161710
BHARTIARTL,2026-09-17,1425.25,1463.92,1423.41,1461.47,1461.47,4174626
BHARTIARTL,2026-09-18,1460.44,1472.99,1443.86,1458.24,1458.24,2730306
BHARTIARTL,2026-09-21,1456.01,1461.67,1437.35,1445.85,1445.85,1243186
BHARTIARTL,2026-09-22,1449.28,1455.61,1411.5,1421.73,1421.73,2173037
BHARTIARTL,2026-09-23,1423.53,1433.96,1411.41,1413.18,1413.18,4081719
BHARTIARTL,2026-09-24,1410.18,1431.05,1407.82,1427.13,1427.13,13508117
BHARTIARTL,2026-09-25,1425.17,1428.68,1400.39,1407.82,1407.82,4504563
BHARTIARTL,2026-09-28,1406.83,1412.54,1406.58,1409.39,1409.39,3102464
BHARTIARTL,2026-09-29,1415.67,1420.11,1404.02,1419.55,1419.55,2973329
BHARTIARTL,2026-09-30,1416.05,1441.94,1415.2,1428.46,1428.46,1677706
BHARTIARTL,2026-10-01,1425.37,1429.99,1405.96,1409.09,1409.09,4160928
BHARTIARTL,2026-10-02,1404.32,1406.27,1390.15,1392.83,1392.83,1720943
BHARTIARTL,2026-10-05,1386.64,1401.88,1379.12,1400.0,1400.0,1409944
AXISBANK,2025-10-21,1360.1,1367.92,1355.38,1358.99,1358.99,2595950
AXISBANK,2025-10-22,1355.99,1370.32,1344.72,1363.97,1363.97,7085608
AXISBANK,2025-10-23,1368.88,1373.83,1359.14,1373.7,1373.7,4781955
AXISBANK,2025-10-24,1370.9,1373.23,1368.66,1372.92,1372.92,1133812
AXISBANK,2025-10-27,1369.21,1379.98,1342.91,1353.24,1353.24,3549008
AXISBANK,2025-10-28,1354.19,1355.56,1341.38,1343.85,1343.85,3299281
AXISBANK,2025-10-29,1341.09,1341.34,1313.38,1317.03,1317.03,2779617
AXISBANK,2025-10-30,1317.07,1321.45,1281.86,1283.28,1283.28,3787682
AXISBANK,2025-10-31,1287.08,1296.24,1261.88,1263.05,1263.05,3269627
AXISBANK,2025-11-03,1263.5,1263.57,1236.54,1239.42,1239.42,1812571
AXISBANK,2025-11-04,1239.87,1261.76,1236.16,1251.39,1251.39,1690939
AXISBANK,2025-11-05,1252.16,1267.77,1247.96,1250.54,1250.54,2167654
AXISBANK,2025-11-06,1244.19,1253.74,1229.66,1231.02,1231.02,3037004
AXISBANK,2025-11-07,1232.46,1250.33,1230.72,1241.57,1241.57,1875713
AXISBANK,2025-11-10,1242.16,1264.94,1224.06,1261.53,1261.53,2133521
AXISBANK,2025-11-11,1264.91,1268.57,1252.75,1257.63,1257.63,2090463
AXISBANK,2025-11-12,1259.91,1262.06,1252.4,1253.53,1253.53,3103045
AXISBANK,2025-11-13,1252.77,1259.0,1248.53,1253.19,1253.19,1938567
AXISBANK,2025-11-14,1257.07,1270.21,1247.37,1257.28,1257.28,4165503
AXISBANK,2025-11-17,1256.18,1260.5,1253.8,1257.9,1257.9,1523166
AXISBANK,2025-11-18,1258.83,1267.5,1250.59,1262.03,1262.03,2352439
AXISBANK,2025-11-19,1260.85,1263.03,1239.38,1244.94,1244.94,2424288
AXISBANK,2025-11-20,1246.67,1254.14,1236.16,1251.11,1251.11,2880408
AXISBANK,2025-11-21,1249.7,1254.66,1242.73,1253.03,1253.03,1517230
AXISBANK,2025-11-24,1259.23,1262.28,1226.95,1230.89,1230.89,6579056
AXISBANK,2025-11-25,1238.34,1242.28,1226.9,1231.55,1231.55,1024383
AXISBANK,2025-11-26,1234.78,1248.1,1227.9,1246.05,1246.05,5320901
AXISBANK,2025-11-27,1251.81,1252.43,1221.39,1228.07,1228.07,2951302
AXISBANK,2025-11-28,1222.4,1240.18,1215.45,1227.34,1227.34,2517436
AXISBANK,2025-12-01,1222.11,1226.38,1216.81,1225.33,1225.33,3547643
AXISBANK,2025-12-02,1224.15,1228.73,1217.92,1228.41,1228.41,3004860
AXISBANK,2025-12-03,1228.57,1229.32,1202.08,1203.75,1203.75,2381552
AXISBANK,2025-12-04,1203.03,1204.61,1184.37,1185.83,1185.83,3655197
AXISBANK,2025-12-05,1179.98,1187.01,1175.4,1183.92,1183.92,4387005
AXISBANK,2025-12-08,1188.01,1189.5,1168.49,1169.67,1169.67,1895545
AXISBANK,2025-12-09,1177.22,1189.49,1173.5,1185.9,1185.9,6539510
AXISBANK,2025-12-10,1190.45,1209.91,1187.36,1208.85,1208.85,3644185
AXISBANK,2025-12-11,1212.79,1229.11,1208.42,1223.31,1223.31,2261953
AXISBANK,2025-12-12,1224.14,1238.42,1215.44,1237.62,1237.62,1871018
AXISBANK,2025-12-15,1234.49,1238.82,1200.44,1203.32,1203.32,3342526
AXISBANK,2025-12-16,1203.58,1207.42,1190.62,1205.88,1205.88,964965
AXISBANK,2025-12-17,1213.5,1228.12,1193.59,1198.66,1198.66,1981958
AXISBANK,2025-12-18,1197.39,1204.53,1184.19,1200.28,1200.28,1856964
AXISBANK,2025-12-19,1198.64,1210.85,1193.5,1209.98,1209.98,1601813
AXISBANK,2025-12-22,1214.0,1221.24,1201.48,1207.07,1207.07,2867370
AXISBANK,2025-12-23,1211.32,1216.94,1169.22,1171.14,1171.14,3463367
AXISBANK,2025-12-24,1168.16,1177.97,1132.76,1144.92,1144.92,2581988
AXISBANK,2025-12-25,1144.02,1151.2,1134.92,1141.07,1141.07,1916768
AXISBANK,2025-12-26,1139.35,1145.31,1129.08,1144.92,1144.92,2516257
AXISBANK,2025-12-29,1145.16,1160.75,1136.71,1139.68,1139.68,2322643
AXISBANK,2025-12-30,1143.45,1144.68,1140.68,1143.39,1143.39,1643865
AXISBANK,2025-12-31,1140.63,1171.33,1140.01,1168.49,1168.49,3443188
AXISBANK,2026-01-01,1172.31,1176.22,1149.98,1158.59,1158.59,2438595
AXISBANK,2026-01-02,1158.95,1164.08,1150.66,1155.35,1155.35,1362602
AXISBANK,2026-01-05,1163.42,1164.3,1119.37,1130.37,1130.37,2925192
AXISBANK,2026-01-06,1131.45,1134.75,1122.24,1126.35,1126.35,2767068
AXISBANK,2026-01-07,1126.02,1138.57,1109.85,1110.6,1110.6,3545931
AXISBANK,2026-01-08,1112.51,1121.0,1109.41,1110.06,1110.06,1834698
AXISBANK,2026-01-09,1108.94,1110.56,1105.08,1105.23,1105.23,2939519
AXISBANK,2026-01-12,1099.27,1111.46,1097.92,1106.6,1106.6,1389854
AXISBANK,2026-01-13,1105.81,1126.77,1101.22,1119.19,1119.19,1816845
AXISBANK,2026-01-14,1118.33,1125.54,1117.11,1120.36,1120.36,1849266
AXISBANK,2026-01-15,1115.01,1123.7,1099.95,1107.82,1107.82,4828227
AXISBANK,2026-01-16,1107.58,1108.47,1085.95,1090.56,1090.56,3113735
AXISBANK,2026-01-19,1083.8,1087.59,1064.7,1071.33,1071.33,2723996
AXISBANK,2026-01-20,1070.21,1093.06,1069.81,1089.62,1089.62,5545179
AXISBANK,2026-01-21,1090.42,1097.64,1067.7,1074.99,1074.99,2484797
AXISBANK,2026-01-22,1075.3,1091.25,1064.19,1087.21,1087.21,6490904
AXISBANK,2026-01-23,1085.87,1090.01,1083.62,1089.95,1089.95,1738166
AXISBANK,2026-01-26,1089.67,1097.8,1080.2,1096.26,1096.26,1551795
AXISBANK,2026-01-27,1093.68,1109.06,1093.42,1103.86,1103.86,2239697
AXISBANK,2026-01-28,1103.89,1104.5,1088.7,1089.86,1089.86,2481647
AXISBANK,2026-01-29,1090.05,1095.87,1065.08,1078.86,1078.86,1872179
AXISBANK,2026-01-30,1075.95,1092.24,1073.12,1081.45,1081.45,6016852
AXISBANK,2026-02-02,1082.32,1121.89,1081.71,1121.84,1121.84,4730270
AXISBANK,2026-02-03,1122.72,1136.74,1118.25,1130.29,1130.29,2924556
AXISBANK,2026-02-04,1129.73,1144.51,1128.51,1137.33,1137.33,1955166
AXISBANK,2026-02-05,1145.59,1147.38,1127.38,1128.53,1128.53,1940257
AXISBANK,2026-02-06,1128.05,1142.27,1120.88,1138.54,1138.54,3780204
AXISBANK,2026-02-09,1137.59,1152.81,1135.32,1144.45,1144.45,1171778
AXISBANK,2026-02-10,1143.0,1152.08,1125.62,1133.76,1133.76,1608580
AXISBANK,2026-02-11,1130.46,1150.84,1128.92,1144.52,1144.52,2304888
AXISBANK,2026-02-12,1146.88,1160.18,1135.05,1140.99,1140.99,3719234
AXISBANK,2026-02-13,1138.65,1155.45,1137.43,1145.31,1145.31,1900439
AXISBANK,2026-02-16,1143.36,1147.43,1121.17,1126.95,1126.95,3477426
AXISBANK,2026-02-17,1125.13,1127.05,1108.2,1116.41,1116.41,2570050
AXISBANK,2026-02-18,1113.11,1123.13,1080.31,1084.07,1084.07,6266961
AXISBANK,2026-02-19,1078.37,1083.82,1073.99,1079.83,1079.83,1175586
AXISBANK,2026-02-20,1078.33,1090.73,1076.76,1088.78,1088.78,3320460
AXISBANK,2026-02-23,1091.63,1100.57,1087.93,1093.86,1093.86,2087097
AXISBANK,2026-02-24,1094.51,1117.25,1090.79,1113.97,1113.97,4438764
AXISBANK,2026-02-25,1119.18,1132.17,1108.96,1123.57,1123.57,1796523
AXISBANK,2026-02-26,1126.1,1162.24,1116.58,1153.21,1153.21,3566385
AXISBANK,2026-02-27,1155.03,1166.29,1151.66,1163.35,1163.35,2402558
AXISBANK,2026-03-02,1169.92,1178.7,1157.76,1172.89,1172.89,1653404
AXISBANK,2026-03-03,1172.55,1212.54,1167.73,1206.71,1206.71,2201227
AXISBANK,2026-03-04,1206.94,1223.17,1193.21,1202.81,1202.81,1724661
AXISBANK,2026-03-05,1202.77,1211.08,1193.52,1209.5,1209.5,2435911
AXISBANK,2026-03-06,1215.1,1224.07,1209.62,1220.04,1220.04,1846066
AXISBANK,2026-03-09,1220.05,1223.21,1206.7,1207.84,1207.84,2261211
AXISBANK,2026-03-10,1205.49,1206.11,1195.36,1196.98,1196.98,1185209
AXISBANK,2026-03-11,1199.09,1222.4,1189.94,1211.45,1211.45,2325508
AXISBANK,2026-03-12,1208.48,1222.59,1202.15,1222.59,1222.59,3805993
AXISBANK,2026-03-13,1224.54,1241.52,1218.58,1241.19,1241.19,3820073
AXISBANK,2026-03-16,1242.73,1256.15,1222.81,1224.14,1224.14,2710020
AXISBANK,2026-03-17,1223.44,1261.99,1208.87,1248.55,1248.55,3480503
AXISBANK,2026-03-18,1250.67,1252.77,1236.89,1243.85,1243.85,1584467
AXISBANK,2026-03-19,1238.3,1247.87,1208.46,1215.58,1215.58,6416096
AXISBANK,2026-03-20,1216.18,1217.94,1204.43,1212.67,1212.67,4860214
AXISBANK,2026-03-23,1210.99,1212.23,1196.55,1201.13,1201.13,2725547
AXISBANK,2026-03-24,1211.44,1217.5,1208.09,1208.39,1208.39,6599529
AXISBANK,2026-03-25,1208.96,1215.72,1196.33,1202.8,1202.8,1720593
AXISBANK,2026-03-26,1200.65,1218.96,1198.03,1205.75,1205.75,1290343
AXISBANK,2026-03-27,1200.76,1207.69,1195.06,1203.15,1203.15,1589264
AXISBANK,2026-03-30,1207.86,1240.26,1205.72,1232.94,1232.94,3148613
AXISBANK,2026-03-31,1231.65,1242.02,1211.81,1241.14,1241.14,5993219
AXISBANK,2026-04-01,1238.19,1244.04,1222.21,1226.26,1226.26,2412764
AXISBANK,2026-04-02,1227.5,1231.03,1218.98,1219.67,1219.67,1633376
AXISBANK,2026-04-03,1222.04,1225.36,1198.76,1203.57,1203.57,1935920
AXISBANK,2026-04-06,1205.86,1215.0,1196.14,1214.65,1214.65,3988475
AXISBANK,2026-04-07,1214.72,1218.57,1178.0,1183.21,1183.21,5279421
AXISBANK,2026-04-08,1183.77,1191.31,1178.81,1183.64,1183.64,1650677
AXISBANK,2026-04-09,1184.46,1185.07,1175.76,1179.05,1179.05,1045357
AXISBANK,2026-04-10,1180.24,1187.8,1153.13,1161.58,1161.58,1827843
AXISBANK,2026-04-13,1163.06,1163.96,1154.84,1154.99,1154.99,4621338
AXISBANK,2026-04-14,1158.78,1163.02,1134.13,1139.43,1139.43,3674193
AXISBANK,2026-04-15,1139.62,1140.47,1135.12,1137.14,1137.14,2158227
AXISBANK,2026-04-16,1134.35,1148.31,1117.11,1118.3,1118.3,6285898
AXISBANK,2026-04-17,1117.81,1121.32,1111.41,1120.38,1120.38,4581606
AXISBANK,2026-04-20,1122.91,1135.4,1121.93,1132.68,1132.68,2594844
AXISBANK,2026-04-21,1126.61,1132.92,1110.75,1116.39,1116.39,2824354
AXISBANK,2026-04-22,1110.43,1132.28,1107.05,1127.19,1127.19,2024630
AXISBANK,2026-04-23,1130.3,1133.08,1115.9,1118.85,1118.85,2163622
AXISBANK,2026-04-24,1123.96,1130.65,1111.72,1118.99,1118.99,1098005
AXISBANK,2026-04-27,1114.74,1122.04,1109.31,1114.53,1114.53,1223145
AXISBANK,2026-04-28,1114.87,1121.07,1101.77,1103.85,1103.85,1283067
AXISBANK,2026-04-29,1102.52,1123.2,1094.57,1119.72,1119.72,4369962
AXISBANK,2026-04-30,1118.84,1153.88,1117.34,1150.48,1150.48,1925019
AXISBANK,2026-05-01,1151.54,1190.49,1145.1,1184.74,1184.74,8132207
AXISBANK,2026-05-04,1180.14,1218.59,1171.23,1217.53,1217.53,2693017
AXISBANK,2026-05-05,1213.48,1230.84,1205.69,1230.15,1230.15,5202359
AXISBANK,2026-05-06,1229.04,1234.69,1228.53,1230.73,1230.73,1737307
AXISBANK,2026-05-07,1230.19,1239.66,1214.44,1235.24,1235.24,1175957
AXISBANK,2026-05-08,1231.06,1249.48,1226.09,1239.34,1239.34,3643073
AXISBANK,2026-05-11,1242.27,1245.01,1238.58,1245.0,1245.0,3948534
AXISBANK,2026-05-12,1243.44,1269.3,1241.5,1262.81,1262.81,1968138
AXISBANK,2026-05-13,1261.21,1262.95,1228.5,1232.86,1232.86,2986752
AXISBANK,2026-05-14,1233.91,1243.03,1228.93,1230.12,1230.12,1472363
AXISBANK,2026-05-15,1229.64,1232.78,1186.62,1189.81,1189.81,3777691
AXISBANK,2026-05-18,1192.8,1199.6,1167.0,1169.51,1169.51,3139150
AXISBANK,2026-05-19,1166.23,1170.61,1150.12,1161.7,1161.7,2069048
AXISBANK,2026-05-20,1156.83,1162.14,1143.98,1144.15,1144.15,1395401
AXISBANK,2026-05-21,1143.08,1147.61,1129.9,1136.03,1136.03,1907301
AXISBANK,2026-05-22,1136.23,1143.14,1135.84,1137.17,1137.17,2706516
AXISBANK,2026-05-25,1132.94,1138.53,1115.45,1122.8,1122.8,2520017
AXISBANK,2026-05-26,1118.12,1120.48,1095.51,1099.33,1099.33,2841332
AXISBANK,2026-05-27,1099.93,1135.98,1099.54,1130.05,1130.05,2496152
AXISBANK,2026-05-28,1127.48,1127.97,1112.99,1117.2,1117.2,2086518
AXISBANK,2026-05-29,1112.33,1115.99,1108.93,1112.17,1112.17,3955035
AXISBANK,2026-06-01,1115.39,1119.1,1105.55,1116.76,1116.76,1412063
AXISBANK,2026-06-02,1114.64,1156.15,1112.86,1143.2,1143.2,4502652
AXISBANK,2026-06-03,1147.15,1149.7,1143.82,1144.82,1144.82,2106135
AXISBANK,2026-06-04,1144.92,1156.54,1133.13,1152.85,1152.85,2645262
AXISBANK,2026-06-05,1153.87,1154.04,1143.88,1147.52,1147.52,1684992
AXISBANK,2026-06-08,1146.79,1158.88,1140.84,1158.71,1158.71,2223963
AXISBANK,2026-06-09,1149.48,1150.62,1128.35,1138.18,1138.18,3038851
AXISBANK,2026-06-10,1134.3,1140.14,1127.46,1128.86,1128.86,2007411
AXISBANK,2026-06-11,1128.43,1130.7,1115.59,1121.05,1121.05,2735126
AXISBANK,2026-06-12,1122.28,1126.09,1120.79,1124.14,1124.14,2577279
AXISBANK,2026-06-15,1118.1,1134.26,1114.47,1128.14,1128.14,5232122
AXISBANK,2026-06-16,1127.96,1134.82,1117.3,1118.52,1118.52,2785569
AXISBANK,2026-06-17,1114.75,1115.41,1100.2,1104.96,1104.96,1260408
AXISBANK,2026-06-18,1105.73,1107.25,1090.21,1100.75,1100.75,3517992
AXISBANK,2026-06-19,1100.69,1119.31,1090.1,1110.38,1110.38,2304839
AXISBANK,2026-06-22,1112.86,1125.12,1098.88,1106.27,1106.27,4927428
AXISBANK,2026-06-23,1109.81,1118.28,1089.98,1095.2,1095.2,4648685
AXISBANK,2026-06-24,1096.7,1102.5,1089.03,1090.81,1090.81,1815058
AXISBANK,2026-06-25,1093.62,1095.01,1087.53,1088.28,1088.28,2830546
AXISBANK,2026-06-26,1087.14,1099.84,1085.57,1095.97,1095.97,1893801
AXISBANK,2026-06-29,1105.26,1111.38,1096.56,1098.25,1098.25,2108336
AXISBANK,2026-06-30,1094.23,1108.49,1091.23,1099.82,1099.82,2709625
AXISBANK,2026-07-01,1098.08,1126.81,1091.1,1114.4,1114.4,4317713
AXISBANK,2026-07-02,1117.41,1124.39,1107.97,1122.9,1122.9,3482984
AXISBANK,2026-07-03,1125.43,1127.7,1105.81,1108.02,1108.02,2860720
AXISBANK,2026-07-06,1109.64,1115.15,1098.23,1114.77,1114.77,6329914
AXISBANK,2026-07-07,1117.03,1149.7,1116.41,1137.89,1137.89,2768301
AXISBANK,2026-07-08,1130.77,1162.99,1123.46,1148.43,1148.43,1330832
AXISBANK,2026-07-09,1153.9,1159.1,1150.93,1156.48,1156.48,1362089
AXISBANK,2026-07-10,1155.78,1160.82,1126.08,1129.8,1129.8,6079113
AXISBANK,2026-07-13,1134.03,1152.17,1132.79,1136.12,1136.12,2244294
AXISBANK,2026-07-14,1129.18,1156.62,1125.78,1154.12,1154.12,3109983
AXISBANK,2026-07-15,1155.01,1167.82,1147.01,1147.24,1147.24,1882592
AXISBANK,2026-07-16,1145.3,1150.21,1142.46,1145.7,1145.7,1720643
AXISBANK,2026-07-17,1147.67,1153.12,1104.44,1110.21,1110.21,2813744
AXISBANK,2026-07-20,1111.26,1124.01,1111.11,1115.98,1115.98,2766777
AXISBANK,2026-07-21,1117.21,1117.29,1095.69,1115.4,1115.4,1937229
AXISBANK,2026-07-22,1111.85,1112.66,1079.82,1090.81,1090.81,3937395
AXISBANK,2026-07-23,1090.62,1106.65,1088.68,1095.37,1095.37,2555515
AXISBANK,2026-07-24,1094.78,1117.2,1089.37,1112.42,1112.42,2446845
AXISBANK,2026-07-27,1114.07,1120.13,1105.58,1113.08,1113.08,1126176
AXISBANK,2026-07-28,1116.39,1116.79,1105.16,1107.4,1107.4,1232530
AXISBANK,2026-07-29,1107.9,1114.17,1104.16,1111.72,1111.72,7430808
AXISBANK,2026-07-30,1107.46,1110.48,1102.57,1109.59,1109.59,3787473
AXISBANK,2026-07-31,1109.95,1124.55,1095.04,1099.54,1099.54,4313845
AXISBANK,2026-08-03,1108.16,1111.02,1103.13,1106.65,1106.65,1806343
AXISBANK,2026-08-04,1112.11,1122.83,1066.8,1079.96,1079.96,3448039
AXISBANK,2026-08-05,1070.32,1081.79,1065.05,1080.92,1080.92,1469137
AXISBANK,2026-08-06,1081.13,1094.12,1073.84,1083.11,1083.11,1244335
AXISBANK,2026-08-07,1086.14,1096.6,1083.68,1088.6,1088.6,1804191
AXISBANK,2026-08-10,1088.0,1089.21,1068.51,1069.19,1069.19,5189247
AXISBANK,2026-08-11,1067.71,1070.23,1058.06,1060.78,1060.78,3432650
AXISBANK,2026-08-12,1059.93,1065.13,1055.73,1064.24,1064.24,1476483
AXISBANK,2026-08-13,1066.0,1116.55,1063.28,1108.42,1108.42,3881364
AXISBANK,2026-08-14,1104.6,1107.11,1084.66,1090.25,1090.25,4001741
AXISBANK,2026-08-17,1094.14,1110.41,1086.98,1102.34,1102.34,2099711
AXISBANK,2026-08-18,1102.15,1135.83,1101.71,1131.28,1131.28,3638458
AXISBANK,2026-08-19,1128.11,1138.97,1120.02,1133.37,1133.37,2457350
AXISBANK,2026-08-20,1137.19,1137.3,1120.97,1122.97,1122.97,2959895
AXISBANK,2026-08-21,1117.76,1118.02,1099.65,1109.24,1109.24,3004430
AXISBANK,2026-08-24,1107.4,1140.63,1106.9,1139.36,1139.36,2753391
AXISBANK,2026-08-25,1137.41,1143.95,1130.59,1132.32,1132.32,1886379
AXISBANK,2026-08-26,1139.6,1162.88,1137.75,1154.57,1154.57,1995487
AXISBANK,2026-08-27,1152.2,1163.73,1150.53,1161.2,1161.2,1244168
AXISBANK,2026-08-28,1153.7,1173.81,1150.81,1163.85,1163.85,2023065
AXISBANK,2026-08-31,1161.82,1165.16,1160.03,1165.07,1165.07,2834920
AXISBANK,2026-09-01,1166.66,1190.37,1158.25,1185.76,1185.76,1744232
AXISBANK,2026-09-02,1188.55,1195.33,1186.74,1191.35,1191.35,2523675
AXISBANK,2026-09-03,1199.48,1205.42,1171.6,1174.49,1174.49,3874114
AXISBANK,2026-09-04,1179.45,1193.1,1168.27,1190.48,1190.48,1336781
AXISBANK,2026-09-07,1191.15,1204.93,1176.05,1177.97,1177.97,2343031
AXISBANK,2026-09-08,1174.82,1194.24,1170.94,1192.44,1192.44,5233078
AXISBANK,2026-09-09,1198.25,1204.73,1184.73,1191.01,1191.01,2561770
AXISBANK,2026-09-10,1189.69,1210.2,1188.29,1205.18,1205.18,1271416
AXISBANK,2026-09-11,1202.8,1205.02,1169.47,1177.59,1177.59,4373136
AXISBANK,2026-09-14,1176.11,1199.55,1167.63,1198.21,1198.21,2235966
AXISBANK,2026-09-15,1193.71,1209.16,1183.82,1205.2,1205.2,3070773
AXISBANK,2026-09-16,1203.52,1226.14,1200.21,1220.55,1220.55,2075587
AXISBANK,2026-09-17,1219.7,1237.32,1202.43,1227.36,1227.36,2265141
AXISBANK,2026-09-18,1230.05,1231.88,1187.79,1192.19,1192.19,2993890
AXISBANK,2026-09-21,1190.8,1195.63,1175.63,1194.31,1194.31,2091112
AXISBANK,2026-09-22,1189.77,1192.57,1161.54,1166.92,1166.92,2680405
AXISBANK,2026-09-23,1161.3,1170.33,1149.63,1158.95,1158.95,2185743
AXISBANK,2026-09-24,1159.68,1181.49,1157.45,1176.31,1176.31,1791572
AXISBANK,2026-09-25,1176.57,1206.01,1170.61,1196.0,1196.0,3614260
AXISBANK,2026-09-28,1194.01,1199.71,1169.6,1179.7,1179.7,3002586
AXISBANK,2026-09-29,1178.04,1197.27,1170.36,1187.15,1187.15,1234967
AXISBANK,2026-09-30,1188.54,1213.17,1187.37,1199.29,1199.29,3849831
AXISBANK,2026-10-01,1204.3,1210.86,1167.15,1182.34,1182.34,2636934
AXISBANK,2026-10-02,1179.57,1180.7,1161.89,1163.13,1163.13,3154841
AXISBANK,2026-10-05,1163.44,1166.74,1144.37,1150.0,1150.0,3608958
KOTAKBANK,2025-10-21,1914.4,1939.31,1895.29,1914.63,1914.63,3982718
KOTAKBANK,2025-10-22,1915.64,1929.46,1906.88,1918.49,1918.49,1338236
KOTAKBANK,2025-10-23,1906.2,1960.93,1893.61,1952.31,1952.31,3629162
KOTAKBANK,2025-10-24,1951.02,1967.22,1944.59,1953.76,1953.76,2352866
KOTAKBANK,2025-10-27,1953.93,1976.55,1942.51,1956.42,1956.42,1848834
KOTAKBANK,2025-10-28,1959.63,1980.7,1958.55,1963.75,1963.75,2585466
KOTAKBANK,2025-10-29,1973.33,1984.71,1953.9,1956.09,1956.09,2307453
KOTAKBANK,2025-10-30,1957.18,1959.99,1932.11,1943.02,1943.02,2905959
KOTAKBANK,2025-10-31,1937.72,1951.77,1899.11,1910.06,1910.06,1759698
KOTAKBANK,2025-11-03,1899.64,1901.75,1862.36,1880.02,1880.02,3740800
KOTAKBANK,2025-11-04,1883.89,1890.31,1881.65,1887.52,1887.52,3346867
KOTAKBANK,2025-11-05,1882.6,1907.7,1856.14,1857.33,1857.33,3344894
KOTAKBANK,2025-11-06,1862.16,1881.21,1804.86,1831.89,1831.89,3565198
KOTAKBANK,2025-11-07,1839.57,1841.35,1800.02,1817.59,1817.59,2343608
KOTAKBANK,2025-11-10,1809.17,1811.06,1779.98,1784.2,1784.2,4407680
KOTAKBANK,2025-11-11,1787.16,1845.65,1775.35,1834.31,1834.31,3726461
KOTAKBANK,2025-11-12,1841.42,1842.48,1797.51,1806.33,1806.33,1830302
KOTAKBANK,2025-11-13,1811.86,1846.69,1797.62,1838.2,1838.2,4196675
KOTAKBANK,2025-11-14,1826.64,1830.21,1821.14,1829.15,1829.15,1184023
KOTAKBANK,2025-11-17,1824.46,1839.62,1817.93,1822.98,1822.98,2445163
KOTAKBANK,2025-11-18,1815.98,1839.71,1798.73,1811.83,1811.83,2013252
KOTAKBANK,2025-11-19,1814.67,1823.84,1775.38,1781.88,1781.88,2486008
KOTAKBANK,2025-11-20,1784.09,1840.86,1779.25,1824.71,1824.71,3637190
KOTAKBANK,2025-11-21,1809.94,1868.84,1807.81,1858.67,1858.67,2319041
KOTAKBANK,2025-11-24,1857.0,1863.02,1843.65,1853.7,1853.7,2629209
KOTAKBANK,2025-11-25,1858.15,1871.9,1798.0,1807.22,1807.22,3573680
KOTAKBANK,2025-11-26,1808.02,1828.81,1791.82,1792.18,1792.18,1937174
KOTAKBANK,2025-11-27,1792.97,1801.53,1750.5,1768.5,1768.5,4737886
KOTAKBANK,2025-11-28,1766.56,1807.77,1764.1,1796.3,1796.3,3159022
KOTAKBANK,2025-12-01,1790.59,1834.38,1790.38,1827.16,1827.16,3855794
KOTAKBANK,2025-12-02,1827.06,1890.48,1823.93,1861.12,1861.12,5424840
KOTAKBANK,2025-12-03,1861.41,1863.6,1843.79,1851.99,1851.99,3983525
KOTAKBANK,2025-12-04,1855.41,1887.24,1842.7,1862.74,1862.74,2934402
KOTAKBANK,2025-12-05,1866.63,1870.9,1848.67,1848.82,1848.82,2152004
KOTAKBANK,2025-12-08,1849.29,1862.77,1839.08,1854.76,1854.76,1226916
KOTAKBANK,2025-12-09,1860.85,1902.92,1855.73,1889.71,1889.71,3359926
KOTAKBANK,2025-12-10,1887.59,1896.29,1865.74,1890.07,1890.07,3089571
KOTAKBANK,2025-12-11,1881.88,1892.49,1874.38,1885.72,1885.72,2442657
KOTAKBANK,2025-12-12,1888.42,1917.89,1876.54,1900.75,1900.75,618985
KOTAKBANK,2025-12-15,1901.47,1916.87,1889.59,1906.12,1906.12,3045780
KOTAKBANK,2025-12-16,1908.96,1941.18,1901.08,1931.58,1931.58,4023502
KOTAKBANK,2025-12-17,1924.25,1926.01,1909.15,1916.98,1916.98,2157699
KOTAKBANK,2025-12-18,1927.28,1933.26,1903.28,1905.39,1905.39,3480142
KOTAKBANK,2025-12-19,1909.45,1913.62,1867.17,1869.12,1869.12,4018415
KOTAKBANK,2025-12-22,1867.51,1885.73,1862.02,1881.96,1881.96,1816718
KOTAKBANK,2025-12-23,1876.68,1877.09,1864.34,1868.42,1868.42,4010936
KOTAKBANK,2025-12-24,1874.46,1886.45,1831.6,1840.37,1840.37,1736163
KOTAKBANK,2025-12-25,1834.29,1858.86,1828.32,1830.3,1830.3,2256941
KOTAKBANK,2025-12-26,1842.72,1845.36,1817.29,1829.51,1829.51,1886159
KOTAKBANK,2025-12-29,1826.14,1864.26,1809.57,1842.27,1842.27,1722486
KOTAKBANK,2025-12-30,1851.78,1887.93,1847.93,1876.75,1876.75,3484130
KOTAKBANK,2025-12-31,1875.71,1947.35,1860.18,1926.86,1926.86,5996734
KOTAKBANK,2026-01-01,1936.0,1955.15,1925.16,1927.27,1927.27,3286905
KOTAKBANK,2026-01-02,1923.03,1928.85,1916.92,1923.93,1923.93,2786579
KOTAKBANK,2026-01-05,1924.03,1926.6,1841.08,1851.35,1851.35,2166779
KOTAKBANK,2026-01-06,1855.82,1889.62,1844.86,1886.69,1886.69,1821082
KOTAKBANK,2026-01-07,1890.44,1905.36,1874.69,1874.94,1874.94,2516110
KOTAKBANK,2026-01-08,1881.13,1888.54,1867.83,1879.56,1879.56,2100125
KOTAKBANK,2026-01-09,1876.81,1886.92,1855.75,1882.66,1882.66,1705025
KOTAKBANK,2026-01-12,1883.14,1883.73,1865.99,1867.69,1867.69,5266530
KOTAKBANK,2026-01-13,1874.69,1883.94,1857.2,1871.38,1871.38,2191113
KOTAKBANK,2026-01-14,1867.42,1878.24,1855.86,1855.99,1855.99,3073541
KOTAKBANK,2026-01-15,1859.18,1861.99,1837.04,1849.41,1849.41,3257408
KOTAKBANK,2026-01-16,1848.19,1868.73,1823.67,1844.18,1844.18,2198820
KOTAKBANK,2026-01-19,1845.32,1853.7,1803.0,1804.01,1804.01,9283028
KOTAKBANK,2026-01-20,1804.47,1808.2,1793.43,1807.14,1807.14,1431896
KOTAKBANK,2026-01-21,1802.86,1811.26,1760.56,1764.78,1764.78,2662951
KOTAKBANK,2026-01-22,1763.4,1801.45,1759.35,1790.12,1790.12,1941456
KOTAKBANK,2026-01-23,1790.9,1815.15,1770.22,1814.39,1814.39,5201239
KOTAKBANK,2026-01-26,1813.84,1856.71,1796.13,1830.03,1830.03,3436216
KOTAKBANK,2026-01-27,1838.66,1844.05,1795.44,1806.81,1806.81,2205850
KOTAKBANK,2026-01-28,1812.29,1812.32,1760.07,1774.8,1774.8,2156125
KOTAKBANK,2026-01-29,1776.34,1790.33,1700.74,1706.24,1706.24,7528234
KOTAKBANK,2026-01-30,1702.33,1715.03,1667.91,1677.73,1677.73,3449410
KOTAKBANK,2026-02-02,1673.59,1741.86,1670.45,1732.77,1732.77,6860928
KOTAKBANK,2026-02-03,1743.03,1751.46,1687.64,1709.52,1709.52,2720235
KOTAKBANK,2026-02-04,1704.34,1730.73,1688.63,1716.72,1716.72,2740014
KOTAKBANK,2026-02-05,1717.31,1721.71,1657.85,1662.96,1662.96,4369765
KOTAKBANK,2026-02-06,1664.76,1667.78,1645.08,1652.14,1652.14,1847261
KOTAKBANK,2026-02-09,1650.6,1696.41,1649.61,1679.18,1679.18,2783221
KOTAKBANK,2026-02-10,1674.13,1694.19,1672.47,1687.78,1687.78,1423910
KOTAKBANK,2026-02-11,1683.81,1706.23,1654.19,1666.18,1666.18,3349776
KOTAKBANK,2026-02-12,1663.45,1667.99,1638.46,1645.76,1645.76,3683122
KOTAKBANK,2026-02-13,1642.26,1659.2,1625.58,1653.43,1653.43,3357402
KOTAKBANK,2026-02-16,1660.02,1668.96,1622.72,1627.19,1627.19,3830807
KOTAKBANK,2026-02-17,1627.15,1631.14,1574.64,1576.34,1576.34,3678067
KOTAKBANK,2026-02-18,1573.86,1590.29,1554.34,1554.69,1554.69,5218798
KOTAKBANK,2026-02-19,1555.19,1569.62,1552.87,1567.09,1567.09,3508416
KOTAKBANK,2026-02-20,1570.23,1604.21,1558.94,1602.19,1602.19,5751350
KOTAKBANK,2026-02-23,1600.53,1623.19,1591.14,1619.66,1619.66,4695818
KOTAKBANK,2026-02-24,1624.04,1629.65,1586.43,1593.6,1593.6,2803111
KOTAKBANK,2026-02-25,1587.52,1614.23,1586.96,1599.87,1599.87,2588193
KOTAKBANK,2026-02-26,1605.49,1621.3,1601.17,1617.28,1617.28,3580719
KOTAKBANK,2026-02-27,1617.24,1620.44,1600.92,1620.21,1620.21,1320170
KOTAKBANK,2026-03-02,1619.98,1631.14,1609.93,1610.98,1610.98,1479812
KOTAKBANK,2026-03-03,1607.63,1640.71,1589.84,1618.92,1618.92,1353021
KOTAKBANK,2026-03-04,1612.96,1621.81,1562.09,1578.31,1578.31,3346220
KOTAKBANK,2026-03-05,1570.42,1624.19,1570.19,1622.18,1622.18,3162600
KOTAKBANK,2026-03-06,1618.47,1635.56,1617.92,1631.33,1631.33,1304896
KOTAKBANK,2026-03-09,1634.2,1636.71,1585.85,1588.59,1588.59,3780990
KOTAKBANK,2026-03-10,1584.01,1584.19,1566.2,1575.3,1575.3,2389388
KOTAKBANK,2026-03-11,1567.98,1615.8,1554.58,1595.08,1595.08,4372246
KOTAKBANK,2026-03-12,1590.73,1623.99,1577.57,1616.73,1616.73,6229774
KOTAKBANK,2026-03-13,1614.86,1626.05,1589.49,1602.28,1602.28,3020694
KOTAKBANK,2026-03-16,1600.62,1606.78,1591.18,1605.57,1605.57,1592823
KOTAKBANK,2026-03-17,1604.95,1631.31,1600.14,1616.95,1616.95,3112149
KOTAKBANK,2026-03-18,1621.96,1623.79,1562.57,1582.55,1582.55,3273815
KOTAKBANK,2026-03-19,1588.48,1593.7,1580.16,1587.15,1587.15,1957929
KOTAKBANK,2026-03-20,1596.7,1602.23,1592.02,1595.3,1595.3,1620468
KOTAKBANK,2026-03-23,1587.52,1588.39,1577.35,1587.49,1587.49,1889230
KOTAKBANK,2026-03-24,1583.41,1609.04,1573.76,1599.23,1599.23,2255042
KOTAKBANK,2026-03-25,1602.58,1616.73,1574.12,1586.8,1586.8,3375483
KOTAKBANK,2026-03-26,1584.63,1595.87,1577.85,1585.5,1585.5,2492283
KOTAKBANK,2026-03-27,1589.59,1628.97,1586.71,1613.61,1613.61,6285618
KOTAKBANK,2026-03-30,1614.62,1616.91,1572.74,1591.16,1591.16,3688268
KOTAKBANK,2026-03-31,1598.7,1606.09,1591.39,1605.75,1605.75,2992696
KOTAKBANK,2026-04-01,1610.77,1617.57,1557.58,1562.21,1562.21,3200624
KOTAKBANK,2026-04-02,1567.18,1581.11,1563.24,1575.65,1575.65,1645841
KOTAKBANK,2026-04-03,1573.71,1574.93,1565.97,1571.82,1571.82,1693989
KOTAKBANK,2026-04-06,1571.36,1573.01,1553.71,1560.07,1560.07,1835828
KOTAKBANK,2026-04-07,1558.64,1572.31,1514.86,1522.59,1522.59,1231253
KOTAKBANK,2026-04-08,1515.71,1517.88,1510.87,1516.72,1516.72,1478071
KOTAKBANK,2026-04-09,1523.41,1527.44,1511.5,1513.46,1513.46,4006211
KOTAKBANK,2026-04-10,1516.84,1519.05,1482.47,1493.78,1493.78,3199801
KOTAKBANK,2026-04-13,1492.24,1495.49,1458.68,1460.77,1460.77,2849069
KOTAKBANK,2026-04-14,1466.49,1477.68,1432.03,1432.22,1432.22,3702057
KOTAKBANK,2026-04-15,1429.52,1452.71,1420.72,1445.35,1445.35,1156112
KOTAKBANK,2026-04-16,1437.38,1468.95,1421.31,1465.99,1465.99,3163805
KOTAKBANK,2026-04-17,1470.42,1477.17,1468.04,1469.4,1469.4,3535359
KOTAKBANK,2026-04-20,1463.76,1483.73,1454.3,1476.37,1476.37,2157378
KOTAKBANK,2026-04-21,1475.51,1480.77,1458.67,1458.93,1458.93,1323939
KOTAKBANK,2026-04-22,1459.84,1461.56,1451.74,1452.48,1452.48,1903717
KOTAKBANK,2026-04-23,1454.16,1459.27,1431.98,1444.99,1444.99,3820358
KOTAKBANK,2026-04-24,1448.67,1474.63,1429.97,1471.8,1471.8,3411370
KOTAKBANK,2026-04-27,1474.36,1483.71,1461.34,1472.4,1472.4,1138128
KOTAKBANK,2026-04-28,1474.83,1486.28,1457.48,1458.16,1458.16,6602174
KOTAKBANK,2026-04-29,1454.7,1462.94,1438.28,1440.07,1440.07,1650532
KOTAKBANK,2026-04-30,1441.34,1449.13,1428.08,1438.86,1438.86,1844220
KOTAKBANK,2026-05-01,1432.37,1489.62,1424.6,1478.76,1478.76,2383724
KOTAKBANK,2026-05-04,1485.69,1504.76,1476.22,1501.82,1501.82,1918103
KOTAKBANK,2026-05-05,1495.5,1496.9,1467.15,1482.63,1482.63,2293076
KOTAKBANK,2026-05-06,1481.09,1487.16,1475.57,1483.97,1483.97,2626640
KOTAKBANK,2026-05-07,1478.1,1485.78,1472.14,1485.55,1485.55,3428633
KOTAKBANK,2026-05-08,1482.3,1487.14,1478.03,1479.71,1479.71,1899669
KOTAKBANK,2026-05-11,1479.77,1503.89,1478.7,1502.2,1502.2,1922726
KOTAKBANK,2026-05-12,1499.82,1533.7,1483.15,1530.6,1530.6,3750259
KOTAKBANK,2026-05-13,1535.86,1555.54,1531.68,1536.86,1536.86,2726655
KOTAKBANK,2026-05-14,1537.9,1542.77,1507.04,1518.35,1518.35,2976340
KOTAKBANK,2026-05-15,1516.24,1519.64,1480.48,1483.87,1483.87,3739325
KOTAKBANK,2026-05-18,1483.28,1490.2,1479.06,1479.21,1479.21,2074600
KOTAKBANK,2026-05-19,1484.62,1488.91,1460.26,1472.38,1472.38,2348242
KOTAKBANK,2026-05-20,1476.4,1480.1,1473.83,1477.02,1477.02,2017885
KOTAKBANK,2026-05-21,1471.98,1481.01,1465.89,1466.74,1466.74,3679980
KOTAKBANK,2026-05-22,1463.74,1480.82,1451.63,1479.0,1479.0,6042646
KOTAKBANK,2026-05-25,1481.11,1482.56,1435.04,1445.88,1445.88,3578048
KOTAKBANK,2026-05-26,1447.41,1448.61,1427.92,1438.29,1438.29,2289910
KOTAKBANK,2026-05-27,1433.76,1499.87,1400.31,1484.87,1484.87,4296514
KOTAKBANK,2026-05-28,1488.2,1494.57,1472.74,1476.64,1476.64,1777904
KOTAKBANK,2026-05-29,1472.7,1475.55,1461.42,1463.28,1463.28,3426620
KOTAKBANK,2026-06-01,1469.01,1512.88,1468.7,1501.73,1501.73,4205753
KOTAKBANK,2026-06-02,1504.11,1539.52,1498.61,1532.84,1532.84,2706592
KOTAKBANK,2026-06-03,1527.63,1532.97,1516.44,1518.81,1518.81,3628570
KOTAKBANK,2026-06-04,1516.4,1522.84,1510.23,1518.56,1518.56,2007814
KOTAKBANK,2026-06-05,1516.07,1520.77,1501.94,1504.36,1504.36,1724168
KOTAKBANK,2026-06-08,1505.08,1539.12,1491.55,1538.54,1538.54,3820460
KOTAKBANK,2026-06-09,1537.6,1549.14,1498.3,1505.33,1505.33,3607060
KOTAKBANK,2026-06-10,1500.16,1520.35,1491.12,1495.99,1495.99,3455168
KOTAKBANK,2026-06-11,1489.73,1513.12,1485.32,1508.97,1508.97,3481992
KOTAKBANK,2026-06-12,1511.46,1530.63,1494.79,1505.24,1505.24,2039057
KOTAKBANK,2026-06-15,1506.53,1514.25,1492.39,1501.6,1501.6,1760954
KOTAKBANK,2026-06-16,1502.07,1516.12,1500.32,1501.34,1501.34,1994238
KOTAKBANK,2026-06-17,1502.56,1504.04,1460.82,1469.55,1469.55,3765096
KOTAKBANK,2026-06-18,1466.82,1486.65,1465.29,1475.15,1475.15,2680703
KOTAKBANK,2026-06-19,1475.97,1476.18,1443.97,1460.77,1460.77,2894278
KOTAKBANK,2026-06-22,1471.89,1513.17,1462.2,1498.78,1498.78,3385762
KOTAKBANK,2026-06-23,1504.07,1508.18,1484.03,1489.63,1489.63,3497405
KOTAKBANK,2026-06-24,1488.34,1509.46,1459.25,1479.95,1479.95,1810006
KOTAKBANK,2026-06-25,1477.63,1481.76,1458.99,1481.05,1481.05,5464949
KOTAKBANK,2026-06-26,1468.34,1516.6,1462.73,1501.22,1501.22,3781941
KOTAKBANK,2026-06-29,1506.03,1510.86,1494.81,1501.08,1501.08,1266363
KOTAKBANK,2026-06-30,1504.63,1509.28,1465.53,1482.27,1482.27,2942997
KOTAKBANK,2026-07-01,1479.86,1498.68,1477.61,1495.73,1495.73,3432995
KOTAKBANK,2026-07-02,1489.3,1497.98,1472.55,1479.59,1479.59,2285214
KOTAKBANK,2026-07-03,1474.46,1495.51,1472.11,1494.74,1494.74,1423436
KOTAKBANK,2026-07-06,1496.73,1531.84,1490.32,1508.08,1508.08,1657232
KOTAKBANK,2026-07-07,1507.68,1549.66,1504.91,1544.86,1544.86,4243389
KOTAKBANK,2026-07-08,1548.07,1617.8,1545.02,1608.12,1608.12,2166078
KOTAKBANK,2026-07-09,1608.54,1615.9,1580.35,1587.51,1587.51,1540334
KOTAKBANK,2026-07-10,1592.11,1598.79,1560.89,1563.43,1563.43,3584601
KOTAKBANK,2026-07-13,1565.16,1569.15,1539.39,1543.01,1543.01,2529181
KOTAKBANK,2026-07-14,1546.85,1607.7,1537.6,1597.94,1597.94,3076196
KOTAKBANK,2026-07-15,1587.92,1633.42,1572.12,1632.0,1632.0,2656326
KOTAKBANK,2026-07-16,1625.96,1665.3,1622.93,1661.93,1661.93,1701029
KOTAKBANK,2026-07-17,1660.11,1676.41,1616.0,1621.18,1621.18,4199174
KOTAKBANK,2026-07-20,1626.43,1632.83,1618.87,1625.99,1625.99,1563688
KOTAKBANK,2026-07-21,1635.16,1637.98,1615.34,1620.7,1620.7,1756794
KOTAKBANK,2026-07-22,1619.9,1620.52,1576.13,1591.15,1591.15,3535117
KOTAKBANK,2026-07-23,1588.23,1611.79,1578.73,1608.31,1608.31,2365156
KOTAKBANK,2026-07-24,1598.88,1613.37,1573.17,1609.42,1609.42,1526625
KOTAKBANK,2026-07-27,1613.59,1619.32,1579.33,1609.27,1609.27,897207
KOTAKBANK,2026-07-28,1606.61,1620.22,1589.66,1617.87,1617.87,2663973
KOTAKBANK,2026-07-29,1632.23,1636.77,1569.36,1590.33,1590.33,3100404
KOTAKBANK,2026-07-30,1586.8,1608.74,1586.73,1587.97,1587.97,1683959
KOTAKBANK,2026-07-31,1598.0,1606.74,1569.06,1573.82,1573.82,1660927
KOTAKBANK,2026-08-03,1577.35,1602.42,1576.63,1593.16,1593.16,2723226
KOTAKBANK,2026-08-04,1588.25,1607.65,1538.1,1544.62,1544.62,4633212
KOTAKBANK,2026-08-05,1545.7,1549.71,1529.46,1531.95,1531.95,2571604
KOTAKBANK,2026-08-06,1535.49,1539.15,1529.1,1538.87,1538.87,4334835
KOTAKBANK,2026-08-07,1537.84,1555.94,1532.83,1547.61,1547.61,3074733
KOTAKBANK,2026-08-10,1551.5,1569.84,1537.42,1539.27,1539.27,2207507
KOTAKBANK,2026-08-11,1543.03,1545.23,1511.24,1518.93,1518.93,3726686
KOTAKBANK,2026-08-12,1521.65,1526.88,1507.06,1511.48,1511.48,2320137
KOTAKBANK,2026-08-13,1511.4,1550.91,1508.78,1549.0,1549.0,3504328
KOTAKBANK,2026-08-14,1543.54,1546.97,1517.92,1523.13,1523.13,5013281
KOTAKBANK,2026-08-17,1522.78,1530.35,1520.96,1529.64,1529.64,1561671
KOTAKBANK,2026-08-18,1530.45,1531.59,1503.19,1513.33,1513.33,2645122
KOTAKBANK,2026-08-19,1504.81,1519.16,1496.51,1509.51,1509.51,3433025
KOTAKBANK,2026-08-20,1510.28,1525.47,1499.98,1522.72,1522.72,2830130
KOTAKBANK,2026-08-21,1522.28,1522.66,1514.68,1517.45,1517.45,1888581
KOTAKBANK,2026-08-24,1511.55,1521.85,1507.88,1520.5,1520.5,1062365
KOTAKBANK,2026-08-25,1518.98,1561.25,1511.1,1544.24,1544.24,1171207
KOTAKBANK,2026-08-26,1542.79,1566.12,1530.35,1564.5,1564.5,6328759
KOTAKBANK,2026-08-27,1573.56,1593.16,1555.39,1588.25,1588.25,3257116
KOTAKBANK,2026-08-28,1589.3,1607.51,1580.4,1586.38,1586.38,1625395
KOTAKBANK,2026-08-31,1591.31,1649.88,1577.11,1635.8,1635.8,4379051
KOTAKBANK,2026-09-01,1635.22,1639.81,1610.75,1634.11,1634.11,1399355
KOTAKBANK,2026-09-02,1624.92,1672.76,1614.43,1671.67,1671.67,2920836
KOTAKBANK,2026-09-03,1675.04,1680.63,1641.67,1650.17,1650.17,1889519
KOTAKBANK,2026-09-04,1646.91,1650.72,1637.26,1647.25,1647.25,1186321
KOTAKBANK,2026-09-07,1645.59,1665.39,1636.1,1659.73,1659.73,1047748
KOTAKBANK,2026-09-08,1654.49,1689.05,1653.81,1679.84,1679.84,1424450
KOTAKBANK,2026-09-09,1680.2,1705.47,1672.04,1699.22,1699.22,4009996
KOTAKBANK,2026-09-10,1704.65,1722.81,1702.46,1708.77,1708.77,1560606
KOTAKBANK,2026-09-11,1713.55,1724.93,1691.98,1710.76,1710.76,2541912
KOTAKBANK,2026-09-14,1718.9,1767.6,1717.79,1765.02,1765.02,5629799
KOTAKBANK,2026-09-15,1774.17,1794.44,1730.23,1752.42,1752.42,2424666
KOTAKBANK,2026-09-16,1741.67,1771.93,1737.64,1756.39,1756.39,1878897
KOTAKBANK,2026-09-17,1750.1,1762.28,1734.44,1756.08,1756.08,2102145
KOTAKBANK,2026-09-18,1746.56,1758.45,1726.77,1743.78,1743.78,2032435
KOTAKBANK,2026-09-21,1747.08,1755.25,1712.69,1715.64,1715.64,4775512
KOTAKBANK,2026-09-22,1712.07,1720.46,1701.24,1706.73,1706.73,4856384
KOTAKBANK,2026-09-23,1704.22,1708.12,1688.5,1707.75,1707.75,3604897
KOTAKBANK,2026-09-24,1706.64,1770.21,1704.75,1769.82,1769.82,1736523
KOTAKBANK,2026-09-25,1771.85,1809.2,1749.65,1800.71,1800.71,2529020
KOTAKBANK,2026-09-28,1792.69,1817.03,1778.6,1795.63,1795.63,2154388
KOTAKBANK,2026-09-29,1788.85,1805.68,1777.98,1802.81,1802.81,2671804
KOTAKBANK,2026-09-30,1802.82,1815.28,1792.71,1814.05,1814.05,1178803
KOTAKBANK,2026-10-01,1820.57,1824.96,1776.23,1784.86,1784.86,1467675
KOTAKBANK,2026-10-02,1784.72,1789.43,1750.49,1753.66,1753.66,5113317
KOTAKBANK,2026-10-05,1749.49,1762.97,1743.73,1750.0,1750.0,1684658
HINDUNILVR,2025-10-21,2457.4,2461.52,2457.19,2461.38,2461.38,2956331
HINDUNILVR,2025-10-22,2460.82,2491.48,2448.93,2481.56,2481.56,5418082
HINDUNILVR,2025-10-23,2487.61,2502.86,2473.02,2476.4,2476.4,2852912
HINDUNILVR,2025-10-24,2472.68,2482.26,2462.23,2481.35,2481.35,3975828
HINDUNILVR,2025-10-27,2473.4,2484.69,2449.18,2449.33,2449.33,1986097
HINDUNILVR,2025-10-28,2457.78,2467.55,2403.02,2406.36,2406.36,1599955
HINDUNILVR,2025-10-29,2409.24,2412.79,2403.33,2406.82,2406.82,1982535
HINDUNILVR,2025-10-30,2414.09,2428.61,2373.24,2387.61,2387.61,3466240
HINDUNILVR,2025-10-31,2393.05,2397.82,2349.25,2353.8,2353.8,3747670
HINDUNILVR,2025-11-03,2369.2,2376.72,2320.4,2322.6,2322.6,4507562
HINDUNILVR,2025-11-04,2330.37,2369.95,2327.74,2365.99,2365.99,1117993
HINDUNILVR,2025-11-05,2360.85,2377.01,2359.3,2362.62,2362.62,3413123
HINDUNILVR,2025-11-06,2365.95,2398.76,2365.52,2383.14,2383.14,2855990
HINDUNILVR,2025-11-07,2379.16,2410.45,2378.35,2396.87,2396.87,1253431
HINDUNILVR,2025-11-10,2393.61,2402.25,2383.77,2391.79,2391.79,2816863
HINDUNILVR,2025-11-11,2381.66,2424.09,2370.73,2417.72,2417.72,2808160
HINDUNILVR,2025-11-12,2415.64,2436.7,2374.43,2386.29,2386.29,3215970
HINDUNILVR,2025-11-13,2390.19,2409.56,2355.35,2380.83,2380.83,3159974
HINDUNILVR,2025-11-14,2380.36,2396.06,2340.25,2348.76,2348.76,3313332
HINDUNILVR,2025-11-17,2341.01,2355.12,2331.65,2352.31,2352.31,1149872
HINDUNILVR,2025-11-18,2341.56,2350.26,2312.44,2339.24,2339.24,2185498
HINDUNILVR,2025-11-19,2354.06,2358.26,2307.49,2319.03,2319.03,1308415
HINDUNILVR,2025-11-20,2321.29,2348.33,2301.0,2335.94,2335.94,3130810
HINDUNILVR,2025-11-21,2330.16,2346.97,2316.4,2336.96,2336.96,3513793
HINDUNILVR,2025-11-24,2340.19,2341.75,2331.89,2336.55,2336.55,1213084
HINDUNILVR,2025-11-25,2351.89,2365.77,2291.73,2300.3,2300.3,2226604
HINDUNILVR,2025-11-26,2304.58,2313.01,2276.93,2287.34,2287.34,1629371
HINDUNILVR,2025-11-27,2268.21,2319.67,2261.61,2290.36,2290.36,1719103
HINDUNILVR,2025-11-28,2308.58,2335.83,2298.48,2309.44,2309.44,2920398
HINDUNILVR,2025-12-01,2296.63,2321.04,2283.77,2299.17,2299.17,1882741
HINDUNILVR,2025-12-02,2297.75,2342.6,2297.01,2318.22,2318.22,3211047
HINDUNILVR,2025-12-03,2310.33,2316.91,2304.97,2310.22,2310.22,3351030
HINDUNILVR,2025-12-04,2305.09,2309.81,2267.18,2278.38,2278.38,4363329
HINDUNILVR,2025-12-05,2280.33,2323.95,2268.73,2317.96,2317.96,1922590
HINDUNILVR,2025-12-08,2303.55,2338.69,2278.19,2330.7,2330.7,4019381
HINDUNILVR,2025-12-09,2330.07,2363.65,2315.46,2359.41,2359.41,4873110
HINDUNILVR,2025-12-10,2367.53,2381.25,2346.7,2355.33,2355.33,3881213
HINDUNILVR,2025-12-11,2349.37,2392.79,2346.04,2381.1,2381.1,2469181
HINDUNILVR,2025-12-12,2371.17,2407.03,2357.81,2397.53,2397.53,1770463
HINDUNILVR,2025-12-15,2396.52,2417.06,2353.5,2358.76,2358.76,1991616
HINDUNILVR,2025-12-16,2356.36,2390.08,2320.29,2365.05,2365.05,1378035
HINDUNILVR,2025-12-17,2360.83,2365.51,2354.63,2356.43,2356.43,2210251
HINDUNILVR,2025-12-18,2348.03,2365.32,2285.15,2291.48,2291.48,5117173
HINDUNILVR,2025-12-19,2295.04,2319.45,2258.81,2261.96,2261.96,4644471
HINDUNILVR,2025-12-22,2266.0,2292.07,2246.02,2278.16,2278.16,1982311
HINDUNILVR,2025-12-23,2270.87,2275.48,2247.37,2267.08,2267.08,2237795
HINDUNILVR,2025-12-24,2260.77,2264.26,2238.98,2243.19,2243.19,2506169
HINDUNILVR,2025-12-25,2244.11,2249.91,2171.03,2184.78,2184.78,2755125
HINDUNILVR,2025-12-26,2178.45,2188.44,2117.44,2130.43,2130.43,4672314
HINDUNILVR,2025-12-29,2131.57,2134.7,2125.7,2125.9,2125.9,2439034
HINDUNILVR,2025-12-30,2135.26,2176.37,2123.32,2169.69,2169.69,3382219
HINDUNILVR,2025-12-31,2169.3,2179.92,2140.09,2154.97,2154.97,2755685
HINDUNILVR,2026-01-01,2147.12,2149.37,2131.07,2145.4,2145.4,2874718
HINDUNILVR,2026-01-02,2147.93,2157.84,2086.49,2087.64,2087.64,4594347
HINDUNILVR,2026-01-05,2086.53,2089.02,2034.28,2045.69,2045.69,2281134
HINDUNILVR,2026-01-06,2044.77,2093.33,2039.03,2091.84,2091.84,4736775
HINDUNILVR,2026-01-07,2094.82,2118.0,2051.92,2073.68,2073.68,2770516
HINDUNILVR,2026-01-08,2077.97,2081.21,2047.76,2064.96,2064.96,1876883
HINDUNILVR,2026-01-09,2065.18,2098.77,2056.11,2072.34,2072.34,2410547
HINDUNILVR,2026-01-12,2071.96,2089.31,2059.33,2071.17,2071.17,2314342
HINDUNILVR,2026-01-13,2083.99,2092.24,2081.28,2086.61,2086.61,3737493
HINDUNILVR,2026-01-14,2094.13,2111.44,2084.19,2109.78,2109.78,1737056
HINDUNILVR,2026-01-15,2115.06,2123.34,2102.82,2117.79,2117.79,3751190
HINDUNILVR,2026-01-16,2118.62,2130.66,2093.22,2106.02,2106.02,2335888
HINDUNILVR,2026-01-19,2099.66,2124.08,2069.84,2073.97,2073.97,2364282
HINDUNILVR,2026-01-20,2080.98,2081.63,2051.51,2059.08,2059.08,1945457
HINDUNILVR,2026-01-21,2059.97,2099.65,2054.3,2077.98,2077.98,1692561
HINDUNILVR,2026-01-22,2074.38,2107.71,2070.84,2103.57,2103.57,1351064
HINDUNILVR,2026-01-23,2102.04,2148.37,2085.49,2132.93,2132.93,3680849
HINDUNILVR,2026-01-26,2126.75,2131.51,2109.81,2129.51,2129.51,4590166
HINDUNILVR,2026-01-27,2136.26,2163.59,2114.47,2151.94,2151.94,1364584
HINDUNILVR,2026-01-28,2156.35,2169.18,2138.13,2141.17,2141.17,1559941
HINDUNILVR,2026-01-29,2142.33,2154.12,2099.44,2103.94,2103.94,4087423
HINDUNILVR,2026-01-30,2103.67,2122.87,2087.49,2102.45,2102.45,1988142
HINDUNILVR,2026-02-02,2098.16,2129.16,2073.54,2128.25,2128.25,3781306
HINDUNILVR,2026-02-03,2114.65,2136.21,2094.89,2114.91,2114.91,2262771
HINDUNILVR,2026-02-04,2105.95,2125.64,2084.02,2120.76,2120.76,1701991
HINDUNILVR,2026-02-05,2116.03,2117.82,2098.51,2102.49,2102.49,2281606
HINDUNILVR,2026-02-06,2096.86,2146.1,2090.56,2140.34,2140.34,1173879
HINDUNILVR,2026-02-09,2142.19,2172.73,2135.84,2159.51,2159.51,1590724
HINDUNILVR,2026-02-10,2164.77,2178.59,2110.57,2133.39,2133.39,3955105
HINDUNILVR,2026-02-11,2132.57,2146.47,2090.26,2110.89,2110.89,4209748
HINDUNILVR,2026-02-12,2119.81,2122.96,2095.35,2105.66,2105.66,3739006
HINDUNILVR,2026-02-13,2100.71,2128.0,2098.66,2121.91,2121.91,2910783
HINDUNILVR,2026-02-16,2121.05,2124.16,2090.89,2100.33,2100.33,1050753
HINDUNILVR,2026-02-17,2100.01,2116.75,2097.55,2112.6,2112.6,1806631
HINDUNILVR,2026-02-18,2119.52,2125.48,2104.67,2107.52,2107.52,3611166
HINDUNILVR,2026-02-19,2108.19,2110.79,2086.37,2098.38,2098.38,4289804
HINDUNILVR,2026-02-20,2099.22,2127.39,2088.03,2112.62,2112.62,4113331
HINDUNILVR,2026-02-23,2102.13,2129.54,2069.13,2111.62,2111.62,1829706
HINDUNILVR,2026-02-24,2105.91,2121.36,2083.13,2103.38,2103.38,1313523
HINDUNILVR,2026-02-25,2110.3,2138.79,2097.28,2136.12,2136.12,2854651
HINDUNILVR,2026-02-26,2122.82,2193.5,2114.47,2182.51,2182.51,3280112
HINDUNILVR,2026-02-27,2191.3,2216.05,2185.87,2188.33,2188.33,4005127
HINDUNILVR,2026-03-02,2191.61,2219.88,2177.41,2196.4,2196.4,2411745
HINDUNILVR,2026-03-03,2191.47,2247.32,2175.55,2236.64,2236.64,3083182
HINDUNILVR,2026-03-04,2231.06,2264.35,2218.61,2247.16,2247.16,2329344
HINDUNILVR,2026-03-05,2259.94,2287.95,2244.81,2287.14,2287.14,3557790
HINDUNILVR,2026-03-06,2296.83,2319.83,2289.19,2305.39,2305.39,3154466
HINDUNILVR,2026-03-09,2304.56,2315.46,2285.2,2293.42,2293.42,1715630
HINDUNILVR,2026-03-10,2294.34,2311.74,2240.72,2250.02,2250.02,2043126
HINDUNILVR,2026-03-11,2245.66,2275.18,2232.33,2267.69,2267.69,4235674
HINDUNILVR,2026-03-12,2268.61,2309.7,2263.74,2295.85,2295.85,1409177
HINDUNILVR,2026-03-13,2291.21,2291.48,2269.7,2277.15,2277.15,4754098
HINDUNILVR,2026-03-16,2276.61,2279.98,2226.58,2237.44,2237.44,1410580
HINDUNILVR,2026-03-17,2249.59,2303.55,2247.51,2282.03,2282.03,2498442
HINDUNILVR,2026-03-18,2281.38,2290.73,2254.96,2269.27,2269.27,3417010
HINDUNILVR,2026-03-19,2262.13,2264.97,2207.53,2222.9,2222.9,3211200
HINDUNILVR,2026-03-20,2213.79,2243.13,2213.13,2230.79,2230.79,1295491
HINDUNILVR,2026-03-23,2231.64,2236.0,2212.43,2220.1,2220.1,2690198
HINDUNILVR,2026-03-24,2215.03,2227.07,2198.74,2225.0,2225.0,2171321
HINDUNILVR,2026-03-25,2226.65,2234.11,2198.03,2198.92,2198.92,2462010
HINDUNILVR,2026-03-26,2188.23,2188.27,2153.94,2176.57,2176.57,2018166
HINDUNILVR,2026-03-27,2181.08,2238.72,2169.92,2215.46,2215.46,2994345
HINDUNILVR,2026-03-30,2208.41,2226.29,2182.7,2184.37,2184.37,2237100
HINDUNILVR,2026-03-31,2184.67,2192.52,2167.47,2192.31,2192.31,5822162
HINDUNILVR,2026-04-01,2190.09,2204.53,2129.17,2147.98,2147.98,2905237
HINDUNILVR,2026-04-02,2159.05,2190.92,2135.22,2145.36,2145.36,1770011
HINDUNILVR,2026-04-03,2146.46,2159.71,2130.42,2136.19,2136.19,1801614
HINDUNILVR,2026-04-06,2148.66,2156.14,2143.43,2148.94,2148.94,4756839
HINDUNILVR,2026-04-07,2152.56,2155.28,2097.02,2099.86,2099.86,1742689
HINDUNILVR,2026-04-08,2108.84,2124.14,2087.99,2113.19,2113.19,2723872
HINDUNILVR,2026-04-09,2111.87,2122.78,2070.12,2077.92,2077.92,2711517
HINDUNILVR,2026-04-10,2080.08,2086.56,2073.82,2084.13,2084.13,1222352
HINDUNILVR,2026-04-13,2091.75,2094.94,2026.74,2043.4,2043.4,2274842
HINDUNILVR,2026-04-14,2048.94,2091.23,2044.58,2086.0,2086.0,3644246
HINDUNILVR,2026-04-15,2089.33,2094.6,2069.3,2072.94,2072.94,1667573
HINDUNILVR,2026-04-16,2070.9,2136.69,2061.18,2118.93,2118.93,3647556
HINDUNILVR,2026-04-17,2117.92,2154.19,2113.58,2152.87,2152.87,5847168
HINDUNILVR,2026-04-20,2160.21,2188.39,2140.5,2169.17,2169.17,2603235
HINDUNILVR,2026-04-21,2177.93,2182.8,2147.93,2159.44,2159.44,1258062
HINDUNILVR,2026-04-22,2155.6,2160.52,2124.92,2129.6,2129.6,2003022
HINDUNILVR,2026-04-23,2124.85,2174.16,2124.14,2143.23,2143.23,2107472
HINDUNILVR,2026-04-24,2137.42,2160.76,2122.99,2139.54,2139.54,1811255
HINDUNILVR,2026-04-27,2144.87,2166.47,2122.02,2126.22,2126.22,2501818
HINDUNILVR,2026-04-28,2120.29,2130.44,2110.92,2118.78,2118.78,2483036
HINDUNILVR,2026-04-29,2123.97,2151.91,2085.07,2102.39,2102.39,4884809
HINDUNILVR,2026-04-30,2105.83,2106.87,2077.29,2100.49,2100.49,2033358
HINDUNILVR,2026-05-01,2097.06,2152.53,2088.33,2149.6,2149.6,2117610
HINDUNILVR,2026-05-04,2159.69,2199.59,2158.21,2171.45,2171.45,4100203
HINDUNILVR,2026-05-05,2161.93,2166.16,2132.5,2145.96,2145.96,4450395
HINDUNILVR,2026-05-06,2156.64,2188.85,2155.63,2174.72,2174.72,3044952
HINDUNILVR,2026-05-07,2176.8,2182.13,2136.46,2144.11,2144.11,2560701
HINDUNILVR,2026-05-08,2130.77,2145.62,2116.56,2126.52,2126.52,3171966
HINDUNILVR,2026-05-11,2136.67,2159.72,2122.29,2129.47,2129.47,1898048
HINDUNILVR,2026-05-12,2135.68,2169.51,2130.31,2162.36,2162.36,1271837
HINDUNILVR,2026-05-13,2159.58,2189.12,2127.6,2127.68,2127.68,3688856
HINDUNILVR,2026-05-14,2121.52,2138.78,2106.03,2125.73,2125.73,2910815
HINDUNILVR,2026-05-15,2115.73,2135.39,2080.72,2093.15,2093.15,5163653
HINDUNILVR,2026-05-18,2108.32,2131.13,2046.02,2054.06,2054.06,2317436
HINDUNILVR,2026-05-19,2048.37,2075.74,2036.96,2073.15,2073.15,2772948
HINDUNILVR,2026-05-20,2065.29,2102.96,2053.38,2095.02,2095.02,2878529
HINDUNILVR,2026-05-21,2096.7,2102.34,2054.33,2063.62,2063.62,2981243
HINDUNILVR,2026-05-22,2053.48,2059.84,2034.42,2039.81,2039.81,2798678
HINDUNILVR,2026-05-25,2033.8,2044.96,2009.72,2014.71,2014.71,2759749
HINDUNILVR,2026-05-26,2020.73,2036.0,1958.91,1962.18,1962.18,3868609
HINDUNILVR,2026-05-27,1964.91,2032.07,1960.1,2026.69,2026.69,5254244
HINDUNILVR,2026-05-28,2024.34,2025.75,1990.21,1995.91,1995.91,4713764
HINDUNILVR,2026-05-29,1996.01,2024.43,1979.2,2010.39,2010.39,1783054
HINDUNILVR,2026-06-01,2007.72,2030.04,1998.21,2026.45,2026.45,2292266
HINDUNILVR,2026-06-02,2026.07,2090.71,2013.56,2076.17,2076.17,2892190
HINDUNILVR,2026-06-03,2071.43,2100.98,2057.67,2082.51,2082.51,1725694
HINDUNILVR,2026-06-04,2078.88,2084.28,2049.58,2070.12,2070.12,1224681
HINDUNILVR,2026-06-05,2066.33,2091.64,2039.44,2082.75,2082.75,2367358
HINDUNILVR,2026-06-08,2078.22,2142.43,2058.7,2138.03,2138.03,4289225
HINDUNILVR,2026-06-09,2144.72,2155.81,2108.05,2109.14,2109.14,2623918
HINDUNILVR,2026-06-10,2114.02,2125.86,2066.58,2079.21,2079.21,2822850
HINDUNILVR,2026-06-11,2073.39,2080.0,2057.43,2063.71,2063.71,2870386
HINDUNILVR,2026-06-12,2056.31,2094.16,2038.54,2084.44,2084.44,4532154
HINDUNILVR,2026-06-15,2083.45,2092.8,2080.83,2086.71,2086.71,1731010
HINDUNILVR,2026-06-16,2100.2,2107.54,2083.02,2107.46,2107.46,1609352
HINDUNILVR,2026-06-17,2100.96,2107.55,2076.61,2077.93,2077.93,2721975
HINDUNILVR,2026-06-18,2076.92,2083.86,2038.78,2045.1,2045.1,6223835
HINDUNILVR,2026-06-19,2045.65,2058.78,1991.26,1993.84,1993.84,2195308
HINDUNILVR,2026-06-22,1993.19,2061.71,1985.33,2056.83,2056.83,4971112
HINDUNILVR,2026-06-23,2054.0,2072.33,2053.19,2058.74,2058.74,3238851
HINDUNILVR,2026-06-24,2065.88,2073.85,2058.5,2070.81,2070.81,904687
HINDUNILVR,2026-06-25,2073.64,2107.67,2060.12,2095.62,2095.62,3170992
HINDUNILVR,2026-06-26,2100.94,2107.44,2064.62,2069.48,2069.48,3474317
HINDUNILVR,2026-06-29,2073.14,2080.76,2057.66,2060.19,2060.19,2022209
HINDUNILVR,2026-06-30,2065.72,2119.04,2041.43,2098.28,2098.28,2372364
HINDUNILVR,2026-07-01,2108.25,2124.8,2098.39,2113.05,2113.05,1894920
HINDUNILVR,2026-07-02,2121.49,2130.03,2059.94,2084.92,2084.92,2437500
HINDUNILVR,2026-07-03,2099.46,2108.89,2058.34,2065.99,2065.99,2237929
HINDUNILVR,2026-07-06,2073.53,2085.74,2039.77,2054.53,2054.53,1901259
HINDUNILVR,2026-07-07,2050.4,2098.23,2035.81,2086.08,2086.08,2517493
HINDUNILVR,2026-07-08,2091.39,2187.8,2082.56,2159.15,2159.15,6489670
HINDUNILVR,2026-07-09,2163.75,2173.67,2126.19,2163.17,2163.17,1287852
HINDUNILVR,2026-07-10,2175.63,2196.48,2106.01,2124.54,2124.54,1517350
HINDUNILVR,2026-07-13,2118.38,2138.6,2102.34,2104.02,2104.02,4148515
HINDUNILVR,2026-07-14,2107.54,2135.16,2096.69,2132.19,2132.19,2568646
HINDUNILVR,2026-07-15,2127.83,2133.88,2093.37,2110.72,2110.72,2212993
HINDUNILVR,2026-07-16,2113.96,2144.74,2094.01,2128.89,2128.89,2384204
HINDUNILVR,2026-07-17,2127.52,2128.27,2123.3,2123.66,2123.66,2314786
HINDUNILVR,2026-07-20,2126.72,2146.28,2121.63,2144.53,2144.53,2079383
HINDUNILVR,2026-07-21,2135.45,2144.78,2121.43,2136.73,2136.73,2692640
HINDUNILVR,2026-07-22,2141.82,2172.15,2099.02,2106.2,2106.2,1931841
HINDUNILVR,2026-07-23,2107.51,2108.4,2061.68,2064.07,2064.07,2822519
HINDUNILVR,2026-07-24,2065.01,2075.67,2063.04,2066.87,2066.87,850818
HINDUNILVR,2026-07-27,2078.96,2092.38,2073.49,2075.13,2075.13,3547965
HINDUNILVR,2026-07-28,2072.75,2078.0,2051.44,2052.33,2052.33,2460217
HINDUNILVR,2026-07-29,2054.44,2109.78,2043.91,2091.57,2091.57,4065020
HINDUNILVR,2026-07-30,2092.2,2114.74,2088.69,2104.56,2104.56,2844617
HINDUNILVR,2026-07-31,2105.81,2111.92,2068.34,2070.76,2070.76,3670327
HINDUNILVR,2026-08-03,2084.56,2089.57,2055.69,2061.13,2061.13,2253071
HINDUNILVR,2026-08-04,2061.52,2062.31,1989.35,1997.33,1997.33,4500373
HINDUNILVR,2026-08-05,1993.93,2040.21,1981.63,2025.75,2025.75,1921934
HINDUNILVR,2026-08-06,2037.12,2057.07,2028.84,2047.85,2047.85,1645243
HINDUNILVR,2026-08-07,2045.96,2089.91,2033.17,2087.57,2087.57,3001378
HINDUNILVR,2026-08-10,2077.51,2085.29,2076.27,2082.02,2082.02,1631316
HINDUNILVR,2026-08-11,2077.39,2083.65,2036.25,2047.45,2047.45,5268302
HINDUNILVR,2026-08-12,2039.79,2047.65,2027.46,2028.63,2028.63,2941715
HINDUNILVR,2026-08-13,2017.68,2085.88,2006.69,2067.04,2067.04,2326227
HINDUNILVR,2026-08-14,2064.78,2076.64,2021.27,2036.88,2036.88,2563024
HINDUNILVR,2026-08-17,2036.45,2056.57,2026.87,2048.1,2048.1,2435975
HINDUNILVR,2026-08-18,2055.36,2083.21,2041.14,2076.54,2076.54,2727790
HINDUNILVR,2026-08-19,2080.46,2085.57,2060.63,2073.72,2073.72,2300661
HINDUNILVR,2026-08-20,2077.35,2099.22,2073.98,2083.49,2083.49,2325383
HINDUNILVR,2026-08-21,2077.91,2092.1,2040.44,2045.66,2045.66,1761686
HINDUNILVR,2026-08-24,2051.09,2133.09,2029.66,2125.89,2125.89,1806689
HINDUNILVR,2026-08-25,2134.76,2153.83,2127.4,2129.5,2129.5,1794503
HINDUNILVR,2026-08-26,2132.03,2194.89,2114.7,2177.68,2177.68,4146170
HINDUNILVR,2026-08-27,2180.44,2224.05,2167.26,2219.89,2219.89,2703118
HINDUNILVR,2026-08-28,2211.47,2237.63,2209.56,2218.17,2218.17,3327124
HINDUNILVR,2026-08-31,2225.19,2281.05,2205.08,2271.12,2271.12,3322997
HINDUNILVR,2026-09-01,2283.25,2308.86,2279.92,2300.62,2300.62,4733536
HINDUNILVR,2026-09-02,2302.85,2311.38,2301.28,2301.56,2301.56,3181426
HINDUNILVR,2026-09-03,2297.45,2304.78,2259.76,2280.64,2280.64,3846163
HINDUNILVR,2026-09-04,2279.53,2284.11,2258.49,2283.96,2283.96,1278599
HINDUNILVR,2026-09-07,2281.08,2298.6,2260.71,2268.68,2268.68,2398414
HINDUNILVR,2026-09-08,2266.22,2336.23,2254.16,2321.12,2321.12,5450725
HINDUNILVR,2026-09-09,2325.64,2327.66,2284.47,2314.96,2314.96,2387296
HINDUNILVR,2026-09-10,2316.9,2364.58,2304.76,2329.92,2329.92,2953188
HINDUNILVR,2026-09-11,2336.94,2357.74,2329.12,2341.26,2341.26,1303777
HINDUNILVR,2026-09-14,2343.86,2366.22,2305.41,2318.0,2318.0,5551064
HINDUNILVR,2026-09-15,2311.99,2339.04,2306.59,2319.67,2319.67,1476023
HINDUNILVR,2026-09-16,2316.19,2369.85,2307.75,2364.01,2364.01,1400126
HINDUNILVR,2026-09-17,2360.02,2412.31,2353.57,2406.6,2406.6,2645887
HINDUNILVR,2026-09-18,2405.26,2418.55,2369.2,2380.12,2380.12,992221
HINDUNILVR,2026-09-21,2392.93,2427.91,2391.64,2414.73,2414.73,1840953
HINDUNILVR,2026-09-22,2428.89,2428.9,2399.13,2412.43,2412.43,5674861
HINDUNILVR,2026-09-23,2418.48,2418.78,2390.32,2391.05,2391.05,2158027
HINDUNILVR,2026-09-24,2391.9,2443.18,2381.83,2419.92,2419.92,1523304
HINDUNILVR,2026-09-25,2410.03,2477.84,2392.69,2444.2,2444.2,2602955
HINDUNILVR,2026-09-28,2445.81,2449.62,2416.78,2419.74,2419.74,1802255
HINDUNILVR,2026-09-29,2414.01,2437.8,2405.98,2436.84,2436.84,3393701
HINDUNILVR,2026-09-30,2448.76,2457.96,2410.65,2411.68,2411.68,1821555
HINDUNILVR,2026-10-01,2400.06,2403.91,2391.78,2395.22,2395.22,2663762
HINDUNILVR,2026-10-02,2397.98,2405.22,2391.58,2400.06,2400.06,1329199
HINDUNILVR,2026-10-05,2393.77,2400.04,2389.55,2400.0,2400.0,5612024
MARUTI,2025-10-21,12137.35,12247.34,12059.97,12157.9,12157.9,1917030
MARUTI,2025-10-22,12188.33,12194.84,12154.18,12168.16,12168.16,3177541
MARUTI,2025-10-23,12213.28,12226.82,12098.94,12166.96,12166.96,1423505
MARUTI,2025-10-24,12136.25,12193.25,12066.2,12070.28,12070.28,1885109
MARUTI,2025-10-27,12045.14,12064.87,11826.84,11941.57,11941.57,1627671
MARUTI,2025-10-28,11922.02,12189.29,11886.42,12140.94,12140.94,2562035
MARUTI,2025-10-29,12087.5,12096.51,11916.37,11924.71,11924.71,3493581
MARUTI,2025-10-30,11907.91,11992.33,11393.84,11550.16,11550.16,9044571
MARUTI,2025-10-31,11595.26,11639.21,11227.74,11306.38,11306.38,3547649
MARUTI,2025-11-03,11270.91,11410.58,11215.68,11329.9,11329.9,2061611
MARUTI,2025-11-04,11374.94,11469.75,11318.45,11340.04,11340.04,2875324
MARUTI,2025-11-05,11325.3,11408.58,11202.15,11251.45,11251.45,3235797
MARUTI,2025-11-06,11322.81,11387.2,11270.99,11355.49,11355.49,2008221
MARUTI,2025-11-07,11332.26,11402.89,11183.85,11383.72,11383.72,5350326
MARUTI,2025-11-10,11378.8,11543.05,11351.84,11429.31,11429.31,2198928
MARUTI,2025-11-11,11398.1,11533.31,11387.1,11421.38,11421.38,2224716
MARUTI,2025-11-12,11397.82,11495.44,11363.64,11410.46,11410.46,2542976
MARUTI,2025-11-13,11456.27,11489.0,11339.18,11352.49,11352.49,2624830
MARUTI,2025-11-14,11368.66,11443.36,11142.9,11247.9,11247.9,4663161
MARUTI,2025-11-17,11282.62,11323.82,11160.45,11315.64,11315.64,1848097
MARUTI,2025-11-18,11270.98,11563.61,11186.69,11478.01,11478.01,3871731
MARUTI,2025-11-19,11500.56,11534.82,11282.51,11313.88,11313.88,3032662
MARUTI,2025-11-20,11280.91,11371.47,11117.58,11302.19,11302.19,3028721
MARUTI,2025-11-21,11256.84,11524.04,11217.91,11509.52,11509.52,2811579
MARUTI,2025-11-24,11517.76,11572.76,11456.91,11529.77,11529.77,1814314
MARUTI,2025-11-25,11537.67,11581.16,11344.45,11363.54,11363.54,3815005
MARUTI,2025-11-26,11365.36,11409.16,11215.64,11300.05,11300.05,2672586
MARUTI,2025-11-27,11324.38,11494.41,11253.05,11374.93,11374.93,1711109
MARUTI,2025-11-28,11404.74,11559.16,11311.91,11412.56,11412.56,3732960
MARUTI,2025-12-01,11462.88,11655.5,11390.33,11400.13,11400.13,2744649
MARUTI,2025-12-02,11359.42,11571.56,11328.88,11557.44,11557.44,2716075
MARUTI,2025-12-03,11609.51,11649.93,11483.34,11579.87,11579.87,1739734
MARUTI,2025-12-04,11645.26,11675.74,11387.75,11487.99,11487.99,2841765
MARUTI,2025-12-05,11475.37,11647.63,11419.87,11647.38,11647.38,3649790
MARUTI,2025-12-08,11589.08,11832.87,11544.52,11819.22,11819.22,1508416
MARUTI,2025-12-09,11770.16,12085.8,11750.16,12010.2,12010.2,3412330
MARUTI,2025-12-10,11993.56,12317.89,11918.41,12258.63,12258.63,4155236
MARUTI,2025-12-11,12332.7,12420.36,12259.74,12297.64,12297.64,847517
MARUTI,2025-12-12,12298.27,12642.75,12242.91,12526.08,12526.08,3328777
MARUTI,2025-12-15,12502.89,12576.69,12482.88,12543.5,12543.5,2726925
MARUTI,2025-12-16,12517.7,12643.34,12472.41,12615.3,12615.3,2929716
MARUTI,2025-12-17,12565.24,12719.75,12554.05,12646.85,12646.85,2937990
MARUTI,2025-12-18,12680.03,12844.29,12646.44,12694.1,12694.1,1933848
MARUTI,2025-12-19,12690.59,12888.51,12546.14,12815.11,12815.11,1680356
MARUTI,2025-12-22,12895.84,12983.28,12633.53,12812.69,12812.69,970700
MARUTI,2025-12-23,12836.83,12851.23,12632.48,12776.08,12776.08,3332516
MARUTI,2025-12-24,12807.89,12866.95,12582.81,12611.77,12611.77,3646631
MARUTI,2025-12-25,12602.61,12603.1,12453.73,12473.56,12473.56,4210163
MARUTI,2025-12-26,12432.74,12444.33,12156.05,12261.77,12261.77,2245707
MARUTI,2025-12-29,12229.64,12533.34,12152.25,12515.72,12515.72,4416444
MARUTI,2025-12-30,12464.31,12591.52,12395.17,12582.17,12582.17,1259678
MARUTI,2025-12-31,12616.53,12945.0,12548.98,12890.69,12890.69,2417960
MARUTI,2026-01-01,12875.8,12925.51,12660.86,12753.63,12753.63,2753900
MARUTI,2026-01-02,12790.08,12798.65,12616.39,12741.73,12741.73,2657529
MARUTI,2026-01-05,12746.93,12784.83,12324.94,12443.57,12443.57,6637865
MARUTI,2026-01-06,12432.64,12543.04,12231.6,12332.76,12332.76,2284571
MARUTI,2026-01-07,12289.49,12298.44,12179.49,12285.31,12285.31,1564602
MARUTI,2026-01-08,12296.43,12376.99,12071.62,12165.7,12165.7,1777132
MARUTI,2026-01-09,12157.72,12247.21,12014.33,12044.48,12044.48,1958212
MARUTI,2026-01-12,12077.08,12170.39,12051.06,12056.87,12056.87,4969255
MARUTI,2026-01-13,12030.99,12308.06,12014.41,12257.23,12257.23,4010830
MARUTI,2026-01-14,12279.89,12279.93,12172.32,12176.47,12176.47,3707712
MARUTI,2026-01-15,12236.41,12241.11,11965.39,12046.43,12046.43,2382469
MARUTI,2026-01-16,12056.28,12073.94,11922.5,11959.33,11959.33,2412802
MARUTI,2026-01-19,11987.5,12143.36,11863.17,11876.43,11876.43,3169946
MARUTI,2026-01-20,11896.81,12063.34,11811.13,12011.53,12011.53,2169181
MARUTI,2026-01-21,12079.93,12097.65,11842.25,11883.2,11883.2,2333360
MARUTI,2026-01-22,11896.44,12069.76,11866.05,12010.28,12010.28,1996847
MARUTI,2026-01-23,12035.5,12177.53,12019.07,12168.99,12168.99,2310710
MARUTI,2026-01-26,12167.66,12559.18,12158.54,12509.28,12509.28,3694986
MARUTI,2026-01-27,12480.22,12583.37,12277.43,12343.44,12343.44,1998791
MARUTI,2026-01-28,12298.7,12384.99,12131.3,12147.35,12147.35,3291055
MARUTI,2026-01-29,12193.52,12374.68,12045.01,12109.21,12109.21,2431384
MARUTI,2026-01-30,12072.58,12082.32,11954.69,11977.83,11977.83,2449595
MARUTI,2026-02-02,12004.63,12141.71,11979.08,12085.69,12085.69,1807040
MARUTI,2026-02-03,12100.77,12166.36,12007.5,12044.45,12044.45,2279814
MARUTI,2026-02-04,12077.61,12340.14,12002.55,12315.41,12315.41,2701479
MARUTI,2026-02-05,12296.39,12327.78,12032.01,12076.65,12076.65,3206482
MARUTI,2026-02-06,12048.0,12456.96,11999.72,12350.76,12350.76,5147666
MARUTI,2026-02-09,12364.78,12553.57,12193.13,12320.63,12320.63,1289187
MARUTI,2026-02-10,12309.83,12356.04,12300.97,12353.3,12353.3,5105460
MARUTI,2026-02-11,12307.67,12633.85,12287.39,12552.27,12552.27,2849349
MARUTI,2026-02-12,12625.27,12676.01,12426.52,12535.42,12535.42,2432051
MARUTI,2026-02-13,12505.66,12558.43,12493.93,12545.39,12545.39,1502261
MARUTI,2026-02-16,12508.0,12610.23,12462.37,12596.98,12596.98,3516540
MARUTI,2026-02-17,12587.83,12686.18,12331.58,12463.33,12463.33,2488974
MARUTI,2026-02-18,12510.17,12516.14,12385.9,12412.1,12412.1,1902862
MARUTI,2026-02-19,12331.41,12545.8,12268.79,12407.69,12407.69,1591821
MARUTI,2026-02-20,12451.24,12703.79,12266.3,12670.92,12670.92,2902426
MARUTI,2026-02-23,12636.27,12668.6,12465.37,12515.44,12515.44,3212094
MARUTI,2026-02-24,12525.37,12602.18,12377.33,12382.77,12382.77,2803933
MARUTI,2026-02-25,12357.66,12446.28,12231.44,12240.74,12240.74,2626788
MARUTI,2026-02-26,12313.88,12457.86,12196.45,12360.57,12360.57,1927663
MARUTI,2026-02-27,12365.19,12385.37,12159.39,12197.89,12197.89,2036966
MARUTI,2026-03-02,12171.98,12172.38,12051.27,12080.61,12080.61,2126891
MARUTI,2026-03-03,12069.7,12249.25,12046.82,12053.02,12053.02,2547100
MARUTI,2026-03-04,12056.26,12291.72,11889.85,12277.28,12277.28,4013337
MARUTI,2026-03-05,12283.82,12384.21,12242.03,12303.65,12303.65,2902826
MARUTI,2026-03-06,12319.84,12386.14,12093.39,12167.92,12167.92,2641039
MARUTI,2026-03-09,12167.87,12174.18,12047.11,12089.78,12089.78,2758336
MARUTI,2026-03-10,12039.83,12296.97,11951.84,12172.87,12172.87,2234455
MARUTI,2026-03-11,12160.45,12345.33,12088.53,12316.96,12316.96,1336295
MARUTI,2026-03-12,12339.37,12532.91,12244.54,12479.28,12479.28,2533073
MARUTI,2026-03-13,12454.21,12664.44,12450.89,12628.97,12628.97,2316708
MARUTI,2026-03-16,12654.46,12793.73,12533.57,12708.15,12708.15,1553826
MARUTI,2026-03-17,12709.36,12957.99,12709.1,12909.78,12909.78,2326402
MARUTI,2026-03-18,12901.34,12923.67,12575.7,12732.11,12732.11,2962886
MARUTI,2026-03-19,12777.73,12824.49,12643.69,12708.45,12708.45,1330437
MARUTI,2026-03-20,12642.18,12673.61,12569.38,12602.92,12602.92,1865330
MARUTI,2026-03-23,12577.39,12581.77,12463.6,12491.8,12491.8,4661124
MARUTI,2026-03-24,12537.99,12841.91,12428.68,12676.23,12676.23,1503539
MARUTI,2026-03-25,12745.82,12860.25,12621.76,12831.28,12831.28,2514752
MARUTI,2026-03-26,12919.28,12933.22,12878.89,12925.56,12925.56,1516647
MARUTI,2026-03-27,12927.51,13012.87,12698.65,12819.8,12819.8,1829719
MARUTI,2026-03-30,12837.41,12845.47,12646.57,12679.38,12679.38,2437280
MARUTI,2026-03-31,12710.47,12730.13,12589.64,12660.11,12660.11,1396634
MARUTI,2026-04-01,12708.54,12843.07,12349.17,12447.72,12447.72,3760531
MARUTI,2026-04-02,12459.41,12538.74,12287.75,12293.16,12293.16,4679918
MARUTI,2026-04-03,12327.31,12351.83,12184.56,12189.21,12189.21,3483731
MARUTI,2026-04-06,12206.02,12377.3,12112.16,12296.82,12296.82,3774879
MARUTI,2026-04-07,12316.08,12357.31,12235.05,12268.74,12268.74,1220087
MARUTI,2026-04-08,12234.94,12289.47,12203.47,12269.09,12269.09,1800610
MARUTI,2026-04-09,12256.98,12272.52,12139.0,12234.37,12234.37,2593650
MARUTI,2026-04-10,12215.18,12215.62,11880.74,11919.29,11919.29,5008364
MARUTI,2026-04-13,11876.78,11900.49,11751.29,11781.01,11781.01,5397792
MARUTI,2026-04-14,11722.64,11757.36,11542.05,11546.65,11546.65,4873755
MARUTI,2026-04-15,11531.98,11593.15,11428.59,11530.96,11530.96,2953751
MARUTI,2026-04-16,11521.83,11689.68,11501.09,11668.3,11668.3,7705085
MARUTI,2026-04-17,11671.97,11678.81,11559.88,11607.98,11607.98,2381041
MARUTI,2026-04-20,11627.33,11773.86,11435.73,11748.39,11748.39,2403383
MARUTI,2026-04-21,11755.02,11929.01,11724.47,11912.78,11912.78,3015852
MARUTI,2026-04-22,11903.6,12135.53,11889.98,12088.8,12088.8,1980066
MARUTI,2026-04-23,12055.61,12189.35,12029.73,12166.21,12166.21,2427205
MARUTI,2026-04-24,12198.22,12232.55,12151.77,12171.98,12171.98,1007919
MARUTI,2026-04-27,12168.27,12307.27,12162.59,12283.29,12283.29,2042410
MARUTI,2026-04-28,12267.31,12432.18,12199.53,12352.97,12352.97,2214654
MARUTI,2026-04-29,12346.06,12451.81,12091.04,12120.42,12120.42,4551720
MARUTI,2026-04-30,12093.78,12451.01,12015.62,12327.43,12327.43,4663421
MARUTI,2026-05-01,12307.81,12634.31,12230.71,12502.08,12502.08,1917708
MARUTI,2026-05-04,12480.98,12786.37,12465.37,12618.83,12618.83,5817468
MARUTI,2026-05-05,12607.95,12698.25,12469.37,12497.59,12497.59,2713369
MARUTI,2026-05-06,12522.18,12583.85,12431.8,12515.06,12515.06,2274028
MARUTI,2026-05-07,12530.34,12619.54,12162.87,12244.51,12244.51,1718770
MARUTI,2026-05-08,12301.32,12463.89,11977.34,12159.61,12159.61,1870185
MARUTI,2026-05-11,12203.81,12274.95,12166.28,12257.66,12257.66,3744514
MARUTI,2026-05-12,12329.61,12510.5,12303.64,12402.3,12402.3,2868891
MARUTI,2026-05-13,12423.1,12476.26,12295.47,12385.53,12385.53,2154172
MARUTI,2026-05-14,12405.71,12430.81,12201.75,12288.91,12288.91,2681516
MARUTI,2026-05-15,12270.94,12413.99,12107.59,12178.77,12178.77,1413820
MARUTI,2026-05-18,12208.95,12395.16,12042.65,12297.58,12297.58,2463161
MARUTI,2026-05-19,12273.37,12428.25,12231.6,12325.52,12325.52,3719891
MARUTI,2026-05-20,12271.15,12359.08,12245.57,12333.31,12333.31,3120398
MARUTI,2026-05-21,12389.79,12395.13,12355.32,12371.66,12371.66,2061552
MARUTI,2026-05-22,12325.3,12496.92,12251.33,12475.7,12475.7,4637060
MARUTI,2026-05-25,12492.12,12747.75,12325.83,12648.88,12648.88,1693793
MARUTI,2026-05-26,12615.47,12697.69,12500.35,12666.73,12666.73,1401101
MARUTI,2026-05-27,12709.55,12899.25,12691.35,12866.86,12866.86,6143426
MARUTI,2026-05-28,12915.61,12938.37,12590.66,12630.73,12630.73,3886742
MARUTI,2026-05-29,12650.79,12694.66,12450.87,12497.96,12497.96,2326362
MARUTI,2026-06-01,12544.7,12755.77,12543.18,12636.5,12636.5,2580716
MARUTI,2026-06-02,12636.77,13023.09,12553.68,12989.78,12989.78,2623812
MARUTI,2026-06-03,13076.84,13127.12,12728.35,12789.65,12789.65,3246350
MARUTI,2026-06-04,12818.28,12942.29,12729.97,12911.77,12911.77,2757357
MARUTI,2026-06-05,12876.88,12879.27,12675.65,12771.54,12771.54,2653312
MARUTI,2026-06-08,12774.21,12843.04,12719.89,12735.75,12735.75,1351784
MARUTI,2026-06-09,12729.92,12745.47,12608.53,12628.31,12628.31,2764467
MARUTI,2026-06-10,12618.82,12623.08,12413.96,12503.78,12503.78,2081241
MARUTI,2026-06-11,12441.62,12477.44,12298.27,12425.33,12425.33,1588939
MARUTI,2026-06-12,12439.75,12511.15,12358.81,12392.0,12392.0,3556201
MARUTI,2026-06-15,12340.48,12362.06,12119.02,12267.54,12267.54,6152776
MARUTI,2026-06-16,12174.6,12301.95,12152.74,12260.97,12260.97,4381897
MARUTI,2026-06-17,12248.32,12357.75,11981.32,12063.05,12063.05,3827174
MARUTI,2026-06-18,12035.69,12115.49,11972.61,11981.04,11981.04,2147793
MARUTI,2026-06-19,11950.07,12014.17,11876.84,11960.77,11960.77,2025663
MARUTI,2026-06-22,11849.42,12113.87,11668.37,12108.64,12108.64,3191611
MARUTI,2026-06-23,12077.73,12413.73,12064.96,12240.94,12240.94,2222338
MARUTI,2026-06-24,12234.56,12366.92,12207.22,12307.73,12307.73,3908791
MARUTI,2026-06-25,12284.31,12555.77,12163.29,12435.56,12435.56,1150509
MARUTI,2026-06-26,12450.01,12490.21,12426.08,12432.19,12432.19,1775856
MARUTI,2026-06-29,12484.13,12610.89,12473.91,12530.37,12530.37,3376303
MARUTI,2026-06-30,12549.78,12591.24,12547.97,12589.23,12589.23,1612793
MARUTI,2026-07-01,12627.99,12790.14,12601.61,12762.11,12762.11,2538145
MARUTI,2026-07-02,12804.57,12959.83,12383.22,12459.58,12459.58,4323719
MARUTI,2026-07-03,12421.49,12485.91,12313.07,12465.07,12465.07,3687414
MARUTI,2026-07-06,12481.49,12504.37,12429.76,12502.92,12502.92,1289153
MARUTI,2026-07-07,12540.25,12773.76,12475.6,12704.91,12704.91,1698640
MARUTI,2026-07-08,12688.29,12810.33,12670.55,12742.4,12742.4,1478128
MARUTI,2026-07-09,12712.17,12754.94,12614.4,12619.63,12619.63,1383273
MARUTI,2026-07-10,12639.71,12730.68,12560.86,12653.04,12653.04,1190367
MARUTI,2026-07-13,12596.8,12721.5,12428.69,12456.64,12456.64,1974319
MARUTI,2026-07-14,12415.98,12456.85,12301.3,12355.95,12355.95,4038196
MARUTI,2026-07-15,12331.23,12540.15,12293.89,12491.9,12491.9,2324593
MARUTI,2026-07-16,12508.78,12655.26,12472.97,12600.03,12600.03,2526962
MARUTI,2026-07-17,12608.31,12609.33,12229.72,12424.39,12424.39,1922769
MARUTI,2026-07-20,12462.87,12502.9,12352.86,12403.08,12403.08,2686183
MARUTI,2026-07-21,12368.78,12465.45,12332.95,12436.6,12436.6,4538804
MARUTI,2026-07-22,12400.21,12551.37,12332.72,12487.65,12487.65,1561022
MARUTI,2026-07-23,12507.28,12570.15,12217.96,12248.33,12248.33,6247265
MARUTI,2026-07-24,12218.98,12295.86,12027.83,12087.04,12087.04,3206116
MARUTI,2026-07-27,12065.16,12084.49,12018.07,12020.76,12020.76,2325480
MARUTI,2026-07-28,11953.8,12020.31,11882.82,11995.46,11995.46,2473989
MARUTI,2026-07-29,12005.93,12122.16,11823.24,11931.22,11931.22,2691378
MARUTI,2026-07-30,11986.39,11990.42,11964.45,11989.75,11989.75,4779327
MARUTI,2026-07-31,11952.72,12157.35,11813.66,12139.68,12139.68,3351663
MARUTI,2026-08-03,12176.89,12335.38,12145.73,12315.16,12315.16,3521858
MARUTI,2026-08-04,12312.97,12466.15,12073.52,12149.74,12149.74,2354717
MARUTI,2026-08-05,12085.4,12253.05,11992.49,12165.56,12165.56,2881768
MARUTI,2026-08-06,12132.91,12215.13,12103.08,12187.68,12187.68,1425919
MARUTI,2026-08-07,12152.71,12204.7,11989.27,12062.72,12062.72,2711467
MARUTI,2026-08-10,12051.27,12167.02,11879.49,11910.18,11910.18,8681444
MARUTI,2026-08-11,11925.17,11986.54,11527.96,11598.92,11598.92,1306691
MARUTI,2026-08-12,11663.26,11681.44,11541.75,11615.03,11615.03,2267187
MARUTI,2026-08-13,11565.16,11810.31,11546.74,11800.38,11800.38,3260087
MARUTI,2026-08-14,11783.21,11832.28,11375.26,11500.16,11500.16,3209102
MARUTI,2026-08-17,11469.25,11594.24,11440.87,11588.72,11588.72,2247481
MARUTI,2026-08-18,11544.64,11580.27,11437.67,11463.44,11463.44,2727196
MARUTI,2026-08-19,11466.73,11484.95,11327.71,11340.55,11340.55,2372272
MARUTI,2026-08-20,11340.6,11370.85,11182.18,11184.28,11184.28,3068878
MARUTI,2026-08-21,11123.42,11176.55,10901.58,11035.78,11035.78,2285609
MARUTI,2026-08-24,11036.38,11224.0,10954.69,11217.44,11217.44,6633303
MARUTI,2026-08-25,11176.88,11329.73,11159.45,11252.59,11252.59,1960869
MARUTI,2026-08-26,11252.99,11584.43,11245.58,11499.42,11499.42,4111075
MARUTI,2026-08-27,11543.22,11647.88,11522.48,11555.83,11555.83,1739960
MARUTI,2026-08-28,11571.89,11591.71,11517.65,11551.91,11551.91,2909217
MARUTI,2026-08-31,11558.06,11934.21,11529.41,11931.94,11931.94,5240636
MARUTI,2026-09-01,11913.02,11945.09,11723.88,11783.56,11783.56,3225069
MARUTI,2026-09-02,11785.92,12146.12,11712.93,12015.8,12015.8,2084391
MARUTI,2026-09-03,12036.11,12291.78,12034.52,12193.39,12193.39,2113332
MARUTI,2026-09-04,12210.37,12310.42,12140.86,12298.02,12298.02,4889766
MARUTI,2026-09-07,12294.36,12302.34,12076.8,12197.28,12197.28,1821478
MARUTI,2026-09-08,12205.23,12576.38,12167.11,12470.71,12470.71,4266267
MARUTI,2026-09-09,12421.46,12519.45,12297.99,12324.51,12324.51,1839569
MARUTI,2026-09-10,12297.36,12366.22,12061.23,12315.49,12315.49,3033013
MARUTI,2026-09-11,12341.64,12402.23,12239.44,12254.66,12254.66,1730535
MARUTI,2026-09-14,12285.62,12333.82,12205.23,12298.61,12298.61,1493657
MARUTI,2026-09-15,12302.06,12352.45,12236.44,12257.12,12257.12,1642331
MARUTI,2026-09-16,12311.5,12632.2,12196.88,12571.4,12571.4,2795509
MARUTI,2026-09-17,12590.56,12684.39,12451.35,12548.79,12548.79,2457047
MARUTI,2026-09-18,12540.01,12577.08,12344.8,12400.79,12400.79,2764152
MARUTI,2026-09-21,12355.41,12430.6,12140.32,12221.46,12221.46,1838559
MARUTI,2026-09-22,12274.21,12412.13,12101.66,12121.41,12121.41,2444203
MARUTI,2026-09-23,12149.43,12243.92,11931.64,11939.54,11939.54,1824120
MARUTI,2026-09-24,12003.95,12005.75,11863.37,11940.27,11940.27,2569576
MARUTI,2026-09-25,12017.88,12018.15,11938.15,11989.71,11989.71,3102242
MARUTI,2026-09-28,11943.42,12204.9,11838.18,12057.5,12057.5,2296002
MARUTI,2026-09-29,12011.04,12050.37,11910.95,12022.34,12022.34,2404005
MARUTI,2026-09-30,11919.07,12189.64,11877.46,12091.3,12091.3,4681970
MARUTI,2026-10-01,12124.62,12155.66,11950.4,11969.01,11969.01,2429347
MARUTI,2026-10-02,11992.59,12043.92,11823.39,11872.73,11872.73,1688373
MARUTI,2026-10-05,11876.21,12002.49,11793.64,12000.0,12000.0,3299303
SUNPHARMA,2025-10-21,1443.42,1443.5,1429.68,1440.53,1440.53,2491348
SUNPHARMA,2025-10-22,1440.2,1443.88,1429.92,1437.52,1437.52,3163249
SUNPHARMA,2025-10-23,1439.43,1452.1,1427.19,1435.52,1435.52,2240637
SUNPHARMA,2025-10-24,1437.52,1446.17,1421.39,1431.39,1431.39,1115770
SUNPHARMA,2025-10-27,1430.52,1440.89,1429.27,1440.09,1440.09,2014584
SUNPHARMA,2025-10-28,1446.25,1463.86,1440.96,1455.77,1455.77,1276229
SUNPHARMA,2025-10-29,1461.84,1475.36,1447.97,1450.53,1450.53,2858041
SUNPHARMA,2025-10-30,1451.2,1452.39,1432.76,1439.52,1439.52,3485973
SUNPHARMA,2025-10-31,1436.93,1438.05,1410.26,1421.53,1421.53,3980255
SUNPHARMA,2025-11-03,1427.1,1440.37,1371.69,1378.1,1378.1,4655251
SUNPHARMA,2025-11-04,1369.74,1392.33,1367.93,1388.08,1388.08,3551977
SUNPHARMA,2025-11-05,1389.93,1392.59,1342.72,1347.71,1347.71,1989802
SUNPHARMA,2025-11-06,1350.7,1352.57,1316.36,1318.63,1318.63,3142089
SUNPHARMA,2025-11-07,1315.35,1341.04,1311.02,1330.53,1330.53,1429354
SUNPHARMA,2025-11-10,1334.42,1336.95,1314.51,1330.85,1330.85,1730308
SUNPHARMA,2025-11-11,1330.74,1339.18,1323.82,1333.08,1333.08,3975319
SUNPHARMA,2025-11-12,1330.9,1348.95,1326.36,1344.34,1344.34,3845080
SUNPHARMA,2025-11-13,1348.23,1354.62,1337.92,1348.92,1348.92,2847712
SUNPHARMA,2025-11-14,1344.53,1349.26,1333.09,1336.08,1336.08,2373026
SUNPHARMA,2025-11-17,1339.56,1358.46,1328.38,1351.66,1351.66,1795867
SUNPHARMA,2025-11-18,1343.62,1384.67,1343.48,1382.62,1382.62,3588585
SUNPHARMA,2025-11-19,1383.8,1385.09,1358.27,1371.52,1371.52,3839055
SUNPHARMA,2025-11-20,1371.7,1372.1,1359.77,1366.12,1366.12,2612503
SUNPHARMA,2025-11-21,1363.91,1383.17,1346.58,1361.7,1361.7,1153746
SUNPHARMA,2025-11-24,1363.29,1364.57,1329.61,1336.42,1336.42,3230059
SUNPHARMA,2025-11-25,1336.1,1340.95,1306.83,1321.27,1321.27,1237653
SUNPHARMA,2025-11-26,1325.45,1331.17,1286.76,1308.73,1308.73,3517919
SUNPHARMA,2025-11-27,1310.93,1311.42,1295.82,1299.52,1299.52,1820966
SUNPHARMA,2025-11-28,1301.29,1307.96,1290.63,1305.81,1305.81,1391653
SUNPHARMA,2025-12-01,1306.95,1307.12,1277.54,1280.89,1280.89,4340238
SUNPHARMA,2025-12-02,1279.07,1282.88,1266.82,1281.33,1281.33,2505511
SUNPHARMA,2025-12-03,1280.16,1284.67,1271.52,1272.95,1272.95,2603911
SUNPHARMA,2025-12-04,1273.9,1277.68,1254.68,1262.59,1262.59,5932982
SUNPHARMA,2025-12-05,1261.93,1262.06,1252.29,1258.63,1258.63,2796680
SUNPHARMA,2025-12-08,1262.83,1277.77,1255.09,1257.9,1257.9,1558705
SUNPHARMA,2025-12-09,1258.25,1274.29,1239.46,1262.96,1262.96,2734193
SUNPHARMA,2025-12-10,1264.38,1280.77,1246.32,1253.47,1253.47,2168276
SUNPHARMA,2025-12-11,1248.2,1252.06,1248.15,1250.78,1250.78,3503275
SUNPHARMA,2025-12-12,1254.32,1268.09,1251.58,1263.05,1263.05,2868283
SUNPHARMA,2025-12-15,1260.85,1269.02,1238.18,1247.92,1247.92,3142803
SUNPHARMA,2025-12-16,1244.01,1253.9,1239.81,1243.53,1243.53,1231018
SUNPHARMA,2025-12-17,1249.68,1256.64,1237.73,1240.18,1240.18,2196603
SUNPHARMA,2025-12-18,1242.78,1248.52,1242.13,1245.33,1245.33,2179805
SUNPHARMA,2025-12-19,1248.99,1266.15,1224.19,1224.64,1224.64,1978158
SUNPHARMA,2025-12-22,1226.3,1227.69,1206.67,1212.0,1212.0,2379371
SUNPHARMA,2025-12-23,1211.66,1232.53,1209.16,1225.85,1225.85,3164873
SUNPHARMA,2025-12-24,1224.82,1226.13,1206.99,1216.92,1216.92,2413453
SUNPHARMA,2025-12-25,1219.76,1235.84,1189.14,1196.24,1196.24,1706484
SUNPHARMA,2025-12-26,1200.31,1206.7,1186.42,1203.0,1203.0,2077912
SUNPHARMA,2025-12-29,1202.76,1232.99,1194.72,1224.43,1224.43,2515337
SUNPHARMA,2025-12-30,1232.05,1270.75,1229.42,1265.99,1265.99,4287438
SUNPHARMA,2025-12-31,1265.24,1302.23,1263.05,1299.08,1299.08,3639737
SUNPHARMA,2026-01-01,1293.64,1319.53,1292.04,1317.72,1317.72,2400538
SUNPHARMA,2026-01-02,1310.91,1316.16,1287.65,1292.3,1292.3,2623272
SUNPHARMA,2026-01-05,1285.75,1305.7,1262.52,1270.87,1270.87,3058534
SUNPHARMA,2026-01-06,1269.29,1277.97,1259.08,1269.78,1269.78,2989055
SUNPHARMA,2026-01-07,1268.9,1272.62,1263.2,1266.52,1266.52,2387435
SUNPHARMA,2026-01-08,1269.12,1292.41,1253.0,1283.4,1283.4,4894940
SUNPHARMA,2026-01-09,1283.29,1286.0,1279.58,1280.95,1280.95,3299348
SUNPHARMA,2026-01-12,1284.19,1293.43,1257.02,1268.08,1268.08,4700227
SUNPHARMA,2026-01-13,1268.26,1274.36,1252.45,1263.19,1263.19,3825252
SUNPHARMA,2026-01-14,1263.25,1305.27,1251.12,1286.25,1286.25,5715061
SUNPHARMA,2026-01-15,1284.02,1296.53,1282.32,1291.77,1291.77,1410782
SUNPHARMA,2026-01-16,1297.28,1299.96,1276.84,1287.56,1287.56,2820488
SUNPHARMA,2026-01-19,1281.64,1290.6,1264.39,1266.86,1266.86,4797104
SUNPHARMA,2026-01-20,1268.01,1272.5,1251.44,1265.91,1265.91,3547905
SUNPHARMA,2026-01-21,1265.22,1269.8,1240.78,1253.44,1253.44,1889363
SUNPHARMA,2026-01-22,1256.38,1278.49,1255.64,1276.41,1276.41,3984093
SUNPHARMA,2026-01-23,1276.33,1283.32,1254.35,1263.29,1263.29,2676651
SUNPHARMA,2026-01-26,1263.32,1272.31,1262.29,1269.02,1269.02,4714100
SUNPHARMA,2026-01-27,1268.0,1281.7,1254.96,1256.44,1256.44,1478472
SUNPHARMA,2026-01-28,1261.69,1266.16,1201.83,1205.37,1205.37,3271944
SUNPHARMA,2026-01-29,1205.38,1215.97,1179.61,1192.59,1192.59,1268330
SUNPHARMA,2026-01-30,1199.64,1209.99,1171.5,1175.67,1175.67,3001787
SUNPHARMA,2026-02-02,1176.63,1194.29,1168.07,1193.45,1193.45,7112994
SUNPHARMA,2026-02-03,1193.53,1197.36,1179.71,1186.26,1186.26,2301148
SUNPHARMA,2026-02-04,1185.74,1216.11,1184.68,1215.88,1215.88,3591977
SUNPHARMA,2026-02-05,1217.94,1221.58,1210.03,1211.44,1211.44,2741904
SUNPHARMA,2026-02-06,1209.3,1231.87,1207.15,1224.91,1224.91,2520339
SUNPHARMA,2026-02-09,1225.45,1237.56,1220.44,1235.21,1235.21,2872050
SUNPHARMA,2026-02-10,1235.24,1251.12,1230.42,1244.98,1244.98,2867897
SUNPHARMA,2026-02-11,1246.2,1251.21,1233.3,1250.74,1250.74,1609534
SUNPHARMA,2026-02-12,1252.06,1263.49,1242.74,1248.32,1248.32,2020448
SUNPHARMA,2026-02-13,1249.83,1267.46,1248.22,1262.14,1262.14,3549082
SUNPHARMA,2026-02-16,1262.5,1266.8,1226.28,1227.97,1227.97,5241780
SUNPHARMA,2026-02-17,1233.75,1245.17,1230.41,1242.36,1242.36,4498133
SUNPHARMA,2026-02-18,1243.94,1256.8,1227.72,1250.15,1250.15,2692430
SUNPHARMA,2026-02-19,1259.92,1262.4,1251.75,1255.06,1255.06,2554876
SUNPHARMA,2026-02-20,1255.25,1261.27,1251.1,1253.39,1253.39,2783235
SUNPHARMA,2026-02-23,1257.0,1286.51,1251.99,1270.75,1270.75,2207857
SUNPHARMA,2026-02-24,1267.98,1271.73,1260.97,1261.29,1261.29,1882468
SUNPHARMA,2026-02-25,1266.59,1279.8,1265.82,1271.39,1271.39,2337633
SUNPHARMA,2026-02-26,1268.7,1272.58,1260.11,1268.63,1268.63,1268231
SUNPHARMA,2026-02-27,1270.36,1314.36,1267.13,1299.94,1299.94,4039814
SUNPHARMA,2026-03-02,1298.91,1312.19,1273.02,1277.7,1277.7,4578432
SUNPHARMA,2026-03-03,1279.43,1292.57,1271.55,1290.25,1290.25,1930295
SUNPHARMA,2026-03-04,1289.34,1291.29,1267.74,1267.92,1267.92,3595724
SUNPHARMA,2026-03-05,1264.92,1290.67,1264.47,1283.29,1283.29,2098914
SUNPHARMA,2026-03-06,1282.24,1285.9,1277.41,1280.19,1280.19,1416150
SUNPHARMA,2026-03-09,1286.11,1289.26,1279.06,1282.93,1282.93,4801809
SUNPHARMA,2026-03-10,1284.73,1289.3,1257.35,1264.32,1264.32,1910028
SUNPHARMA,2026-03-11,1259.43,1303.15,1247.67,1296.01,1296.01,2071227
SUNPHARMA,2026-03-12,1300.27,1303.94,1294.79,1300.81,1300.81,2400245
SUNPHARMA,2026-03-13,1297.33,1310.54,1288.8,1295.83,1295.83,2461728
SUNPHARMA,2026-03-16,1298.72,1305.99,1285.77,1289.06,1289.06,2996132
SUNPHARMA,2026-03-17,1291.2,1313.48,1288.52,1310.94,1310.94,6644475
SUNPHARMA,2026-03-18,1313.36,1321.36,1302.03,1304.89,1304.89,1654542
SUNPHARMA,2026-03-19,1312.15,1314.88,1295.9,1305.66,1305.66,1600755
SUNPHARMA,2026-03-20,1302.41,1316.62,1295.16,1316.3,1316.3,4692424
SUNPHARMA,2026-03-23,1318.71,1322.26,1316.52,1321.45,1321.45,3224955
SUNPHARMA,2026-03-24,1326.44,1328.03,1309.56,1310.1,1310.1,3437222
SUNPHARMA,2026-03-25,1307.57,1319.16,1307.04,1314.03,1314.03,1706803
SUNPHARMA,2026-03-26,1311.09,1340.53,1309.17,1339.41,1339.41,4895720
SUNPHARMA,2026-03-27,1338.25,1344.1,1331.81,1332.26,1332.26,3172463
SUNPHARMA,2026-03-30,1333.56,1346.52,1327.22,1340.28,1340.28,2523606
SUNPHARMA,2026-03-31,1334.6,1359.25,1334.37,1356.76,1356.76,2144427
SUNPHARMA,2026-04-01,1359.0,1362.49,1341.07,1355.25,1355.25,2137929
SUNPHARMA,2026-04-02,1349.53,1367.71,1349.17,1365.14,1365.14,4670143
SUNPHARMA,2026-04-03,1370.44,1379.75,1344.14,1358.02,1358.02,1480919
SUNPHARMA,2026-04-06,1360.11,1370.32,1346.23,1351.4,1351.4,1650897
SUNPHARMA,2026-04-07,1359.16,1367.63,1329.67,1332.8,1332.8,2183729
SUNPHARMA,2026-04-08,1335.48,1351.4,1324.42,1324.68,1324.68,1990791
SUNPHARMA,2026-04-09,1323.47,1334.11,1315.02,1317.07,1317.07,2311157
SUNPHARMA,2026-04-10,1313.91,1325.12,1297.24,1323.46,1323.46,3331699
SUNPHARMA,2026-04-13,1324.4,1331.79,1308.93,1330.27,1330.27,2752029
SUNPHARMA,2026-04-14,1330.15,1339.23,1300.66,1313.65,1313.65,2797914
SUNPHARMA,2026-04-15,1318.32,1331.39,1309.73,1314.35,1314.35,2250389
SUNPHARMA,2026-04-16,1310.69,1348.79,1303.09,1340.72,1340.72,4061651
SUNPHARMA,2026-04-17,1348.85,1362.34,1335.87,1360.37,1360.37,1453554
SUNPHARMA,2026-04-20,1365.57,1376.84,1354.03,1362.58,1362.58,3192404
SUNPHARMA,2026-04-21,1361.75,1378.31,1314.09,1319.46,1319.46,2799132
SUNPHARMA,2026-04-22,1326.58,1333.57,1317.17,1317.98,1317.98,1716356
SUNPHARMA,2026-04-23,1314.88,1325.47,1300.35,1304.56,1304.56,2969627
SUNPHARMA,2026-04-24,1305.37,1322.16,1305.26,1315.73,1315.73,2415694
SUNPHARMA,2026-04-27,1310.69,1332.81,1309.05,1330.66,1330.66,3224604
SUNPHARMA,2026-04-28,1338.03,1342.5,1329.22,1334.66,1334.66,2287821
SUNPHARMA,2026-04-29,1328.07,1364.42,1318.55,1359.65,1359.65,2748965
SUNPHARMA,2026-04-30,1353.78,1388.48,1342.38,1379.58,1379.58,5249875
SUNPHARMA,2026-05-01,1376.95,1434.42,1364.01,1432.55,1432.55,5606471
SUNPHARMA,2026-05-04,1438.23,1476.63,1429.27,1474.6,1474.6,4179545
SUNPHARMA,2026-05-05,1478.82,1510.67,1469.03,1486.96,1486.96,3270795
SUNPHARMA,2026-05-06,1487.51,1500.31,1480.49,1483.59,1483.59,1597368
SUNPHARMA,2026-05-07,1488.12,1493.01,1445.44,1448.4,1448.4,8139612
SUNPHARMA,2026-05-08,1447.9,1487.81,1446.32,1478.51,1478.51,2075355
SUNPHARMA,2026-05-11,1480.38,1485.1,1475.95,1483.7,1483.7,2292576
SUNPHARMA,2026-05-12,1491.05,1518.29,1490.61,1516.94,1516.94,2943387
SUNPHARMA,2026-05-13,1515.81,1523.5,1499.55,1500.58,1500.58,2307756
SUNPHARMA,2026-05-14,1497.13,1510.3,1475.46,1507.94,1507.94,1895933
SUNPHARMA,2026-05-15,1510.07,1513.39,1442.9,1447.46,1447.46,3244261
SUNPHARMA,2026-05-18,1450.68,1453.11,1426.09,1440.26,1440.26,3666814
SUNPHARMA,2026-05-19,1440.74,1450.07,1415.05,1427.44,1427.44,1553044
SUNPHARMA,2026-05-20,1431.74,1437.17,1424.35,1428.67,1428.67,3014210
SUNPHARMA,2026-05-21,1427.8,1437.13,1411.3,1434.71,1434.71,2895524
SUNPHARMA,2026-05-22,1435.26,1439.01,1418.34,1418.61,1418.61,2279180
SUNPHARMA,2026-05-25,1420.2,1420.79,1404.61,1408.96,1408.96,2955604
SUNPHARMA,2026-05-26,1410.18,1412.19,1410.01,1410.56,1410.56,1924529
SUNPHARMA,2026-05-27,1417.38,1479.34,1408.34,1468.98,1468.98,2830614
SUNPHARMA,2026-05-28,1470.61,1479.63,1458.43,1465.08,1465.08,1384093
SUNPHARMA,2026-05-29,1463.75,1476.17,1437.87,1446.42,1446.42,3568372
SUNPHARMA,2026-06-01,1448.71,1452.71,1438.54,1449.47,1449.47,2684050
SUNPHARMA,2026-06-02,1453.86,1523.18,1450.53,1510.92,1510.92,4904740
SUNPHARMA,2026-06-03,1514.42,1518.21,1499.15,1508.74,1508.74,1768613
SUNPHARMA,2026-06-04,1511.99,1513.82,1501.47,1504.64,1504.64,1987306
SUNPHARMA,2026-06-05,1497.88,1508.62,1469.38,1485.03,1485.03,2425847
SUNPHARMA,2026-06-08,1473.92,1499.52,1473.31,1491.97,1491.97,1123822
SUNPHARMA,2026-06-09,1497.68,1500.29,1486.36,1490.41,1490.41,2095904
SUNPHARMA,2026-06-10,1492.37,1502.77,1490.27,1493.4,1493.4,2590483
SUNPHARMA,2026-06-11,1493.3,1495.13,1469.71,1474.17,1474.17,2829230
SUNPHARMA,2026-06-12,1477.24,1495.3,1471.4,1489.18,1489.18,5246923
SUNPHARMA,2026-06-15,1497.79,1513.29,1461.33,1462.26,1462.26,2052908
SUNPHARMA,2026-06-16,1468.46,1487.97,1464.9,1481.21,1481.21,2110210
SUNPHARMA,2026-06-17,1485.49,1492.32,1464.46,1468.93,1468.93,2613462
SUNPHARMA,2026-06-18,1465.02,1474.21,1456.94,1459.98,1459.98,2586692
SUNPHARMA,2026-06-19,1456.66,1478.88,1451.79,1472.0,1472.0,1154847
SUNPHARMA,2026-06-22,1461.46,1485.46,1453.98,1480.49,1480.49,2958761
SUNPHARMA,2026-06-23,1483.31,1495.79,1475.17,1494.29,1494.29,2799327
SUNPHARMA,2026-06-24,1499.26,1511.68,1498.88,1501.64,1501.64,974306
SUNPHARMA,2026-06-25,1507.0,1525.13,1506.83,1516.34,1516.34,2445250
SUNPHARMA,2026-06-26,1519.41,1540.28,1509.71,1514.46,1514.46,1488162
SUNPHARMA,2026-06-29,1513.76,1531.87,1511.57,1523.25,1523.25,1941078
SUNPHARMA,2026-06-30,1520.67,1563.7,1512.38,1550.59,1550.59,1780574
SUNPHARMA,2026-07-01,1546.75,1562.42,1532.43,1543.42,1543.42,2667480
SUNPHARMA,2026-07-02,1542.67,1557.53,1529.59,1545.28,1545.28,4156292
SUNPHARMA,2026-07-03,1540.75,1542.43,1524.03,1536.15,1536.15,2596295
SUNPHARMA,2026-07-06,1544.24,1547.78,1493.67,1504.17,1504.17,1363468
SUNPHARMA,2026-07-07,1498.29,1536.63,1495.69,1532.9,1532.9,3484136
SUNPHARMA,2026-07-08,1531.99,1559.62,1531.25,1558.34,1558.34,2740085
SUNPHARMA,2026-07-09,1549.29,1574.12,1547.07,1561.96,1561.96,1365473
SUNPHARMA,2026-07-10,1563.35,1586.64,1525.1,1530.17,1530.17,3693056
SUNPHARMA,2026-07-13,1530.16,1537.92,1519.3,1522.08,1522.08,3267789
SUNPHARMA,2026-07-14,1520.45,1557.89,1516.04,1541.09,1541.09,2082840
SUNPHARMA,2026-07-15,1536.78,1553.89,1519.0,1531.22,1531.22,1225542
SUNPHARMA,2026-07-16,1531.23,1533.63,1495.61,1516.94,1516.94,1135993
SUNPHARMA,2026-07-17,1514.46,1523.16,1492.91,1493.1,1493.1,2241249
SUNPHARMA,2026-07-20,1492.48,1516.99,1483.07,1514.47,1514.47,2657503
SUNPHARMA,2026-07-21,1523.36,1530.85,1518.06,1526.83,1526.83,2006425
SUNPHARMA,2026-07-22,1527.62,1533.12,1495.71,1500.88,1500.88,2284401
SUNPHARMA,2026-07-23,1503.28,1526.07,1497.07,1497.97,1497.97,2633503
SUNPHARMA,2026-07-24,1495.88,1543.75,1488.19,1515.04,1515.04,3197485
SUNPHARMA,2026-07-27,1511.48,1521.75,1496.8,1498.59,1498.59,2851174
SUNPHARMA,2026-07-28,1498.48,1500.26,1482.75,1496.68,1496.68,2853434
SUNPHARMA,2026-07-29,1507.93,1522.77,1494.43,1516.23,1516.23,2118595
SUNPHARMA,2026-07-30,1514.92,1523.9,1486.13,1494.65,1494.65,1830170
SUNPHARMA,2026-07-31,1496.27,1518.93,1495.2,1514.43,1514.43,2243485
SUNPHARMA,2026-08-03,1510.66,1558.52,1501.43,1557.66,1557.66,2886829
SUNPHARMA,2026-08-04,1544.79,1549.04,1505.92,1523.77,1523.77,1448876
SUNPHARMA,2026-08-05,1520.16,1521.19,1499.5,1516.32,1516.32,1828274
SUNPHARMA,2026-08-06,1527.15,1538.5,1508.15,1534.8,1534.8,4205364
SUNPHARMA,2026-08-07,1537.54,1544.24,1534.49,1536.12,1536.12,2801734
SUNPHARMA,2026-08-10,1543.68,1546.86,1490.26,1496.6,1496.6,4358839
SUNPHARMA,2026-08-11,1495.04,1497.65,1471.29,1475.2,1475.2,2992838
SUNPHARMA,2026-08-12,1464.77,1498.99,1451.45,1486.57,1486.57,4354704
SUNPHARMA,2026-08-13,1481.62,1533.23,1470.0,1518.68,1518.68,2129236
SUNPHARMA,2026-08-14,1520.48,1527.76,1485.54,1487.91,1487.91,2175571
SUNPHARMA,2026-08-17,1488.97,1494.83,1468.63,1494.59,1494.59,3526849
SUNPHARMA,2026-08-18,1494.55,1512.56,1486.15,1505.97,1505.97,2460672
SUNPHARMA,2026-08-19,1503.57,1508.51,1500.4,1504.93,1504.93,1547246
SUNPHARMA,2026-08-20,1509.17,1520.83,1465.59,1470.46,1470.46,4191177
SUNPHARMA,2026-08-21,1468.25,1486.78,1457.3,1485.45,1485.45,2169970
SUNPHARMA,2026-08-24,1486.82,1514.53,1479.75,1498.08,1498.08,1778664
SUNPHARMA,2026-08-25,1498.96,1525.94,1495.28,1522.07,1522.07,2071013
SUNPHARMA,2026-08-26,1520.39,1522.68,1518.2,1522.15,1522.15,2258437
SUNPHARMA,2026-08-27,1518.12,1535.41,1514.88,1535.04,1535.04,2697759
SUNPHARMA,2026-08-28,1533.08,1554.0,1531.3,1548.83,1548.83,4612683
SUNPHARMA,2026-08-31,1557.54,1573.92,1545.23,1569.45,1569.45,2466097
SUNPHARMA,2026-09-01,1574.69,1576.0,1546.11,1556.97,1556.97,2173700
SUNPHARMA,2026-09-02,1561.73,1572.91,1527.06,1530.77,1530.77,5321841
SUNPHARMA,2026-09-03,1527.16,1555.36,1508.65,1551.26,1551.26,4114003
SUNPHARMA,2026-09-04,1544.57,1562.35,1541.75,1556.54,1556.54,2315149
SUNPHARMA,2026-09-07,1561.66,1569.49,1549.78,1566.81,1566.81,1271552
SUNPHARMA,2026-09-08,1571.06,1601.01,1565.12,1594.4,1594.4,2183406
SUNPHARMA,2026-09-09,1595.06,1598.93,1577.24,1589.79,1589.79,1413733
SUNPHARMA,2026-09-10,1588.02,1602.97,1582.59,1595.09,1595.09,2212738
SUNPHARMA,2026-09-11,1588.08,1604.84,1585.84,1601.15,1601.15,1802011
SUNPHARMA,2026-09-14,1605.31,1654.75,1594.78,1639.91,1639.91,6466461
SUNPHARMA,2026-09-15,1645.75,1658.31,1621.2,1651.64,1651.64,1283515
SUNPHARMA,2026-09-16,1648.27,1709.43,1645.6,1708.28,1708.28,2506415
SUNPHARMA,2026-09-17,1704.37,1710.54,1685.14,1693.21,1693.21,2767668
SUNPHARMA,2026-09-18,1699.52,1706.41,1646.36,1646.41,1646.41,4496616
SUNPHARMA,2026-09-21,1643.24,1683.57,1638.25,1662.54,1662.54,910424
SUNPHARMA,2026-09-22,1671.41,1677.49,1634.09,1634.5,1634.5,1495610
SUNPHARMA,2026-09-23,1633.97,1669.57,1612.81,1662.12,1662.12,2681144
SUNPHARMA,2026-09-24,1660.19,1706.11,1658.2,1705.29,1705.29,6034424
SUNPHARMA,2026-09-25,1705.52,1743.4,1695.29,1741.97,1741.97,6912236
SUNPHARMA,2026-09-28,1739.94,1757.4,1731.96,1748.5,1748.5,1868533
SUNPHARMA,2026-09-29,1754.41,1775.0,1709.89,1719.39,1719.39,2784723
SUNPHARMA,2026-09-30,1723.96,1738.7,1690.33,1692.19,1692.19,2097248
SUNPHARMA,2026-10-01,1697.72,1704.14,1695.77,1702.01,1702.01,2997598
SUNPHARMA,2026-10-02,1702.95,1707.34,1659.45,1668.52,1668.52,5833384
SUNPHARMA,2026-10-05,1666.23,1706.85,1659.42,1700.0,1700.0,5114630
TITAN,2025-10-21,2322.14,2330.02,2312.0,2328.55,2328.55,4306502
TITAN,2025-10-22,2328.34,2337.71,2317.93,2335.94,2335.94,1413992
TITAN,2025-10-23,2331.45,2385.11,2329.37,2378.98,2378.98,2105900
TITAN,2025-10-24,2388.83,2404.62,2366.03,2368.76,2368.76,1316728
TITAN,2025-10-27,2380.42,2385.33,2319.38,2320.75,2320.75,2194515
TITAN,2025-10-28,2320.06,2331.35,2301.05,2311.98,2311.98,3636344
TITAN,2025-10-29,2320.1,2350.47,2272.79,2282.18,2282.18,4597775
TITAN,2025-10-30,2293.48,2304.06,2212.25,2221.6,2221.6,3478453
TITAN,2025-10-31,2221.38,2239.3,2188.01,2209.2,2209.2,2824124
TITAN,2025-11-03,2210.06,2219.75,2205.48,2207.37,2207.37,2023713
TITAN,2025-11-04,2212.23,2258.38,2211.69,2255.11,2255.11,2020913
TITAN,2025-11-05,2249.41,2250.54,2203.33,2213.45,2213.45,7508210
TITAN,2025-11-06,2214.18,2249.94,2197.43,2225.13,2225.13,3978928
TITAN,2025-11-07,2239.44,2272.25,2221.64,2265.68,2265.68,3522661
TITAN,2025-11-10,2262.29,2299.19,2243.03,2273.15,2273.15,1546966
TITAN,2025-11-11,2278.98,2288.75,2251.16,2261.43,2261.43,2093203
TITAN,2025-11-12,2264.99,2279.74,2206.1,2225.21,2225.21,2231116
TITAN,2025-11-13,2224.12,2230.02,2211.7,2225.23,2225.23,2062001
TITAN,2025-11-14,2226.7,2241.06,2196.43,2214.8,2214.8,2560663
TITAN,2025-11-17,2226.44,2232.44,2177.96,2198.49,2198.49,2113476
TITAN,2025-11-18,2202.14,2239.59,2195.73,2239.44,2239.44,1721700
TITAN,2025-11-19,2244.2,2252.66,2180.89,2207.33,2207.33,6667396
TITAN,2025-11-20,2217.93,2231.25,2167.69,2172.46,2172.46,3221989
TITAN,2025-11-21,2170.57,2176.91,2163.34,2171.48,2171.48,2412254
TITAN,2025-11-24,2164.66,2187.68,2148.4,2174.56,2174.56,1745760
TITAN,2025-11-25,2186.1,2206.21,2144.59,2163.14,2163.14,1229127
TITAN,2025-11-26,2164.03,2186.66,2152.22,2172.04,2172.04,2153776
TITAN,2025-11-27,2177.86,2201.25,2170.18,2198.16,2198.16,2367292
TITAN,2025-11-28,2193.14,2206.18,2164.17,2177.62,2177.62,3375296
TITAN,2025-12-01,2180.16,2183.14,2162.43,2169.38,2169.38,3172794
TITAN,2025-12-02,2162.24,2233.93,2151.96,2225.91,2225.91,4770543
TITAN,2025-12-03,2226.34,2234.01,2160.69,2179.98,2179.98,4785724
TITAN,2025-12-04,2175.74,2184.37,2143.51,2165.66,2165.66,4886173
TITAN,2025-12-05,2159.95,2212.74,2152.61,2195.56,2195.56,3270862
TITAN,2025-12-08,2193.57,2233.8,2189.36,2226.12,2226.12,4353640
TITAN,2025-12-09,2210.8,2269.48,2208.06,2260.59,2260.59,3529461
TITAN,2025-12-10,2252.72,2300.91,2240.22,2288.7,2288.7,1271075
TITAN,2025-12-11,2294.07,2298.93,2242.65,2270.74,2270.74,2304522
TITAN,2025-12-12,2273.11,2340.66,2265.86,2323.91,2323.91,2374278
TITAN,2025-12-15,2316.42,2340.45,2272.95,2279.98,2279.98,3420324
TITAN,2025-12-16,2283.73,2290.35,2230.89,2245.87,2245.87,2098335
TITAN,2025-12-17,2239.95,2262.34,2229.43,2242.34,2242.34,2645569
TITAN,2025-12-18,2247.2,2250.71,2220.55,2226.6,2226.6,3555888
TITAN,2025-12-19,2225.83,2239.45,2195.71,2212.87,2212.87,3804263
TITAN,2025-12-22,2210.71,2241.4,2204.34,2231.92,2231.92,4763505
TITAN,2025-12-23,2231.31,2296.45,2201.35,2269.52,2269.52,1522584
TITAN,2025-12-24,2286.95,2300.21,2230.93,2259.33,2259.33,1393089
TITAN,2025-12-25,2254.19,2270.71,2230.07,2231.96,2231.96,8734741
TITAN,2025-12-26,2233.47,2276.28,2196.03,2252.19,2252.19,3773215
TITAN,2025-12-29,2257.47,2269.38,2236.24,2245.91,2245.91,2350776
TITAN,2025-12-30,2239.43,2324.05,2227.66,2295.55,2295.55,3325520
TITAN,2025-12-31,2284.57,2343.39,2275.58,2339.78,2339.78,3047656
TITAN,2026-01-01,2335.56,2368.04,2330.45,2355.96,2355.96,1104044
TITAN,2026-01-02,2361.33,2382.36,2291.75,2300.9,2300.9,2488712
TITAN,2026-01-05,2298.53,2301.41,2209.86,2220.74,2220.74,3912845
TITAN,2026-01-06,2219.2,2219.54,2176.74,2191.97,2191.97,2071496
TITAN,2026-01-07,2197.96,2223.29,2187.13,2220.02,2220.02,2167359
TITAN,2026-01-08,2214.65,2221.79,2173.91,2189.69,2189.69,7794583
TITAN,2026-01-09,2189.11,2209.62,2185.77,2198.09,2198.09,1998724
TITAN,2026-01-12,2188.11,2194.17,2182.56,2182.79,2182.79,2680372
TITAN,2026-01-13,2184.89,2198.35,2170.13,2192.73,2192.73,2482385
TITAN,2026-01-14,2194.23,2195.24,2193.3,2194.57,2194.57,2573274
TITAN,2026-01-15,2199.81,2250.74,2196.77,2229.43,2229.43,2412790
TITAN,2026-01-16,2221.77,2240.8,2218.85,2228.8,2228.8,3293051
TITAN,2026-01-19,2227.51,2244.68,2209.64,2214.9,2214.9,2811991
TITAN,2026-01-20,2206.4,2246.04,2202.32,2237.73,2237.73,1549316
TITAN,2026-01-21,2236.07,2246.21,2209.49,2223.55,2223.55,2261435
TITAN,2026-01-22,2233.43,2288.54,2217.45,2272.99,2272.99,3071855
TITAN,2026-01-23,2270.8,2304.51,2267.97,2296.14,2296.14,2369508
TITAN,2026-01-26,2286.73,2361.27,2263.74,2331.59,2331.59,3548138
TITAN,2026-01-27,2326.84,2327.95,2315.63,2321.49,2321.49,2888970
TITAN,2026-01-28,2310.27,2327.18,2267.96,2295.1,2295.1,3274077
TITAN,2026-01-29,2286.18,2297.16,2246.35,2262.31,2262.31,3250868
TITAN,2026-01-30,2266.86,2277.37,2231.67,2234.71,2234.71,2807246
TITAN,2026-02-02,2225.02,2270.39,2215.36,2244.52,2244.52,948813
TITAN,2026-02-03,2246.63,2253.63,2232.55,2241.99,2241.99,2798181
TITAN,2026-02-04,2242.16,2261.64,2234.99,2249.27,2249.27,2645007
TITAN,2026-02-05,2245.69,2251.37,2243.76,2247.04,2247.04,1376970
TITAN,2026-02-06,2248.58,2282.94,2240.63,2271.86,2271.86,2949227
TITAN,2026-02-09,2265.47,2275.08,2242.74,2254.0,2254.0,3177722
TITAN,2026-02-10,2259.69,2262.18,2227.58,2228.09,2228.09,4266275
TITAN,2026-02-11,2223.43,2257.97,2211.94,2223.13,2223.13,2594368
TITAN,2026-02-12,2220.56,2225.65,2184.82,2197.68,2197.68,3033790
TITAN,2026-02-13,2194.35,2198.17,2172.05,2185.15,2185.15,3392382
TITAN,2026-02-16,2189.67,2235.78,2183.09,2216.93,2216.93,2513658
TITAN,2026-02-17,2220.55,2225.82,2151.72,2167.29,2167.29,3926351
TITAN,2026-02-18,2150.25,2204.71,2137.63,2194.76,2194.76,2130856
TITAN,2026-02-19,2196.43,2213.55,2195.31,2204.16,2204.16,3487653
TITAN,2026-02-20,2192.62,2259.33,2190.44,2248.67,2248.67,1666155
TITAN,2026-02-23,2246.37,2271.6,2222.34,2271.25,2271.25,3572641
TITAN,2026-02-24,2270.51,2289.27,2266.55,2284.33,2284.33,2340872
TITAN,2026-02-25,2281.91,2346.15,2271.67,2327.46,2327.46,4554464
TITAN,2026-02-26,2330.96,2333.1,2316.59,2321.91,2321.91,1555063
TITAN,2026-02-27,2326.92,2344.02,2296.22,2322.17,2322.17,2062316
TITAN,2026-03-02,2316.78,2328.28,2280.37,2297.28,2297.28,2687996
TITAN,2026-03-03,2291.7,2304.97,2269.41,2274.95,2274.95,3049740
TITAN,2026-03-04,2274.71,2276.99,2257.16,2266.7,2266.7,1446225
TITAN,2026-03-05,2256.2,2335.52,2250.66,2332.43,2332.43,4750712
TITAN,2026-03-06,2329.1,2346.6,2313.08,2331.77,2331.77,955629
TITAN,2026-03-09,2341.2,2374.13,2335.71,2361.17,2361.17,2088532
TITAN,2026-03-10,2350.5,2423.32,2339.57,2391.25,2391.25,1464221
TITAN,2026-03-11,2388.81,2502.91,2380.3,2490.17,2490.17,6119305
TITAN,2026-03-12,2485.74,2569.95,2483.21,2566.23,2566.23,4427204
TITAN,2026-03-13,2581.66,2629.27,2572.75,2625.34,2625.34,4005402
TITAN,2026-03-16,2621.11,2653.05,2613.68,2628.44,2628.44,3700737
TITAN,2026-03-17,2624.66,2675.55,2623.41,2659.33,2659.33,2359878
TITAN,2026-03-18,2651.11,2653.71,2640.09,2649.71,2649.71,2805533
TITAN,2026-03-19,2649.78,2655.97,2633.01,2635.82,2635.82,2356675
TITAN,2026-03-20,2637.96,2657.85,2615.59,2651.18,2651.18,2249356
TITAN,2026-03-23,2644.13,2686.24,2622.23,2665.48,2665.48,3883453
TITAN,2026-03-24,2673.38,2678.24,2650.83,2653.83,2653.83,5158632
TITAN,2026-03-25,2655.99,2670.45,2614.78,2615.67,2615.67,2393335
TITAN,2026-03-26,2622.36,2649.54,2599.81,2631.54,2631.54,3269649
TITAN,2026-03-27,2628.95,2648.58,2601.83,2637.17,2637.17,2397162
TITAN,2026-03-30,2639.09,2647.22,2607.65,2623.97,2623.97,2604325
TITAN,2026-03-31,2622.29,2658.99,2610.46,2631.56,2631.56,2378501
TITAN,2026-04-01,2643.07,2643.3,2554.03,2589.37,2589.37,2576896
TITAN,2026-04-02,2590.27,2633.32,2589.64,2618.29,2618.29,630096
TITAN,2026-04-03,2618.36,2638.51,2599.08,2601.07,2601.07,4388984
TITAN,2026-04-06,2597.49,2630.08,2586.85,2612.37,2612.37,1696974
TITAN,2026-04-07,2608.32,2623.2,2597.26,2604.3,2604.3,1967064
TITAN,2026-04-08,2606.16,2606.88,2593.79,2597.4,2597.4,1959991
TITAN,2026-04-09,2603.79,2621.1,2594.11,2617.19,2617.19,1779107
TITAN,2026-04-10,2611.82,2625.94,2551.28,2563.18,2563.18,3548411
TITAN,2026-04-13,2564.15,2599.02,2555.32,2573.15,2573.15,2174797
TITAN,2026-04-14,2574.57,2622.4,2571.58,2588.09,2588.09,1747300
TITAN,2026-04-15,2590.87,2609.95,2570.07,2609.35,2609.35,2621379
TITAN,2026-04-16,2595.99,2635.42,2578.65,2591.22,2591.22,2366088
TITAN,2026-04-17,2584.03,2586.49,2544.98,2561.51,2561.51,3867959
TITAN,2026-04-20,2551.01,2579.01,2550.05,2569.88,2569.88,1273387
TITAN,2026-04-21,2570.13,2623.33,2547.08,2604.02,2604.02,2005456
TITAN,2026-04-22,2596.98,2609.02,2569.85,2599.31,2599.31,2793869
TITAN,2026-04-23,2595.44,2597.95,2545.2,2576.47,2576.47,1941665
TITAN,2026-04-24,2567.23,2577.27,2511.08,2543.93,2543.93,1908190
TITAN,2026-04-27,2540.85,2558.77,2523.22,2530.15,2530.15,1820854
TITAN,2026-04-28,2521.62,2535.46,2482.64,2495.1,2495.1,2701166
TITAN,2026-04-29,2500.77,2524.9,2500.2,2520.76,2520.76,2492474
TITAN,2026-04-30,2524.38,2560.09,2521.21,2550.82,2550.82,2471460
TITAN,2026-05-01,2551.97,2566.99,2542.62,2564.81,2564.81,1529627
TITAN,2026-05-04,2562.49,2617.55,2561.73,2615.36,2615.36,4282981
TITAN,2026-05-05,2599.37,2631.58,2590.7,2619.32,2619.32,3523035
TITAN,2026-05-06,2615.71,2621.37,2578.27,2584.78,2584.78,1291111
TITAN,2026-05-07,2578.87,2582.39,2529.49,2560.01,2560.01,1372803
TITAN,2026-05-08,2561.91,2571.45,2558.58,2560.12,2560.12,2965313
TITAN,2026-05-11,2564.88,2584.61,2541.97,2570.14,2570.14,4150488
TITAN,2026-05-12,2572.65,2575.29,2521.24,2546.37,2546.37,1081942
TITAN,2026-05-13,2556.01,2569.77,2520.36,2538.96,2538.96,2987442
TITAN,2026-05-14,2534.63,2557.81,2526.13,2545.58,2545.58,4116014
TITAN,2026-05-15,2540.93,2561.67,2536.78,2552.6,2552.6,1520173
TITAN,2026-05-18,2560.54,2572.3,2527.46,2533.81,2533.81,4556558
TITAN,2026-05-19,2535.07,2538.32,2482.49,2504.2,2504.2,2497483
TITAN,2026-05-20,2502.35,2513.9,2480.38,2491.54,2491.54,2590756
TITAN,2026-05-21,2505.34,2529.46,2463.9,2485.99,2485.99,1586574
TITAN,2026-05-22,2490.29,2499.22,2478.43,2487.71,2487.71,3020832
TITAN,2026-05-25,2486.29,2487.04,2458.77,2476.35,2476.35,3148686
TITAN,2026-05-26,2471.25,2478.98,2409.36,2427.15,2427.15,6331957
TITAN,2026-05-27,2436.81,2472.28,2422.26,2470.06,2470.06,5382671
TITAN,2026-05-28,2471.59,2485.06,2419.41,2433.0,2433.0,2871540
TITAN,2026-05-29,2433.18,2447.5,2404.2,2413.75,2413.75,8513073
TITAN,2026-06-01,2418.64,2489.93,2389.87,2484.31,2484.31,6345832
TITAN,2026-06-02,2490.87,2519.88,2474.86,2495.26,2495.26,2786051
TITAN,2026-06-03,2499.38,2528.34,2462.18,2471.0,2471.0,1720624
TITAN,2026-06-04,2477.55,2484.27,2412.36,2434.88,2434.88,1550152
TITAN,2026-06-05,2438.18,2460.27,2436.45,2444.56,2444.56,1244705
TITAN,2026-06-08,2448.63,2500.73,2433.83,2497.8,2497.8,2247001
TITAN,2026-06-09,2492.31,2498.81,2485.29,2487.5,2487.5,3866045
TITAN,2026-06-10,2501.01,2510.05,2462.3,2481.58,2481.58,2581423
TITAN,2026-06-11,2472.4,2531.62,2464.77,2527.74,2527.74,2409126
TITAN,2026-06-12,2530.09,2563.7,2515.25,2543.77,2543.77,2233935
TITAN,2026-06-15,2533.57,2568.54,2520.91,2559.51,2559.51,2119418
TITAN,2026-06-16,2558.75,2576.54,2552.99,2576.53,2576.53,3273776
TITAN,2026-06-17,2572.12,2583.53,2456.86,2482.94,2482.94,2943805
TITAN,2026-06-18,2483.95,2520.21,2445.45,2478.13,2478.13,2412953
TITAN,2026-06-19,2480.67,2491.13,2432.99,2448.26,2448.26,3048953
TITAN,2026-06-22,2441.24,2456.07,2423.6,2432.31,2432.31,1688844
TITAN,2026-06-23,2432.09,2462.08,2424.57,2460.69,2460.69,5044887
TITAN,2026-06-24,2470.98,2473.66,2442.21,2459.45,2459.45,1788310
TITAN,2026-06-25,2449.77,2530.93,2417.96,2523.07,2523.07,2354072
TITAN,2026-06-26,2516.6,2523.7,2489.67,2490.98,2490.98,3859742
TITAN,2026-06-29,2497.41,2531.45,2463.07,2470.3,2470.3,2533340
TITAN,2026-06-30,2470.87,2499.06,2442.35,2490.8,2490.8,2913531
TITAN,2026-07-01,2491.93,2499.05,2463.16,2483.08,2483.08,1349324
TITAN,2026-07-02,2490.7,2492.34,2471.89,2480.34,2480.34,2834973
TITAN,2026-07-03,2474.43,2505.05,2473.56,2483.21,2483.21,4891834
TITAN,2026-07-06,2479.34,2498.11,2463.95,2478.95,2478.95,1258178
TITAN,2026-07-07,2474.17,2508.68,2468.91,2504.58,2504.58,2989664
TITAN,2026-07-08,2501.96,2546.62,2487.74,2534.54,2534.54,1964950
TITAN,2026-07-09,2544.73,2560.4,2544.32,2557.78,2557.78,7406453
TITAN,2026-07-10,2544.73,2612.97,2533.97,2587.91,2587.91,4399050
TITAN,2026-07-13,2578.64,2599.53,2562.83,2565.66,2565.66,2794485
TITAN,2026-07-14,2555.15,2578.65,2544.49,2575.39,2575.39,1351011
TITAN,2026-07-15,2586.22,2594.4,2551.05,2566.96,2566.96,1468003
TITAN,2026-07-16,2562.22,2618.44,2559.95,2613.57,2613.57,4115210
TITAN,2026-07-17,2611.01,2616.99,2589.56,2604.08,2604.08,1275131
TITAN,2026-07-20,2591.47,2609.97,2565.5,2570.67,2570.67,1615136
TITAN,2026-07-21,2568.65,2571.19,2521.87,2529.13,2529.13,2962403
TITAN,2026-07-22,2535.7,2544.79,2473.3,2491.73,2491.73,3026096
TITAN,2026-07-23,2493.62,2503.66,2480.79,2490.93,2490.93,2330465
TITAN,2026-07-24,2490.13,2502.71,2480.15,2494.96,2494.96,1743749
TITAN,2026-07-27,2483.25,2533.92,2471.98,2509.44,2509.44,3362162
TITAN,2026-07-28,2506.97,2510.15,2495.16,2501.27,2501.27,1542017
TITAN,2026-07-29,2502.37,2547.85,2495.62,2535.63,2535.63,3590175
TITAN,2026-07-30,2528.08,2574.58,2509.06,2552.07,2552.07,2578997
TITAN,2026-07-31,2557.08,2590.93,2536.05,2557.27,2557.27,2675209
TITAN,2026-08-03,2564.06,2621.7,2532.43,2611.33,2611.33,5177587
TITAN,2026-08-04,2607.18,2618.02,2519.43,2528.73,2528.73,3246182
TITAN,2026-08-05,2534.23,2559.98,2510.52,2523.64,2523.64,1613964
TITAN,2026-08-06,2522.81,2551.27,2521.16,2530.68,2530.68,1093460
TITAN,2026-08-07,2539.38,2572.13,2535.25,2551.44,2551.44,1100938
TITAN,2026-08-10,2567.01,2578.62,2499.09,2503.04,2503.04,2909882
TITAN,2026-08-11,2494.82,2496.81,2457.47,2470.17,2470.17,2652534
TITAN,2026-08-12,2475.87,2501.88,2470.71,2485.92,2485.92,1528938
TITAN,2026-08-13,2495.65,2527.04,2487.07,2525.57,2525.57,2063844
TITAN,2026-08-14,2518.22,2543.04,2490.82,2532.23,2532.23,3934810
TITAN,2026-08-17,2527.86,2587.27,2527.41,2566.13,2566.13,3937561
TITAN,2026-08-18,2561.61,2566.12,2549.75,2560.13,2560.13,1281096
TITAN,2026-08-19,2559.11,2595.35,2536.23,2577.29,2577.29,1994089
TITAN,2026-08-20,2574.53,2580.71,2527.49,2556.11,2556.11,2909759
TITAN,2026-08-21,2554.59,2556.49,2546.13,2555.34,2555.34,1557240
TITAN,2026-08-24,2561.76,2607.86,2530.07,2597.45,2597.45,2138332
TITAN,2026-08-25,2582.67,2619.5,2576.49,2606.51,2606.51,1912763
TITAN,2026-08-26,2598.89,2663.8,2596.66,2645.12,2645.12,4420313
TITAN,2026-08-27,2650.44,2695.06,2647.74,2691.14,2691.14,4826225
TITAN,2026-08-28,2695.6,2719.05,2659.76,2718.63,2718.63,1927928
TITAN,2026-08-31,2710.0,2802.05,2674.35,2783.25,2783.25,4063925
TITAN,2026-09-01,2787.93,2867.49,2784.34,2857.5,2857.5,3539612
TITAN,2026-09-02,2868.87,2902.05,2864.31,2893.41,2893.41,1821093
TITAN,2026-09-03,2892.99,2914.54,2872.01,2875.68,2875.68,2085260
TITAN,2026-09-04,2866.99,2900.12,2864.42,2892.54,2892.54,1405389
TITAN,2026-09-07,2900.13,2907.5,2889.82,2894.45,2894.45,3219915
TITAN,2026-09-08,2909.41,2946.31,2906.13,2931.15,2931.15,5084203
TITAN,2026-09-09,2923.36,2968.09,2922.95,2954.5,2954.5,2082834
TITAN,2026-09-10,2954.84,2964.37,2897.22,2920.24,2920.24,2064529
TITAN,2026-09-11,2929.79,2981.79,2923.08,2962.19,2962.19,4316895
TITAN,2026-09-14,2963.21,3059.02,2950.48,3040.52,3040.52,5750290
TITAN,2026-09-15,3024.58,3089.64,3014.74,3073.11,3073.11,1675734
TITAN,2026-09-16,3077.2,3130.66,3042.71,3127.54,3127.54,2853023
TITAN,2026-09-17,3118.36,3153.15,3093.37,3135.18,3135.18,2078312
TITAN,2026-09-18,3123.23,3129.96,3090.11,3105.84,3105.84,1867662
TITAN,2026-09-21,3089.74,3127.28,3074.32,3127.26,3127.26,2790931
TITAN,2026-09-22,3138.43,3141.37,3124.68,3125.25,3125.25,1527489
TITAN,2026-09-23,3117.42,3164.82,3096.07,3138.7,3138.7,1803211
TITAN,2026-09-24,3141.84,3214.24,3112.23,3189.25,3189.25,2816616
TITAN,2026-09-25,3194.79,3254.18,3179.3,3231.82,3231.82,1527711
TITAN,2026-09-28,3233.39,3256.46,3222.33,3244.22,3244.22,971103
TITAN,2026-09-29,3247.11,3266.34,3191.21,3191.97,3191.97,4257354
TITAN,2026-09-30,3195.62,3235.0,3184.62,3220.3,3220.3,1865507
TITAN,2026-10-01,3221.64,3283.9,3205.44,3257.0,3257.0,6240304
TITAN,2026-10-02,3249.57,3272.24,3242.07,3243.57,3243.57,4903855
TITAN,2026-10-05,3235.31,3300.26,3224.31,3300.0,3300.0,2456880
WIPRO,2025-10-21,392.07,392.98,390.38,391.89,391.89,2071190
WIPRO,2025-10-22,393.62,395.29,391.03,391.26,391.26,5355987
WIPRO,2025-10-23,391.35,393.12,381.82,383.94,383.94,3782037
WIPRO,2025-10-24,383.23,387.02,382.7,386.41,386.41,1884998
WIPRO,2025-10-27,385.25,386.51,380.65,385.13,385.13,2009454
WIPRO,2025-10-28,385.01,389.65,382.6,386.69,386.69,2640046
WIPRO,2025-10-29,387.58,387.76,379.01,379.72,379.72,3054240
WIPRO,2025-10-30,381.3,384.43,366.89,370.34,370.34,3985361
WIPRO,2025-10-31,370.36,371.98,362.43,364.23,364.23,6041908
WIPRO,2025-11-03,365.55,365.71,358.02,363.45,363.45,1343633
WIPRO,2025-11-04,363.22,364.8,362.21,363.75,363.75,2629503
WIPRO,2025-11-05,362.9,364.62,355.12,359.44,359.44,2614086
WIPRO,2025-11-06,358.03,360.21,348.66,352.9,352.9,2519494
WIPRO,2025-11-07,352.36,358.57,348.65,357.88,357.88,4324915
WIPRO,2025-11-10,356.52,360.49,349.76,352.87,352.87,1572340
WIPRO,2025-11-11,355.0,360.14,354.39,358.86,358.86,1158051
WIPRO,2025-11-12,359.33,362.02,351.99,353.19,353.19,3205297
WIPRO,2025-11-13,353.09,355.02,350.51,351.62,351.62,2127557
WIPRO,2025-11-14,353.43,357.92,351.3,356.18,356.18,1600694
WIPRO,2025-11-17,354.79,356.58,353.03,354.1,354.1,1176514
WIPRO,2025-11-18,353.95,357.09,351.95,355.6,355.6,4838193
WIPRO,2025-11-19,357.73,359.05,351.53,351.91,351.91,3133289
WIPRO,2025-11-20,351.76,353.19,344.53,347.31,347.31,2786599
WIPRO,2025-11-21,349.86,354.06,349.05,352.67,352.67,6961542
WIPRO,2025-11-24,353.5,354.74,352.74,354.31,354.31,3400773
WIPRO,2025-11-25,355.7,355.85,350.24,351.38,351.38,5027547
WIPRO,2025-11-26,352.79,353.5,337.24,340.11,340.11,2445773
WIPRO,2025-11-27,340.12,343.31,335.96,337.66,337.66,1483455
WIPRO,2025-11-28,337.16,339.66,333.44,334.3,334.3,3297908
WIPRO,2025-12-01,334.19,338.78,332.61,338.32,338.32,3178557
WIPRO,2025-12-02,337.32,349.32,336.49,347.43,347.43,5873984
WIPRO,2025-12-03,347.36,348.16,346.24,348.14,348.14,1095922
WIPRO,2025-12-04,348.13,353.91,340.68,340.74,340.74,4320781
WIPRO,2025-12-05,342.46,348.55,340.84,346.64,346.64,4462364
WIPRO,2025-12-08,347.25,348.18,343.54,346.64,346.64,2883367
WIPRO,2025-12-09,349.09,360.59,347.63,357.82,357.82,3289707
WIPRO,2025-12-10,355.5,364.18,354.6,361.87,361.87,3263403
WIPRO,2025-12-11,360.54,366.58,360.3,365.14,365.14,1847293
WIPRO,2025-12-12,364.76,371.22,363.52,368.85,368.85,2297681
WIPRO,2025-12-15,370.5,370.62,368.62,369.96,369.96,1424349
WIPRO,2025-12-16,369.84,373.79,367.5,370.09,370.09,1479403
WIPRO,2025-12-17,368.46,375.15,365.42,372.29,372.29,2120042
WIPRO,2025-12-18,372.01,373.92,369.51,371.72,371.72,1703796
WIPRO,2025-12-19,370.38,371.1,366.44,366.79,366.79,2050241
WIPRO,2025-12-22,365.25,374.89,364.3,371.44,371.44,1624868
WIPRO,2025-12-23,373.67,379.64,367.34,376.21,376.21,6006700
WIPRO,2025-12-24,375.81,376.32,372.61,374.84,374.84,1799906
WIPRO,2025-12-25,375.04,378.07,369.89,371.86,371.86,2805310
WIPRO,2025-12-26,371.75,372.0,365.58,366.31,366.31,1423780
WIPRO,2025-12-29,366.03,376.64,365.89,372.49,372.49,5125842
WIPRO,2025-12-30,371.55,380.47,371.13,374.54,374.54,2469265
WIPRO,2025-12-31,374.19,385.92,373.04,385.61,385.61,3111539
WIPRO,2026-01-01,386.0,389.23,385.01,386.91,386.91,1833617
WIPRO,2026-01-02,388.56,391.23,377.28,378.0,378.0,4770080
WIPRO,2026-01-05,379.07,383.7,365.84,371.81,371.81,909699
WIPRO,2026-01-06,370.45,381.55,368.07,381.08,381.08,2479489
WIPRO,2026-01-07,382.21,382.44,375.92,377.09,377.09,2488138
WIPRO,2026-01-08,377.63,379.18,376.32,378.64,378.64,2113853
WIPRO,2026-01-09,377.93,388.13,373.76,385.56,385.56,8333496
WIPRO,2026-01-12,385.77,390.16,383.52,388.55,388.55,2134764
WIPRO,2026-01-13,389.22,394.44,388.79,390.26,390.26,3334580
WIPRO,2026-01-14,390.32,392.29,385.85,391.98,391.98,4630400
WIPRO,2026-01-15,392.54,395.43,391.23,393.45,393.45,2884680
WIPRO,2026-01-16,392.43,396.4,390.43,395.33,395.33,1730736
WIPRO,2026-01-19,397.69,400.25,391.54,393.89,393.89,1315688
WIPRO,2026-01-20,391.61,396.26,378.23,381.51,381.51,5231177
WIPRO,2026-01-21,382.17,382.76,376.61,378.25,378.25,4816241
WIPRO,2026-01-22,378.66,390.4,377.88,384.71,384.71,3721608
WIPRO,2026-01-23,385.46,390.15,381.22,381.5,381.5,4065973
WIPRO,2026-01-26,380.68,381.99,367.79,371.34,371.34,10115678
WIPRO,2026-01-27,372.65,375.59,365.16,367.05,367.05,3737870
WIPRO,2026-01-28,366.94,369.81,362.38,363.02,363.02,1700254
WIPRO,2026-01-29,361.73,362.0,356.26,357.92,357.92,2882229
WIPRO,2026-01-30,356.74,358.72,350.85,352.05,352.05,5130839
WIPRO,2026-02-02,352.18,363.59,350.9,359.73,359.73,2956752
WIPRO,2026-02-03,358.01,360.99,356.37,358.27,358.27,4062346
WIPRO,2026-02-04,360.21,361.45,358.49,359.69,359.69,2158802
WIPRO,2026-02-05,360.82,362.43,357.17,361.65,361.65,2635858
WIPRO,2026-02-06,363.63,365.55,363.39,365.32,365.32,2245958
WIPRO,2026-02-09,367.21,367.24,363.15,363.69,363.69,2398102
WIPRO,2026-02-10,363.3,363.81,356.34,359.25,359.25,2953931
WIPRO,2026-02-11,358.31,359.19,356.95,358.51,358.51,1105692
WIPRO,2026-02-12,355.63,362.82,354.95,360.41,360.41,1923915
WIPRO,2026-02-13,359.97,361.0,357.62,359.18,359.18,1334864
WIPRO,2026-02-16,361.08,361.46,354.46,359.9,359.9,1787147
WIPRO,2026-02-17,359.01,360.82,351.22,356.15,356.15,1895839
WIPRO,2026-02-18,355.93,360.03,355.69,359.02,359.02,3685632
WIPRO,2026-02-19,358.42,361.77,357.3,361.2,361.2,3528969
WIPRO,2026-02-20,361.61,365.95,361.59,364.41,364.41,3138941
WIPRO,2026-02-23,365.81,369.94,365.05,367.85,367.85,1531016
WIPRO,2026-02-24,366.15,371.4,365.89,370.45,370.45,2308703
WIPRO,2026-02-25,368.95,372.72,368.86,370.18,370.18,1181318
WIPRO,2026-02-26,371.84,373.26,367.37,370.75,370.75,1955209
WIPRO,2026-02-27,371.57,375.59,370.98,373.72,373.72,3183601
WIPRO,2026-03-02,373.43,375.98,372.56,372.65,372.65,3202542
WIPRO,2026-03-03,374.56,374.85,370.49,371.19,371.19,2678297
WIPRO,2026-03-04,369.67,374.32,369.5,373.87,373.87,3988189
WIPRO,2026-03-05,374.91,378.84,374.1,377.26,377.26,2796023
WIPRO,2026-03-06,377.18,378.68,370.47,372.43,372.43,2504283
WIPRO,2026-03-09,373.11,375.92,365.74,366.91,366.91,4071683
WIPRO,2026-03-10,364.28,369.97,361.23,366.92,366.92,2851468
WIPRO,2026-03-11,366.63,378.5,365.54,377.57,377.57,2987285
WIPRO,2026-03-12,378.4,391.74,377.95,387.78,387.78,4155198
WIPRO,2026-03-13,387.71,391.44,386.27,388.34,388.34,1838391
WIPRO,2026-03-16,389.8,390.54,384.77,389.4,389.4,960343
WIPRO,2026-03-17,390.82,395.99,385.89,395.54,395.54,3475787
WIPRO,2026-03-18,394.41,399.08,386.56,387.2,387.2,1936921
WIPRO,2026-03-19,388.16,389.69,375.59,380.58,380.58,3431672
WIPRO,2026-03-20,379.44,385.22,377.46,380.83,380.83,1094237
WIPRO,2026-03-23,380.89,385.59,378.34,384.91,384.91,1962550
WIPRO,2026-03-24,385.67,391.83,384.82,389.25,389.25,2227307
WIPRO,2026-03-25,388.27,389.51,383.81,384.64,384.64,4351286
WIPRO,2026-03-26,385.55,388.39,384.77,386.3,386.3,1808286
WIPRO,2026-03-27,385.71,392.11,385.28,390.23,390.23,1681843
WIPRO,2026-03-30,389.55,390.75,388.09,390.16,390.16,2306600
WIPRO,2026-03-31,390.99,391.94,387.22,390.7,390.7,1893205
WIPRO,2026-04-01,389.72,392.7,387.95,388.61,388.61,3158605
WIPRO,2026-04-02,387.57,391.26,384.59,388.54,388.54,1329791
WIPRO,2026-04-03,389.75,390.83,383.2,386.39,386.39,2516005
WIPRO,2026-04-06,386.52,388.53,382.01,382.89,382.89,6779790
WIPRO,2026-04-07,381.22,384.03,374.96,375.93,375.93,2792155
WIPRO,2026-04-08,376.9,380.91,370.83,375.31,375.31,2243843
WIPRO,2026-04-09,374.85,383.39,372.65,382.89,382.89,1632611
WIPRO,2026-04-10,381.28,385.8,378.0,383.78,383.78,1508058
WIPRO,2026-04-13,380.9,382.89,378.21,379.7,379.7,3147635
WIPRO,2026-04-14,380.73,381.08,371.58,372.4,372.4,2749127
WIPRO,2026-04-15,371.44,372.7,365.86,371.63,371.63,2693054
WIPRO,2026-04-16,370.24,379.74,367.31,379.64,379.64,3853104
WIPRO,2026-04-17,380.37,384.83,379.42,383.19,383.19,1497144
WIPRO,2026-04-20,384.12,393.35,383.34,391.04,391.04,4786710
WIPRO,2026-04-21,390.12,392.93,383.3,385.36,385.36,1735049
WIPRO,2026-04-22,386.42,389.86,378.53,380.77,380.77,1985516
WIPRO,2026-04-23,383.12,384.81,370.17,371.87,371.87,3715386
WIPRO,2026-04-24,373.37,374.17,371.1,372.4,372.4,3868667
WIPRO,2026-04-27,373.73,374.18,363.45,365.23,365.23,2100998
WIPRO,2026-04-28,365.57,366.77,363.83,366.43,366.43,2310331
WIPRO,2026-04-29,365.94,375.88,362.56,372.68,372.68,3181251
WIPRO,2026-04-30,372.61,374.4,372.5,374.21,374.21,2897007
WIPRO,2026-05-01,374.71,378.71,373.51,377.9,377.9,4121245
WIPRO,2026-05-04,376.48,387.12,374.81,386.49,386.49,2824131
WIPRO,2026-05-05,385.6,391.86,383.37,390.68,390.68,3933920
WIPRO,2026-05-06,389.01,393.22,384.89,391.64,391.64,3624023
WIPRO,2026-05-07,391.92,393.09,389.0,390.91,390.91,4275633
WIPRO,2026-05-08,391.0,394.91,385.49,386.98,386.98,3158245
WIPRO,2026-05-11,386.22,387.87,383.76,384.99,384.99,2438568
WIPRO,2026-05-12,385.93,390.24,383.21,389.43,389.43,2205228
WIPRO,2026-05-13,388.21,390.5,375.72,379.49,379.49,1964431
WIPRO,2026-05-14,378.71,389.59,376.68,385.91,385.91,2666820
WIPRO,2026-05-15,386.81,390.01,378.52,378.66,378.66,3254488
WIPRO,2026-05-18,379.71,384.5,378.34,381.53,381.53,2328974
WIPRO,2026-05-19,380.62,385.73,375.5,376.06,376.06,3609899
WIPRO,2026-05-20,376.32,378.61,366.29,368.58,368.58,1776190
WIPRO,2026-05-21,367.72,371.86,366.11,370.88,370.88,2187923
WIPRO,2026-05-22,370.67,373.54,366.3,366.58,366.58,5945276
WIPRO,2026-05-25,366.74,368.12,359.34,361.81,361.81,4113126
WIPRO,2026-05-26,362.42,363.28,356.15,358.45,358.45,3247335
WIPRO,2026-05-27,358.79,366.53,357.17,366.39,366.39,3841689
WIPRO,2026-05-28,366.69,369.7,356.43,359.18,359.18,2734087
WIPRO,2026-05-29,358.02,359.86,354.77,355.02,355.02,1326991
WIPRO,2026-06-01,355.43,360.23,349.71,358.16,358.16,3011054
WIPRO,2026-06-02,358.76,372.12,357.77,371.59,371.59,1566590
WIPRO,2026-06-03,372.36,373.96,368.02,369.67,369.67,2011109
WIPRO,2026-06-04,368.87,370.43,366.1,368.45,368.45,2176183
WIPRO,2026-06-05,369.46,370.95,365.05,367.76,367.76,1751518
WIPRO,2026-06-08,366.3,385.27,364.56,382.14,382.14,10162989
WIPRO,2026-06-09,381.64,384.39,373.14,373.78,373.78,6842999
WIPRO,2026-06-10,373.47,374.26,364.76,367.35,367.35,4556317
WIPRO,2026-06-11,365.96,370.21,365.64,370.01,370.01,1665838
WIPRO,2026-06-12,369.69,374.66,361.8,370.8,370.8,4549194
WIPRO,2026-06-15,371.04,373.74,369.99,373.7,373.7,3134672
WIPRO,2026-06-16,371.66,377.94,370.79,375.82,375.82,1590733
WIPRO,2026-06-17,375.38,379.79,369.36,371.12,371.12,2766679
WIPRO,2026-06-18,369.18,374.17,366.67,372.3,372.3,3186479
WIPRO,2026-06-19,374.58,376.83,372.11,373.32,373.32,1687710
WIPRO,2026-06-22,373.56,385.14,371.63,382.3,382.3,3593475
WIPRO,2026-06-23,382.45,383.13,380.9,381.39,381.39,2410666
WIPRO,2026-06-24,381.66,383.28,377.37,380.73,380.73,1343350
WIPRO,2026-06-25,381.42,386.47,378.33,385.44,385.44,2436842
WIPRO,2026-06-26,386.58,391.69,373.26,376.23,376.23,2270410
WIPRO,2026-06-29,374.47,378.57,373.64,377.58,377.58,3107640
WIPRO,2026-06-30,379.06,382.86,374.69,382.11,382.11,1872448
WIPRO,2026-07-01,383.54,387.22,383.39,384.61,384.61,2663301
WIPRO,2026-07-02,384.53,387.25,382.6,383.25,383.25,1257712
WIPRO,2026-07-03,383.11,387.13,380.52,387.12,387.12,1639984
WIPRO,2026-07-06,383.52,394.77,380.68,391.24,391.24,1627822
WIPRO,2026-07-07,389.78,405.25,387.81,405.2,405.2,3623807
WIPRO,2026-07-08,405.83,415.96,405.29,413.49,413.49,3425317
WIPRO,2026-07-09,414.97,416.03,410.69,413.93,413.93,2368034
WIPRO,2026-07-10,414.83,414.85,398.97,401.67,401.67,1855994
WIPRO,2026-07-13,401.58,403.76,399.48,401.45,401.45,1883340
WIPRO,2026-07-14,403.77,409.62,403.68,408.42,408.42,2226639
WIPRO,2026-07-15,409.65,412.12,406.63,410.29,410.29,2791271
WIPRO,2026-07-16,409.81,411.57,409.45,409.58,409.58,1873970
WIPRO,2026-07-17,412.26,414.76,405.15,406.8,406.8,2311807
WIPRO,2026-07-20,405.46,410.81,403.0,409.63,409.63,1777478
WIPRO,2026-07-21,407.82,413.71,403.42,411.5,411.5,4492669
WIPRO,2026-07-22,410.98,412.43,406.95,407.05,407.05,1573156
WIPRO,2026-07-23,406.13,407.71,405.49,407.22,407.22,1710256
WIPRO,2026-07-24,406.77,409.69,400.42,403.8,403.8,2594010
WIPRO,2026-07-27,404.76,411.08,401.19,406.48,406.48,2149253
WIPRO,2026-07-28,406.44,408.09,401.54,402.61,402.61,1879681
WIPRO,2026-07-29,402.6,403.69,397.24,399.65,399.65,1173223
WIPRO,2026-07-30,399.72,404.2,396.56,402.41,402.41,1814458
WIPRO,2026-07-31,399.62,400.74,395.52,399.21,399.21,1674354
WIPRO,2026-08-03,397.4,408.88,393.6,408.75,408.75,6630898
WIPRO,2026-08-04,408.28,408.35,398.88,399.29,399.29,8353971
WIPRO,2026-08-05,398.28,400.72,391.81,392.05,392.05,3009394
WIPRO,2026-08-06,391.78,400.31,389.28,398.31,398.31,1667761
WIPRO,2026-08-07,399.99,400.97,399.45,400.89,400.89,3180165
WIPRO,2026-08-10,400.8,404.71,400.16,401.22,401.22,1371897
WIPRO,2026-08-11,399.63,401.82,397.47,398.62,398.62,1902400
WIPRO,2026-08-12,397.67,407.65,392.82,406.13,406.13,2405077
WIPRO,2026-08-13,408.21,417.13,407.16,414.03,414.03,2561512
WIPRO,2026-08-14,415.93,422.32,407.85,410.63,410.63,2145815
WIPRO,2026-08-17,411.37,420.65,407.77,415.83,415.83,1615216
WIPRO,2026-08-18,413.88,417.21,409.66,413.29,413.29,1772876
WIPRO,2026-08-19,413.67,414.9,405.63,406.75,406.75,4407822
WIPRO,2026-08-20,407.22,408.27,399.18,403.68,403.68,2401924
WIPRO,2026-08-21,403.71,410.9,401.26,408.15,408.15,2774267
WIPRO,2026-08-24,407.45,416.78,407.1,415.96,415.96,1273353
WIPRO,2026-08-25,415.51,420.86,411.01,414.08,414.08,3290366
WIPRO,2026-08-26,413.29,426.8,411.5,425.96,425.96,2786340
WIPRO,2026-08-27,424.5,430.3,424.01,429.74,429.74,3931492
WIPRO,2026-08-28,431.5,436.8,421.6,422.85,422.85,3131997
WIPRO,2026-08-31,423.96,434.8,420.64,434.68,434.68,2894942
WIPRO,2026-09-01,434.31,437.11,429.19,432.64,432.64,1156481
WIPRO,2026-09-02,433.1,445.92,428.2,444.19,444.19,8471290
WIPRO,2026-09-03,444.7,448.9,443.43,448.24,448.24,3479037
WIPRO,2026-09-04,451.39,456.7,446.12,447.73,447.73,2896546
WIPRO,2026-09-07,448.9,449.59,445.38,446.97,446.97,4312964
WIPRO,2026-09-08,448.09,463.78,445.64,462.58,462.58,4402700
WIPRO,2026-09-09,462.63,463.22,459.35,462.14,462.14,3503758
WIPRO,2026-09-10,461.53,471.55,459.58,467.0,467.0,2151456
WIPRO,2026-09-11,468.94,480.62,468.92,480.03,480.03,4862325
WIPRO,2026-09-14,480.97,488.53,480.52,486.33,486.33,2143810
WIPRO,2026-09-15,485.12,494.77,483.23,492.99,492.99,2282021
WIPRO,2026-09-16,493.66,498.23,493.09,497.35,497.35,2605887
WIPRO,2026-09-17,498.6,502.96,488.03,492.82,492.82,1522557
WIPRO,2026-09-18,489.72,491.61,480.88,484.19,484.19,3460609
WIPRO,2026-09-21,482.85,485.51,482.11,484.29,484.29,1761677
WIPRO,2026-09-22,484.82,487.27,479.07,480.62,480.62,1099658
WIPRO,2026-09-23,477.85,478.64,468.58,471.7,471.7,2579620
WIPRO,2026-09-24,469.2,486.95,467.14,482.08,482.08,2855232
WIPRO,2026-09-25,481.69,483.23,478.9,481.3,481.3,2924828
WIPRO,2026-09-28,482.01,482.03,479.2,481.19,481.19,2236764
WIPRO,2026-09-29,481.97,485.99,472.62,481.19,481.19,3538965
WIPRO,2026-09-30,483.47,483.56,478.03,479.67,479.67,2672081
WIPRO,2026-10-01,479.79,479.92,461.48,469.72,469.72,2588106
WIPRO,2026-10-02,469.2,475.35,467.81,474.16,474.16,2483421
WIPRO,2026-10-05,472.3,481.72,470.17,480.0,480.0,2358807
ONGC,2025-10-21,260.79,263.09,260.41,261.51,261.51,2911044
ONGC,2025-10-22,261.1,264.93,260.62,261.01,261.01,2767069
ONGC,2025-10-23,261.7,264.32,260.23,262.7,262.7,2169912
ONGC,2025-10-24,261.51,264.21,259.02,263.8,263.8,2840950
ONGC,2025-10-27,264.3,265.07,259.32,260.29,260.29,2417154
ONGC,2025-10-28,259.74,261.83,259.05,261.05,261.05,3303466
ONGC,2025-10-29,260.89,261.84,252.41,253.26,253.26,5631748
ONGC,2025-10-30,253.15,254.1,251.81,252.92,252.92,1070819
ONGC,2025-10-31,252.75,254.02,251.14,251.4,251.4,1339787
ONGC,2025-11-03,251.18,253.96,249.11,253.39,253.39,5525421
ONGC,2025-11-04,253.05,253.37,250.09,251.58,251.58,3498387
ONGC,2025-11-05,251.15,253.89,251.09,252.52,252.52,1331015
ONGC,2025-11-06,253.52,254.73,253.12,254.15,254.15,1262524
ONGC,2025-11-07,254.17,258.72,251.69,256.75,256.75,2810762
ONGC,2025-11-10,256.65,257.37,253.47,255.09,255.09,1499779
ONGC,2025-11-11,254.59,256.22,253.55,254.1,254.1,1949252
ONGC,2025-11-12,253.79,256.89,247.32,248.75,248.75,3188856
ONGC,2025-11-13,248.27,248.35,245.34,246.55,246.55,2422431
ONGC,2025-11-14,247.11,247.85,241.33,241.53,241.53,5029286
ONGC,2025-11-17,240.99,246.16,240.63,244.79,244.79,5789950
ONGC,2025-11-18,243.14,244.44,242.69,243.05,243.05,1986743
ONGC,2025-11-19,243.09,244.74,239.43,239.82,239.82,1768364
ONGC,2025-11-20,239.62,242.62,237.68,241.9,241.9,2917973
ONGC,2025-11-21,241.48,244.25,240.53,243.39,243.39,4508023
ONGC,2025-11-24,244.06,244.47,241.2,243.3,243.3,1706472
ONGC,2025-11-25,241.3,243.16,239.12,242.59,242.59,3030596
ONGC,2025-11-26,243.73,244.92,240.55,241.77,241.77,1562193
ONGC,2025-11-27,242.54,243.29,239.36,240.95,240.95,2202461
ONGC,2025-11-28,240.5,241.05,237.87,240.85,240.85,1261674
ONGC,2025-12-01,240.53,245.39,239.16,244.16,244.16,2807606
ONGC,2025-12-02,244.53,254.72,244.08,253.03,253.03,3916997
ONGC,2025-12-03,253.43,254.27,245.99,249.61,249.61,3562030
ONGC,2025-12-04,249.13,249.13,242.03,242.48,242.48,7544793
ONGC,2025-12-05,241.31,246.96,240.23,244.36,244.36,2090478
ONGC,2025-12-08,245.91,248.45,245.35,247.59,247.59,1241169
ONGC,2025-12-09,248.3,257.53,247.77,255.66,255.66,3588565
ONGC,2025-12-10,255.78,259.98,255.74,259.58,259.58,3256357
ONGC,2025-12-11,259.72,264.39,257.85,264.18,264.18,3282461
ONGC,2025-12-12,264.67,272.59,260.38,272.24,272.24,3539050
ONGC,2025-12-15,272.84,274.1,270.74,273.47,273.47,4084943
ONGC,2025-12-16,271.76,274.84,270.76,274.45,274.45,2318520
ONGC,2025-12-17,274.17,275.46,265.85,268.86,268.86,3076486
ONGC,2025-12-18,268.49,268.87,267.32,268.03,268.03,1587744
ONGC,2025-12-19,267.9,269.35,265.02,265.69,265.69,1245401
ONGC,2025-12-22,266.3,267.98,265.07,267.04,267.04,2606716
ONGC,2025-12-23,265.6,266.91,263.83,266.53,266.53,2312571
ONGC,2025-12-24,265.45,268.04,263.99,267.35,267.35,1417181
ONGC,2025-12-25,266.8,266.86,261.69,263.07,263.07,2890894
ONGC,2025-12-26,263.19,266.39,262.69,266.03,266.03,2501777
ONGC,2025-12-29,266.7,270.84,265.38,268.99,268.99,2056305
ONGC,2025-12-30,270.31,272.3,266.9,271.58,271.58,1858915
ONGC,2025-12-31,271.35,276.88,271.14,275.83,275.83,3418290
ONGC,2026-01-01,276.52,277.69,270.78,272.3,272.3,2512121
ONGC,2026-01-02,272.88,274.21,269.9,271.35,271.35,1728851
ONGC,2026-01-05,271.8,273.49,265.09,266.22,266.22,2210004
ONGC,2026-01-06,266.2,267.93,263.09,264.77,264.77,2189391
ONGC,2026-01-07,264.46,266.79,253.85,258.1,258.1,5068148
ONGC,2026-01-08,257.27,258.83,254.78,258.38,258.38,2223689
ONGC,2026-01-09,257.5,259.42,256.14,256.65,256.65,2167201
ONGC,2026-01-12,256.91,259.42,252.58,254.62,254.62,2777660
ONGC,2026-01-13,254.58,256.4,252.78,254.68,254.68,3449119
ONGC,2026-01-14,254.37,255.47,251.69,254.54,254.54,2452159
ONGC,2026-01-15,255.05,257.79,252.32,255.5,255.5,2446842
ONGC,2026-01-16,255.34,256.97,251.03,252.44,252.44,3484854
ONGC,2026-01-19,251.75,254.02,245.43,245.88,245.88,3330106
ONGC,2026-01-20,245.69,248.31,244.02,244.79,244.79,2419389
ONGC,2026-01-21,245.39,248.98,244.26,247.36,247.36,2140331
ONGC,2026-01-22,246.6,254.1,245.0,251.48,251.48,1595393
ONGC,2026-01-23,251.64,252.47,251.3,252.06,252.06,2430024
ONGC,2026-01-26,252.01,255.2,250.42,253.55,253.55,2681423
ONGC,2026-01-27,252.97,255.54,249.24,250.3,250.3,2450276
ONGC,2026-01-28,250.08,250.15,244.45,245.52,245.52,4738084
ONGC,2026-01-29,244.36,244.39,236.91,239.52,239.52,2588283
ONGC,2026-01-30,239.6,243.62,237.56,240.92,240.92,1146667
ONGC,2026-02-02,239.93,247.82,236.35,246.76,246.76,2578557
ONGC,2026-02-03,247.55,247.66,243.76,245.28,245.28,1263846
ONGC,2026-02-04,245.21,248.48,244.28,247.95,247.95,3008035
ONGC,2026-02-05,247.53,248.01,245.87,246.92,246.92,1651428
ONGC,2026-02-06,247.78,249.53,246.5,247.26,247.26,3060316
ONGC,2026-02-09,246.49,250.59,246.44,247.41,247.41,2968532
ONGC,2026-02-10,246.85,247.31,245.34,246.0,246.0,1603297
ONGC,2026-02-11,244.65,254.28,244.53,252.28,252.28,2519903
ONGC,2026-02-12,253.27,253.86,252.19,253.5,253.5,2811467
ONGC,2026-02-13,254.93,255.35,251.58,255.05,255.05,3469479
ONGC,2026-02-16,253.77,257.71,251.73,257.63,257.63,1154100
ONGC,2026-02-17,257.0,259.08,252.08,258.14,258.14,2349965
ONGC,2026-02-18,258.19,261.62,251.21,251.84,251.84,1433273
ONGC,2026-02-19,251.45,254.36,250.72,251.77,251.77,1604237
ONGC,2026-02-20,251.75,256.17,251.18,255.4,255.4,4387719
ONGC,2026-02-23,255.31,259.82,253.89,257.44,257.44,8190688
ONGC,2026-02-24,257.76,258.57,255.37,256.71,256.71,1956143
ONGC,2026-02-25,255.97,258.44,253.85,257.22,257.22,1276052
ONGC,2026-02-26,257.37,260.12,256.68,259.14,259.14,1974048
ONGC,2026-02-27,258.27,264.45,257.28,262.5,262.5,2822515
ONGC,2026-03-02,262.17,265.18,257.42,257.91,257.91,2318845
ONGC,2026-03-03,256.57,259.98,255.82,259.46,259.46,1615707
ONGC,2026-03-04,259.14,261.86,254.35,255.8,255.8,2383021
ONGC,2026-03-05,255.36,257.85,255.28,256.77,256.77,2585836
ONGC,2026-03-06,257.5,261.51,256.96,258.12,258.12,2144211
ONGC,2026-03-09,258.08,260.27,255.56,256.3,256.3,1688755
ONGC,2026-03-10,256.4,257.16,251.62,252.53,252.53,2191327
ONGC,2026-03-11,252.51,263.18,251.17,259.27,259.27,3007743
ONGC,2026-03-12,257.61,269.14,254.97,266.97,266.97,2497167
ONGC,2026-03-13,265.38,267.9,265.08,266.48,266.48,1576820
ONGC,2026-03-16,266.23,266.42,264.53,266.36,266.36,2599789
ONGC,2026-03-17,266.59,269.35,265.69,268.74,268.74,2290412
ONGC,2026-03-18,268.55,269.86,266.74,267.91,267.91,1075033
ONGC,2026-03-19,267.21,270.41,262.32,262.75,262.75,4729717
ONGC,2026-03-20,262.56,270.28,261.41,269.16,269.16,4036761
ONGC,2026-03-23,268.9,271.88,267.93,271.42,271.42,1425579
ONGC,2026-03-24,272.05,274.53,268.07,268.29,268.29,2308872
ONGC,2026-03-25,268.87,268.92,263.64,265.91,265.91,1829842
ONGC,2026-03-26,265.47,268.89,262.65,267.95,267.95,3196032
ONGC,2026-03-27,267.91,270.85,266.31,270.53,270.53,2198563
ONGC,2026-03-30,270.75,272.53,270.37,272.34,272.34,2312607
ONGC,2026-03-31,272.69,273.1,269.7,273.04,273.04,1979671
ONGC,2026-04-01,274.4,275.56,271.97,272.36,272.36,1179196
ONGC,2026-04-02,272.34,272.47,271.55,272.39,272.39,3488518
ONGC,2026-04-03,273.34,278.32,272.23,277.1,277.1,3915024
ONGC,2026-04-06,276.14,277.85,274.74,275.9,275.9,1662116
ONGC,2026-04-07,275.37,276.68,270.2,270.21,270.21,3479650
ONGC,2026-04-08,268.48,276.33,267.73,275.21,275.21,4538459
ONGC,2026-04-09,275.34,281.72,273.0,280.65,280.65,3217110
ONGC,2026-04-10,281.19,281.98,277.79,278.54,278.54,4530220
ONGC,2026-04-13,276.41,281.74,276.05,280.55,280.55,7742698
ONGC,2026-04-14,280.71,281.49,275.1,276.17,276.17,2775612
ONGC,2026-04-15,276.67,277.8,270.52,270.56,270.56,2536947
ONGC,2026-04-16,271.01,275.24,270.61,272.99,272.99,1692113
ONGC,2026-04-17,272.01,281.25,269.99,278.23,278.23,1284371
ONGC,2026-04-20,278.87,285.57,277.35,282.79,282.79,4860995
ONGC,2026-04-21,282.8,289.41,282.69,287.4,287.4,2556037
ONGC,2026-04-22,287.91,289.9,287.03,289.56,289.56,3445520
ONGC,2026-04-23,289.45,289.86,288.77,289.17,289.17,3172095
ONGC,2026-04-24,289.5,294.06,288.02,293.37,293.37,1843880
ONGC,2026-04-27,294.35,299.62,293.93,298.47,298.47,2072934
ONGC,2026-04-28,298.29,298.61,292.83,295.51,295.51,5177412
ONGC,2026-04-29,295.76,298.38,294.28,295.25,295.25,1979493
ONGC,2026-04-30,296.35,299.49,296.06,296.39,296.39,1699465
ONGC,2026-05-01,296.27,300.42,294.17,296.0,296.0,1357504
ONGC,2026-05-04,295.0,302.06,293.73,301.95,301.95,2992524
ONGC,2026-05-05,302.56,302.93,301.96,301.97,301.97,3632497
ONGC,2026-05-06,303.27,303.33,301.27,301.77,301.77,2659978
ONGC,2026-05-07,302.94,304.44,298.02,299.04,299.04,2714212
ONGC,2026-05-08,299.68,300.23,296.78,297.48,297.48,4330698
ONGC,2026-05-11,295.38,295.55,291.89,292.54,292.54,5204077
ONGC,2026-05-12,291.98,301.14,291.09,300.78,300.78,4154395
ONGC,2026-05-13,300.25,301.61,294.22,297.88,297.88,7771545
ONGC,2026-05-14,297.92,298.77,293.47,294.46,294.46,2417636
ONGC,2026-05-15,295.95,296.28,290.71,292.98,292.98,3540688
ONGC,2026-05-18,292.03,296.26,289.16,295.57,295.57,2140986
ONGC,2026-05-19,297.55,298.81,293.1,293.72,293.72,3379016
ONGC,2026-05-20,293.39,295.04,291.73,294.73,294.73,1980437
ONGC,2026-05-21,294.06,294.35,288.22,289.22,289.22,3735829
ONGC,2026-05-22,289.95,292.53,286.31,288.87,288.87,5343932
ONGC,2026-05-25,289.67,291.31,288.22,288.24,288.24,3093675
ONGC,2026-05-26,288.8,292.04,280.83,282.71,282.71,3792079
ONGC,2026-05-27,282.06,286.32,280.78,285.37,285.37,1862682
ONGC,2026-05-28,285.8,286.88,281.22,282.48,282.48,2791699
ONGC,2026-05-29,281.6,283.42,280.0,280.15,280.15,1653499
ONGC,2026-06-01,279.48,288.25,278.67,286.73,286.73,4796718
ONGC,2026-06-02,286.65,290.57,286.34,290.32,290.32,3843815
ONGC,2026-06-03,289.61,291.8,279.72,280.21,280.21,3807601
ONGC,2026-06-04,281.1,285.28,280.1,282.01,282.01,4596209
ONGC,2026-06-05,281.52,284.24,277.55,279.94,279.94,4450554
ONGC,2026-06-08,279.75,282.81,279.18,282.66,282.66,2716724
ONGC,2026-06-09,281.92,285.11,273.42,274.27,274.27,4734426
ONGC,2026-06-10,275.12,277.06,274.35,276.61,276.61,1966290
ONGC,2026-06-11,276.06,280.7,275.38,279.63,279.63,2356813
ONGC,2026-06-12,280.58,283.09,279.73,281.7,281.7,1574401
ONGC,2026-06-15,282.61,282.64,278.35,281.74,281.74,1644352
ONGC,2026-06-16,281.37,283.65,275.4,275.79,275.79,3119438
ONGC,2026-06-17,275.82,276.53,268.17,269.9,269.9,1682163
ONGC,2026-06-18,269.51,272.11,267.43,268.23,268.23,2960857
ONGC,2026-06-19,268.67,269.06,264.44,265.72,265.72,3826476
ONGC,2026-06-22,265.57,266.07,262.1,265.67,265.67,1988997
ONGC,2026-06-23,265.33,268.23,263.9,265.13,265.13,714981
ONGC,2026-06-24,265.17,270.76,264.6,269.05,269.05,2581785
ONGC,2026-06-25,267.78,268.96,265.35,267.61,267.61,1318537
ONGC,2026-06-26,267.55,270.58,266.29,268.08,268.08,1634563
ONGC,2026-06-29,268.6,272.1,266.91,270.95,270.95,4679629
ONGC,2026-06-30,271.07,271.63,268.45,268.71,268.71,935805
ONGC,2026-07-01,269.48,270.24,267.06,268.31,268.31,1494060
ONGC,2026-07-02,268.01,271.29,264.25,267.96,267.96,2870288
ONGC,2026-07-03,267.59,269.78,266.29,268.87,268.87,1648526
ONGC,2026-07-06,267.96,271.22,264.75,270.57,270.57,1727703
ONGC,2026-07-07,270.24,276.3,267.33,276.03,276.03,7148014
ONGC,2026-07-08,277.66,280.06,277.33,279.16,279.16,3087930
ONGC,2026-07-09,279.39,279.46,275.16,276.98,276.98,3560522
ONGC,2026-07-10,276.49,277.05,274.52,275.91,275.91,2696174
ONGC,2026-07-13,275.08,275.09,273.39,273.59,273.59,2650109
ONGC,2026-07-14,272.28,275.31,271.5,273.89,273.89,3394552
ONGC,2026-07-15,273.21,276.78,272.71,276.26,276.26,5344448
ONGC,2026-07-16,276.89,281.96,276.73,281.1,281.1,1538478
ONGC,2026-07-17,280.74,283.63,273.39,275.08,275.08,3224086
ONGC,2026-07-20,274.29,276.84,272.54,275.47,275.47,2030531
ONGC,2026-07-21,274.77,277.64,273.74,274.6,274.6,1828480
ONGC,2026-07-22,275.13,276.24,266.02,267.5,267.5,5242778
ONGC,2026-07-23,267.43,274.49,263.42,271.89,271.89,3272088
ONGC,2026-07-24,271.38,271.66,270.82,271.43,271.43,4502151
ONGC,2026-07-27,271.18,271.55,267.59,269.36,269.36,3787923
ONGC,2026-07-28,271.14,273.51,265.1,265.77,265.77,4800080
ONGC,2026-07-29,266.74,268.55,264.08,264.61,264.61,1387633
ONGC,2026-07-30,265.78,265.9,261.95,262.31,262.31,1813067
ONGC,2026-07-31,260.93,267.23,259.66,266.59,266.59,2204861
ONGC,2026-08-03,266.46,267.02,265.83,266.86,266.86,3468572
ONGC,2026-08-04,266.34,266.61,256.8,256.98,256.98,2870510
ONGC,2026-08-05,257.4,258.53,254.79,257.97,257.97,1520252
ONGC,2026-08-06,258.79,260.47,257.07,258.21,258.21,1301741
ONGC,2026-08-07,258.47,260.85,257.79,258.43,258.43,6114244
ONGC,2026-08-10,257.75,259.19,257.18,259.14,259.14,2027043
ONGC,2026-08-11,258.63,259.89,254.38,255.59,255.59,3464026
ONGC,2026-08-12,256.07,258.69,255.76,256.33,256.33,1365183
ONGC,2026-08-13,256.89,258.55,255.05,256.77,256.77,3060009
ONGC,2026-08-14,256.88,259.64,247.88,249.22,249.22,1848734
ONGC,2026-08-17,249.32,251.51,247.44,249.5,249.5,1384749
ONGC,2026-08-18,249.54,251.76,244.45,246.2,246.2,2070995
ONGC,2026-08-19,246.4,247.85,244.12,246.84,246.84,2332429
ONGC,2026-08-20,247.37,250.5,237.3,240.29,240.29,2608349
ONGC,2026-08-21,240.74,242.24,236.14,238.61,238.61,4413249
ONGC,2026-08-24,238.63,241.51,238.14,241.07,241.07,3170552
ONGC,2026-08-25,241.04,243.31,240.73,242.33,242.33,1740343
ONGC,2026-08-26,242.27,247.65,239.61,247.18,247.18,4711073
ONGC,2026-08-27,246.6,249.99,246.59,249.07,249.07,2081800
ONGC,2026-08-28,248.48,248.75,247.71,248.49,248.49,1675320
ONGC,2026-08-31,248.9,257.51,248.83,255.64,255.64,5251537
ONGC,2026-09-01,255.09,257.29,252.2,255.93,255.93,768717
ONGC,2026-09-02,256.56,262.43,256.12,261.62,261.62,4414654
ONGC,2026-09-03,261.58,261.97,259.19,260.2,260.2,1733970
ONGC,2026-09-04,260.84,261.95,258.83,260.43,260.43,1528762
ONGC,2026-09-07,260.93,261.08,258.32,258.58,258.58,5268050
ONGC,2026-09-08,259.23,263.67,258.56,261.58,261.58,2158144
ONGC,2026-09-09,261.2,261.44,256.16,257.89,257.89,4145307
ONGC,2026-09-10,258.2,262.12,255.55,260.05,260.05,2772327
ONGC,2026-09-11,260.62,266.7,260.03,263.73,263.73,3285791
ONGC,2026-09-14,262.5,270.16,262.21,269.42,269.42,2941286
ONGC,2026-09-15,270.79,274.87,270.44,274.22,274.22,2687563
ONGC,2026-09-16,276.08,277.5,274.02,275.09,275.09,4002266
ONGC,2026-09-17,275.87,277.79,272.87,273.75,273.75,3297263
ONGC,2026-09-18,274.42,275.88,268.36,270.67,270.67,2175403
ONGC,2026-09-21,271.15,276.01,267.36,272.72,272.72,1600751
ONGC,2026-09-22,272.46,273.63,267.95,268.62,268.62,2282650
ONGC,2026-09-23,268.53,269.49,264.87,265.65,265.65,3916632
ONGC,2026-09-24,266.42,274.32,266.04,273.14,273.14,5826196
ONGC,2026-09-25,272.34,278.09,268.64,276.7,276.7,3438088
ONGC,2026-09-28,275.82,280.69,275.72,278.04,278.04,1188697
ONGC,2026-09-29,277.71,278.27,273.28,274.45,274.45,3723246
ONGC,2026-09-30,275.0,275.29,270.48,273.23,273.23,3787257
ONGC,2026-10-01,272.52,274.3,271.91,273.0,273.0,2180381
ONGC,2026-10-02,272.81,273.25,269.49,270.78,270.78,5446077
ONGC,2026-10-05,270.7,272.42,266.67,270.0,270.0,1270497
NTPC,2025-10-21,359.31,361.15,357.26,360.97,360.97,2537628
NTPC,2025-10-22,361.78,368.55,359.25,366.24,366.24,2801847
NTPC,2025-10-23,365.81,373.53,363.0,370.56,370.56,3274691
NTPC,2025-10-24,370.46,377.61,367.87,377.15,377.15,5373581
NTPC,2025-10-27,376.4,379.28,372.53,377.93,377.93,2276971
NTPC,2025-10-28,378.97,381.63,376.09,376.32,376.32,3131963
NTPC,2025-10-29,376.66,376.74,366.1,369.7,369.7,3219156
NTPC,2025-10-30,369.97,373.26,363.24,364.77,364.77,2272791
NTPC,2025-10-31,363.49,363.76,358.4,359.31,359.31,2721148
NTPC,2025-11-03,359.85,361.76,357.58,361.49,361.49,2091429
NTPC,2025-11-04,360.41,372.89,358.82,367.42,367.42,3704177
NTPC,2025-11-05,366.69,367.85,356.64,359.54,359.54,3414232
NTPC,2025-11-06,358.07,359.77,357.06,358.76,358.76,1537787
NTPC,2025-11-07,358.59,365.11,356.68,362.8,362.8,2423688
NTPC,2025-11-10,363.96,365.07,358.95,359.11,359.11,1406884
NTPC,2025-11-11,359.36,363.86,358.75,362.92,362.92,2424637
NTPC,2025-11-12,362.44,367.96,360.77,365.72,365.72,2441192
NTPC,2025-11-13,365.84,368.58,365.27,368.55,368.55,5031419
NTPC,2025-11-14,368.66,372.76,368.29,370.92,370.92,4055144
NTPC,2025-11-17,371.0,372.95,364.32,367.43,367.43,1682753
NTPC,2025-11-18,367.63,370.6,365.53,370.14,370.14,2622748
NTPC,2025-11-19,368.99,371.53,361.57,362.52,362.52,3515096
NTPC,2025-11-20,362.64,366.65,361.32,364.77,364.77,2143926
NTPC,2025-11-21,362.85,367.81,360.29,366.8,366.8,2163640
NTPC,2025-11-24,367.44,371.15,366.9,368.77,368.77,1996458
NTPC,2025-11-25,367.55,369.93,366.96,369.58,369.58,4470075
NTPC,2025-11-26,370.88,373.49,368.91,372.49,372.49,2073855
NTPC,2025-11-27,369.76,375.09,366.44,367.91,367.91,3114984
NTPC,2025-11-28,369.76,370.95,363.13,363.78,363.78,965564
NTPC,2025-12-01,361.99,366.82,361.58,365.88,365.88,3232937
NTPC,2025-12-02,364.56,376.76,360.22,376.25,376.25,5853762
NTPC,2025-12-03,376.59,377.77,373.94,375.6,375.6,1369324
NTPC,2025-12-04,376.29,378.79,365.45,367.09,367.09,2725646
NTPC,2025-12-05,366.78,376.92,366.6,375.5,375.5,3988749
NTPC,2025-12-08,376.51,378.87,375.48,378.14,378.14,2418451
NTPC,2025-12-09,377.24,384.25,374.45,382.99,382.99,3303477
NTPC,2025-12-10,382.54,383.41,380.47,381.18,381.18,2019161
NTPC,2025-12-11,380.84,383.49,379.46,382.46,382.46,4597706
NTPC,2025-12-12,381.84,392.2,381.23,389.69,389.69,2368850
NTPC,2025-12-15,387.43,389.56,385.94,388.18,388.18,6498322
NTPC,2025-12-16,388.15,390.92,380.87,383.77,383.77,4374772
NTPC,2025-12-17,383.64,386.68,379.3,380.92,380.92,3383014
NTPC,2025-12-18,382.16,384.56,376.59,377.58,377.58,1653858
NTPC,2025-12-19,376.12,380.36,373.63,379.94,379.94,3387679
NTPC,2025-12-22,379.22,391.31,377.32,385.42,385.42,3608857
NTPC,2025-12-23,386.82,387.17,382.82,382.89,382.89,1017262
NTPC,2025-12-24,383.23,383.78,373.29,374.25,374.25,1904297
NTPC,2025-12-25,374.87,374.92,370.79,372.47,372.47,2616215
NTPC,2025-12-26,372.97,375.5,370.62,371.69,371.69,1997114
NTPC,2025-12-29,372.2,375.62,370.51,372.73,372.73,1746946
NTPC,2025-12-30,374.76,376.05,373.14,374.48,374.48,3481770
NTPC,2025-12-31,374.58,381.51,373.73,379.42,379.42,1939810
NTPC,2026-01-01,378.26,384.07,374.11,381.42,381.42,1913723
NTPC,2026-01-02,382.15,383.53,375.92,377.61,377.61,1991185
NTPC,2026-01-05,376.97,382.48,373.78,380.89,380.89,3062827
NTPC,2026-01-06,380.77,384.91,378.81,384.12,384.12,1248831
NTPC,2026-01-07,384.55,390.72,372.59,377.46,377.46,2477637
NTPC,2026-01-08,376.53,376.79,367.33,370.64,370.64,1539442
NTPC,2026-01-09,370.08,372.27,369.85,370.49,370.49,1771674
NTPC,2026-01-12,371.02,371.54,365.6,368.76,368.76,3019490
NTPC,2026-01-13,368.15,378.32,366.05,376.98,376.98,4431405
NTPC,2026-01-14,378.08,379.34,374.38,378.66,378.66,1679535
NTPC,2026-01-15,377.54,380.29,370.06,370.91,370.91,3976584
NTPC,2026-01-16,369.81,369.93,361.42,364.32,364.32,2830860
NTPC,2026-01-19,366.41,370.49,356.22,357.29,357.29,5414952
NTPC,2026-01-20,355.65,358.88,355.0,357.65,357.65,1938900
NTPC,2026-01-21,357.62,358.09,352.89,353.9,353.9,794859
NTPC,2026-01-22,355.86,360.46,354.78,359.52,359.52,4177680
NTPC,2026-01-23,359.49,363.97,353.92,355.25,355.25,2241646
NTPC,2026-01-26,356.69,358.55,354.24,358.16,358.16,2211384
NTPC,2026-01-27,358.86,363.44,356.86,358.23,358.23,2280165
NTPC,2026-01-28,358.22,361.19,358.15,360.28,360.28,1313973
NTPC,2026-01-29,360.14,363.44,357.22,358.59,358.59,2331760
NTPC,2026-01-30,356.31,356.56,353.45,353.79,353.79,3446708
NTPC,2026-02-02,353.45,367.13,351.8,365.3,365.3,4495275
NTPC,2026-02-03,365.55,368.23,361.51,362.43,362.43,1929015
NTPC,2026-02-04,362.68,368.57,361.77,367.8,367.8,4248357
NTPC,2026-02-05,370.52,372.89,362.48,363.12,363.12,1841751
NTPC,2026-02-06,363.42,366.82,363.41,366.25,366.25,1942082
NTPC,2026-02-09,366.94,370.29,363.46,364.57,364.57,2137188
NTPC,2026-02-10,365.84,366.05,365.2,365.44,365.44,2391312
NTPC,2026-02-11,366.03,370.84,364.76,368.42,368.42,2165079
NTPC,2026-02-12,368.32,369.53,364.45,364.86,364.86,4182982
NTPC,2026-02-13,364.78,367.48,362.27,364.27,364.27,2340019
NTPC,2026-02-16,363.89,368.57,362.65,364.42,364.42,2067912
NTPC,2026-02-17,364.9,365.99,357.5,358.11,358.11,3352700
NTPC,2026-02-18,357.93,361.32,348.91,349.34,349.34,4635916
NTPC,2026-02-19,349.99,353.22,349.53,351.18,351.18,2528769
NTPC,2026-02-20,350.12,359.78,346.76,355.31,355.31,1298526
NTPC,2026-02-23,355.47,355.48,354.63,355.44,355.44,3098553
NTPC,2026-02-24,357.09,361.3,356.94,357.1,357.1,2371571
NTPC,2026-02-25,356.86,363.79,355.38,360.42,360.42,3330320
NTPC,2026-02-26,362.41,365.36,360.67,363.68,363.68,2141396
NTPC,2026-02-27,363.86,364.14,359.8,360.38,360.38,1215991
NTPC,2026-03-02,360.32,363.53,353.81,357.08,357.08,1017121
NTPC,2026-03-03,357.2,365.05,356.78,362.44,362.44,1966822
NTPC,2026-03-04,362.1,364.56,361.69,364.3,364.3,2812753
NTPC,2026-03-05,362.13,366.85,360.36,366.83,366.83,4024661
NTPC,2026-03-06,367.8,368.12,364.37,364.63,364.63,2641144
NTPC,2026-03-09,367.03,367.87,363.37,363.53,363.53,1419666
NTPC,2026-03-10,364.05,364.85,358.88,359.0,359.0,1994220
NTPC,2026-03-11,359.58,366.95,356.92,366.56,366.56,5554917
NTPC,2026-03-12,366.36,375.66,363.48,374.98,374.98,1972655
NTPC,2026-03-13,376.28,376.85,368.87,373.43,373.43,5167320
NTPC,2026-03-16,373.38,378.73,373.31,376.01,376.01,5066727
NTPC,2026-03-17,376.31,383.76,375.0,381.01,381.01,6504837
NTPC,2026-03-18,379.22,383.34,378.59,378.88,378.88,2697078
NTPC,2026-03-19,378.28,380.59,364.42,368.23,368.23,3208671
NTPC,2026-03-20,368.64,370.73,364.34,366.66,366.66,2579906
NTPC,2026-03-23,367.66,368.5,361.2,362.34,362.34,3866951
NTPC,2026-03-24,363.35,364.69,359.16,361.31,361.31,1658317
NTPC,2026-03-25,359.6,362.78,356.61,361.4,361.4,1286107
NTPC,2026-03-26,359.8,366.24,357.95,363.07,363.07,2013548
NTPC,2026-03-27,363.7,369.54,363.34,368.29,368.29,2079334
NTPC,2026-03-30,367.46,368.89,365.14,366.18,366.18,3818779
NTPC,2026-03-31,367.16,370.73,366.18,370.73,370.73,2123580
NTPC,2026-04-01,368.91,372.75,366.73,371.62,371.62,2209767
NTPC,2026-04-02,371.52,372.62,366.77,370.32,370.32,3248459
NTPC,2026-04-03,370.28,372.29,364.41,365.59,365.59,4583757
NTPC,2026-04-06,366.12,367.23,356.69,359.78,359.78,3190482
NTPC,2026-04-07,358.67,363.21,357.02,357.76,357.76,2703010
NTPC,2026-04-08,355.65,356.33,352.66,355.09,355.09,1616452
NTPC,2026-04-09,355.28,356.91,350.75,351.65,351.65,3857261
NTPC,2026-04-10,352.21,353.39,342.31,343.12,343.12,5709190
NTPC,2026-04-13,344.16,349.35,343.68,346.86,346.86,1243297
NTPC,2026-04-14,346.48,351.93,343.56,350.14,350.14,5147293
NTPC,2026-04-15,350.95,356.44,349.01,355.01,355.01,2119424
NTPC,2026-04-16,355.53,362.52,355.14,358.76,358.76,3308295
NTPC,2026-04-17,360.19,360.27,352.68,356.87,356.87,2370510
NTPC,2026-04-20,356.81,359.68,355.33,359.19,359.19,2312267
NTPC,2026-04-21,357.33,357.55,352.42,353.58,353.58,2687174
NTPC,2026-04-22,353.51,356.97,344.91,346.46,346.46,2147254
NTPC,2026-04-23,346.55,347.71,346.15,346.87,346.87,2532259
NTPC,2026-04-24,347.41,354.04,346.97,349.54,349.54,2175924
NTPC,2026-04-27,347.94,357.69,344.44,357.09,357.09,1926845
NTPC,2026-04-28,356.76,358.16,352.21,353.91,353.91,1661915
NTPC,2026-04-29,354.84,356.08,349.49,349.53,349.53,1624949
NTPC,2026-04-30,349.42,349.99,348.67,349.86,349.86,1653782
NTPC,2026-05-01,349.54,360.32,347.98,355.96,355.96,3656122
NTPC,2026-05-04,358.0,360.63,356.35,359.61,359.61,1947692
NTPC,2026-05-05,358.45,359.56,355.75,358.58,358.58,3179949
NTPC,2026-05-06,359.91,360.43,353.29,353.6,353.6,2684667
NTPC,2026-05-07,354.68,358.81,346.98,350.16,350.16,2283467
NTPC,2026-05-08,349.92,351.07,348.05,350.96,350.96,2132593
NTPC,2026-05-11,350.92,361.12,347.89,357.0,357.0,5237730
NTPC,2026-05-12,356.96,363.63,355.02,361.65,361.65,1590468
NTPC,2026-05-13,361.85,364.07,356.31,363.5,363.5,4435688
NTPC,2026-05-14,362.85,363.05,358.12,360.18,360.18,3712228
NTPC,2026-05-15,359.72,363.23,351.0,353.24,353.24,3114074
NTPC,2026-05-18,352.86,359.77,352.09,357.71,357.71,4385223
NTPC,2026-05-19,357.37,359.36,348.55,350.05,350.05,2874658
NTPC,2026-05-20,349.73,350.18,347.25,347.34,347.34,2742096
NTPC,2026-05-21,345.0,351.31,342.74,349.01,349.01,1826893
NTPC,2026-05-22,349.11,350.99,342.31,348.15,348.15,3133732
NTPC,2026-05-25,347.6,349.62,337.39,342.55,342.55,2221972
NTPC,2026-05-26,340.63,341.21,337.72,337.87,337.87,2744012
NTPC,2026-05-27,337.51,347.08,331.55,344.09,344.09,4025692
NTPC,2026-05-28,343.69,345.72,343.07,344.49,344.49,3120973
NTPC,2026-05-29,345.81,348.71,343.42,344.85,344.85,1472231
NTPC,2026-06-01,344.29,350.88,342.81,350.02,350.02,3877528
NTPC,2026-06-02,350.73,365.55,349.23,362.16,362.16,2707223
NTPC,2026-06-03,363.66,367.27,360.18,360.22,360.22,974049
NTPC,2026-06-04,359.54,365.02,356.94,362.42,362.42,1738915
NTPC,2026-06-05,362.37,362.69,359.6,359.82,359.82,3367981
NTPC,2026-06-08,361.68,372.09,358.51,371.26,371.26,3827084
NTPC,2026-06-09,371.52,373.01,366.85,369.36,369.36,1847519
NTPC,2026-06-10,369.78,370.07,358.31,358.8,358.8,3791753
NTPC,2026-06-11,358.36,368.34,354.98,367.17,367.17,3385659
NTPC,2026-06-12,367.93,369.38,367.43,368.59,368.59,2836336
NTPC,2026-06-15,368.55,369.16,365.04,366.2,366.2,1243848
NTPC,2026-06-16,364.19,365.64,363.62,363.75,363.75,2286544
NTPC,2026-06-17,363.36,363.59,360.2,361.58,361.58,2457978
NTPC,2026-06-18,360.29,361.69,356.0,357.85,357.85,1505217
NTPC,2026-06-19,357.97,360.56,354.06,355.19,355.19,1397836
NTPC,2026-06-22,354.21,355.84,353.43,354.01,354.01,1884192
NTPC,2026-06-23,354.52,358.15,350.49,351.59,351.59,2400265
NTPC,2026-06-24,351.63,353.88,346.5,351.21,351.21,2056047
NTPC,2026-06-25,349.9,357.89,346.77,357.18,357.18,2389682
NTPC,2026-06-26,356.65,360.11,355.61,358.73,358.73,1763714
NTPC,2026-06-29,359.4,361.9,355.45,361.28,361.28,2052322
NTPC,2026-06-30,362.52,366.09,359.97,363.78,363.78,2697672
NTPC,2026-07-01,362.8,368.56,360.62,363.59,363.59,3314692
NTPC,2026-07-02,362.39,363.18,355.57,358.01,358.01,1194181
NTPC,2026-07-03,360.1,367.19,356.91,365.58,365.58,4140656
NTPC,2026-07-06,365.57,371.37,364.0,368.85,368.85,2403187
NTPC,2026-07-07,368.95,382.16,368.35,381.19,381.19,4863210
NTPC,2026-07-08,380.35,390.97,380.21,390.09,390.09,5390136
NTPC,2026-07-09,390.34,393.74,388.86,389.62,389.62,1518140
NTPC,2026-07-10,391.63,391.83,375.48,378.46,378.46,5415226
NTPC,2026-07-13,378.75,380.15,370.49,370.74,370.74,1943199
NTPC,2026-07-14,371.92,377.69,370.89,376.75,376.75,3093736
NTPC,2026-07-15,376.78,378.81,375.77,377.29,377.29,1876802
NTPC,2026-07-16,376.13,378.18,375.36,377.27,377.27,2022528
NTPC,2026-07-17,376.5,376.66,360.77,363.12,363.12,2866041
NTPC,2026-07-20,361.9,366.5,360.88,365.87,365.87,2894574
NTPC,2026-07-21,366.1,368.69,363.11,363.36,363.36,4509972
NTPC,2026-07-22,364.7,364.76,356.89,357.76,357.76,1971249
NTPC,2026-07-23,357.93,361.34,355.34,359.62,359.62,2472609
NTPC,2026-07-24,359.29,361.51,356.3,356.81,356.81,3448412
NTPC,2026-07-27,355.97,357.43,352.77,353.78,353.78,2211659
NTPC,2026-07-28,354.16,355.6,351.62,353.77,353.77,3420861
NTPC,2026-07-29,352.45,360.38,351.83,356.72,356.72,2085621
NTPC,2026-07-30,355.5,356.21,354.47,354.72,354.72,2211140
NTPC,2026-07-31,355.68,361.72,355.5,360.54,360.54,1982799
NTPC,2026-08-03,360.24,361.0,359.66,360.22,360.22,2139940
NTPC,2026-08-04,359.9,363.36,347.01,348.09,348.09,4025384
NTPC,2026-08-05,347.92,351.1,341.72,342.27,342.27,3850142
NTPC,2026-08-06,343.02,344.3,336.92,337.26,337.26,2217378
NTPC,2026-08-07,337.43,342.16,335.81,339.32,339.32,1784508
NTPC,2026-08-10,338.56,340.75,333.94,335.17,335.17,3266004
NTPC,2026-08-11,334.46,334.66,324.43,326.09,326.09,6325019
NTPC,2026-08-12,325.9,329.11,325.07,328.3,328.3,3067100
NTPC,2026-08-13,328.6,337.44,325.94,335.66,335.66,6911886
NTPC,2026-08-14,335.62,335.74,332.95,335.28,335.28,2558898
NTPC,2026-08-17,335.16,342.29,333.26,340.66,340.66,3605545
NTPC,2026-08-18,340.71,342.69,336.74,336.81,336.81,3488755
NTPC,2026-08-19,336.77,339.19,335.78,337.71,337.71,3884025
NTPC,2026-08-20,336.92,339.77,336.73,336.74,336.74,3534701
NTPC,2026-08-21,337.86,338.37,329.42,334.4,334.4,1553639
NTPC,2026-08-24,333.91,339.96,333.13,338.51,338.51,3732781
NTPC,2026-08-25,338.64,340.15,333.29,335.96,335.96,2704800
NTPC,2026-08-26,333.88,342.35,332.31,338.55,338.55,2257842
NTPC,2026-08-27,338.33,343.35,334.02,343.1,343.1,1365898
NTPC,2026-08-28,341.97,350.1,337.6,349.65,349.65,1678210
NTPC,2026-08-31,348.62,358.89,345.85,358.7,358.7,3028396
NTPC,2026-09-01,361.31,364.37,358.97,362.47,362.47,1449347
NTPC,2026-09-02,362.74,366.8,361.04,365.26,365.26,2125962
NTPC,2026-09-03,366.6,367.77,363.29,364.28,364.28,2851006
NTPC,2026-09-04,365.22,366.65,359.2,359.37,359.37,2211091
NTPC,2026-09-07,360.43,363.71,353.37,354.58,354.58,2875889
NTPC,2026-09-08,354.37,356.73,351.54,354.62,354.62,1296921
NTPC,2026-09-09,356.33,359.76,353.44,353.53,353.53,2441747
NTPC,2026-09-10,354.42,359.75,351.09,359.22,359.22,3593737
NTPC,2026-09-11,359.26,364.94,356.61,361.47,361.47,1333108
NTPC,2026-09-14,361.76,371.63,361.28,369.29,369.29,2409829
NTPC,2026-09-15,369.14,374.78,366.67,371.89,371.89,1445090
NTPC,2026-09-16,371.94,376.03,370.67,373.68,373.68,2782662
NTPC,2026-09-17,373.64,378.39,368.27,375.79,375.79,2474018
NTPC,2026-09-18,376.22,379.49,367.97,368.65,368.65,3061743
NTPC,2026-09-21,370.58,373.38,370.54,371.04,371.04,2247819
NTPC,2026-09-22,369.7,370.45,364.89,366.47,366.47,3094076
NTPC,2026-09-23,367.73,369.31,364.1,364.77,364.77,2591740
NTPC,2026-09-24,364.37,373.61,362.61,371.83,371.83,2561366
NTPC,2026-09-25,373.25,374.54,364.51,371.08,371.08,1631021
NTPC,2026-09-28,370.71,375.3,370.54,372.77,372.77,2201174
NTPC,2026-09-29,373.23,376.95,364.79,365.02,365.02,2997152
NTPC,2026-09-30,364.84,367.42,364.54,366.37,366.37,5024888
NTPC,2026-10-01,364.47,364.54,360.8,362.71,362.71,2213156
NTPC,2026-10-02,364.6,364.79,361.97,363.95,363.95,2453880
NTPC,2026-10-05,362.92,365.33,358.91,360.0,360.0,3170691
TATAMOTORS,2025-10-21,724.03,725.15,718.98,722.56,722.56,1988100
TATAMOTORS,2025-10-22,723.36,740.05,721.96,734.97,734.97,5207794
TATAMOTORS,2025-10-23,734.56,738.99,733.53,737.74,737.74,2744269
TATAMOTORS,2025-10-24,738.87,764.86,738.71,756.16,756.16,3178069
TATAMOTORS,2025-10-27,754.9,762.26,753.04,756.83,756.83,3523492
TATAMOTORS,2025-10-28,754.4,758.99,738.3,747.43,747.43,1816470
TATAMOTORS,2025-10-29,746.68,746.74,735.99,737.07,737.07,2243467
TATAMOTORS,2025-10-30,739.92,742.11,737.77,739.38,739.38,2716779
TATAMOTORS,2025-10-31,736.65,744.29,731.18,733.12,733.12,3428809
TATAMOTORS,2025-11-03,730.45,737.88,725.93,727.63,727.63,2765450
TATAMOTORS,2025-11-04,728.92,735.97,719.64,735.29,735.29,2476980
TATAMOTORS,2025-11-05,734.38,735.12,727.6,728.19,728.19,2315438
TATAMOTORS,2025-11-06,729.25,737.29,721.08,724.91,724.91,3539297
TATAMOTORS,2025-11-07,727.06,728.75,722.93,725.22,725.22,2210970
TATAMOTORS,2025-11-10,726.22,741.02,725.41,736.22,736.22,2030169
TATAMOTORS,2025-11-11,734.82,735.78,722.22,731.47,731.47,1631856
TATAMOTORS,2025-11-12,734.29,734.55,726.54,727.99,727.99,4152435
TATAMOTORS,2025-11-13,729.61,733.17,719.81,730.66,730.66,1650692
TATAMOTORS,2025-11-14,730.72,732.64,719.62,725.76,725.76,2657379
TATAMOTORS,2025-11-17,725.72,732.98,714.13,715.21,715.21,4900000
TATAMOTORS,2025-11-18,716.01,719.9,709.29,712.73,712.73,2719346
TATAMOTORS,2025-11-19,712.06,713.75,707.28,707.72,707.72,1774181
TATAMOTORS,2025-11-20,704.26,708.36,703.01,704.72,704.72,1489285
TATAMOTORS,2025-11-21,706.3,712.52,686.88,691.72,691.72,6528121
TATAMOTORS,2025-11-24,693.15,695.79,687.11,691.64,691.64,1311814
TATAMOTORS,2025-11-25,686.87,691.44,677.82,678.66,678.66,2492220
TATAMOTORS,2025-11-26,679.7,684.45,678.82,683.57,683.57,2798849
TATAMOTORS,2025-11-27,687.17,691.83,678.41,679.8,679.8,2117686
TATAMOTORS,2025-11-28,677.5,682.15,676.91,679.51,679.51,2526416
TATAMOTORS,2025-12-01,679.36,683.7,669.53,680.22,680.22,1136945
TATAMOTORS,2025-12-02,679.85,686.35,679.51,680.7,680.7,1861281
TATAMOTORS,2025-12-03,684.1,689.09,673.56,674.17,674.17,3352139
TATAMOTORS,2025-12-04,676.44,677.17,664.19,667.65,667.65,3363257
TATAMOTORS,2025-12-05,665.89,670.89,658.29,661.16,661.16,2038961
TATAMOTORS,2025-12-08,661.84,669.31,660.88,667.22,667.22,1677863
TATAMOTORS,2025-12-09,671.82,682.09,670.56,672.06,672.06,2628846
TATAMOTORS,2025-12-10,670.8,671.77,661.29,666.7,666.7,1454989
TATAMOTORS,2025-12-11,666.68,671.26,660.37,664.96,664.96,3573855
TATAMOTORS,2025-12-12,665.98,674.51,664.88,673.05,673.05,2877408
TATAMOTORS,2025-12-15,671.81,673.83,655.93,664.49,664.49,2076444
TATAMOTORS,2025-12-16,668.0,670.18,661.77,664.28,664.28,1312847
TATAMOTORS,2025-12-17,663.33,667.53,658.62,663.83,663.83,1570407
TATAMOTORS,2025-12-18,661.06,682.18,661.02,678.28,678.28,1747175
TATAMOTORS,2025-12-19,677.21,680.33,675.69,679.49,679.49,2546893
TATAMOTORS,2025-12-22,680.83,685.34,661.89,671.83,671.83,1927773
TATAMOTORS,2025-12-23,670.22,677.58,665.95,668.57,668.57,2665888
TATAMOTORS,2025-12-24,669.17,670.63,658.53,659.89,659.89,3422029
TATAMOTORS,2025-12-25,661.0,666.2,658.79,659.02,659.02,3033243
TATAMOTORS,2025-12-26,656.63,661.48,651.59,654.64,654.64,2632046
TATAMOTORS,2025-12-29,653.53,660.35,653.36,655.41,655.41,3220721
TATAMOTORS,2025-12-30,656.1,661.53,655.62,657.08,657.08,3714641
TATAMOTORS,2025-12-31,658.46,671.13,655.64,667.46,667.46,3232096
TATAMOTORS,2026-01-01,666.38,666.97,663.39,665.96,665.96,2404234
TATAMOTORS,2026-01-02,666.26,673.75,655.87,659.33,659.33,2062719
TATAMOTORS,2026-01-05,658.76,661.29,637.5,641.7,641.7,2421769
TATAMOTORS,2026-01-06,643.1,656.29,641.15,649.54,649.54,4517747
TATAMOTORS,2026-01-07,650.55,656.02,642.36,648.98,648.98,2591724
TATAMOTORS,2026-01-08,648.25,651.87,634.01,637.93,637.93,3953314
TATAMOTORS,2026-01-09,638.85,644.04,632.97,635.48,635.48,1746528
TATAMOTORS,2026-01-12,634.69,639.22,620.49,625.19,625.19,5654813
TATAMOTORS,2026-01-13,626.05,639.11,622.94,638.84,638.84,2981543
TATAMOTORS,2026-01-14,639.74,650.35,639.21,650.22,650.22,2200804
TATAMOTORS,2026-01-15,654.84,656.01,646.59,649.34,649.34,1640160
TATAMOTORS,2026-01-16,648.69,651.8,639.13,639.2,639.2,5472537
TATAMOTORS,2026-01-19,638.93,639.46,626.24,627.46,627.46,1978247
TATAMOTORS,2026-01-20,626.24,630.73,617.99,622.63,622.63,1808723
TATAMOTORS,2026-01-21,620.7,626.98,617.99,621.95,621.95,6528929
TATAMOTORS,2026-01-22,621.1,642.91,615.33,638.98,638.98,5230009
TATAMOTORS,2026-01-23,640.25,647.66,637.42,645.96,645.96,1961352
TATAMOTORS,2026-01-26,647.39,661.3,644.26,657.22,657.22,1952973
TATAMOTORS,2026-01-27,657.8,659.9,656.02,656.18,656.18,1063751
TATAMOTORS,2026-01-28,655.59,657.06,641.58,643.28,643.28,3288383
TATAMOTORS,2026-01-29,642.33,653.82,630.75,634.09,634.09,3799019
TATAMOTORS,2026-01-30,632.34,632.4,630.96,631.34,631.34,4113493
TATAMOTORS,2026-02-02,630.29,636.96,625.02,633.83,633.83,1039210
TATAMOTORS,2026-02-03,631.37,633.87,627.49,632.18,632.18,1258121
TATAMOTORS,2026-02-04,634.76,647.24,633.43,641.45,641.45,2715491
TATAMOTORS,2026-02-05,644.99,645.62,639.15,640.95,640.95,6190196
TATAMOTORS,2026-02-06,637.22,656.04,634.75,648.84,648.84,3863363
TATAMOTORS,2026-02-09,649.4,650.71,633.37,638.87,638.87,3370425
TATAMOTORS,2026-02-10,639.39,650.45,633.84,646.94,646.94,1672183
TATAMOTORS,2026-02-11,647.35,650.88,634.78,636.92,636.92,1246729
TATAMOTORS,2026-02-12,635.79,636.57,626.49,633.14,633.14,2373531
TATAMOTORS,2026-02-13,635.08,640.17,634.93,639.39,639.39,2466648
TATAMOTORS,2026-02-16,640.17,642.96,637.67,639.79,639.79,1814565
TATAMOTORS,2026-02-17,641.77,643.31,623.78,626.25,626.25,2795255
TATAMOTORS,2026-02-18,624.86,627.17,610.07,613.87,613.87,2350456
TATAMOTORS,2026-02-19,611.32,618.64,608.7,616.64,616.64,1522058
TATAMOTORS,2026-02-20,617.44,627.8,610.04,627.23,627.23,5222875
TATAMOTORS,2026-02-23,625.42,629.51,614.47,621.28,621.28,1788637
TATAMOTORS,2026-02-24,623.24,624.37,622.26,623.41,623.41,1957752
TATAMOTORS,2026-02-25,619.43,620.73,609.85,615.54,615.54,2695409
TATAMOTORS,2026-02-26,614.68,630.99,609.88,625.58,625.58,3905811
TATAMOTORS,2026-02-27,624.42,628.57,620.28,621.3,621.3,1700745
TATAMOTORS,2026-03-02,620.68,627.02,618.86,620.16,620.16,3093651
TATAMOTORS,2026-03-03,620.64,628.13,613.49,624.88,624.88,1930447
TATAMOTORS,2026-03-04,625.62,635.87,617.14,634.39,634.39,2700897
TATAMOTORS,2026-03-05,635.61,648.31,633.99,643.36,643.36,5435660
TATAMOTORS,2026-03-06,644.81,647.37,637.15,640.61,640.61,1518467
TATAMOTORS,2026-03-09,640.28,647.25,634.08,637.41,637.41,3042342
TATAMOTORS,2026-03-10,641.44,645.07,636.52,644.96,644.96,4010288
TATAMOTORS,2026-03-11,647.64,658.35,644.93,657.89,657.89,3581051
TATAMOTORS,2026-03-12,657.28,669.49,653.26,666.09,666.09,2594882
TATAMOTORS,2026-03-13,665.82,673.62,659.26,659.94,659.94,5932688
TATAMOTORS,2026-03-16,659.28,659.87,649.81,654.29,654.29,2480752
TATAMOTORS,2026-03-17,655.0,671.4,654.68,666.08,666.08,3304312
TATAMOTORS,2026-03-18,664.14,673.93,650.78,655.12,655.12,2595839
TATAMOTORS,2026-03-19,653.56,655.11,646.02,651.1,651.1,2495268
TATAMOTORS,2026-03-20,646.86,667.07,640.04,663.88,663.88,4617219
TATAMOTORS,2026-03-23,663.09,669.9,654.43,663.21,663.21,1830267
TATAMOTORS,2026-03-24,665.33,667.78,651.73,656.3,656.3,1120825
TATAMOTORS,2026-03-25,656.01,674.12,651.27,670.2,670.2,3965145
TATAMOTORS,2026-03-26,670.0,684.28,668.97,684.05,684.05,2078760
TATAMOTORS,2026-03-27,684.62,697.92,683.01,694.86,694.86,3922657
TATAMOTORS,2026-03-30,692.77,704.65,689.06,704.51,704.51,2801337
TATAMOTORS,2026-03-31,704.56,706.29,700.87,706.21,706.21,3100377
TATAMOTORS,2026-04-01,708.09,708.6,699.73,701.01,701.01,1657870
TATAMOTORS,2026-04-02,701.65,703.32,694.05,698.05,698.05,1803565
TATAMOTORS,2026-04-03,700.1,702.22,683.24,684.66,684.66,2735760
TATAMOTORS,2026-04-06,687.26,698.75,686.26,696.66,696.66,1666781
TATAMOTORS,2026-04-07,698.04,701.47,681.96,682.78,682.78,4960168
TATAMOTORS,2026-04-08,681.31,686.01,677.8,683.39,683.39,1062733
TATAMOTORS,2026-04-09,682.68,698.49,679.64,690.21,690.21,3991357
TATAMOTORS,2026-04-10,694.21,698.59,678.11,687.33,687.33,2644422
TATAMOTORS,2026-04-13,687.97,688.83,683.44,687.11,687.11,1847993
TATAMOTORS,2026-04-14,687.49,689.36,682.87,684.39,684.39,2547394
TATAMOTORS,2026-04-15,682.63,689.75,680.25,683.95,683.95,2295257
TATAMOTORS,2026-04-16,683.76,696.5,683.54,692.55,692.55,2323015
TATAMOTORS,2026-04-17,694.04,703.94,691.25,695.53,695.53,2521171
TATAMOTORS,2026-04-20,695.56,705.41,694.19,702.15,702.15,3411163
TATAMOTORS,2026-04-21,701.05,704.84,688.79,692.4,692.4,1928546
TATAMOTORS,2026-04-22,691.81,703.18,689.58,703.16,703.16,3329941
TATAMOTORS,2026-04-23,705.67,706.25,703.36,706.03,706.03,778448
TATAMOTORS,2026-04-24,707.45,714.57,700.06,709.03,709.03,1032641
TATAMOTORS,2026-04-27,710.16,714.03,703.96,705.78,705.78,2826984
TATAMOTORS,2026-04-28,706.72,712.18,690.55,693.46,693.46,2563724
TATAMOTORS,2026-04-29,691.0,706.23,689.58,700.17,700.17,1816407
TATAMOTORS,2026-04-30,700.74,705.62,696.59,700.48,700.48,1966645
TATAMOTORS,2026-05-01,702.72,725.93,701.64,718.21,718.21,2961746
TATAMOTORS,2026-05-04,717.65,721.51,716.68,718.63,718.63,1358464
TATAMOTORS,2026-05-05,720.74,729.92,717.16,725.56,725.56,1325393
TATAMOTORS,2026-05-06,726.74,734.35,723.08,730.86,730.86,1099299
TATAMOTORS,2026-05-07,732.67,733.07,712.19,722.75,722.75,3556240
TATAMOTORS,2026-05-08,722.86,729.06,722.46,723.27,723.27,1710554
TATAMOTORS,2026-05-11,725.19,731.32,723.31,730.6,730.6,3806300
TATAMOTORS,2026-05-12,727.39,729.81,724.75,727.55,727.55,1876680
TATAMOTORS,2026-05-13,727.62,741.73,725.57,736.19,736.19,3094765
TATAMOTORS,2026-05-14,737.77,743.13,733.67,736.5,736.5,1908981
TATAMOTORS,2026-05-15,737.15,742.32,715.46,720.19,720.19,3374158
TATAMOTORS,2026-05-18,722.56,724.94,711.61,711.75,711.75,2785864
TATAMOTORS,2026-05-19,711.41,714.11,711.24,713.5,713.5,1781451
TATAMOTORS,2026-05-20,712.33,720.66,710.55,712.5,712.5,1263284
TATAMOTORS,2026-05-21,709.0,719.73,705.21,711.63,711.63,2792861
TATAMOTORS,2026-05-22,711.05,713.46,709.38,711.59,711.59,3757022
TATAMOTORS,2026-05-25,712.69,718.92,693.78,695.74,695.74,6452540
TATAMOTORS,2026-05-26,697.33,697.79,689.54,692.07,692.07,1841116
TATAMOTORS,2026-05-27,689.17,705.32,688.02,701.81,701.81,2098791
TATAMOTORS,2026-05-28,704.29,704.66,686.04,695.33,695.33,2030433
TATAMOTORS,2026-05-29,693.3,710.59,687.76,706.62,706.62,2741172
TATAMOTORS,2026-06-01,706.37,727.89,698.14,722.7,722.7,3252266
TATAMOTORS,2026-06-02,721.47,755.5,719.01,745.38,745.38,2563153
TATAMOTORS,2026-06-03,746.32,760.44,738.82,759.68,759.68,1722184
TATAMOTORS,2026-06-04,759.89,771.32,758.85,760.83,760.83,2114782
TATAMOTORS,2026-06-05,762.38,765.39,757.87,763.93,763.93,541908
TATAMOTORS,2026-06-08,768.15,771.9,766.04,768.7,768.7,2260298
TATAMOTORS,2026-06-09,769.62,772.95,758.43,760.0,760.0,1822787
TATAMOTORS,2026-06-10,758.68,763.62,740.33,743.54,743.54,4488715
TATAMOTORS,2026-06-11,744.56,754.29,742.4,753.99,753.99,4277431
TATAMOTORS,2026-06-12,758.39,762.16,739.22,747.14,747.14,3876212
TATAMOTORS,2026-06-15,748.61,752.96,748.06,752.12,752.12,2070038
TATAMOTORS,2026-06-16,754.25,758.93,747.4,751.33,751.33,1298572
TATAMOTORS,2026-06-17,747.74,748.21,743.8,745.04,745.04,1792839
TATAMOTORS,2026-06-18,745.9,747.45,741.6,743.7,743.7,2344694
TATAMOTORS,2026-06-19,743.1,752.94,739.75,752.88,752.88,1404551
TATAMOTORS,2026-06-22,751.35,771.11,750.19,763.62,763.62,4932941
TATAMOTORS,2026-06-23,763.57,764.48,760.14,760.58,760.58,1944947
TATAMOTORS,2026-06-24,760.83,763.13,755.73,756.66,756.66,2797748
TATAMOTORS,2026-06-25,755.24,772.53,752.16,769.64,769.64,1468695
TATAMOTORS,2026-06-26,770.08,771.11,759.14,763.33,763.33,1707531
TATAMOTORS,2026-06-29,762.93,764.19,752.2,753.76,753.76,1275099
TATAMOTORS,2026-06-30,755.35,758.24,754.24,758.1,758.1,3496666
TATAMOTORS,2026-07-01,758.62,770.66,749.28,767.68,767.68,2559940
TATAMOTORS,2026-07-02,768.54,770.85,758.66,760.82,760.82,3162085
TATAMOTORS,2026-07-03,763.06,767.79,757.56,765.96,765.96,2444160
TATAMOTORS,2026-07-06,767.23,769.47,761.27,762.52,762.52,2714444
TATAMOTORS,2026-07-07,762.5,782.55,760.89,780.19,780.19,2922925
TATAMOTORS,2026-07-08,775.3,799.03,770.37,798.2,798.2,3079662
TATAMOTORS,2026-07-09,799.43,801.18,797.5,798.65,798.65,1943521
TATAMOTORS,2026-07-10,796.47,803.63,773.81,786.37,786.37,3416100
TATAMOTORS,2026-07-13,786.17,798.81,767.74,769.0,769.0,3936919
TATAMOTORS,2026-07-14,769.85,785.9,768.39,783.23,783.23,9463809
TATAMOTORS,2026-07-15,786.36,787.75,775.14,776.15,776.15,4942903
TATAMOTORS,2026-07-16,780.44,786.95,780.01,782.07,782.07,1195288
TATAMOTORS,2026-07-17,779.91,781.16,772.62,778.46,778.46,2132498
TATAMOTORS,2026-07-20,775.39,784.79,768.94,780.13,780.13,1793898
TATAMOTORS,2026-07-21,780.89,789.87,779.31,781.72,781.72,3510149
TATAMOTORS,2026-07-22,782.28,786.69,777.72,783.46,783.46,1864344
TATAMOTORS,2026-07-23,780.64,782.13,772.23,774.76,774.76,3187222
TATAMOTORS,2026-07-24,774.72,781.46,769.0,769.51,769.51,937382
TATAMOTORS,2026-07-27,770.89,774.45,766.63,768.28,768.28,1134008
TATAMOTORS,2026-07-28,765.45,777.01,763.32,776.79,776.79,6090521
TATAMOTORS,2026-07-29,774.47,793.71,774.44,789.09,789.09,2976809
TATAMOTORS,2026-07-30,787.57,789.9,780.79,787.15,787.15,1428296
TATAMOTORS,2026-07-31,786.65,792.33,780.52,782.72,782.72,2554664
TATAMOTORS,2026-08-03,784.35,803.23,784.19,799.95,799.95,2151267
TATAMOTORS,2026-08-04,799.17,800.07,768.4,772.35,772.35,3635112
TATAMOTORS,2026-08-05,772.48,781.4,772.35,773.21,773.21,1145859
TATAMOTORS,2026-08-06,778.42,779.15,772.29,774.15,774.15,1499171
TATAMOTORS,2026-08-07,771.93,790.88,771.23,786.22,786.22,2457663
TATAMOTORS,2026-08-10,784.68,796.44,781.9,795.39,795.39,4183952
TATAMOTORS,2026-08-11,797.01,806.25,776.07,778.15,778.15,3956796
TATAMOTORS,2026-08-12,780.45,785.14,775.12,781.61,781.61,2900947
TATAMOTORS,2026-08-13,782.58,787.56,778.33,787.34,787.34,2392381
TATAMOTORS,2026-08-14,791.61,792.46,769.54,776.55,776.55,3895926
TATAMOTORS,2026-08-17,777.29,786.68,772.2,786.61,786.61,1937533
TATAMOTORS,2026-08-18,781.94,785.79,781.1,782.38,782.38,1718117
TATAMOTORS,2026-08-19,782.61,790.26,780.5,783.83,783.83,2463840
TATAMOTORS,2026-08-20,782.49,787.04,778.34,785.59,785.59,1892020
TATAMOTORS,2026-08-21,788.85,798.47,787.68,795.92,795.92,2744927
TATAMOTORS,2026-08-24,798.22,808.74,782.29,806.15,806.15,2568001
TATAMOTORS,2026-08-25,802.3,811.28,800.85,810.84,810.84,3843947
TATAMOTORS,2026-08-26,814.13,814.38,804.95,812.45,812.45,3540279
TATAMOTORS,2026-08-27,814.74,832.92,806.74,832.88,832.88,2693728
TATAMOTORS,2026-08-28,832.07,848.78,829.41,840.02,840.02,1231900
TATAMOTORS,2026-08-31,839.82,855.67,839.64,852.29,852.29,2140216
TATAMOTORS,2026-09-01,855.84,866.9,855.36,856.07,856.07,1569060
TATAMOTORS,2026-09-02,851.01,866.98,850.95,864.7,864.7,3597765
TATAMOTORS,2026-09-03,865.86,873.92,859.97,869.83,869.83,3373639
TATAMOTORS,2026-09-04,872.68,880.42,868.11,878.4,878.4,1698926
TATAMOTORS,2026-09-07,878.17,891.44,877.32,888.45,888.45,1966313
TATAMOTORS,2026-09-08,890.17,908.96,888.67,897.41,897.41,1427724
TATAMOTORS,2026-09-09,897.69,909.95,888.39,905.78,905.78,2674950
TATAMOTORS,2026-09-10,903.65,933.34,898.99,921.0,921.0,2921351
TATAMOTORS,2026-09-11,918.77,923.41,912.91,919.5,919.5,2851665
TATAMOTORS,2026-09-14,921.47,932.57,908.95,912.42,912.42,2980282
TATAMOTORS,2026-09-15,910.68,923.81,905.05,918.57,918.57,3040930
TATAMOTORS,2026-09-16,914.37,950.73,905.68,945.86,945.86,2009848
TATAMOTORS,2026-09-17,946.21,946.41,943.8,943.93,943.93,1637706
TATAMOTORS,2026-09-18,942.48,954.07,933.54,934.25,934.25,3794968
TATAMOTORS,2026-09-21,930.88,942.39,930.39,935.67,935.67,1671768
TATAMOTORS,2026-09-22,935.88,947.35,935.41,936.81,936.81,1071526
TATAMOTORS,2026-09-23,938.96,939.68,929.56,929.99,929.99,3339615
TATAMOTORS,2026-09-24,930.04,934.35,927.88,932.53,932.53,1703014
TATAMOTORS,2026-09-25,929.55,947.26,928.94,942.59,942.59,4009509
TATAMOTORS,2026-09-28,943.96,945.95,923.56,931.18,931.18,2687609
TATAMOTORS,2026-09-29,934.07,940.72,904.67,907.82,907.82,3127404
TATAMOTORS,2026-09-30,913.84,927.25,901.48,925.24,925.24,5371061
TATAMOTORS,2026-10-01,929.24,931.83,922.39,925.92,925.92,1203388
TATAMOTORS,2026-10-02,923.12,941.57,921.79,939.24,939.24,5027332
TATAMOTORS,2026-10-05,941.66,955.87,938.43,950.0,950.0,2059948
ASIANPAINT,2025-10-21,2391.23,2416.69,2384.57,2390.16,2390.16,1844803
ASIANPAINT,2025-10-22,2401.22,2409.83,2370.24,2388.07,2388.07,3755078
ASIANPAINT,2025-10-23,2389.33,2396.74,2356.93,2381.55,2381.55,2001467
ASIANPAINT,2025-10-24,2390.05,2409.07,2337.07,2371.98,2371.98,3192994
ASIANPAINT,2025-10-27,2358.08,2371.72,2307.67,2342.05,2342.05,3848427
ASIANPAINT,2025-10-28,2338.94,2396.62,2333.09,2387.97,2387.97,2622651
ASIANPAINT,2025-10-29,2390.81,2395.15,2337.24,2350.05,2350.05,1756364
ASIANPAINT,2025-10-30,2357.68,2373.41,2330.27,2354.85,2354.85,1327276
ASIANPAINT,2025-10-31,2360.29,2364.69,2355.2,2358.55,2358.55,3710717
ASIANPAINT,2025-11-03,2363.34,2364.14,2340.24,2351.85,2351.85,2286716
ASIANPAINT,2025-11-04,2359.34,2361.75,2339.29,2355.89,2355.89,1042074
ASIANPAINT,2025-11-05,2359.25,2363.39,2306.03,2346.7,2346.7,3092547
ASIANPAINT,2025-11-06,2331.61,2366.22,2326.92,2354.88,2354.88,1071443
ASIANPAINT,2025-11-07,2365.06,2386.71,2364.36,2379.09,2379.09,1862001
ASIANPAINT,2025-11-10,2373.11,2379.13,2316.99,2337.2,2337.2,3139693
ASIANPAINT,2025-11-11,2339.4,2356.8,2305.26,2307.48,2307.48,7520460
ASIANPAINT,2025-11-12,2308.73,2337.64,2307.53,2328.45,2328.45,3494095
ASIANPAINT,2025-11-13,2328.79,2334.17,2256.02,2265.5,2265.5,2979120
ASIANPAINT,2025-11-14,2257.98,2259.22,2242.02,2256.01,2256.01,2257757
ASIANPAINT,2025-11-17,2242.89,2253.02,2233.35,2246.28,2246.28,3236154
ASIANPAINT,2025-11-18,2239.52,2288.5,2226.83,2263.63,2263.63,4309919
ASIANPAINT,2025-11-19,2269.24,2272.52,2205.53,2212.45,2212.45,3027622
ASIANPAINT,2025-11-20,2202.85,2249.51,2202.63,2227.59,2227.59,2188349
ASIANPAINT,2025-11-21,2221.71,2239.53,2212.77,2236.58,2236.58,1594443
ASIANPAINT,2025-11-24,2239.38,2291.8,2228.03,2290.66,2290.66,4441366
ASIANPAINT,2025-11-25,2283.59,2291.76,2267.51,2271.85,2271.85,3727982
ASIANPAINT,2025-11-26,2268.15,2311.42,2253.44,2304.61,2304.61,1305194
ASIANPAINT,2025-11-27,2305.18,2307.87,2237.51,2262.9,2262.9,2618736
ASIANPAINT,2025-11-28,2264.82,2308.52,2262.26,2290.52,2290.52,1664512
ASIANPAINT,2025-12-01,2283.33,2308.74,2270.02,2296.84,2296.84,2280133
ASIANPAINT,2025-12-02,2297.81,2335.52,2291.61,2329.2,2329.2,1715551
ASIANPAINT,2025-12-03,2331.98,2341.2,2328.6,2332.79,2332.79,1223399
ASIANPAINT,2025-12-04,2323.88,2383.14,2323.78,2357.2,2357.2,4078157
ASIANPAINT,2025-12-05,2358.72,2369.62,2354.34,2366.92,2366.92,2084952
ASIANPAINT,2025-12-08,2361.84,2369.6,2338.74,2352.78,2352.78,2283998
ASIANPAINT,2025-12-09,2353.65,2390.58,2342.63,2360.96,2360.96,2602046
ASIANPAINT,2025-12-10,2366.08,2407.88,2354.07,2394.78,2394.78,4170979
ASIANPAINT,2025-12-11,2393.51,2419.86,2388.41,2412.22,2412.22,2042139
ASIANPAINT,2025-12-12,2418.83,2426.43,2393.99,2400.29,2400.29,1943860
ASIANPAINT,2025-12-15,2405.98,2415.38,2369.31,2393.96,2393.96,1829114
ASIANPAINT,2025-12-16,2400.48,2409.06,2356.11,2358.66,2358.66,4417842
ASIANPAINT,2025-12-17,2361.51,2387.87,2352.99,2354.87,2354.87,2022625
ASIANPAINT,2025-12-18,2362.64,2400.87,2312.95,2330.55,2330.55,2314307
ASIANPAINT,2025-12-19,2333.25,2349.34,2300.28,2303.02,2303.02,3144867
ASIANPAINT,2025-12-22,2291.5,2322.79,2279.56,2301.26,2301.26,4219277
ASIANPAINT,2025-12-23,2295.79,2358.54,2290.41,2333.73,2333.73,2901155
ASIANPAINT,2025-12-24,2332.26,2363.24,2288.65,2320.48,2320.48,2084270
ASIANPAINT,2025-12-25,2319.88,2338.7,2316.74,2334.47,2334.47,5090970
ASIANPAINT,2025-12-26,2336.98,2421.72,2334.22,2409.03,2409.03,6558104
ASIANPAINT,2025-12-29,2403.2,2451.51,2401.02,2424.83,2424.83,3809703
ASIANPAINT,2025-12-30,2439.44,2510.65,2437.02,2496.21,2496.21,3035376
ASIANPAINT,2025-12-31,2495.44,2545.16,2487.86,2529.55,2529.55,2180590
ASIANPAINT,2026-01-01,2529.49,2585.14,2524.58,2569.63,2569.63,1401087
ASIANPAINT,2026-01-02,2564.46,2566.49,2515.53,2532.65,2532.65,4185283
ASIANPAINT,2026-01-05,2525.03,2555.09,2466.49,2496.4,2496.4,2929163
ASIANPAINT,2026-01-06,2495.45,2536.92,2493.86,2515.29,2515.29,1183019
ASIANPAINT,2026-01-07,2515.5,2529.05,2504.25,2519.64,2519.64,3372777
ASIANPAINT,2026-01-08,2518.98,2537.06,2465.5,2481.57,2481.57,2523679
ASIANPAINT,2026-01-09,2493.9,2509.79,2418.63,2450.72,2450.72,2503246
ASIANPAINT,2026-01-12,2449.79,2464.32,2445.51,2464.22,2464.22,1260948
ASIANPAINT,2026-01-13,2463.58,2482.54,2432.22,2473.97,2473.97,2700406
ASIANPAINT,2026-01-14,2480.03,2486.98,2440.42,2443.1,2443.1,3336485
ASIANPAINT,2026-01-15,2441.85,2444.88,2439.51,2439.55,2439.55,2029813
ASIANPAINT,2026-01-16,2443.5,2457.99,2414.1,2420.29,2420.29,2076229
ASIANPAINT,2026-01-19,2411.0,2417.54,2390.54,2397.8,2397.8,7257438
ASIANPAINT,2026-01-20,2388.65,2407.93,2382.8,2403.34,2403.34,1310149
ASIANPAINT,2026-01-21,2404.22,2438.89,2389.68,2414.5,2414.5,1692141
ASIANPAINT,2026-01-22,2412.82,2433.56,2403.37,2425.98,2425.98,3006860
ASIANPAINT,2026-01-23,2420.09,2438.41,2391.32,2419.02,2419.02,1435438
ASIANPAINT,2026-01-26,2419.9,2464.47,2407.82,2458.86,2458.86,1911848
ASIANPAINT,2026-01-27,2460.4,2461.57,2432.31,2438.04,2438.04,3913021
ASIANPAINT,2026-01-28,2432.85,2452.71,2409.62,2409.66,2409.66,3413096
ASIANPAINT,2026-01-29,2405.91,2409.64,2351.44,2358.88,2358.88,3944026
ASIANPAINT,2026-01-30,2360.41,2363.12,2327.19,2347.34,2347.34,2445962
ASIANPAINT,2026-02-02,2340.15,2393.6,2336.66,2390.8,2390.8,2330548
ASIANPAINT,2026-02-03,2386.47,2388.58,2327.21,2331.71,2331.71,3137790
ASIANPAINT,2026-02-04,2335.44,2344.59,2316.07,2320.94,2320.94,2187786
ASIANPAINT,2026-02-05,2320.77,2329.01,2272.85,2274.87,2274.87,4454332
ASIANPAINT,2026-02-06,2271.62,2317.84,2238.95,2308.32,2308.32,3380255
ASIANPAINT,2026-02-09,2302.06,2316.91,2253.39,2271.34,2271.34,2030808
ASIANPAINT,2026-02-10,2264.43,2277.08,2249.72,2267.9,2267.9,2842765
ASIANPAINT,2026-02-11,2267.0,2297.21,2259.27,2284.38,2284.38,1233287
ASIANPAINT,2026-02-12,2298.26,2306.62,2258.17,2279.23,2279.23,1862299
ASIANPAINT,2026-02-13,2283.1,2285.94,2268.34,2276.93,2276.93,1293658
ASIANPAINT,2026-02-16,2267.83,2305.03,2267.78,2278.52,2278.52,1436657
ASIANPAINT,2026-02-17,2283.35,2304.15,2269.38,2283.84,2283.84,4584959
ASIANPAINT,2026-02-18,2278.64,2305.37,2259.2,2262.32,2262.32,1413805
ASIANPAINT,2026-02-19,2262.28,2270.24,2205.56,2215.59,2215.59,2323221
ASIANPAINT,2026-02-20,2211.68,2294.96,2192.73,2266.27,2266.27,4081642
ASIANPAINT,2026-02-23,2280.02,2282.07,2277.36,2278.63,2278.63,1910978
ASIANPAINT,2026-02-24,2270.87,2280.78,2265.09,2276.8,2276.8,2160691
ASIANPAINT,2026-02-25,2278.95,2284.13,2228.65,2237.29,2237.29,5357306
ASIANPAINT,2026-02-26,2232.69,2254.08,2226.65,2251.4,2251.4,3062138
ASIANPAINT,2026-02-27,2256.39,2288.21,2224.11,2235.89,2235.89,1984732
ASIANPAINT,2026-03-02,2237.86,2249.18,2198.79,2203.41,2203.41,2704406
ASIANPAINT,2026-03-03,2211.71,2230.76,2198.87,2217.87,2217.87,2932570
ASIANPAINT,2026-03-04,2222.65,2227.02,2206.5,2213.25,2213.25,2716136
ASIANPAINT,2026-03-05,2208.64,2250.14,2198.68,2226.88,2226.88,2367510
ASIANPAINT,2026-03-06,2246.36,2254.77,2229.02,2246.99,2246.99,2908184
ASIANPAINT,2026-03-09,2250.73,2256.54,2219.83,2234.72,2234.72,2667513
ASIANPAINT,2026-03-10,2231.03,2245.37,2196.18,2203.73,2203.73,2711600
ASIANPAINT,2026-03-11,2205.09,2226.03,2198.74,2215.67,2215.67,1808745
ASIANPAINT,2026-03-12,2219.87,2246.16,2216.52,2232.52,2232.52,3275049
ASIANPAINT,2026-03-13,2236.49,2255.52,2222.88,2225.03,2225.03,2452824
ASIANPAINT,2026-03-16,2228.34,2237.1,2223.39,2232.98,2232.98,954705
ASIANPAINT,2026-03-17,2239.45,2245.59,2226.73,2232.77,2232.77,1428967
ASIANPAINT,2026-03-18,2238.58,2251.24,2228.64,2249.26,2249.26,1997084
ASIANPAINT,2026-03-19,2243.54,2254.0,2217.86,2249.42,2249.42,1833504
ASIANPAINT,2026-03-20,2263.65,2297.89,2184.19,2199.07,2199.07,5389105
ASIANPAINT,2026-03-23,2212.06,2219.13,2188.46,2195.77,2195.77,7459591
ASIANPAINT,2026-03-24,2201.04,2225.85,2198.25,2219.42,2219.42,979876
ASIANPAINT,2026-03-25,2219.68,2246.38,2206.67,2226.34,2226.34,2448548
ASIANPAINT,2026-03-26,2226.71,2228.48,2202.46,2223.06,2223.06,2128872
ASIANPAINT,2026-03-27,2220.9,2247.81,2214.57,2243.94,2243.94,2362218
ASIANPAINT,2026-03-30,2242.64,2259.23,2238.65,2250.11,2250.11,2666532
ASIANPAINT,2026-03-31,2235.35,2287.87,2233.12,2278.28,2278.28,2890822
ASIANPAINT,2026-04-01,2288.74,2308.19,2215.28,2215.76,2215.76,3148133
ASIANPAINT,2026-04-02,2223.59,2241.43,2196.21,2202.41,2202.41,2369676
ASIANPAINT,2026-04-03,2191.34,2227.58,2189.83,2226.69,2226.69,3291903
ASIANPAINT,2026-04-06,2232.64,2245.29,2191.5,2209.7,2209.7,2932756
ASIANPAINT,2026-04-07,2209.65,2242.13,2187.23,2231.05,2231.05,2755080
ASIANPAINT,2026-04-08,2229.72,2298.38,2214.77,2294.21,2294.21,2884833
ASIANPAINT,2026-04-09,2297.6,2300.25,2296.98,2298.07,2298.07,6432677
ASIANPAINT,2026-04-10,2286.06,2289.59,2240.22,2250.99,2250.99,3711014
ASIANPAINT,2026-04-13,2250.92,2258.15,2238.37,2246.26,2246.26,2859611
ASIANPAINT,2026-04-14,2246.8,2283.88,2241.3,2264.36,2264.36,2007741
ASIANPAINT,2026-04-15,2264.9,2308.45,2261.44,2288.24,2288.24,2812138
ASIANPAINT,2026-04-16,2278.85,2366.08,2257.2,2357.73,2357.73,4045746
ASIANPAINT,2026-04-17,2360.89,2381.64,2360.62,2366.35,2366.35,1023963
ASIANPAINT,2026-04-20,2373.88,2403.6,2353.08,2400.59,2400.59,2130080
ASIANPAINT,2026-04-21,2403.52,2421.5,2374.6,2381.86,2381.86,1824804
ASIANPAINT,2026-04-22,2380.22,2384.33,2297.17,2312.66,2312.66,2938807
ASIANPAINT,2026-04-23,2331.31,2332.73,2306.73,2308.99,2308.99,1353926
ASIANPAINT,2026-04-24,2302.59,2311.77,2282.69,2287.08,2287.08,2595237
ASIANPAINT,2026-04-27,2292.38,2310.04,2291.34,2305.4,2305.4,4297867
ASIANPAINT,2026-04-28,2307.09,2312.38,2237.98,2246.49,2246.49,3711211
ASIANPAINT,2026-04-29,2260.06,2263.46,2229.27,2232.09,2232.09,1474682
ASIANPAINT,2026-04-30,2234.68,2257.55,2218.84,2242.33,2242.33,1493078
ASIANPAINT,2026-05-01,2246.38,2296.93,2240.65,2290.55,2290.55,2793500
ASIANPAINT,2026-05-04,2294.02,2324.75,2293.73,2319.82,2319.82,1554262
ASIANPAINT,2026-05-05,2312.45,2368.69,2304.73,2350.6,2350.6,3125226
ASIANPAINT,2026-05-06,2344.48,2402.24,2330.12,2383.91,2383.91,4844787
ASIANPAINT,2026-05-07,2381.94,2411.89,2343.79,2344.89,2344.89,2354587
ASIANPAINT,2026-05-08,2351.62,2381.06,2340.84,2374.14,2374.14,2804330
ASIANPAINT,2026-05-11,2375.8,2428.4,2375.7,2422.4,2422.4,2678295
ASIANPAINT,2026-05-12,2420.89,2441.19,2417.39,2440.26,2440.26,1880994
ASIANPAINT,2026-05-13,2450.3,2451.97,2409.75,2430.06,2430.06,2407711
ASIANPAINT,2026-05-14,2415.61,2424.73,2414.96,2418.82,2418.82,1732245
ASIANPAINT,2026-05-15,2409.41,2414.95,2349.4,2369.05,2369.05,2329800
ASIANPAINT,2026-05-18,2351.31,2360.42,2344.28,2354.35,2354.35,1231260
ASIANPAINT,2026-05-19,2362.88,2385.85,2337.56,2369.16,2369.16,2417513
ASIANPAINT,2026-05-20,2368.47,2387.25,2351.47,2371.76,2371.76,3138212
ASIANPAINT,2026-05-21,2378.64,2404.85,2329.84,2345.36,2345.36,3514739
ASIANPAINT,2026-05-22,2344.59,2347.72,2319.29,2323.04,2323.04,4634389
ASIANPAINT,2026-05-25,2330.17,2346.24,2278.32,2278.74,2278.74,2388396
ASIANPAINT,2026-05-26,2277.87,2286.17,2252.82,2253.07,2253.07,3733353
ASIANPAINT,2026-05-27,2255.84,2312.81,2250.69,2307.87,2307.87,2195186
ASIANPAINT,2026-05-28,2309.69,2336.98,2264.15,2268.83,2268.83,3980831
ASIANPAINT,2026-05-29,2271.13,2279.06,2258.65,2273.06,2273.06,4041019
ASIANPAINT,2026-06-01,2284.55,2334.82,2271.5,2307.11,2307.11,3499714
ASIANPAINT,2026-06-02,2295.86,2363.96,2280.39,2357.55,2357.55,6355427
ASIANPAINT,2026-06-03,2357.07,2388.89,2345.72,2363.67,2363.67,1681778
ASIANPAINT,2026-06-04,2365.07,2390.37,2349.04,2378.51,2378.51,2231893
ASIANPAINT,2026-06-05,2378.85,2387.74,2342.98,2351.62,2351.62,1843512
ASIANPAINT,2026-06-08,2348.81,2361.23,2347.31,2354.72,2354.72,2090104
ASIANPAINT,2026-06-09,2350.95,2359.13,2321.95,2334.33,2334.33,2785013
ASIANPAINT,2026-06-10,2345.04,2361.34,2328.5,2339.53,2339.53,2137238
ASIANPAINT,2026-06-11,2339.03,2397.41,2321.44,2385.12,2385.12,2589987
ASIANPAINT,2026-06-12,2402.56,2426.94,2388.22,2394.6,2394.6,1823178
ASIANPAINT,2026-06-15,2398.39,2449.54,2395.76,2430.32,2430.32,3287500
ASIANPAINT,2026-06-16,2428.2,2435.13,2408.79,2411.82,2411.82,2286752
ASIANPAINT,2026-06-17,2415.82,2438.01,2353.26,2377.26,2377.26,1792348
ASIANPAINT,2026-06-18,2378.04,2390.03,2360.16,2366.96,2366.96,1049227
ASIANPAINT,2026-06-19,2376.49,2403.93,2331.65,2344.22,2344.22,2014928
ASIANPAINT,2026-06-22,2336.01,2389.79,2326.94,2376.14,2376.14,1603372
ASIANPAINT,2026-06-23,2363.3,2388.74,2287.04,2303.26,2303.26,2746020
ASIANPAINT,2026-06-24,2305.75,2306.35,2269.75,2299.87,2299.87,1747761
ASIANPAINT,2026-06-25,2305.64,2360.75,2301.18,2343.4,2343.4,2922020
ASIANPAINT,2026-06-26,2345.41,2356.53,2334.9,2339.37,2339.37,1597384
ASIANPAINT,2026-06-29,2344.09,2387.65,2332.57,2371.11,2371.11,6689098
ASIANPAINT,2026-06-30,2374.85,2437.3,2368.48,2425.5,2425.5,2011973
ASIANPAINT,2026-07-01,2414.73,2440.24,2397.04,2428.29,2428.29,3326707
ASIANPAINT,2026-07-02,2430.33,2456.83,2401.71,2445.58,2445.58,2253587
ASIANPAINT,2026-07-03,2455.25,2513.15,2439.56,2511.75,2511.75,2744959
ASIANPAINT,2026-07-06,2513.05,2531.79,2484.61,2521.06,2521.06,2786306
ASIANPAINT,2026-07-07,2511.15,2559.79,2500.73,2557.04,2557.04,2357453
ASIANPAINT,2026-07-08,2554.47,2609.89,2530.26,2609.01,2609.01,2302488
ASIANPAINT,2026-07-09,2613.37,2670.46,2612.54,2647.97,2647.97,5860760
ASIANPAINT,2026-07-10,2662.23,2670.46,2621.35,2634.07,2634.07,954368
ASIANPAINT,2026-07-13,2618.61,2627.43,2573.42,2602.38,2602.38,2450401
ASIANPAINT,2026-07-14,2605.21,2681.21,2590.72,2670.02,2670.02,3786180
ASIANPAINT,2026-07-15,2662.56,2698.88,2649.53,2668.51,2668.51,3541677
ASIANPAINT,2026-07-16,2672.57,2720.81,2666.85,2710.36,2710.36,2479923
ASIANPAINT,2026-07-17,2715.14,2736.26,2682.52,2686.19,2686.19,7292608
ASIANPAINT,2026-07-20,2684.31,2771.1,2671.83,2754.06,2754.06,4696980
ASIANPAINT,2026-07-21,2759.28,2767.66,2737.25,2740.21,2740.21,885533
ASIANPAINT,2026-07-22,2749.58,2753.91,2678.84,2697.36,2697.36,1632576
ASIANPAINT,2026-07-23,2696.03,2732.76,2689.13,2712.68,2712.68,2550223
ASIANPAINT,2026-07-24,2701.8,2719.44,2667.55,2687.95,2687.95,1599521
ASIANPAINT,2026-07-27,2699.45,2700.77,2690.55,2692.97,2692.97,2606773
ASIANPAINT,2026-07-28,2699.67,2739.27,2686.7,2730.47,2730.47,2339709
ASIANPAINT,2026-07-29,2735.09,2761.76,2670.08,2681.19,2681.19,1900317
ASIANPAINT,2026-07-30,2675.63,2698.55,2675.21,2688.28,2688.28,1454834
ASIANPAINT,2026-07-31,2696.23,2761.9,2692.56,2724.82,2724.82,3917048
ASIANPAINT,2026-08-03,2741.52,2783.29,2712.43,2752.6,2752.6,1151355
ASIANPAINT,2026-08-04,2751.6,2778.26,2674.51,2680.68,2680.68,5404237
ASIANPAINT,2026-08-05,2681.44,2691.02,2664.34,2670.24,2670.24,3404308
ASIANPAINT,2026-08-06,2661.7,2697.07,2642.75,2652.04,2652.04,2092776
ASIANPAINT,2026-08-07,2646.32,2692.72,2627.56,2660.16,2660.16,1234235
ASIANPAINT,2026-08-10,2651.59,2664.04,2645.93,2646.98,2646.98,2845540
ASIANPAINT,2026-08-11,2648.02,2649.43,2598.08,2602.88,2602.88,2454858
ASIANPAINT,2026-08-12,2600.22,2646.12,2570.36,2621.81,2621.81,1316701
ASIANPAINT,2026-08-13,2624.74,2708.85,2603.26,2696.1,2696.1,7822082
ASIANPAINT,2026-08-14,2688.89,2698.42,2669.36,2677.65,2677.65,1678672
ASIANPAINT,2026-08-17,2676.31,2734.98,2658.67,2730.88,2730.88,1750116
ASIANPAINT,2026-08-18,2723.07,2812.38,2722.36,2769.06,2769.06,3147845
ASIANPAINT,2026-08-19,2770.62,2773.02,2749.64,2752.65,2752.65,2273761
ASIANPAINT,2026-08-20,2739.17,2747.22,2737.16,2741.37,2741.37,4035626
ASIANPAINT,2026-08-21,2742.62,2744.0,2715.45,2724.44,2724.44,2019230
ASIANPAINT,2026-08-24,2722.16,2728.94,2699.74,2709.25,2709.25,1996934
ASIANPAINT,2026-08-25,2710.72,2746.25,2709.97,2730.69,2730.69,2803430
ASIANPAINT,2026-08-26,2717.15,2754.25,2700.79,2735.23,2735.23,2254582
ASIANPAINT,2026-08-27,2740.6,2804.96,2735.92,2771.67,2771.67,3036901
ASIANPAINT,2026-08-28,2769.18,2771.68,2736.77,2738.02,2738.02,3020718
ASIANPAINT,2026-08-31,2739.8,2790.13,2720.1,2776.54,2776.54,3005452
ASIANPAINT,2026-09-01,2760.97,2770.59,2739.87,2742.42,2742.42,2301108
ASIANPAINT,2026-09-02,2732.2,2780.7,2731.58,2777.59,2777.59,3823818
ASIANPAINT,2026-09-03,2774.34,2794.66,2757.37,2762.02,2762.02,2006356
ASIANPAINT,2026-09-04,2773.42,2791.1,2745.47,2750.72,2750.72,3071806
ASIANPAINT,2026-09-07,2755.07,2780.43,2743.15,2769.6,2769.6,4162939
ASIANPAINT,2026-09-08,2770.68,2780.72,2757.98,2780.39,2780.39,1688558
ASIANPAINT,2026-09-09,2772.68,2775.49,2753.42,2762.09,2762.09,6215527
ASIANPAINT,2026-09-10,2752.92,2795.52,2740.96,2772.34,2772.34,1656665
ASIANPAINT,2026-09-11,2774.64,2806.3,2755.62,2783.77,2783.77,1679791
ASIANPAINT,2026-09-14,2789.62,2838.61,2778.77,2836.53,2836.53,3847056
ASIANPAINT,2026-09-15,2838.31,2884.9,2813.25,2876.04,2876.04,3347442
ASIANPAINT,2026-09-16,2890.79,2909.31,2887.18,2899.49,2899.49,2537682
ASIANPAINT,2026-09-17,2893.55,2956.89,2873.0,2950.46,2950.46,4188588
ASIANPAINT,2026-09-18,2952.05,2965.25,2868.61,2893.29,2893.29,3481334
ASIANPAINT,2026-09-21,2878.59,2903.13,2852.79,2871.55,2871.55,5555139
ASIANPAINT,2026-09-22,2873.37,2874.9,2832.54,2845.97,2845.97,2462035
ASIANPAINT,2026-09-23,2858.52,2872.06,2857.07,2866.73,2866.73,1715846
ASIANPAINT,2026-09-24,2857.77,2867.35,2816.69,2863.78,2863.78,1639198
ASIANPAINT,2026-09-25,2871.02,2905.24,2865.29,2903.04,2903.04,3371997
ASIANPAINT,2026-09-28,2915.59,2918.56,2880.92,2888.61,2888.61,2768216
ASIANPAINT,2026-09-29,2882.63,2912.09,2836.46,2857.22,2857.22,2859287
ASIANPAINT,2026-09-30,2861.22,2906.27,2846.27,2890.39,2890.39,1900395
ASIANPAINT,2026-10-01,2904.09,2918.47,2834.9,2844.51,2844.51,4572305
ASIANPAINT,2026-10-02,2846.48,2905.84,2844.65,2897.95,2897.95,6705268
ASIANPAINT,2026-10-05,2904.79,2920.44,2874.84,2900.0,2900.0,2048699
