order_id,client_id,symbol,exchange,side,product,order_type,validity,qty,price,trigger_price,order_ts,status,filled_qty,avg_price
ORD20002265,C100073,BHARTIARTL,NSE,SELL,MIS,MARKET,DAY,4,0.0,0.0,2026-09-08 09:17:17,COMPLETE,4,1405.7
ORD20002025,C100085,NTPC,NSE,BUY,MIS,LIMIT,DAY,174,356.9,0.0,2026-09-08 09:24:12,PARTIAL,76,356.9
ORD20000155,C100194,ITC,NSE,BUY,MIS,LIMIT,DAY,202,452.25,0.0,2026-09-08 09:25:00,COMPLETE,202,452.25
ORD20002783,C100066,TATAMOTORS,NSE,SELL,MIS,MARKET,DAY,6,0.0,0.0,2026-09-08 09:25:49,COMPLETE,6,988.4
ORD20001312,C100005,AXISBANK,NSE,SELL,CNC,LIMIT,DAY,62,1170.1,0.0,2026-09-08 09:25:55,COMPLETE,62,1170.1
ORD20001426,C100000,TATAMOTORS,NSE,BUY,MIS,LIMIT,DAY,11,967.4,0.0,2026-09-08 09:26:36,COMPLETE,11,967.4
ORD20001593,C100152,BHARTIARTL,BSE,BUY,MIS,SL,DAY,61,1426.05,1418.9,2026-09-08 09:26:40,COMPLETE,61,1426.37
ORD20003128,C100059,RELIANCE,NSE,SELL,MIS,LIMIT,DAY,4,2820.55,0.0,2026-09-08 09:29:51,COMPLETE,4,2820.55
ORD20003867,C100163,NTPC,NSE,SELL,MIS,LIMIT,DAY,94,352.2,0.0,2026-09-08 09:31:33,COMPLETE,94,352.2
ORD20004242,C100077,BHARTIARTL,NSE,SELL,MIS,SL,DAY,15,1414.5,1421.6,2026-09-08 09:33:28,COMPLETE,15,1414.25
ORD20002083,C100001,HDFCBANK,NSE,SELL,CNC,MARKET,DAY,7,0.0,0.0,2026-09-08 09:36:51,COMPLETE,7,1721.9
ORD20001764,C100110,AXISBANK,NSE,BUY,MIS,LIMIT,DAY,90,1117.7,0.0,2026-09-08 09:37:25,COMPLETE,90,1117.7
ORD20004038,C100035,HINDUNILVR,NSE,BUY,MIS,SL,DAY,48,2376.25,2364.35,2026-09-08 09:40:35,COMPLETE,48,2375.9
ORD20004766,C100155,HINDUNILVR,NSE,SELL,CNC,LIMIT,DAY,2,2427.3,0.0,2026-09-08 09:40:35,COMPLETE,2,2427.3
ORD20000753,C100131,TITAN,NSE,SELL,CNC,LIMIT,DAY,4,3331.6,0.0,2026-09-08 09:40:54,COMPLETE,4,3331.6
ORD20004225,C100198,INFY,NSE,BUY,MIS,LIMIT,DAY,4,1580.45,0.0,2026-09-08 09:41:07,COMPLETE,4,1580.45
ORD20004397,C100177,ICICIBANK,NSE,BUY,CNC,LIMIT,DAY,5,1180.5,0.0,2026-09-08 09:41:14,COMPLETE,5,1180.5
ORD20003541,C100142,AXISBANK,NSE,SELL,CNC,LIMIT,DAY,53,1083.3,0.0,2026-09-08 09:44:00,CANCELLED,0,0.0
ORD20003588,C100114,RELIANCE,NSE,BUY,MIS,LIMIT,DAY,21,3080.25,0.0,2026-09-08 09:44:14,COMPLETE,21,3080.25
ORD20002196,C100076,HINDUNILVR,NSE,BUY,MIS,LIMIT,DAY,13,2383.1,0.0,2026-09-08 09:47:56,REJECTED,0,0.0
ORD20001783,C100189,MARUTI,NSE,SELL,MIS,MARKET,DAY,1,0.0,0.0,2026-09-08 09:50:15,COMPLETE,1,12043.0
ORD20000973,C100184,ASIANPAINT,NSE,BUY,MIS,MARKET,DAY,13,0.0,0.0,2026-09-08 09:50:48,COMPLETE,13,2774.25
ORD20002625,C100090,ONGC,NSE,SELL,CNC,LIMIT,DAY,14,284.6,0.0,2026-09-08 09:52:31,COMPLETE,14,284.6
ORD20001145,C100030,HDFCBANK,NSE,BUY,CNC,LIMIT,DAY,8,1633.8,0.0,2026-09-08 09:56:02,COMPLETE,8,1633.8
ORD20001024,C100098,HINDUNILVR,NSE,BUY,CNC,LIMIT,DAY,3,2481.2,0.0,2026-09-08 09:58:03,PARTIAL,1,2481.2
ORD20001684,C100185,HINDUNILVR,BSE,BUY,CNC,SL,DAY,3,2377.9,2366.0,2026-09-08 09:58:31,COMPLETE,3,2376.4
ORD20002909,C100125,HINDUNILVR,NSE,BUY,MIS,LIMIT,DAY,13,2358.25,0.0,2026-09-08 10:01:09,COMPLETE,13,2358.25
ORD20004204,C100020,NTPC,NSE,BUY,MIS,LIMIT,DAY,132,368.05,0.0,2026-09-08 10:01:28,COMPLETE,132,368.05
ORD20002567,C100084,HINDUNILVR,NSE,BUY,MIS,LIMIT,DAY,13,2345.0,0.0,2026-09-08 10:02:14,COMPLETE,13,2345.0
ORD20003221,C100029,AXISBANK,NSE,SELL,MIS,SL,DAY,119,1141.0,1146.7,2026-09-08 10:02:20,COMPLETE,119,1140.03
ORD20002696,C100033,ITC,NSE,BUY,MIS,LIMIT,DAY,145,453.55,0.0,2026-09-08 10:03:21,COMPLETE,145,453.55
ORD20001612,C100089,TATAMOTORS,NSE,BUY,MIS,MARKET,DAY,5,0.0,0.0,2026-09-08 10:03:57,COMPLETE,5,989.24
ORD20002996,C100038,TITAN,NSE,BUY,MIS,LIMIT,DAY,30,3424.3,0.0,2026-09-08 10:05:22,COMPLETE,30,3424.3
ORD20002455,C100199,MARUTI,NSE,SELL,MIS,LIMIT,DAY,5,11981.8,0.0,2026-09-08 10:08:54,COMPLETE,5,11981.8
ORD20000270,C100055,RELIANCE,NSE,BUY,CNC,LIMIT,DAY,20,2900.2,0.0,2026-09-08 10:09:29,COMPLETE,20,2900.2
ORD20004427,C100159,ICICIBANK,NSE,SELL,CNC,SL,DAY,51,1192.5,1198.45,2026-09-08 10:10:19,COMPLETE,51,1193.14
ORD20004246,C100018,ITC,NSE,BUY,CNC,LIMIT,DAY,240,484.35,0.0,2026-09-08 10:10:45,CANCELLED,0,0.0
ORD20002279,C100046,ICICIBANK,NSE,SELL,MIS,LIMIT,DAY,46,1250.1,0.0,2026-09-08 10:13:08,CANCELLED,0,0.0
ORD20000116,C100158,BHARTIARTL,NSE,SELL,CNC,LIMIT,DAY,6,1405.6,0.0,2026-09-08 10:15:18,COMPLETE,6,1405.6
ORD20001631,C100055,HINDUNILVR,NSE,SELL,CNC,MARKET,DAY,26,0.0,0.0,2026-09-08 10:17:49,COMPLETE,26,2340.65
ORD20002346,C100063,MARUTI,NSE,SELL,MIS,LIMIT,DAY,4,11544.85,0.0,2026-09-08 10:18:26,COMPLETE,4,11544.85
ORD20001174,C100065,ITC,NSE,BUY,MIS,LIMIT,DAY,70,418.35,0.0,2026-09-08 10:20:09,COMPLETE,70,418.35
ORD20001522,C100181,TATAMOTORS,NSE,SELL,MIS,LIMIT,DAY,5,999.2,0.0,2026-09-08 10:21:04,COMPLETE,5,999.2
ORD20003611,C100142,MARUTI,NSE,BUY,MIS,MARKET,DAY,1,0.0,0.0,2026-09-08 10:21:39,COMPLETE,1,11608.1
ORD20002748,C100066,HINDUNILVR,NSE,SELL,MIS,LIMIT,DAY,30,2254.8,0.0,2026-09-08 10:22:42,COMPLETE,30,2254.8
ORD20000530,C100112,ITC,NSE,SELL,CNC,LIMIT,DAY,302,447.9,0.0,2026-09-08 10:23:10,COMPLETE,302,447.9
ORD20004620,C100182,MARUTI,NSE,BUY,MIS,MARKET,DAY,1,0.0,0.0,2026-09-08 10:23:21,COMPLETE,1,11468.1
ORD20002123,C100178,HINDUNILVR,NSE,SELL,CNC,LIMIT,DAY,19,2578.2,0.0,2026-09-08 10:25:10,REJECTED,0,0.0
ORD20003141,C100106,RELIANCE,NSE,BUY,CNC,LIMIT,DAY,35,2911.8,0.0,2026-09-08 10:25:15,COMPLETE,35,2911.8
ORD20003489,C100041,TATAMOTORS,NSE,BUY,MIS,LIMIT,DAY,12,964.0,0.0,2026-09-08 10:25:16,COMPLETE,12,964.0
ORD20002168,C100021,ONGC,NSE,BUY,MIS,LIMIT,DAY,244,269.0,0.0,2026-09-08 10:27:28,COMPLETE,244,269.0
ORD20001048,C100080,HINDUNILVR,NSE,SELL,MIS,MARKET,DAY,8,0.0,0.0,2026-09-08 10:30:30,COMPLETE,8,2331.22
ORD20004096,C100175,HINDUNILVR,NSE,BUY,CNC,MARKET,DAY,3,0.0,0.0,2026-09-08 10:30:58,COMPLETE,3,2324.9
ORD20004009,C100159,SBIN,BSE,SELL,MIS,LIMIT,DAY,6,791.6,0.0,2026-09-08 10:31:04,COMPLETE,6,791.6
ORD20003010,C100117,NTPC,NSE,BUY,MIS,LIMIT,DAY,8,383.3,0.0,2026-09-08 10:31:05,PARTIAL,4,383.3
ORD20000050,C100089,ITC,NSE,SELL,CNC,LIMIT,DAY,54,455.4,0.0,2026-09-08 10:36:40,COMPLETE,54,455.4
ORD20004328,C100148,TCS,BSE,SELL,MIS,LIMIT,DAY,35,3951.1,0.0,2026-09-08 10:36:43,COMPLETE,35,3951.1
ORD20001300,C100171,HINDUNILVR,NSE,BUY,MIS,LIMIT,DAY,8,2406.35,0.0,2026-09-08 10:36:53,OPEN,0,0.0
ORD20002973,C100162,HDFCBANK,NSE,SELL,CNC,MARKET,DAY,11,0.0,0.0,2026-09-08 10:39:25,COMPLETE,11,1626.0
ORD20002005,C100144,HINDUNILVR,NSE,BUY,CNC,LIMIT,DAY,6,2368.15,0.0,2026-09-08 10:40:26,COMPLETE,6,2368.15
ORD20000835,C100184,BHARTIARTL,NSE,SELL,MIS,LIMIT,DAY,20,1412.5,0.0,2026-09-08 10:43:52,COMPLETE,20,1412.5
ORD20001574,C100120,AXISBANK,NSE,BUY,CNC,LIMIT,DAY,100,1117.25,0.0,2026-09-08 10:44:41,COMPLETE,100,1117.25
ORD20001020,C100188,HINDUNILVR,NSE,BUY,CNC,LIMIT,DAY,3,2519.8,0.0,2026-09-08 10:44:59,COMPLETE,3,2519.8
ORD20000334,C100119,MARUTI,NSE,SELL,CNC,MARKET,DAY,1,0.0,0.0,2026-09-08 10:45:15,COMPLETE,1,11797.6
ORD20001342,C100041,AXISBANK,NSE,SELL,MIS,LIMIT,DAY,32,1116.9,0.0,2026-09-08 10:46:23,COMPLETE,32,1116.9
ORD20003874,C100190,ITC,NSE,BUY,CNC,SL,DAY,161,425.45,423.35,2026-09-08 10:46:31,COMPLETE,161,425.59
ORD20004576,C100040,ICICIBANK,NSE,SELL,MIS,LIMIT,DAY,6,1302.35,0.0,2026-09-08 10:49:18,COMPLETE,6,1302.35
ORD20004129,C100103,HDFCBANK,NSE,SELL,MIS,LIMIT,DAY,10,1578.25,0.0,2026-09-08 10:49:54,COMPLETE,10,1578.25
ORD20004586,C100060,TCS,NSE,BUY,MIS,LIMIT,DAY,1,4122.15,0.0,2026-09-08 10:49:58,COMPLETE,1,4122.15
ORD20003213,C100191,INFY,NSE,BUY,MIS,MARKET,DAY,9,0.0,0.0,2026-09-08 10:51:07,COMPLETE,9,1450.3
ORD20003488,C100185,HINDUNILVR,NSE,BUY,CNC,LIMIT,DAY,2,2371.95,0.0,2026-09-08 10:53:55,COMPLETE,2,2371.95
ORD20001938,C100165,TITAN,NSE,BUY,CNC,LIMIT,DAY,16,3317.65,0.0,2026-09-08 10:54:25,COMPLETE,16,3317.65
ORD20002442,C100049,RELIANCE,NSE,SELL,CNC,MARKET,DAY,19,0.0,0.0,2026-09-08 10:55:17,OPEN,0,0.0
ORD20001504,C100008,ONGC,NSE,BUY,CNC,MARKET,DAY,13,0.0,0.0,2026-09-08 10:58:04,COMPLETE,13,261.6
ORD20002309,C100110,ONGC,NSE,BUY,CNC,MARKET,DAY,22,0.0,0.0,2026-09-08 11:00:59,COMPLETE,22,279.3
ORD20001945,C100070,RELIANCE,NSE,BUY,MIS,MARKET,DAY,2,0.0,0.0,2026-09-08 11:01:27,COMPLETE,2,2937.52
ORD20000584,C100026,HDFCBANK,NSE,BUY,CNC,MARKET,DAY,33,0.0,0.0,2026-09-08 11:01:59,COMPLETE,33,1667.14
ORD20003965,C100120,ICICIBANK,BSE,SELL,CNC,LIMIT,DAY,23,1213.95,0.0,2026-09-08 11:02:27,COMPLETE,23,1213.95
ORD20002313,C100163,BHARTIARTL,NSE,SELL,MIS,LIMIT,DAY,5,1377.3,0.0,2026-09-08 11:04:28,COMPLETE,5,1377.3
ORD20004884,C100071,TITAN,NSE,SELL,MIS,MARKET,DAY,2,0.0,0.0,2026-09-08 11:06:03,COMPLETE,2,3367.68
ORD20003731,C100012,ICICIBANK,NSE,SELL,MIS,LIMIT,DAY,9,1211.6,0.0,2026-09-08 11:06:49,COMPLETE,9,1211.6
ORD20003685,C100011,RELIANCE,NSE,SELL,MIS,LIMIT,DAY,1,2985.0,0.0,2026-09-08 11:07:29,REJECTED,0,0.0
ORD20000359,C100105,RELIANCE,BSE,SELL,MIS,LIMIT,DAY,2,2984.25,0.0,2026-09-08 11:07:42,COMPLETE,2,2984.25
ORD20004785,C100033,TATAMOTORS,NSE,BUY,MIS,SL,DAY,74,911.3,906.75,2026-09-08 11:08:30,COMPLETE,74,911.15
ORD20004931,C100125,ONGC,NSE,SELL,MIS,LIMIT,DAY,310,271.5,0.0,2026-09-08 11:08:38,COMPLETE,310,271.5
ORD20000903,C100137,AXISBANK,NSE,SELL,CNC,LIMIT,DAY,12,1147.8,0.0,2026-09-08 11:11:56,COMPLETE,12,1147.8
ORD20003332,C100066,ICICIBANK,BSE,BUY,MIS,MARKET,DAY,13,0.0,0.0,2026-09-08 11:16:20,COMPLETE,13,1201.54
ORD20002180,C100175,BHARTIARTL,BSE,SELL,MIS,MARKET,DAY,21,0.0,0.0,2026-09-08 11:18:33,COMPLETE,21,1437.03
ORD20000222,C100124,BHARTIARTL,NSE,BUY,MIS,LIMIT,DAY,4,1429.2,0.0,2026-09-08 11:20:56,COMPLETE,4,1429.2
ORD20001330,C100056,RELIANCE,NSE,BUY,CNC,LIMIT,DAY,2,2818.85,0.0,2026-09-08 11:21:15,COMPLETE,2,2818.85
ORD20000135,C100141,BHARTIARTL,NSE,SELL,CNC,MARKET,DAY,6,0.0,0.0,2026-09-08 11:22:12,COMPLETE,6,1393.95
ORD20004923,C100035,INFY,NSE,SELL,CNC,MARKET,DAY,47,0.0,0.0,2026-09-08 11:23:12,COMPLETE,47,1575.4
ORD20004411,C100199,RELIANCE,NSE,BUY,CNC,MARKET,DAY,20,0.0,0.0,2026-09-08 11:23:16,REJECTED,0,0.0
ORD20000983,C100036,INFY,NSE,SELL,MIS,LIMIT,DAY,6,1594.1,0.0,2026-09-08 11:28:58,COMPLETE,6,1594.1
ORD20003237,C100159,TCS,NSE,BUY,CNC,LIMIT,DAY,1,4105.8,0.0,2026-09-08 11:29:48,COMPLETE,1,4105.8
ORD20001991,C100073,MARUTI,NSE,SELL,MIS,MARKET,DAY,1,0.0,0.0,2026-09-08 11:29:55,COMPLETE,1,11640.85
ORD20001138,C100109,TATAMOTORS,NSE,BUY,MIS,LIMIT,DAY,151,985.8,0.0,2026-09-08 11:31:07,COMPLETE,151,985.8
ORD20003751,C100002,RELIANCE,NSE,SELL,CNC,SL,DAY,26,2989.55,3004.5,2026-09-08 11:33:11,CANCELLED,0,0.0
ORD20001369,C100162,HINDUNILVR,NSE,BUY,CNC,SL,DAY,1,2457.8,2445.5,2026-09-08 11:34:17,COMPLETE,1,2456.75
ORD20003976,C100013,TCS,NSE,BUY,CNC,LIMIT,DAY,23,4051.3,0.0,2026-09-08 11:38:31,PARTIAL,6,4051.3
ORD20001280,C100039,ITC,NSE,BUY,CNC,LIMIT,DAY,14,454.1,0.0,2026-09-08 11:42:52,COMPLETE,14,454.1
ORD20000542,C100115,SBIN,NSE,BUY,MIS,LIMIT,DAY,5,811.7,0.0,2026-09-08 11:42:55,COMPLETE,5,811.7
ORD20001305,C100095,ITC,NSE,SELL,MIS,LIMIT,DAY,167,424.85,0.0,2026-09-08 11:47:07,OPEN,0,0.0
ORD20002577,C100016,NTPC,BSE,BUY,CNC,MARKET,DAY,7,0.0,0.0,2026-09-08 11:47:08,COMPLETE,7,367.26
ORD20002772,C100031,TITAN,NSE,BUY,MIS,LIMIT,DAY,44,3247.3,0.0,2026-09-08 11:47:52,COMPLETE,44,3247.3
ORD20000384,C100029,MARUTI,BSE,BUY,MIS,LIMIT,DAY,4,12237.15,0.0,2026-09-08 11:47:52,COMPLETE,4,12237.15
ORD20001095,C100089,ONGC,NSE,BUY,MIS,LIMIT,DAY,135,270.55,0.0,2026-09-08 11:49:36,COMPLETE,135,270.55
ORD20002249,C100165,BHARTIARTL,NSE,SELL,CNC,LIMIT,DAY,35,1419.2,0.0,2026-09-08 11:50:06,COMPLETE,35,1419.2
ORD20002814,C100198,MARUTI,NSE,BUY,MIS,LIMIT,DAY,1,11808.2,0.0,2026-09-08 11:50:37,COMPLETE,1,11808.2
ORD20004214,C100187,KOTAKBANK,NSE,BUY,MIS,MARKET,DAY,7,0.0,0.0,2026-09-08 11:51:00,OPEN,0,0.0
ORD20003410,C100062,SBIN,NSE,SELL,CNC,LIMIT,DAY,63,770.05,0.0,2026-09-08 11:53:03,COMPLETE,63,770.05
ORD20002316,C100039,ASIANPAINT,NSE,SELL,CNC,MARKET,DAY,1,0.0,0.0,2026-09-08 11:54:22,COMPLETE,1,2834.75
ORD20002908,C100105,ASIANPAINT,NSE,BUY,CNC,LIMIT,DAY,2,2844.4,0.0,2026-09-08 11:54:51,COMPLETE,2,2844.4
ORD20002637,C100168,ICICIBANK,NSE,BUY,MIS,SL,DAY,3,1216.1,1210.05,2026-09-08 12:01:45,REJECTED,0,0.0
ORD20001658,C100093,HDFCBANK,NSE,SELL,CNC,SL,DAY,8,1673.3,1681.7,2026-09-08 12:06:35,COMPLETE,8,1673.1
ORD20003152,C100175,RELIANCE,NSE,BUY,CNC,MARKET,DAY,5,0.0,0.0,2026-09-08 12:09:17,COMPLETE,5,2784.06
ORD20000506,C100000,ITC,NSE,SELL,CNC,MARKET,DAY,11,0.0,0.0,2026-09-08 12:11:30,COMPLETE,11,463.85
ORD20000463,C100167,BHARTIARTL,NSE,BUY,MIS,MARKET,DAY,49,0.0,0.0,2026-09-08 12:12:41,COMPLETE,49,1365.1
ORD20000418,C100002,TCS,BSE,SELL,MIS,LIMIT,DAY,6,3776.0,0.0,2026-09-08 12:15:28,COMPLETE,6,3776.0
ORD20001485,C100134,TATAMOTORS,NSE,BUY,CNC,LIMIT,DAY,76,937.75,0.0,2026-09-08 12:17:01,COMPLETE,76,937.75
ORD20000788,C100146,HINDUNILVR,NSE,BUY,CNC,LIMIT,DAY,2,2512.4,0.0,2026-09-08 12:17:39,COMPLETE,2,2512.4
ORD20002096,C100169,MARUTI,NSE,SELL,MIS,LIMIT,DAY,6,12037.7,0.0,2026-09-08 12:18:38,COMPLETE,6,12037.7
ORD20004951,C100055,ONGC,NSE,SELL,MIS,LIMIT,DAY,231,280.3,0.0,2026-09-08 12:21:56,REJECTED,0,0.0
ORD20003085,C100109,TATAMOTORS,NSE,BUY,MIS,MARKET,DAY,74,0.0,0.0,2026-09-08 12:23:32,COMPLETE,74,926.8
ORD20001751,C100185,ASIANPAINT,NSE,BUY,CNC,LIMIT,DAY,2,2912.6,0.0,2026-09-08 12:23:38,COMPLETE,2,2912.6
ORD20003873,C100064,AXISBANK,NSE,SELL,MIS,LIMIT,DAY,74,1136.25,0.0,2026-09-08 12:25:58,COMPLETE,74,1136.25
ORD20000746,C100049,MARUTI,NSE,SELL,MIS,MARKET,DAY,6,0.0,0.0,2026-09-08 12:29:34,REJECTED,0,0.0
ORD20004355,C100153,HINDUNILVR,NSE,BUY,MIS,SL,DAY,4,2373.35,2361.45,2026-09-08 12:29:39,PARTIAL,1,2375.05
ORD20003921,C100051,HINDUNILVR,NSE,BUY,MIS,LIMIT,DAY,1,2415.85,0.0,2026-09-08 12:29:54,COMPLETE,1,2415.85
ORD20000325,C100162,INFY,NSE,SELL,MIS,LIMIT,DAY,12,1597.3,0.0,2026-09-08 12:31:07,COMPLETE,12,1597.3
ORD20001065,C100181,BHARTIARTL,NSE,BUY,MIS,LIMIT,DAY,8,1447.3,0.0,2026-09-08 12:36:33,PARTIAL,2,1447.3
ORD20002967,C100147,RELIANCE,NSE,BUY,MIS,LIMIT,DAY,1,2944.55,0.0,2026-09-08 12:42:01,COMPLETE,1,2944.55
ORD20001328,C100137,NTPC,NSE,BUY,CNC,MARKET,DAY,17,0.0,0.0,2026-09-08 12:42:36,COMPLETE,17,366.74
ORD20001964,C100058,NTPC,NSE,SELL,CNC,LIMIT,DAY,88,365.6,0.0,2026-09-08 12:45:32,OPEN,0,0.0
ORD20003323,C100149,INFY,NSE,SELL,MIS,MARKET,DAY,17,0.0,0.0,2026-09-08 12:45:46,COMPLETE,17,1580.73
ORD20002807,C100156,HINDUNILVR,NSE,SELL,CNC,MARKET,DAY,13,0.0,0.0,2026-09-08 12:45:48,PARTIAL,7,2277.89
ORD20003311,C100042,KOTAKBANK,NSE,BUY,CNC,LIMIT,DAY,28,1737.1,0.0,2026-09-08 12:51:56,COMPLETE,28,1737.1
ORD20003576,C100024,ITC,NSE,BUY,MIS,MARKET,DAY,12,0.0,0.0,2026-09-08 12:52:04,PARTIAL,8,449.3
ORD20004550,C100070,ITC,NSE,BUY,CNC,LIMIT,DAY,14,447.65,0.0,2026-09-08 12:52:56,COMPLETE,14,447.65
ORD20001359,C100021,HDFCBANK,NSE,BUY,MIS,LIMIT,DAY,2,1577.4,0.0,2026-09-08 12:54:03,COMPLETE,2,1577.4
ORD20000046,C100192,TATAMOTORS,NSE,SELL,CNC,LIMIT,DAY,4,949.35,0.0,2026-09-08 12:55:31,COMPLETE,4,949.35
ORD20000741,C100195,TITAN,NSE,SELL,MIS,LIMIT,DAY,20,3356.45,0.0,2026-09-08 12:55:44,COMPLETE,20,3356.45
ORD20001321,C100190,INFY,NSE,BUY,CNC,MARKET,DAY,6,0.0,0.0,2026-09-08 12:55:46,COMPLETE,6,1582.88
ORD20002691,C100134,AXISBANK,NSE,SELL,MIS,LIMIT,DAY,15,1209.8,0.0,2026-09-08 12:56:20,COMPLETE,15,1209.8
ORD20001127,C100088,MARUTI,NSE,SELL,MIS,MARKET,DAY,10,0.0,0.0,2026-09-08 12:57:04,PARTIAL,5,11838.78
ORD20000516,C100184,ITC,NSE,BUY,CNC,SL,DAY,69,450.05,447.8,2026-09-08 12:57:15,COMPLETE,69,450.27
ORD20000357,C100058,BHARTIARTL,NSE,SELL,MIS,MARKET,DAY,27,0.0,0.0,2026-09-08 12:58:46,COMPLETE,27,1399.55
ORD20000860,C100007,ICICIBANK,BSE,SELL,CNC,MARKET,DAY,4,0.0,0.0,2026-09-08 12:59:13,COMPLETE,4,1188.49
ORD20000082,C100073,HDFCBANK,NSE,SELL,MIS,LIMIT,DAY,24,1753.0,0.0,2026-09-08 12:59:41,COMPLETE,24,1753.0
ORD20004890,C100105,ICICIBANK,NSE,SELL,CNC,MARKET,DAY,10,0.0,0.0,2026-09-08 13:01:52,COMPLETE,10,1205.48
ORD20003863,C100141,ITC,NSE,BUY,CNC,LIMIT,DAY,26,451.95,0.0,2026-09-08 13:03:23,COMPLETE,26,451.95
ORD20003679,C100051,ICICIBANK,NSE,BUY,CNC,LIMIT,DAY,85,1232.55,0.0,2026-09-08 13:03:54,COMPLETE,85,1232.55
ORD20001084,C100161,HINDUNILVR,NSE,BUY,CNC,MARKET,DAY,2,0.0,0.0,2026-09-08 13:05:29,COMPLETE,2,2450.43
ORD20001983,C100027,HDFCBANK,NSE,SELL,MIS,MARKET,DAY,32,0.0,0.0,2026-09-08 13:07:17,COMPLETE,32,1634.55
ORD20002520,C100104,ITC,NSE,SELL,CNC,LIMIT,DAY,7,449.55,0.0,2026-09-08 13:07:19,COMPLETE,7,449.55
ORD20002079,C100047,ASIANPAINT,NSE,SELL,MIS,LIMIT,DAY,10,3011.2,0.0,2026-09-08 13:08:05,COMPLETE,10,3011.2
ORD20000619,C100054,INFY,NSE,SELL,CNC,MARKET,DAY,21,0.0,0.0,2026-09-08 13:10:16,COMPLETE,21,1687.1
ORD20001939,C100015,TITAN,NSE,SELL,MIS,MARKET,DAY,16,0.0,0.0,2026-09-08 13:10:53,COMPLETE,16,3340.12
ORD20002494,C100017,ITC,NSE,BUY,MIS,LIMIT,DAY,114,431.95,0.0,2026-09-08 13:12:35,COMPLETE,114,431.95
ORD20004669,C100064,ITC,NSE,BUY,CNC,MARKET,DAY,279,0.0,0.0,2026-09-08 13:13:13,COMPLETE,279,460.6
ORD20002468,C100052,HDFCBANK,NSE,SELL,CNC,LIMIT,DAY,7,1662.65,0.0,2026-09-08 13:13:37,COMPLETE,7,1662.65
ORD20000076,C100026,MARUTI,NSE,BUY,MIS,MARKET,DAY,1,0.0,0.0,2026-09-08 13:19:34,COMPLETE,1,11514.1
ORD20001748,C100179,ITC,NSE,SELL,MIS,LIMIT,DAY,143,460.0,0.0,2026-09-08 13:21:47,COMPLETE,143,460.0
ORD20001853,C100144,HINDUNILVR,NSE,SELL,MIS,MARKET,DAY,27,0.0,0.0,2026-09-08 13:22:01,COMPLETE,27,2495.03
ORD20000638,C100157,ITC,BSE,SELL,CNC,SL,DAY,7,457.2,459.45,2026-09-08 13:22:23,COMPLETE,7,456.98
ORD20001120,C100004,ITC,NSE,BUY,CNC,LIMIT,DAY,253,468.8,0.0,2026-09-08 13:22:55,COMPLETE,253,468.8
ORD20001717,C100023,HDFCBANK,NSE,SELL,MIS,MARKET,DAY,4,0.0,0.0,2026-09-08 13:26:39,COMPLETE,4,1632.02
ORD20000210,C100052,ITC,NSE,SELL,CNC,LIMIT,DAY,13,459.8,0.0,2026-09-08 13:28:09,COMPLETE,13,459.8
ORD20002958,C100134,INFY,NSE,BUY,MIS,SL,DAY,20,1616.45,1608.35,2026-09-08 13:28:19,COMPLETE,20,1617.4
ORD20001176,C100108,MARUTI,NSE,BUY,CNC,MARKET,DAY,6,0.0,0.0,2026-09-08 13:28:43,COMPLETE,6,12168.4
ORD20001584,C100008,TATAMOTORS,NSE,SELL,CNC,LIMIT,DAY,31,979.85,0.0,2026-09-08 13:28:47,COMPLETE,31,979.85
ORD20003821,C100054,TATAMOTORS,NSE,SELL,MIS,LIMIT,DAY,31,893.85,0.0,2026-09-08 13:28:53,PARTIAL,22,893.85
ORD20004844,C100160,RELIANCE,NSE,BUY,CNC,LIMIT,DAY,4,2895.9,0.0,2026-09-08 13:30:05,COMPLETE,4,2895.9
ORD20003447,C100089,HDFCBANK,NSE,SELL,CNC,MARKET,DAY,4,0.0,0.0,2026-09-08 13:30:45,REJECTED,0,0.0
ORD20001479,C100040,MARUTI,NSE,SELL,CNC,SL,DAY,2,12211.0,12272.05,2026-09-08 13:31:18,CANCELLED,0,0.0
ORD20000047,C100104,HINDUNILVR,NSE,BUY,CNC,MARKET,DAY,6,0.0,0.0,2026-09-08 13:33:07,COMPLETE,6,2409.7
ORD20004467,C100077,TCS,NSE,BUY,MIS,LIMIT,DAY,6,3821.65,0.0,2026-09-08 13:33:44,COMPLETE,6,3821.65
ORD20003431,C100030,HINDUNILVR,NSE,SELL,MIS,MARKET,DAY,1,0.0,0.0,2026-09-08 13:35:19,COMPLETE,1,2298.85
ORD20003236,C100029,BHARTIARTL,NSE,SELL,CNC,LIMIT,DAY,37,1456.3,0.0,2026-09-08 13:36:23,OPEN,0,0.0
ORD20000162,C100172,ITC,NSE,BUY,MIS,LIMIT,DAY,16,442.6,0.0,2026-09-08 13:36:53,COMPLETE,16,442.6
ORD20000443,C100181,HDFCBANK,NSE,BUY,CNC,LIMIT,DAY,40,1621.3,0.0,2026-09-08 13:37:20,COMPLETE,40,1621.3
ORD20003464,C100019,BHARTIARTL,NSE,BUY,MIS,LIMIT,DAY,58,1221.2,0.0,2026-09-08 13:37:36,COMPLETE,58,1221.2
ORD20000763,C100112,ICICIBANK,BSE,SELL,MIS,MARKET,DAY,3,0.0,0.0,2026-09-08 13:37:57,PARTIAL,1,1206.55
ORD20001623,C100159,RELIANCE,NSE,BUY,CNC,MARKET,DAY,13,0.0,0.0,2026-09-08 13:38:21,COMPLETE,13,3058.99
ORD20000686,C100197,HINDUNILVR,NSE,BUY,CNC,LIMIT,DAY,4,2493.55,0.0,2026-09-08 13:38:23,COMPLETE,4,2493.55
ORD20001605,C100061,ICICIBANK,NSE,BUY,MIS,LIMIT,DAY,36,1234.0,0.0,2026-09-08 13:41:27,COMPLETE,36,1234.0
ORD20004180,C100180,TATAMOTORS,NSE,BUY,CNC,MARKET,DAY,57,0.0,0.0,2026-09-08 13:43:29,COMPLETE,57,974.75
ORD20003377,C100157,HDFCBANK,NSE,BUY,MIS,LIMIT,DAY,22,1639.05,0.0,2026-09-08 13:44:33,COMPLETE,22,1639.05
ORD20001092,C100106,MARUTI,NSE,SELL,CNC,SL,DAY,5,12276.1,12337.5,2026-09-08 13:45:12,COMPLETE,5,12283.5
ORD20001789,C100027,HDFCBANK,NSE,SELL,MIS,LIMIT,DAY,41,1611.35,0.0,2026-09-08 13:46:14,COMPLETE,41,1611.35
ORD20002502,C100172,HINDUNILVR,NSE,SELL,CNC,LIMIT,DAY,6,2517.7,0.0,2026-09-08 13:48:17,COMPLETE,6,2517.7
ORD20000505,C100166,TATAMOTORS,NSE,SELL,MIS,LIMIT,DAY,14,914.6,0.0,2026-09-08 13:49:44,CANCELLED,0,0.0
ORD20004989,C100137,KOTAKBANK,NSE,SELL,MIS,LIMIT,DAY,6,1736.05,0.0,2026-09-08 13:49:58,CANCELLED,0,0.0
ORD20001986,C100019,ITC,NSE,SELL,MIS,SL,DAY,60,429.15,431.3,2026-09-08 13:55:20,COMPLETE,60,428.8
ORD20000274,C100102,MARUTI,NSE,SELL,CNC,MARKET,DAY,1,0.0,0.0,2026-09-08 13:59:56,COMPLETE,1,11942.1
ORD20001267,C100043,RELIANCE,NSE,SELL,MIS,LIMIT,DAY,46,2820.0,0.0,2026-09-08 14:00:12,PARTIAL,30,2820.0
ORD20000730,C100119,HDFCBANK,NSE,BUY,CNC,SL,DAY,18,1707.8,1699.3,2026-09-08 14:00:16,CANCELLED,0,0.0
ORD20000455,C100098,MARUTI,BSE,BUY,MIS,LIMIT,DAY,3,12071.35,0.0,2026-09-08 14:01:28,COMPLETE,3,12071.35
ORD20000199,C100009,ONGC,NSE,SELL,MIS,LIMIT,DAY,108,281.5,0.0,2026-09-08 14:04:52,COMPLETE,108,281.5
ORD20004159,C100068,TATAMOTORS,NSE,SELL,MIS,LIMIT,DAY,54,943.95,0.0,2026-09-08 14:05:36,COMPLETE,54,943.95
ORD20002101,C100071,RELIANCE,NSE,SELL,CNC,MARKET,DAY,12,0.0,0.0,2026-09-08 14:07:47,COMPLETE,12,3003.77
ORD20000283,C100045,HDFCBANK,BSE,SELL,CNC,MARKET,DAY,3,0.0,0.0,2026-09-08 14:08:34,COMPLETE,3,1617.2
ORD20004323,C100128,NTPC,NSE,BUY,MIS,MARKET,DAY,339,0.0,0.0,2026-09-08 14:09:17,COMPLETE,339,352.07
ORD20002697,C100189,ONGC,NSE,BUY,MIS,MARKET,DAY,19,0.0,0.0,2026-09-08 14:09:54,COMPLETE,19,257.1
ORD20004040,C100055,ICICIBANK,NSE,SELL,MIS,MARKET,DAY,109,0.0,0.0,2026-09-08 14:10:47,CANCELLED,0,0.0
ORD20001724,C100052,MARUTI,NSE,SELL,MIS,MARKET,DAY,1,0.0,0.0,2026-09-08 14:11:33,COMPLETE,1,12178.1
ORD20003106,C100146,NTPC,NSE,BUY,MIS,MARKET,DAY,52,0.0,0.0,2026-09-08 14:12:23,OPEN,0,0.0
ORD20003579,C100180,HDFCBANK,NSE,SELL,MIS,LIMIT,DAY,26,1625.85,0.0,2026-09-08 14:13:06,COMPLETE,26,1625.85
ORD20002051,C100083,SBIN,NSE,SELL,CNC,LIMIT,DAY,19,783.15,0.0,2026-09-08 14:13:08,COMPLETE,19,783.15
ORD20003501,C100170,AXISBANK,NSE,SELL,CNC,SL,DAY,4,1075.6,1080.95,2026-09-08 14:15:59,COMPLETE,4,1076.65
ORD20004366,C100198,MARUTI,NSE,BUY,CNC,SL,DAY,7,11570.2,11512.35,2026-09-08 14:16:32,REJECTED,0,0.0
ORD20000553,C100198,ITC,NSE,BUY,CNC,LIMIT,DAY,16,457.75,0.0,2026-09-08 14:17:59,COMPLETE,16,457.75
ORD20003860,C100034,KOTAKBANK,NSE,BUY,MIS,LIMIT,DAY,18,1761.55,0.0,2026-09-08 14:22:05,COMPLETE,18,1761.55
ORD20004573,C100128,RELIANCE,NSE,BUY,MIS,MARKET,DAY,11,0.0,0.0,2026-09-08 14:23:11,REJECTED,0,0.0
ORD20004381,C100094,TATAMOTORS,NSE,SELL,CNC,LIMIT,DAY,64,886.45,0.0,2026-09-08 14:23:25,COMPLETE,64,886.45
ORD20001869,C100111,KOTAKBANK,NSE,BUY,MIS,MARKET,DAY,3,0.0,0.0,2026-09-08 14:24:54,COMPLETE,3,1751.45
ORD20003848,C100099,AXISBANK,NSE,BUY,CNC,MARKET,DAY,54,0.0,0.0,2026-09-08 14:27:16,COMPLETE,54,1169.5
ORD20002190,C100038,BHARTIARTL,BSE,BUY,MIS,LIMIT,DAY,5,1416.65,0.0,2026-09-08 14:28:35,COMPLETE,5,1416.65
ORD20000057,C100019,HDFCBANK,NSE,SELL,MIS,MARKET,DAY,36,0.0,0.0,2026-09-08 14:30:23,COMPLETE,36,1627.8
ORD20000112,C100174,AXISBANK,NSE,SELL,CNC,LIMIT,DAY,62,1077.15,0.0,2026-09-08 14:37:05,REJECTED,0,0.0
ORD20004403,C100045,HDFCBANK,BSE,SELL,CNC,LIMIT,DAY,6,1631.75,0.0,2026-09-08 14:38:46,REJECTED,0,0.0
ORD20002276,C100076,SBIN,NSE,SELL,MIS,LIMIT,DAY,34,800.9,0.0,2026-09-08 14:41:30,COMPLETE,34,800.9
ORD20002794,C100018,BHARTIARTL,NSE,SELL,MIS,LIMIT,DAY,9,1379.95,0.0,2026-09-08 14:42:27,COMPLETE,9,1379.95
ORD20003143,C100134,MARUTI,NSE,BUY,MIS,MARKET,DAY,4,0.0,0.0,2026-09-08 14:42:54,COMPLETE,4,12081.51
ORD20000367,C100035,HDFCBANK,NSE,BUY,CNC,MARKET,DAY,4,0.0,0.0,2026-09-08 14:43:32,COMPLETE,4,1623.87
ORD20001970,C100024,NTPC,NSE,BUY,MIS,LIMIT,DAY,90,356.35,0.0,2026-09-08 14:46:09,COMPLETE,90,356.35
ORD20003037,C100082,BHARTIARTL,NSE,SELL,CNC,MARKET,DAY,2,0.0,0.0,2026-09-08 14:50:26,COMPLETE,2,1324.92
ORD20004842,C100062,HINDUNILVR,NSE,SELL,CNC,LIMIT,DAY,11,2337.1,0.0,2026-09-08 14:55:00,COMPLETE,11,2337.1
ORD20004563,C100167,RELIANCE,NSE,SELL,MIS,MARKET,DAY,9,0.0,0.0,2026-09-08 14:55:38,REJECTED,0,0.0
ORD20000564,C100028,TATAMOTORS,NSE,BUY,CNC,LIMIT,DAY,7,971.5,0.0,2026-09-08 14:55:51,REJECTED,0,0.0
ORD20000689,C100100,HINDUNILVR,NSE,BUY,CNC,LIMIT,DAY,40,2425.75,0.0,2026-09-08 14:58:48,COMPLETE,40,2425.75
ORD20004287,C100149,ITC,NSE,SELL,MIS,LIMIT,DAY,18,455.45,0.0,2026-09-08 15:03:16,COMPLETE,18,455.45
ORD20001166,C100146,NTPC,NSE,BUY,CNC,LIMIT,DAY,77,359.45,0.0,2026-09-08 15:04:43,COMPLETE,77,359.45
ORD20000173,C100155,KOTAKBANK,NSE,BUY,MIS,SL,DAY,29,1805.35,1796.3,2026-09-08 15:05:12,COMPLETE,29,1804.48
ORD20002774,C100103,INFY,NSE,SELL,MIS,LIMIT,DAY,10,1621.4,0.0,2026-09-08 15:05:40,COMPLETE,10,1621.4
ORD20004014,C100065,HDFCBANK,NSE,SELL,MIS,LIMIT,DAY,5,1746.25,0.0,2026-09-08 15:08:55,COMPLETE,5,1746.25
ORD20001814,C100048,TATAMOTORS,NSE,BUY,CNC,MARKET,DAY,5,0.0,0.0,2026-09-08 15:09:46,COMPLETE,5,940.26
ORD20004076,C100006,TATAMOTORS,NSE,SELL,MIS,LIMIT,DAY,121,959.75,0.0,2026-09-08 15:12:38,COMPLETE,121,959.75
ORD20001110,C100178,HINDUNILVR,NSE,BUY,MIS,LIMIT,DAY,29,2278.15,0.0,2026-09-08 15:13:25,COMPLETE,29,2278.15
ORD20002805,C100072,ASIANPAINT,NSE,BUY,MIS,LIMIT,DAY,12,2770.85,0.0,2026-09-08 15:17:22,COMPLETE,12,2770.85
ORD20001139,C100035,HINDUNILVR,NSE,SELL,MIS,LIMIT,DAY,51,2281.45,0.0,2026-09-08 15:18:32,COMPLETE,51,2281.45
ORD20004528,C100100,INFY,NSE,SELL,MIS,LIMIT,DAY,80,1655.65,0.0,2026-09-08 15:20:02,REJECTED,0,0.0
ORD20004787,C100194,SBIN,NSE,SELL,MIS,LIMIT,DAY,43,765.0,0.0,2026-09-08 15:21:55,COMPLETE,43,765.0
ORD20000861,C100126,ICICIBANK,NSE,BUY,MIS,LIMIT,DAY,58,1211.85,0.0,2026-09-08 15:22:28,REJECTED,0,0.0
ORD20001118,C100161,HDFCBANK,NSE,BUY,CNC,MARKET,DAY,3,0.0,0.0,2026-09-08 15:23:31,COMPLETE,3,1720.17
ORD20001283,C100048,AXISBANK,NSE,SELL,CNC,MARKET,DAY,6,0.0,0.0,2026-09-09 09:17:12,COMPLETE,6,1116.25
ORD20004796,C100129,ITC,NSE,SELL,MIS,MARKET,DAY,16,0.0,0.0,2026-09-09 09:18:01,COMPLETE,16,452.25
ORD20004269,C100165,HINDUNILVR,NSE,SELL,MIS,LIMIT,DAY,12,2538.75,0.0,2026-09-09 09:18:41,COMPLETE,12,2538.75
ORD20002941,C100138,AXISBANK,NSE,BUY,CNC,LIMIT,DAY,2,1143.75,0.0,2026-09-09 09:21:26,COMPLETE,2,1143.75
ORD20000268,C100187,ICICIBANK,BSE,SELL,MIS,LIMIT,DAY,9,1211.8,0.0,2026-09-09 09:21:58,COMPLETE,9,1211.8
ORD20001601,C100153,ONGC,NSE,BUY,MIS,LIMIT,DAY,18,262.55,0.0,2026-09-09 09:22:04,COMPLETE,18,262.55
ORD20001841,C100091,KOTAKBANK,NSE,SELL,CNC,LIMIT,DAY,10,1755.55,0.0,2026-09-09 09:22:06,CANCELLED,0,0.0
ORD20003356,C100079,NTPC,NSE,BUY,MIS,SL,DAY,13,366.95,365.15,2026-09-09 09:22:50,COMPLETE,13,367.03
ORD20001032,C100069,ITC,NSE,BUY,MIS,SL,DAY,251,449.5,447.25,2026-09-09 09:24:11,COMPLETE,251,449.59
ORD20000529,C100192,BHARTIARTL,NSE,BUY,CNC,MARKET,DAY,25,0.0,0.0,2026-09-09 09:25:26,COMPLETE,25,1398.76
ORD20003387,C100141,TITAN,NSE,SELL,CNC,MARKET,DAY,1,0.0,0.0,2026-09-09 09:26:04,COMPLETE,1,3336.75
ORD20000660,C100107,MARUTI,NSE,BUY,MIS,LIMIT,DAY,1,11983.75,0.0,2026-09-09 09:28:19,COMPLETE,1,11983.75
ORD20003133,C100184,ASIANPAINT,NSE,BUY,CNC,LIMIT,DAY,10,2986.9,0.0,2026-09-09 09:29:02,COMPLETE,10,2986.9
ORD20003759,C100162,TITAN,NSE,BUY,CNC,LIMIT,DAY,2,3273.1,0.0,2026-09-09 09:33:22,COMPLETE,2,3273.1
ORD20002100,C100168,HDFCBANK,NSE,BUY,CNC,LIMIT,DAY,4,1636.25,0.0,2026-09-09 09:33:34,CANCELLED,0,0.0
ORD20001860,C100089,AXISBANK,NSE,BUY,MIS,LIMIT,DAY,2,1207.15,0.0,2026-09-09 09:34:46,COMPLETE,2,1207.15
ORD20004358,C100121,ASIANPAINT,NSE,SELL,MIS,LIMIT,DAY,2,2630.15,0.0,2026-09-09 09:36:55,COMPLETE,2,2630.15
ORD20000663,C100025,INFY,NSE,SELL,MIS,SL,DAY,70,1581.1,1589.0,2026-09-09 09:37:51,COMPLETE,70,1582.15
ORD20002839,C100183,TATAMOTORS,NSE,SELL,CNC,MARKET,DAY,37,0.0,0.0,2026-09-09 09:39:05,COMPLETE,37,983.04
ORD20000121,C100193,HINDUNILVR,NSE,BUY,MIS,LIMIT,DAY,16,2392.85,0.0,2026-09-09 09:41:39,COMPLETE,16,2392.85
ORD20002679,C100170,ITC,NSE,BUY,CNC,LIMIT,DAY,16,464.55,0.0,2026-09-09 09:43:08,COMPLETE,16,464.55
ORD20002098,C100068,NTPC,NSE,BUY,CNC,LIMIT,DAY,416,352.9,0.0,2026-09-09 09:46:35,COMPLETE,416,352.9
ORD20004816,C100171,KOTAKBANK,NSE,BUY,MIS,SL,DAY,43,1818.8,1809.7,2026-09-09 09:48:00,COMPLETE,43,1818.92
ORD20004119,C100166,HINDUNILVR,NSE,SELL,MIS,SL,DAY,5,2520.15,2532.75,2026-09-09 09:50:19,COMPLETE,5,2520.93
ORD20003730,C100046,BHARTIARTL,NSE,SELL,MIS,LIMIT,DAY,6,1380.6,0.0,2026-09-09 09:52:23,COMPLETE,6,1380.6
ORD20002260,C100007,SBIN,NSE,BUY,MIS,MARKET,DAY,10,0.0,0.0,2026-09-09 09:53:20,COMPLETE,10,804.45
ORD20003710,C100115,HINDUNILVR,NSE,BUY,MIS,LIMIT,DAY,30,2419.75,0.0,2026-09-09 09:53:41,COMPLETE,30,2419.75
ORD20002789,C100036,AXISBANK,NSE,BUY,MIS,MARKET,DAY,20,0.0,0.0,2026-09-09 09:56:40,COMPLETE,20,1180.4
ORD20000021,C100056,ICICIBANK,NSE,BUY,CNC,LIMIT,DAY,12,1182.55,0.0,2026-09-09 09:57:33,COMPLETE,12,1182.55
ORD20000645,C100183,BHARTIARTL,NSE,SELL,CNC,LIMIT,DAY,79,1384.1,0.0,2026-09-09 09:57:46,COMPLETE,79,1384.1
ORD20000970,C100133,ITC,NSE,SELL,CNC,SL,DAY,14,455.4,457.7,2026-09-09 09:59:27,COMPLETE,14,455.14
ORD20002371,C100180,MARUTI,NSE,BUY,MIS,LIMIT,DAY,2,12293.55,0.0,2026-09-09 09:59:27,CANCELLED,0,0.0
ORD20000301,C100129,INFY,NSE,SELL,CNC,MARKET,DAY,5,0.0,0.0,2026-09-09 10:05:53,COMPLETE,5,1523.04
ORD20004122,C100099,HDFCBANK,NSE,BUY,MIS,MARKET,DAY,3,0.0,0.0,2026-09-09 10:07:41,COMPLETE,3,1688.6
ORD20000071,C100174,INFY,NSE,BUY,CNC,LIMIT,DAY,17,1599.3,0.0,2026-09-09 10:09:03,COMPLETE,17,1599.3
ORD20001378,C100126,BHARTIARTL,NSE,BUY,MIS,LIMIT,DAY,2,1384.3,0.0,2026-09-09 10:10:56,COMPLETE,2,1384.3
ORD20001990,C100166,ICICIBANK,NSE,SELL,MIS,MARKET,DAY,69,0.0,0.0,2026-09-09 10:13:02,COMPLETE,69,1152.56
ORD20003952,C100019,MARUTI,NSE,SELL,MIS,MARKET,DAY,1,0.0,0.0,2026-09-09 10:14:56,CANCELLED,0,0.0
ORD20003299,C100164,NTPC,NSE,BUY,CNC,MARKET,DAY,27,0.0,0.0,2026-09-09 10:17:40,REJECTED,0,0.0
ORD20002430,C100047,MARUTI,BSE,BUY,CNC,LIMIT,DAY,1,12136.0,0.0,2026-09-09 10:19:03,COMPLETE,1,12136.0
ORD20004295,C100099,AXISBANK,NSE,SELL,MIS,MARKET,DAY,24,0.0,0.0,2026-09-09 10:22:29,COMPLETE,24,1227.31
ORD20003371,C100171,MARUTI,NSE,SELL,CNC,LIMIT,DAY,1,12024.55,0.0,2026-09-09 10:22:30,COMPLETE,1,12024.55
ORD20002275,C100188,BHARTIARTL,NSE,SELL,MIS,MARKET,DAY,4,0.0,0.0,2026-09-09 10:23:09,COMPLETE,4,1396.36
ORD20002009,C100172,SBIN,NSE,BUY,CNC,MARKET,DAY,162,0.0,0.0,2026-09-09 10:26:55,PARTIAL,86,843.54
ORD20003726,C100169,TATAMOTORS,BSE,BUY,CNC,LIMIT,DAY,55,986.25,0.0,2026-09-09 10:27:13,COMPLETE,55,986.25
ORD20000219,C100123,NTPC,NSE,BUY,CNC,LIMIT,DAY,49,370.9,0.0,2026-09-09 10:30:40,COMPLETE,49,370.9
ORD20003276,C100034,HINDUNILVR,NSE,SELL,CNC,LIMIT,DAY,13,2455.7,0.0,2026-09-09 10:32:49,COMPLETE,13,2455.7
ORD20004001,C100031,MARUTI,NSE,SELL,CNC,SL,DAY,1,12421.5,12483.6,2026-09-09 10:36:49,CANCELLED,0,0.0
ORD20003346,C100175,HDFCBANK,NSE,BUY,MIS,MARKET,DAY,31,0.0,0.0,2026-09-09 10:37:11,COMPLETE,31,1682.23
ORD20001484,C100101,MARUTI,NSE,BUY,MIS,MARKET,DAY,1,0.0,0.0,2026-09-09 10:38:21,COMPLETE,1,11853.75
ORD20002043,C100177,AXISBANK,NSE,SELL,MIS,MARKET,DAY,33,0.0,0.0,2026-09-09 10:40:20,COMPLETE,33,1120.05
ORD20001850,C100005,ITC,NSE,BUY,MIS,LIMIT,DAY,67,461.5,0.0,2026-09-09 10:42:26,COMPLETE,67,461.5
ORD20000485,C100121,ONGC,NSE,BUY,MIS,LIMIT,DAY,14,274.3,0.0,2026-09-09 10:43:24,COMPLETE,14,274.3
ORD20002975,C100147,HDFCBANK,NSE,BUY,CNC,MARKET,DAY,3,0.0,0.0,2026-09-09 10:44:36,COMPLETE,3,1628.25
ORD20004580,C100103,MARUTI,BSE,SELL,CNC,MARKET,DAY,1,0.0,0.0,2026-09-09 10:46:52,COMPLETE,1,12125.5
ORD20004123,C100181,RELIANCE,NSE,SELL,MIS,MARKET,DAY,9,0.0,0.0,2026-09-09 10:48:46,COMPLETE,9,2898.56
ORD20004655,C100115,TATAMOTORS,NSE,SELL,MIS,LIMIT,DAY,10,961.7,0.0,2026-09-09 10:48:54,COMPLETE,10,961.7
ORD20004461,C100061,ITC,NSE,BUY,MIS,MARKET,DAY,204,0.0,0.0,2026-09-09 10:54:36,COMPLETE,204,455.5
ORD20002799,C100168,RELIANCE,NSE,BUY,MIS,LIMIT,DAY,50,2963.15,0.0,2026-09-09 10:54:51,REJECTED,0,0.0
ORD20004171,C100175,ICICIBANK,NSE,BUY,CNC,LIMIT,DAY,4,1187.55,0.0,2026-09-09 10:54:59,COMPLETE,4,1187.55
ORD20003157,C100199,ONGC,NSE,SELL,MIS,SL,DAY,270,266.2,267.55,2026-09-09 10:55:17,COMPLETE,270,266.32
ORD20003164,C100120,RELIANCE,NSE,SELL,CNC,MARKET,DAY,8,0.0,0.0,2026-09-09 10:55:39,COMPLETE,8,2687.01
ORD20000403,C100035,HINDUNILVR,NSE,SELL,MIS,LIMIT,DAY,10,2444.85,0.0,2026-09-09 10:59:43,REJECTED,0,0.0
ORD20002757,C100102,INFY,NSE,SELL,CNC,LIMIT,DAY,31,1596.0,0.0,2026-09-09 11:00:28,REJECTED,0,0.0
ORD20003632,C100156,INFY,NSE,BUY,CNC,LIMIT,DAY,3,1683.8,0.0,2026-09-09 11:00:39,COMPLETE,3,1683.8
ORD20001265,C100034,HINDUNILVR,BSE,BUY,CNC,SL,DAY,8,2308.65,2297.15,2026-09-09 11:01:27,COMPLETE,8,2307.5
ORD20003412,C100136,ITC,NSE,SELL,CNC,MARKET,DAY,130,0.0,0.0,2026-09-09 11:02:21,COMPLETE,130,447.05
ORD20001397,C100056,KOTAKBANK,NSE,BUY,MIS,SL,DAY,7,1830.3,1821.15,2026-09-09 11:02:46,COMPLETE,7,1830.21
ORD20001888,C100098,HINDUNILVR,NSE,BUY,CNC,LIMIT,DAY,17,2356.45,0.0,2026-09-09 11:03:22,COMPLETE,17,2356.45
ORD20003819,C100110,TITAN,NSE,BUY,MIS,LIMIT,DAY,36,3241.6,0.0,2026-09-09 11:04:06,COMPLETE,36,3241.6
ORD20000462,C100128,ASIANPAINT,NSE,SELL,CNC,MARKET,DAY,1,0.0,0.0,2026-09-09 11:06:36,COMPLETE,1,2817.1
ORD20000157,C100140,HDFCBANK,NSE,BUY,CNC,LIMIT,DAY,19,1657.3,0.0,2026-09-09 11:06:51,COMPLETE,19,1657.3
ORD20001088,C100105,ONGC,NSE,BUY,CNC,SL,DAY,510,267.25,265.9,2026-09-09 11:08:36,COMPLETE,510,267.27
ORD20001383,C100084,ITC,NSE,BUY,CNC,SL,DAY,12,462.3,460.0,2026-09-09 11:09:39,COMPLETE,12,462.32
ORD20001254,C100144,NTPC,NSE,SELL,CNC,LIMIT,DAY,37,367.8,0.0,2026-09-09 11:11:17,COMPLETE,37,367.8
ORD20000685,C100023,NTPC,NSE,SELL,CNC,LIMIT,DAY,14,346.6,0.0,2026-09-09 11:14:13,PARTIAL,7,346.6
ORD20004367,C100086,TCS,NSE,BUY,CNC,LIMIT,DAY,34,3677.4,0.0,2026-09-09 11:14:39,COMPLETE,34,3677.4
ORD20004512,C100062,ITC,NSE,BUY,CNC,MARKET,DAY,21,0.0,0.0,2026-09-09 11:14:44,COMPLETE,21,446.75
ORD20002918,C100001,AXISBANK,NSE,SELL,MIS,LIMIT,DAY,2,1149.85,0.0,2026-09-09 11:16:41,COMPLETE,2,1149.85
ORD20003625,C100037,HDFCBANK,NSE,BUY,MIS,MARKET,DAY,23,0.0,0.0,2026-09-09 11:17:06,COMPLETE,23,1646.7
ORD20004258,C100100,HDFCBANK,NSE,BUY,MIS,LIMIT,DAY,31,1583.8,0.0,2026-09-09 11:17:32,COMPLETE,31,1583.8
ORD20004893,C100069,HINDUNILVR,NSE,BUY,CNC,MARKET,DAY,14,0.0,0.0,2026-09-09 11:19:00,COMPLETE,14,2366.79
ORD20004871,C100015,NTPC,NSE,SELL,CNC,LIMIT,DAY,16,363.4,0.0,2026-09-09 11:20:12,COMPLETE,16,363.4
ORD20001428,C100030,TCS,NSE,BUY,CNC,SL,DAY,2,3908.8,3889.25,2026-09-09 11:22:02,COMPLETE,2,3908.25
ORD20004274,C100058,KOTAKBANK,NSE,BUY,CNC,MARKET,DAY,3,0.0,0.0,2026-09-09 11:24:14,COMPLETE,3,1793.45
ORD20001475,C100006,TATAMOTORS,NSE,BUY,MIS,MARKET,DAY,15,0.0,0.0,2026-09-09 11:28:12,CANCELLED,0,0.0
ORD20001803,C100050,HINDUNILVR,NSE,BUY,MIS,LIMIT,DAY,1,2541.0,0.0,2026-09-09 11:32:04,COMPLETE,1,2541.0
ORD20003024,C100107,ITC,NSE,BUY,CNC,LIMIT,DAY,28,442.4,0.0,2026-09-09 11:34:28,CANCELLED,0,0.0
ORD20001802,C100108,MARUTI,NSE,SELL,CNC,LIMIT,DAY,3,11554.8,0.0,2026-09-09 11:36:46,COMPLETE,3,11554.8
ORD20002280,C100188,NTPC,NSE,BUY,MIS,SL,DAY,9,373.45,371.55,2026-09-09 11:39:15,COMPLETE,9,373.61
ORD20004743,C100150,ICICIBANK,BSE,BUY,MIS,LIMIT,DAY,6,1165.7,0.0,2026-09-09 11:39:42,COMPLETE,6,1165.7
ORD20002988,C100190,ITC,NSE,BUY,MIS,LIMIT,DAY,188,455.1,0.0,2026-09-09 11:39:49,COMPLETE,188,455.1
ORD20001981,C100165,HDFCBANK,NSE,SELL,CNC,LIMIT,DAY,2,1648.9,0.0,2026-09-09 11:42:12,COMPLETE,2,1648.9
ORD20001186,C100009,MARUTI,NSE,SELL,CNC,MARKET,DAY,5,0.0,0.0,2026-09-09 11:43:36,COMPLETE,5,11996.58
ORD20000332,C100106,RELIANCE,NSE,BUY,CNC,MARKET,DAY,15,0.0,0.0,2026-09-09 11:44:40,CANCELLED,0,0.0
ORD20001405,C100196,HDFCBANK,NSE,BUY,MIS,SL,DAY,9,1622.4,1614.3,2026-09-09 11:46:13,COMPLETE,9,1620.9
ORD20002993,C100074,HDFCBANK,NSE,BUY,MIS,MARKET,DAY,4,0.0,0.0,2026-09-09 11:46:14,OPEN,0,0.0
ORD20003721,C100183,ITC,BSE,SELL,MIS,LIMIT,DAY,139,463.3,0.0,2026-09-09 11:48:44,COMPLETE,139,463.3
ORD20001952,C100164,RELIANCE,NSE,BUY,MIS,SL,DAY,2,2833.55,2819.4,2026-09-09 11:48:53,COMPLETE,2,2831.77
ORD20002519,C100133,MARUTI,NSE,BUY,CNC,LIMIT,DAY,1,11871.3,0.0,2026-09-09 11:49:35,COMPLETE,1,11871.3
ORD20003046,C100166,MARUTI,NSE,BUY,MIS,LIMIT,DAY,11,11764.9,0.0,2026-09-09 11:50:07,COMPLETE,11,11764.9
ORD20004562,C100029,TATAMOTORS,NSE,BUY,MIS,LIMIT,DAY,3,912.6,0.0,2026-09-09 11:50:48,COMPLETE,3,912.6
ORD20001161,C100095,HDFCBANK,NSE,SELL,MIS,LIMIT,DAY,26,1642.15,0.0,2026-09-09 11:50:54,COMPLETE,26,1642.15
ORD20003829,C100020,HDFCBANK,BSE,BUY,MIS,LIMIT,DAY,3,1646.7,0.0,2026-09-09 11:51:04,COMPLETE,3,1646.7
ORD20000246,C100034,BHARTIARTL,NSE,BUY,MIS,MARKET,DAY,22,0.0,0.0,2026-09-09 11:51:05,COMPLETE,22,1395.5
ORD20003768,C100196,RELIANCE,NSE,BUY,CNC,LIMIT,DAY,1,2897.4,0.0,2026-09-09 11:51:07,COMPLETE,1,2897.4
ORD20004101,C100194,ITC,NSE,BUY,MIS,MARKET,DAY,27,0.0,0.0,2026-09-09 11:51:16,COMPLETE,27,456.25
ORD20000152,C100193,HINDUNILVR,NSE,BUY,MIS,SL,DAY,1,2508.05,2495.5,2026-09-09 11:52:27,COMPLETE,1,2508.4
ORD20001931,C100086,ITC,NSE,BUY,CNC,MARKET,DAY,19,0.0,0.0,2026-09-09 11:54:14,COMPLETE,19,461.12
ORD20003025,C100151,AXISBANK,NSE,SELL,CNC,LIMIT,DAY,28,1142.1,0.0,2026-09-09 11:56:40,COMPLETE,28,1142.1
ORD20001273,C100146,TATAMOTORS,NSE,SELL,MIS,MARKET,DAY,12,0.0,0.0,2026-09-09 11:57:52,COMPLETE,12,957.48
ORD20002639,C100079,ITC,NSE,SELL,CNC,LIMIT,DAY,17,436.7,0.0,2026-09-09 11:58:04,COMPLETE,17,436.7
ORD20001753,C100189,MARUTI,NSE,BUY,MIS,MARKET,DAY,8,0.0,0.0,2026-09-09 11:58:19,COMPLETE,8,12744.95
ORD20004253,C100062,SBIN,NSE,BUY,CNC,LIMIT,DAY,48,756.0,0.0,2026-09-09 11:58:33,COMPLETE,48,756.0
ORD20002000,C100103,HINDUNILVR,NSE,BUY,MIS,LIMIT,DAY,1,2423.55,0.0,2026-09-09 12:03:35,COMPLETE,1,2423.55
ORD20000830,C100052,AXISBANK,BSE,SELL,CNC,LIMIT,DAY,29,1152.35,0.0,2026-09-09 12:03:58,REJECTED,0,0.0
ORD20004688,C100118,MARUTI,NSE,SELL,CNC,LIMIT,DAY,5,11879.65,0.0,2026-09-09 12:04:36,COMPLETE,5,11879.65
ORD20001664,C100153,HDFCBANK,NSE,SELL,MIS,LIMIT,DAY,34,1687.2,0.0,2026-09-09 12:06:23,COMPLETE,34,1687.2
ORD20001643,C100085,TATAMOTORS,NSE,SELL,CNC,MARKET,DAY,4,0.0,0.0,2026-09-09 12:06:32,OPEN,0,0.0
ORD20001003,C100188,HINDUNILVR,NSE,BUY,MIS,LIMIT,DAY,16,2400.9,0.0,2026-09-09 12:07:56,COMPLETE,16,2400.9
ORD20001364,C100067,AXISBANK,NSE,SELL,CNC,LIMIT,DAY,4,1161.45,0.0,2026-09-09 12:08:19,PARTIAL,2,1161.45
ORD20002643,C100049,TATAMOTORS,NSE,SELL,CNC,MARKET,DAY,37,0.0,0.0,2026-09-09 12:08:58,COMPLETE,37,963.05
ORD20001044,C100068,BHARTIARTL,NSE,SELL,MIS,LIMIT,DAY,2,1507.0,0.0,2026-09-09 12:09:14,COMPLETE,2,1507.0
ORD20002121,C100150,HINDUNILVR,NSE,SELL,MIS,MARKET,DAY,25,0.0,0.0,2026-09-09 12:11:24,COMPLETE,25,2386.93
ORD20003435,C100053,MARUTI,NSE,BUY,CNC,MARKET,DAY,1,0.0,0.0,2026-09-09 12:11:52,COMPLETE,1,12740.8
ORD20004020,C100178,BHARTIARTL,NSE,BUY,CNC,LIMIT,DAY,5,1298.2,0.0,2026-09-09 12:12:23,PARTIAL,3,1298.2
ORD20000650,C100014,WIPRO,NSE,SELL,MIS,LIMIT,DAY,26,472.3,0.0,2026-09-09 12:17:58,COMPLETE,26,472.3
ORD20003427,C100099,ICICIBANK,NSE,SELL,MIS,MARKET,DAY,23,0.0,0.0,2026-09-09 12:18:35,COMPLETE,23,1223.6
ORD20003661,C100142,ITC,NSE,SELL,CNC,LIMIT,DAY,52,444.75,0.0,2026-09-09 12:18:54,COMPLETE,52,444.75
ORD20002690,C100148,NTPC,NSE,SELL,CNC,LIMIT,DAY,102,362.55,0.0,2026-09-09 12:19:44,COMPLETE,102,362.55
ORD20004635,C100011,ITC,NSE,SELL,MIS,MARKET,DAY,177,0.0,0.0,2026-09-09 12:20:28,COMPLETE,177,449.03
ORD20004545,C100120,KOTAKBANK,NSE,BUY,MIS,LIMIT,DAY,28,1799.3,0.0,2026-09-09 12:23:08,REJECTED,0,0.0
ORD20001993,C100113,BHARTIARTL,NSE,SELL,CNC,LIMIT,DAY,4,1368.45,0.0,2026-09-09 12:23:17,CANCELLED,0,0.0
ORD20004414,C100048,RELIANCE,NSE,BUY,MIS,LIMIT,DAY,9,2845.45,0.0,2026-09-09 12:23:23,REJECTED,0,0.0
ORD20003117,C100076,TATAMOTORS,NSE,BUY,CNC,LIMIT,DAY,9,951.95,0.0,2026-09-09 12:25:48,COMPLETE,9,951.95
ORD20004507,C100199,AXISBANK,NSE,BUY,MIS,LIMIT,DAY,73,1158.15,0.0,2026-09-09 12:29:48,COMPLETE,73,1158.15
ORD20000724,C100131,ONGC,NSE,SELL,CNC,LIMIT,DAY,15,270.15,0.0,2026-09-09 12:31:21,COMPLETE,15,270.15
ORD20002986,C100070,MARUTI,NSE,SELL,CNC,MARKET,DAY,3,0.0,0.0,2026-09-09 12:35:42,PARTIAL,1,12011.95
ORD20003413,C100183,AXISBANK,NSE,BUY,CNC,LIMIT,DAY,3,1150.2,0.0,2026-09-09 12:38:11,COMPLETE,3,1150.2
ORD20000587,C100082,ASIANPAINT,NSE,SELL,CNC,LIMIT,DAY,1,2847.8,0.0,2026-09-09 12:39:04,COMPLETE,1,2847.8
ORD20004560,C100145,LT,NSE,BUY,MIS,LIMIT,DAY,3,3534.4,0.0,2026-09-09 12:39:27,PARTIAL,1,3534.4
ORD20001334,C100037,HDFCBANK,NSE,BUY,CNC,LIMIT,DAY,5,1712.75,0.0,2026-09-09 12:39:56,COMPLETE,5,1712.75
ORD20000981,C100090,NTPC,NSE,SELL,CNC,MARKET,DAY,50,0.0,0.0,2026-09-09 12:41:51,COMPLETE,50,362.55
ORD20000881,C100052,MARUTI,NSE,SELL,MIS,LIMIT,DAY,3,11760.1,0.0,2026-09-09 12:43:53,COMPLETE,3,11760.1
ORD20002245,C100044,HINDUNILVR,NSE,BUY,MIS,MARKET,DAY,30,0.0,0.0,2026-09-09 12:51:02,COMPLETE,30,2288.43
ORD20003910,C100191,TATAMOTORS,NSE,SELL,MIS,MARKET,DAY,114,0.0,0.0,2026-09-09 12:51:57,COMPLETE,114,961.07
ORD20003255,C100036,ICICIBANK,NSE,SELL,CNC,LIMIT,DAY,110,1235.55,0.0,2026-09-09 12:52:31,PARTIAL,79,1235.55
ORD20001011,C100128,BHARTIARTL,NSE,BUY,CNC,LIMIT,DAY,57,1382.75,0.0,2026-09-09 12:54:13,CANCELLED,0,0.0
ORD20003249,C100064,KOTAKBANK,NSE,SELL,CNC,LIMIT,DAY,8,1794.15,0.0,2026-09-09 12:54:18,COMPLETE,8,1794.15
ORD20003288,C100099,ITC,NSE,SELL,CNC,LIMIT,DAY,14,438.55,0.0,2026-09-09 12:56:56,PARTIAL,8,438.55
ORD20004300,C100191,HINDUNILVR,NSE,SELL,MIS,LIMIT,DAY,33,2367.9,0.0,2026-09-09 12:57:41,COMPLETE,33,2367.9
ORD20002182,C100093,RELIANCE,NSE,SELL,MIS,MARKET,DAY,3,0.0,0.0,2026-09-09 13:00:13,COMPLETE,3,2760.73
ORD20002876,C100095,MARUTI,NSE,SELL,MIS,LIMIT,DAY,1,12380.8,0.0,2026-09-09 13:00:24,COMPLETE,1,12380.8
ORD20003220,C100037,HINDUNILVR,NSE,SELL,MIS,LIMIT,DAY,42,2361.75,0.0,2026-09-09 13:00:41,COMPLETE,42,2361.75
ORD20003695,C100057,RELIANCE,NSE,BUY,MIS,LIMIT,DAY,38,2942.45,0.0,2026-09-09 13:02:16,COMPLETE,38,2942.45
ORD20002006,C100000,BHARTIARTL,NSE,SELL,MIS,SL,DAY,14,1457.4,1464.7,2026-09-09 13:02:30,COMPLETE,14,1457.21
ORD20003935,C100014,TATAMOTORS,NSE,BUY,CNC,MARKET,DAY,10,0.0,0.0,2026-09-09 13:03:07,COMPLETE,10,906.2
ORD20002353,C100109,INFY,NSE,SELL,MIS,LIMIT,DAY,14,1717.6,0.0,2026-09-09 13:05:00,COMPLETE,14,1717.6
ORD20001137,C100002,TATAMOTORS,NSE,SELL,MIS,LIMIT,DAY,143,998.6,0.0,2026-09-09 13:07:44,COMPLETE,143,998.6
ORD20003460,C100013,TATAMOTORS,NSE,SELL,MIS,LIMIT,DAY,119,978.0,0.0,2026-09-09 13:09:35,REJECTED,0,0.0
ORD20001029,C100044,HINDUNILVR,NSE,SELL,MIS,LIMIT,DAY,2,2381.5,0.0,2026-09-09 13:11:53,COMPLETE,2,2381.5
ORD20002626,C100182,TCS,NSE,BUY,CNC,MARKET,DAY,3,0.0,0.0,2026-09-09 13:12:02,COMPLETE,3,4119.85
ORD20004240,C100069,BHARTIARTL,NSE,SELL,MIS,LIMIT,DAY,4,1377.45,0.0,2026-09-09 13:13:01,COMPLETE,4,1377.45
ORD20000307,C100127,INFY,NSE,SELL,MIS,LIMIT,DAY,17,1620.8,0.0,2026-09-09 13:14:38,COMPLETE,17,1620.8
ORD20001795,C100107,NTPC,NSE,BUY,MIS,LIMIT,DAY,164,355.45,0.0,2026-09-09 13:14:55,COMPLETE,164,355.45
ORD20003794,C100143,ITC,NSE,BUY,MIS,MARKET,DAY,31,0.0,0.0,2026-09-09 13:15:13,COMPLETE,31,427.91
ORD20001773,C100007,HINDUNILVR,NSE,SELL,MIS,SL,DAY,23,2449.1,2461.35,2026-09-09 13:15:19,COMPLETE,23,2449.23
ORD20004741,C100198,ASIANPAINT,NSE,SELL,MIS,LIMIT,DAY,11,2866.45,0.0,2026-09-09 13:18:51,COMPLETE,11,2866.45
ORD20000705,C100135,HINDUNILVR,NSE,BUY,MIS,MARKET,DAY,13,0.0,0.0,2026-09-09 13:20:10,COMPLETE,13,2357.57
ORD20001424,C100102,ICICIBANK,NSE,BUY,MIS,SL,DAY,25,1135.3,1129.6,2026-09-09 13:21:50,COMPLETE,25,1135.52
ORD20000103,C100011,TATAMOTORS,NSE,SELL,CNC,MARKET,DAY,22,0.0,0.0,2026-09-09 13:22:03,COMPLETE,22,949.38
ORD20004469,C100164,HINDUNILVR,NSE,BUY,CNC,LIMIT,DAY,3,2351.45,0.0,2026-09-09 13:23:08,COMPLETE,3,2351.45
ORD20002556,C100070,KOTAKBANK,NSE,SELL,CNC,LIMIT,DAY,16,1745.4,0.0,2026-09-09 13:23:16,CANCELLED,0,0.0
ORD20001862,C100118,ITC,NSE,SELL,CNC,MARKET,DAY,75,0.0,0.0,2026-09-09 13:25:20,PARTIAL,52,439.3
ORD20001332,C100054,HDFCBANK,NSE,BUY,MIS,MARKET,DAY,54,0.0,0.0,2026-09-09 13:25:46,COMPLETE,54,1695.35
ORD20001445,C100084,KOTAKBANK,NSE,BUY,CNC,LIMIT,DAY,3,1702.7,0.0,2026-09-09 13:28:09,COMPLETE,3,1702.7
ORD20004378,C100195,HINDUNILVR,NSE,SELL,MIS,LIMIT,DAY,21,2389.15,0.0,2026-09-09 13:28:26,COMPLETE,21,2389.15
ORD20003487,C100063,ITC,NSE,BUY,MIS,LIMIT,DAY,138,468.25,0.0,2026-09-09 13:29:57,COMPLETE,138,468.25
ORD20001074,C100016,ONGC,NSE,SELL,MIS,LIMIT,DAY,183,280.3,0.0,2026-09-09 13:30:11,COMPLETE,183,280.3
ORD20004329,C100099,NTPC,NSE,SELL,MIS,LIMIT,DAY,205,343.05,0.0,2026-09-09 13:30:43,COMPLETE,205,343.05
ORD20000946,C100092,BHARTIARTL,NSE,BUY,CNC,LIMIT,DAY,18,1409.6,0.0,2026-09-09 13:30:44,COMPLETE,18,1409.6
ORD20003786,C100003,AXISBANK,NSE,SELL,MIS,LIMIT,DAY,68,1108.45,0.0,2026-09-09 13:31:20,COMPLETE,68,1108.45
ORD20004531,C100049,INFY,NSE,BUY,MIS,LIMIT,DAY,70,1610.85,0.0,2026-09-09 13:32:05,COMPLETE,70,1610.85
ORD20000156,C100087,ICICIBANK,BSE,BUY,CNC,LIMIT,DAY,6,1217.45,0.0,2026-09-09 13:32:24,CANCELLED,0,0.0
ORD20002197,C100199,ITC,NSE,BUY,MIS,SL,DAY,85,451.8,449.55,2026-09-09 13:32:58,COMPLETE,85,452.15
ORD20003472,C100017,HINDUNILVR,NSE,BUY,MIS,SL,DAY,3,2242.55,2231.35,2026-09-09 13:33:35,COMPLETE,3,2246.2
ORD20002399,C100087,HDFCBANK,NSE,SELL,MIS,SL,DAY,2,1654.65,1662.95,2026-09-09 13:35:54,COMPLETE,2,1654.9
ORD20003116,C100024,ICICIBANK,NSE,SELL,MIS,LIMIT,DAY,20,1165.9,0.0,2026-09-09 13:36:04,COMPLETE,20,1165.9
ORD20004492,C100149,HINDUNILVR,NSE,BUY,MIS,LIMIT,DAY,8,2273.25,0.0,2026-09-09 13:37:17,COMPLETE,8,2273.25
ORD20003993,C100058,ICICIBANK,NSE,SELL,MIS,MARKET,DAY,16,0.0,0.0,2026-09-09 13:38:16,COMPLETE,16,1168.06
ORD20003097,C100029,HINDUNILVR,NSE,BUY,MIS,LIMIT,DAY,4,2309.45,0.0,2026-09-09 13:40:38,COMPLETE,4,2309.45
ORD20000426,C100107,RELIANCE,NSE,SELL,MIS,LIMIT,DAY,2,2924.05,0.0,2026-09-09 13:41:54,COMPLETE,2,2924.05
ORD20000297,C100012,RELIANCE,NSE,SELL,CNC,LIMIT,DAY,1,2938.25,0.0,2026-09-09 13:41:56,COMPLETE,1,2938.25
ORD20004483,C100144,HINDUNILVR,NSE,SELL,MIS,MARKET,DAY,17,0.0,0.0,2026-09-09 13:43:48,COMPLETE,17,2434.31
ORD20000478,C100032,RELIANCE,NSE,SELL,MIS,MARKET,DAY,1,0.0,0.0,2026-09-09 13:45:14,CANCELLED,0,0.0
ORD20002376,C100107,HDFCBANK,NSE,SELL,CNC,SL,DAY,87,1604.4,1612.45,2026-09-09 13:46:26,COMPLETE,87,1603.85
ORD20004421,C100068,TATAMOTORS,NSE,BUY,MIS,LIMIT,DAY,3,939.3,0.0,2026-09-09 13:46:34,COMPLETE,3,939.3
ORD20002735,C100128,ONGC,NSE,BUY,CNC,LIMIT,DAY,54,270.15,0.0,2026-09-09 13:47:11,COMPLETE,54,270.15
ORD20002557,C100175,RELIANCE,BSE,SELL,MIS,LIMIT,DAY,5,2750.55,0.0,2026-09-09 13:47:32,COMPLETE,5,2750.55
ORD20001845,C100112,HDFCBANK,NSE,BUY,MIS,LIMIT,DAY,15,1626.35,0.0,2026-09-09 13:50:29,COMPLETE,15,1626.35
ORD20004266,C100137,MARUTI,NSE,SELL,MIS,LIMIT,DAY,1,11989.6,0.0,2026-09-09 13:54:13,COMPLETE,1,11989.6
ORD20002087,C100152,AXISBANK,NSE,BUY,MIS,LIMIT,DAY,4,1187.6,0.0,2026-09-09 13:54:33,COMPLETE,4,1187.6
ORD20000392,C100021,AXISBANK,NSE,BUY,CNC,LIMIT,DAY,105,1126.1,0.0,2026-09-09 13:55:56,COMPLETE,105,1126.1
ORD20002170,C100011,ASIANPAINT,NSE,SELL,CNC,LIMIT,DAY,23,2857.35,0.0,2026-09-09 13:57:36,COMPLETE,23,2857.35
ORD20002153,C100013,ICICIBANK,NSE,SELL,CNC,MARKET,DAY,89,0.0,0.0,2026-09-09 13:57:36,COMPLETE,89,1236.5
ORD20002350,C100004,HDFCBANK,NSE,SELL,MIS,LIMIT,DAY,5,1586.5,0.0,2026-09-09 13:58:12,REJECTED,0,0.0
ORD20000846,C100076,SBIN,NSE,SELL,MIS,LIMIT,DAY,30,848.85,0.0,2026-09-09 13:58:18,COMPLETE,30,848.85
ORD20003202,C100198,TCS,NSE,SELL,CNC,LIMIT,DAY,9,3898.25,0.0,2026-09-09 13:58:59,COMPLETE,9,3898.25
ORD20000997,C100006,HDFCBANK,BSE,BUY,MIS,MARKET,DAY,6,0.0,0.0,2026-09-09 14:00:21,COMPLETE,6,1495.65
ORD20001188,C100172,ASIANPAINT,NSE,SELL,MIS,LIMIT,DAY,1,2863.35,0.0,2026-09-09 14:01:11,PARTIAL,1,2863.35
ORD20003364,C100035,ITC,NSE,SELL,MIS,MARKET,DAY,6,0.0,0.0,2026-09-09 14:01:58,COMPLETE,6,439.66
ORD20002339,C100083,ITC,NSE,SELL,MIS,MARKET,DAY,15,0.0,0.0,2026-09-09 14:03:27,COMPLETE,15,463.1
ORD20001128,C100134,MARUTI,NSE,SELL,CNC,LIMIT,DAY,1,11316.7,0.0,2026-09-09 14:03:55,COMPLETE,1,11316.7
ORD20002439,C100135,HINDUNILVR,NSE,SELL,MIS,MARKET,DAY,30,0.0,0.0,2026-09-09 14:06:56,COMPLETE,30,2359.3
ORD20003725,C100185,MARUTI,NSE,BUY,MIS,MARKET,DAY,1,0.0,0.0,2026-09-09 14:10:13,COMPLETE,1,11626.25
ORD20002797,C100018,INFY,BSE,BUY,MIS,LIMIT,DAY,1,1647.4,0.0,2026-09-09 14:10:16,COMPLETE,1,1647.4
ORD20003290,C100192,BHARTIARTL,NSE,SELL,MIS,LIMIT,DAY,10,1368.5,0.0,2026-09-09 14:10:20,COMPLETE,10,1368.5
ORD20003878,C100094,HDFCBANK,NSE,SELL,MIS,LIMIT,DAY,4,1684.2,0.0,2026-09-09 14:11:33,COMPLETE,4,1684.2
ORD20002447,C100079,TATAMOTORS,NSE,BUY,MIS,MARKET,DAY,81,0.0,0.0,2026-09-09 14:11:54,COMPLETE,81,956.45
ORD20004909,C100129,INFY,NSE,SELL,MIS,LIMIT,DAY,11,1517.85,0.0,2026-09-09 14:12:16,COMPLETE,11,1517.85
ORD20003946,C100097,ITC,NSE,SELL,CNC,LIMIT,DAY,18,463.25,0.0,2026-09-09 14:15:41,CANCELLED,0,0.0
ORD20003927,C100009,NTPC,NSE,SELL,CNC,MARKET,DAY,10,0.0,0.0,2026-09-09 14:16:55,REJECTED,0,0.0
ORD20001626,C100103,ITC,NSE,BUY,CNC,MARKET,DAY,56,0.0,0.0,2026-09-09 14:17:15,COMPLETE,56,442.3
ORD20003792,C100048,BHARTIARTL,NSE,SELL,MIS,LIMIT,DAY,54,1475.8,0.0,2026-09-09 14:18:05,OPEN,0,0.0
ORD20002719,C100106,ICICIBANK,NSE,BUY,CNC,MARKET,DAY,22,0.0,0.0,2026-09-09 14:19:32,COMPLETE,22,1213.35
ORD20002159,C100039,BHARTIARTL,NSE,BUY,CNC,SL,DAY,27,1375.45,1368.6,2026-09-09 14:20:44,COMPLETE,27,1374.9
ORD20000070,C100198,SBIN,NSE,SELL,CNC,LIMIT,DAY,20,806.9,0.0,2026-09-09 14:21:07,COMPLETE,20,806.9
ORD20002077,C100169,HINDUNILVR,NSE,SELL,MIS,MARKET,DAY,45,0.0,0.0,2026-09-09 14:22:22,COMPLETE,45,2389.7
ORD20003224,C100159,ONGC,NSE,BUY,CNC,LIMIT,DAY,248,258.9,0.0,2026-09-09 14:23:00,CANCELLED,0,0.0
ORD20003919,C100063,TATAMOTORS,NSE,BUY,CNC,LIMIT,DAY,61,917.65,0.0,2026-09-09 14:23:40,COMPLETE,61,917.65
ORD20001508,C100148,TATAMOTORS,NSE,BUY,CNC,MARKET,DAY,38,0.0,0.0,2026-09-09 14:23:47,COMPLETE,38,916.25
ORD20000914,C100056,INFY,NSE,BUY,MIS,LIMIT,DAY,11,1661.0,0.0,2026-09-09 14:24:57,COMPLETE,11,1661.0
ORD20004281,C100167,HDFCBANK,BSE,BUY,CNC,LIMIT,DAY,17,1654.95,0.0,2026-09-09 14:26:34,CANCELLED,0,0.0
ORD20004788,C100044,ITC,NSE,BUY,MIS,MARKET,DAY,25,0.0,0.0,2026-09-09 14:28:44,CANCELLED,0,0.0
ORD20004571,C100134,HINDUNILVR,NSE,BUY,MIS,LIMIT,DAY,32,2365.35,0.0,2026-09-09 14:29:52,COMPLETE,32,2365.35
ORD20001702,C100052,KOTAKBANK,NSE,SELL,MIS,MARKET,DAY,3,0.0,0.0,2026-09-09 14:32:39,COMPLETE,3,1680.4
ORD20003098,C100176,NTPC,NSE,SELL,CNC,MARKET,DAY,18,0.0,0.0,2026-09-09 14:32:45,COMPLETE,18,360.01
ORD20004450,C100003,ITC,NSE,SELL,CNC,LIMIT,DAY,220,440.5,0.0,2026-09-09 14:34:23,COMPLETE,220,440.5
ORD20001715,C100132,ICICIBANK,NSE,BUY,CNC,LIMIT,DAY,5,1213.45,0.0,2026-09-09 14:35:16,COMPLETE,5,1213.45
ORD20004458,C100199,NTPC,NSE,SELL,MIS,LIMIT,DAY,8,361.95,0.0,2026-09-09 14:35:16,COMPLETE,8,361.95
ORD20003175,C100139,ASIANPAINT,NSE,BUY,MIS,LIMIT,DAY,8,2880.5,0.0,2026-09-09 14:37:24,COMPLETE,8,2880.5
ORD20000569,C100074,AXISBANK,NSE,BUY,MIS,LIMIT,DAY,27,1195.4,0.0,2026-09-09 14:38:44,COMPLETE,27,1195.4
ORD20000212,C100132,RELIANCE,NSE,BUY,MIS,SL,DAY,1,2908.65,2894.1,2026-09-09 14:39:26,COMPLETE,1,2906.4
ORD20000133,C100173,HDFCBANK,NSE,SELL,MIS,MARKET,DAY,2,0.0,0.0,2026-09-09 14:40:52,COMPLETE,2,1609.28
ORD20002267,C100010,MARUTI,NSE,SELL,MIS,MARKET,DAY,5,0.0,0.0,2026-09-09 14:41:35,COMPLETE,5,11708.0
ORD20003287,C100048,HINDUNILVR,NSE,BUY,CNC,MARKET,DAY,1,0.0,0.0,2026-09-09 14:41:58,COMPLETE,1,2540.45
ORD20002878,C100157,INFY,NSE,BUY,CNC,SL,DAY,18,1528.65,1521.05,2026-09-09 14:42:56,COMPLETE,18,1528.73
ORD20000720,C100078,HINDUNILVR,NSE,SELL,MIS,LIMIT,DAY,29,2351.75,0.0,2026-09-09 14:43:17,COMPLETE,29,2351.75
ORD20001086,C100084,NTPC,NSE,BUY,CNC,MARKET,DAY,137,0.0,0.0,2026-09-09 14:44:02,COMPLETE,137,358.05
ORD20002298,C100037,HDFCBANK,NSE,SELL,MIS,MARKET,DAY,5,0.0,0.0,2026-09-09 14:49:02,PARTIAL,3,1670.85
ORD20004502,C100093,RELIANCE,NSE,SELL,MIS,MARKET,DAY,24,0.0,0.0,2026-09-09 14:54:36,OPEN,0,0.0
ORD20004044,C100025,HINDUNILVR,NSE,SELL,MIS,LIMIT,DAY,10,2400.2,0.0,2026-09-09 14:54:55,COMPLETE,10,2400.2
ORD20004922,C100101,INFY,NSE,BUY,MIS,MARKET,DAY,22,0.0,0.0,2026-09-09 14:58:47,COMPLETE,22,1608.75
ORD20004074,C100059,TATAMOTORS,NSE,BUY,CNC,LIMIT,DAY,71,964.2,0.0,2026-09-09 15:00:37,COMPLETE,71,964.2
ORD20000149,C100109,INFY,NSE,BUY,MIS,LIMIT,DAY,5,1485.0,0.0,2026-09-09 15:02:11,COMPLETE,5,1485.0
ORD20000399,C100048,RELIANCE,NSE,BUY,CNC,MARKET,DAY,11,0.0,0.0,2026-09-09 15:04:59,REJECTED,0,0.0
ORD20000627,C100080,HINDUNILVR,NSE,SELL,MIS,LIMIT,DAY,19,2263.35,0.0,2026-09-09 15:05:37,COMPLETE,19,2263.35
ORD20000353,C100030,ITC,NSE,SELL,MIS,LIMIT,DAY,50,454.15,0.0,2026-09-09 15:10:08,COMPLETE,50,454.15
ORD20004665,C100158,HINDUNILVR,NSE,BUY,MIS,LIMIT,DAY,3,2373.2,0.0,2026-09-09 15:11:39,PARTIAL,2,2373.2
ORD20004356,C100105,ITC,NSE,SELL,CNC,SL,DAY,227,426.0,428.15,2026-09-09 15:12:36,COMPLETE,227,425.74
ORD20000877,C100033,HDFCBANK,NSE,BUY,MIS,MARKET,DAY,18,0.0,0.0,2026-09-09 15:12:56,REJECTED,0,0.0
ORD20000039,C100075,TATAMOTORS,BSE,BUY,CNC,MARKET,DAY,75,0.0,0.0,2026-09-09 15:14:22,REJECTED,0,0.0
ORD20001096,C100011,MARUTI,NSE,SELL,MIS,LIMIT,DAY,4,12199.45,0.0,2026-09-09 15:15:42,COMPLETE,4,12199.45
ORD20002554,C100182,RELIANCE,NSE,BUY,MIS,LIMIT,DAY,13,3007.6,0.0,2026-09-09 15:16:23,COMPLETE,13,3007.6
ORD20002034,C100080,MARUTI,NSE,SELL,CNC,SL,DAY,1,12322.85,12384.45,2026-09-09 15:16:58,COMPLETE,1,12311.95
ORD20000181,C100007,TATAMOTORS,NSE,BUY,MIS,LIMIT,DAY,7,997.7,0.0,2026-09-09 15:19:39,COMPLETE,7,997.7
ORD20000134,C100025,AXISBANK,NSE,BUY,MIS,LIMIT,DAY,9,1115.5,0.0,2026-09-09 15:20:05,COMPLETE,9,1115.5
ORD20001034,C100136,HINDUNILVR,NSE,SELL,CNC,MARKET,DAY,1,0.0,0.0,2026-09-09 15:21:24,COMPLETE,1,2424.3
ORD20003264,C100186,MARUTI,NSE,SELL,MIS,LIMIT,DAY,2,12169.25,0.0,2026-09-09 15:24:06,COMPLETE,2,12169.25
ORD20004262,C100093,NTPC,NSE,BUY,MIS,MARKET,DAY,31,0.0,0.0,2026-09-10 09:17:30,REJECTED,0,0.0
ORD20003940,C100106,ITC,NSE,BUY,CNC,MARKET,DAY,32,0.0,0.0,2026-09-10 09:21:08,COMPLETE,32,457.9
ORD20000706,C100050,ONGC,NSE,BUY,MIS,LIMIT,DAY,19,282.2,0.0,2026-09-10 09:22:14,COMPLETE,19,282.2
ORD20004333,C100136,TATAMOTORS,NSE,BUY,CNC,MARKET,DAY,94,0.0,0.0,2026-09-10 09:22:24,COMPLETE,94,974.27
ORD20002959,C100135,MARUTI,NSE,BUY,CNC,LIMIT,DAY,1,12016.45,0.0,2026-09-10 09:23:15,COMPLETE,1,12016.45
ORD20001311,C100067,HINDUNILVR,NSE,BUY,CNC,MARKET,DAY,2,0.0,0.0,2026-09-10 09:24:27,OPEN,0,0.0
ORD20001472,C100141,ICICIBANK,NSE,BUY,CNC,LIMIT,DAY,5,1213.1,0.0,2026-09-10 09:27:39,COMPLETE,5,1213.1
ORD20001670,C100096,ITC,NSE,SELL,CNC,LIMIT,DAY,137,418.05,0.0,2026-09-10 09:28:54,CANCELLED,0,0.0
ORD20003277,C100122,MARUTI,NSE,SELL,MIS,LIMIT,DAY,4,11154.8,0.0,2026-09-10 09:30:07,COMPLETE,4,11154.8
ORD20001203,C100035,WIPRO,NSE,SELL,CNC,SL,DAY,241,468.15,470.5,2026-09-10 09:37:27,COMPLETE,241,467.74
ORD20003977,C100188,ITC,NSE,BUY,MIS,LIMIT,DAY,17,436.45,0.0,2026-09-10 09:39:01,REJECTED,0,0.0
ORD20001946,C100029,RELIANCE,NSE,BUY,CNC,LIMIT,DAY,2,2993.3,0.0,2026-09-10 09:40:57,COMPLETE,2,2993.3
ORD20001774,C100023,ITC,NSE,SELL,MIS,LIMIT,DAY,28,447.55,0.0,2026-09-10 09:45:28,CANCELLED,0,0.0
ORD20001458,C100032,KOTAKBANK,NSE,BUY,CNC,LIMIT,DAY,41,1727.0,0.0,2026-09-10 09:45:49,COMPLETE,41,1727.0
ORD20001033,C100050,KOTAKBANK,NSE,SELL,CNC,LIMIT,DAY,3,1694.05,0.0,2026-09-10 09:46:36,COMPLETE,3,1694.05
ORD20000618,C100120,INFY,NSE,SELL,MIS,LIMIT,DAY,8,1663.35,0.0,2026-09-10 09:48:27,COMPLETE,8,1663.35
ORD20003652,C100108,TATAMOTORS,NSE,BUY,CNC,LIMIT,DAY,13,942.85,0.0,2026-09-10 09:53:02,COMPLETE,13,942.85
ORD20002515,C100190,TATAMOTORS,BSE,BUY,CNC,LIMIT,DAY,4,931.05,0.0,2026-09-10 09:54:25,COMPLETE,4,931.05
ORD20002563,C100186,ONGC,NSE,BUY,MIS,LIMIT,DAY,137,261.9,0.0,2026-09-10 09:55:39,COMPLETE,137,261.9
ORD20000819,C100040,TATAMOTORS,NSE,BUY,CNC,LIMIT,DAY,6,991.7,0.0,2026-09-10 09:56:21,COMPLETE,6,991.7
ORD20001737,C100199,ONGC,NSE,BUY,MIS,LIMIT,DAY,43,255.95,0.0,2026-09-10 09:57:21,COMPLETE,43,255.95
ORD20002067,C100029,BHARTIARTL,BSE,BUY,CNC,SL,DAY,24,1486.25,1478.85,2026-09-10 09:58:04,COMPLETE,24,1486.41
ORD20002981,C100092,AXISBANK,NSE,SELL,MIS,LIMIT,DAY,4,1138.0,0.0,2026-09-10 09:58:11,COMPLETE,4,1138.0
ORD20004657,C100071,ASIANPAINT,NSE,SELL,CNC,LIMIT,DAY,6,2890.2,0.0,2026-09-10 09:58:13,COMPLETE,6,2890.2
ORD20000451,C100003,MARUTI,NSE,SELL,MIS,LIMIT,DAY,4,12055.9,0.0,2026-09-10 09:59:11,COMPLETE,4,12055.9
ORD20002433,C100092,ONGC,NSE,BUY,CNC,SL,DAY,245,274.2,272.8,2026-09-10 10:00:12,COMPLETE,245,274.29
ORD20000302,C100149,ITC,NSE,SELL,CNC,LIMIT,DAY,19,472.1,0.0,2026-09-10 10:01:26,COMPLETE,19,472.1
ORD20002731,C100045,MARUTI,NSE,BUY,MIS,LIMIT,DAY,2,11413.35,0.0,2026-09-10 10:01:54,COMPLETE,2,11413.35
ORD20000901,C100043,HINDUNILVR,NSE,SELL,MIS,LIMIT,DAY,43,2507.75,0.0,2026-09-10 10:02:29,CANCELLED,0,0.0
ORD20003166,C100033,ASIANPAINT,NSE,SELL,MIS,LIMIT,DAY,24,2812.85,0.0,2026-09-10 10:03:41,COMPLETE,24,2812.85
ORD20002534,C100010,HINDUNILVR,NSE,BUY,CNC,LIMIT,DAY,4,2294.95,0.0,2026-09-10 10:06:27,COMPLETE,4,2294.95
ORD20001570,C100068,ICICIBANK,NSE,SELL,MIS,LIMIT,DAY,9,1152.1,0.0,2026-09-10 10:08:54,COMPLETE,9,1152.1
ORD20000764,C100121,SBIN,NSE,BUY,CNC,LIMIT,DAY,14,829.55,0.0,2026-09-10 10:10:11,COMPLETE,14,829.55
ORD20003770,C100093,NTPC,NSE,BUY,MIS,MARKET,DAY,297,0.0,0.0,2026-09-10 10:10:35,COMPLETE,297,344.25
ORD20002383,C100003,BHARTIARTL,NSE,BUY,MIS,MARKET,DAY,41,0.0,0.0,2026-09-10 10:14:08,COMPLETE,41,1393.05
ORD20002091,C100008,HINDUNILVR,NSE,SELL,CNC,LIMIT,DAY,15,2332.2,0.0,2026-09-10 10:14:55,CANCELLED,0,0.0
ORD20001842,C100003,INFY,NSE,BUY,MIS,MARKET,DAY,47,0.0,0.0,2026-09-10 10:15:27,COMPLETE,47,1667.35
ORD20003403,C100089,TITAN,NSE,BUY,MIS,LIMIT,DAY,5,3220.5,0.0,2026-09-10 10:17:17,COMPLETE,5,3220.5
ORD20004600,C100022,ICICIBANK,NSE,BUY,CNC,LIMIT,DAY,18,1154.5,0.0,2026-09-10 10:18:52,COMPLETE,18,1154.5
ORD20000745,C100060,TATAMOTORS,NSE,BUY,MIS,MARKET,DAY,90,0.0,0.0,2026-09-10 10:19:17,COMPLETE,90,950.16
ORD20000006,C100145,HINDUNILVR,NSE,SELL,CNC,LIMIT,DAY,11,2512.15,0.0,2026-09-10 10:19:20,CANCELLED,0,0.0
ORD20004841,C100017,SBIN,NSE,BUY,MIS,MARKET,DAY,86,0.0,0.0,2026-09-10 10:20:28,COMPLETE,86,801.5
ORD20004924,C100054,RELIANCE,NSE,BUY,MIS,MARKET,DAY,47,0.0,0.0,2026-09-10 10:20:46,COMPLETE,47,2994.65
ORD20002084,C100022,RELIANCE,NSE,SELL,MIS,LIMIT,DAY,21,2926.65,0.0,2026-09-10 10:20:47,COMPLETE,21,2926.65
ORD20003450,C100130,RELIANCE,NSE,SELL,MIS,MARKET,DAY,1,0.0,0.0,2026-09-10 10:22:14,OPEN,0,0.0
ORD20004037,C100063,TATAMOTORS,NSE,BUY,MIS,LIMIT,DAY,53,940.75,0.0,2026-09-10 10:23:01,COMPLETE,53,940.75
ORD20002500,C100156,TATAMOTORS,NSE,BUY,CNC,LIMIT,DAY,33,876.65,0.0,2026-09-10 10:24:02,COMPLETE,33,876.65
ORD20002474,C100027,ITC,NSE,SELL,MIS,LIMIT,DAY,122,453.4,0.0,2026-09-10 10:27:52,COMPLETE,122,453.4
ORD20003090,C100098,KOTAKBANK,NSE,BUY,CNC,LIMIT,DAY,10,1771.1,0.0,2026-09-10 10:31:20,REJECTED,0,0.0
ORD20001566,C100083,HINDUNILVR,NSE,BUY,CNC,LIMIT,DAY,5,2362.95,0.0,2026-09-10 10:32:22,COMPLETE,5,2362.95
ORD20002262,C100073,ITC,NSE,SELL,CNC,MARKET,DAY,159,0.0,0.0,2026-09-10 10:36:00,COMPLETE,159,456.64
ORD20002320,C100154,ICICIBANK,NSE,SELL,MIS,MARKET,DAY,118,0.0,0.0,2026-09-10 10:37:55,COMPLETE,118,1242.52
ORD20004654,C100021,HDFCBANK,NSE,BUY,MIS,LIMIT,DAY,18,1622.75,0.0,2026-09-10 10:38:37,COMPLETE,18,1622.75
ORD20002234,C100168,MARUTI,NSE,BUY,MIS,MARKET,DAY,3,0.0,0.0,2026-09-10 10:40:36,PARTIAL,2,12596.1
ORD20002686,C100156,ITC,NSE,BUY,CNC,LIMIT,DAY,17,482.4,0.0,2026-09-10 10:42:54,COMPLETE,17,482.4
ORD20002286,C100171,ITC,NSE,BUY,MIS,MARKET,DAY,13,0.0,0.0,2026-09-10 10:43:20,COMPLETE,13,459.77
ORD20001692,C100063,SBIN,NSE,SELL,MIS,MARKET,DAY,112,0.0,0.0,2026-09-10 10:43:21,COMPLETE,112,772.41
ORD20001918,C100062,BHARTIARTL,NSE,BUY,MIS,LIMIT,DAY,4,1366.85,0.0,2026-09-10 10:45:30,COMPLETE,4,1366.85
ORD20003985,C100073,HDFCBANK,NSE,BUY,MIS,MARKET,DAY,3,0.0,0.0,2026-09-10 10:47:12,COMPLETE,3,1604.48
ORD20003917,C100188,KOTAKBANK,NSE,BUY,MIS,LIMIT,DAY,2,1719.85,0.0,2026-09-10 10:48:17,COMPLETE,2,1719.85
ORD20002488,C100173,ITC,NSE,BUY,CNC,SL,DAY,160,447.05,444.8,2026-09-10 10:49:42,COMPLETE,160,447.15
ORD20000165,C100072,HDFCBANK,NSE,SELL,MIS,LIMIT,DAY,4,1692.85,0.0,2026-09-10 10:50:13,COMPLETE,4,1692.85
ORD20002212,C100170,ASIANPAINT,NSE,BUY,MIS,LIMIT,DAY,2,2950.15,0.0,2026-09-10 10:51:08,CANCELLED,0,0.0
ORD20004075,C100190,AXISBANK,NSE,BUY,MIS,MARKET,DAY,30,0.0,0.0,2026-09-10 10:51:29,COMPLETE,30,1072.75
ORD20002408,C100009,RELIANCE,NSE,BUY,MIS,LIMIT,DAY,8,2917.85,0.0,2026-09-10 10:52:58,COMPLETE,8,2917.85
ORD20001673,C100051,TITAN,NSE,BUY,MIS,LIMIT,DAY,1,3449.9,0.0,2026-09-10 10:55:24,CANCELLED,0,0.0
ORD20004226,C100126,BHARTIARTL,NSE,SELL,MIS,LIMIT,DAY,40,1366.7,0.0,2026-09-10 10:55:58,COMPLETE,40,1366.7
ORD20000871,C100089,TATAMOTORS,NSE,BUY,MIS,LIMIT,DAY,19,956.4,0.0,2026-09-10 10:58:33,COMPLETE,19,956.4
ORD20003393,C100036,RELIANCE,NSE,BUY,MIS,LIMIT,DAY,11,2903.7,0.0,2026-09-10 11:03:29,COMPLETE,11,2903.7
ORD20003297,C100158,HDFCBANK,NSE,BUY,MIS,LIMIT,DAY,8,1717.7,0.0,2026-09-10 11:04:02,COMPLETE,8,1717.7
ORD20004059,C100007,MARUTI,NSE,BUY,MIS,LIMIT,DAY,1,11541.75,0.0,2026-09-10 11:04:19,COMPLETE,1,11541.75
ORD20003145,C100091,AXISBANK,NSE,BUY,MIS,LIMIT,DAY,65,1156.5,0.0,2026-09-10 11:07:44,PARTIAL,50,1156.5
ORD20001463,C100171,MARUTI,NSE,SELL,MIS,LIMIT,DAY,4,12196.45,0.0,2026-09-10 11:07:53,COMPLETE,4,12196.45
ORD20001771,C100013,MARUTI,NSE,BUY,MIS,LIMIT,DAY,1,11985.25,0.0,2026-09-10 11:10:35,COMPLETE,1,11985.25
ORD20001180,C100126,TATAMOTORS,NSE,SELL,MIS,LIMIT,DAY,31,958.5,0.0,2026-09-10 11:11:31,COMPLETE,31,958.5
ORD20003095,C100025,KOTAKBANK,BSE,SELL,MIS,LIMIT,DAY,3,1760.3,0.0,2026-09-10 11:17:24,COMPLETE,3,1760.3
ORD20001644,C100009,TATAMOTORS,NSE,BUY,CNC,LIMIT,DAY,10,874.0,0.0,2026-09-10 11:17:57,CANCELLED,0,0.0
ORD20003894,C100026,ONGC,NSE,BUY,MIS,LIMIT,DAY,194,273.55,0.0,2026-09-10 11:18:17,COMPLETE,194,273.55
ORD20000836,C100165,BHARTIARTL,NSE,BUY,CNC,MARKET,DAY,25,0.0,0.0,2026-09-10 11:18:25,COMPLETE,25,1303.02
ORD20004956,C100126,BHARTIARTL,NSE,SELL,MIS,LIMIT,DAY,62,1367.55,0.0,2026-09-10 11:18:57,COMPLETE,62,1367.55
ORD20001398,C100153,BHARTIARTL,NSE,SELL,CNC,LIMIT,DAY,10,1396.3,0.0,2026-09-10 11:25:13,COMPLETE,10,1396.3
ORD20001251,C100169,ICICIBANK,NSE,SELL,MIS,MARKET,DAY,56,0.0,0.0,2026-09-10 11:26:14,REJECTED,0,0.0
ORD20004775,C100151,NTPC,BSE,SELL,CNC,MARKET,DAY,30,0.0,0.0,2026-09-10 11:28:34,COMPLETE,30,360.5
ORD20003274,C100122,INFY,NSE,BUY,MIS,MARKET,DAY,40,0.0,0.0,2026-09-10 11:29:59,CANCELLED,0,0.0
ORD20002685,C100057,ASIANPAINT,NSE,BUY,CNC,LIMIT,DAY,25,2942.95,0.0,2026-09-10 11:30:28,CANCELLED,0,0.0
ORD20000243,C100064,TATAMOTORS,NSE,BUY,MIS,LIMIT,DAY,21,943.25,0.0,2026-09-10 11:34:41,COMPLETE,21,943.25
ORD20003340,C100097,NTPC,BSE,SELL,CNC,LIMIT,DAY,19,352.65,0.0,2026-09-10 11:36:12,CANCELLED,0,0.0
ORD20002220,C100037,HDFCBANK,NSE,SELL,MIS,LIMIT,DAY,35,1641.3,0.0,2026-09-10 11:43:35,COMPLETE,35,1641.3
ORD20002889,C100137,ITC,NSE,SELL,CNC,LIMIT,DAY,114,456.1,0.0,2026-09-10 11:44:41,COMPLETE,114,456.1
ORD20003400,C100134,NTPC,NSE,BUY,MIS,LIMIT,DAY,139,350.45,0.0,2026-09-10 11:46:18,COMPLETE,139,350.45
ORD20001755,C100062,INFY,NSE,BUY,MIS,LIMIT,DAY,16,1637.75,0.0,2026-09-10 11:46:32,COMPLETE,16,1637.75
ORD20002452,C100091,BHARTIARTL,NSE,BUY,CNC,LIMIT,DAY,56,1355.3,0.0,2026-09-10 11:47:16,COMPLETE,56,1355.3
ORD20002385,C100191,HINDUNILVR,NSE,SELL,MIS,MARKET,DAY,6,0.0,0.0,2026-09-10 11:48:58,COMPLETE,6,2321.84
ORD20004663,C100069,HINDUNILVR,NSE,SELL,CNC,LIMIT,DAY,12,2460.2,0.0,2026-09-10 11:49:18,COMPLETE,12,2460.2
ORD20001456,C100145,HINDUNILVR,NSE,BUY,CNC,MARKET,DAY,1,0.0,0.0,2026-09-10 11:56:00,PARTIAL,1,2448.0
ORD20004247,C100158,BHARTIARTL,NSE,BUY,MIS,MARKET,DAY,5,0.0,0.0,2026-09-10 11:56:51,COMPLETE,5,1388.94
ORD20002961,C100010,INFY,NSE,SELL,MIS,LIMIT,DAY,85,1608.7,0.0,2026-09-10 11:58:23,COMPLETE,85,1608.7
ORD20004661,C100059,MARUTI,NSE,BUY,MIS,LIMIT,DAY,2,12347.35,0.0,2026-09-10 11:58:38,COMPLETE,2,12347.35
ORD20002362,C100154,HDFCBANK,NSE,SELL,CNC,LIMIT,DAY,16,1670.65,0.0,2026-09-10 11:58:43,COMPLETE,16,1670.65
ORD20002020,C100146,MARUTI,NSE,BUY,MIS,LIMIT,DAY,1,12299.0,0.0,2026-09-10 12:00:06,COMPLETE,1,12299.0
ORD20002458,C100131,HDFCBANK,NSE,BUY,MIS,LIMIT,DAY,3,1660.05,0.0,2026-09-10 12:00:14,REJECTED,0,0.0
ORD20002526,C100020,KOTAKBANK,NSE,BUY,MIS,MARKET,DAY,1,0.0,0.0,2026-09-10 12:02:17,CANCELLED,0,0.0
ORD20000000,C100101,MARUTI,NSE,SELL,MIS,LIMIT,DAY,1,11839.3,0.0,2026-09-10 12:05:40,COMPLETE,1,11839.3
ORD20002323,C100165,MARUTI,NSE,BUY,MIS,SL,DAY,1,12561.35,12498.55,2026-09-10 12:06:14,PARTIAL,1,12558.2
ORD20002997,C100157,TATAMOTORS,NSE,SELL,CNC,LIMIT,DAY,26,939.65,0.0,2026-09-10 12:07:02,COMPLETE,26,939.65
ORD20004326,C100005,HDFCBANK,NSE,SELL,MIS,MARKET,DAY,2,0.0,0.0,2026-09-10 12:09:58,COMPLETE,2,1648.35
ORD20001134,C100125,ITC,NSE,BUY,CNC,LIMIT,DAY,53,436.4,0.0,2026-09-10 12:10:32,CANCELLED,0,0.0
ORD20002895,C100077,MARUTI,NSE,SELL,MIS,LIMIT,DAY,1,11612.75,0.0,2026-09-10 12:10:34,COMPLETE,1,11612.75
ORD20004991,C100007,KOTAKBANK,NSE,SELL,MIS,MARKET,DAY,5,0.0,0.0,2026-09-10 12:13:28,COMPLETE,5,1659.3
ORD20002890,C100142,SBIN,BSE,SELL,CNC,MARKET,DAY,16,0.0,0.0,2026-09-10 12:13:57,PARTIAL,3,796.6
ORD20003474,C100154,SUNPHARMA,NSE,SELL,CNC,LIMIT,DAY,18,1631.65,0.0,2026-09-10 12:14:12,COMPLETE,18,1631.65
ORD20002291,C100160,HINDUNILVR,BSE,BUY,CNC,LIMIT,DAY,55,2540.85,0.0,2026-09-10 12:16:29,COMPLETE,55,2540.85
ORD20001758,C100136,ITC,NSE,BUY,CNC,LIMIT,DAY,107,450.45,0.0,2026-09-10 12:17:10,PARTIAL,75,450.45
ORD20001994,C100130,TATAMOTORS,NSE,BUY,CNC,LIMIT,DAY,16,961.45,0.0,2026-09-10 12:20:28,REJECTED,0,0.0
ORD20002055,C100104,SBIN,NSE,BUY,CNC,SL,DAY,39,806.1,802.05,2026-09-10 12:21:22,COMPLETE,39,806.25
ORD20000241,C100036,HINDUNILVR,NSE,BUY,MIS,MARKET,DAY,4,0.0,0.0,2026-09-10 12:23:04,COMPLETE,4,2495.19
ORD20000787,C100149,HINDUNILVR,NSE,BUY,CNC,MARKET,DAY,22,0.0,0.0,2026-09-10 12:24:10,COMPLETE,22,2405.51
ORD20001430,C100058,RELIANCE,NSE,BUY,MIS,LIMIT,DAY,50,2891.3,0.0,2026-09-10 12:25:27,COMPLETE,50,2891.3
ORD20003575,C100188,TATAMOTORS,NSE,SELL,MIS,LIMIT,DAY,14,921.8,0.0,2026-09-10 12:26:18,COMPLETE,14,921.8
ORD20002462,C100095,ONGC,NSE,SELL,MIS,MARKET,DAY,27,0.0,0.0,2026-09-10 12:26:53,CANCELLED,0,0.0
ORD20001987,C100137,RELIANCE,NSE,BUY,CNC,LIMIT,DAY,31,2986.8,0.0,2026-09-10 12:27:56,COMPLETE,31,2986.8
ORD20001409,C100088,AXISBANK,BSE,BUY,CNC,LIMIT,DAY,27,1156.9,0.0,2026-09-10 12:28:50,COMPLETE,27,1156.9
ORD20002894,C100090,ASIANPAINT,NSE,SELL,MIS,LIMIT,DAY,4,2910.35,0.0,2026-09-10 12:29:03,COMPLETE,4,2910.35
ORD20003845,C100067,NTPC,NSE,BUY,CNC,LIMIT,DAY,40,359.65,0.0,2026-09-10 12:33:26,COMPLETE,40,359.65
ORD20002700,C100012,TATAMOTORS,NSE,BUY,MIS,LIMIT,DAY,5,978.4,0.0,2026-09-10 12:34:14,COMPLETE,5,978.4
ORD20001198,C100115,HINDUNILVR,NSE,BUY,CNC,MARKET,DAY,41,0.0,0.0,2026-09-10 12:34:29,COMPLETE,41,2249.12
ORD20003408,C100035,ITC,NSE,SELL,MIS,LIMIT,DAY,28,480.2,0.0,2026-09-10 12:35:37,COMPLETE,28,480.2
ORD20001937,C100199,BHARTIARTL,NSE,BUY,CNC,SL,DAY,88,1349.4,1342.65,2026-09-10 12:36:53,PARTIAL,24,1351.15
ORD20003812,C100122,HINDUNILVR,NSE,BUY,CNC,LIMIT,DAY,2,2336.65,0.0,2026-09-10 12:37:19,COMPLETE,2,2336.65
ORD20003574,C100146,HDFCBANK,NSE,BUY,CNC,LIMIT,DAY,36,1597.85,0.0,2026-09-10 12:38:38,COMPLETE,36,1597.85
ORD20000867,C100104,ICICIBANK,NSE,SELL,CNC,MARKET,DAY,3,0.0,0.0,2026-09-10 12:39:50,PARTIAL,1,1213.9
ORD20002965,C100196,TATAMOTORS,NSE,BUY,MIS,LIMIT,DAY,136,975.6,0.0,2026-09-10 12:42:05,COMPLETE,136,975.6
ORD20001368,C100152,ITC,NSE,SELL,CNC,MARKET,DAY,57,0.0,0.0,2026-09-10 12:43:55,COMPLETE,57,449.25
ORD20001370,C100001,TCS,NSE,SELL,MIS,LIMIT,DAY,6,3964.65,0.0,2026-09-10 12:44:38,OPEN,0,0.0
ORD20004043,C100119,ICICIBANK,NSE,BUY,MIS,LIMIT,DAY,50,1219.0,0.0,2026-09-10 12:46:06,COMPLETE,50,1219.0
ORD20001677,C100156,KOTAKBANK,BSE,SELL,CNC,MARKET,DAY,11,0.0,0.0,2026-09-10 12:47:47,COMPLETE,11,1725.83
ORD20001481,C100136,AXISBANK,NSE,BUY,MIS,MARKET,DAY,83,0.0,0.0,2026-09-10 12:49:00,COMPLETE,83,1186.41
ORD20004497,C100160,ONGC,NSE,BUY,CNC,LIMIT,DAY,112,273.85,0.0,2026-09-10 12:49:30,COMPLETE,112,273.85
ORD20003191,C100017,BHARTIARTL,NSE,SELL,MIS,SL,DAY,10,1433.75,1440.95,2026-09-10 12:51:03,COMPLETE,10,1434.0
ORD20000131,C100018,HDFCBANK,NSE,BUY,MIS,LIMIT,DAY,34,1621.0,0.0,2026-09-10 12:52:18,REJECTED,0,0.0
ORD20001041,C100198,ICICIBANK,NSE,BUY,MIS,LIMIT,DAY,110,1181.8,0.0,2026-09-10 12:52:56,REJECTED,0,0.0
ORD20000977,C100093,KOTAKBANK,NSE,BUY,CNC,SL,DAY,60,1673.35,1665.0,2026-09-10 12:55:19,COMPLETE,60,1673.04
ORD20000679,C100164,INFY,NSE,BUY,CNC,LIMIT,DAY,90,1600.3,0.0,2026-09-10 12:55:22,COMPLETE,90,1600.3
ORD20003947,C100012,HINDUNILVR,NSE,BUY,CNC,LIMIT,DAY,30,2333.9,0.0,2026-09-10 12:56:09,COMPLETE,30,2333.9
ORD20003453,C100146,TITAN,NSE,SELL,MIS,LIMIT,DAY,11,3430.8,0.0,2026-09-10 12:57:03,OPEN,0,0.0
ORD20001739,C100091,INFY,NSE,BUY,MIS,MARKET,DAY,15,0.0,0.0,2026-09-10 12:58:18,COMPLETE,15,1632.05
ORD20001828,C100024,MARUTI,NSE,SELL,CNC,MARKET,DAY,1,0.0,0.0,2026-09-10 12:58:35,COMPLETE,1,12373.5
ORD20002424,C100065,BHARTIARTL,NSE,SELL,CNC,LIMIT,DAY,21,1410.5,0.0,2026-09-10 13:01:14,COMPLETE,21,1410.5
ORD20004072,C100105,TATAMOTORS,NSE,BUY,CNC,LIMIT,DAY,6,874.55,0.0,2026-09-10 13:01:41,COMPLETE,6,874.55
ORD20003623,C100024,ASIANPAINT,NSE,SELL,CNC,LIMIT,DAY,9,2889.35,0.0,2026-09-10 13:04:38,COMPLETE,9,2889.35
ORD20004719,C100048,HINDUNILVR,NSE,SELL,CNC,LIMIT,DAY,2,2505.55,0.0,2026-09-10 13:05:17,COMPLETE,2,2505.55
ORD20001315,C100104,MARUTI,NSE,BUY,CNC,MARKET,DAY,6,0.0,0.0,2026-09-10 13:06:15,COMPLETE,6,11502.6
ORD20002367,C100030,SBIN,NSE,BUY,MIS,LIMIT,DAY,14,864.8,0.0,2026-09-10 13:13:49,PARTIAL,10,864.8
ORD20004733,C100087,ITC,NSE,BUY,CNC,LIMIT,DAY,9,440.6,0.0,2026-09-10 13:14:32,CANCELLED,0,0.0
ORD20001506,C100085,NTPC,NSE,BUY,MIS,LIMIT,DAY,13,362.0,0.0,2026-09-10 13:16:01,CANCELLED,0,0.0
ORD20002592,C100049,MARUTI,NSE,BUY,MIS,SL,DAY,2,12294.9,12233.45,2026-09-10 13:17:32,OPEN,0,0.0
ORD20001468,C100182,ITC,NSE,SELL,MIS,SL,DAY,181,455.55,457.85,2026-09-10 13:18:35,COMPLETE,181,455.6
ORD20004485,C100183,KOTAKBANK,NSE,SELL,MIS,LIMIT,DAY,86,1710.75,0.0,2026-09-10 13:18:42,COMPLETE,86,1710.75
ORD20004881,C100186,ONGC,NSE,SELL,MIS,SL,DAY,54,262.75,264.1,2026-09-10 13:19:06,CANCELLED,0,0.0
ORD20004085,C100040,ITC,NSE,SELL,CNC,MARKET,DAY,114,0.0,0.0,2026-09-10 13:19:35,COMPLETE,114,454.0
ORD20004780,C100089,HDFCBANK,NSE,BUY,MIS,LIMIT,DAY,23,1579.2,0.0,2026-09-10 13:19:54,COMPLETE,23,1579.2
ORD20004575,C100037,SBIN,NSE,SELL,MIS,MARKET,DAY,25,0.0,0.0,2026-09-10 13:19:56,PARTIAL,17,837.25
ORD20000808,C100074,SBIN,NSE,SELL,MIS,SL,DAY,19,787.35,791.25,2026-09-10 13:21:00,COMPLETE,19,787.85
ORD20003524,C100058,HDFCBANK,BSE,SELL,MIS,LIMIT,DAY,64,1632.1,0.0,2026-09-10 13:21:45,COMPLETE,64,1632.1
ORD20002248,C100179,AXISBANK,NSE,BUY,CNC,MARKET,DAY,26,0.0,0.0,2026-09-10 13:25:20,COMPLETE,26,1162.65
ORD20001779,C100131,HINDUNILVR,NSE,BUY,CNC,LIMIT,DAY,6,2470.6,0.0,2026-09-10 13:26:27,REJECTED,0,0.0
ORD20002600,C100198,RELIANCE,NSE,BUY,MIS,LIMIT,DAY,1,2876.55,0.0,2026-09-10 13:28:26,COMPLETE,1,2876.55
ORD20000065,C100194,TATAMOTORS,NSE,BUY,MIS,LIMIT,DAY,28,931.35,0.0,2026-09-10 13:30:45,COMPLETE,28,931.35
ORD20002720,C100004,BHARTIARTL,NSE,BUY,MIS,MARKET,DAY,42,0.0,0.0,2026-09-10 13:36:11,PARTIAL,20,1433.28
ORD20000999,C100113,ITC,NSE,BUY,CNC,MARKET,DAY,7,0.0,0.0,2026-09-10 13:38:33,COMPLETE,7,443.96
ORD20003457,C100003,MARUTI,NSE,BUY,MIS,LIMIT,DAY,1,12369.75,0.0,2026-09-10 13:39:13,COMPLETE,1,12369.75
ORD20004153,C100011,ICICIBANK,NSE,BUY,MIS,LIMIT,DAY,29,1170.3,0.0,2026-09-10 13:39:24,COMPLETE,29,1170.3
ORD20003703,C100139,HINDUNILVR,NSE,BUY,CNC,SL,DAY,3,2156.8,2146.0,2026-09-10 13:40:54,CANCELLED,0,0.0
ORD20003422,C100005,KOTAKBANK,NSE,SELL,CNC,LIMIT,DAY,32,1703.35,0.0,2026-09-10 13:41:05,COMPLETE,32,1703.35
ORD20003859,C100118,ITC,NSE,SELL,MIS,MARKET,DAY,11,0.0,0.0,2026-09-10 13:41:40,CANCELLED,0,0.0
ORD20004723,C100136,ICICIBANK,NSE,SELL,MIS,LIMIT,DAY,2,1187.55,0.0,2026-09-10 13:41:51,REJECTED,0,0.0
ORD20001272,C100104,BHARTIARTL,NSE,BUY,CNC,MARKET,DAY,47,0.0,0.0,2026-09-10 13:42:08,COMPLETE,47,1442.1
ORD20002830,C100101,ITC,NSE,BUY,MIS,LIMIT,DAY,162,449.6,0.0,2026-09-10 13:43:16,COMPLETE,162,449.6
ORD20004260,C100158,ONGC,NSE,BUY,CNC,SL,DAY,66,267.65,266.35,2026-09-10 13:43:40,COMPLETE,66,267.7
ORD20001221,C100152,HDFCBANK,NSE,BUY,MIS,MARKET,DAY,3,0.0,0.0,2026-09-10 13:45:05,COMPLETE,3,1616.2
ORD20002368,C100192,AXISBANK,NSE,SELL,CNC,LIMIT,DAY,23,1149.35,0.0,2026-09-10 13:47:52,COMPLETE,23,1149.35
ORD20003275,C100175,NTPC,NSE,BUY,CNC,LIMIT,DAY,20,365.9,0.0,2026-09-10 13:48:52,CANCELLED,0,0.0
ORD20001870,C100141,TITAN,NSE,BUY,MIS,LIMIT,DAY,7,3471.4,0.0,2026-09-10 13:49:10,COMPLETE,7,3471.4
ORD20003844,C100168,ITC,NSE,BUY,MIS,LIMIT,DAY,27,446.45,0.0,2026-09-10 13:50:05,COMPLETE,27,446.45
ORD20003663,C100196,ONGC,NSE,SELL,CNC,SL,DAY,10,268.25,269.6,2026-09-10 13:52:14,COMPLETE,10,268.37
ORD20002712,C100188,HDFCBANK,NSE,SELL,MIS,MARKET,DAY,8,0.0,0.0,2026-09-10 13:53:15,COMPLETE,8,1686.78
ORD20000322,C100119,MARUTI,NSE,BUY,CNC,LIMIT,DAY,1,11937.4,0.0,2026-09-10 13:54:42,COMPLETE,1,11937.4
ORD20002741,C100049,HDFCBANK,NSE,SELL,MIS,MARKET,DAY,3,0.0,0.0,2026-09-10 13:55:43,COMPLETE,3,1550.7
ORD20002325,C100055,ITC,NSE,SELL,CNC,LIMIT,DAY,40,450.5,0.0,2026-09-10 13:55:59,COMPLETE,40,450.5
ORD20004937,C100113,HINDUNILVR,NSE,BUY,MIS,LIMIT,DAY,15,2343.9,0.0,2026-09-10 14:01:28,COMPLETE,15,2343.9
ORD20002891,C100107,RELIANCE,NSE,BUY,MIS,LIMIT,DAY,3,2850.5,0.0,2026-09-10 14:04:01,COMPLETE,3,2850.5
ORD20001855,C100173,TATAMOTORS,NSE,BUY,MIS,LIMIT,DAY,69,950.85,0.0,2026-09-10 14:07:20,REJECTED,0,0.0
ORD20004107,C100185,TATAMOTORS,NSE,SELL,CNC,MARKET,DAY,17,0.0,0.0,2026-09-10 14:08:44,COMPLETE,17,929.25
ORD20004100,C100048,NTPC,NSE,BUY,MIS,MARKET,DAY,234,0.0,0.0,2026-09-10 14:09:09,COMPLETE,234,351.46
ORD20002901,C100147,ASIANPAINT,NSE,SELL,CNC,LIMIT,DAY,12,2892.4,0.0,2026-09-10 14:11:04,COMPLETE,12,2892.4
ORD20000123,C100062,BHARTIARTL,NSE,SELL,CNC,LIMIT,DAY,15,1386.95,0.0,2026-09-10 14:16:31,PARTIAL,7,1386.95
ORD20000634,C100051,ITC,NSE,BUY,CNC,LIMIT,DAY,104,447.6,0.0,2026-09-10 14:16:48,COMPLETE,104,447.6
ORD20001910,C100123,ONGC,NSE,BUY,MIS,LIMIT,DAY,23,277.95,0.0,2026-09-10 14:16:52,COMPLETE,23,277.95
ORD20001204,C100027,HINDUNILVR,NSE,BUY,CNC,MARKET,DAY,8,0.0,0.0,2026-09-10 14:17:15,COMPLETE,8,2462.75
ORD20000656,C100108,SBIN,BSE,BUY,MIS,LIMIT,DAY,41,801.85,0.0,2026-09-10 14:18:41,COMPLETE,41,801.85
ORD20003777,C100087,SBIN,BSE,BUY,CNC,LIMIT,DAY,18,808.85,0.0,2026-09-10 14:20:01,COMPLETE,18,808.85
ORD20001006,C100080,BHARTIARTL,NSE,BUY,CNC,SL,DAY,49,1395.15,1388.15,2026-09-10 14:20:23,COMPLETE,49,1393.91
ORD20001101,C100110,TITAN,NSE,BUY,MIS,MARKET,DAY,1,0.0,0.0,2026-09-10 14:23:09,OPEN,0,0.0
ORD20001958,C100190,INFY,NSE,SELL,MIS,SL,DAY,17,1631.55,1639.7,2026-09-10 14:25:10,COMPLETE,17,1633.44
ORD20001553,C100021,INFY,NSE,SELL,CNC,LIMIT,DAY,40,1639.5,0.0,2026-09-10 14:26:03,COMPLETE,40,1639.5
ORD20002630,C100081,TITAN,NSE,BUY,CNC,MARKET,DAY,2,0.0,0.0,2026-09-10 14:26:33,CANCELLED,0,0.0
ORD20002369,C100182,ONGC,NSE,BUY,MIS,MARKET,DAY,279,0.0,0.0,2026-09-10 14:28:12,COMPLETE,279,268.29
ORD20002242,C100079,BHARTIARTL,NSE,SELL,CNC,SL,DAY,18,1370.25,1377.1,2026-09-10 14:28:22,COMPLETE,18,1369.95
ORD20000556,C100041,HDFCBANK,NSE,BUY,CNC,LIMIT,DAY,6,1670.85,0.0,2026-09-10 14:29:34,COMPLETE,6,1670.85
ORD20002539,C100163,SUNPHARMA,NSE,BUY,CNC,MARKET,DAY,7,0.0,0.0,2026-09-10 14:29:35,COMPLETE,7,1735.85
ORD20002119,C100158,HDFCBANK,NSE,SELL,MIS,LIMIT,DAY,17,1673.05,0.0,2026-09-10 14:34:33,COMPLETE,17,1673.05
ORD20004805,C100018,HINDUNILVR,NSE,SELL,CNC,LIMIT,DAY,10,2532.6,0.0,2026-09-10 14:37:34,PARTIAL,5,2532.6
ORD20000012,C100025,MARUTI,NSE,BUY,CNC,MARKET,DAY,1,0.0,0.0,2026-09-10 14:42:51,CANCELLED,0,0.0
ORD20003194,C100131,BHARTIARTL,NSE,SELL,MIS,LIMIT,DAY,92,1400.55,0.0,2026-09-10 14:46:36,COMPLETE,92,1400.55
ORD20004551,C100031,NTPC,NSE,SELL,MIS,LIMIT,DAY,94,361.2,0.0,2026-09-10 14:47:35,COMPLETE,94,361.2
ORD20000519,C100028,ITC,NSE,BUY,CNC,LIMIT,DAY,11,467.6,0.0,2026-09-10 14:48:22,COMPLETE,11,467.6
ORD20003853,C100190,KOTAKBANK,NSE,SELL,MIS,SL,DAY,18,1690.3,1698.75,2026-09-10 14:48:23,COMPLETE,18,1690.67
ORD20000938,C100066,HINDUNILVR,NSE,SELL,CNC,LIMIT,DAY,30,2367.8,0.0,2026-09-10 14:52:55,REJECTED,0,0.0
ORD20002811,C100037,ITC,NSE,BUY,CNC,MARKET,DAY,57,0.0,0.0,2026-09-10 14:53:35,COMPLETE,57,449.6
ORD20004434,C100085,INFY,NSE,BUY,CNC,LIMIT,DAY,2,1689.3,0.0,2026-09-10 14:54:07,COMPLETE,2,1689.3
ORD20003023,C100064,ICICIBANK,NSE,BUY,MIS,LIMIT,DAY,30,1212.0,0.0,2026-09-10 14:55:47,COMPLETE,30,1212.0
ORD20003767,C100161,TATAMOTORS,NSE,BUY,MIS,MARKET,DAY,37,0.0,0.0,2026-09-10 14:58:07,COMPLETE,37,949.26
ORD20000340,C100074,NTPC,NSE,SELL,MIS,MARKET,DAY,109,0.0,0.0,2026-09-10 14:58:12,CANCELLED,0,0.0
ORD20002453,C100130,RELIANCE,NSE,BUY,CNC,LIMIT,DAY,22,2786.9,0.0,2026-09-10 14:59:42,COMPLETE,22,2786.9
ORD20001345,C100082,ITC,NSE,SELL,MIS,LIMIT,DAY,96,469.05,0.0,2026-09-10 15:00:23,COMPLETE,96,469.05
ORD20004067,C100084,ICICIBANK,NSE,SELL,MIS,MARKET,DAY,7,0.0,0.0,2026-09-10 15:00:46,COMPLETE,7,1115.65
ORD20002692,C100034,ITC,NSE,BUY,MIS,LIMIT,DAY,122,461.85,0.0,2026-09-10 15:04:47,COMPLETE,122,461.85
ORD20002627,C100185,SBIN,NSE,BUY,MIS,LIMIT,DAY,163,816.5,0.0,2026-09-10 15:09:12,CANCELLED,0,0.0
ORD20001787,C100175,HINDUNILVR,NSE,BUY,CNC,LIMIT,DAY,2,2534.5,0.0,2026-09-10 15:09:57,COMPLETE,2,2534.5
ORD20000841,C100042,ONGC,NSE,SELL,MIS,LIMIT,DAY,9,264.45,0.0,2026-09-10 15:10:21,COMPLETE,9,264.45
ORD20001761,C100083,TATAMOTORS,NSE,BUY,CNC,LIMIT,DAY,5,950.75,0.0,2026-09-10 15:12:36,COMPLETE,5,950.75
ORD20000898,C100041,HINDUNILVR,NSE,SELL,MIS,LIMIT,DAY,3,2461.8,0.0,2026-09-10 15:12:55,COMPLETE,3,2461.8
ORD20003172,C100094,HINDUNILVR,NSE,SELL,MIS,LIMIT,DAY,8,2410.75,0.0,2026-09-10 15:14:15,COMPLETE,8,2410.75
ORD20004997,C100136,NTPC,NSE,SELL,MIS,LIMIT,DAY,71,339.2,0.0,2026-09-10 15:14:20,CANCELLED,0,0.0
ORD20004983,C100094,TATAMOTORS,NSE,SELL,MIS,LIMIT,DAY,141,931.1,0.0,2026-09-10 15:14:37,CANCELLED,0,0.0
ORD20003969,C100081,MARUTI,NSE,SELL,CNC,MARKET,DAY,11,0.0,0.0,2026-09-10 15:15:27,COMPLETE,11,12113.6
ORD20000624,C100004,HDFCBANK,NSE,BUY,MIS,MARKET,DAY,8,0.0,0.0,2026-09-10 15:16:07,COMPLETE,8,1637.3
ORD20004030,C100186,HINDUNILVR,NSE,BUY,CNC,LIMIT,DAY,38,2464.9,0.0,2026-09-10 15:16:07,COMPLETE,38,2464.9
ORD20002624,C100013,HINDUNILVR,NSE,SELL,CNC,LIMIT,DAY,26,2473.1,0.0,2026-09-10 15:16:16,COMPLETE,26,2473.1
ORD20000931,C100089,ITC,NSE,BUY,CNC,MARKET,DAY,265,0.0,0.0,2026-09-10 15:16:38,COMPLETE,265,426.95
ORD20001477,C100078,ICICIBANK,NSE,BUY,MIS,MARKET,DAY,43,0.0,0.0,2026-09-10 15:17:05,REJECTED,0,0.0
ORD20001555,C100048,ICICIBANK,NSE,BUY,CNC,LIMIT,DAY,21,1166.2,0.0,2026-09-10 15:19:19,COMPLETE,21,1166.2
ORD20001291,C100138,ITC,NSE,BUY,MIS,LIMIT,DAY,14,446.95,0.0,2026-09-10 15:21:27,COMPLETE,14,446.95
ORD20004493,C100155,NTPC,NSE,BUY,MIS,LIMIT,DAY,405,356.45,0.0,2026-09-11 09:17:14,COMPLETE,405,356.45
ORD20004127,C100162,AXISBANK,NSE,BUY,MIS,MARKET,DAY,55,0.0,0.0,2026-09-11 09:19:44,COMPLETE,55,1129.77
ORD20000582,C100147,MARUTI,NSE,BUY,MIS,MARKET,DAY,2,0.0,0.0,2026-09-11 09:19:57,COMPLETE,2,12114.6
ORD20004911,C100155,RELIANCE,NSE,BUY,MIS,LIMIT,DAY,4,2997.5,0.0,2026-09-11 09:21:08,REJECTED,0,0.0
ORD20002473,C100024,ITC,NSE,SELL,CNC,LIMIT,DAY,32,463.95,0.0,2026-09-11 09:23:20,OPEN,0,0.0
ORD20001630,C100150,TATAMOTORS,NSE,SELL,MIS,MARKET,DAY,15,0.0,0.0,2026-09-11 09:27:24,COMPLETE,15,955.03
ORD20004317,C100082,ICICIBANK,NSE,BUY,MIS,MARKET,DAY,21,0.0,0.0,2026-09-11 09:28:51,COMPLETE,21,1216.95
ORD20002964,C100194,ITC,NSE,SELL,MIS,LIMIT,DAY,14,459.8,0.0,2026-09-11 09:29:06,PARTIAL,9,459.8
ORD20001082,C100135,ITC,NSE,BUY,MIS,LIMIT,DAY,21,461.65,0.0,2026-09-11 09:30:49,COMPLETE,21,461.65
ORD20003957,C100002,HINDUNILVR,NSE,SELL,MIS,LIMIT,DAY,21,2354.45,0.0,2026-09-11 09:33:47,REJECTED,0,0.0
ORD20002078,C100019,ITC,NSE,BUY,MIS,LIMIT,DAY,192,445.05,0.0,2026-09-11 09:34:53,COMPLETE,192,445.05
ORD20003404,C100077,TATAMOTORS,NSE,BUY,MIS,MARKET,DAY,5,0.0,0.0,2026-09-11 09:36:08,COMPLETE,5,968.8
ORD20004496,C100089,INFY,NSE,SELL,CNC,MARKET,DAY,33,0.0,0.0,2026-09-11 09:39:26,COMPLETE,33,1619.79
ORD20000704,C100057,TITAN,NSE,BUY,MIS,MARKET,DAY,18,0.0,0.0,2026-09-11 09:40:04,COMPLETE,18,3185.8
ORD20001667,C100113,MARUTI,NSE,BUY,MIS,LIMIT,DAY,5,12245.75,0.0,2026-09-11 09:42:57,COMPLETE,5,12245.75
ORD20000810,C100185,BHARTIARTL,NSE,BUY,MIS,MARKET,DAY,24,0.0,0.0,2026-09-11 09:43:04,COMPLETE,24,1406.17
ORD20003336,C100051,TATAMOTORS,NSE,SELL,MIS,LIMIT,DAY,15,929.15,0.0,2026-09-11 09:44:24,REJECTED,0,0.0
ORD20004740,C100191,ITC,NSE,BUY,MIS,MARKET,DAY,68,0.0,0.0,2026-09-11 09:44:49,COMPLETE,68,465.85
ORD20000895,C100015,AXISBANK,NSE,BUY,CNC,MARKET,DAY,50,0.0,0.0,2026-09-11 09:49:07,COMPLETE,50,1208.44
ORD20002037,C100166,HINDUNILVR,NSE,SELL,MIS,LIMIT,DAY,8,2556.5,0.0,2026-09-11 09:50:27,COMPLETE,8,2556.5
ORD20000907,C100059,BHARTIARTL,NSE,SELL,CNC,MARKET,DAY,21,0.0,0.0,2026-09-11 09:51:29,COMPLETE,21,1415.92
ORD20002151,C100105,TATAMOTORS,NSE,SELL,CNC,LIMIT,DAY,49,942.4,0.0,2026-09-11 09:52:33,COMPLETE,49,942.4
ORD20001451,C100194,NTPC,NSE,BUY,MIS,LIMIT,DAY,38,358.3,0.0,2026-09-11 09:52:52,COMPLETE,38,358.3
ORD20004008,C100165,ITC,NSE,BUY,MIS,MARKET,DAY,33,0.0,0.0,2026-09-11 09:55:11,CANCELLED,0,0.0
ORD20003697,C100039,HINDUNILVR,NSE,SELL,CNC,MARKET,DAY,2,0.0,0.0,2026-09-11 10:01:14,COMPLETE,2,2387.75
ORD20004459,C100028,INFY,NSE,BUY,CNC,MARKET,DAY,22,0.0,0.0,2026-09-11 10:02:02,PARTIAL,13,1672.45
ORD20000342,C100022,TATAMOTORS,NSE,SELL,CNC,MARKET,DAY,71,0.0,0.0,2026-09-11 10:02:30,CANCELLED,0,0.0
ORD20002221,C100128,INFY,NSE,BUY,MIS,LIMIT,DAY,6,1585.95,0.0,2026-09-11 10:06:10,REJECTED,0,0.0
ORD20004879,C100167,ITC,NSE,SELL,CNC,MARKET,DAY,8,0.0,0.0,2026-09-11 10:07:42,COMPLETE,8,457.08
ORD20004846,C100085,AXISBANK,NSE,BUY,CNC,MARKET,DAY,38,0.0,0.0,2026-09-11 10:07:45,COMPLETE,38,1120.6
ORD20002355,C100043,HDFCBANK,NSE,BUY,CNC,MARKET,DAY,7,0.0,0.0,2026-09-11 10:07:59,COMPLETE,7,1688.91
ORD20004024,C100040,ASIANPAINT,NSE,BUY,CNC,LIMIT,DAY,7,2853.45,0.0,2026-09-11 10:10:52,COMPLETE,7,2853.45
ORD20001133,C100160,INFY,NSE,SELL,MIS,SL,DAY,19,1625.95,1634.1,2026-09-11 10:13:41,REJECTED,0,0.0
ORD20001571,C100065,HDFCBANK,NSE,SELL,CNC,LIMIT,DAY,20,1667.25,0.0,2026-09-11 10:14:09,COMPLETE,20,1667.25
ORD20000988,C100117,MARUTI,NSE,BUY,CNC,LIMIT,DAY,8,11463.7,0.0,2026-09-11 10:14:20,COMPLETE,8,11463.7
ORD20002546,C100027,TCS,NSE,SELL,CNC,LIMIT,DAY,7,3916.15,0.0,2026-09-11 10:16:50,COMPLETE,7,3916.15
ORD20002222,C100057,ICICIBANK,NSE,BUY,MIS,LIMIT,DAY,70,1235.45,0.0,2026-09-11 10:19:04,COMPLETE,70,1235.45
ORD20002879,C100020,INFY,NSE,SELL,MIS,MARKET,DAY,7,0.0,0.0,2026-09-11 10:22:17,COMPLETE,7,1623.11
ORD20002484,C100070,SBIN,NSE,SELL,CNC,MARKET,DAY,10,0.0,0.0,2026-09-11 10:24:57,COMPLETE,10,854.42
ORD20001038,C100150,HDFCBANK,NSE,BUY,MIS,LIMIT,DAY,23,1673.0,0.0,2026-09-11 10:25:14,COMPLETE,23,1673.0
ORD20003018,C100055,HINDUNILVR,BSE,SELL,CNC,SL,DAY,2,2403.3,2415.3,2026-09-11 10:25:20,COMPLETE,2,2404.72
ORD20001431,C100094,SBIN,NSE,SELL,MIS,LIMIT,DAY,74,800.7,0.0,2026-09-11 10:27:39,COMPLETE,74,800.7
ORD20002633,C100021,AXISBANK,NSE,SELL,MIS,LIMIT,DAY,23,1216.6,0.0,2026-09-11 10:27:54,COMPLETE,23,1216.6
ORD20001577,C100040,ICICIBANK,NSE,BUY,CNC,LIMIT,DAY,25,1196.8,0.0,2026-09-11 10:31:33,COMPLETE,25,1196.8
ORD20004568,C100155,NTPC,NSE,SELL,CNC,LIMIT,DAY,18,369.25,0.0,2026-09-11 10:32:24,COMPLETE,18,369.25
ORD20003851,C100152,HINDUNILVR,NSE,SELL,MIS,SL,DAY,51,2443.75,2455.95,2026-09-11 10:32:40,CANCELLED,0,0.0
ORD20001950,C100020,BHARTIARTL,NSE,SELL,CNC,LIMIT,DAY,24,1396.05,0.0,2026-09-11 10:32:42,REJECTED,0,0.0
ORD20000391,C100149,RELIANCE,NSE,BUY,CNC,LIMIT,DAY,2,2760.2,0.0,2026-09-11 10:32:44,COMPLETE,2,2760.2
ORD20003231,C100002,ITC,NSE,BUY,CNC,LIMIT,DAY,28,451.25,0.0,2026-09-11 10:33:23,COMPLETE,28,451.25
ORD20003376,C100093,HINDUNILVR,BSE,BUY,MIS,LIMIT,DAY,6,2332.85,0.0,2026-09-11 10:37:52,COMPLETE,6,2332.85
ORD20000164,C100055,ITC,NSE,SELL,CNC,MARKET,DAY,14,0.0,0.0,2026-09-11 10:38:13,COMPLETE,14,458.03
ORD20003677,C100187,ASIANPAINT,NSE,SELL,MIS,LIMIT,DAY,12,2831.65,0.0,2026-09-11 10:40:53,COMPLETE,12,2831.65
ORD20004935,C100159,RELIANCE,NSE,BUY,CNC,LIMIT,DAY,5,2931.95,0.0,2026-09-11 10:42:09,COMPLETE,5,2931.95
ORD20001413,C100029,TATAMOTORS,NSE,BUY,MIS,MARKET,DAY,32,0.0,0.0,2026-09-11 10:43:24,COMPLETE,32,931.69
ORD20002225,C100124,HINDUNILVR,NSE,SELL,MIS,LIMIT,DAY,29,2488.6,0.0,2026-09-11 10:44:07,COMPLETE,29,2488.6
ORD20003762,C100057,TATAMOTORS,NSE,BUY,MIS,LIMIT,DAY,27,948.4,0.0,2026-09-11 10:46:34,COMPLETE,27,948.4
ORD20004988,C100142,AXISBANK,NSE,SELL,MIS,SL,DAY,7,1171.1,1176.95,2026-09-11 10:46:41,COMPLETE,7,1171.9
ORD20001352,C100137,TATAMOTORS,NSE,SELL,MIS,LIMIT,DAY,84,977.75,0.0,2026-09-11 10:48:25,REJECTED,0,0.0
ORD20001752,C100130,KOTAKBANK,NSE,SELL,MIS,MARKET,DAY,15,0.0,0.0,2026-09-11 10:49:38,COMPLETE,15,1693.95
ORD20002156,C100152,SBIN,NSE,SELL,CNC,LIMIT,DAY,17,806.0,0.0,2026-09-11 10:50:49,COMPLETE,17,806.0
ORD20003657,C100197,ASIANPAINT,NSE,BUY,MIS,LIMIT,DAY,24,2899.6,0.0,2026-09-11 10:52:03,CANCELLED,0,0.0
ORD20001357,C100130,ITC,NSE,SELL,CNC,MARKET,DAY,9,0.0,0.0,2026-09-11 10:52:17,COMPLETE,9,467.43
ORD20002224,C100159,ITC,NSE,BUY,MIS,LIMIT,DAY,266,422.5,0.0,2026-09-11 10:53:37,COMPLETE,266,422.5
ORD20001531,C100198,MARUTI,NSE,BUY,MIS,MARKET,DAY,1,0.0,0.0,2026-09-11 10:53:50,COMPLETE,1,11644.25
ORD20002682,C100017,ICICIBANK,NSE,BUY,CNC,MARKET,DAY,11,0.0,0.0,2026-09-11 10:54:01,COMPLETE,11,1149.95
ORD20002422,C100151,ITC,NSE,SELL,MIS,LIMIT,DAY,16,447.7,0.0,2026-09-11 10:54:25,COMPLETE,16,447.7
ORD20002962,C100175,TATAMOTORS,NSE,BUY,MIS,LIMIT,DAY,10,942.65,0.0,2026-09-11 10:55:48,COMPLETE,10,942.65
ORD20004683,C100097,RELIANCE,NSE,BUY,MIS,LIMIT,DAY,20,2899.9,0.0,2026-09-11 10:56:38,PARTIAL,8,2899.9
ORD20000454,C100093,ITC,NSE,BUY,MIS,LIMIT,DAY,23,443.35,0.0,2026-09-11 11:01:15,COMPLETE,23,443.35
ORD20000271,C100198,ITC,NSE,BUY,MIS,MARKET,DAY,63,0.0,0.0,2026-09-11 11:01:18,CANCELLED,0,0.0
ORD20003793,C100071,ASIANPAINT,NSE,SELL,MIS,SL,DAY,9,3105.45,3121.0,2026-09-11 11:05:25,COMPLETE,9,3104.69
ORD20003295,C100122,HINDUNILVR,NSE,BUY,MIS,MARKET,DAY,24,0.0,0.0,2026-09-11 11:05:37,COMPLETE,24,2347.64
ORD20003920,C100089,HINDUNILVR,NSE,SELL,CNC,LIMIT,DAY,1,2362.8,0.0,2026-09-11 11:05:50,COMPLETE,1,2362.8
ORD20001600,C100024,RELIANCE,BSE,SELL,MIS,LIMIT,DAY,4,2828.55,0.0,2026-09-11 11:06:03,COMPLETE,4,2828.55
ORD20000719,C100196,HINDUNILVR,NSE,SELL,CNC,MARKET,DAY,2,0.0,0.0,2026-09-11 11:06:49,COMPLETE,2,2442.7
ORD20002021,C100046,ONGC,NSE,SELL,MIS,LIMIT,DAY,53,276.85,0.0,2026-09-11 11:07:53,COMPLETE,53,276.85
ORD20004029,C100112,AXISBANK,NSE,SELL,MIS,LIMIT,DAY,57,1106.7,0.0,2026-09-11 11:09:38,REJECTED,0,0.0
ORD20002431,C100052,ASIANPAINT,NSE,SELL,MIS,SL,DAY,44,2944.05,2958.8,2026-09-11 11:10:37,COMPLETE,44,2946.2
ORD20004857,C100187,BHARTIARTL,NSE,BUY,MIS,MARKET,DAY,25,0.0,0.0,2026-09-11 11:11:56,CANCELLED,0,0.0
ORD20003341,C100152,ICICIBANK,NSE,BUY,MIS,SL,DAY,29,1173.55,1167.7,2026-09-11 11:11:59,COMPLETE,29,1173.08
ORD20002823,C100016,NTPC,NSE,BUY,MIS,LIMIT,DAY,335,353.75,0.0,2026-09-11 11:12:29,CANCELLED,0,0.0
ORD20003783,C100019,AXISBANK,NSE,SELL,MIS,LIMIT,DAY,100,1158.6,0.0,2026-09-11 11:16:05,CANCELLED,0,0.0
ORD20002745,C100172,TCS,NSE,SELL,MIS,MARKET,DAY,1,0.0,0.0,2026-09-11 11:16:46,COMPLETE,1,3897.7
ORD20001967,C100197,ONGC,BSE,BUY,MIS,LIMIT,DAY,9,283.15,0.0,2026-09-11 11:17:22,COMPLETE,9,283.15
ORD20004351,C100034,TATAMOTORS,NSE,BUY,MIS,LIMIT,DAY,59,937.25,0.0,2026-09-11 11:17:47,COMPLETE,59,937.25
ORD20001786,C100080,AXISBANK,NSE,SELL,CNC,MARKET,DAY,24,0.0,0.0,2026-09-11 11:17:49,COMPLETE,24,1157.03
ORD20000501,C100189,HINDUNILVR,NSE,BUY,CNC,SL,DAY,9,2386.25,2374.3,2026-09-11 11:19:53,REJECTED,0,0.0
ORD20003518,C100044,ITC,NSE,SELL,MIS,LIMIT,DAY,11,438.1,0.0,2026-09-11 11:20:59,COMPLETE,11,438.1
ORD20004978,C100084,INFY,BSE,BUY,MIS,LIMIT,DAY,8,1680.35,0.0,2026-09-11 11:21:30,CANCELLED,0,0.0
ORD20001912,C100179,BHARTIARTL,NSE,BUY,CNC,LIMIT,DAY,4,1453.7,0.0,2026-09-11 11:22:21,COMPLETE,4,1453.7
ORD20002708,C100160,SBIN,NSE,BUY,MIS,LIMIT,DAY,109,823.1,0.0,2026-09-11 11:27:51,PARTIAL,69,823.1
ORD20000804,C100088,TATAMOTORS,NSE,BUY,CNC,MARKET,DAY,3,0.0,0.0,2026-09-11 11:28:20,PARTIAL,1,1004.7
ORD20004791,C100144,MARUTI,NSE,BUY,MIS,LIMIT,DAY,4,12572.1,0.0,2026-09-11 11:28:53,OPEN,0,0.0
ORD20003539,C100051,INFY,NSE,BUY,MIS,LIMIT,DAY,7,1627.95,0.0,2026-09-11 11:30:12,OPEN,0,0.0
ORD20002364,C100058,INFY,NSE,SELL,MIS,LIMIT,DAY,79,1662.95,0.0,2026-09-11 11:30:38,CANCELLED,0,0.0
ORD20002966,C100185,ITC,NSE,SELL,MIS,LIMIT,DAY,171,451.75,0.0,2026-09-11 11:30:45,CANCELLED,0,0.0
ORD20000873,C100069,HDFCBANK,NSE,BUY,MIS,LIMIT,DAY,49,1644.8,0.0,2026-09-11 11:30:49,CANCELLED,0,0.0
ORD20001085,C100066,ITC,NSE,SELL,MIS,LIMIT,DAY,141,453.6,0.0,2026-09-11 11:32:01,COMPLETE,141,453.6
ORD20001579,C100151,ITC,NSE,BUY,MIS,LIMIT,DAY,56,445.05,0.0,2026-09-11 11:32:34,COMPLETE,56,445.05
ORD20001725,C100064,HDFCBANK,NSE,SELL,MIS,MARKET,DAY,2,0.0,0.0,2026-09-11 11:33:56,COMPLETE,2,1588.1
ORD20002226,C100189,HINDUNILVR,NSE,BUY,MIS,MARKET,DAY,25,0.0,0.0,2026-09-11 11:34:25,COMPLETE,25,2396.7
ORD20004713,C100004,HDFCBANK,NSE,SELL,CNC,LIMIT,DAY,3,1609.45,0.0,2026-09-11 11:34:43,COMPLETE,3,1609.45
ORD20004604,C100087,ITC,BSE,BUY,MIS,MARKET,DAY,70,0.0,0.0,2026-09-11 11:35:02,COMPLETE,70,433.2
ORD20003996,C100037,ONGC,NSE,BUY,MIS,LIMIT,DAY,14,263.15,0.0,2026-09-11 11:36:57,COMPLETE,14,263.15
ORD20001545,C100002,HDFCBANK,NSE,BUY,MIS,LIMIT,DAY,4,1700.5,0.0,2026-09-11 11:38:38,COMPLETE,4,1700.5
ORD20003366,C100082,HDFCBANK,NSE,SELL,MIS,LIMIT,DAY,40,1731.0,0.0,2026-09-11 11:38:43,COMPLETE,40,1731.0
ORD20001388,C100166,RELIANCE,NSE,SELL,MIS,SL,DAY,23,2991.75,3006.7,2026-09-11 11:39:44,COMPLETE,23,2989.34
ORD20003206,C100148,ITC,NSE,BUY,CNC,SL,DAY,190,445.05,442.85,2026-09-11 11:42:11,COMPLETE,190,444.95
ORD20000773,C100006,HINDUNILVR,NSE,BUY,MIS,LIMIT,DAY,2,2353.3,0.0,2026-09-11 11:43:07,COMPLETE,2,2353.3
ORD20004605,C100010,NTPC,NSE,BUY,MIS,MARKET,DAY,89,0.0,0.0,2026-09-11 11:44:40,COMPLETE,89,352.25
ORD20004188,C100198,MARUTI,NSE,BUY,CNC,LIMIT,DAY,1,12019.55,0.0,2026-09-11 11:47:28,COMPLETE,1,12019.55
ORD20000608,C100047,SBIN,BSE,SELL,CNC,SL,DAY,14,757.65,761.45,2026-09-11 11:48:01,COMPLETE,14,757.79
ORD20003582,C100138,ONGC,NSE,SELL,CNC,MARKET,DAY,19,0.0,0.0,2026-09-11 11:53:15,COMPLETE,19,279.68
ORD20004590,C100014,TATAMOTORS,NSE,SELL,CNC,LIMIT,DAY,5,937.7,0.0,2026-09-11 11:54:21,COMPLETE,5,937.7
ORD20003437,C100119,ONGC,NSE,BUY,CNC,LIMIT,DAY,118,256.65,0.0,2026-09-11 11:56:18,COMPLETE,118,256.65
ORD20003616,C100067,BHARTIARTL,NSE,SELL,MIS,LIMIT,DAY,5,1360.35,0.0,2026-09-11 11:58:35,COMPLETE,5,1360.35
ORD20003929,C100012,BHARTIARTL,NSE,BUY,MIS,MARKET,DAY,20,0.0,0.0,2026-09-11 11:59:27,COMPLETE,20,1411.19
ORD20004048,C100117,ITC,NSE,BUY,MIS,LIMIT,DAY,38,452.3,0.0,2026-09-11 12:01:24,COMPLETE,38,452.3
ORD20001563,C100038,ONGC,NSE,SELL,CNC,LIMIT,DAY,28,267.85,0.0,2026-09-11 12:03:13,COMPLETE,28,267.85
ORD20003785,C100032,TATAMOTORS,NSE,SELL,MIS,LIMIT,DAY,35,949.15,0.0,2026-09-11 12:03:41,COMPLETE,35,949.15
ORD20002306,C100129,TATAMOTORS,NSE,BUY,CNC,LIMIT,DAY,18,953.0,0.0,2026-09-11 12:04:25,COMPLETE,18,953.0
ORD20000735,C100056,BHARTIARTL,NSE,BUY,CNC,LIMIT,DAY,61,1337.4,0.0,2026-09-11 12:04:26,COMPLETE,61,1337.4
ORD20000099,C100167,HDFCBANK,NSE,BUY,MIS,LIMIT,DAY,6,1658.65,0.0,2026-09-11 12:05:23,COMPLETE,6,1658.65
ORD20002883,C100070,INFY,NSE,BUY,MIS,LIMIT,DAY,20,1618.35,0.0,2026-09-11 12:06:21,COMPLETE,20,1618.35
ORD20003200,C100026,BHARTIARTL,BSE,BUY,MIS,LIMIT,DAY,9,1420.9,0.0,2026-09-11 12:08:16,REJECTED,0,0.0
ORD20001023,C100151,BHARTIARTL,NSE,BUY,MIS,LIMIT,DAY,10,1332.8,0.0,2026-09-11 12:12:15,PARTIAL,7,1332.8
ORD20001607,C100185,ITC,NSE,BUY,MIS,LIMIT,DAY,155,435.6,0.0,2026-09-11 12:12:42,COMPLETE,155,435.6
ORD20001338,C100108,MARUTI,NSE,BUY,MIS,LIMIT,DAY,6,11417.9,0.0,2026-09-11 12:15:17,COMPLETE,6,11417.9
ORD20000548,C100135,HDFCBANK,NSE,SELL,MIS,MARKET,DAY,34,0.0,0.0,2026-09-11 12:20:07,COMPLETE,34,1686.2
ORD20000694,C100171,NTPC,NSE,BUY,CNC,LIMIT,DAY,36,382.5,0.0,2026-09-11 12:24:28,COMPLETE,36,382.5
ORD20002656,C100060,ICICIBANK,NSE,SELL,CNC,LIMIT,DAY,4,1266.2,0.0,2026-09-11 12:24:52,COMPLETE,4,1266.2
ORD20003108,C100078,MARUTI,NSE,SELL,MIS,SL,DAY,2,12445.4,12507.65,2026-09-11 12:25:01,COMPLETE,2,12454.03
ORD20002140,C100099,RELIANCE,NSE,SELL,CNC,LIMIT,DAY,25,2937.0,0.0,2026-09-11 12:27:03,CANCELLED,0,0.0
ORD20003186,C100157,MARUTI,NSE,SELL,CNC,LIMIT,DAY,2,11743.25,0.0,2026-09-11 12:27:37,COMPLETE,2,11743.25
ORD20003944,C100087,NTPC,NSE,BUY,MIS,LIMIT,DAY,143,364.4,0.0,2026-09-11 12:28:46,COMPLETE,143,364.4
ORD20002923,C100119,MARUTI,NSE,SELL,MIS,LIMIT,DAY,8,12051.4,0.0,2026-09-11 12:29:21,CANCELLED,0,0.0
ORD20002826,C100081,HDFCBANK,NSE,BUY,MIS,MARKET,DAY,6,0.0,0.0,2026-09-11 12:33:13,COMPLETE,6,1598.89
ORD20001030,C100145,NTPC,NSE,SELL,CNC,LIMIT,DAY,381,365.65,0.0,2026-09-11 12:41:41,REJECTED,0,0.0
ORD20000632,C100126,ITC,NSE,BUY,MIS,LIMIT,DAY,32,435.95,0.0,2026-09-11 12:44:07,COMPLETE,32,435.95
ORD20001071,C100064,TATAMOTORS,NSE,BUY,CNC,LIMIT,DAY,7,938.4,0.0,2026-09-11 12:45:37,COMPLETE,7,938.4
ORD20001447,C100186,MARUTI,NSE,BUY,MIS,LIMIT,DAY,1,12206.95,0.0,2026-09-11 12:46:08,COMPLETE,1,12206.95
ORD20000697,C100157,ICICIBANK,NSE,SELL,MIS,LIMIT,DAY,4,1210.4,0.0,2026-09-11 12:50:14,COMPLETE,4,1210.4
ORD20001296,C100090,HINDUNILVR,NSE,SELL,MIS,LIMIT,DAY,8,2392.3,0.0,2026-09-11 12:51:10,COMPLETE,8,2392.3
ORD20003628,C100009,HDFCBANK,NSE,SELL,MIS,MARKET,DAY,23,0.0,0.0,2026-09-11 12:52:20,OPEN,0,0.0
ORD20004757,C100127,INFY,NSE,BUY,MIS,LIMIT,DAY,3,1631.4,0.0,2026-09-11 12:58:09,COMPLETE,3,1631.4
ORD20001793,C100073,NTPC,NSE,SELL,CNC,LIMIT,DAY,248,352.25,0.0,2026-09-11 12:58:27,COMPLETE,248,352.25
ORD20003210,C100107,ICICIBANK,NSE,SELL,MIS,MARKET,DAY,77,0.0,0.0,2026-09-11 13:00:03,COMPLETE,77,1200.9
ORD20004289,C100135,TATAMOTORS,NSE,BUY,CNC,MARKET,DAY,11,0.0,0.0,2026-09-11 13:01:34,CANCELLED,0,0.0
ORD20003496,C100078,BHARTIARTL,NSE,SELL,MIS,LIMIT,DAY,108,1365.65,0.0,2026-09-11 13:01:46,COMPLETE,108,1365.65
ORD20003305,C100112,RELIANCE,NSE,BUY,MIS,LIMIT,DAY,5,2813.1,0.0,2026-09-11 13:02:00,COMPLETE,5,2813.1
ORD20004594,C100100,INFY,NSE,BUY,MIS,SL,DAY,8,1685.35,1676.95,2026-09-11 13:02:50,COMPLETE,8,1684.72
ORD20000094,C100077,ICICIBANK,NSE,SELL,MIS,LIMIT,DAY,43,1177.3,0.0,2026-09-11 13:03:57,COMPLETE,43,1177.3
ORD20000949,C100152,ASIANPAINT,NSE,SELL,CNC,LIMIT,DAY,4,2921.8,0.0,2026-09-11 13:04:38,COMPLETE,4,2921.8
ORD20001932,C100058,HINDUNILVR,NSE,BUY,CNC,LIMIT,DAY,52,2525.4,0.0,2026-09-11 13:04:51,COMPLETE,52,2525.4
ORD20002935,C100033,KOTAKBANK,NSE,BUY,MIS,MARKET,DAY,28,0.0,0.0,2026-09-11 13:07:35,COMPLETE,28,1744.56
ORD20001177,C100128,ITC,NSE,BUY,CNC,LIMIT,DAY,199,451.05,0.0,2026-09-11 13:09:39,COMPLETE,199,451.05
ORD20004763,C100086,INFY,NSE,BUY,MIS,LIMIT,DAY,31,1638.95,0.0,2026-09-11 13:12:44,CANCELLED,0,0.0
ORD20000680,C100032,RELIANCE,NSE,BUY,MIS,LIMIT,DAY,4,2791.8,0.0,2026-09-11 13:16:57,COMPLETE,4,2791.8
ORD20001536,C100022,HINDUNILVR,NSE,BUY,MIS,LIMIT,DAY,23,2390.55,0.0,2026-09-11 13:17:11,REJECTED,0,0.0
ORD20000906,C100022,SBIN,NSE,SELL,MIS,LIMIT,DAY,78,818.15,0.0,2026-09-11 13:21:03,COMPLETE,78,818.15
ORD20000647,C100170,ITC,NSE,BUY,CNC,MARKET,DAY,16,0.0,0.0,2026-09-11 13:21:07,COMPLETE,16,450.54
ORD20002957,C100057,HDFCBANK,NSE,BUY,MIS,SL,DAY,7,1720.35,1711.75,2026-09-11 13:22:30,COMPLETE,7,1720.3
ORD20004223,C100007,HDFCBANK,NSE,SELL,CNC,LIMIT,DAY,5,1697.9,0.0,2026-09-11 13:25:03,COMPLETE,5,1697.9
ORD20003338,C100063,HINDUNILVR,NSE,SELL,CNC,MARKET,DAY,52,0.0,0.0,2026-09-11 13:25:50,COMPLETE,52,2447.5
ORD20001749,C100022,RELIANCE,NSE,BUY,MIS,LIMIT,DAY,1,2932.6,0.0,2026-09-11 13:28:28,COMPLETE,1,2932.6
ORD20000254,C100180,MARUTI,NSE,SELL,MIS,LIMIT,DAY,1,11562.95,0.0,2026-09-11 13:29:25,COMPLETE,1,11562.95
ORD20001847,C100025,TATAMOTORS,BSE,SELL,MIS,SL,DAY,57,904.1,908.65,2026-09-11 13:30:21,OPEN,0,0.0
ORD20000670,C100195,TATAMOTORS,NSE,SELL,MIS,LIMIT,DAY,14,973.7,0.0,2026-09-11 13:30:49,COMPLETE,14,973.7
ORD20003065,C100023,RELIANCE,NSE,SELL,MIS,MARKET,DAY,10,0.0,0.0,2026-09-11 13:31:53,CANCELLED,0,0.0
ORD20000188,C100163,ITC,NSE,BUY,CNC,LIMIT,DAY,111,485.85,0.0,2026-09-11 13:32:29,COMPLETE,111,485.85
ORD20000770,C100163,NTPC,NSE,BUY,MIS,MARKET,DAY,178,0.0,0.0,2026-09-11 13:32:54,COMPLETE,178,368.75
ORD20001710,C100101,ICICIBANK,BSE,SELL,MIS,LIMIT,DAY,57,1228.45,0.0,2026-09-11 13:35:57,COMPLETE,57,1228.45
ORD20003443,C100176,TATAMOTORS,NSE,BUY,MIS,LIMIT,DAY,14,955.85,0.0,2026-09-11 13:36:42,COMPLETE,14,955.85
ORD20003806,C100176,HINDUNILVR,NSE,BUY,MIS,SL,DAY,27,2475.9,2463.55,2026-09-11 13:39:33,COMPLETE,27,2474.19
ORD20003465,C100173,RELIANCE,NSE,SELL,CNC,MARKET,DAY,10,0.0,0.0,2026-09-11 13:40:00,COMPLETE,10,2833.3
ORD20002866,C100120,MARUTI,NSE,SELL,MIS,SL,DAY,2,12530.65,12593.3,2026-09-11 13:43:23,CANCELLED,0,0.0
ORD20001231,C100015,ITC,NSE,SELL,MIS,LIMIT,DAY,30,464.4,0.0,2026-09-11 13:44:08,COMPLETE,30,464.4
ORD20000761,C100142,MARUTI,NSE,SELL,MIS,LIMIT,DAY,1,11724.85,0.0,2026-09-11 13:45:44,COMPLETE,1,11724.85
ORD20000360,C100037,BHARTIARTL,NSE,SELL,MIS,LIMIT,DAY,3,1428.8,0.0,2026-09-11 13:48:40,COMPLETE,3,1428.8
ORD20004321,C100000,HINDUNILVR,NSE,SELL,CNC,SL,DAY,4,2512.15,2524.7,2026-09-11 13:52:26,COMPLETE,4,2515.3
ORD20000062,C100044,ICICIBANK,BSE,BUY,MIS,SL,DAY,121,1212.4,1206.3,2026-09-11 13:54:04,COMPLETE,121,1212.0
ORD20001635,C100008,ITC,NSE,SELL,CNC,MARKET,DAY,159,0.0,0.0,2026-09-11 13:54:31,COMPLETE,159,460.01
ORD20002782,C100006,ASIANPAINT,NSE,BUY,CNC,MARKET,DAY,10,0.0,0.0,2026-09-11 13:55:11,COMPLETE,10,2952.7
ORD20001042,C100021,SBIN,NSE,SELL,MIS,LIMIT,DAY,4,816.15,0.0,2026-09-11 13:55:16,COMPLETE,4,816.15
ORD20002106,C100039,ICICIBANK,NSE,BUY,MIS,MARKET,DAY,33,0.0,0.0,2026-09-11 13:56:38,COMPLETE,33,1147.8
ORD20000713,C100192,ONGC,NSE,SELL,MIS,LIMIT,DAY,28,253.5,0.0,2026-09-11 13:58:38,COMPLETE,28,253.5
ORD20003809,C100069,HINDUNILVR,NSE,SELL,MIS,LIMIT,DAY,6,2456.1,0.0,2026-09-11 14:03:17,CANCELLED,0,0.0
ORD20003949,C100147,ITC,NSE,BUY,CNC,LIMIT,DAY,303,444.3,0.0,2026-09-11 14:04:02,COMPLETE,303,444.3
ORD20004636,C100044,HINDUNILVR,NSE,SELL,MIS,LIMIT,DAY,1,2430.35,0.0,2026-09-11 14:05:23,COMPLETE,1,2430.35
ORD20000521,C100135,TITAN,NSE,SELL,MIS,MARKET,DAY,23,0.0,0.0,2026-09-11 14:06:53,COMPLETE,23,3378.4
ORD20002311,C100042,HINDUNILVR,NSE,BUY,MIS,LIMIT,DAY,9,2566.5,0.0,2026-09-11 14:07:59,COMPLETE,9,2566.5
ORD20000503,C100080,TATAMOTORS,NSE,BUY,MIS,LIMIT,DAY,10,980.9,0.0,2026-09-11 14:09:01,COMPLETE,10,980.9
ORD20003417,C100177,AXISBANK,NSE,SELL,MIS,SL,DAY,25,1137.95,1143.65,2026-09-11 14:11:43,COMPLETE,25,1137.94
ORD20001602,C100142,TCS,NSE,SELL,MIS,LIMIT,DAY,8,3838.5,0.0,2026-09-11 14:11:52,CANCELLED,0,0.0
ORD20002657,C100122,LT,NSE,BUY,MIS,LIMIT,DAY,1,3591.45,0.0,2026-09-11 14:12:36,OPEN,0,0.0
ORD20004079,C100173,INFY,BSE,SELL,MIS,LIMIT,DAY,3,1560.3,0.0,2026-09-11 14:12:40,COMPLETE,3,1560.3
ORD20000204,C100029,HINDUNILVR,NSE,SELL,MIS,SL,DAY,42,2427.85,2440.0,2026-09-11 14:13:30,COMPLETE,42,2428.11
ORD20001954,C100123,ITC,NSE,BUY,CNC,LIMIT,DAY,195,429.35,0.0,2026-09-11 14:18:29,REJECTED,0,0.0
ORD20004068,C100122,TITAN,NSE,SELL,MIS,LIMIT,DAY,18,3258.2,0.0,2026-09-11 14:19:56,REJECTED,0,0.0
ORD20001867,C100007,MARUTI,NSE,BUY,CNC,LIMIT,DAY,3,12348.8,0.0,2026-09-11 14:22:54,COMPLETE,3,12348.8
ORD20004000,C100074,AXISBANK,BSE,SELL,CNC,LIMIT,DAY,30,1093.2,0.0,2026-09-11 14:25:47,CANCELLED,0,0.0
ORD20004710,C100118,RELIANCE,NSE,BUY,MIS,LIMIT,DAY,20,2922.4,0.0,2026-09-11 14:27:00,COMPLETE,20,2922.4
ORD20004115,C100129,HINDUNILVR,NSE,SELL,MIS,MARKET,DAY,15,0.0,0.0,2026-09-11 14:28:37,COMPLETE,15,2306.26
ORD20001372,C100169,INFY,NSE,BUY,CNC,MARKET,DAY,16,0.0,0.0,2026-09-11 14:29:30,CANCELLED,0,0.0
ORD20000518,C100153,HINDUNILVR,NSE,BUY,CNC,LIMIT,DAY,14,2546.85,0.0,2026-09-11 14:29:54,COMPLETE,14,2546.85
ORD20003015,C100075,ICICIBANK,NSE,SELL,MIS,MARKET,DAY,7,0.0,0.0,2026-09-11 14:31:15,CANCELLED,0,0.0
ORD20004750,C100082,SUNPHARMA,NSE,BUY,MIS,LIMIT,DAY,32,1707.25,0.0,2026-09-11 14:31:42,COMPLETE,32,1707.25
ORD20002490,C100040,ITC,NSE,SELL,CNC,LIMIT,DAY,24,441.4,0.0,2026-09-11 14:35:31,COMPLETE,24,441.4
ORD20003669,C100173,ITC,NSE,BUY,CNC,LIMIT,DAY,75,446.0,0.0,2026-09-11 14:36:29,COMPLETE,75,446.0
ORD20004110,C100145,TATAMOTORS,NSE,BUY,CNC,LIMIT,DAY,3,928.15,0.0,2026-09-11 14:37:31,COMPLETE,3,928.15
ORD20001014,C100057,ITC,NSE,SELL,CNC,LIMIT,DAY,271,474.65,0.0,2026-09-11 14:41:20,COMPLETE,271,474.65
ORD20001639,C100053,ASIANPAINT,NSE,BUY,MIS,MARKET,DAY,23,0.0,0.0,2026-09-11 14:42:42,COMPLETE,23,2823.58
ORD20004383,C100032,BHARTIARTL,NSE,SELL,MIS,LIMIT,DAY,9,1396.9,0.0,2026-09-11 14:42:46,CANCELLED,0,0.0
ORD20001903,C100061,AXISBANK,NSE,BUY,CNC,LIMIT,DAY,4,1153.0,0.0,2026-09-11 14:46:24,COMPLETE,4,1153.0
ORD20002394,C100161,INFY,NSE,SELL,MIS,MARKET,DAY,8,0.0,0.0,2026-09-11 14:47:17,COMPLETE,8,1604.25
ORD20003347,C100141,MARUTI,NSE,BUY,CNC,LIMIT,DAY,8,11650.05,0.0,2026-09-11 14:49:58,CANCELLED,0,0.0
ORD20001978,C100031,NTPC,BSE,SELL,MIS,LIMIT,DAY,7,378.4,0.0,2026-09-11 14:55:06,CANCELLED,0,0.0
ORD20001219,C100002,HDFCBANK,NSE,SELL,MIS,SL,DAY,7,1585.95,1593.85,2026-09-11 14:57:08,COMPLETE,7,1584.7
ORD20002818,C100007,ICICIBANK,NSE,BUY,MIS,LIMIT,DAY,44,1135.45,0.0,2026-09-11 14:57:25,COMPLETE,44,1135.45
ORD20000512,C100045,TATAMOTORS,NSE,SELL,CNC,SL,DAY,4,950.15,954.9,2026-09-11 15:00:56,COMPLETE,4,950.49
ORD20000545,C100167,HDFCBANK,NSE,BUY,MIS,LIMIT,DAY,9,1604.75,0.0,2026-09-11 15:03:00,REJECTED,0,0.0
ORD20001010,C100079,RELIANCE,NSE,SELL,MIS,MARKET,DAY,4,0.0,0.0,2026-09-11 15:05:27,COMPLETE,4,2812.38
ORD20002813,C100099,ICICIBANK,NSE,SELL,MIS,LIMIT,DAY,11,1248.45,0.0,2026-09-11 15:05:54,COMPLETE,11,1248.45
ORD20003520,C100010,TATAMOTORS,NSE,BUY,MIS,SL,DAY,13,916.45,911.85,2026-09-11 15:08:08,COMPLETE,13,917.06
ORD20004859,C100192,KOTAKBANK,NSE,SELL,MIS,LIMIT,DAY,11,1731.2,0.0,2026-09-11 15:10:22,COMPLETE,11,1731.2
ORD20003723,C100129,TATAMOTORS,NSE,BUY,MIS,LIMIT,DAY,22,906.3,0.0,2026-09-11 15:10:27,COMPLETE,22,906.3
ORD20004701,C100018,TCS,NSE,SELL,CNC,SL,DAY,1,3883.1,3902.55,2026-09-11 15:12:03,REJECTED,0,0.0
ORD20001438,C100197,TCS,NSE,SELL,MIS,LIMIT,DAY,37,3756.5,0.0,2026-09-11 15:12:18,COMPLETE,37,3756.5
ORD20004121,C100104,NTPC,NSE,SELL,MIS,LIMIT,DAY,71,370.45,0.0,2026-09-11 15:15:07,COMPLETE,71,370.45
ORD20003701,C100110,TCS,NSE,BUY,MIS,LIMIT,DAY,7,3906.15,0.0,2026-09-11 15:15:38,COMPLETE,7,3906.15
ORD20002186,C100038,TATAMOTORS,NSE,SELL,CNC,MARKET,DAY,57,0.0,0.0,2026-09-11 15:15:51,COMPLETE,57,935.78
ORD20000401,C100072,ITC,NSE,BUY,CNC,MARKET,DAY,68,0.0,0.0,2026-09-11 15:16:49,COMPLETE,68,456.75
ORD20000330,C100097,TITAN,NSE,SELL,MIS,LIMIT,DAY,41,3234.1,0.0,2026-09-11 15:20:59,COMPLETE,41,3234.1
ORD20002834,C100113,ITC,NSE,SELL,CNC,MARKET,DAY,23,0.0,0.0,2026-09-11 15:21:30,PARTIAL,13,439.3
ORD20001500,C100011,SBIN,NSE,SELL,CNC,MARKET,DAY,115,0.0,0.0,2026-09-11 15:24:29,COMPLETE,115,835.88
ORD20002821,C100167,SBIN,NSE,BUY,CNC,LIMIT,DAY,16,789.15,0.0,2026-09-14 09:16:20,COMPLETE,16,789.15
ORD20002319,C100136,KOTAKBANK,NSE,BUY,MIS,LIMIT,DAY,4,1746.8,0.0,2026-09-14 09:16:37,COMPLETE,4,1746.8
ORD20000902,C100090,BHARTIARTL,NSE,SELL,MIS,MARKET,DAY,4,0.0,0.0,2026-09-14 09:17:13,COMPLETE,4,1431.0
ORD20001955,C100183,TATAMOTORS,NSE,SELL,MIS,SL,DAY,65,935.65,940.3,2026-09-14 09:19:13,COMPLETE,65,935.99
ORD20001192,C100138,MARUTI,BSE,SELL,CNC,MARKET,DAY,7,0.0,0.0,2026-09-14 09:23:34,COMPLETE,7,12286.4
ORD20002540,C100105,MARUTI,NSE,SELL,MIS,LIMIT,DAY,4,11736.55,0.0,2026-09-14 09:26:13,COMPLETE,4,11736.55
ORD20000794,C100081,ICICIBANK,NSE,SELL,CNC,LIMIT,DAY,5,1168.05,0.0,2026-09-14 09:27:38,PARTIAL,3,1168.05
ORD20000522,C100199,ONGC,NSE,BUY,MIS,LIMIT,DAY,117,262.65,0.0,2026-09-14 09:31:39,PARTIAL,52,262.65
ORD20000059,C100189,RELIANCE,NSE,SELL,MIS,MARKET,DAY,3,0.0,0.0,2026-09-14 09:34:33,OPEN,0,0.0
ORD20002523,C100150,ICICIBANK,BSE,BUY,CNC,LIMIT,DAY,2,1243.3,0.0,2026-09-14 09:35:05,COMPLETE,2,1243.3
ORD20002146,C100069,TATAMOTORS,NSE,BUY,MIS,LIMIT,DAY,70,961.1,0.0,2026-09-14 09:35:14,COMPLETE,70,961.1
ORD20004361,C100021,MARUTI,NSE,BUY,MIS,MARKET,DAY,4,0.0,0.0,2026-09-14 09:38:06,COMPLETE,4,12585.42
ORD20000800,C100081,ITC,NSE,SELL,MIS,MARKET,DAY,306,0.0,0.0,2026-09-14 09:38:10,COMPLETE,306,450.42
ORD20002081,C100030,HINDUNILVR,NSE,SELL,MIS,SL,DAY,5,2390.9,2402.85,2026-09-14 09:39:57,COMPLETE,5,2390.51
ORD20002919,C100098,MARUTI,NSE,SELL,CNC,SL,DAY,1,12793.95,12857.9,2026-09-14 09:41:45,CANCELLED,0,0.0
ORD20001489,C100071,ONGC,NSE,SELL,MIS,LIMIT,DAY,15,263.4,0.0,2026-09-14 09:43:34,COMPLETE,15,263.4
ORD20001404,C100196,ITC,NSE,SELL,MIS,LIMIT,DAY,8,453.55,0.0,2026-09-14 09:44:18,COMPLETE,8,453.55
ORD20003815,C100094,RELIANCE,NSE,BUY,MIS,MARKET,DAY,4,0.0,0.0,2026-09-14 09:44:47,COMPLETE,4,2957.59
ORD20000430,C100072,RELIANCE,BSE,SELL,CNC,MARKET,DAY,10,0.0,0.0,2026-09-14 09:46:50,COMPLETE,10,2833.65
ORD20001356,C100065,ONGC,NSE,BUY,MIS,MARKET,DAY,292,0.0,0.0,2026-09-14 09:47:01,COMPLETE,292,255.79
ORD20003344,C100105,HINDUNILVR,NSE,BUY,MIS,LIMIT,DAY,12,2436.1,0.0,2026-09-14 09:48:36,COMPLETE,12,2436.1
ORD20004114,C100095,ICICIBANK,NSE,SELL,CNC,MARKET,DAY,11,0.0,0.0,2026-09-14 09:50:32,COMPLETE,11,1194.6
ORD20000941,C100148,LT,NSE,SELL,MIS,LIMIT,DAY,8,3528.95,0.0,2026-09-14 09:51:24,REJECTED,0,0.0
ORD20003458,C100106,ITC,NSE,BUY,CNC,LIMIT,DAY,15,462.45,0.0,2026-09-14 09:52:13,COMPLETE,15,462.45
ORD20002251,C100118,MARUTI,NSE,BUY,CNC,LIMIT,DAY,1,11555.75,0.0,2026-09-14 09:52:29,COMPLETE,1,11555.75
ORD20004177,C100112,MARUTI,NSE,SELL,MIS,LIMIT,DAY,2,11834.9,0.0,2026-09-14 09:53:16,COMPLETE,2,11834.9
ORD20001108,C100051,HINDUNILVR,NSE,SELL,CNC,MARKET,DAY,55,0.0,0.0,2026-09-14 09:55:46,COMPLETE,55,2397.0
ORD20003252,C100031,NTPC,NSE,SELL,CNC,LIMIT,DAY,25,364.15,0.0,2026-09-14 09:55:57,COMPLETE,25,364.15
ORD20003596,C100003,HINDUNILVR,NSE,BUY,MIS,LIMIT,DAY,2,2315.75,0.0,2026-09-14 09:57:11,COMPLETE,2,2315.75
ORD20003630,C100170,ICICIBANK,NSE,SELL,MIS,LIMIT,DAY,26,1158.55,0.0,2026-09-14 10:00:44,CANCELLED,0,0.0
ORD20000217,C100160,RELIANCE,NSE,BUY,MIS,SL,DAY,3,3148.0,3132.25,2026-09-14 10:03:55,COMPLETE,3,3147.47
ORD20001995,C100013,ITC,NSE,SELL,MIS,LIMIT,DAY,80,447.55,0.0,2026-09-14 10:04:04,COMPLETE,80,447.55
ORD20003190,C100142,HINDUNILVR,NSE,SELL,CNC,LIMIT,DAY,25,2423.5,0.0,2026-09-14 10:09:02,CANCELLED,0,0.0
ORD20002134,C100106,ONGC,NSE,BUY,MIS,SL,DAY,290,266.35,265.0,2026-09-14 10:09:46,COMPLETE,290,266.15
ORD20001819,C100154,ASIANPAINT,NSE,SELL,MIS,LIMIT,DAY,18,2870.4,0.0,2026-09-14 10:10:47,COMPLETE,18,2870.4
ORD20003080,C100062,INFY,NSE,SELL,CNC,LIMIT,DAY,3,1630.7,0.0,2026-09-14 10:13:01,COMPLETE,3,1630.7
ORD20001025,C100169,HINDUNILVR,NSE,BUY,MIS,MARKET,DAY,11,0.0,0.0,2026-09-14 10:14:20,COMPLETE,11,2287.65
ORD20003331,C100022,MARUTI,NSE,BUY,MIS,MARKET,DAY,7,0.0,0.0,2026-09-14 10:14:46,CANCELLED,0,0.0
ORD20003001,C100087,ICICIBANK,NSE,SELL,CNC,LIMIT,DAY,6,1206.85,0.0,2026-09-14 10:17:50,PARTIAL,3,1206.85
ORD20003110,C100080,BHARTIARTL,NSE,SELL,CNC,LIMIT,DAY,40,1416.6,0.0,2026-09-14 10:18:47,COMPLETE,40,1416.6
ORD20001685,C100105,HDFCBANK,NSE,SELL,MIS,LIMIT,DAY,66,1671.9,0.0,2026-09-14 10:19:44,COMPLETE,66,1671.9
ORD20004369,C100021,TCS,NSE,SELL,CNC,MARKET,DAY,9,0.0,0.0,2026-09-14 10:20:19,COMPLETE,9,3972.3
ORD20000136,C100108,ITC,NSE,SELL,MIS,MARKET,DAY,29,0.0,0.0,2026-09-14 10:20:46,CANCELLED,0,0.0
ORD20001050,C100064,ITC,NSE,BUY,CNC,LIMIT,DAY,75,463.65,0.0,2026-09-14 10:21:42,COMPLETE,75,463.65
ORD20003265,C100101,KOTAKBANK,NSE,BUY,MIS,MARKET,DAY,67,0.0,0.0,2026-09-14 10:21:45,COMPLETE,67,1772.91
ORD20002926,C100055,RELIANCE,NSE,BUY,CNC,MARKET,DAY,1,0.0,0.0,2026-09-14 10:26:59,COMPLETE,1,2730.85
ORD20002449,C100008,TATAMOTORS,NSE,BUY,MIS,MARKET,DAY,62,0.0,0.0,2026-09-14 10:27:42,COMPLETE,62,965.75
ORD20003638,C100024,ITC,NSE,BUY,CNC,SL,DAY,67,461.0,458.7,2026-09-14 10:28:06,COMPLETE,67,460.95
ORD20004241,C100001,KOTAKBANK,NSE,SELL,MIS,LIMIT,DAY,3,1748.15,0.0,2026-09-14 10:30:26,COMPLETE,3,1748.15
ORD20001121,C100169,HINDUNILVR,BSE,SELL,CNC,LIMIT,DAY,11,2396.9,0.0,2026-09-14 10:32:03,COMPLETE,11,2396.9
ORD20000513,C100162,NTPC,NSE,SELL,MIS,MARKET,DAY,32,0.0,0.0,2026-09-14 10:32:53,COMPLETE,32,366.15
ORD20001122,C100020,HINDUNILVR,NSE,SELL,MIS,LIMIT,DAY,5,2468.55,0.0,2026-09-14 10:33:21,COMPLETE,5,2468.55
ORD20003051,C100111,HINDUNILVR,NSE,BUY,MIS,LIMIT,DAY,21,2419.75,0.0,2026-09-14 10:33:38,COMPLETE,21,2419.75
ORD20000160,C100091,SBIN,NSE,SELL,CNC,MARKET,DAY,7,0.0,0.0,2026-09-14 10:36:28,COMPLETE,7,790.69
ORD20000079,C100007,SBIN,NSE,BUY,MIS,LIMIT,DAY,97,792.8,0.0,2026-09-14 10:38:58,COMPLETE,97,792.8
ORD20003533,C100037,HDFCBANK,NSE,SELL,CNC,MARKET,DAY,4,0.0,0.0,2026-09-14 10:41:08,COMPLETE,4,1668.5
ORD20002358,C100079,ITC,NSE,BUY,MIS,LIMIT,DAY,65,451.95,0.0,2026-09-14 10:42:07,COMPLETE,65,451.95
ORD20003970,C100018,NTPC,NSE,BUY,CNC,LIMIT,DAY,152,348.35,0.0,2026-09-14 10:47:38,COMPLETE,152,348.35
ORD20001314,C100146,ICICIBANK,NSE,BUY,MIS,MARKET,DAY,24,0.0,0.0,2026-09-14 10:48:09,COMPLETE,24,1209.96
ORD20001105,C100063,RELIANCE,NSE,BUY,MIS,LIMIT,DAY,52,2766.65,0.0,2026-09-14 10:49:49,PARTIAL,25,2766.65
ORD20000333,C100043,KOTAKBANK,BSE,BUY,MIS,MARKET,DAY,31,0.0,0.0,2026-09-14 10:50:01,COMPLETE,31,1817.39
ORD20004193,C100001,SBIN,NSE,BUY,MIS,MARKET,DAY,50,0.0,0.0,2026-09-14 10:53:59,COMPLETE,50,805.2
ORD20001072,C100127,ICICIBANK,NSE,BUY,MIS,LIMIT,DAY,4,1230.95,0.0,2026-09-14 10:54:13,CANCELLED,0,0.0
ORD20002347,C100167,MARUTI,NSE,BUY,CNC,LIMIT,DAY,5,12244.2,0.0,2026-09-14 10:55:06,REJECTED,0,0.0
ORD20004647,C100083,NTPC,BSE,BUY,MIS,LIMIT,DAY,94,354.7,0.0,2026-09-14 10:55:11,COMPLETE,94,354.7
ORD20004343,C100194,TATAMOTORS,NSE,BUY,MIS,MARKET,DAY,19,0.0,0.0,2026-09-14 10:58:28,COMPLETE,19,904.88
ORD20003525,C100128,RELIANCE,NSE,BUY,MIS,LIMIT,DAY,1,3043.8,0.0,2026-09-14 10:59:06,REJECTED,0,0.0
ORD20002727,C100093,TATAMOTORS,NSE,BUY,CNC,MARKET,DAY,117,0.0,0.0,2026-09-14 11:00:29,PARTIAL,33,988.5
ORD20002609,C100145,HINDUNILVR,BSE,SELL,MIS,SL,DAY,2,2418.3,2430.4,2026-09-14 11:01:29,COMPLETE,2,2420.48
ORD20003686,C100198,INFY,NSE,BUY,MIS,MARKET,DAY,1,0.0,0.0,2026-09-14 11:04:46,COMPLETE,1,1669.8
ORD20004928,C100090,BHARTIARTL,BSE,BUY,MIS,LIMIT,DAY,25,1448.55,0.0,2026-09-14 11:06:37,COMPLETE,25,1448.55
ORD20001439,C100053,HINDUNILVR,NSE,BUY,MIS,SL,DAY,9,2411.35,2399.3,2026-09-14 11:08:44,COMPLETE,9,2412.36
ORD20002744,C100005,ASIANPAINT,NSE,SELL,MIS,LIMIT,DAY,7,2793.5,0.0,2026-09-14 11:08:53,COMPLETE,7,2793.5
ORD20004234,C100015,ASIANPAINT,NSE,BUY,CNC,LIMIT,DAY,1,2907.0,0.0,2026-09-14 11:09:40,COMPLETE,1,2907.0
ORD20000736,C100103,ITC,NSE,BUY,MIS,MARKET,DAY,28,0.0,0.0,2026-09-14 11:09:57,COMPLETE,28,447.75
ORD20004552,C100168,AXISBANK,NSE,BUY,MIS,LIMIT,DAY,6,1188.3,0.0,2026-09-14 11:10:47,PARTIAL,3,1188.3
ORD20003968,C100186,BHARTIARTL,NSE,SELL,CNC,LIMIT,DAY,29,1272.85,0.0,2026-09-14 11:11:43,COMPLETE,29,1272.85
ORD20003352,C100116,RELIANCE,NSE,BUY,MIS,MARKET,DAY,2,0.0,0.0,2026-09-14 11:12:31,OPEN,0,0.0
ORD20002246,C100002,ICICIBANK,NSE,SELL,CNC,MARKET,DAY,115,0.0,0.0,2026-09-14 11:14:24,COMPLETE,115,1219.75
ORD20002414,C100187,MARUTI,NSE,SELL,MIS,LIMIT,DAY,1,12321.25,0.0,2026-09-14 11:14:52,COMPLETE,1,12321.25
ORD20004396,C100068,NTPC,NSE,BUY,CNC,SL,DAY,197,355.25,353.45,2026-09-14 11:19:41,COMPLETE,197,355.03
ORD20000568,C100031,ICICIBANK,NSE,BUY,CNC,LIMIT,DAY,10,1199.15,0.0,2026-09-14 11:21:10,COMPLETE,10,1199.15
ORD20004697,C100007,HINDUNILVR,NSE,BUY,CNC,MARKET,DAY,27,0.0,0.0,2026-09-14 11:25:00,COMPLETE,27,2264.44
ORD20001377,C100004,BHARTIARTL,NSE,BUY,CNC,MARKET,DAY,26,0.0,0.0,2026-09-14 11:25:54,COMPLETE,26,1279.26
ORD20004829,C100052,ICICIBANK,BSE,SELL,MIS,LIMIT,DAY,26,1268.8,0.0,2026-09-14 11:26:16,COMPLETE,26,1268.8
ORD20003348,C100153,ITC,NSE,SELL,CNC,MARKET,DAY,100,0.0,0.0,2026-09-14 11:27:37,COMPLETE,100,441.1
ORD20003009,C100046,ICICIBANK,NSE,SELL,CNC,MARKET,DAY,2,0.0,0.0,2026-09-14 11:28:22,COMPLETE,2,1157.15
ORD20003419,C100019,RELIANCE,NSE,BUY,CNC,LIMIT,DAY,14,2858.55,0.0,2026-09-14 11:28:38,COMPLETE,14,2858.55
ORD20004408,C100084,INFY,NSE,BUY,MIS,MARKET,DAY,5,0.0,0.0,2026-09-14 11:28:39,COMPLETE,5,1642.6
ORD20003885,C100038,HINDUNILVR,NSE,SELL,CNC,LIMIT,DAY,2,2584.45,0.0,2026-09-14 11:29:54,COMPLETE,2,2584.45
ORD20003373,C100120,AXISBANK,NSE,BUY,CNC,LIMIT,DAY,37,1131.15,0.0,2026-09-14 11:33:27,COMPLETE,37,1131.15
ORD20003125,C100075,HDFCBANK,NSE,BUY,MIS,MARKET,DAY,7,0.0,0.0,2026-09-14 11:33:39,COMPLETE,7,1736.99
ORD20000066,C100049,ITC,NSE,BUY,MIS,LIMIT,DAY,12,474.65,0.0,2026-09-14 11:34:51,COMPLETE,12,474.65
ORD20002572,C100011,ITC,BSE,SELL,CNC,LIMIT,DAY,8,462.35,0.0,2026-09-14 11:36:13,COMPLETE,8,462.35
ORD20001900,C100117,RELIANCE,NSE,SELL,MIS,MARKET,DAY,4,0.0,0.0,2026-09-14 11:39:59,COMPLETE,4,3017.36
ORD20003406,C100042,RELIANCE,NSE,BUY,CNC,MARKET,DAY,6,0.0,0.0,2026-09-14 11:41:09,COMPLETE,6,2930.4
ORD20002580,C100166,NTPC,NSE,SELL,MIS,LIMIT,DAY,119,368.1,0.0,2026-09-14 11:42:02,COMPLETE,119,368.1
ORD20004752,C100162,BHARTIARTL,NSE,BUY,CNC,LIMIT,DAY,6,1329.2,0.0,2026-09-14 11:42:11,COMPLETE,6,1329.2
ORD20004062,C100002,TCS,NSE,SELL,MIS,LIMIT,DAY,8,4074.1,0.0,2026-09-14 11:45:48,COMPLETE,8,4074.1
ORD20003601,C100199,HDFCBANK,NSE,SELL,CNC,SL,DAY,7,1695.65,1704.15,2026-09-14 11:46:25,COMPLETE,7,1696.27
ORD20003899,C100144,ITC,NSE,SELL,MIS,LIMIT,DAY,152,444.15,0.0,2026-09-14 11:48:07,COMPLETE,152,444.15
ORD20003167,C100117,ITC,NSE,BUY,CNC,LIMIT,DAY,68,448.1,0.0,2026-09-14 11:48:27,COMPLETE,68,448.1
ORD20002803,C100152,BHARTIARTL,NSE,BUY,MIS,LIMIT,DAY,2,1455.5,0.0,2026-09-14 11:48:41,COMPLETE,2,1455.5
ORD20000381,C100110,HDFCBANK,NSE,SELL,CNC,LIMIT,DAY,1,1676.05,0.0,2026-09-14 11:49:09,COMPLETE,1,1676.05
ORD20003217,C100030,INFY,NSE,BUY,CNC,LIMIT,DAY,27,1544.1,0.0,2026-09-14 11:51:37,COMPLETE,27,1544.1
ORD20004376,C100096,INFY,NSE,BUY,CNC,LIMIT,DAY,3,1703.1,0.0,2026-09-14 11:52:18,COMPLETE,3,1703.1
ORD20003603,C100012,MARUTI,NSE,BUY,MIS,LIMIT,DAY,2,12265.8,0.0,2026-09-14 11:52:25,COMPLETE,2,12265.8
ORD20001119,C100004,HDFCBANK,NSE,BUY,MIS,LIMIT,DAY,36,1687.65,0.0,2026-09-14 11:53:42,COMPLETE,36,1687.65
ORD20004235,C100158,HINDUNILVR,NSE,BUY,CNC,MARKET,DAY,26,0.0,0.0,2026-09-14 11:54:11,COMPLETE,26,2468.8
ORD20000590,C100048,RELIANCE,NSE,SELL,MIS,LIMIT,DAY,4,2874.8,0.0,2026-09-14 11:54:38,COMPLETE,4,2874.8
ORD20003843,C100095,RELIANCE,NSE,BUY,CNC,LIMIT,DAY,22,2934.8,0.0,2026-09-14 11:57:35,COMPLETE,22,2934.8
ORD20001308,C100028,MARUTI,NSE,BUY,MIS,MARKET,DAY,5,0.0,0.0,2026-09-14 11:57:35,COMPLETE,5,11883.9
ORD20002175,C100151,RELIANCE,NSE,SELL,CNC,LIMIT,DAY,17,3089.2,0.0,2026-09-14 12:00:24,COMPLETE,17,3089.2
ORD20001703,C100011,HINDUNILVR,NSE,BUY,MIS,LIMIT,DAY,2,2399.7,0.0,2026-09-14 12:03:02,COMPLETE,2,2399.7
ORD20003260,C100050,KOTAKBANK,NSE,SELL,CNC,LIMIT,DAY,19,1737.45,0.0,2026-09-14 12:03:36,COMPLETE,19,1737.45
ORD20003300,C100028,RELIANCE,NSE,SELL,CNC,LIMIT,DAY,1,2781.55,0.0,2026-09-14 12:05:43,COMPLETE,1,2781.55
ORD20004815,C100040,ITC,NSE,BUY,MIS,LIMIT,DAY,27,477.0,0.0,2026-09-14 12:08:49,CANCELLED,0,0.0
ORD20004340,C100024,ITC,NSE,BUY,MIS,MARKET,DAY,27,0.0,0.0,2026-09-14 12:09:56,COMPLETE,27,432.87
ORD20004751,C100160,ITC,NSE,BUY,MIS,LIMIT,DAY,8,457.1,0.0,2026-09-14 12:10:59,COMPLETE,8,457.1
ORD20000790,C100059,ICICIBANK,NSE,SELL,MIS,LIMIT,DAY,6,1162.2,0.0,2026-09-14 12:11:20,REJECTED,0,0.0
ORD20003407,C100195,MARUTI,NSE,SELL,CNC,LIMIT,DAY,12,11637.9,0.0,2026-09-14 12:12:43,COMPLETE,12,11637.9
ORD20002278,C100197,AXISBANK,NSE,BUY,MIS,LIMIT,DAY,5,1148.9,0.0,2026-09-14 12:19:12,COMPLETE,5,1148.9
ORD20001735,C100020,NTPC,NSE,BUY,CNC,LIMIT,DAY,183,380.55,0.0,2026-09-14 12:19:20,COMPLETE,183,380.55
ORD20003064,C100184,ONGC,NSE,BUY,MIS,LIMIT,DAY,44,276.15,0.0,2026-09-14 12:21:47,COMPLETE,44,276.15
ORD20002914,C100150,RELIANCE,BSE,BUY,CNC,MARKET,DAY,2,0.0,0.0,2026-09-14 12:22:42,COMPLETE,2,2942.78
ORD20003926,C100067,TITAN,NSE,BUY,MIS,MARKET,DAY,4,0.0,0.0,2026-09-14 12:22:53,CANCELLED,0,0.0
ORD20003678,C100151,AXISBANK,NSE,BUY,MIS,LIMIT,DAY,18,1172.0,0.0,2026-09-14 12:26:36,COMPLETE,18,1172.0
ORD20004603,C100035,ASIANPAINT,NSE,BUY,MIS,LIMIT,DAY,3,2890.65,0.0,2026-09-14 12:26:56,COMPLETE,3,2890.65
ORD20003307,C100094,MARUTI,NSE,BUY,CNC,LIMIT,DAY,3,11969.4,0.0,2026-09-14 12:27:54,COMPLETE,3,11969.4
ORD20002456,C100075,HINDUNILVR,NSE,BUY,CNC,MARKET,DAY,2,0.0,0.0,2026-09-14 12:28:10,COMPLETE,2,2408.4
ORD20000032,C100086,WIPRO,NSE,SELL,MIS,LIMIT,DAY,10,481.05,0.0,2026-09-14 12:30:19,COMPLETE,10,481.05
ORD20001816,C100138,BHARTIARTL,NSE,SELL,MIS,LIMIT,DAY,98,1483.55,0.0,2026-09-14 12:30:54,COMPLETE,98,1483.55
ORD20004179,C100111,HINDUNILVR,NSE,SELL,MIS,LIMIT,DAY,31,2438.0,0.0,2026-09-14 12:31:18,COMPLETE,31,2438.0
ORD20000033,C100138,INFY,NSE,BUY,MIS,LIMIT,DAY,45,1606.6,0.0,2026-09-14 12:31:39,CANCELLED,0,0.0
ORD20004987,C100087,TATAMOTORS,NSE,BUY,MIS,MARKET,DAY,56,0.0,0.0,2026-09-14 12:31:59,COMPLETE,56,977.9
ORD20000201,C100030,TATAMOTORS,NSE,SELL,MIS,MARKET,DAY,42,0.0,0.0,2026-09-14 12:35:00,COMPLETE,42,960.87
ORD20002845,C100014,TATAMOTORS,NSE,BUY,CNC,SL,DAY,19,948.5,943.75,2026-09-14 12:35:23,CANCELLED,0,0.0
ORD20000316,C100155,ITC,NSE,SELL,MIS,LIMIT,DAY,13,431.4,0.0,2026-09-14 12:43:41,COMPLETE,13,431.4
ORD20004804,C100002,NTPC,NSE,BUY,MIS,LIMIT,DAY,11,360.55,0.0,2026-09-14 12:45:48,PARTIAL,5,360.55
ORD20001968,C100066,ITC,NSE,SELL,CNC,MARKET,DAY,77,0.0,0.0,2026-09-14 12:46:09,COMPLETE,77,452.05
ORD20004624,C100152,INFY,NSE,BUY,MIS,LIMIT,DAY,1,1548.1,0.0,2026-09-14 12:46:13,COMPLETE,1,1548.1
ORD20003674,C100007,SUNPHARMA,NSE,SELL,CNC,LIMIT,DAY,38,1655.1,0.0,2026-09-14 12:47:22,COMPLETE,38,1655.1
ORD20001756,C100065,KOTAKBANK,NSE,SELL,CNC,LIMIT,DAY,4,1822.3,0.0,2026-09-14 12:51:53,COMPLETE,4,1822.3
ORD20000698,C100192,AXISBANK,BSE,SELL,MIS,MARKET,DAY,8,0.0,0.0,2026-09-14 12:52:09,COMPLETE,8,1164.9
ORD20002263,C100103,TCS,NSE,BUY,MIS,LIMIT,DAY,16,3948.15,0.0,2026-09-14 12:53:15,COMPLETE,16,3948.15
ORD20003837,C100015,TCS,NSE,BUY,CNC,MARKET,DAY,1,0.0,0.0,2026-09-14 12:55:47,REJECTED,0,0.0
ORD20001585,C100100,RELIANCE,NSE,SELL,CNC,LIMIT,DAY,51,2879.25,0.0,2026-09-14 12:57:01,COMPLETE,51,2879.25
ORD20003797,C100179,ICICIBANK,NSE,SELL,CNC,SL,DAY,49,1281.2,1287.6,2026-09-14 12:57:06,COMPLETE,49,1281.57
ORD20000611,C100159,MARUTI,NSE,SELL,MIS,MARKET,DAY,4,0.0,0.0,2026-09-14 12:59:18,COMPLETE,4,11495.2
ORD20000797,C100049,HINDUNILVR,NSE,SELL,CNC,LIMIT,DAY,1,2416.7,0.0,2026-09-14 13:00:32,COMPLETE,1,2416.7
ORD20004104,C100049,TATAMOTORS,NSE,BUY,MIS,LIMIT,DAY,5,946.45,0.0,2026-09-14 13:01:40,COMPLETE,5,946.45
ORD20002204,C100067,INFY,NSE,BUY,MIS,MARKET,DAY,34,0.0,0.0,2026-09-14 13:02:59,COMPLETE,34,1495.98
ORD20004412,C100032,NTPC,NSE,SELL,MIS,SL,DAY,22,379.8,381.7,2026-09-14 13:04:38,CANCELLED,0,0.0
ORD20002642,C100113,TCS,NSE,SELL,MIS,MARKET,DAY,1,0.0,0.0,2026-09-14 13:12:07,COMPLETE,1,4155.45
ORD20003918,C100095,ICICIBANK,NSE,SELL,CNC,MARKET,DAY,27,0.0,0.0,2026-09-14 13:16:08,COMPLETE,27,1127.7
ORD20002677,C100160,HINDUNILVR,NSE,SELL,CNC,LIMIT,DAY,49,2428.95,0.0,2026-09-14 13:18:18,COMPLETE,49,2428.95
ORD20000528,C100068,HINDUNILVR,NSE,SELL,CNC,MARKET,DAY,9,0.0,0.0,2026-09-14 13:19:52,COMPLETE,9,2311.29
ORD20000043,C100008,AXISBANK,NSE,SELL,CNC,LIMIT,DAY,44,1168.0,0.0,2026-09-14 13:20:27,COMPLETE,44,1168.0
ORD20004078,C100027,MARUTI,NSE,BUY,CNC,LIMIT,DAY,9,11883.1,0.0,2026-09-14 13:20:34,COMPLETE,9,11883.1
ORD20003160,C100174,MARUTI,NSE,BUY,MIS,LIMIT,DAY,1,11806.15,0.0,2026-09-14 13:20:53,CANCELLED,0,0.0
ORD20001556,C100067,NTPC,NSE,SELL,MIS,LIMIT,DAY,360,362.85,0.0,2026-09-14 13:22:12,REJECTED,0,0.0
ORD20001225,C100181,ICICIBANK,BSE,SELL,CNC,MARKET,DAY,20,0.0,0.0,2026-09-14 13:23:33,COMPLETE,20,1317.74
ORD20001234,C100012,ITC,NSE,SELL,MIS,LIMIT,DAY,18,434.85,0.0,2026-09-14 13:28:19,COMPLETE,18,434.85
ORD20002085,C100009,RELIANCE,NSE,SELL,MIS,MARKET,DAY,2,0.0,0.0,2026-09-14 13:28:53,COMPLETE,2,3007.5
ORD20000546,C100168,ONGC,NSE,BUY,MIS,MARKET,DAY,21,0.0,0.0,2026-09-14 13:31:40,CANCELLED,0,0.0
ORD20002252,C100192,TCS,NSE,SELL,MIS,LIMIT,DAY,12,3852.25,0.0,2026-09-14 13:31:42,COMPLETE,12,3852.25
ORD20002022,C100094,NTPC,NSE,SELL,MIS,LIMIT,DAY,83,375.25,0.0,2026-09-14 13:34:12,COMPLETE,83,375.25
ORD20003890,C100027,ICICIBANK,NSE,SELL,MIS,LIMIT,DAY,115,1196.75,0.0,2026-09-14 13:35:00,COMPLETE,115,1196.75
ORD20001769,C100141,NTPC,NSE,BUY,CNC,LIMIT,DAY,130,379.65,0.0,2026-09-14 13:37:12,COMPLETE,130,379.65
ORD20002863,C100009,ITC,NSE,BUY,MIS,SL,DAY,54,440.7,438.5,2026-09-14 13:42:42,COMPLETE,54,440.63
ORD20002512,C100187,HINDUNILVR,NSE,SELL,MIS,LIMIT,DAY,25,2470.4,0.0,2026-09-14 13:44:01,COMPLETE,25,2470.4
ORD20001838,C100107,SBIN,NSE,SELL,MIS,MARKET,DAY,6,0.0,0.0,2026-09-14 13:46:15,COMPLETE,6,812.42
ORD20000459,C100113,NTPC,NSE,SELL,CNC,MARKET,DAY,30,0.0,0.0,2026-09-14 13:46:20,COMPLETE,30,348.7
ORD20003196,C100031,TATAMOTORS,NSE,BUY,MIS,MARKET,DAY,56,0.0,0.0,2026-09-14 13:47:55,COMPLETE,56,939.37
ORD20001379,C100103,KOTAKBANK,NSE,SELL,CNC,LIMIT,DAY,5,1756.7,0.0,2026-09-14 13:49:52,COMPLETE,5,1756.7
ORD20002208,C100011,ITC,NSE,SELL,MIS,LIMIT,DAY,149,441.9,0.0,2026-09-14 13:52:17,REJECTED,0,0.0
ORD20003420,C100164,ITC,NSE,BUY,CNC,LIMIT,DAY,16,446.1,0.0,2026-09-14 13:55:31,CANCELLED,0,0.0
ORD20001089,C100025,MARUTI,NSE,BUY,MIS,LIMIT,DAY,1,11902.75,0.0,2026-09-14 13:56:29,COMPLETE,1,11902.75
ORD20000207,C100113,NTPC,NSE,BUY,MIS,MARKET,DAY,9,0.0,0.0,2026-09-14 13:58:19,COMPLETE,9,355.73
ORD20001759,C100090,AXISBANK,NSE,BUY,CNC,MARKET,DAY,6,0.0,0.0,2026-09-14 14:00:21,COMPLETE,6,1143.03
ORD20001911,C100008,ONGC,NSE,SELL,CNC,LIMIT,DAY,154,273.8,0.0,2026-09-14 14:02:37,PARTIAL,47,273.8
ORD20003743,C100118,ICICIBANK,NSE,SELL,MIS,LIMIT,DAY,7,1200.45,0.0,2026-09-14 14:03:34,REJECTED,0,0.0
ORD20000668,C100021,MARUTI,NSE,SELL,MIS,LIMIT,DAY,1,12372.05,0.0,2026-09-14 14:03:55,COMPLETE,1,12372.05
ORD20001762,C100061,KOTAKBANK,NSE,SELL,MIS,LIMIT,DAY,20,1710.7,0.0,2026-09-14 14:05:27,COMPLETE,20,1710.7
ORD20000138,C100025,BHARTIARTL,NSE,SELL,MIS,MARKET,DAY,21,0.0,0.0,2026-09-14 14:06:26,COMPLETE,21,1478.28
ORD20003552,C100162,SBIN,NSE,SELL,CNC,LIMIT,DAY,10,788.3,0.0,2026-09-14 14:07:28,COMPLETE,10,788.3
ORD20004504,C100052,MARUTI,NSE,SELL,MIS,MARKET,DAY,1,0.0,0.0,2026-09-14 14:08:11,CANCELLED,0,0.0
ORD20003922,C100174,MARUTI,NSE,BUY,MIS,LIMIT,DAY,4,12061.85,0.0,2026-09-14 14:11:23,COMPLETE,4,12061.85
ORD20003846,C100012,ICICIBANK,NSE,SELL,MIS,SL,DAY,5,1178.7,1184.55,2026-09-14 14:13:45,COMPLETE,5,1178.25
ORD20003178,C100115,TITAN,NSE,SELL,MIS,LIMIT,DAY,1,3321.6,0.0,2026-09-14 14:15:10,COMPLETE,1,3321.6
ORD20000343,C100149,RELIANCE,BSE,BUY,CNC,MARKET,DAY,9,0.0,0.0,2026-09-14 14:15:31,COMPLETE,9,2901.52
ORD20002938,C100040,INFY,NSE,SELL,MIS,LIMIT,DAY,73,1635.95,0.0,2026-09-14 14:20:54,COMPLETE,73,1635.95
ORD20000912,C100067,TATAMOTORS,NSE,SELL,MIS,MARKET,DAY,23,0.0,0.0,2026-09-14 14:23:18,COMPLETE,23,937.9
ORD20000562,C100153,ITC,NSE,SELL,MIS,LIMIT,DAY,119,448.65,0.0,2026-09-14 14:24:34,CANCELLED,0,0.0
ORD20000183,C100031,TATAMOTORS,NSE,BUY,MIS,LIMIT,DAY,6,946.55,0.0,2026-09-14 14:25:40,COMPLETE,6,946.55
ORD20003384,C100029,ASIANPAINT,NSE,BUY,MIS,MARKET,DAY,2,0.0,0.0,2026-09-14 14:26:27,COMPLETE,2,2902.5
ORD20001767,C100050,NTPC,NSE,SELL,CNC,LIMIT,DAY,301,352.1,0.0,2026-09-14 14:28:21,PARTIAL,100,352.1
ORD20004875,C100192,AXISBANK,NSE,BUY,CNC,LIMIT,DAY,24,1164.3,0.0,2026-09-14 14:29:14,COMPLETE,24,1164.3
ORD20000807,C100127,ITC,NSE,SELL,MIS,SL,DAY,26,443.65,445.9,2026-09-14 14:30:04,COMPLETE,26,443.63
ORD20001031,C100057,KOTAKBANK,NSE,SELL,MIS,LIMIT,DAY,15,1766.6,0.0,2026-09-14 14:31:47,COMPLETE,15,1766.6
ORD20003454,C100013,NTPC,BSE,BUY,CNC,LIMIT,DAY,55,370.5,0.0,2026-09-14 14:32:56,PARTIAL,12,370.5
ORD20001688,C100045,ICICIBANK,NSE,SELL,MIS,MARKET,DAY,57,0.0,0.0,2026-09-14 14:35:39,COMPLETE,57,1170.29
ORD20000435,C100173,SBIN,NSE,BUY,MIS,LIMIT,DAY,25,759.4,0.0,2026-09-14 14:38:18,COMPLETE,25,759.4
ORD20000642,C100032,SBIN,NSE,BUY,MIS,LIMIT,DAY,82,812.95,0.0,2026-09-14 14:38:26,COMPLETE,82,812.95
ORD20000346,C100146,AXISBANK,NSE,SELL,CNC,SL,DAY,5,1188.15,1194.1,2026-09-14 14:40:12,CANCELLED,0,0.0
ORD20002115,C100111,BHARTIARTL,NSE,SELL,MIS,LIMIT,DAY,39,1425.75,0.0,2026-09-14 14:43:15,COMPLETE,39,1425.75
ORD20001876,C100097,BHARTIARTL,NSE,BUY,CNC,MARKET,DAY,10,0.0,0.0,2026-09-14 14:44:00,REJECTED,0,0.0
ORD20004298,C100198,HINDUNILVR,NSE,SELL,CNC,MARKET,DAY,26,0.0,0.0,2026-09-14 14:44:48,COMPLETE,26,2308.56
ORD20000045,C100092,SBIN,NSE,SELL,MIS,LIMIT,DAY,5,843.45,0.0,2026-09-14 14:47:26,COMPLETE,5,843.45
ORD20002016,C100177,KOTAKBANK,NSE,SELL,MIS,MARKET,DAY,14,0.0,0.0,2026-09-14 14:47:35,COMPLETE,14,1729.95
ORD20003896,C100092,BHARTIARTL,NSE,BUY,MIS,SL,DAY,42,1325.0,1318.4,2026-09-14 14:47:59,PARTIAL,17,1326.35
ORD20001387,C100156,HINDUNILVR,NSE,SELL,MIS,MARKET,DAY,3,0.0,0.0,2026-09-14 14:48:25,COMPLETE,3,2298.4
ORD20004832,C100002,BHARTIARTL,NSE,SELL,MIS,LIMIT,DAY,20,1442.1,0.0,2026-09-14 14:48:50,COMPLETE,20,1442.1
ORD20000312,C100060,KOTAKBANK,NSE,BUY,CNC,LIMIT,DAY,29,1661.25,0.0,2026-09-14 14:52:09,PARTIAL,23,1661.25
ORD20002074,C100090,RELIANCE,NSE,SELL,CNC,LIMIT,DAY,10,2979.25,0.0,2026-09-14 14:52:18,COMPLETE,10,2979.25
ORD20003499,C100183,HINDUNILVR,BSE,BUY,CNC,LIMIT,DAY,2,2381.7,0.0,2026-09-14 14:52:28,CANCELLED,0,0.0
ORD20003283,C100121,WIPRO,NSE,SELL,MIS,LIMIT,DAY,147,473.75,0.0,2026-09-14 14:53:08,COMPLETE,147,473.75
ORD20004773,C100141,MARUTI,NSE,BUY,CNC,LIMIT,DAY,1,12167.45,0.0,2026-09-14 14:53:16,COMPLETE,1,12167.45
ORD20004705,C100150,KOTAKBANK,NSE,SELL,CNC,LIMIT,DAY,40,1711.35,0.0,2026-09-14 14:53:16,COMPLETE,40,1711.35
ORD20001705,C100119,MARUTI,NSE,BUY,MIS,LIMIT,DAY,1,11777.35,0.0,2026-09-14 14:54:00,COMPLETE,1,11777.35
ORD20001201,C100082,INFY,NSE,BUY,MIS,LIMIT,DAY,6,1559.05,0.0,2026-09-14 14:56:26,COMPLETE,6,1559.05
ORD20004227,C100156,TITAN,NSE,BUY,CNC,SL,DAY,5,3411.55,3394.5,2026-09-14 14:56:39,COMPLETE,5,3411.85
ORD20000813,C100095,SUNPHARMA,NSE,BUY,CNC,LIMIT,DAY,15,1712.6,0.0,2026-09-14 14:57:21,OPEN,0,0.0
ORD20003102,C100129,INFY,NSE,SELL,MIS,LIMIT,DAY,13,1625.4,0.0,2026-09-14 14:57:51,COMPLETE,13,1625.4
ORD20003571,C100025,MARUTI,BSE,BUY,CNC,LIMIT,DAY,5,12391.05,0.0,2026-09-14 14:57:52,COMPLETE,5,12391.05
ORD20004156,C100056,HINDUNILVR,NSE,SELL,MIS,MARKET,DAY,3,0.0,0.0,2026-09-14 14:59:21,COMPLETE,3,2357.75
ORD20003546,C100095,AXISBANK,NSE,SELL,MIS,SL,DAY,13,1136.65,1142.35,2026-09-14 15:00:47,COMPLETE,13,1136.58
ORD20000025,C100174,HINDUNILVR,NSE,SELL,CNC,MARKET,DAY,5,0.0,0.0,2026-09-14 15:01:25,COMPLETE,5,2399.28
ORD20004405,C100066,BHARTIARTL,NSE,SELL,CNC,MARKET,DAY,60,0.0,0.0,2026-09-14 15:01:46,COMPLETE,60,1458.08
ORD20002305,C100176,ICICIBANK,NSE,BUY,MIS,MARKET,DAY,14,0.0,0.0,2026-09-14 15:02:57,COMPLETE,14,1185.49
ORD20002864,C100043,HDFCBANK,NSE,BUY,CNC,LIMIT,DAY,37,1615.55,0.0,2026-09-14 15:03:11,COMPLETE,37,1615.55
ORD20003744,C100134,HDFCBANK,NSE,SELL,CNC,MARKET,DAY,34,0.0,0.0,2026-09-14 15:05:28,COMPLETE,34,1672.61
ORD20004848,C100166,ITC,NSE,BUY,MIS,LIMIT,DAY,65,459.95,0.0,2026-09-14 15:06:08,COMPLETE,65,459.95
ORD20000432,C100125,HINDUNILVR,NSE,BUY,MIS,LIMIT,DAY,5,2355.8,0.0,2026-09-14 15:08:09,COMPLETE,5,2355.8
ORD20004268,C100161,HINDUNILVR,NSE,SELL,MIS,MARKET,DAY,5,0.0,0.0,2026-09-14 15:08:19,COMPLETE,5,2380.21
ORD20003174,C100068,INFY,BSE,SELL,MIS,SL,DAY,8,1593.55,1601.5,2026-09-14 15:09:26,COMPLETE,8,1593.44
ORD20002004,C100001,TATAMOTORS,NSE,BUY,CNC,LIMIT,DAY,138,1003.6,0.0,2026-09-14 15:10:34,COMPLETE,138,1003.6
ORD20002558,C100181,HDFCBANK,NSE,SELL,MIS,LIMIT,DAY,56,1688.35,0.0,2026-09-14 15:13:36,REJECTED,0,0.0
ORD20002913,C100135,BHARTIARTL,NSE,BUY,CNC,LIMIT,DAY,2,1408.2,0.0,2026-09-14 15:20:04,COMPLETE,2,1408.2
ORD20004892,C100185,RELIANCE,NSE,SELL,MIS,LIMIT,DAY,1,3073.6,0.0,2026-09-14 15:23:43,COMPLETE,1,3073.6
ORD20004722,C100197,INFY,NSE,SELL,CNC,LIMIT,DAY,17,1549.4,0.0,2026-09-15 09:15:53,COMPLETE,17,1549.4
ORD20002155,C100186,RELIANCE,NSE,BUY,CNC,MARKET,DAY,2,0.0,0.0,2026-09-15 09:16:12,REJECTED,0,0.0
ORD20004540,C100103,BHARTIARTL,NSE,BUY,MIS,LIMIT,DAY,90,1464.7,0.0,2026-09-15 09:16:19,COMPLETE,90,1464.7
ORD20002054,C100069,BHARTIARTL,NSE,BUY,MIS,LIMIT,DAY,16,1355.15,0.0,2026-09-15 09:21:21,CANCELLED,0,0.0
ORD20003126,C100133,MARUTI,NSE,BUY,MIS,MARKET,DAY,1,0.0,0.0,2026-09-15 09:21:24,REJECTED,0,0.0
ORD20000235,C100075,KOTAKBANK,NSE,BUY,CNC,MARKET,DAY,8,0.0,0.0,2026-09-15 09:21:58,COMPLETE,8,1754.69
ORD20003184,C100184,MARUTI,NSE,SELL,MIS,LIMIT,DAY,3,11999.2,0.0,2026-09-15 09:22:45,COMPLETE,3,11999.2
ORD20001494,C100092,NTPC,NSE,SELL,MIS,MARKET,DAY,41,0.0,0.0,2026-09-15 09:24:12,COMPLETE,41,349.49
ORD20001212,C100106,RELIANCE,NSE,SELL,CNC,MARKET,DAY,17,0.0,0.0,2026-09-15 09:27:54,COMPLETE,17,2906.3
ORD20002920,C100121,TATAMOTORS,NSE,BUY,MIS,LIMIT,DAY,119,934.75,0.0,2026-09-15 09:28:30,REJECTED,0,0.0
ORD20004969,C100054,TITAN,NSE,SELL,CNC,MARKET,DAY,14,0.0,0.0,2026-09-15 09:28:34,CANCELLED,0,0.0
ORD20002776,C100179,HINDUNILVR,NSE,SELL,CNC,LIMIT,DAY,1,2166.6,0.0,2026-09-15 09:32:51,OPEN,0,0.0
ORD20003627,C100066,MARUTI,NSE,BUY,MIS,LIMIT,DAY,2,11526.8,0.0,2026-09-15 09:33:21,COMPLETE,2,11526.8
ORD20004103,C100005,HINDUNILVR,NSE,SELL,MIS,SL,DAY,18,2348.95,2360.7,2026-09-15 09:34:08,COMPLETE,18,2349.18
ORD20000661,C100151,ITC,NSE,SELL,CNC,SL,DAY,137,465.95,468.3,2026-09-15 09:34:27,COMPLETE,137,465.75
ORD20004200,C100009,SBIN,NSE,SELL,MIS,LIMIT,DAY,39,793.3,0.0,2026-09-15 09:35:49,COMPLETE,39,793.3
ORD20004409,C100096,BHARTIARTL,NSE,BUY,CNC,LIMIT,DAY,103,1360.25,0.0,2026-09-15 09:36:30,COMPLETE,103,1360.25
ORD20000288,C100119,ONGC,NSE,SELL,MIS,LIMIT,DAY,25,259.2,0.0,2026-09-15 09:37:03,COMPLETE,25,259.2
ORD20004607,C100151,RELIANCE,NSE,BUY,CNC,LIMIT,DAY,4,2980.4,0.0,2026-09-15 09:39:00,COMPLETE,4,2980.4
ORD20000953,C100099,HDFCBANK,NSE,SELL,MIS,LIMIT,DAY,20,1650.0,0.0,2026-09-15 09:40:59,COMPLETE,20,1650.0
ORD20002880,C100018,INFY,NSE,BUY,MIS,LIMIT,DAY,12,1550.85,0.0,2026-09-15 09:44:40,COMPLETE,12,1550.85
ORD20003735,C100019,ASIANPAINT,BSE,BUY,CNC,MARKET,DAY,1,0.0,0.0,2026-09-15 09:45:03,CANCELLED,0,0.0
ORD20002705,C100174,KOTAKBANK,NSE,BUY,MIS,LIMIT,DAY,20,1772.6,0.0,2026-09-15 09:45:04,COMPLETE,20,1772.6
ORD20004801,C100171,HINDUNILVR,NSE,BUY,MIS,SL,DAY,20,2304.85,2293.3,2026-09-15 09:45:12,COMPLETE,20,2305.55
ORD20001866,C100008,AXISBANK,NSE,BUY,CNC,LIMIT,DAY,78,1153.7,0.0,2026-09-15 09:45:16,COMPLETE,78,1153.7
ORD20000469,C100158,RELIANCE,NSE,BUY,CNC,SL,DAY,8,2839.75,2825.55,2026-09-15 09:46:24,COMPLETE,8,2837.75
ORD20002746,C100192,SBIN,NSE,SELL,CNC,MARKET,DAY,5,0.0,0.0,2026-09-15 09:47:34,COMPLETE,5,768.3
ORD20001423,C100168,AXISBANK,NSE,BUY,CNC,LIMIT,DAY,22,1158.8,0.0,2026-09-15 09:47:41,COMPLETE,22,1158.8
ORD20000356,C100079,HDFCBANK,NSE,SELL,CNC,MARKET,DAY,2,0.0,0.0,2026-09-15 09:50:28,COMPLETE,2,1698.48
ORD20000943,C100047,SBIN,NSE,BUY,MIS,LIMIT,DAY,15,828.75,0.0,2026-09-15 09:53:26,CANCELLED,0,0.0
ORD20004667,C100175,SBIN,NSE,SELL,CNC,MARKET,DAY,8,0.0,0.0,2026-09-15 09:58:45,COMPLETE,8,792.8
ORD20003150,C100051,TATAMOTORS,NSE,SELL,CNC,LIMIT,DAY,4,952.05,0.0,2026-09-15 10:07:39,COMPLETE,4,952.05
ORD20004549,C100073,ITC,NSE,BUY,MIS,LIMIT,DAY,241,454.7,0.0,2026-09-15 10:07:56,COMPLETE,241,454.7
ORD20001662,C100009,TATAMOTORS,NSE,BUY,CNC,LIMIT,DAY,7,944.25,0.0,2026-09-15 10:08:15,COMPLETE,7,944.25
ORD20004735,C100146,HINDUNILVR,BSE,BUY,MIS,LIMIT,DAY,2,2282.9,0.0,2026-09-15 10:08:16,COMPLETE,2,2282.9
ORD20001878,C100004,RELIANCE,NSE,SELL,MIS,MARKET,DAY,2,0.0,0.0,2026-09-15 10:10:16,COMPLETE,2,2793.02
ORD20003289,C100012,NTPC,NSE,BUY,MIS,MARKET,DAY,191,0.0,0.0,2026-09-15 10:15:34,COMPLETE,191,352.56
ORD20003333,C100015,ASIANPAINT,NSE,BUY,MIS,LIMIT,DAY,2,2873.95,0.0,2026-09-15 10:15:34,COMPLETE,2,2873.95
ORD20000865,C100127,ITC,BSE,BUY,CNC,LIMIT,DAY,61,454.1,0.0,2026-09-15 10:16:13,COMPLETE,61,454.1
ORD20002671,C100163,ONGC,NSE,SELL,MIS,LIMIT,DAY,22,257.6,0.0,2026-09-15 10:16:30,PARTIAL,5,257.6
ORD20002662,C100099,RELIANCE,NSE,BUY,MIS,LIMIT,DAY,22,2990.15,0.0,2026-09-15 10:16:46,CANCELLED,0,0.0
ORD20000493,C100059,BHARTIARTL,NSE,BUY,MIS,LIMIT,DAY,5,1382.9,0.0,2026-09-15 10:17:17,COMPLETE,5,1382.9
ORD20002628,C100041,INFY,NSE,BUY,MIS,MARKET,DAY,42,0.0,0.0,2026-09-15 10:17:40,CANCELLED,0,0.0
ORD20002854,C100163,ICICIBANK,NSE,BUY,MIS,MARKET,DAY,29,0.0,0.0,2026-09-15 10:18:36,COMPLETE,29,1166.39
ORD20003945,C100058,SBIN,NSE,BUY,MIS,MARKET,DAY,63,0.0,0.0,2026-09-15 10:18:53,COMPLETE,63,801.7
ORD20000605,C100037,ITC,NSE,SELL,MIS,SL,DAY,175,452.85,455.1,2026-09-15 10:22:37,CANCELLED,0,0.0
ORD20004413,C100022,HDFCBANK,NSE,BUY,CNC,SL,DAY,80,1653.15,1644.85,2026-09-15 10:24:46,REJECTED,0,0.0
ORD20000406,C100068,HDFCBANK,NSE,BUY,CNC,LIMIT,DAY,4,1738.25,0.0,2026-09-15 10:28:48,CANCELLED,0,0.0
ORD20003432,C100168,NTPC,NSE,BUY,MIS,LIMIT,DAY,75,361.9,0.0,2026-09-15 10:29:40,COMPLETE,75,361.9
ORD20000728,C100044,HINDUNILVR,NSE,SELL,CNC,LIMIT,DAY,8,2441.2,0.0,2026-09-15 10:31:25,REJECTED,0,0.0
ORD20000028,C100188,ICICIBANK,NSE,BUY,MIS,LIMIT,DAY,15,1173.85,0.0,2026-09-15 10:31:31,COMPLETE,15,1173.85
ORD20003672,C100139,NTPC,NSE,SELL,MIS,LIMIT,DAY,52,348.2,0.0,2026-09-15 10:33:22,COMPLETE,52,348.2
ORD20003832,C100054,ITC,NSE,SELL,MIS,MARKET,DAY,20,0.0,0.0,2026-09-15 10:36:38,COMPLETE,20,451.15
ORD20001792,C100187,BHARTIARTL,NSE,SELL,MIS,LIMIT,DAY,50,1343.45,0.0,2026-09-15 10:37:12,COMPLETE,50,1343.45
ORD20000264,C100106,NTPC,NSE,SELL,CNC,MARKET,DAY,316,0.0,0.0,2026-09-15 10:37:21,COMPLETE,316,382.2
ORD20004431,C100185,ONGC,NSE,BUY,CNC,LIMIT,DAY,19,272.55,0.0,2026-09-15 10:37:36,COMPLETE,19,272.55
ORD20000579,C100172,HDFCBANK,NSE,SELL,CNC,SL,DAY,14,1663.0,1671.3,2026-09-15 10:38:06,COMPLETE,14,1663.4
ORD20004113,C100138,NTPC,NSE,BUY,MIS,LIMIT,DAY,42,343.65,0.0,2026-09-15 10:40:55,COMPLETE,42,343.65
ORD20003538,C100136,ICICIBANK,NSE,SELL,MIS,MARKET,DAY,123,0.0,0.0,2026-09-15 10:42:11,COMPLETE,123,1180.0
ORD20002162,C100167,AXISBANK,NSE,BUY,CNC,LIMIT,DAY,86,1141.95,0.0,2026-09-15 10:42:18,PARTIAL,28,1141.95
ORD20004855,C100126,ICICIBANK,NSE,SELL,CNC,LIMIT,DAY,60,1195.65,0.0,2026-09-15 10:42:45,COMPLETE,60,1195.65
ORD20000497,C100039,RELIANCE,NSE,BUY,CNC,LIMIT,DAY,3,2937.8,0.0,2026-09-15 10:42:56,COMPLETE,3,2937.8
ORD20000051,C100027,ITC,NSE,BUY,MIS,LIMIT,DAY,291,462.45,0.0,2026-09-15 10:45:51,COMPLETE,291,462.45
ORD20001599,C100086,RELIANCE,NSE,SELL,CNC,MARKET,DAY,2,0.0,0.0,2026-09-15 10:46:01,COMPLETE,2,2884.8
ORD20004480,C100125,AXISBANK,NSE,SELL,MIS,MARKET,DAY,31,0.0,0.0,2026-09-15 10:47:06,COMPLETE,31,1154.27
ORD20004777,C100187,ONGC,NSE,SELL,CNC,MARKET,DAY,22,0.0,0.0,2026-09-15 10:48:16,COMPLETE,22,266.3
ORD20000854,C100105,INFY,NSE,BUY,CNC,SL,DAY,43,1616.85,1608.8,2026-09-15 10:48:19,COMPLETE,43,1616.3
ORD20004685,C100036,NTPC,NSE,BUY,MIS,LIMIT,DAY,37,356.4,0.0,2026-09-15 10:48:23,COMPLETE,37,356.4
ORD20001241,C100114,AXISBANK,BSE,SELL,MIS,LIMIT,DAY,4,1108.35,0.0,2026-09-15 10:48:27,COMPLETE,4,1108.35
ORD20002138,C100181,ITC,NSE,BUY,CNC,LIMIT,DAY,106,469.85,0.0,2026-09-15 10:49:52,COMPLETE,106,469.85
ORD20003433,C100043,ONGC,NSE,SELL,CNC,MARKET,DAY,499,0.0,0.0,2026-09-15 10:56:25,COMPLETE,499,279.77
ORD20002277,C100101,ASIANPAINT,NSE,SELL,CNC,LIMIT,DAY,11,2912.3,0.0,2026-09-15 10:59:17,COMPLETE,11,2912.3
ORD20001235,C100122,HDFCBANK,NSE,SELL,CNC,MARKET,DAY,39,0.0,0.0,2026-09-15 11:00:17,COMPLETE,39,1723.1
ORD20001778,C100117,ITC,NSE,SELL,MIS,MARKET,DAY,158,0.0,0.0,2026-09-15 11:01:23,COMPLETE,158,472.05
ORD20000398,C100055,RELIANCE,NSE,BUY,CNC,LIMIT,DAY,10,2956.65,0.0,2026-09-15 11:02:49,COMPLETE,10,2956.65
ORD20003233,C100049,ITC,BSE,SELL,MIS,MARKET,DAY,83,0.0,0.0,2026-09-15 11:03:10,COMPLETE,83,452.3
ORD20004433,C100124,ICICIBANK,BSE,BUY,MIS,LIMIT,DAY,95,1232.75,0.0,2026-09-15 11:04:59,COMPLETE,95,1232.75
ORD20002527,C100028,NTPC,NSE,BUY,CNC,MARKET,DAY,137,0.0,0.0,2026-09-15 11:06:13,COMPLETE,137,369.1
ORD20003535,C100187,TCS,NSE,SELL,CNC,LIMIT,DAY,9,3996.85,0.0,2026-09-15 11:06:41,COMPLETE,9,3996.85
ORD20000833,C100180,HDFCBANK,NSE,BUY,MIS,MARKET,DAY,20,0.0,0.0,2026-09-15 11:06:58,COMPLETE,20,1558.27
ORD20004245,C100150,HDFCBANK,NSE,SELL,CNC,LIMIT,DAY,34,1622.1,0.0,2026-09-15 11:08:48,COMPLETE,34,1622.1
ORD20004533,C100039,KOTAKBANK,NSE,SELL,MIS,LIMIT,DAY,12,1751.65,0.0,2026-09-15 11:12:54,COMPLETE,12,1751.65
ORD20004891,C100025,ITC,NSE,SELL,MIS,LIMIT,DAY,71,457.55,0.0,2026-09-15 11:13:55,PARTIAL,43,457.55
ORD20001322,C100050,MARUTI,NSE,BUY,MIS,LIMIT,DAY,6,12166.3,0.0,2026-09-15 11:13:57,COMPLETE,6,12166.3
ORD20000249,C100086,RELIANCE,NSE,SELL,MIS,LIMIT,DAY,1,2922.8,0.0,2026-09-15 11:15:14,COMPLETE,1,2922.8
ORD20001902,C100042,NTPC,NSE,BUY,MIS,MARKET,DAY,161,0.0,0.0,2026-09-15 11:17:03,OPEN,0,0.0
ORD20004839,C100065,MARUTI,NSE,SELL,MIS,LIMIT,DAY,12,11729.8,0.0,2026-09-15 11:17:36,CANCELLED,0,0.0
ORD20003618,C100033,ITC,NSE,SELL,CNC,LIMIT,DAY,6,446.7,0.0,2026-09-15 11:19:21,COMPLETE,6,446.7
ORD20004338,C100120,HINDUNILVR,NSE,BUY,CNC,LIMIT,DAY,2,2415.5,0.0,2026-09-15 11:20:07,COMPLETE,2,2415.5
ORD20002289,C100154,MARUTI,NSE,SELL,MIS,SL,DAY,1,11760.8,11819.6,2026-09-15 11:20:25,COMPLETE,1,11753.2
ORD20004904,C100020,NTPC,NSE,BUY,MIS,SL,DAY,31,353.9,352.1,2026-09-15 11:20:33,COMPLETE,31,353.8
ORD20002117,C100119,HINDUNILVR,BSE,BUY,CNC,MARKET,DAY,13,0.0,0.0,2026-09-15 11:23:19,REJECTED,0,0.0
ORD20003882,C100020,SBIN,NSE,BUY,CNC,LIMIT,DAY,8,826.0,0.0,2026-09-15 11:24:05,PARTIAL,5,826.0
ORD20001727,C100117,TATAMOTORS,BSE,BUY,CNC,MARKET,DAY,44,0.0,0.0,2026-09-15 11:24:34,COMPLETE,44,958.8
ORD20002953,C100086,KOTAKBANK,NSE,SELL,MIS,SL,DAY,10,1682.65,1691.05,2026-09-15 11:25:56,COMPLETE,10,1683.29
ORD20000936,C100199,HINDUNILVR,NSE,SELL,MIS,LIMIT,DAY,1,2463.9,0.0,2026-09-15 11:26:35,COMPLETE,1,2463.9
ORD20000232,C100124,ASIANPAINT,NSE,BUY,MIS,MARKET,DAY,27,0.0,0.0,2026-09-15 11:29:15,COMPLETE,27,2899.85
ORD20004420,C100056,RELIANCE,NSE,SELL,MIS,MARKET,DAY,4,0.0,0.0,2026-09-15 11:30:53,COMPLETE,4,2815.75
ORD20001809,C100052,ITC,NSE,SELL,MIS,LIMIT,DAY,7,463.9,0.0,2026-09-15 11:32:22,COMPLETE,7,463.9
ORD20000329,C100147,NTPC,NSE,BUY,CNC,LIMIT,DAY,38,336.15,0.0,2026-09-15 11:32:52,COMPLETE,38,336.15
ORD20003481,C100131,TATAMOTORS,NSE,BUY,MIS,SL,DAY,33,952.65,947.9,2026-09-15 11:32:55,COMPLETE,33,952.0
ORD20003428,C100092,SBIN,NSE,BUY,MIS,LIMIT,DAY,4,780.65,0.0,2026-09-15 11:33:07,COMPLETE,4,780.65
ORD20003188,C100147,ASIANPAINT,NSE,SELL,CNC,LIMIT,DAY,38,2946.4,0.0,2026-09-15 11:33:36,COMPLETE,38,2946.4
ORD20001527,C100142,HINDUNILVR,BSE,BUY,MIS,SL,DAY,21,2491.0,2478.55,2026-09-15 11:33:40,COMPLETE,21,2491.25
ORD20003997,C100068,ICICIBANK,BSE,SELL,MIS,MARKET,DAY,22,0.0,0.0,2026-09-15 11:35:43,COMPLETE,22,1220.39
ORD20003158,C100110,ONGC,NSE,SELL,MIS,LIMIT,DAY,249,261.0,0.0,2026-09-15 11:35:44,COMPLETE,249,261.0
ORD20004006,C100090,HINDUNILVR,NSE,BUY,CNC,SL,DAY,1,2368.9,2357.05,2026-09-15 11:37:23,CANCELLED,0,0.0
ORD20001000,C100195,HINDUNILVR,NSE,BUY,CNC,LIMIT,DAY,3,2317.1,0.0,2026-09-15 11:38:41,COMPLETE,3,2317.1
ORD20003966,C100040,TATAMOTORS,BSE,BUY,MIS,LIMIT,DAY,48,900.45,0.0,2026-09-15 11:39:51,COMPLETE,48,900.45
ORD20003241,C100020,HINDUNILVR,NSE,SELL,MIS,MARKET,DAY,1,0.0,0.0,2026-09-15 11:41:54,COMPLETE,1,2325.05
ORD20004535,C100045,RELIANCE,NSE,BUY,MIS,MARKET,DAY,2,0.0,0.0,2026-09-15 11:42:26,CANCELLED,0,0.0
ORD20001977,C100116,INFY,NSE,SELL,CNC,LIMIT,DAY,35,1644.2,0.0,2026-09-15 11:42:54,COMPLETE,35,1644.2
ORD20004666,C100156,TATAMOTORS,NSE,BUY,MIS,SL,DAY,16,901.4,896.9,2026-09-15 11:44:02,COMPLETE,16,901.03
ORD20002301,C100010,MARUTI,NSE,SELL,MIS,LIMIT,DAY,3,11925.15,0.0,2026-09-15 11:44:51,COMPLETE,3,11925.15
ORD20001310,C100102,ITC,NSE,SELL,CNC,LIMIT,DAY,29,458.55,0.0,2026-09-15 11:46:18,COMPLETE,29,458.55
ORD20004772,C100112,BHARTIARTL,NSE,SELL,CNC,SL,DAY,76,1440.15,1447.35,2026-09-15 11:48:40,COMPLETE,76,1439.32
ORD20002360,C100161,KOTAKBANK,NSE,BUY,CNC,LIMIT,DAY,8,1694.75,0.0,2026-09-15 11:49:33,COMPLETE,8,1694.75
ORD20002427,C100138,ASIANPAINT,NSE,SELL,MIS,MARKET,DAY,10,0.0,0.0,2026-09-15 11:49:56,COMPLETE,10,3146.1
ORD20001517,C100149,RELIANCE,NSE,BUY,CNC,MARKET,DAY,51,0.0,0.0,2026-09-15 11:51:25,COMPLETE,51,2855.26
ORD20003031,C100086,ICICIBANK,NSE,SELL,CNC,LIMIT,DAY,19,1141.55,0.0,2026-09-15 11:52:56,COMPLETE,19,1141.55
ORD20000464,C100197,KOTAKBANK,NSE,BUY,MIS,MARKET,DAY,5,0.0,0.0,2026-09-15 11:53:30,COMPLETE,5,1788.44
ORD20002374,C100050,ITC,NSE,SELL,MIS,LIMIT,DAY,63,457.25,0.0,2026-09-15 11:54:24,COMPLETE,63,457.25
ORD20004117,C100013,TATAMOTORS,NSE,SELL,CNC,MARKET,DAY,7,0.0,0.0,2026-09-15 11:55:10,COMPLETE,7,972.42
ORD20000853,C100026,NTPC,NSE,SELL,MIS,MARKET,DAY,79,0.0,0.0,2026-09-15 11:55:25,COMPLETE,79,359.6
ORD20001613,C100154,ITC,NSE,SELL,CNC,LIMIT,DAY,28,437.75,0.0,2026-09-15 11:57:37,COMPLETE,28,437.75
ORD20004341,C100197,AXISBANK,NSE,SELL,CNC,SL,DAY,49,1109.15,1114.7,2026-09-15 11:58:55,COMPLETE,49,1109.15
ORD20003416,C100041,NTPC,NSE,BUY,MIS,LIMIT,DAY,10,351.0,0.0,2026-09-15 11:59:06,COMPLETE,10,351.0
ORD20004732,C100163,TATAMOTORS,NSE,SELL,MIS,LIMIT,DAY,53,991.15,0.0,2026-09-15 12:00:51,COMPLETE,53,991.15
ORD20003953,C100017,ONGC,NSE,BUY,MIS,LIMIT,DAY,133,255.95,0.0,2026-09-15 12:00:55,COMPLETE,133,255.95
ORD20001474,C100039,AXISBANK,NSE,SELL,CNC,MARKET,DAY,25,0.0,0.0,2026-09-15 12:01:39,COMPLETE,25,1170.95
ORD20000010,C100186,ICICIBANK,NSE,BUY,CNC,LIMIT,DAY,5,1203.85,0.0,2026-09-15 12:02:12,COMPLETE,5,1203.85
ORD20002869,C100129,SBIN,NSE,BUY,CNC,LIMIT,DAY,153,795.75,0.0,2026-09-15 12:02:36,COMPLETE,153,795.75
ORD20004964,C100109,ASIANPAINT,NSE,SELL,CNC,MARKET,DAY,2,0.0,0.0,2026-09-15 12:04:41,PARTIAL,1,3101.6
ORD20002294,C100184,TCS,NSE,SELL,MIS,LIMIT,DAY,8,3947.35,0.0,2026-09-15 12:05:50,COMPLETE,8,3947.35
ORD20004028,C100112,AXISBANK,NSE,SELL,CNC,MARKET,DAY,5,0.0,0.0,2026-09-15 12:05:54,COMPLETE,5,1139.55
ORD20003830,C100161,TATAMOTORS,NSE,BUY,MIS,LIMIT,DAY,56,1004.55,0.0,2026-09-15 12:06:50,COMPLETE,56,1004.55
ORD20004948,C100198,TATAMOTORS,NSE,BUY,CNC,LIMIT,DAY,38,928.2,0.0,2026-09-15 12:07:25,COMPLETE,38,928.2
ORD20001275,C100043,RELIANCE,NSE,SELL,MIS,LIMIT,DAY,7,2768.25,0.0,2026-09-15 12:07:34,CANCELLED,0,0.0
ORD20003199,C100044,HDFCBANK,NSE,SELL,MIS,LIMIT,DAY,75,1665.85,0.0,2026-09-15 12:09:09,COMPLETE,75,1665.85
ORD20001542,C100089,HINDUNILVR,NSE,BUY,MIS,LIMIT,DAY,19,2359.85,0.0,2026-09-15 12:11:51,COMPLETE,19,2359.85
ORD20002729,C100178,ITC,BSE,SELL,MIS,MARKET,DAY,178,0.0,0.0,2026-09-15 12:11:54,COMPLETE,178,473.1
ORD20001708,C100002,HINDUNILVR,BSE,SELL,MIS,MARKET,DAY,40,0.0,0.0,2026-09-15 12:12:04,COMPLETE,40,2538.93
ORD20003750,C100122,RELIANCE,NSE,BUY,MIS,MARKET,DAY,12,0.0,0.0,2026-09-15 12:13:54,COMPLETE,12,2989.0
ORD20002314,C100135,ITC,NSE,BUY,MIS,LIMIT,DAY,29,456.15,0.0,2026-09-15 12:14:38,CANCELLED,0,0.0
ORD20004847,C100158,RELIANCE,NSE,BUY,MIS,LIMIT,DAY,1,3024.45,0.0,2026-09-15 12:14:58,CANCELLED,0,0.0
ORD20004236,C100051,TITAN,NSE,BUY,MIS,LIMIT,DAY,8,3291.6,0.0,2026-09-15 12:16:03,COMPLETE,8,3291.6
ORD20001363,C100049,ASIANPAINT,NSE,SELL,CNC,MARKET,DAY,17,0.0,0.0,2026-09-15 12:18:12,COMPLETE,17,2939.65
ORD20002137,C100136,NTPC,NSE,SELL,CNC,SL,DAY,142,361.15,363.0,2026-09-15 12:18:55,CANCELLED,0,0.0
ORD20004761,C100170,TITAN,NSE,SELL,MIS,MARKET,DAY,1,0.0,0.0,2026-09-15 12:19:05,COMPLETE,1,3288.3
ORD20002725,C100141,ITC,NSE,BUY,CNC,SL,DAY,19,435.6,433.45,2026-09-15 12:26:51,COMPLETE,19,435.34
ORD20002174,C100052,HDFCBANK,NSE,BUY,MIS,LIMIT,DAY,29,1698.05,0.0,2026-09-15 12:26:59,REJECTED,0,0.0
ORD20002969,C100093,HINDUNILVR,NSE,SELL,MIS,LIMIT,DAY,39,2481.55,0.0,2026-09-15 12:31:19,CANCELLED,0,0.0
ORD20002199,C100032,ASIANPAINT,NSE,BUY,MIS,MARKET,DAY,2,0.0,0.0,2026-09-15 12:31:47,COMPLETE,2,2942.73
ORD20001053,C100105,ITC,NSE,SELL,CNC,LIMIT,DAY,15,467.25,0.0,2026-09-15 12:32:00,CANCELLED,0,0.0
ORD20004270,C100085,TATAMOTORS,NSE,SELL,CNC,MARKET,DAY,7,0.0,0.0,2026-09-15 12:32:54,COMPLETE,7,972.12
ORD20003516,C100187,HINDUNILVR,BSE,SELL,CNC,MARKET,DAY,56,0.0,0.0,2026-09-15 12:35:15,COMPLETE,56,2459.91
ORD20003543,C100131,RELIANCE,NSE,BUY,MIS,MARKET,DAY,10,0.0,0.0,2026-09-15 12:36:39,COMPLETE,10,2852.95
ORD20002684,C100133,HINDUNILVR,NSE,BUY,MIS,MARKET,DAY,13,0.0,0.0,2026-09-15 12:37:30,COMPLETE,13,2420.01
ORD20003573,C100137,RELIANCE,BSE,BUY,CNC,LIMIT,DAY,1,2775.9,0.0,2026-09-15 12:38:22,COMPLETE,1,2775.9
ORD20002559,C100191,HINDUNILVR,NSE,BUY,MIS,LIMIT,DAY,23,2489.5,0.0,2026-09-15 12:39:03,COMPLETE,23,2489.5
ORD20000963,C100120,ONGC,NSE,SELL,CNC,SL,DAY,47,282.05,283.45,2026-09-15 12:40:18,COMPLETE,47,281.95
ORD20002970,C100049,ICICIBANK,BSE,SELL,CNC,MARKET,DAY,94,0.0,0.0,2026-09-15 12:40:58,COMPLETE,94,1167.6
ORD20003229,C100031,HINDUNILVR,NSE,BUY,MIS,SL,DAY,33,2489.95,2477.5,2026-09-15 12:41:50,COMPLETE,33,2489.95
ORD20002059,C100065,ASIANPAINT,NSE,BUY,MIS,MARKET,DAY,1,0.0,0.0,2026-09-15 12:43:33,REJECTED,0,0.0
ORD20004876,C100132,ITC,NSE,BUY,MIS,LIMIT,DAY,91,465.15,0.0,2026-09-15 12:45:37,COMPLETE,91,465.15
ORD20001318,C100007,TITAN,NSE,BUY,MIS,SL,DAY,2,3398.85,3381.9,2026-09-15 12:47:13,COMPLETE,2,3403.55
ORD20001351,C100006,NTPC,NSE,BUY,MIS,LIMIT,DAY,168,348.35,0.0,2026-09-15 12:48:08,CANCELLED,0,0.0
ORD20001058,C100187,ITC,NSE,SELL,MIS,MARKET,DAY,15,0.0,0.0,2026-09-15 12:50:11,COMPLETE,15,443.32
ORD20002855,C100198,BHARTIARTL,NSE,BUY,MIS,LIMIT,DAY,4,1446.45,0.0,2026-09-15 12:50:49,COMPLETE,4,1446.45
ORD20003682,C100165,HDFCBANK,NSE,SELL,CNC,SL,DAY,8,1581.35,1589.3,2026-09-15 12:51:25,COMPLETE,8,1581.09
ORD20000727,C100197,KOTAKBANK,NSE,SELL,CNC,LIMIT,DAY,33,1759.15,0.0,2026-09-15 12:51:46,COMPLETE,33,1759.15
ORD20003530,C100142,ITC,NSE,SELL,MIS,LIMIT,DAY,78,442.1,0.0,2026-09-15 12:53:56,COMPLETE,78,442.1
ORD20000681,C100149,SBIN,NSE,SELL,MIS,SL,DAY,3,809.15,813.2,2026-09-15 12:54:43,COMPLETE,3,808.72
ORD20000267,C100101,ITC,NSE,SELL,MIS,MARKET,DAY,80,0.0,0.0,2026-09-15 12:56:29,COMPLETE,80,447.09
ORD20000279,C100013,RELIANCE,BSE,BUY,MIS,MARKET,DAY,25,0.0,0.0,2026-09-15 12:59:13,COMPLETE,25,2882.06
ORD20003822,C100189,HDFCBANK,NSE,BUY,MIS,LIMIT,DAY,8,1613.05,0.0,2026-09-15 12:59:36,COMPLETE,8,1613.05
ORD20001515,C100047,INFY,NSE,BUY,CNC,LIMIT,DAY,9,1655.9,0.0,2026-09-15 13:00:16,COMPLETE,9,1655.9
ORD20000607,C100092,ASIANPAINT,NSE,SELL,CNC,SL,DAY,52,2803.55,2817.55,2026-09-15 13:00:52,COMPLETE,52,2804.3
ORD20004811,C100175,BHARTIARTL,NSE,BUY,CNC,MARKET,DAY,83,0.0,0.0,2026-09-15 13:01:42,COMPLETE,83,1302.44
ORD20004557,C100124,RELIANCE,NSE,BUY,MIS,LIMIT,DAY,3,3044.1,0.0,2026-09-15 13:05:35,COMPLETE,3,3044.1
ORD20000407,C100078,RELIANCE,NSE,BUY,MIS,MARKET,DAY,39,0.0,0.0,2026-09-15 13:07:38,CANCELLED,0,0.0
ORD20004264,C100075,HINDUNILVR,NSE,BUY,MIS,LIMIT,DAY,19,2489.1,0.0,2026-09-15 13:08:06,COMPLETE,19,2489.1
ORD20000535,C100086,HDFCBANK,NSE,SELL,CNC,LIMIT,DAY,7,1538.4,0.0,2026-09-15 13:11:31,COMPLETE,7,1538.4
ORD20002586,C100036,ITC,NSE,BUY,CNC,LIMIT,DAY,266,445.1,0.0,2026-09-15 13:11:54,COMPLETE,266,445.1
ORD20003050,C100130,AXISBANK,NSE,BUY,MIS,MARKET,DAY,5,0.0,0.0,2026-09-15 13:14:28,REJECTED,0,0.0
ORD20004995,C100056,ONGC,NSE,BUY,CNC,MARKET,DAY,211,0.0,0.0,2026-09-15 13:16:54,COMPLETE,211,267.2
ORD20001516,C100135,ICICIBANK,NSE,SELL,MIS,LIMIT,DAY,7,1166.85,0.0,2026-09-15 13:21:47,COMPLETE,7,1166.85
ORD20004176,C100145,ICICIBANK,NSE,SELL,CNC,MARKET,DAY,61,0.0,0.0,2026-09-15 13:28:04,COMPLETE,61,1151.85
ORD20004762,C100029,MARUTI,NSE,BUY,MIS,MARKET,DAY,9,0.0,0.0,2026-09-15 13:31:07,COMPLETE,9,11943.2
ORD20004953,C100137,MARUTI,NSE,SELL,CNC,MARKET,DAY,4,0.0,0.0,2026-09-15 13:31:28,COMPLETE,4,11922.89
ORD20002340,C100174,RELIANCE,NSE,BUY,CNC,LIMIT,DAY,12,2905.2,0.0,2026-09-15 13:33:04,COMPLETE,12,2905.2
ORD20001419,C100003,LT,BSE,SELL,MIS,MARKET,DAY,6,0.0,0.0,2026-09-15 13:34:17,COMPLETE,6,3403.9
ORD20002704,C100099,AXISBANK,NSE,BUY,CNC,LIMIT,DAY,61,1201.8,0.0,2026-09-15 13:36:30,CANCELLED,0,0.0
ORD20001213,C100003,HINDUNILVR,NSE,SELL,MIS,SL,DAY,4,2457.05,2469.35,2026-09-15 13:37:39,COMPLETE,4,2457.65
ORD20004142,C100107,RELIANCE,NSE,SELL,CNC,LIMIT,DAY,22,2716.75,0.0,2026-09-15 13:37:47,REJECTED,0,0.0
ORD20004368,C100135,ITC,NSE,BUY,MIS,MARKET,DAY,6,0.0,0.0,2026-09-15 13:39:26,COMPLETE,6,475.0
ORD20003185,C100133,HINDUNILVR,NSE,BUY,MIS,MARKET,DAY,5,0.0,0.0,2026-09-15 13:42:14,COMPLETE,5,2308.53
ORD20002256,C100145,MARUTI,NSE,BUY,CNC,LIMIT,DAY,12,12038.05,0.0,2026-09-15 13:44:19,COMPLETE,12,12038.05
ORD20000390,C100116,ONGC,NSE,SELL,MIS,LIMIT,DAY,27,268.8,0.0,2026-09-15 13:44:29,COMPLETE,27,268.8
ORD20001891,C100152,TATAMOTORS,BSE,SELL,CNC,MARKET,DAY,13,0.0,0.0,2026-09-15 13:49:29,COMPLETE,13,998.27
ORD20001417,C100197,HDFCBANK,NSE,BUY,CNC,LIMIT,DAY,2,1651.25,0.0,2026-09-15 13:50:43,COMPLETE,2,1651.25
ORD20004003,C100020,HINDUNILVR,NSE,BUY,CNC,SL,DAY,20,2548.5,2535.75,2026-09-15 13:51:23,COMPLETE,20,2547.15
ORD20004135,C100020,TCS,NSE,SELL,MIS,LIMIT,DAY,1,3915.85,0.0,2026-09-15 13:51:44,COMPLETE,1,3915.85
ORD20002380,C100102,KOTAKBANK,NSE,BUY,MIS,LIMIT,DAY,5,1734.75,0.0,2026-09-15 13:52:23,COMPLETE,5,1734.75
ORD20003104,C100108,ONGC,NSE,SELL,CNC,LIMIT,DAY,106,277.15,0.0,2026-09-15 13:52:53,OPEN,0,0.0
ORD20003580,C100107,HINDUNILVR,NSE,BUY,MIS,LIMIT,DAY,9,2238.95,0.0,2026-09-15 13:54:31,COMPLETE,9,2238.95
ORD20002142,C100039,NTPC,NSE,BUY,MIS,MARKET,DAY,51,0.0,0.0,2026-09-15 13:58:42,COMPLETE,51,355.5
ORD20000762,C100064,NTPC,NSE,SELL,MIS,MARKET,DAY,12,0.0,0.0,2026-09-15 13:59:41,COMPLETE,12,360.43
ORD20004161,C100131,ASIANPAINT,NSE,BUY,MIS,LIMIT,DAY,6,2808.5,0.0,2026-09-15 14:03:44,COMPLETE,6,2808.5
ORD20000640,C100086,RELIANCE,BSE,SELL,CNC,MARKET,DAY,1,0.0,0.0,2026-09-15 14:04:23,COMPLETE,1,3001.1
ORD20000461,C100110,ICICIBANK,NSE,BUY,CNC,MARKET,DAY,50,0.0,0.0,2026-09-15 14:04:54,COMPLETE,50,1250.95
ORD20000037,C100133,INFY,NSE,BUY,MIS,SL,DAY,18,1608.15,1600.1,2026-09-15 14:06:10,COMPLETE,18,1607.61
ORD20003704,C100043,ITC,NSE,BUY,MIS,LIMIT,DAY,104,456.6,0.0,2026-09-15 14:06:37,COMPLETE,104,456.6
ORD20000752,C100058,HINDUNILVR,NSE,BUY,MIS,LIMIT,DAY,2,2498.3,0.0,2026-09-15 14:07:58,COMPLETE,2,2498.3
ORD20000287,C100010,TATAMOTORS,NSE,BUY,CNC,MARKET,DAY,3,0.0,0.0,2026-09-15 14:09:19,COMPLETE,3,948.13
ORD20004210,C100139,TATAMOTORS,NSE,SELL,CNC,MARKET,DAY,87,0.0,0.0,2026-09-15 14:11:56,COMPLETE,87,991.55
ORD20003931,C100005,TCS,NSE,BUY,MIS,MARKET,DAY,31,0.0,0.0,2026-09-15 14:14:05,COMPLETE,31,3765.8
ORD20002105,C100119,NTPC,NSE,BUY,CNC,LIMIT,DAY,14,367.95,0.0,2026-09-15 14:14:32,COMPLETE,14,367.95
ORD20003514,C100031,NTPC,BSE,SELL,CNC,LIMIT,DAY,262,361.35,0.0,2026-09-15 14:14:32,COMPLETE,262,361.35
ORD20001766,C100171,ITC,BSE,BUY,MIS,SL,DAY,10,463.4,461.1,2026-09-15 14:15:50,COMPLETE,10,462.85
ORD20000237,C100154,ITC,NSE,SELL,MIS,LIMIT,DAY,23,436.65,0.0,2026-09-15 14:17:24,COMPLETE,23,436.65
ORD20004518,C100052,HDFCBANK,NSE,SELL,MIS,LIMIT,DAY,35,1620.05,0.0,2026-09-15 14:17:41,OPEN,0,0.0
ORD20002400,C100103,AXISBANK,NSE,SELL,MIS,LIMIT,DAY,11,1074.85,0.0,2026-09-15 14:18:21,COMPLETE,11,1074.85
ORD20004382,C100000,HINDUNILVR,NSE,BUY,MIS,MARKET,DAY,24,0.0,0.0,2026-09-15 14:19:48,CANCELLED,0,0.0
ORD20004487,C100160,ITC,NSE,BUY,CNC,LIMIT,DAY,10,489.2,0.0,2026-09-15 14:20:01,REJECTED,0,0.0
ORD20001722,C100051,TATAMOTORS,NSE,SELL,CNC,LIMIT,DAY,69,928.65,0.0,2026-09-15 14:20:58,CANCELLED,0,0.0
ORD20000002,C100048,TCS,NSE,SELL,MIS,MARKET,DAY,9,0.0,0.0,2026-09-15 14:21:18,COMPLETE,9,3713.15
ORD20001624,C100160,RELIANCE,NSE,SELL,CNC,SL,DAY,47,2832.85,2847.0,2026-09-15 14:21:59,COMPLETE,47,2832.85
ORD20004365,C100101,ICICIBANK,NSE,SELL,CNC,SL,DAY,9,1278.2,1284.6,2026-09-15 14:24:35,COMPLETE,9,1278.0
ORD20002228,C100005,TATAMOTORS,BSE,BUY,CNC,LIMIT,DAY,37,988.5,0.0,2026-09-15 14:26:53,CANCELLED,0,0.0
ORD20004098,C100079,HDFCBANK,NSE,SELL,MIS,LIMIT,DAY,2,1594.4,0.0,2026-09-15 14:27:50,COMPLETE,2,1594.4
ORD20003048,C100168,MARUTI,NSE,BUY,MIS,LIMIT,DAY,2,12358.6,0.0,2026-09-15 14:28:44,COMPLETE,2,12358.6
ORD20001650,C100183,HINDUNILVR,BSE,SELL,MIS,SL,DAY,2,2323.35,2334.95,2026-09-15 14:29:47,COMPLETE,2,2323.75
ORD20002416,C100110,ITC,NSE,SELL,MIS,SL,DAY,73,435.2,437.35,2026-09-15 14:31:14,CANCELLED,0,0.0
ORD20000491,C100111,ITC,NSE,BUY,MIS,MARKET,DAY,222,0.0,0.0,2026-09-15 14:33:07,REJECTED,0,0.0
ORD20000015,C100023,ITC,BSE,BUY,CNC,LIMIT,DAY,330,432.8,0.0,2026-09-15 14:34:08,PARTIAL,155,432.8
ORD20004749,C100146,AXISBANK,NSE,BUY,CNC,LIMIT,DAY,29,1140.9,0.0,2026-09-15 14:36:14,COMPLETE,29,1140.9
ORD20004152,C100143,AXISBANK,NSE,BUY,CNC,LIMIT,DAY,6,1104.25,0.0,2026-09-15 14:40:16,COMPLETE,6,1104.25
ORD20001230,C100157,ITC,NSE,BUY,MIS,MARKET,DAY,71,0.0,0.0,2026-09-15 14:40:50,COMPLETE,71,439.27
ORD20001738,C100152,NTPC,NSE,BUY,MIS,LIMIT,DAY,77,361.65,0.0,2026-09-15 14:41:54,COMPLETE,77,361.65
ORD20004208,C100004,INFY,NSE,SELL,MIS,LIMIT,DAY,4,1666.35,0.0,2026-09-15 14:42:09,OPEN,0,0.0
ORD20002733,C100034,MARUTI,NSE,BUY,MIS,LIMIT,DAY,1,11402.65,0.0,2026-09-15 14:45:14,COMPLETE,1,11402.65
ORD20002008,C100198,TITAN,NSE,BUY,MIS,MARKET,DAY,8,0.0,0.0,2026-09-15 14:45:26,PARTIAL,2,3377.85
ORD20000703,C100147,HINDUNILVR,NSE,SELL,CNC,LIMIT,DAY,1,2266.5,0.0,2026-09-15 14:45:58,COMPLETE,1,2266.5
ORD20003895,C100086,ITC,BSE,SELL,MIS,LIMIT,DAY,60,439.5,0.0,2026-09-15 14:46:49,COMPLETE,60,439.5
ORD20004587,C100012,MARUTI,BSE,BUY,MIS,MARKET,DAY,1,0.0,0.0,2026-09-15 14:50:05,COMPLETE,1,12562.15
ORD20001674,C100133,HDFCBANK,NSE,SELL,MIS,LIMIT,DAY,36,1689.35,0.0,2026-09-15 14:52:01,COMPLETE,36,1689.35
ORD20000110,C100013,TATAMOTORS,NSE,SELL,CNC,LIMIT,DAY,50,951.95,0.0,2026-09-15 14:52:32,CANCELLED,0,0.0
ORD20000917,C100122,TATAMOTORS,NSE,BUY,MIS,LIMIT,DAY,8,924.1,0.0,2026-09-15 14:53:17,COMPLETE,8,924.1
ORD20000118,C100197,HINDUNILVR,NSE,SELL,MIS,MARKET,DAY,3,0.0,0.0,2026-09-15 14:56:39,COMPLETE,3,2443.28
ORD20004882,C100083,ITC,NSE,BUY,CNC,MARKET,DAY,10,0.0,0.0,2026-09-15 14:56:52,COMPLETE,10,469.38
ORD20000821,C100177,BHARTIARTL,NSE,BUY,MIS,MARKET,DAY,27,0.0,0.0,2026-09-15 14:57:01,COMPLETE,27,1352.28
ORD20004448,C100157,ONGC,NSE,BUY,MIS,MARKET,DAY,268,0.0,0.0,2026-09-15 15:01:26,COMPLETE,268,264.42
ORD20002629,C100078,MARUTI,NSE,SELL,CNC,SL,DAY,2,11759.6,11818.4,2026-09-15 15:08:26,COMPLETE,2,11759.75
ORD20002547,C100098,HDFCBANK,NSE,BUY,MIS,SL,DAY,35,1645.0,1636.8,2026-09-15 15:10:00,COMPLETE,35,1645.62
ORD20004372,C100075,HINDUNILVR,NSE,SELL,MIS,LIMIT,DAY,15,2439.7,0.0,2026-09-15 15:12:56,COMPLETE,15,2439.7
ORD20002063,C100050,TATAMOTORS,NSE,BUY,MIS,LIMIT,DAY,146,986.3,0.0,2026-09-15 15:14:26,PARTIAL,36,986.3
ORD20004790,C100095,ASIANPAINT,BSE,SELL,CNC,MARKET,DAY,4,0.0,0.0,2026-09-15 15:16:06,REJECTED,0,0.0
ORD20001604,C100152,RELIANCE,NSE,BUY,MIS,LIMIT,DAY,1,2737.2,0.0,2026-09-15 15:16:49,COMPLETE,1,2737.2
ORD20003017,C100076,BHARTIARTL,NSE,SELL,CNC,LIMIT,DAY,35,1406.0,0.0,2026-09-15 15:17:12,OPEN,0,0.0
ORD20003755,C100066,NTPC,NSE,SELL,CNC,LIMIT,DAY,42,343.8,0.0,2026-09-15 15:18:09,COMPLETE,42,343.8
ORD20001008,C100039,HDFCBANK,NSE,SELL,CNC,LIMIT,DAY,3,1683.1,0.0,2026-09-15 15:18:26,PARTIAL,2,1683.1
ORD20001246,C100141,TATAMOTORS,NSE,BUY,MIS,MARKET,DAY,77,0.0,0.0,2026-09-15 15:19:14,COMPLETE,77,944.29
ORD20001935,C100179,KOTAKBANK,NSE,SELL,CNC,MARKET,DAY,1,0.0,0.0,2026-09-15 15:20:07,COMPLETE,1,1751.85
ORD20003008,C100177,TITAN,NSE,SELL,CNC,LIMIT,DAY,3,3254.35,0.0,2026-09-15 15:20:09,COMPLETE,3,3254.35
ORD20000578,C100148,HINDUNILVR,NSE,SELL,CNC,LIMIT,DAY,2,2370.45,0.0,2026-09-15 15:20:27,CANCELLED,0,0.0
ORD20002947,C100111,SBIN,NSE,BUY,CNC,LIMIT,DAY,7,803.15,0.0,2026-09-15 15:22:53,COMPLETE,7,803.15
ORD20000042,C100027,TCS,NSE,BUY,MIS,LIMIT,DAY,2,3859.75,0.0,2026-09-16 09:15:21,COMPLETE,2,3859.75
ORD20003545,C100090,BHARTIARTL,NSE,SELL,CNC,LIMIT,DAY,1,1403.15,0.0,2026-09-16 09:17:12,COMPLETE,1,1403.15
ORD20003640,C100188,KOTAKBANK,NSE,BUY,CNC,MARKET,DAY,4,0.0,0.0,2026-09-16 09:19:58,COMPLETE,4,1748.24
ORD20000428,C100011,WIPRO,NSE,SELL,MIS,SL,DAY,73,454.85,457.15,2026-09-16 09:24:46,COMPLETE,73,454.85
ORD20003550,C100152,HINDUNILVR,NSE,SELL,MIS,MARKET,DAY,23,0.0,0.0,2026-09-16 09:25:51,CANCELLED,0,0.0
ORD20002859,C100159,MARUTI,NSE,BUY,CNC,MARKET,DAY,1,0.0,0.0,2026-09-16 09:25:56,COMPLETE,1,12074.3
ORD20000924,C100123,MARUTI,NSE,BUY,MIS,LIMIT,DAY,1,11593.1,0.0,2026-09-16 09:26:58,COMPLETE,1,11593.1
ORD20000388,C100048,TCS,NSE,SELL,CNC,MARKET,DAY,2,0.0,0.0,2026-09-16 09:27:00,COMPLETE,2,3699.48
ORD20004272,C100034,BHARTIARTL,NSE,BUY,MIS,MARKET,DAY,5,0.0,0.0,2026-09-16 09:27:23,COMPLETE,5,1468.63
ORD20003232,C100065,RELIANCE,NSE,BUY,CNC,SL,DAY,26,2818.95,2804.85,2026-09-16 09:31:24,CANCELLED,0,0.0
ORD20001336,C100026,ITC,NSE,SELL,MIS,LIMIT,DAY,12,451.75,0.0,2026-09-16 09:32:04,COMPLETE,12,451.75
ORD20004435,C100102,ONGC,BSE,SELL,CNC,LIMIT,DAY,294,248.85,0.0,2026-09-16 09:32:19,COMPLETE,294,248.85
ORD20002648,C100078,HINDUNILVR,NSE,BUY,MIS,MARKET,DAY,31,0.0,0.0,2026-09-16 09:32:46,COMPLETE,31,2414.8
ORD20004606,C100134,BHARTIARTL,NSE,BUY,CNC,LIMIT,DAY,4,1399.8,0.0,2026-09-16 09:37:50,COMPLETE,4,1399.8
ORD20003467,C100181,INFY,NSE,SELL,CNC,MARKET,DAY,20,0.0,0.0,2026-09-16 09:39:20,COMPLETE,20,1590.36
ORD20000458,C100090,ITC,NSE,SELL,CNC,LIMIT,DAY,101,462.9,0.0,2026-09-16 09:39:45,COMPLETE,101,462.9
ORD20000263,C100099,BHARTIARTL,NSE,BUY,MIS,LIMIT,DAY,10,1446.8,0.0,2026-09-16 09:41:24,COMPLETE,10,1446.8
ORD20004002,C100038,BHARTIARTL,NSE,SELL,CNC,LIMIT,DAY,14,1381.15,0.0,2026-09-16 09:41:54,COMPLETE,14,1381.15
ORD20000982,C100117,INFY,NSE,BUY,MIS,SL,DAY,3,1649.05,1640.8,2026-09-16 09:44:33,COMPLETE,3,1648.5
ORD20003748,C100050,ICICIBANK,NSE,SELL,MIS,LIMIT,DAY,5,1185.35,0.0,2026-09-16 09:46:34,COMPLETE,5,1185.35
ORD20002664,C100061,TATAMOTORS,NSE,BUY,MIS,LIMIT,DAY,73,957.7,0.0,2026-09-16 09:47:12,COMPLETE,73,957.7
ORD20003449,C100081,HINDUNILVR,NSE,BUY,CNC,LIMIT,DAY,1,2417.95,0.0,2026-09-16 09:48:04,COMPLETE,1,2417.95
ORD20004447,C100162,HINDUNILVR,BSE,SELL,MIS,SL,DAY,59,2388.7,2400.65,2026-09-16 09:51:41,COMPLETE,59,2389.1
ORD20003746,C100170,MARUTI,NSE,SELL,MIS,LIMIT,DAY,1,11474.35,0.0,2026-09-16 09:52:06,COMPLETE,1,11474.35
ORD20000369,C100071,ICICIBANK,NSE,SELL,MIS,LIMIT,DAY,14,1139.45,0.0,2026-09-16 09:52:18,COMPLETE,14,1139.45
ORD20004206,C100029,KOTAKBANK,BSE,SELL,CNC,LIMIT,DAY,40,1750.55,0.0,2026-09-16 09:53:06,PARTIAL,18,1750.55
ORD20004475,C100014,SUNPHARMA,NSE,SELL,MIS,LIMIT,DAY,7,1677.5,0.0,2026-09-16 09:57:43,COMPLETE,7,1677.5
ORD20000600,C100082,TATAMOTORS,NSE,BUY,MIS,MARKET,DAY,10,0.0,0.0,2026-09-16 10:01:22,COMPLETE,10,969.5
ORD20003227,C100067,NTPC,NSE,BUY,MIS,MARKET,DAY,151,0.0,0.0,2026-09-16 10:02:07,COMPLETE,151,359.15
ORD20004474,C100031,TATAMOTORS,NSE,BUY,MIS,LIMIT,DAY,6,957.55,0.0,2026-09-16 10:04:43,COMPLETE,6,957.55
ORD20003825,C100007,ICICIBANK,NSE,BUY,CNC,SL,DAY,67,1222.0,1215.9,2026-09-16 10:05:44,COMPLETE,67,1221.52
ORD20000285,C100127,ITC,NSE,SELL,MIS,MARKET,DAY,25,0.0,0.0,2026-09-16 10:09:56,COMPLETE,25,444.3
ORD20000106,C100187,TATAMOTORS,NSE,SELL,MIS,MARKET,DAY,27,0.0,0.0,2026-09-16 10:11:31,COMPLETE,27,934.65
ORD20000335,C100149,TITAN,NSE,SELL,MIS,LIMIT,DAY,3,3319.2,0.0,2026-09-16 10:13:23,COMPLETE,3,3319.2
ORD20000281,C100118,INFY,NSE,SELL,MIS,SL,DAY,4,1608.45,1616.5,2026-09-16 10:13:29,COMPLETE,4,1609.25
ORD20001237,C100122,NTPC,NSE,BUY,MIS,LIMIT,DAY,24,338.3,0.0,2026-09-16 10:17:29,COMPLETE,24,338.3
ORD20003548,C100030,HINDUNILVR,NSE,SELL,MIS,LIMIT,DAY,34,2406.4,0.0,2026-09-16 10:18:33,COMPLETE,34,2406.4
ORD20003440,C100027,HDFCBANK,BSE,SELL,MIS,LIMIT,DAY,2,1636.1,0.0,2026-09-16 10:19:10,COMPLETE,2,1636.1
ORD20004887,C100185,ICICIBANK,NSE,SELL,MIS,LIMIT,DAY,23,1194.4,0.0,2026-09-16 10:19:21,COMPLETE,23,1194.4
ORD20003036,C100195,NTPC,NSE,BUY,CNC,LIMIT,DAY,35,357.7,0.0,2026-09-16 10:19:28,COMPLETE,35,357.7
ORD20001374,C100041,ICICIBANK,NSE,BUY,CNC,LIMIT,DAY,8,1178.85,0.0,2026-09-16 10:19:34,COMPLETE,8,1178.85
ORD20001498,C100020,ICICIBANK,NSE,BUY,MIS,LIMIT,DAY,57,1164.9,0.0,2026-09-16 10:21:44,COMPLETE,57,1164.9
ORD20003659,C100134,ONGC,NSE,SELL,MIS,MARKET,DAY,415,0.0,0.0,2026-09-16 10:22:43,COMPLETE,415,273.8
ORD20001207,C100185,TITAN,NSE,SELL,CNC,LIMIT,DAY,7,3344.85,0.0,2026-09-16 10:25:26,COMPLETE,7,3344.85
ORD20003394,C100115,ICICIBANK,NSE,SELL,CNC,LIMIT,DAY,72,1133.7,0.0,2026-09-16 10:26:54,COMPLETE,72,1133.7
ORD20000482,C100149,HDFCBANK,NSE,BUY,CNC,LIMIT,DAY,13,1635.05,0.0,2026-09-16 10:28:16,CANCELLED,0,0.0
ORD20004994,C100087,MARUTI,NSE,BUY,MIS,LIMIT,DAY,2,12197.2,0.0,2026-09-16 10:29:24,COMPLETE,2,12197.2
ORD20000785,C100173,ICICIBANK,NSE,SELL,CNC,LIMIT,DAY,37,1253.25,0.0,2026-09-16 10:29:57,COMPLETE,37,1253.25
ORD20000732,C100123,SBIN,NSE,BUY,CNC,MARKET,DAY,87,0.0,0.0,2026-09-16 10:31:02,COMPLETE,87,804.58
ORD20001697,C100023,ASIANPAINT,BSE,SELL,MIS,LIMIT,DAY,13,2701.2,0.0,2026-09-16 10:31:07,COMPLETE,13,2701.2
ORD20002491,C100033,ITC,NSE,SELL,CNC,SL,DAY,91,443.75,445.95,2026-09-16 10:31:18,COMPLETE,91,443.3
ORD20001944,C100152,TATAMOTORS,NSE,SELL,MIS,SL,DAY,19,938.25,942.95,2026-09-16 10:31:20,COMPLETE,19,938.68
ORD20004856,C100131,HDFCBANK,NSE,BUY,CNC,MARKET,DAY,30,0.0,0.0,2026-09-16 10:31:35,PARTIAL,16,1691.07
ORD20002477,C100005,MARUTI,NSE,BUY,CNC,MARKET,DAY,1,0.0,0.0,2026-09-16 10:31:51,COMPLETE,1,12020.45
ORD20004336,C100103,ITC,NSE,SELL,CNC,MARKET,DAY,31,0.0,0.0,2026-09-16 10:32:09,COMPLETE,31,443.5
ORD20004567,C100112,NTPC,NSE,SELL,CNC,LIMIT,DAY,100,358.85,0.0,2026-09-16 10:32:09,COMPLETE,100,358.85
ORD20000117,C100089,INFY,NSE,BUY,MIS,MARKET,DAY,54,0.0,0.0,2026-09-16 10:32:32,COMPLETE,54,1604.28
ORD20003914,C100026,BHARTIARTL,NSE,BUY,MIS,LIMIT,DAY,5,1397.7,0.0,2026-09-16 10:33:55,COMPLETE,5,1397.7
ORD20003335,C100150,TCS,NSE,SELL,MIS,MARKET,DAY,12,0.0,0.0,2026-09-16 10:36:14,COMPLETE,12,3912.5
ORD20004778,C100042,TATAMOTORS,NSE,BUY,MIS,SL,DAY,13,956.85,952.05,2026-09-16 10:36:27,COMPLETE,13,956.35
ORD20002620,C100046,NTPC,NSE,BUY,MIS,MARKET,DAY,38,0.0,0.0,2026-09-16 10:36:41,COMPLETE,38,353.28
ORD20003309,C100131,ONGC,NSE,BUY,CNC,LIMIT,DAY,37,261.55,0.0,2026-09-16 10:36:42,REJECTED,0,0.0
ORD20000362,C100145,ONGC,NSE,SELL,MIS,MARKET,DAY,175,0.0,0.0,2026-09-16 10:37:13,COMPLETE,175,275.54
ORD20001457,C100171,BHARTIARTL,BSE,SELL,MIS,LIMIT,DAY,23,1382.6,0.0,2026-09-16 10:37:23,REJECTED,0,0.0
ORD20002299,C100080,HDFCBANK,NSE,BUY,CNC,MARKET,DAY,22,0.0,0.0,2026-09-16 10:38:40,COMPLETE,22,1604.74
ORD20002441,C100149,BHARTIARTL,NSE,BUY,MIS,LIMIT,DAY,3,1330.95,0.0,2026-09-16 10:41:20,COMPLETE,3,1330.95
ORD20004449,C100172,TATAMOTORS,NSE,BUY,CNC,MARKET,DAY,4,0.0,0.0,2026-09-16 10:43:43,COMPLETE,4,921.36
ORD20002945,C100005,ONGC,NSE,BUY,MIS,LIMIT,DAY,45,251.5,0.0,2026-09-16 10:46:34,PARTIAL,24,251.5
ORD20002010,C100141,ASIANPAINT,NSE,SELL,CNC,LIMIT,DAY,10,2870.65,0.0,2026-09-16 10:48:23,COMPLETE,10,2870.65
ORD20000498,C100149,BHARTIARTL,NSE,SELL,CNC,SL,DAY,4,1380.45,1387.35,2026-09-16 10:49:17,COMPLETE,4,1379.86
ORD20002090,C100053,HINDUNILVR,NSE,BUY,CNC,LIMIT,DAY,40,2469.6,0.0,2026-09-16 10:49:52,COMPLETE,40,2469.6
ORD20001076,C100034,TATAMOTORS,NSE,SELL,MIS,LIMIT,DAY,131,936.45,0.0,2026-09-16 10:51:22,COMPLETE,131,936.45
ORD20000533,C100085,HDFCBANK,NSE,BUY,MIS,MARKET,DAY,82,0.0,0.0,2026-09-16 10:51:35,CANCELLED,0,0.0
ORD20003105,C100197,NTPC,NSE,BUY,MIS,LIMIT,DAY,146,357.6,0.0,2026-09-16 10:55:15,COMPLETE,146,357.6
ORD20000602,C100026,BHARTIARTL,NSE,SELL,MIS,LIMIT,DAY,9,1389.25,0.0,2026-09-16 11:05:02,CANCELLED,0,0.0
ORD20003130,C100118,HINDUNILVR,BSE,SELL,MIS,SL,DAY,11,2529.75,2542.4,2026-09-16 11:06:48,COMPLETE,11,2530.22
ORD20000185,C100041,MARUTI,NSE,SELL,MIS,LIMIT,DAY,10,12217.9,0.0,2026-09-16 11:07:18,COMPLETE,10,12217.9
ORD20003714,C100113,HINDUNILVR,NSE,SELL,CNC,MARKET,DAY,1,0.0,0.0,2026-09-16 11:09:15,COMPLETE,1,2349.95
ORD20000536,C100139,TATAMOTORS,NSE,SELL,CNC,MARKET,DAY,3,0.0,0.0,2026-09-16 11:09:40,COMPLETE,3,945.57
ORD20002659,C100089,ICICIBANK,NSE,BUY,MIS,LIMIT,DAY,74,1197.7,0.0,2026-09-16 11:10:01,COMPLETE,74,1197.7
ORD20001588,C100186,ICICIBANK,NSE,SELL,MIS,LIMIT,DAY,20,1175.5,0.0,2026-09-16 11:14:46,COMPLETE,20,1175.5
ORD20003278,C100165,INFY,NSE,BUY,MIS,LIMIT,DAY,4,1615.3,0.0,2026-09-16 11:15:15,COMPLETE,4,1615.3
ORD20000380,C100141,ICICIBANK,NSE,SELL,MIS,LIMIT,DAY,54,1236.5,0.0,2026-09-16 11:16:41,COMPLETE,54,1236.5
ORD20003134,C100078,RELIANCE,NSE,BUY,MIS,LIMIT,DAY,7,2785.2,0.0,2026-09-16 11:19:04,COMPLETE,7,2785.2
ORD20001206,C100113,HDFCBANK,BSE,SELL,MIS,LIMIT,DAY,2,1688.2,0.0,2026-09-16 11:19:06,CANCELLED,0,0.0
ORD20002207,C100114,ITC,NSE,SELL,MIS,LIMIT,DAY,19,455.4,0.0,2026-09-16 11:19:14,COMPLETE,19,455.4
ORD20001885,C100040,ICICIBANK,NSE,SELL,MIS,LIMIT,DAY,18,1162.9,0.0,2026-09-16 11:20:04,COMPLETE,18,1162.9
ORD20000826,C100194,TATAMOTORS,BSE,BUY,CNC,LIMIT,DAY,6,935.2,0.0,2026-09-16 11:21:54,COMPLETE,6,935.2
ORD20004419,C100110,BHARTIARTL,NSE,SELL,CNC,SL,DAY,7,1411.3,1418.35,2026-09-16 11:22:00,PARTIAL,3,1410.92
ORD20003245,C100051,HINDUNILVR,NSE,BUY,MIS,MARKET,DAY,13,0.0,0.0,2026-09-16 11:30:54,REJECTED,0,0.0
ORD20003320,C100093,KOTAKBANK,NSE,BUY,MIS,MARKET,DAY,3,0.0,0.0,2026-09-16 11:33:19,COMPLETE,3,1755.08
ORD20004276,C100056,INFY,NSE,BUY,MIS,MARKET,DAY,69,0.0,0.0,2026-09-16 11:37:56,CANCELLED,0,0.0
ORD20004280,C100016,NTPC,NSE,BUY,MIS,MARKET,DAY,142,0.0,0.0,2026-09-16 11:39:18,PARTIAL,49,370.87
ORD20003247,C100108,ICICIBANK,NSE,SELL,CNC,LIMIT,DAY,77,1200.2,0.0,2026-09-16 11:40:35,PARTIAL,59,1200.2
ORD20000414,C100036,AXISBANK,NSE,BUY,MIS,LIMIT,DAY,103,1102.55,0.0,2026-09-16 11:40:49,COMPLETE,103,1102.55
ORD20000838,C100165,TATAMOTORS,NSE,SELL,MIS,LIMIT,DAY,115,948.5,0.0,2026-09-16 11:41:19,COMPLETE,115,948.5
ORD20002761,C100071,HDFCBANK,BSE,BUY,MIS,MARKET,DAY,3,0.0,0.0,2026-09-16 11:42:32,COMPLETE,3,1567.5
ORD20001043,C100105,SBIN,NSE,SELL,MIS,MARKET,DAY,14,0.0,0.0,2026-09-16 11:45:14,COMPLETE,14,777.36
ORD20001941,C100076,SBIN,NSE,BUY,MIS,SL,DAY,9,800.75,796.75,2026-09-16 11:46:03,CANCELLED,0,0.0
ORD20002069,C100174,BHARTIARTL,NSE,SELL,CNC,LIMIT,DAY,2,1394.25,0.0,2026-09-16 11:47:34,COMPLETE,2,1394.25
ORD20003189,C100064,HINDUNILVR,NSE,BUY,MIS,LIMIT,DAY,58,2446.75,0.0,2026-09-16 11:48:58,COMPLETE,58,2446.75
ORD20001528,C100083,HDFCBANK,NSE,SELL,CNC,LIMIT,DAY,37,1671.85,0.0,2026-09-16 11:49:06,COMPLETE,37,1671.85
ORD20001341,C100027,NTPC,NSE,SELL,CNC,MARKET,DAY,32,0.0,0.0,2026-09-16 11:49:24,COMPLETE,32,372.37
ORD20000368,C100150,NTPC,BSE,SELL,CNC,LIMIT,DAY,75,376.35,0.0,2026-09-16 11:50:38,COMPLETE,75,376.35
ORD20003228,C100137,NTPC,NSE,SELL,MIS,LIMIT,DAY,18,348.5,0.0,2026-09-16 11:53:50,COMPLETE,18,348.5
ORD20002676,C100130,HINDUNILVR,NSE,BUY,MIS,SL,DAY,29,2399.75,2387.75,2026-09-16 11:54:57,COMPLETE,29,2401.1
ORD20001454,C100176,TITAN,NSE,BUY,MIS,MARKET,DAY,1,0.0,0.0,2026-09-16 11:56:32,COMPLETE,1,3526.35
ORD20000774,C100168,BHARTIARTL,NSE,BUY,CNC,LIMIT,DAY,5,1316.15,0.0,2026-09-16 11:57:50,COMPLETE,5,1316.15
ORD20000259,C100037,MARUTI,NSE,BUY,MIS,LIMIT,DAY,11,12140.65,0.0,2026-09-16 11:58:07,COMPLETE,11,12140.65
ORD20002049,C100052,MARUTI,NSE,SELL,MIS,LIMIT,DAY,6,11899.6,0.0,2026-09-16 11:59:18,COMPLETE,6,11899.6
ORD20004670,C100185,ITC,NSE,SELL,MIS,LIMIT,DAY,20,442.9,0.0,2026-09-16 12:01:52,REJECTED,0,0.0
ORD20004252,C100096,AXISBANK,NSE,BUY,MIS,LIMIT,DAY,4,1151.85,0.0,2026-09-16 12:04:17,PARTIAL,2,1151.85
ORD20000978,C100193,NTPC,NSE,BUY,CNC,LIMIT,DAY,92,350.0,0.0,2026-09-16 12:04:35,COMPLETE,92,350.0
ORD20004727,C100030,RELIANCE,NSE,BUY,MIS,LIMIT,DAY,24,2845.8,0.0,2026-09-16 12:09:08,COMPLETE,24,2845.8
ORD20003961,C100141,ITC,NSE,SELL,CNC,LIMIT,DAY,6,467.6,0.0,2026-09-16 12:10:00,COMPLETE,6,467.6
ORD20001455,C100100,HINDUNILVR,NSE,BUY,CNC,MARKET,DAY,2,0.0,0.0,2026-09-16 12:10:02,CANCELLED,0,0.0
ORD20000182,C100063,RELIANCE,NSE,SELL,CNC,LIMIT,DAY,3,3141.95,0.0,2026-09-16 12:11:23,COMPLETE,3,3141.95
ORD20003705,C100129,AXISBANK,NSE,SELL,MIS,MARKET,DAY,4,0.0,0.0,2026-09-16 12:11:31,COMPLETE,4,1155.2
ORD20000180,C100017,HINDUNILVR,NSE,SELL,CNC,LIMIT,DAY,55,2401.95,0.0,2026-09-16 12:11:52,COMPLETE,55,2401.95
ORD20003142,C100030,HINDUNILVR,NSE,SELL,MIS,LIMIT,DAY,3,2487.8,0.0,2026-09-16 12:12:52,COMPLETE,3,2487.8
ORD20001874,C100150,RELIANCE,NSE,BUY,MIS,LIMIT,DAY,44,2857.15,0.0,2026-09-16 12:13:31,COMPLETE,44,2857.15
ORD20003093,C100021,NTPC,NSE,SELL,CNC,LIMIT,DAY,36,354.5,0.0,2026-09-16 12:15:04,COMPLETE,36,354.5
ORD20000371,C100095,BHARTIARTL,NSE,BUY,MIS,LIMIT,DAY,32,1382.95,0.0,2026-09-16 12:17:47,COMPLETE,32,1382.95
ORD20000211,C100107,ITC,NSE,SELL,CNC,MARKET,DAY,11,0.0,0.0,2026-09-16 12:19:59,COMPLETE,11,447.23
ORD20003039,C100105,MARUTI,NSE,BUY,MIS,MARKET,DAY,1,0.0,0.0,2026-09-16 12:21:23,PARTIAL,1,11991.05
ORD20001435,C100010,ONGC,NSE,SELL,MIS,LIMIT,DAY,195,266.3,0.0,2026-09-16 12:22:39,COMPLETE,195,266.3
ORD20004748,C100076,ITC,NSE,BUY,CNC,LIMIT,DAY,25,455.6,0.0,2026-09-16 12:25:23,COMPLETE,25,455.6
ORD20003729,C100000,TATAMOTORS,NSE,BUY,MIS,MARKET,DAY,33,0.0,0.0,2026-09-16 12:26:55,COMPLETE,33,958.95
ORD20001051,C100040,HINDUNILVR,NSE,SELL,MIS,LIMIT,DAY,39,2436.95,0.0,2026-09-16 12:27:37,COMPLETE,39,2436.95
ORD20003115,C100084,KOTAKBANK,NSE,BUY,MIS,LIMIT,DAY,8,1812.75,0.0,2026-09-16 12:29:23,COMPLETE,8,1812.75
ORD20002104,C100061,AXISBANK,BSE,BUY,MIS,LIMIT,DAY,2,1090.65,0.0,2026-09-16 12:31:53,COMPLETE,2,1090.65
ORD20001152,C100039,MARUTI,NSE,SELL,CNC,MARKET,DAY,1,0.0,0.0,2026-09-16 12:33:03,REJECTED,0,0.0
ORD20004445,C100194,TATAMOTORS,BSE,SELL,MIS,LIMIT,DAY,26,933.9,0.0,2026-09-16 12:36:52,COMPLETE,26,933.9
ORD20004825,C100092,NTPC,BSE,SELL,CNC,LIMIT,DAY,92,361.1,0.0,2026-09-16 12:37:43,COMPLETE,92,361.1
ORD20001568,C100196,HINDUNILVR,NSE,SELL,MIS,LIMIT,DAY,3,2235.6,0.0,2026-09-16 12:38:43,COMPLETE,3,2235.6
ORD20001384,C100147,BHARTIARTL,NSE,BUY,CNC,LIMIT,DAY,44,1417.6,0.0,2026-09-16 12:44:59,COMPLETE,44,1417.6
ORD20003594,C100007,BHARTIARTL,NSE,BUY,MIS,MARKET,DAY,7,0.0,0.0,2026-09-16 12:45:23,COMPLETE,7,1426.48
ORD20001083,C100149,ICICIBANK,BSE,SELL,CNC,LIMIT,DAY,5,1171.8,0.0,2026-09-16 12:47:13,CANCELLED,0,0.0
ORD20002514,C100113,ICICIBANK,NSE,SELL,CNC,LIMIT,DAY,23,1198.5,0.0,2026-09-16 12:47:35,COMPLETE,23,1198.5
ORD20003004,C100151,HINDUNILVR,NSE,BUY,MIS,MARKET,DAY,5,0.0,0.0,2026-09-16 12:47:35,COMPLETE,5,2386.35
ORD20003795,C100064,TATAMOTORS,NSE,BUY,MIS,MARKET,DAY,7,0.0,0.0,2026-09-16 12:48:50,COMPLETE,7,930.25
ORD20000786,C100044,HDFCBANK,BSE,SELL,MIS,LIMIT,DAY,44,1636.95,0.0,2026-09-16 12:52:29,COMPLETE,44,1636.95
ORD20002602,C100057,HINDUNILVR,NSE,BUY,CNC,LIMIT,DAY,26,2389.7,0.0,2026-09-16 12:52:51,COMPLETE,26,2389.7
ORD20001720,C100052,BHARTIARTL,NSE,SELL,MIS,LIMIT,DAY,22,1413.05,0.0,2026-09-16 12:56:32,COMPLETE,22,1413.05
ORD20001656,C100010,ASIANPAINT,NSE,BUY,MIS,LIMIT,DAY,1,2873.7,0.0,2026-09-16 12:58:01,COMPLETE,1,2873.7
ORD20003719,C100184,HINDUNILVR,NSE,SELL,MIS,MARKET,DAY,29,0.0,0.0,2026-09-16 12:58:08,CANCELLED,0,0.0
ORD20003314,C100150,SBIN,NSE,SELL,MIS,LIMIT,DAY,16,819.55,0.0,2026-09-16 12:58:18,COMPLETE,16,819.55
ORD20004032,C100112,ITC,NSE,BUY,MIS,LIMIT,DAY,66,440.85,0.0,2026-09-16 12:58:21,CANCELLED,0,0.0
ORD20002809,C100041,TITAN,NSE,SELL,MIS,LIMIT,DAY,3,3452.3,0.0,2026-09-16 12:59:18,COMPLETE,3,3452.3
ORD20002345,C100046,HINDUNILVR,NSE,SELL,CNC,MARKET,DAY,5,0.0,0.0,2026-09-16 12:59:57,COMPLETE,5,2450.25
ORD20004687,C100018,HINDUNILVR,NSE,BUY,MIS,MARKET,DAY,24,0.0,0.0,2026-09-16 12:59:58,COMPLETE,24,2378.11
ORD20002274,C100183,INFY,NSE,BUY,MIS,LIMIT,DAY,15,1604.75,0.0,2026-09-16 13:00:27,COMPLETE,15,1604.75
ORD20001811,C100125,ICICIBANK,NSE,BUY,CNC,MARKET,DAY,9,0.0,0.0,2026-09-16 13:02:57,COMPLETE,9,1128.3
ORD20000073,C100126,HINDUNILVR,NSE,SELL,MIS,SL,DAY,2,2364.45,2376.25,2026-09-16 13:03:16,COMPLETE,2,2363.65
ORD20004471,C100051,HINDUNILVR,NSE,BUY,MIS,LIMIT,DAY,26,2472.95,0.0,2026-09-16 13:03:34,COMPLETE,26,2472.95
ORD20001290,C100019,HINDUNILVR,NSE,SELL,CNC,LIMIT,DAY,13,2482.9,0.0,2026-09-16 13:03:56,COMPLETE,13,2482.9
ORD20000811,C100106,BHARTIARTL,NSE,SELL,CNC,LIMIT,DAY,27,1409.1,0.0,2026-09-16 13:06:42,COMPLETE,27,1409.1
ORD20002607,C100176,ONGC,NSE,BUY,MIS,LIMIT,DAY,221,267.45,0.0,2026-09-16 13:07:43,COMPLETE,221,267.45
ORD20002035,C100030,HDFCBANK,NSE,SELL,CNC,MARKET,DAY,31,0.0,0.0,2026-09-16 13:08:16,COMPLETE,31,1681.12
ORD20004191,C100064,HINDUNILVR,NSE,SELL,MIS,SL,DAY,8,2498.3,2510.8,2026-09-16 13:10:50,COMPLETE,8,2499.71
ORD20004919,C100041,BHARTIARTL,NSE,BUY,MIS,LIMIT,DAY,20,1388.45,0.0,2026-09-16 13:10:52,REJECTED,0,0.0
ORD20003321,C100048,RELIANCE,NSE,BUY,CNC,LIMIT,DAY,1,2840.95,0.0,2026-09-16 13:11:10,REJECTED,0,0.0
ORD20000244,C100037,ITC,NSE,BUY,MIS,LIMIT,DAY,16,455.6,0.0,2026-09-16 13:11:50,CANCELLED,0,0.0
ORD20002603,C100172,HDFCBANK,NSE,SELL,CNC,MARKET,DAY,3,0.0,0.0,2026-09-16 13:15:51,REJECTED,0,0.0
ORD20004583,C100083,KOTAKBANK,NSE,BUY,MIS,MARKET,DAY,47,0.0,0.0,2026-09-16 13:17:39,COMPLETE,47,1730.71
ORD20003673,C100000,ITC,NSE,BUY,MIS,MARKET,DAY,151,0.0,0.0,2026-09-16 13:18:34,COMPLETE,151,458.77
ORD20003181,C100112,ITC,NSE,SELL,CNC,LIMIT,DAY,62,453.2,0.0,2026-09-16 13:19:44,COMPLETE,62,453.2
ORD20001195,C100008,HDFCBANK,NSE,BUY,MIS,LIMIT,DAY,3,1650.4,0.0,2026-09-16 13:24:10,COMPLETE,3,1650.4
ORD20001701,C100144,MARUTI,NSE,SELL,CNC,MARKET,DAY,1,0.0,0.0,2026-09-16 13:27:05,COMPLETE,1,11999.9
ORD20001227,C100194,ITC,NSE,BUY,MIS,MARKET,DAY,12,0.0,0.0,2026-09-16 13:27:20,COMPLETE,12,454.6
ORD20000218,C100172,TCS,NSE,BUY,MIS,MARKET,DAY,4,0.0,0.0,2026-09-16 13:29:06,COMPLETE,4,3809.98
ORD20003771,C100038,INFY,NSE,SELL,CNC,MARKET,DAY,8,0.0,0.0,2026-09-16 13:29:35,COMPLETE,8,1556.34
ORD20004482,C100117,SBIN,NSE,BUY,MIS,LIMIT,DAY,15,780.2,0.0,2026-09-16 13:33:45,COMPLETE,15,780.2
ORD20003399,C100184,HINDUNILVR,NSE,SELL,CNC,MARKET,DAY,2,0.0,0.0,2026-09-16 13:34:00,COMPLETE,2,2437.0
ORD20001200,C100032,HINDUNILVR,NSE,BUY,CNC,LIMIT,DAY,51,2416.3,0.0,2026-09-16 13:35:19,COMPLETE,51,2416.3
ORD20002393,C100002,BHARTIARTL,NSE,BUY,MIS,LIMIT,DAY,3,1465.0,0.0,2026-09-16 13:38:53,CANCELLED,0,0.0
ORD20000434,C100004,INFY,NSE,SELL,MIS,SL,DAY,29,1525.65,1533.3,2026-09-16 13:39:40,CANCELLED,0,0.0
ORD20003850,C100195,INFY,BSE,SELL,CNC,MARKET,DAY,55,0.0,0.0,2026-09-16 13:40:36,COMPLETE,55,1582.93
ORD20004136,C100157,TATAMOTORS,NSE,SELL,MIS,LIMIT,DAY,18,937.3,0.0,2026-09-16 13:40:55,COMPLETE,18,937.3
ORD20003370,C100169,MARUTI,NSE,BUY,MIS,LIMIT,DAY,1,11832.2,0.0,2026-09-16 13:41:35,COMPLETE,1,11832.2
ORD20003540,C100075,TATAMOTORS,NSE,SELL,MIS,LIMIT,DAY,9,923.75,0.0,2026-09-16 13:42:54,COMPLETE,9,923.75
ORD20002336,C100176,ICICIBANK,BSE,BUY,MIS,LIMIT,DAY,21,1241.8,0.0,2026-09-16 13:43:50,REJECTED,0,0.0
ORD20002434,C100174,HINDUNILVR,NSE,BUY,MIS,LIMIT,DAY,14,2361.5,0.0,2026-09-16 13:45:22,CANCELLED,0,0.0
ORD20000555,C100007,ONGC,NSE,BUY,MIS,MARKET,DAY,44,0.0,0.0,2026-09-16 13:46:08,COMPLETE,44,269.14
ORD20001250,C100036,ICICIBANK,NSE,BUY,MIS,LIMIT,DAY,28,1213.2,0.0,2026-09-16 13:46:50,COMPLETE,28,1213.2
ORD20004213,C100065,MARUTI,NSE,BUY,MIS,MARKET,DAY,1,0.0,0.0,2026-09-16 13:49:41,COMPLETE,1,12101.6
ORD20001055,C100166,ITC,NSE,BUY,MIS,SL,DAY,5,435.6,433.4,2026-09-16 13:50:25,COMPLETE,5,435.85
ORD20001805,C100077,BHARTIARTL,NSE,SELL,CNC,LIMIT,DAY,2,1397.55,0.0,2026-09-16 13:50:41,COMPLETE,2,1397.55
ORD20000347,C100054,ITC,NSE,SELL,MIS,MARKET,DAY,70,0.0,0.0,2026-09-16 13:52:07,PARTIAL,54,442.21
ORD20002770,C100061,ITC,NSE,BUY,MIS,MARKET,DAY,20,0.0,0.0,2026-09-16 13:52:36,COMPLETE,20,464.62
ORD20003187,C100094,TATAMOTORS,NSE,SELL,MIS,LIMIT,DAY,157,946.95,0.0,2026-09-16 13:54:42,COMPLETE,157,946.95
ORD20001999,C100013,ICICIBANK,NSE,SELL,MIS,LIMIT,DAY,4,1199.3,0.0,2026-09-16 13:56:28,COMPLETE,4,1199.3
ORD20002932,C100159,ITC,NSE,BUY,MIS,LIMIT,DAY,23,438.3,0.0,2026-09-16 13:56:34,COMPLETE,23,438.3
ORD20000990,C100129,NTPC,NSE,SELL,CNC,LIMIT,DAY,396,369.05,0.0,2026-09-16 13:57:08,REJECTED,0,0.0
ORD20004293,C100041,INFY,BSE,BUY,MIS,LIMIT,DAY,7,1660.45,0.0,2026-09-16 13:58:25,COMPLETE,7,1660.45
ORD20004212,C100052,TATAMOTORS,NSE,BUY,MIS,LIMIT,DAY,4,922.1,0.0,2026-09-16 13:59:19,CANCELLED,0,0.0
ORD20002732,C100070,ITC,NSE,SELL,CNC,LIMIT,DAY,152,436.1,0.0,2026-09-16 13:59:28,COMPLETE,152,436.1
ORD20001513,C100024,TATAMOTORS,NSE,BUY,MIS,SL,DAY,4,1007.6,1002.55,2026-09-16 14:02:20,COMPLETE,4,1007.8
ORD20004315,C100170,HINDUNILVR,NSE,SELL,MIS,SL,DAY,36,2510.85,2523.4,2026-09-16 14:06:17,COMPLETE,36,2509.8
ORD20003635,C100062,HINDUNILVR,NSE,SELL,MIS,LIMIT,DAY,13,2379.45,0.0,2026-09-16 14:09:41,COMPLETE,13,2379.45
ORD20003329,C100117,ITC,NSE,SELL,CNC,MARKET,DAY,227,0.0,0.0,2026-09-16 14:10:41,COMPLETE,227,450.83
ORD20000837,C100066,TATAMOTORS,NSE,SELL,MIS,SL,DAY,32,972.6,977.45,2026-09-16 14:10:51,PARTIAL,24,971.94
ORD20004532,C100122,MARUTI,BSE,BUY,MIS,LIMIT,DAY,2,12195.3,0.0,2026-09-16 14:11:12,COMPLETE,2,12195.3
ORD20003847,C100045,ICICIBANK,NSE,BUY,CNC,LIMIT,DAY,2,1197.25,0.0,2026-09-16 14:11:44,COMPLETE,2,1197.25
ORD20000239,C100108,HINDUNILVR,NSE,BUY,MIS,SL,DAY,4,2372.95,2361.1,2026-09-16 14:11:58,COMPLETE,4,2373.72
ORD20003838,C100031,WIPRO,BSE,SELL,CNC,MARKET,DAY,9,0.0,0.0,2026-09-16 14:12:22,COMPLETE,9,480.98
ORD20003741,C100158,RELIANCE,NSE,BUY,CNC,MARKET,DAY,3,0.0,0.0,2026-09-16 14:13:33,COMPLETE,3,2880.0
ORD20004130,C100073,ITC,NSE,BUY,CNC,SL,DAY,99,438.2,436.0,2026-09-16 14:14:15,COMPLETE,99,438.24
ORD20000220,C100130,HDFCBANK,NSE,SELL,MIS,MARKET,DAY,77,0.0,0.0,2026-09-16 14:14:20,COMPLETE,77,1602.49
ORD20004577,C100021,BHARTIARTL,NSE,BUY,CNC,LIMIT,DAY,84,1426.9,0.0,2026-09-16 14:15:58,COMPLETE,84,1426.9
ORD20003215,C100175,BHARTIARTL,NSE,SELL,CNC,MARKET,DAY,7,0.0,0.0,2026-09-16 14:17:30,COMPLETE,7,1430.44
ORD20002496,C100170,HDFCBANK,NSE,BUY,CNC,LIMIT,DAY,2,1677.35,0.0,2026-09-16 14:19:04,COMPLETE,2,1677.35
ORD20004359,C100173,TITAN,NSE,BUY,CNC,MARKET,DAY,1,0.0,0.0,2026-09-16 14:19:17,COMPLETE,1,3384.7
ORD20002575,C100048,HDFCBANK,NSE,SELL,CNC,MARKET,DAY,5,0.0,0.0,2026-09-16 14:20:54,COMPLETE,5,1675.4
ORD20004386,C100059,TATAMOTORS,NSE,BUY,CNC,LIMIT,DAY,3,973.1,0.0,2026-09-16 14:21:02,COMPLETE,3,973.1
ORD20001141,C100180,HDFCBANK,NSE,SELL,MIS,LIMIT,DAY,43,1741.75,0.0,2026-09-16 14:22:48,COMPLETE,43,1741.75
ORD20002801,C100034,ICICIBANK,NSE,SELL,MIS,LIMIT,DAY,12,1157.35,0.0,2026-09-16 14:23:58,COMPLETE,12,1157.35
ORD20003955,C100062,TATAMOTORS,NSE,BUY,CNC,MARKET,DAY,77,0.0,0.0,2026-09-16 14:24:02,COMPLETE,77,888.0
ORD20002949,C100056,ICICIBANK,NSE,SELL,MIS,LIMIT,DAY,4,1236.65,0.0,2026-09-16 14:24:11,COMPLETE,4,1236.65
ORD20001830,C100182,ICICIBANK,NSE,SELL,CNC,MARKET,DAY,8,0.0,0.0,2026-09-16 14:24:34,OPEN,0,0.0
ORD20000909,C100113,ITC,NSE,BUY,CNC,MARKET,DAY,182,0.0,0.0,2026-09-16 14:25:47,CANCELLED,0,0.0
ORD20003482,C100060,ONGC,NSE,BUY,CNC,SL,DAY,26,278.05,276.65,2026-09-16 14:27:44,COMPLETE,26,278.02
ORD20003382,C100076,MARUTI,NSE,SELL,MIS,MARKET,DAY,8,0.0,0.0,2026-09-16 14:27:52,COMPLETE,8,12160.2
ORD20001666,C100121,RELIANCE,NSE,BUY,CNC,LIMIT,DAY,1,2869.45,0.0,2026-09-16 14:28:19,PARTIAL,1,2869.45
ORD20001734,C100142,TITAN,NSE,SELL,MIS,LIMIT,DAY,1,3319.15,0.0,2026-09-16 14:28:50,CANCELLED,0,0.0
ORD20004327,C100113,INFY,NSE,SELL,CNC,MARKET,DAY,61,0.0,0.0,2026-09-16 14:29:23,PARTIAL,12,1551.32
ORD20003639,C100192,TATAMOTORS,NSE,BUY,MIS,LIMIT,DAY,104,955.4,0.0,2026-09-16 14:29:28,COMPLETE,104,955.4
ORD20003692,C100028,ICICIBANK,NSE,BUY,CNC,LIMIT,DAY,47,1171.4,0.0,2026-09-16 14:30:04,COMPLETE,47,1171.4
ORD20000225,C100069,NTPC,NSE,SELL,CNC,MARKET,DAY,57,0.0,0.0,2026-09-16 14:30:12,COMPLETE,57,379.99
ORD20003610,C100013,INFY,NSE,SELL,MIS,LIMIT,DAY,39,1579.1,0.0,2026-09-16 14:34:08,COMPLETE,39,1579.1
ORD20002529,C100122,AXISBANK,NSE,SELL,MIS,MARKET,DAY,128,0.0,0.0,2026-09-16 14:36:57,COMPLETE,128,1133.78
ORD20003070,C100028,NTPC,BSE,BUY,MIS,LIMIT,DAY,212,376.2,0.0,2026-09-16 14:37:13,COMPLETE,212,376.2
ORD20003671,C100072,NTPC,NSE,BUY,CNC,LIMIT,DAY,23,337.45,0.0,2026-09-16 14:37:38,PARTIAL,6,337.45
ORD20003028,C100092,NTPC,NSE,SELL,CNC,MARKET,DAY,61,0.0,0.0,2026-09-16 14:42:12,COMPLETE,61,347.58
ORD20003041,C100063,RELIANCE,BSE,BUY,CNC,LIMIT,DAY,16,2917.8,0.0,2026-09-16 14:43:38,COMPLETE,16,2917.8
ORD20002257,C100089,BHARTIARTL,NSE,SELL,CNC,MARKET,DAY,16,0.0,0.0,2026-09-16 14:45:11,COMPLETE,16,1411.72
ORD20004717,C100176,TATAMOTORS,NSE,SELL,MIS,LIMIT,DAY,94,947.65,0.0,2026-09-16 14:45:44,COMPLETE,94,947.65
ORD20004747,C100166,MARUTI,NSE,BUY,MIS,LIMIT,DAY,4,11553.35,0.0,2026-09-16 14:46:18,COMPLETE,4,11553.35
ORD20001156,C100174,ICICIBANK,NSE,BUY,CNC,MARKET,DAY,4,0.0,0.0,2026-09-16 14:48:09,COMPLETE,4,1145.31
ORD20002912,C100106,ITC,NSE,SELL,CNC,MARKET,DAY,50,0.0,0.0,2026-09-16 14:49:09,COMPLETE,50,453.26
ORD20004680,C100198,TCS,NSE,SELL,MIS,MARKET,DAY,3,0.0,0.0,2026-09-16 14:50:04,COMPLETE,3,3834.83
ORD20001923,C100097,INFY,NSE,BUY,CNC,MARKET,DAY,3,0.0,0.0,2026-09-16 14:50:47,CANCELLED,0,0.0
ORD20003567,C100038,HINDUNILVR,NSE,SELL,MIS,SL,DAY,7,2312.8,2324.35,2026-09-16 14:50:50,COMPLETE,7,2312.48
ORD20004027,C100071,NTPC,NSE,SELL,CNC,LIMIT,DAY,252,366.95,0.0,2026-09-16 14:54:20,COMPLETE,252,366.95
ORD20003066,C100176,TITAN,NSE,BUY,CNC,SL,DAY,36,3225.45,3209.35,2026-09-16 14:55:05,COMPLETE,36,3225.65
ORD20001045,C100127,NTPC,NSE,SELL,CNC,LIMIT,DAY,80,357.15,0.0,2026-09-16 14:56:41,COMPLETE,80,357.15
ORD20000146,C100184,TITAN,NSE,SELL,MIS,LIMIT,DAY,3,3355.45,0.0,2026-09-16 14:57:50,COMPLETE,3,3355.45
ORD20004812,C100152,ICICIBANK,NSE,SELL,CNC,LIMIT,DAY,5,1148.45,0.0,2026-09-16 15:01:09,COMPLETE,5,1148.45
ORD20003266,C100080,ICICIBANK,NSE,BUY,CNC,LIMIT,DAY,97,1204.05,0.0,2026-09-16 15:01:26,OPEN,0,0.0
ORD20000815,C100089,BHARTIARTL,NSE,BUY,MIS,LIMIT,DAY,96,1344.7,0.0,2026-09-16 15:02:24,PARTIAL,55,1344.7
ORD20002464,C100074,NTPC,NSE,BUY,CNC,LIMIT,DAY,104,343.45,0.0,2026-09-16 15:03:46,COMPLETE,104,343.45
ORD20000385,C100013,HDFCBANK,NSE,BUY,MIS,LIMIT,DAY,6,1634.95,0.0,2026-09-16 15:03:47,COMPLETE,6,1634.95
ORD20004353,C100108,ITC,NSE,BUY,MIS,MARKET,DAY,21,0.0,0.0,2026-09-16 15:04:55,COMPLETE,21,446.1
ORD20000674,C100037,ITC,NSE,SELL,MIS,SL,DAY,42,435.15,437.35,2026-09-16 15:08:09,CANCELLED,0,0.0
ORD20002990,C100098,HINDUNILVR,NSE,BUY,CNC,MARKET,DAY,4,0.0,0.0,2026-09-16 15:09:03,COMPLETE,4,2316.9
ORD20001875,C100129,WIPRO,NSE,SELL,CNC,LIMIT,DAY,109,507.7,0.0,2026-09-16 15:09:43,COMPLETE,109,507.7
ORD20004556,C100101,TITAN,NSE,SELL,MIS,LIMIT,DAY,1,3462.7,0.0,2026-09-16 15:10:01,COMPLETE,1,3462.7
ORD20001376,C100028,HINDUNILVR,NSE,BUY,CNC,MARKET,DAY,11,0.0,0.0,2026-09-16 15:10:20,COMPLETE,11,2299.25
ORD20001732,C100094,ICICIBANK,NSE,BUY,MIS,LIMIT,DAY,6,1221.95,0.0,2026-09-16 15:10:50,COMPLETE,6,1221.95
ORD20001507,C100068,HDFCBANK,NSE,BUY,MIS,LIMIT,DAY,33,1750.35,0.0,2026-09-16 15:13:21,CANCELLED,0,0.0
ORD20004231,C100180,ITC,NSE,BUY,MIS,MARKET,DAY,124,0.0,0.0,2026-09-16 15:14:16,PARTIAL,89,444.33
ORD20003684,C100005,RELIANCE,NSE,SELL,CNC,LIMIT,DAY,3,3017.25,0.0,2026-09-16 15:15:00,COMPLETE,3,3017.25
ORD20004845,C100011,HINDUNILVR,NSE,SELL,MIS,LIMIT,DAY,5,2377.5,0.0,2026-09-16 15:15:25,REJECTED,0,0.0
ORD20003317,C100165,HDFCBANK,BSE,SELL,CNC,LIMIT,DAY,15,1662.85,0.0,2026-09-16 15:20:27,COMPLETE,15,1662.85
ORD20000717,C100183,NTPC,NSE,BUY,MIS,MARKET,DAY,236,0.0,0.0,2026-09-16 15:21:50,COMPLETE,236,361.35
ORD20004436,C100104,TATAMOTORS,NSE,BUY,CNC,SL,DAY,5,931.3,926.65,2026-09-16 15:22:44,PARTIAL,1,931.4
ORD20004051,C100129,HDFCBANK,NSE,BUY,CNC,LIMIT,DAY,19,1669.5,0.0,2026-09-16 15:23:55,COMPLETE,19,1669.5
ORD20003583,C100008,HDFCBANK,NSE,SELL,CNC,LIMIT,DAY,24,1661.45,0.0,2026-09-17 09:15:59,CANCELLED,0,0.0
ORD20003820,C100082,MARUTI,NSE,BUY,CNC,SL,DAY,3,12225.25,12164.15,2026-09-17 09:16:23,COMPLETE,3,12231.13
ORD20004623,C100040,ITC,NSE,BUY,CNC,LIMIT,DAY,296,470.45,0.0,2026-09-17 09:17:59,COMPLETE,296,470.45
ORD20004243,C100057,RELIANCE,NSE,BUY,MIS,LIMIT,DAY,10,2859.15,0.0,2026-09-17 09:18:33,COMPLETE,10,2859.15
ORD20000273,C100097,HINDUNILVR,NSE,BUY,MIS,LIMIT,DAY,14,2289.75,0.0,2026-09-17 09:19:53,COMPLETE,14,2289.75
ORD20001132,C100090,KOTAKBANK,NSE,BUY,MIS,LIMIT,DAY,63,1765.75,0.0,2026-09-17 09:24:49,OPEN,0,0.0
ORD20004696,C100137,BHARTIARTL,NSE,SELL,CNC,LIMIT,DAY,49,1404.85,0.0,2026-09-17 09:25:36,COMPLETE,49,1404.85
ORD20003696,C100058,BHARTIARTL,NSE,SELL,CNC,LIMIT,DAY,5,1395.5,0.0,2026-09-17 09:27:54,COMPLETE,5,1395.5
ORD20004614,C100086,TATAMOTORS,NSE,SELL,MIS,LIMIT,DAY,11,948.1,0.0,2026-09-17 09:28:32,COMPLETE,11,948.1
ORD20002952,C100050,MARUTI,NSE,SELL,MIS,MARKET,DAY,1,0.0,0.0,2026-09-17 09:28:38,COMPLETE,1,11397.25
ORD20004463,C100089,BHARTIARTL,NSE,SELL,CNC,LIMIT,DAY,35,1402.05,0.0,2026-09-17 09:29:52,COMPLETE,35,1402.05
ORD20004632,C100134,HINDUNILVR,NSE,SELL,MIS,LIMIT,DAY,5,2396.45,0.0,2026-09-17 09:29:59,COMPLETE,5,2396.45
ORD20000620,C100023,ICICIBANK,NSE,SELL,MIS,LIMIT,DAY,112,1189.1,0.0,2026-09-17 09:30:55,COMPLETE,112,1189.1
ORD20003898,C100124,ITC,NSE,BUY,MIS,LIMIT,DAY,216,441.85,0.0,2026-09-17 09:32:25,COMPLETE,216,441.85
ORD20001281,C100170,KOTAKBANK,NSE,SELL,CNC,SL,DAY,3,1767.1,1775.9,2026-09-17 09:33:53,COMPLETE,3,1766.77
ORD20000517,C100182,ONGC,NSE,BUY,MIS,MARKET,DAY,358,0.0,0.0,2026-09-17 09:34:54,COMPLETE,358,272.26
ORD20004952,C100029,KOTAKBANK,NSE,BUY,MIS,LIMIT,DAY,64,1741.2,0.0,2026-09-17 09:35:17,CANCELLED,0,0.0
ORD20004527,C100000,BHARTIARTL,NSE,BUY,MIS,MARKET,DAY,10,0.0,0.0,2026-09-17 09:36:30,COMPLETE,10,1364.88
ORD20003734,C100196,TATAMOTORS,NSE,SELL,MIS,LIMIT,DAY,8,984.05,0.0,2026-09-17 09:36:49,COMPLETE,8,984.05
ORD20004912,C100128,BHARTIARTL,NSE,BUY,CNC,LIMIT,DAY,4,1413.35,0.0,2026-09-17 09:38:43,COMPLETE,4,1413.35
ORD20004134,C100144,SBIN,NSE,SELL,MIS,LIMIT,DAY,38,783.15,0.0,2026-09-17 09:40:18,COMPLETE,38,783.15
ORD20004619,C100042,MARUTI,NSE,BUY,CNC,MARKET,DAY,1,0.0,0.0,2026-09-17 09:41:47,REJECTED,0,0.0
ORD20000926,C100111,HINDUNILVR,NSE,BUY,CNC,LIMIT,DAY,39,2407.5,0.0,2026-09-17 09:43:33,COMPLETE,39,2407.5
ORD20001056,C100044,TATAMOTORS,NSE,BUY,MIS,LIMIT,DAY,134,970.2,0.0,2026-09-17 09:44:53,COMPLETE,134,970.2
ORD20003637,C100196,TATAMOTORS,NSE,SELL,MIS,LIMIT,DAY,143,937.95,0.0,2026-09-17 09:45:20,COMPLETE,143,937.95
ORD20004039,C100069,ASIANPAINT,NSE,BUY,CNC,LIMIT,DAY,3,2884.75,0.0,2026-09-17 09:46:52,COMPLETE,3,2884.75
ORD20004662,C100007,NTPC,NSE,SELL,CNC,MARKET,DAY,48,0.0,0.0,2026-09-17 09:48:30,CANCELLED,0,0.0
ORD20002634,C100152,RELIANCE,NSE,SELL,CNC,LIMIT,DAY,5,2918.85,0.0,2026-09-17 09:49:03,COMPLETE,5,2918.85
ORD20004828,C100096,AXISBANK,NSE,SELL,MIS,MARKET,DAY,113,0.0,0.0,2026-09-17 09:53:53,COMPLETE,113,1105.25
ORD20002541,C100098,ONGC,NSE,BUY,MIS,SL,DAY,225,275.05,273.65,2026-09-17 09:55:34,COMPLETE,225,274.95
ORD20003292,C100186,HINDUNILVR,NSE,BUY,MIS,LIMIT,DAY,3,2327.85,0.0,2026-09-17 09:59:12,COMPLETE,3,2327.85
ORD20000377,C100061,NTPC,NSE,BUY,MIS,LIMIT,DAY,175,349.75,0.0,2026-09-17 09:59:25,COMPLETE,175,349.75
ORD20000119,C100012,BHARTIARTL,NSE,BUY,MIS,LIMIT,DAY,2,1321.5,0.0,2026-09-17 09:59:36,COMPLETE,2,1321.5
ORD20002832,C100105,NTPC,NSE,BUY,MIS,LIMIT,DAY,382,364.8,0.0,2026-09-17 10:05:39,COMPLETE,382,364.8
ORD20003989,C100104,NTPC,NSE,BUY,CNC,LIMIT,DAY,178,372.2,0.0,2026-09-17 10:06:35,COMPLETE,178,372.2
ORD20002587,C100085,BHARTIARTL,NSE,BUY,MIS,LIMIT,DAY,14,1382.4,0.0,2026-09-17 10:07:27,COMPLETE,14,1382.4
ORD20003905,C100097,MARUTI,NSE,SELL,MIS,MARKET,DAY,2,0.0,0.0,2026-09-17 10:08:33,COMPLETE,2,12905.12
ORD20004495,C100058,BHARTIARTL,NSE,SELL,MIS,LIMIT,DAY,5,1340.45,0.0,2026-09-17 10:09:16,COMPLETE,5,1340.45
ORD20002163,C100019,ITC,NSE,SELL,MIS,MARKET,DAY,74,0.0,0.0,2026-09-17 10:09:30,REJECTED,0,0.0
ORD20004618,C100188,TATAMOTORS,NSE,BUY,MIS,LIMIT,DAY,20,942.9,0.0,2026-09-17 10:15:34,COMPLETE,20,942.9
ORD20001649,C100178,MARUTI,NSE,BUY,MIS,LIMIT,DAY,9,11674.4,0.0,2026-09-17 10:15:41,OPEN,0,0.0
ORD20002787,C100092,NTPC,NSE,BUY,MIS,LIMIT,DAY,26,364.9,0.0,2026-09-17 10:16:17,COMPLETE,26,364.9
ORD20000675,C100105,HINDUNILVR,NSE,BUY,MIS,LIMIT,DAY,2,2309.05,0.0,2026-09-17 10:18:19,COMPLETE,2,2309.05
ORD20000614,C100107,HDFCBANK,NSE,BUY,MIS,LIMIT,DAY,5,1673.25,0.0,2026-09-17 10:18:36,CANCELLED,0,0.0
ORD20000319,C100192,HINDUNILVR,NSE,SELL,CNC,MARKET,DAY,2,0.0,0.0,2026-09-17 10:19:47,COMPLETE,2,2513.02
ORD20000729,C100018,TATAMOTORS,NSE,BUY,CNC,MARKET,DAY,13,0.0,0.0,2026-09-17 10:20:03,OPEN,0,0.0
ORD20004895,C100139,ICICIBANK,NSE,SELL,MIS,LIMIT,DAY,5,1221.3,0.0,2026-09-17 10:21:10,COMPLETE,5,1221.3
ORD20003351,C100018,ITC,NSE,BUY,MIS,MARKET,DAY,341,0.0,0.0,2026-09-17 10:24:28,COMPLETE,341,436.96
ORD20002116,C100122,NTPC,NSE,BUY,MIS,MARKET,DAY,189,0.0,0.0,2026-09-17 10:26:19,CANCELLED,0,0.0
ORD20000648,C100049,ITC,NSE,SELL,MIS,LIMIT,DAY,42,446.05,0.0,2026-09-17 10:28:33,COMPLETE,42,446.05
ORD20004186,C100030,TCS,NSE,SELL,CNC,LIMIT,DAY,3,3897.4,0.0,2026-09-17 10:28:40,COMPLETE,3,3897.4
ORD20003234,C100136,HINDUNILVR,NSE,BUY,CNC,SL,DAY,24,2385.4,2373.45,2026-09-17 10:29:26,COMPLETE,24,2387.4
ORD20004484,C100079,NTPC,NSE,BUY,CNC,SL,DAY,207,342.9,341.2,2026-09-17 10:31:50,COMPLETE,207,342.75
ORD20000476,C100023,SBIN,NSE,SELL,CNC,LIMIT,DAY,8,816.65,0.0,2026-09-17 10:34:40,COMPLETE,8,816.65
ORD20002598,C100165,ITC,NSE,BUY,MIS,MARKET,DAY,56,0.0,0.0,2026-09-17 10:36:08,COMPLETE,56,447.85
ORD20004917,C100003,HDFCBANK,NSE,BUY,CNC,LIMIT,DAY,18,1649.7,0.0,2026-09-17 10:36:43,COMPLETE,18,1649.7
ORD20004015,C100078,HINDUNILVR,NSE,SELL,CNC,LIMIT,DAY,5,2424.55,0.0,2026-09-17 10:37:13,COMPLETE,5,2424.55
ORD20003569,C100108,ONGC,NSE,SELL,CNC,MARKET,DAY,132,0.0,0.0,2026-09-17 10:37:55,PARTIAL,102,279.5
ORD20001040,C100001,MARUTI,NSE,BUY,MIS,LIMIT,DAY,3,11594.75,0.0,2026-09-17 10:40:20,COMPLETE,3,11594.75
ORD20004063,C100032,HDFCBANK,NSE,BUY,MIS,MARKET,DAY,2,0.0,0.0,2026-09-17 10:43:02,COMPLETE,2,1671.75
ORD20000828,C100025,HDFCBANK,NSE,BUY,MIS,LIMIT,DAY,2,1634.3,0.0,2026-09-17 10:43:18,COMPLETE,2,1634.3
ORD20001992,C100111,KOTAKBANK,NSE,BUY,MIS,LIMIT,DAY,11,1789.3,0.0,2026-09-17 10:43:32,COMPLETE,11,1789.3
ORD20003401,C100152,RELIANCE,NSE,SELL,MIS,MARKET,DAY,48,0.0,0.0,2026-09-17 10:43:51,COMPLETE,48,3061.53
ORD20001411,C100109,RELIANCE,NSE,BUY,MIS,LIMIT,DAY,20,2893.75,0.0,2026-09-17 10:44:28,COMPLETE,20,2893.75
ORD20004781,C100114,NTPC,BSE,SELL,MIS,MARKET,DAY,222,0.0,0.0,2026-09-17 10:47:16,REJECTED,0,0.0
ORD20003123,C100199,KOTAKBANK,NSE,SELL,MIS,LIMIT,DAY,4,1667.3,0.0,2026-09-17 10:47:52,OPEN,0,0.0
ORD20003476,C100047,ITC,NSE,BUY,MIS,LIMIT,DAY,226,445.65,0.0,2026-09-17 10:48:51,COMPLETE,226,445.65
ORD20004918,C100054,MARUTI,NSE,SELL,MIS,LIMIT,DAY,1,11752.7,0.0,2026-09-17 10:49:17,COMPLETE,1,11752.7
ORD20001258,C100185,KOTAKBANK,BSE,SELL,MIS,LIMIT,DAY,42,1800.65,0.0,2026-09-17 10:50:35,COMPLETE,42,1800.65
ORD20002594,C100075,ITC,NSE,BUY,MIS,MARKET,DAY,21,0.0,0.0,2026-09-17 10:50:54,REJECTED,0,0.0
ORD20003055,C100007,ASIANPAINT,NSE,SELL,CNC,MARKET,DAY,1,0.0,0.0,2026-09-17 10:51:50,COMPLETE,1,2935.5
ORD20003857,C100191,KOTAKBANK,NSE,BUY,CNC,LIMIT,DAY,31,1825.3,0.0,2026-09-17 10:52:11,COMPLETE,31,1825.3
ORD20000696,C100166,HDFCBANK,NSE,SELL,MIS,LIMIT,DAY,17,1630.35,0.0,2026-09-17 10:52:49,COMPLETE,17,1630.35
ORD20000275,C100095,SBIN,NSE,BUY,MIS,LIMIT,DAY,5,763.2,0.0,2026-09-17 10:53:40,CANCELLED,0,0.0
ORD20001989,C100173,HINDUNILVR,NSE,BUY,MIS,LIMIT,DAY,16,2256.45,0.0,2026-09-17 10:55:47,COMPLETE,16,2256.45
ORD20002272,C100032,INFY,NSE,BUY,MIS,MARKET,DAY,5,0.0,0.0,2026-09-17 10:55:52,COMPLETE,5,1655.4
ORD20004548,C100088,NTPC,NSE,BUY,MIS,SL,DAY,280,366.0,364.15,2026-09-17 10:56:31,COMPLETE,280,366.3
ORD20003504,C100025,ICICIBANK,NSE,SELL,CNC,SL,DAY,72,1194.65,1200.65,2026-09-17 10:58:43,CANCELLED,0,0.0
ORD20003942,C100157,INFY,NSE,BUY,MIS,MARKET,DAY,1,0.0,0.0,2026-09-17 10:59:17,REJECTED,0,0.0
ORD20003209,C100064,HINDUNILVR,NSE,BUY,MIS,LIMIT,DAY,26,2289.4,0.0,2026-09-17 11:00:13,COMPLETE,26,2289.4
ORD20001765,C100179,MARUTI,BSE,SELL,MIS,SL,DAY,1,11375.5,11432.4,2026-09-17 11:02:05,COMPLETE,1,11380.75
ORD20003421,C100129,ASIANPAINT,NSE,SELL,CNC,MARKET,DAY,10,0.0,0.0,2026-09-17 11:04:37,COMPLETE,10,2971.01
ORD20002243,C100118,RELIANCE,BSE,SELL,MIS,MARKET,DAY,10,0.0,0.0,2026-09-17 11:07:37,COMPLETE,10,2848.76
ORD20003430,C100039,ASIANPAINT,NSE,BUY,MIS,LIMIT,DAY,2,2909.15,0.0,2026-09-17 11:09:49,COMPLETE,2,2909.15
ORD20003508,C100053,AXISBANK,NSE,BUY,MIS,LIMIT,DAY,83,1095.3,0.0,2026-09-17 11:12:36,COMPLETE,83,1095.3
ORD20002604,C100052,NTPC,NSE,BUY,MIS,SL,DAY,273,366.75,364.9,2026-09-17 11:14:16,COMPLETE,273,366.94
ORD20001871,C100043,NTPC,NSE,SELL,CNC,LIMIT,DAY,30,361.8,0.0,2026-09-17 11:14:37,COMPLETE,30,361.8
ORD20004939,C100027,HDFCBANK,BSE,SELL,MIS,MARKET,DAY,3,0.0,0.0,2026-09-17 11:14:48,COMPLETE,3,1601.9
ORD20004316,C100180,HINDUNILVR,NSE,SELL,MIS,LIMIT,DAY,1,2504.2,0.0,2026-09-17 11:16:17,COMPLETE,1,2504.2
ORD20003983,C100048,HDFCBANK,NSE,SELL,CNC,MARKET,DAY,12,0.0,0.0,2026-09-17 11:18:41,COMPLETE,12,1621.08
ORD20000419,C100087,TATAMOTORS,NSE,SELL,MIS,LIMIT,DAY,7,934.6,0.0,2026-09-17 11:18:59,COMPLETE,7,934.6
ORD20003429,C100123,TATAMOTORS,NSE,BUY,MIS,MARKET,DAY,21,0.0,0.0,2026-09-17 11:19:25,COMPLETE,21,967.69
ORD20003291,C100109,INFY,NSE,BUY,MIS,LIMIT,DAY,9,1551.1,0.0,2026-09-17 11:20:11,COMPLETE,9,1551.1
ORD20004501,C100161,ICICIBANK,NSE,SELL,CNC,LIMIT,DAY,18,1187.5,0.0,2026-09-17 11:20:59,COMPLETE,18,1187.5
ORD20001823,C100117,NTPC,NSE,SELL,CNC,LIMIT,DAY,13,381.2,0.0,2026-09-17 11:23:46,COMPLETE,13,381.2
ORD20001355,C100074,ICICIBANK,NSE,BUY,MIS,LIMIT,DAY,104,1112.75,0.0,2026-09-17 11:28:16,COMPLETE,104,1112.75
ORD20001790,C100170,INFY,BSE,BUY,MIS,LIMIT,DAY,41,1551.45,0.0,2026-09-17 11:28:22,REJECTED,0,0.0
ORD20002635,C100045,ITC,NSE,BUY,MIS,LIMIT,DAY,28,480.75,0.0,2026-09-17 11:29:42,COMPLETE,28,480.75
ORD20002922,C100090,HINDUNILVR,BSE,SELL,CNC,MARKET,DAY,51,0.0,0.0,2026-09-17 11:31:12,COMPLETE,51,2459.35
ORD20002822,C100021,HINDUNILVR,NSE,SELL,MIS,LIMIT,DAY,25,2388.05,0.0,2026-09-17 11:31:19,COMPLETE,25,2388.05
ORD20002917,C100199,HINDUNILVR,NSE,SELL,CNC,MARKET,DAY,1,0.0,0.0,2026-09-17 11:35:32,COMPLETE,1,2431.95
ORD20002303,C100184,MARUTI,NSE,BUY,MIS,LIMIT,DAY,2,12223.1,0.0,2026-09-17 11:36:26,CANCELLED,0,0.0
ORD20002460,C100128,ITC,BSE,BUY,MIS,MARKET,DAY,21,0.0,0.0,2026-09-17 11:36:35,CANCELLED,0,0.0
ORD20003585,C100144,HDFCBANK,NSE,BUY,CNC,MARKET,DAY,8,0.0,0.0,2026-09-17 11:42:18,COMPLETE,8,1628.54
ORD20001497,C100072,HINDUNILVR,NSE,SELL,MIS,LIMIT,DAY,1,2462.25,0.0,2026-09-17 11:44:28,CANCELLED,0,0.0
ORD20000655,C100173,ITC,NSE,BUY,CNC,MARKET,DAY,144,0.0,0.0,2026-09-17 11:46:42,COMPLETE,144,452.2
ORD20002322,C100099,TATAMOTORS,NSE,BUY,MIS,LIMIT,DAY,7,921.45,0.0,2026-09-17 11:48:03,COMPLETE,7,921.45
ORD20000636,C100017,RELIANCE,NSE,BUY,MIS,LIMIT,DAY,11,2919.3,0.0,2026-09-17 11:48:18,CANCELLED,0,0.0
ORD20004597,C100055,HDFCBANK,NSE,BUY,MIS,LIMIT,DAY,3,1667.6,0.0,2026-09-17 11:50:52,COMPLETE,3,1667.6
ORD20004907,C100130,ITC,NSE,BUY,CNC,MARKET,DAY,184,0.0,0.0,2026-09-17 11:53:18,COMPLETE,184,468.3
ORD20000905,C100181,MARUTI,NSE,BUY,MIS,LIMIT,DAY,1,12132.95,0.0,2026-09-17 11:56:28,COMPLETE,1,12132.95
ORD20002283,C100067,HINDUNILVR,NSE,SELL,CNC,MARKET,DAY,19,0.0,0.0,2026-09-17 11:57:12,COMPLETE,19,2370.3
ORD20004768,C100171,HDFCBANK,NSE,SELL,CNC,MARKET,DAY,17,0.0,0.0,2026-09-17 11:59:07,COMPLETE,17,1613.0
ORD20004645,C100048,AXISBANK,NSE,BUY,CNC,LIMIT,DAY,4,1133.75,0.0,2026-09-17 11:59:38,REJECTED,0,0.0
ORD20000682,C100124,ONGC,NSE,SELL,CNC,LIMIT,DAY,227,252.75,0.0,2026-09-17 12:02:20,PARTIAL,48,252.75
ORD20000034,C100115,ASIANPAINT,NSE,BUY,MIS,LIMIT,DAY,14,2972.15,0.0,2026-09-17 12:03:04,COMPLETE,14,2972.15
ORD20000870,C100082,MARUTI,NSE,SELL,CNC,LIMIT,DAY,1,12121.55,0.0,2026-09-17 12:05:31,REJECTED,0,0.0
ORD20004490,C100022,BHARTIARTL,NSE,BUY,CNC,SL,DAY,13,1366.2,1359.35,2026-09-17 12:06:04,COMPLETE,13,1367.67
ORD20000798,C100159,HDFCBANK,NSE,SELL,MIS,LIMIT,DAY,6,1674.35,0.0,2026-09-17 12:06:55,COMPLETE,6,1674.35
ORD20003147,C100030,AXISBANK,NSE,SELL,MIS,LIMIT,DAY,32,1070.25,0.0,2026-09-17 12:08:17,COMPLETE,32,1070.25
ORD20001437,C100189,ONGC,BSE,SELL,CNC,LIMIT,DAY,200,277.9,0.0,2026-09-17 12:08:43,COMPLETE,200,277.9
ORD20003757,C100054,MARUTI,NSE,BUY,CNC,SL,DAY,3,11899.45,11839.95,2026-09-17 12:09:50,COMPLETE,3,11892.23
ORD20002858,C100059,HINDUNILVR,NSE,BUY,MIS,MARKET,DAY,23,0.0,0.0,2026-09-17 12:11:34,CANCELLED,0,0.0
ORD20004301,C100171,ICICIBANK,NSE,BUY,MIS,MARKET,DAY,22,0.0,0.0,2026-09-17 12:15:26,COMPLETE,22,1173.7
ORD20000001,C100096,MARUTI,NSE,SELL,MIS,LIMIT,DAY,3,11321.3,0.0,2026-09-17 12:15:32,COMPLETE,3,11321.3
ORD20004160,C100054,HINDUNILVR,NSE,SELL,MIS,LIMIT,DAY,5,2372.65,0.0,2026-09-17 12:16:01,COMPLETE,5,2372.65
ORD20001414,C100158,MARUTI,NSE,SELL,CNC,MARKET,DAY,9,0.0,0.0,2026-09-17 12:18:50,COMPLETE,9,12318.93
ORD20000029,C100104,HDFCBANK,NSE,BUY,MIS,LIMIT,DAY,3,1651.9,0.0,2026-09-17 12:18:59,COMPLETE,3,1651.9
ORD20000641,C100156,HINDUNILVR,NSE,BUY,CNC,LIMIT,DAY,9,2349.45,0.0,2026-09-17 12:19:56,COMPLETE,9,2349.45
ORD20000857,C100116,RELIANCE,NSE,SELL,CNC,LIMIT,DAY,1,2864.7,0.0,2026-09-17 12:22:59,COMPLETE,1,2864.7
ORD20001745,C100184,HINDUNILVR,BSE,BUY,MIS,LIMIT,DAY,2,2269.8,0.0,2026-09-17 12:23:42,COMPLETE,2,2269.8
ORD20002927,C100048,INFY,NSE,BUY,MIS,SL,DAY,8,1616.75,1608.7,2026-09-17 12:24:48,COMPLETE,8,1617.1
ORD20004042,C100172,AXISBANK,NSE,BUY,MIS,LIMIT,DAY,64,1154.6,0.0,2026-09-17 12:24:53,COMPLETE,64,1154.6
ORD20002651,C100014,HDFCBANK,NSE,SELL,CNC,LIMIT,DAY,37,1700.35,0.0,2026-09-17 12:27:08,COMPLETE,37,1700.35
ORD20004019,C100023,AXISBANK,NSE,SELL,CNC,MARKET,DAY,10,0.0,0.0,2026-09-17 12:28:23,COMPLETE,10,1109.22
ORD20001804,C100132,KOTAKBANK,NSE,BUY,CNC,LIMIT,DAY,31,1793.5,0.0,2026-09-17 12:30:13,COMPLETE,31,1793.5
ORD20001080,C100082,HINDUNILVR,NSE,BUY,CNC,LIMIT,DAY,5,2262.55,0.0,2026-09-17 12:31:56,COMPLETE,5,2262.55
ORD20004505,C100008,HDFCBANK,NSE,SELL,CNC,LIMIT,DAY,3,1729.3,0.0,2026-09-17 12:33:11,COMPLETE,3,1729.3
ORD20004109,C100014,MARUTI,NSE,SELL,CNC,LIMIT,DAY,3,11568.9,0.0,2026-09-17 12:35:31,COMPLETE,3,11568.9
ORD20003062,C100086,ITC,NSE,BUY,MIS,MARKET,DAY,115,0.0,0.0,2026-09-17 12:37:43,COMPLETE,115,424.65
ORD20000643,C100042,HINDUNILVR,NSE,SELL,CNC,LIMIT,DAY,26,2409.7,0.0,2026-09-17 12:37:45,COMPLETE,26,2409.7
ORD20000457,C100081,NTPC,NSE,SELL,CNC,LIMIT,DAY,61,371.35,0.0,2026-09-17 12:38:36,REJECTED,0,0.0
ORD20003960,C100159,ICICIBANK,NSE,BUY,MIS,LIMIT,DAY,11,1180.15,0.0,2026-09-17 12:41:32,COMPLETE,11,1180.15
ORD20000216,C100101,INFY,NSE,BUY,MIS,LIMIT,DAY,60,1585.2,0.0,2026-09-17 12:42:03,COMPLETE,60,1585.2
ORD20004406,C100130,INFY,NSE,SELL,MIS,SL,DAY,43,1609.55,1617.55,2026-09-17 12:43:58,COMPLETE,43,1609.15
ORD20002326,C100169,ICICIBANK,NSE,BUY,CNC,LIMIT,DAY,54,1207.85,0.0,2026-09-17 12:44:16,COMPLETE,54,1207.85
ORD20004407,C100094,AXISBANK,NSE,BUY,CNC,MARKET,DAY,48,0.0,0.0,2026-09-17 12:44:38,COMPLETE,48,1179.36
ORD20004296,C100058,RELIANCE,NSE,BUY,MIS,LIMIT,DAY,13,2915.3,0.0,2026-09-17 12:44:44,COMPLETE,13,2915.3
ORD20004650,C100066,INFY,NSE,BUY,MIS,MARKET,DAY,3,0.0,0.0,2026-09-17 12:44:51,COMPLETE,3,1651.82
ORD20004906,C100023,RELIANCE,NSE,BUY,MIS,LIMIT,DAY,15,3026.95,0.0,2026-09-17 12:45:40,COMPLETE,15,3026.95
ORD20003030,C100191,ITC,NSE,BUY,MIS,LIMIT,DAY,148,445.8,0.0,2026-09-17 12:47:09,REJECTED,0,0.0
ORD20001831,C100158,KOTAKBANK,NSE,SELL,MIS,SL,DAY,7,1733.95,1742.65,2026-09-17 12:49:07,COMPLETE,7,1734.9
ORD20000143,C100188,BHARTIARTL,NSE,BUY,MIS,LIMIT,DAY,17,1361.1,0.0,2026-09-17 12:49:24,CANCELLED,0,0.0
ORD20003193,C100048,MARUTI,NSE,SELL,MIS,MARKET,DAY,6,0.0,0.0,2026-09-17 12:51:30,COMPLETE,6,12174.22
ORD20004314,C100083,SUNPHARMA,NSE,SELL,MIS,MARKET,DAY,24,0.0,0.0,2026-09-17 12:51:32,COMPLETE,24,1682.18
ORD20002328,C100119,TITAN,NSE,SELL,MIS,LIMIT,DAY,2,3349.5,0.0,2026-09-17 12:53:14,COMPLETE,2,3349.5
ORD20003879,C100006,SBIN,NSE,BUY,CNC,LIMIT,DAY,144,833.05,0.0,2026-09-17 12:55:56,REJECTED,0,0.0
ORD20004513,C100190,RELIANCE,NSE,BUY,MIS,LIMIT,DAY,14,2865.8,0.0,2026-09-17 12:59:58,COMPLETE,14,2865.8
ORD20001269,C100092,MARUTI,NSE,BUY,MIS,LIMIT,DAY,2,12377.25,0.0,2026-09-17 13:03:41,PARTIAL,1,12377.25
ORD20001465,C100077,HINDUNILVR,NSE,SELL,MIS,LIMIT,DAY,13,2432.55,0.0,2026-09-17 13:07:57,COMPLETE,13,2432.55
ORD20002902,C100044,BHARTIARTL,NSE,BUY,MIS,LIMIT,DAY,2,1298.2,0.0,2026-09-17 13:08:11,COMPLETE,2,1298.2
ORD20002764,C100085,SBIN,NSE,SELL,MIS,MARKET,DAY,6,0.0,0.0,2026-09-17 13:09:06,REJECTED,0,0.0
ORD20004955,C100168,MARUTI,NSE,BUY,MIS,LIMIT,DAY,1,12060.15,0.0,2026-09-17 13:10:41,REJECTED,0,0.0
ORD20001239,C100083,KOTAKBANK,NSE,SELL,CNC,MARKET,DAY,8,0.0,0.0,2026-09-17 13:11:49,CANCELLED,0,0.0
ORD20001532,C100097,MARUTI,NSE,SELL,CNC,MARKET,DAY,1,0.0,0.0,2026-09-17 13:12:17,COMPLETE,1,11565.9
ORD20000520,C100059,MARUTI,NSE,SELL,CNC,LIMIT,DAY,5,12285.1,0.0,2026-09-17 13:13:06,COMPLETE,5,12285.1
ORD20001333,C100030,AXISBANK,NSE,SELL,CNC,LIMIT,DAY,5,1119.95,0.0,2026-09-17 13:13:50,COMPLETE,5,1119.95
ORD20000623,C100027,HDFCBANK,NSE,SELL,CNC,LIMIT,DAY,88,1607.35,0.0,2026-09-17 13:14:12,COMPLETE,88,1607.35
ORD20003963,C100160,NTPC,NSE,SELL,MIS,LIMIT,DAY,341,350.05,0.0,2026-09-17 13:14:49,COMPLETE,341,350.05
ORD20004255,C100193,ITC,NSE,SELL,MIS,LIMIT,DAY,9,468.0,0.0,2026-09-17 13:15:00,COMPLETE,9,468.0
ORD20003803,C100059,HINDUNILVR,NSE,BUY,CNC,LIMIT,DAY,34,2355.85,0.0,2026-09-17 13:18:15,PARTIAL,26,2355.85
ORD20004007,C100134,NTPC,NSE,SELL,MIS,LIMIT,DAY,31,362.65,0.0,2026-09-17 13:20:14,COMPLETE,31,362.65
ORD20000814,C100024,TATAMOTORS,NSE,SELL,CNC,LIMIT,DAY,55,957.35,0.0,2026-09-17 13:20:42,COMPLETE,55,957.35
ORD20001158,C100111,HINDUNILVR,NSE,BUY,CNC,SL,DAY,1,2470.95,2458.6,2026-09-17 13:20:46,COMPLETE,1,2470.2
ORD20000352,C100160,HINDUNILVR,NSE,SELL,CNC,LIMIT,DAY,42,2453.5,0.0,2026-09-17 13:21:34,COMPLETE,42,2453.5
ORD20000577,C100095,ITC,BSE,BUY,CNC,LIMIT,DAY,11,426.85,0.0,2026-09-17 13:24:05,COMPLETE,11,426.85
ORD20004091,C100188,HDFCBANK,NSE,SELL,MIS,MARKET,DAY,3,0.0,0.0,2026-09-17 13:24:37,COMPLETE,3,1631.6
ORD20003555,C100054,HINDUNILVR,NSE,SELL,CNC,LIMIT,DAY,13,2292.8,0.0,2026-09-17 13:26:14,COMPLETE,13,2292.8
ORD20001772,C100118,MARUTI,NSE,SELL,MIS,SL,DAY,1,12534.05,12596.7,2026-09-17 13:26:51,COMPLETE,1,12553.7
ORD20004302,C100105,MARUTI,NSE,SELL,CNC,MARKET,DAY,1,0.0,0.0,2026-09-17 13:30:15,PARTIAL,1,11880.5
ORD20003052,C100059,HDFCBANK,NSE,BUY,CNC,SL,DAY,21,1671.7,1663.35,2026-09-17 13:32:18,COMPLETE,21,1670.61
ORD20002318,C100125,NTPC,NSE,BUY,MIS,LIMIT,DAY,22,360.15,0.0,2026-09-17 13:33:20,COMPLETE,22,360.15
ORD20002549,C100039,MARUTI,NSE,SELL,CNC,LIMIT,DAY,1,12692.95,0.0,2026-09-17 13:35:15,COMPLETE,1,12692.95
ORD20004046,C100137,NTPC,NSE,SELL,CNC,MARKET,DAY,24,0.0,0.0,2026-09-17 13:39:38,COMPLETE,24,350.33
ORD20004053,C100027,MARUTI,NSE,SELL,MIS,LIMIT,DAY,6,12206.0,0.0,2026-09-17 13:39:52,CANCELLED,0,0.0
ORD20000190,C100076,MARUTI,NSE,BUY,CNC,LIMIT,DAY,1,11578.75,0.0,2026-09-17 13:42:31,COMPLETE,1,11578.75
ORD20001768,C100095,AXISBANK,NSE,BUY,CNC,LIMIT,DAY,9,1165.0,0.0,2026-09-17 13:43:21,COMPLETE,9,1165.0
ORD20002868,C100131,HDFCBANK,NSE,BUY,CNC,MARKET,DAY,18,0.0,0.0,2026-09-17 13:43:41,COMPLETE,18,1710.7
ORD20002661,C100079,TATAMOTORS,NSE,SELL,CNC,MARKET,DAY,5,0.0,0.0,2026-09-17 13:44:00,CANCELLED,0,0.0
ORD20004073,C100090,TITAN,BSE,BUY,MIS,LIMIT,DAY,1,3444.45,0.0,2026-09-17 13:44:33,REJECTED,0,0.0
ORD20001391,C100004,INFY,NSE,BUY,CNC,LIMIT,DAY,6,1630.7,0.0,2026-09-17 13:48:31,COMPLETE,6,1630.7
ORD20002590,C100123,BHARTIARTL,NSE,SELL,MIS,LIMIT,DAY,10,1431.2,0.0,2026-09-17 13:50:10,COMPLETE,10,1431.2
ORD20002599,C100151,TATAMOTORS,NSE,SELL,CNC,LIMIT,DAY,5,897.5,0.0,2026-09-17 13:52:49,COMPLETE,5,897.5
ORD20001167,C100009,INFY,NSE,BUY,MIS,LIMIT,DAY,13,1692.55,0.0,2026-09-17 13:56:07,COMPLETE,13,1692.55
ORD20000351,C100191,RELIANCE,NSE,SELL,CNC,LIMIT,DAY,13,2859.45,0.0,2026-09-17 14:01:36,COMPLETE,13,2859.45
ORD20003222,C100093,ICICIBANK,NSE,SELL,CNC,LIMIT,DAY,127,1128.7,0.0,2026-09-17 14:02:38,COMPLETE,127,1128.7
ORD20001147,C100040,BHARTIARTL,NSE,SELL,MIS,MARKET,DAY,3,0.0,0.0,2026-09-17 14:03:29,COMPLETE,3,1418.75
ORD20001286,C100095,TATAMOTORS,NSE,BUY,MIS,LIMIT,DAY,111,940.5,0.0,2026-09-17 14:04:04,COMPLETE,111,940.5
ORD20003562,C100158,ITC,BSE,BUY,MIS,MARKET,DAY,7,0.0,0.0,2026-09-17 14:08:26,COMPLETE,7,452.15
ORD20001872,C100031,BHARTIARTL,NSE,SELL,CNC,LIMIT,DAY,26,1458.9,0.0,2026-09-17 14:10:20,COMPLETE,26,1458.9
ORD20001524,C100045,ITC,NSE,SELL,MIS,SL,DAY,27,448.15,450.4,2026-09-17 14:10:29,COMPLETE,27,448.2
ORD20000427,C100152,ONGC,NSE,SELL,MIS,LIMIT,DAY,262,281.55,0.0,2026-09-17 14:10:38,COMPLETE,262,281.55
ORD20001170,C100096,HDFCBANK,NSE,SELL,MIS,LIMIT,DAY,8,1709.9,0.0,2026-09-17 14:12:33,COMPLETE,8,1709.9
ORD20002338,C100136,AXISBANK,NSE,SELL,MIS,LIMIT,DAY,5,1189.4,0.0,2026-09-17 14:13:18,CANCELLED,0,0.0
ORD20000061,C100080,ITC,NSE,BUY,CNC,LIMIT,DAY,26,434.6,0.0,2026-09-17 14:14:40,REJECTED,0,0.0
ORD20002396,C100063,RELIANCE,NSE,BUY,MIS,LIMIT,DAY,4,2889.15,0.0,2026-09-17 14:15:23,COMPLETE,4,2889.15
ORD20001719,C100187,ICICIBANK,NSE,SELL,CNC,MARKET,DAY,32,0.0,0.0,2026-09-17 14:17:22,COMPLETE,32,1098.25
ORD20002171,C100138,MARUTI,NSE,BUY,MIS,SL,DAY,1,11896.6,11837.1,2026-09-17 14:19:21,COMPLETE,1,11897.0
ORD20000321,C100074,INFY,NSE,SELL,MIS,LIMIT,DAY,3,1539.0,0.0,2026-09-17 14:22:59,COMPLETE,3,1539.0
ORD20000984,C100085,HDFCBANK,NSE,SELL,CNC,MARKET,DAY,4,0.0,0.0,2026-09-17 14:23:54,COMPLETE,4,1650.09
ORD20002495,C100080,ICICIBANK,NSE,SELL,MIS,LIMIT,DAY,5,1210.2,0.0,2026-09-17 14:24:16,COMPLETE,5,1210.2
ORD20003597,C100060,TATAMOTORS,NSE,SELL,MIS,MARKET,DAY,100,0.0,0.0,2026-09-17 14:24:35,COMPLETE,100,986.4
ORD20002841,C100020,RELIANCE,BSE,SELL,CNC,LIMIT,DAY,1,2877.1,0.0,2026-09-17 14:26:03,COMPLETE,1,2877.1
ORD20003754,C100014,HINDUNILVR,BSE,BUY,MIS,LIMIT,DAY,1,2464.2,0.0,2026-09-17 14:27:32,COMPLETE,1,2464.2
ORD20002412,C100123,TATAMOTORS,NSE,BUY,MIS,LIMIT,DAY,14,954.6,0.0,2026-09-17 14:28:17,REJECTED,0,0.0
ORD20001104,C100195,MARUTI,NSE,BUY,CNC,MARKET,DAY,3,0.0,0.0,2026-09-17 14:29:17,PARTIAL,1,11707.8
ORD20000725,C100094,AXISBANK,NSE,BUY,MIS,LIMIT,DAY,6,1173.4,0.0,2026-09-17 14:30:56,CANCELLED,0,0.0
ORD20001909,C100145,INFY,NSE,SELL,CNC,MARKET,DAY,21,0.0,0.0,2026-09-17 14:32:51,COMPLETE,21,1582.4
ORD20004593,C100160,RELIANCE,NSE,SELL,MIS,LIMIT,DAY,19,2882.05,0.0,2026-09-17 14:32:52,REJECTED,0,0.0
ORD20000186,C100056,ITC,NSE,SELL,MIS,LIMIT,DAY,13,476.75,0.0,2026-09-17 14:34:21,CANCELLED,0,0.0
ORD20000976,C100111,ITC,NSE,SELL,CNC,LIMIT,DAY,20,450.65,0.0,2026-09-17 14:34:38,COMPLETE,20,450.65
ORD20000691,C100101,ITC,NSE,BUY,CNC,SL,DAY,26,436.55,434.35,2026-09-17 14:35:32,COMPLETE,26,436.85
ORD20004273,C100186,TATAMOTORS,NSE,BUY,CNC,MARKET,DAY,19,0.0,0.0,2026-09-17 14:37:38,COMPLETE,19,961.15
ORD20003468,C100131,INFY,NSE,SELL,CNC,LIMIT,DAY,4,1631.2,0.0,2026-09-17 14:39:44,COMPLETE,4,1631.2
ORD20002050,C100165,ITC,NSE,BUY,MIS,SL,DAY,6,467.6,465.25,2026-09-17 14:40:55,COMPLETE,6,467.55
ORD20002214,C100151,BHARTIARTL,NSE,SELL,CNC,LIMIT,DAY,9,1360.65,0.0,2026-09-17 14:42:47,COMPLETE,9,1360.65
ORD20004144,C100094,TATAMOTORS,NSE,BUY,MIS,LIMIT,DAY,109,929.8,0.0,2026-09-17 14:44:27,REJECTED,0,0.0
ORD20002994,C100122,AXISBANK,NSE,BUY,MIS,LIMIT,DAY,6,1126.15,0.0,2026-09-17 14:44:54,PARTIAL,2,1126.15
ORD20000711,C100159,NTPC,NSE,SELL,MIS,MARKET,DAY,11,0.0,0.0,2026-09-17 14:52:23,COMPLETE,11,343.46
ORD20001877,C100084,BHARTIARTL,NSE,SELL,MIS,LIMIT,DAY,20,1372.5,0.0,2026-09-17 14:52:35,REJECTED,0,0.0
ORD20000789,C100177,ITC,BSE,BUY,CNC,LIMIT,DAY,29,431.75,0.0,2026-09-17 14:53:49,COMPLETE,29,431.75
ORD20004514,C100047,NTPC,NSE,BUY,CNC,MARKET,DAY,11,0.0,0.0,2026-09-17 14:53:52,COMPLETE,11,363.79
ORD20001726,C100024,HDFCBANK,NSE,BUY,CNC,MARKET,DAY,21,0.0,0.0,2026-09-17 14:55:13,CANCELLED,0,0.0
ORD20002698,C100077,TATAMOTORS,NSE,SELL,CNC,LIMIT,DAY,5,945.7,0.0,2026-09-17 14:58:48,COMPLETE,5,945.7
ORD20001889,C100177,TATAMOTORS,NSE,SELL,MIS,LIMIT,DAY,5,958.3,0.0,2026-09-17 14:59:48,REJECTED,0,0.0
ORD20001151,C100144,ICICIBANK,NSE,BUY,MIS,MARKET,DAY,70,0.0,0.0,2026-09-17 15:00:32,COMPLETE,70,1176.04
ORD20000502,C100153,ONGC,NSE,BUY,CNC,MARKET,DAY,161,0.0,0.0,2026-09-17 15:01:34,REJECTED,0,0.0
ORD20004896,C100002,RELIANCE,BSE,BUY,MIS,LIMIT,DAY,44,2776.9,0.0,2026-09-17 15:02:33,COMPLETE,44,2776.9
ORD20003216,C100186,KOTAKBANK,NSE,BUY,CNC,LIMIT,DAY,81,1744.2,0.0,2026-09-17 15:04:38,REJECTED,0,0.0
ORD20002804,C100172,BHARTIARTL,NSE,SELL,CNC,MARKET,DAY,52,0.0,0.0,2026-09-17 15:06:57,COMPLETE,52,1355.8
ORD20002321,C100190,KOTAKBANK,BSE,BUY,MIS,LIMIT,DAY,41,1744.8,0.0,2026-09-17 15:08:55,COMPLETE,41,1744.8
ORD20001539,C100106,NTPC,NSE,BUY,CNC,LIMIT,DAY,28,367.95,0.0,2026-09-17 15:13:50,COMPLETE,28,367.95
ORD20004132,C100175,RELIANCE,NSE,SELL,CNC,LIMIT,DAY,24,2877.9,0.0,2026-09-17 15:16:29,COMPLETE,24,2877.9
ORD20001693,C100052,ONGC,NSE,BUY,MIS,LIMIT,DAY,172,257.8,0.0,2026-09-17 15:17:58,COMPLETE,172,257.8
ORD20001392,C100195,NTPC,NSE,BUY,MIS,MARKET,DAY,88,0.0,0.0,2026-09-17 15:23:38,COMPLETE,88,369.36
ORD20003197,C100197,TATAMOTORS,NSE,SELL,CNC,LIMIT,DAY,94,922.85,0.0,2026-09-18 09:18:36,COMPLETE,94,922.85
ORD20000085,C100191,RELIANCE,BSE,BUY,CNC,SL,DAY,8,2954.45,2939.7,2026-09-18 09:18:44,COMPLETE,8,2951.98
ORD20000142,C100072,ICICIBANK,NSE,SELL,CNC,LIMIT,DAY,32,1214.6,0.0,2026-09-18 09:22:10,CANCELLED,0,0.0
ORD20003766,C100157,ICICIBANK,NSE,SELL,MIS,MARKET,DAY,22,0.0,0.0,2026-09-18 09:23:37,COMPLETE,22,1188.05
ORD20002538,C100184,NTPC,NSE,SELL,CNC,LIMIT,DAY,99,348.55,0.0,2026-09-18 09:24:02,COMPLETE,99,348.55
ORD20001530,C100137,ASIANPAINT,NSE,SELL,MIS,MARKET,DAY,21,0.0,0.0,2026-09-18 09:28:22,CANCELLED,0,0.0
ORD20001854,C100166,BHARTIARTL,NSE,SELL,MIS,SL,DAY,4,1418.4,1425.5,2026-09-18 09:28:48,COMPLETE,4,1417.7
ORD20000379,C100025,ASIANPAINT,NSE,BUY,MIS,LIMIT,DAY,23,2917.25,0.0,2026-09-18 09:29:36,COMPLETE,23,2917.25
ORD20001956,C100168,MARUTI,BSE,BUY,MIS,LIMIT,DAY,4,11986.95,0.0,2026-09-18 09:32:22,COMPLETE,4,11986.95
ORD20002963,C100191,RELIANCE,NSE,SELL,CNC,MARKET,DAY,12,0.0,0.0,2026-09-18 09:34:31,COMPLETE,12,2921.99
ORD20004081,C100184,KOTAKBANK,NSE,BUY,CNC,LIMIT,DAY,76,1732.9,0.0,2026-09-18 09:35:52,COMPLETE,76,1732.9
ORD20002300,C100038,BHARTIARTL,NSE,BUY,CNC,MARKET,DAY,21,0.0,0.0,2026-09-18 09:38:01,COMPLETE,21,1464.66
ORD20000848,C100012,ITC,NSE,SELL,CNC,LIMIT,DAY,253,457.8,0.0,2026-09-18 09:40:28,COMPLETE,253,457.8
ORD20003053,C100186,BHARTIARTL,NSE,SELL,CNC,LIMIT,DAY,31,1419.75,0.0,2026-09-18 09:40:52,COMPLETE,31,1419.75
ORD20002184,C100184,HDFCBANK,NSE,SELL,CNC,LIMIT,DAY,2,1697.85,0.0,2026-09-18 09:42:53,COMPLETE,2,1697.85
ORD20001533,C100068,NTPC,NSE,BUY,MIS,LIMIT,DAY,244,359.45,0.0,2026-09-18 09:43:53,COMPLETE,244,359.45
ORD20003354,C100087,BHARTIARTL,NSE,SELL,CNC,LIMIT,DAY,91,1496.15,0.0,2026-09-18 09:44:16,COMPLETE,91,1496.15
ORD20002444,C100135,ITC,BSE,BUY,CNC,LIMIT,DAY,47,445.5,0.0,2026-09-18 09:50:15,COMPLETE,47,445.5
ORD20000825,C100069,ICICIBANK,BSE,SELL,MIS,LIMIT,DAY,29,1220.2,0.0,2026-09-18 09:50:58,REJECTED,0,0.0
ORD20002759,C100161,BHARTIARTL,NSE,BUY,MIS,LIMIT,DAY,4,1442.0,0.0,2026-09-18 09:53:02,COMPLETE,4,1442.0
ORD20002509,C100017,TATAMOTORS,NSE,BUY,MIS,LIMIT,DAY,32,916.45,0.0,2026-09-18 09:55:09,COMPLETE,32,916.45
ORD20000248,C100032,BHARTIARTL,NSE,BUY,CNC,MARKET,DAY,5,0.0,0.0,2026-09-18 09:57:48,COMPLETE,5,1348.7
ORD20000849,C100197,HINDUNILVR,NSE,BUY,CNC,MARKET,DAY,2,0.0,0.0,2026-09-18 09:59:26,REJECTED,0,0.0
ORD20004966,C100073,TATAMOTORS,NSE,SELL,MIS,MARKET,DAY,10,0.0,0.0,2026-09-18 10:01:36,COMPLETE,10,954.05
ORD20001098,C100020,SBIN,NSE,SELL,CNC,LIMIT,DAY,4,787.7,0.0,2026-09-18 10:06:14,COMPLETE,4,787.7
ORD20003114,C100112,HINDUNILVR,NSE,BUY,MIS,LIMIT,DAY,7,2462.75,0.0,2026-09-18 10:08:11,COMPLETE,7,2462.75
ORD20004172,C100138,ASIANPAINT,NSE,BUY,MIS,SL,DAY,4,3002.0,2987.0,2026-09-18 10:11:17,COMPLETE,4,3001.1
ORD20000113,C100113,MARUTI,NSE,SELL,CNC,LIMIT,DAY,1,11574.85,0.0,2026-09-18 10:11:55,COMPLETE,1,11574.85
ORD20002674,C100013,ONGC,BSE,SELL,CNC,LIMIT,DAY,99,282.7,0.0,2026-09-18 10:12:58,REJECTED,0,0.0
ORD20000894,C100176,NTPC,NSE,SELL,CNC,LIMIT,DAY,27,381.75,0.0,2026-09-18 10:16:01,COMPLETE,27,381.75
ORD20003551,C100134,ONGC,NSE,BUY,MIS,SL,DAY,12,265.15,263.85,2026-09-18 10:16:33,COMPLETE,12,265.0
ORD20003272,C100043,RELIANCE,NSE,BUY,CNC,LIMIT,DAY,4,2929.6,0.0,2026-09-18 10:18:07,REJECTED,0,0.0
ORD20000766,C100094,BHARTIARTL,BSE,SELL,MIS,LIMIT,DAY,5,1332.3,0.0,2026-09-18 10:18:30,COMPLETE,5,1332.3
ORD20001915,C100145,ITC,NSE,BUY,MIS,SL,DAY,54,453.9,451.6,2026-09-18 10:22:00,COMPLETE,54,453.85
ORD20003177,C100118,KOTAKBANK,NSE,BUY,MIS,LIMIT,DAY,23,1768.0,0.0,2026-09-18 10:22:34,COMPLETE,23,1768.0
ORD20003409,C100092,ITC,NSE,SELL,CNC,LIMIT,DAY,105,458.65,0.0,2026-09-18 10:24:07,OPEN,0,0.0
ORD20001220,C100174,HINDUNILVR,NSE,SELL,MIS,MARKET,DAY,38,0.0,0.0,2026-09-18 10:24:37,COMPLETE,38,2366.52
ORD20003817,C100194,KOTAKBANK,NSE,BUY,CNC,LIMIT,DAY,20,1738.05,0.0,2026-09-18 10:26:27,COMPLETE,20,1738.05
ORD20001393,C100120,MARUTI,NSE,SELL,CNC,LIMIT,DAY,2,11923.4,0.0,2026-09-18 10:28:24,COMPLETE,2,11923.4
ORD20000315,C100132,BHARTIARTL,NSE,SELL,CNC,MARKET,DAY,4,0.0,0.0,2026-09-18 10:28:34,REJECTED,0,0.0
ORD20002910,C100170,RELIANCE,NSE,BUY,CNC,LIMIT,DAY,8,2831.85,0.0,2026-09-18 10:29:50,COMPLETE,8,2831.85
ORD20002354,C100198,RELIANCE,NSE,SELL,MIS,SL,DAY,9,2892.05,2906.5,2026-09-18 10:31:30,COMPLETE,9,2888.4
ORD20004819,C100102,HINDUNILVR,NSE,BUY,CNC,LIMIT,DAY,29,2518.7,0.0,2026-09-18 10:31:55,COMPLETE,29,2518.7
ORD20004588,C100113,ASIANPAINT,BSE,SELL,CNC,MARKET,DAY,26,0.0,0.0,2026-09-18 10:32:09,COMPLETE,26,3010.46
ORD20002982,C100040,KOTAKBANK,NSE,BUY,MIS,LIMIT,DAY,35,1800.45,0.0,2026-09-18 10:33:44,COMPLETE,35,1800.45
ORD20003531,C100129,RELIANCE,NSE,BUY,MIS,LIMIT,DAY,42,2816.0,0.0,2026-09-18 10:34:35,COMPLETE,42,2816.0
ORD20001777,C100067,AXISBANK,NSE,BUY,MIS,MARKET,DAY,98,0.0,0.0,2026-09-18 10:36:16,COMPLETE,98,1163.34
ORD20002093,C100149,KOTAKBANK,NSE,BUY,CNC,MARKET,DAY,12,0.0,0.0,2026-09-18 10:36:20,COMPLETE,12,1801.4
ORD20004709,C100059,MARUTI,NSE,BUY,CNC,MARKET,DAY,8,0.0,0.0,2026-09-18 10:38:39,REJECTED,0,0.0
ORD20002108,C100194,ICICIBANK,NSE,SELL,CNC,LIMIT,DAY,56,1188.2,0.0,2026-09-18 10:40:14,REJECTED,0,0.0
ORD20004517,C100057,HDFCBANK,NSE,BUY,MIS,LIMIT,DAY,39,1655.6,0.0,2026-09-18 10:43:25,REJECTED,0,0.0
ORD20002237,C100174,SBIN,NSE,BUY,MIS,MARKET,DAY,8,0.0,0.0,2026-09-18 10:51:49,CANCELLED,0,0.0
ORD20002417,C100108,HINDUNILVR,NSE,SELL,MIS,LIMIT,DAY,11,2400.25,0.0,2026-09-18 10:53:47,COMPLETE,11,2400.25
ORD20003248,C100067,ITC,NSE,BUY,CNC,LIMIT,DAY,83,448.75,0.0,2026-09-18 10:54:02,COMPLETE,83,448.75
ORD20004730,C100048,RELIANCE,BSE,BUY,CNC,LIMIT,DAY,12,2883.15,0.0,2026-09-18 10:54:32,COMPLETE,12,2883.15
ORD20004836,C100030,RELIANCE,NSE,SELL,MIS,LIMIT,DAY,1,2784.25,0.0,2026-09-18 10:56:01,COMPLETE,1,2784.25
ORD20004759,C100102,AXISBANK,NSE,BUY,CNC,LIMIT,DAY,72,1108.6,0.0,2026-09-18 10:56:34,COMPLETE,72,1108.6
ORD20004789,C100051,ITC,NSE,SELL,CNC,LIMIT,DAY,64,459.2,0.0,2026-09-18 10:57:12,COMPLETE,64,459.2
ORD20000960,C100191,AXISBANK,NSE,BUY,CNC,LIMIT,DAY,5,1155.05,0.0,2026-09-18 10:57:57,COMPLETE,5,1155.05
ORD20004126,C100163,BHARTIARTL,NSE,BUY,MIS,LIMIT,DAY,2,1377.6,0.0,2026-09-18 10:59:11,COMPLETE,2,1377.6
ORD20003002,C100151,MARUTI,NSE,SELL,CNC,LIMIT,DAY,3,11572.35,0.0,2026-09-18 11:02:11,CANCELLED,0,0.0
ORD20003622,C100161,TCS,NSE,SELL,MIS,SL,DAY,26,3789.75,3808.7,2026-09-18 11:04:22,COMPLETE,26,3789.24
ORD20000193,C100187,INFY,NSE,SELL,CNC,MARKET,DAY,4,0.0,0.0,2026-09-18 11:05:08,COMPLETE,4,1619.42
ORD20001914,C100191,HDFCBANK,NSE,BUY,CNC,MARKET,DAY,7,0.0,0.0,2026-09-18 11:12:43,COMPLETE,7,1582.87
ORD20003568,C100055,RELIANCE,NSE,SELL,MIS,LIMIT,DAY,26,2756.9,0.0,2026-09-18 11:13:02,COMPLETE,26,2756.9
ORD20003800,C100142,ICICIBANK,NSE,BUY,MIS,LIMIT,DAY,5,1210.8,0.0,2026-09-18 11:14:36,REJECTED,0,0.0
ORD20004644,C100078,TATAMOTORS,NSE,SELL,MIS,LIMIT,DAY,31,947.65,0.0,2026-09-18 11:15:19,COMPLETE,31,947.65
ORD20003418,C100097,TATAMOTORS,NSE,SELL,MIS,LIMIT,DAY,27,961.05,0.0,2026-09-18 11:20:05,COMPLETE,27,961.05
ORD20003238,C100131,RELIANCE,NSE,SELL,CNC,LIMIT,DAY,17,2988.6,0.0,2026-09-18 11:21:38,COMPLETE,17,2988.6
ORD20001496,C100130,RELIANCE,NSE,SELL,MIS,SL,DAY,2,2884.45,2898.9,2026-09-18 11:21:46,COMPLETE,2,2883.75
ORD20002673,C100149,ITC,NSE,SELL,MIS,MARKET,DAY,121,0.0,0.0,2026-09-18 11:23:13,COMPLETE,121,449.25
ORD20004672,C100059,INFY,NSE,BUY,MIS,LIMIT,DAY,14,1558.3,0.0,2026-09-18 11:28:51,COMPLETE,14,1558.3
ORD20001106,C100022,MARUTI,NSE,SELL,MIS,SL,DAY,8,11507.7,11565.25,2026-09-18 11:30:27,COMPLETE,8,11491.65
ORD20000003,C100112,ITC,NSE,BUY,MIS,LIMIT,DAY,40,455.8,0.0,2026-09-18 11:35:47,COMPLETE,40,455.8
ORD20003689,C100145,BHARTIARTL,NSE,SELL,CNC,MARKET,DAY,88,0.0,0.0,2026-09-18 11:36:05,CANCELLED,0,0.0
ORD20003981,C100005,HINDUNILVR,NSE,SELL,CNC,SL,DAY,2,2485.25,2497.7,2026-09-18 11:36:07,COMPLETE,2,2483.48
ORD20000747,C100154,TATAMOTORS,NSE,BUY,MIS,LIMIT,DAY,66,967.1,0.0,2026-09-18 11:37:14,COMPLETE,66,967.1
ORD20002665,C100116,AXISBANK,NSE,BUY,CNC,LIMIT,DAY,33,1127.85,0.0,2026-09-18 11:37:30,COMPLETE,33,1127.85
ORD20000411,C100150,ITC,NSE,BUY,MIS,LIMIT,DAY,75,446.7,0.0,2026-09-18 11:38:44,CANCELLED,0,0.0
ORD20003801,C100183,NTPC,NSE,SELL,CNC,LIMIT,DAY,14,347.05,0.0,2026-09-18 11:39:30,REJECTED,0,0.0
ORD20000887,C100168,INFY,BSE,BUY,CNC,LIMIT,DAY,7,1566.9,0.0,2026-09-18 11:40:12,COMPLETE,7,1566.9
ORD20004929,C100133,TCS,NSE,BUY,MIS,SL,DAY,1,3908.6,3889.1,2026-09-18 11:40:12,COMPLETE,1,3906.6
ORD20002930,C100114,ITC,NSE,SELL,MIS,MARKET,DAY,15,0.0,0.0,2026-09-18 11:44:50,CANCELLED,0,0.0
ORD20002185,C100139,BHARTIARTL,NSE,SELL,MIS,MARKET,DAY,4,0.0,0.0,2026-09-18 11:45:06,COMPLETE,4,1463.75
ORD20004500,C100045,NTPC,NSE,BUY,CNC,LIMIT,DAY,33,352.3,0.0,2026-09-18 11:48:44,COMPLETE,33,352.3
ORD20000305,C100085,NTPC,NSE,SELL,CNC,LIMIT,DAY,15,364.85,0.0,2026-09-18 11:48:58,COMPLETE,15,364.85
ORD20001325,C100023,ONGC,NSE,SELL,MIS,LIMIT,DAY,52,269.1,0.0,2026-09-18 11:50:35,COMPLETE,52,269.1
ORD20002589,C100092,ITC,NSE,BUY,CNC,SL,DAY,124,436.0,433.85,2026-09-18 11:52:54,REJECTED,0,0.0
ORD20003451,C100036,HDFCBANK,NSE,BUY,MIS,LIMIT,DAY,7,1630.0,0.0,2026-09-18 11:54:02,COMPLETE,7,1630.0
ORD20001686,C100111,TCS,NSE,BUY,MIS,MARKET,DAY,1,0.0,0.0,2026-09-18 11:58:06,COMPLETE,1,3934.2
ORD20004693,C100123,HINDUNILVR,NSE,BUY,CNC,LIMIT,DAY,2,2390.2,0.0,2026-09-18 11:58:35,COMPLETE,2,2390.2
ORD20001663,C100030,ICICIBANK,NSE,SELL,CNC,MARKET,DAY,15,0.0,0.0,2026-09-18 12:00:00,COMPLETE,15,1203.31
ORD20004219,C100111,HINDUNILVR,BSE,BUY,MIS,LIMIT,DAY,2,2506.7,0.0,2026-09-18 12:03:51,COMPLETE,2,2506.7
ORD20000030,C100101,BHARTIARTL,NSE,SELL,CNC,SL,DAY,4,1344.35,1351.1,2026-09-18 12:04:12,COMPLETE,4,1343.65
ORD20001526,C100030,RELIANCE,NSE,BUY,CNC,LIMIT,DAY,1,3000.9,0.0,2026-09-18 12:05:47,COMPLETE,1,3000.9
ORD20000629,C100044,HINDUNILVR,NSE,BUY,CNC,LIMIT,DAY,30,2438.45,0.0,2026-09-18 12:06:34,COMPLETE,30,2438.45
ORD20000574,C100112,ITC,NSE,SELL,MIS,SL,DAY,193,469.05,471.35,2026-09-18 12:07:07,COMPLETE,193,469.18
ORD20004207,C100067,NTPC,NSE,BUY,MIS,SL,DAY,149,369.65,367.8,2026-09-18 12:07:36,CANCELLED,0,0.0
ORD20001303,C100014,RELIANCE,BSE,BUY,CNC,LIMIT,DAY,1,2946.65,0.0,2026-09-18 12:07:36,REJECTED,0,0.0
ORD20001614,C100007,HDFCBANK,NSE,SELL,CNC,LIMIT,DAY,13,1634.0,0.0,2026-09-18 12:13:04,COMPLETE,13,1634.0
ORD20001733,C100031,BHARTIARTL,NSE,BUY,MIS,MARKET,DAY,4,0.0,0.0,2026-09-18 12:13:40,COMPLETE,4,1434.95
ORD20000701,C100049,ITC,NSE,SELL,MIS,LIMIT,DAY,313,447.8,0.0,2026-09-18 12:15:14,COMPLETE,313,447.8
ORD20004154,C100012,BHARTIARTL,NSE,SELL,MIS,MARKET,DAY,21,0.0,0.0,2026-09-18 12:16:08,COMPLETE,21,1329.48
ORD20004725,C100012,ITC,NSE,BUY,MIS,LIMIT,DAY,32,441.8,0.0,2026-09-18 12:18:10,CANCELLED,0,0.0
ORD20001448,C100146,ICICIBANK,NSE,SELL,CNC,LIMIT,DAY,18,1214.05,0.0,2026-09-18 12:18:33,COMPLETE,18,1214.05
ORD20002461,C100150,HDFCBANK,NSE,BUY,CNC,LIMIT,DAY,5,1659.15,0.0,2026-09-18 12:19:37,COMPLETE,5,1659.15
ORD20001562,C100054,KOTAKBANK,NSE,SELL,MIS,LIMIT,DAY,40,1748.1,0.0,2026-09-18 12:20:29,COMPLETE,40,1748.1
ORD20000626,C100102,TITAN,NSE,BUY,CNC,LIMIT,DAY,8,3345.65,0.0,2026-09-18 12:20:34,REJECTED,0,0.0
ORD20001295,C100030,AXISBANK,NSE,BUY,MIS,LIMIT,DAY,12,1076.65,0.0,2026-09-18 12:23:21,COMPLETE,12,1076.65
ORD20004416,C100091,ONGC,NSE,BUY,CNC,MARKET,DAY,39,0.0,0.0,2026-09-18 12:23:59,COMPLETE,39,264.94
ORD20003707,C100077,ASIANPAINT,NSE,BUY,MIS,LIMIT,DAY,35,2884.05,0.0,2026-09-18 12:27:55,COMPLETE,35,2884.05
ORD20000709,C100037,NTPC,NSE,BUY,MIS,MARKET,DAY,88,0.0,0.0,2026-09-18 12:31:25,COMPLETE,88,373.1
ORD20002213,C100116,AXISBANK,NSE,SELL,MIS,MARKET,DAY,64,0.0,0.0,2026-09-18 12:31:43,REJECTED,0,0.0
ORD20001957,C100006,INFY,NSE,SELL,MIS,LIMIT,DAY,64,1622.55,0.0,2026-09-18 12:32:54,CANCELLED,0,0.0
ORD20004084,C100103,HDFCBANK,NSE,BUY,MIS,MARKET,DAY,75,0.0,0.0,2026-09-18 12:34:00,COMPLETE,75,1543.38
ORD20002875,C100027,SBIN,NSE,BUY,MIS,MARKET,DAY,17,0.0,0.0,2026-09-18 12:37:18,COMPLETE,17,825.33
ORD20004990,C100197,BHARTIARTL,NSE,SELL,MIS,MARKET,DAY,41,0.0,0.0,2026-09-18 12:38:17,COMPLETE,41,1439.31
ORD20002102,C100112,AXISBANK,BSE,BUY,CNC,LIMIT,DAY,6,1112.55,0.0,2026-09-18 12:41:54,COMPLETE,6,1112.55
ORD20001590,C100006,MARUTI,NSE,SELL,CNC,MARKET,DAY,1,0.0,0.0,2026-09-18 12:42:33,COMPLETE,1,12182.95
ORD20002012,C100015,AXISBANK,NSE,SELL,CNC,LIMIT,DAY,21,1135.2,0.0,2026-09-18 12:44:32,COMPLETE,21,1135.2
ORD20001629,C100019,AXISBANK,NSE,BUY,CNC,LIMIT,DAY,18,1142.0,0.0,2026-09-18 12:44:54,COMPLETE,18,1142.0
ORD20000298,C100160,INFY,NSE,BUY,CNC,LIMIT,DAY,15,1674.6,0.0,2026-09-18 12:47:57,COMPLETE,15,1674.6
ORD20002790,C100011,TATAMOTORS,NSE,BUY,CNC,LIMIT,DAY,40,912.05,0.0,2026-09-18 12:49:44,COMPLETE,40,912.05
ORD20000585,C100196,BHARTIARTL,NSE,BUY,CNC,LIMIT,DAY,6,1359.05,0.0,2026-09-18 12:50:23,COMPLETE,6,1359.05
ORD20000543,C100075,TATAMOTORS,NSE,SELL,CNC,MARKET,DAY,71,0.0,0.0,2026-09-18 12:52:21,COMPLETE,71,940.77
ORD20003322,C100056,TATAMOTORS,NSE,SELL,MIS,MARKET,DAY,13,0.0,0.0,2026-09-18 12:53:15,COMPLETE,13,967.7
ORD20002435,C100006,MARUTI,NSE,SELL,MIS,LIMIT,DAY,2,11486.05,0.0,2026-09-18 12:53:27,COMPLETE,2,11486.05
ORD20003359,C100148,ICICIBANK,NSE,BUY,CNC,LIMIT,DAY,12,1231.4,0.0,2026-09-18 12:54:38,COMPLETE,12,1231.4
ORD20000158,C100152,NTPC,NSE,SELL,MIS,LIMIT,DAY,33,359.35,0.0,2026-09-18 12:56:02,COMPLETE,33,359.35
ORD20000128,C100039,TCS,NSE,SELL,MIS,SL,DAY,1,3907.6,3927.15,2026-09-18 12:57:16,COMPLETE,1,3909.0
ORD20001851,C100101,SBIN,NSE,SELL,CNC,LIMIT,DAY,6,749.15,0.0,2026-09-18 12:59:33,COMPLETE,6,749.15
ORD20001960,C100005,ONGC,NSE,BUY,CNC,LIMIT,DAY,394,270.65,0.0,2026-09-18 13:00:51,COMPLETE,394,270.65
ORD20002533,C100133,HDFCBANK,NSE,SELL,CNC,LIMIT,DAY,2,1604.4,0.0,2026-09-18 13:01:22,COMPLETE,2,1604.4
ORD20001824,C100053,HINDUNILVR,NSE,SELL,CNC,LIMIT,DAY,50,2511.6,0.0,2026-09-18 13:03:38,COMPLETE,50,2511.6
ORD20002048,C100152,TCS,NSE,BUY,MIS,SL,DAY,1,3745.1,3726.4,2026-09-18 13:03:41,COMPLETE,1,3748.7
ORD20000621,C100050,TCS,NSE,BUY,MIS,MARKET,DAY,1,0.0,0.0,2026-09-18 13:04:31,COMPLETE,1,3946.25
ORD20004249,C100123,AXISBANK,NSE,SELL,MIS,LIMIT,DAY,26,1120.0,0.0,2026-09-18 13:06:05,CANCELLED,0,0.0
ORD20001929,C100104,TATAMOTORS,NSE,BUY,MIS,LIMIT,DAY,17,971.75,0.0,2026-09-18 13:06:38,COMPLETE,17,971.75
ORD20004455,C100061,HINDUNILVR,NSE,BUY,MIS,LIMIT,DAY,11,2315.3,0.0,2026-09-18 13:07:18,COMPLETE,11,2315.3
ORD20001182,C100104,MARUTI,NSE,SELL,CNC,LIMIT,DAY,1,12053.0,0.0,2026-09-18 13:08:05,COMPLETE,1,12053.0
ORD20003959,C100086,RELIANCE,NSE,SELL,CNC,LIMIT,DAY,16,2831.45,0.0,2026-09-18 13:09:20,COMPLETE,16,2831.45
ORD20000915,C100124,TITAN,NSE,SELL,MIS,MARKET,DAY,20,0.0,0.0,2026-09-18 13:12:31,COMPLETE,20,3284.85
ORD20002644,C100036,HINDUNILVR,BSE,SELL,CNC,LIMIT,DAY,2,2263.2,0.0,2026-09-18 13:13:03,COMPLETE,2,2263.2
ORD20000284,C100143,ITC,NSE,BUY,MIS,MARKET,DAY,278,0.0,0.0,2026-09-18 13:13:35,COMPLETE,278,445.9
ORD20002436,C100163,ONGC,NSE,SELL,MIS,LIMIT,DAY,170,277.7,0.0,2026-09-18 13:15:21,COMPLETE,170,277.7
ORD20002485,C100000,KOTAKBANK,NSE,SELL,CNC,LIMIT,DAY,16,1769.5,0.0,2026-09-18 13:17:52,COMPLETE,16,1769.5
ORD20001865,C100173,SBIN,NSE,SELL,MIS,MARKET,DAY,5,0.0,0.0,2026-09-18 13:18:59,COMPLETE,5,801.01
ORD20003648,C100046,TATAMOTORS,NSE,SELL,CNC,LIMIT,DAY,53,948.5,0.0,2026-09-18 13:25:05,CANCELLED,0,0.0
ORD20004998,C100172,HDFCBANK,NSE,SELL,CNC,SL,DAY,8,1646.65,1654.85,2026-09-18 13:25:25,COMPLETE,8,1647.95
ORD20004659,C100122,RELIANCE,NSE,SELL,MIS,LIMIT,DAY,23,2788.05,0.0,2026-09-18 13:26:48,COMPLETE,23,2788.05
ORD20002847,C100188,ITC,NSE,SELL,MIS,LIMIT,DAY,10,451.25,0.0,2026-09-18 13:26:48,COMPLETE,10,451.25
ORD20003796,C100131,KOTAKBANK,NSE,SELL,MIS,LIMIT,DAY,10,1722.55,0.0,2026-09-18 13:31:09,COMPLETE,10,1722.55
ORD20003680,C100163,ITC,BSE,SELL,CNC,MARKET,DAY,115,0.0,0.0,2026-09-18 13:33:03,COMPLETE,115,451.5
ORD20003544,C100000,KOTAKBANK,NSE,SELL,MIS,SL,DAY,9,1659.35,1667.6,2026-09-18 13:38:27,COMPLETE,9,1659.96
ORD20000291,C100093,ITC,NSE,SELL,MIS,MARKET,DAY,9,0.0,0.0,2026-09-18 13:40:15,COMPLETE,9,436.9
ORD20002683,C100116,WIPRO,NSE,BUY,CNC,MARKET,DAY,202,0.0,0.0,2026-09-18 13:40:50,COMPLETE,202,468.02
ORD20001434,C100041,KOTAKBANK,NSE,BUY,MIS,LIMIT,DAY,8,1733.75,0.0,2026-09-18 13:40:56,COMPLETE,8,1733.75
ORD20000523,C100162,BHARTIARTL,NSE,SELL,CNC,MARKET,DAY,8,0.0,0.0,2026-09-18 13:42:43,COMPLETE,8,1379.19
ORD20004694,C100070,BHARTIARTL,NSE,BUY,MIS,MARKET,DAY,2,0.0,0.0,2026-09-18 13:42:44,COMPLETE,2,1377.43
ORD20000009,C100084,HINDUNILVR,NSE,BUY,MIS,LIMIT,DAY,11,2370.1,0.0,2026-09-18 13:43:08,REJECTED,0,0.0
ORD20001982,C100061,ICICIBANK,NSE,BUY,MIS,MARKET,DAY,4,0.0,0.0,2026-09-18 13:43:51,COMPLETE,4,1262.45
ORD20002271,C100038,TATAMOTORS,NSE,SELL,CNC,LIMIT,DAY,28,963.25,0.0,2026-09-18 13:43:59,PARTIAL,18,963.25
ORD20001573,C100017,ITC,BSE,BUY,CNC,LIMIT,DAY,283,450.25,0.0,2026-09-18 13:44:19,COMPLETE,283,450.25
ORD20002475,C100185,NTPC,NSE,SELL,MIS,MARKET,DAY,192,0.0,0.0,2026-09-18 13:44:56,COMPLETE,192,354.58
ORD20000260,C100164,KOTAKBANK,NSE,SELL,CNC,LIMIT,DAY,44,1750.4,0.0,2026-09-18 13:50:33,PARTIAL,30,1750.4
ORD20003279,C100055,ASIANPAINT,NSE,BUY,CNC,LIMIT,DAY,30,2979.2,0.0,2026-09-18 13:50:44,COMPLETE,30,2979.2
ORD20003205,C100056,ICICIBANK,NSE,SELL,MIS,LIMIT,DAY,13,1202.2,0.0,2026-09-18 13:53:30,CANCELLED,0,0.0
ORD20002762,C100133,ONGC,NSE,SELL,MIS,MARKET,DAY,135,0.0,0.0,2026-09-18 13:54:12,PARTIAL,72,265.7
ORD20003425,C100122,MARUTI,NSE,BUY,MIS,MARKET,DAY,1,0.0,0.0,2026-09-18 13:54:51,COMPLETE,1,11699.25
ORD20004767,C100159,HDFCBANK,NSE,SELL,CNC,LIMIT,DAY,33,1603.2,0.0,2026-09-18 13:55:58,COMPLETE,33,1603.2
ORD20003694,C100115,ITC,NSE,SELL,CNC,MARKET,DAY,91,0.0,0.0,2026-09-18 13:55:59,CANCELLED,0,0.0
ORD20004201,C100008,ITC,NSE,BUY,CNC,LIMIT,DAY,66,430.55,0.0,2026-09-18 13:57:01,COMPLETE,66,430.55
ORD20001707,C100163,ITC,NSE,SELL,CNC,LIMIT,DAY,121,438.3,0.0,2026-09-18 13:57:14,COMPLETE,121,438.3
ORD20001408,C100073,ITC,NSE,SELL,MIS,SL,DAY,53,457.75,460.05,2026-09-18 13:57:30,COMPLETE,53,457.95
ORD20002110,C100079,ITC,NSE,SELL,CNC,LIMIT,DAY,50,436.5,0.0,2026-09-18 13:57:40,COMPLETE,50,436.5
ORD20003462,C100107,ITC,NSE,SELL,CNC,MARKET,DAY,294,0.0,0.0,2026-09-18 14:00:16,COMPLETE,294,455.25
ORD20002261,C100144,RELIANCE,NSE,BUY,MIS,LIMIT,DAY,23,2979.85,0.0,2026-09-18 14:01:22,COMPLETE,23,2979.85
ORD20004902,C100165,KOTAKBANK,NSE,BUY,MIS,LIMIT,DAY,76,1686.1,0.0,2026-09-18 14:01:28,COMPLETE,76,1686.1
ORD20001123,C100031,ASIANPAINT,NSE,SELL,CNC,LIMIT,DAY,1,2833.15,0.0,2026-09-18 14:03:05,CANCELLED,0,0.0
ORD20004996,C100071,HDFCBANK,NSE,BUY,MIS,MARKET,DAY,44,0.0,0.0,2026-09-18 14:05:06,COMPLETE,44,1561.85
ORD20003865,C100140,ITC,NSE,BUY,MIS,LIMIT,DAY,195,436.6,0.0,2026-09-18 14:06:03,COMPLETE,195,436.6
ORD20001183,C100162,MARUTI,NSE,SELL,MIS,LIMIT,DAY,1,12737.1,0.0,2026-09-18 14:07:08,COMPLETE,1,12737.1
ORD20000615,C100160,KOTAKBANK,NSE,BUY,CNC,LIMIT,DAY,20,1797.6,0.0,2026-09-18 14:09:01,COMPLETE,20,1797.6
ORD20000666,C100031,ONGC,NSE,SELL,MIS,LIMIT,DAY,437,274.5,0.0,2026-09-18 14:09:56,COMPLETE,437,274.5
ORD20002728,C100101,NTPC,NSE,SELL,MIS,LIMIT,DAY,12,349.25,0.0,2026-09-18 14:11:09,COMPLETE,12,349.25
ORD20002707,C100033,HINDUNILVR,NSE,BUY,MIS,LIMIT,DAY,12,2432.8,0.0,2026-09-18 14:14:11,COMPLETE,12,2432.8
ORD20001657,C100083,HINDUNILVR,NSE,BUY,MIS,LIMIT,DAY,10,2514.8,0.0,2026-09-18 14:14:19,COMPLETE,10,2514.8
ORD20003475,C100053,TCS,NSE,BUY,CNC,LIMIT,DAY,18,3965.15,0.0,2026-09-18 14:14:46,COMPLETE,18,3965.15
ORD20001730,C100098,ITC,NSE,BUY,MIS,MARKET,DAY,112,0.0,0.0,2026-09-18 14:15:30,REJECTED,0,0.0
ORD20002344,C100140,ONGC,BSE,SELL,CNC,LIMIT,DAY,47,262.55,0.0,2026-09-18 14:19:10,COMPLETE,47,262.55
ORD20002120,C100138,ITC,BSE,SELL,MIS,SL,DAY,12,458.85,461.15,2026-09-18 14:20:21,COMPLETE,12,458.85
ORD20002510,C100074,RELIANCE,NSE,BUY,CNC,MARKET,DAY,2,0.0,0.0,2026-09-18 14:20:34,COMPLETE,2,2840.6
ORD20002269,C100028,INFY,NSE,SELL,MIS,LIMIT,DAY,4,1531.0,0.0,2026-09-18 14:22:26,PARTIAL,1,1531.0
ORD20003372,C100000,RELIANCE,NSE,BUY,MIS,LIMIT,DAY,11,2840.4,0.0,2026-09-18 14:22:33,COMPLETE,11,2840.4
ORD20003415,C100049,TATAMOTORS,NSE,BUY,MIS,LIMIT,DAY,43,951.55,0.0,2026-09-18 14:23:28,CANCELLED,0,0.0
ORD20003424,C100121,HINDUNILVR,NSE,BUY,CNC,MARKET,DAY,4,0.0,0.0,2026-09-18 14:26:21,COMPLETE,4,2309.07
ORD20004319,C100114,KOTAKBANK,NSE,SELL,MIS,LIMIT,DAY,3,1801.35,0.0,2026-09-18 14:26:34,COMPLETE,3,1801.35
ORD20004786,C100145,INFY,NSE,BUY,MIS,MARKET,DAY,17,0.0,0.0,2026-09-18 14:28:19,COMPLETE,17,1579.42
ORD20004312,C100068,MARUTI,NSE,BUY,CNC,LIMIT,DAY,1,12455.2,0.0,2026-09-18 14:28:59,COMPLETE,1,12455.2
ORD20002060,C100139,BHARTIARTL,NSE,SELL,MIS,LIMIT,DAY,25,1404.0,0.0,2026-09-18 14:29:00,COMPLETE,25,1404.0
ORD20002505,C100059,ONGC,NSE,SELL,CNC,MARKET,DAY,112,0.0,0.0,2026-09-18 14:29:50,COMPLETE,112,274.22
ORD20001129,C100088,BHARTIARTL,NSE,SELL,CNC,LIMIT,DAY,5,1364.45,0.0,2026-09-18 14:30:59,COMPLETE,5,1364.45
ORD20003510,C100064,TCS,NSE,SELL,MIS,MARKET,DAY,18,0.0,0.0,2026-09-18 14:32:07,COMPLETE,18,3899.85
ORD20000474,C100133,TATAMOTORS,NSE,SELL,MIS,LIMIT,DAY,7,909.9,0.0,2026-09-18 14:36:14,COMPLETE,7,909.9
ORD20000139,C100195,ITC,NSE,BUY,MIS,LIMIT,DAY,80,453.85,0.0,2026-09-18 14:36:33,COMPLETE,80,453.85
ORD20001222,C100143,TATAMOTORS,NSE,BUY,MIS,LIMIT,DAY,35,960.2,0.0,2026-09-18 14:40:26,COMPLETE,35,960.2
ORD20002925,C100023,ITC,NSE,SELL,MIS,LIMIT,DAY,84,446.1,0.0,2026-09-18 14:40:55,COMPLETE,84,446.1
ORD20003814,C100060,RELIANCE,NSE,SELL,MIS,LIMIT,DAY,39,2934.65,0.0,2026-09-18 14:41:35,CANCELLED,0,0.0
ORD20002478,C100057,HINDUNILVR,NSE,SELL,CNC,SL,DAY,44,2363.75,2375.55,2026-09-18 14:41:40,COMPLETE,44,2365.12
ORD20001807,C100039,HDFCBANK,NSE,BUY,MIS,LIMIT,DAY,32,1636.9,0.0,2026-09-18 14:42:38,COMPLETE,32,1636.9
ORD20002026,C100057,BHARTIARTL,NSE,BUY,MIS,LIMIT,DAY,2,1320.1,0.0,2026-09-18 14:44:35,PARTIAL,1,1320.1
ORD20003138,C100174,TCS,NSE,SELL,MIS,MARKET,DAY,3,0.0,0.0,2026-09-18 14:46:54,COMPLETE,3,3821.62
ORD20001535,C100032,ONGC,NSE,BUY,CNC,SL,DAY,22,272.25,270.9,2026-09-18 14:47:46,REJECTED,0,0.0
ORD20004093,C100087,HINDUNILVR,NSE,BUY,MIS,LIMIT,DAY,9,2455.55,0.0,2026-09-18 14:49:06,COMPLETE,9,2455.55
ORD20004138,C100199,INFY,NSE,SELL,CNC,MARKET,DAY,3,0.0,0.0,2026-09-18 14:54:35,COMPLETE,3,1548.1
ORD20002722,C100146,ITC,NSE,SELL,CNC,LIMIT,DAY,89,434.45,0.0,2026-09-18 14:55:02,COMPLETE,89,434.45
ORD20000596,C100017,HINDUNILVR,NSE,BUY,MIS,LIMIT,DAY,31,2490.2,0.0,2026-09-18 14:58:00,COMPLETE,31,2490.2
ORD20000310,C100154,ITC,NSE,SELL,MIS,SL,DAY,19,442.9,445.15,2026-09-18 14:59:45,REJECTED,0,0.0
ORD20001785,C100149,RELIANCE,NSE,SELL,CNC,LIMIT,DAY,1,2919.3,0.0,2026-09-18 15:00:46,COMPLETE,1,2919.3
ORD20001260,C100026,ASIANPAINT,BSE,SELL,MIS,MARKET,DAY,9,0.0,0.0,2026-09-18 15:03:21,COMPLETE,9,3088.95
ORD20001276,C100189,AXISBANK,NSE,BUY,MIS,MARKET,DAY,8,0.0,0.0,2026-09-18 15:04:42,COMPLETE,8,1183.45
ORD20000856,C100146,ITC,NSE,BUY,MIS,MARKET,DAY,11,0.0,0.0,2026-09-18 15:05:37,COMPLETE,11,446.09
ORD20000869,C100142,HINDUNILVR,NSE,SELL,MIS,SL,DAY,47,2293.55,2305.05,2026-09-18 15:06:32,COMPLETE,47,2293.68
ORD20003101,C100123,MARUTI,NSE,SELL,MIS,LIMIT,DAY,4,11759.9,0.0,2026-09-18 15:07:54,COMPLETE,4,11759.9
ORD20004794,C100158,HINDUNILVR,NSE,SELL,MIS,SL,DAY,12,2540.45,2553.15,2026-09-18 15:08:34,CANCELLED,0,0.0
ORD20003581,C100019,ITC,NSE,BUY,MIS,LIMIT,DAY,165,434.25,0.0,2026-09-18 15:09:19,COMPLETE,165,434.25
ORD20004278,C100068,ICICIBANK,NSE,SELL,CNC,LIMIT,DAY,4,1239.85,0.0,2026-09-18 15:09:51,COMPLETE,4,1239.85
ORD20000947,C100109,NTPC,NSE,SELL,MIS,LIMIT,DAY,135,365.45,0.0,2026-09-18 15:10:24,COMPLETE,135,365.45
ORD20002888,C100047,RELIANCE,NSE,BUY,MIS,LIMIT,DAY,19,2960.25,0.0,2026-09-18 15:12:03,COMPLETE,19,2960.25
ORD20000739,C100076,RELIANCE,NSE,BUY,MIS,MARKET,DAY,5,0.0,0.0,2026-09-18 15:12:09,REJECTED,0,0.0
ORD20003811,C100160,AXISBANK,NSE,SELL,MIS,LIMIT,DAY,124,1147.8,0.0,2026-09-18 15:13:48,COMPLETE,124,1147.8
ORD20003913,C100095,TATAMOTORS,NSE,SELL,MIS,MARKET,DAY,3,0.0,0.0,2026-09-18 15:16:35,COMPLETE,3,991.55
ORD20001172,C100071,HDFCBANK,BSE,BUY,MIS,MARKET,DAY,46,0.0,0.0,2026-09-18 15:16:41,COMPLETE,46,1576.71
ORD20001054,C100133,HINDUNILVR,NSE,BUY,CNC,MARKET,DAY,15,0.0,0.0,2026-09-18 15:18:46,COMPLETE,15,2434.3
ORD20000348,C100112,BHARTIARTL,NSE,BUY,CNC,LIMIT,DAY,38,1342.35,0.0,2026-09-18 15:22:45,PARTIAL,17,1342.35
ORD20001421,C100090,TATAMOTORS,NSE,BUY,CNC,SL,DAY,4,910.25,905.7,2026-09-18 15:24:06,COMPLETE,4,910.82
ORD20000659,C100123,ITC,NSE,SELL,MIS,LIMIT,DAY,24,452.95,0.0,2026-09-18 15:24:22,COMPLETE,24,452.95
ORD20000345,C100178,BHARTIARTL,NSE,BUY,CNC,LIMIT,DAY,3,1426.05,0.0,2026-09-21 09:15:48,COMPLETE,3,1426.05
ORD20002763,C100082,BHARTIARTL,NSE,BUY,CNC,LIMIT,DAY,5,1405.2,0.0,2026-09-21 09:16:54,COMPLETE,5,1405.2
ORD20002574,C100133,ITC,NSE,BUY,CNC,LIMIT,DAY,126,448.55,0.0,2026-09-21 09:17:14,COMPLETE,126,448.55
ORD20002525,C100006,HDFCBANK,NSE,BUY,MIS,LIMIT,DAY,47,1561.3,0.0,2026-09-21 09:18:48,CANCELLED,0,0.0
ORD20001980,C100062,ONGC,NSE,BUY,CNC,LIMIT,DAY,40,259.6,0.0,2026-09-21 09:22:03,REJECTED,0,0.0
ORD20001169,C100070,ITC,NSE,BUY,CNC,MARKET,DAY,317,0.0,0.0,2026-09-21 09:23:15,COMPLETE,317,469.21
ORD20004938,C100168,MARUTI,NSE,SELL,CNC,LIMIT,DAY,1,11806.35,0.0,2026-09-21 09:27:57,COMPLETE,1,11806.35
ORD20000594,C100198,RELIANCE,NSE,BUY,CNC,LIMIT,DAY,9,2916.4,0.0,2026-09-21 09:28:58,COMPLETE,9,2916.4
ORD20000027,C100004,ITC,NSE,SELL,MIS,LIMIT,DAY,32,459.1,0.0,2026-09-21 09:29:15,COMPLETE,32,459.1
ORD20002150,C100195,TCS,NSE,BUY,MIS,LIMIT,DAY,22,3952.9,0.0,2026-09-21 09:29:47,COMPLETE,22,3952.9
ORD20001087,C100066,HINDUNILVR,NSE,BUY,CNC,MARKET,DAY,54,0.0,0.0,2026-09-21 09:32:04,COMPLETE,54,2498.3
ORD20002419,C100099,BHARTIARTL,NSE,SELL,MIS,LIMIT,DAY,49,1438.85,0.0,2026-09-21 09:33:03,COMPLETE,49,1438.85
ORD20003285,C100013,ITC,NSE,SELL,MIS,MARKET,DAY,48,0.0,0.0,2026-09-21 09:35:42,COMPLETE,48,463.35
ORD20003471,C100122,MARUTI,NSE,SELL,CNC,SL,DAY,2,11845.6,11904.8,2026-09-21 09:36:13,COMPLETE,2,11847.15
ORD20004066,C100145,ITC,NSE,SELL,MIS,LIMIT,DAY,311,456.95,0.0,2026-09-21 09:38:58,COMPLETE,311,456.95
ORD20004392,C100162,TATAMOTORS,NSE,SELL,CNC,LIMIT,DAY,5,942.65,0.0,2026-09-21 09:40:13,COMPLETE,5,942.65
ORD20000423,C100073,ITC,NSE,SELL,CNC,LIMIT,DAY,79,464.7,0.0,2026-09-21 09:41:23,COMPLETE,79,464.7
ORD20003522,C100141,HDFCBANK,BSE,SELL,CNC,LIMIT,DAY,6,1654.8,0.0,2026-09-21 09:41:29,REJECTED,0,0.0
ORD20000317,C100134,HDFCBANK,NSE,SELL,MIS,LIMIT,DAY,3,1664.1,0.0,2026-09-21 09:44:42,COMPLETE,3,1664.1
ORD20003423,C100156,AXISBANK,NSE,SELL,CNC,LIMIT,DAY,3,1127.65,0.0,2026-09-21 09:45:24,COMPLETE,3,1127.65
ORD20001202,C100016,HINDUNILVR,NSE,SELL,MIS,MARKET,DAY,2,0.0,0.0,2026-09-21 09:46:03,COMPLETE,2,2282.48
ORD20003084,C100093,HINDUNILVR,NSE,SELL,MIS,LIMIT,DAY,6,2269.85,0.0,2026-09-21 09:46:24,COMPLETE,6,2269.85
ORD20003892,C100007,RELIANCE,NSE,SELL,CNC,SL,DAY,43,2854.7,2868.95,2026-09-21 09:48:01,COMPLETE,43,2855.2
ORD20002655,C100093,ITC,BSE,SELL,MIS,SL,DAY,10,428.55,430.7,2026-09-21 09:50:35,CANCELLED,0,0.0
ORD20001449,C100100,ITC,NSE,BUY,CNC,SL,DAY,10,460.65,458.35,2026-09-21 09:51:50,COMPLETE,10,460.25
ORD20004092,C100104,MARUTI,BSE,BUY,MIS,LIMIT,DAY,2,11970.1,0.0,2026-09-21 09:52:07,COMPLETE,2,11970.1
ORD20001801,C100073,ICICIBANK,BSE,BUY,MIS,LIMIT,DAY,18,1178.9,0.0,2026-09-21 09:52:19,COMPLETE,18,1178.9
ORD20003937,C100186,NTPC,NSE,BUY,CNC,LIMIT,DAY,9,347.0,0.0,2026-09-21 09:53:06,COMPLETE,9,347.0
ORD20003500,C100035,TATAMOTORS,NSE,BUY,MIS,LIMIT,DAY,67,922.55,0.0,2026-09-21 09:59:19,COMPLETE,67,922.55
ORD20003991,C100176,NTPC,NSE,BUY,MIS,LIMIT,DAY,188,352.2,0.0,2026-09-21 09:59:50,COMPLETE,188,352.2
ORD20001857,C100125,AXISBANK,NSE,BUY,CNC,LIMIT,DAY,4,1193.85,0.0,2026-09-21 10:01:18,REJECTED,0,0.0
ORD20002389,C100156,ITC,BSE,SELL,MIS,MARKET,DAY,199,0.0,0.0,2026-09-21 10:01:56,COMPLETE,199,452.28
ORD20002987,C100128,ONGC,NSE,SELL,MIS,LIMIT,DAY,116,267.1,0.0,2026-09-21 10:02:19,COMPLETE,116,267.1
ORD20000405,C100093,ASIANPAINT,NSE,BUY,MIS,LIMIT,DAY,5,2856.75,0.0,2026-09-21 10:05:52,COMPLETE,5,2856.75
ORD20000058,C100102,HDFCBANK,NSE,BUY,CNC,MARKET,DAY,62,0.0,0.0,2026-09-21 10:05:56,COMPLETE,62,1643.25
ORD20001740,C100062,ICICIBANK,NSE,SELL,MIS,LIMIT,DAY,5,1107.3,0.0,2026-09-21 10:07:24,COMPLETE,5,1107.3
ORD20001490,C100080,HINDUNILVR,NSE,BUY,MIS,SL,DAY,7,2267.9,2256.55,2026-09-21 10:11:49,COMPLETE,7,2268.18
ORD20004664,C100184,KOTAKBANK,NSE,SELL,CNC,MARKET,DAY,3,0.0,0.0,2026-09-21 10:11:54,COMPLETE,3,1802.97
ORD20001797,C100059,KOTAKBANK,NSE,BUY,MIS,LIMIT,DAY,2,1711.25,0.0,2026-09-21 10:12:01,COMPLETE,2,1711.25
ORD20003967,C100169,AXISBANK,NSE,SELL,MIS,LIMIT,DAY,52,1122.7,0.0,2026-09-21 10:15:06,COMPLETE,52,1122.7
ORD20002687,C100147,BHARTIARTL,NSE,BUY,MIS,MARKET,DAY,30,0.0,0.0,2026-09-21 10:16:16,COMPLETE,30,1323.71
ORD20004149,C100124,TATAMOTORS,NSE,BUY,MIS,LIMIT,DAY,5,943.55,0.0,2026-09-21 10:16:56,COMPLETE,5,943.55
ORD20002467,C100123,NTPC,NSE,SELL,MIS,LIMIT,DAY,83,350.4,0.0,2026-09-21 10:18:42,CANCELLED,0,0.0
ORD20000603,C100040,ITC,NSE,BUY,MIS,LIMIT,DAY,84,442.1,0.0,2026-09-21 10:19:14,OPEN,0,0.0
ORD20003700,C100049,MARUTI,NSE,BUY,CNC,LIMIT,DAY,8,11809.0,0.0,2026-09-21 10:19:41,COMPLETE,8,11809.0
ORD20000852,C100006,INFY,NSE,SELL,CNC,LIMIT,DAY,25,1629.75,0.0,2026-09-21 10:20:28,CANCELLED,0,0.0
ORD20000311,C100126,ITC,BSE,BUY,CNC,LIMIT,DAY,127,437.8,0.0,2026-09-21 10:22:57,COMPLETE,127,437.8
ORD20001343,C100088,SBIN,NSE,BUY,CNC,LIMIT,DAY,7,780.4,0.0,2026-09-21 10:23:34,PARTIAL,2,780.4
ORD20002760,C100050,HINDUNILVR,NSE,BUY,CNC,SL,DAY,13,2322.95,2311.3,2026-09-21 10:24:01,COMPLETE,13,2323.25
ORD20003790,C100048,TATAMOTORS,BSE,BUY,MIS,LIMIT,DAY,6,909.2,0.0,2026-09-21 10:25:46,COMPLETE,6,909.2
ORD20003328,C100131,ITC,NSE,SELL,CNC,LIMIT,DAY,47,440.05,0.0,2026-09-21 10:26:06,COMPLETE,47,440.05
ORD20004294,C100123,KOTAKBANK,NSE,BUY,CNC,MARKET,DAY,3,0.0,0.0,2026-09-21 10:26:28,COMPLETE,3,1712.58
ORD20000068,C100116,ITC,NSE,SELL,MIS,SL,DAY,160,456.15,458.4,2026-09-21 10:26:30,COMPLETE,160,455.7
ORD20000586,C100032,HINDUNILVR,NSE,BUY,MIS,SL,DAY,3,2420.9,2408.8,2026-09-21 10:26:36,COMPLETE,3,2418.1
ORD20004880,C100055,ONGC,NSE,SELL,MIS,LIMIT,DAY,383,269.7,0.0,2026-09-21 10:27:11,COMPLETE,383,269.7
ORD20001340,C100090,ASIANPAINT,NSE,SELL,CNC,MARKET,DAY,4,0.0,0.0,2026-09-21 10:29:58,COMPLETE,4,2930.64
ORD20004799,C100037,TITAN,NSE,BUY,CNC,MARKET,DAY,3,0.0,0.0,2026-09-21 10:41:29,PARTIAL,1,3306.05
ORD20001090,C100086,RELIANCE,NSE,SELL,MIS,MARKET,DAY,31,0.0,0.0,2026-09-21 10:45:07,COMPLETE,31,2877.7
ORD20002939,C100174,INFY,NSE,SELL,MIS,LIMIT,DAY,22,1583.55,0.0,2026-09-21 10:45:12,COMPLETE,22,1583.55
ORD20000769,C100069,HINDUNILVR,NSE,BUY,CNC,LIMIT,DAY,4,2458.3,0.0,2026-09-21 10:47:16,COMPLETE,4,2458.3
ORD20004702,C100157,ICICIBANK,NSE,SELL,CNC,LIMIT,DAY,4,1254.4,0.0,2026-09-21 10:47:23,CANCELLED,0,0.0
ORD20004086,C100112,ASIANPAINT,NSE,SELL,MIS,LIMIT,DAY,4,2942.45,0.0,2026-09-21 10:47:40,COMPLETE,4,2942.45
ORD20002080,C100087,ONGC,NSE,BUY,MIS,LIMIT,DAY,425,270.15,0.0,2026-09-21 10:50:29,COMPLETE,425,270.15
ORD20000795,C100155,NTPC,NSE,SELL,CNC,LIMIT,DAY,35,345.9,0.0,2026-09-21 10:52:57,REJECTED,0,0.0
ORD20002136,C100107,HDFCBANK,NSE,BUY,MIS,SL,DAY,55,1676.9,1668.55,2026-09-21 10:53:29,COMPLETE,55,1675.95
ORD20003699,C100005,INFY,NSE,BUY,CNC,MARKET,DAY,3,0.0,0.0,2026-09-21 10:54:00,CANCELLED,0,0.0
ORD20003436,C100046,MARUTI,NSE,BUY,MIS,MARKET,DAY,1,0.0,0.0,2026-09-21 10:54:10,COMPLETE,1,11774.6
ORD20002678,C100116,TCS,NSE,SELL,CNC,LIMIT,DAY,9,3888.1,0.0,2026-09-21 10:56:44,COMPLETE,9,3888.1
ORD20004056,C100000,TCS,NSE,SELL,MIS,LIMIT,DAY,29,4023.25,0.0,2026-09-21 10:58:28,COMPLETE,29,4023.25
ORD20001510,C100112,MARUTI,NSE,SELL,MIS,LIMIT,DAY,2,11930.45,0.0,2026-09-21 10:59:35,COMPLETE,2,11930.45
ORD20003778,C100047,HINDUNILVR,NSE,BUY,MIS,LIMIT,DAY,50,2467.55,0.0,2026-09-21 11:02:50,REJECTED,0,0.0
ORD20001487,C100052,ICICIBANK,NSE,BUY,CNC,LIMIT,DAY,87,1203.6,0.0,2026-09-21 11:02:56,COMPLETE,87,1203.6
ORD20004610,C100047,HDFCBANK,NSE,SELL,MIS,MARKET,DAY,44,0.0,0.0,2026-09-21 11:04:22,COMPLETE,44,1664.61
ORD20004325,C100143,TCS,NSE,SELL,CNC,LIMIT,DAY,9,3914.9,0.0,2026-09-21 11:04:51,COMPLETE,9,3914.9
ORD20002999,C100086,TITAN,NSE,BUY,CNC,LIMIT,DAY,1,3312.95,0.0,2026-09-21 11:07:22,COMPLETE,1,3312.95
ORD20004187,C100112,MARUTI,NSE,SELL,MIS,LIMIT,DAY,1,12102.9,0.0,2026-09-21 11:08:33,COMPLETE,1,12102.9
ORD20002820,C100106,BHARTIARTL,NSE,BUY,MIS,LIMIT,DAY,9,1387.65,0.0,2026-09-21 11:09:19,COMPLETE,9,1387.65
ORD20004886,C100137,BHARTIARTL,NSE,BUY,MIS,LIMIT,DAY,40,1470.55,0.0,2026-09-21 11:10:47,REJECTED,0,0.0
ORD20002775,C100178,SBIN,NSE,SELL,MIS,SL,DAY,50,767.4,771.25,2026-09-21 11:11:25,COMPLETE,50,768.08
ORD20003808,C100059,RELIANCE,NSE,BUY,CNC,LIMIT,DAY,2,2871.7,0.0,2026-09-21 11:12:11,CANCELLED,0,0.0
ORD20004863,C100163,INFY,NSE,BUY,CNC,LIMIT,DAY,3,1580.5,0.0,2026-09-21 11:14:59,PARTIAL,2,1580.5
ORD20002616,C100013,ITC,NSE,SELL,CNC,MARKET,DAY,12,0.0,0.0,2026-09-21 11:15:06,COMPLETE,12,431.5
ORD20002921,C100012,NTPC,NSE,BUY,MIS,LIMIT,DAY,178,370.2,0.0,2026-09-21 11:18:03,COMPLETE,178,370.2
ORD20002164,C100030,MARUTI,NSE,SELL,MIS,SL,DAY,1,12192.15,12253.1,2026-09-21 11:19:07,COMPLETE,1,12187.0
ORD20004833,C100185,ONGC,BSE,BUY,CNC,SL,DAY,123,266.1,264.8,2026-09-21 11:21:56,COMPLETE,123,266.1
ORD20000726,C100014,KOTAKBANK,NSE,BUY,CNC,MARKET,DAY,44,0.0,0.0,2026-09-21 11:30:49,COMPLETE,44,1686.2
ORD20001103,C100004,RELIANCE,NSE,BUY,CNC,MARKET,DAY,4,0.0,0.0,2026-09-21 11:33:20,REJECTED,0,0.0
ORD20004774,C100020,KOTAKBANK,NSE,BUY,MIS,MARKET,DAY,40,0.0,0.0,2026-09-21 11:36:48,COMPLETE,40,1767.5
ORD20004754,C100117,MARUTI,NSE,BUY,MIS,LIMIT,DAY,1,11566.15,0.0,2026-09-21 11:37:02,CANCELLED,0,0.0
ORD20003986,C100037,RELIANCE,NSE,BUY,MIS,MARKET,DAY,4,0.0,0.0,2026-09-21 11:37:11,COMPLETE,4,3014.65
ORD20003715,C100186,ICICIBANK,NSE,SELL,CNC,MARKET,DAY,8,0.0,0.0,2026-09-21 11:38:11,CANCELLED,0,0.0
ORD20003609,C100147,HINDUNILVR,NSE,BUY,MIS,LIMIT,DAY,2,2373.2,0.0,2026-09-21 11:38:14,COMPLETE,2,2373.2
ORD20003239,C100193,SBIN,NSE,BUY,MIS,LIMIT,DAY,17,820.85,0.0,2026-09-21 11:38:49,CANCELLED,0,0.0
ORD20000710,C100067,ASIANPAINT,NSE,BUY,MIS,SL,DAY,7,2838.45,2824.25,2026-09-21 11:40:10,COMPLETE,7,2837.05
ORD20004184,C100149,INFY,NSE,SELL,MIS,LIMIT,DAY,22,1709.1,0.0,2026-09-21 11:42:03,REJECTED,0,0.0
ORD20004499,C100065,KOTAKBANK,NSE,SELL,MIS,LIMIT,DAY,7,1706.15,0.0,2026-09-21 11:43:23,REJECTED,0,0.0
ORD20002415,C100058,BHARTIARTL,NSE,BUY,CNC,MARKET,DAY,19,0.0,0.0,2026-09-21 11:45:38,COMPLETE,19,1383.28
ORD20002029,C100097,HINDUNILVR,NSE,SELL,MIS,MARKET,DAY,6,0.0,0.0,2026-09-21 11:45:59,COMPLETE,6,2316.0
ORD20002335,C100128,ICICIBANK,NSE,SELL,CNC,LIMIT,DAY,13,1173.75,0.0,2026-09-21 11:46:56,PARTIAL,2,1173.75
ORD20003717,C100152,TATAMOTORS,NSE,SELL,CNC,LIMIT,DAY,25,945.6,0.0,2026-09-21 11:46:56,COMPLETE,25,945.6
ORD20001181,C100155,MARUTI,BSE,SELL,MIS,LIMIT,DAY,11,11800.35,0.0,2026-09-21 11:54:08,COMPLETE,11,11800.35
ORD20004865,C100158,AXISBANK,NSE,BUY,MIS,LIMIT,DAY,12,1142.5,0.0,2026-09-21 11:54:08,COMPLETE,12,1142.5
ORD20004446,C100064,ICICIBANK,NSE,BUY,MIS,LIMIT,DAY,116,1213.8,0.0,2026-09-21 11:54:15,COMPLETE,116,1213.8
ORD20004927,C100031,BHARTIARTL,NSE,SELL,CNC,LIMIT,DAY,92,1390.25,0.0,2026-09-21 11:57:34,COMPLETE,92,1390.25
ORD20000318,C100185,ITC,NSE,BUY,MIS,MARKET,DAY,16,0.0,0.0,2026-09-21 12:00:41,CANCELLED,0,0.0
ORD20004776,C100108,HDFCBANK,NSE,SELL,MIS,LIMIT,DAY,11,1734.1,0.0,2026-09-21 12:01:29,CANCELLED,0,0.0
ORD20002330,C100131,INFY,NSE,BUY,MIS,SL,DAY,9,1624.0,1615.85,2026-09-21 12:03:13,COMPLETE,9,1624.48
ORD20000928,C100121,MARUTI,NSE,BUY,MIS,SL,DAY,5,12411.7,12349.65,2026-09-21 12:06:26,CANCELLED,0,0.0
ORD20002716,C100170,TATAMOTORS,NSE,BUY,CNC,LIMIT,DAY,4,960.55,0.0,2026-09-21 12:08:36,COMPLETE,4,960.55
ORD20001782,C100159,ASIANPAINT,NSE,BUY,MIS,LIMIT,DAY,21,3006.85,0.0,2026-09-21 12:08:56,COMPLETE,21,3006.85
ORD20004574,C100028,TATAMOTORS,NSE,BUY,MIS,LIMIT,DAY,14,958.0,0.0,2026-09-21 12:09:18,COMPLETE,14,958.0
ORD20004971,C100065,TCS,NSE,BUY,MIS,MARKET,DAY,17,0.0,0.0,2026-09-21 12:11:32,COMPLETE,17,3861.46
ORD20004516,C100136,TATAMOTORS,NSE,BUY,MIS,LIMIT,DAY,12,933.7,0.0,2026-09-21 12:12:15,COMPLETE,12,933.7
ORD20002438,C100123,RELIANCE,NSE,SELL,MIS,LIMIT,DAY,19,2815.9,0.0,2026-09-21 12:13:57,COMPLETE,19,2815.9
ORD20000549,C100000,ONGC,NSE,BUY,MIS,MARKET,DAY,192,0.0,0.0,2026-09-21 12:14:08,COMPLETE,192,268.43
ORD20001199,C100090,HDFCBANK,NSE,SELL,MIS,MARKET,DAY,1,0.0,0.0,2026-09-21 12:15:38,COMPLETE,1,1498.4
ORD20000102,C100056,HDFCBANK,NSE,BUY,MIS,LIMIT,DAY,51,1587.4,0.0,2026-09-21 12:16:29,COMPLETE,51,1587.4
ORD20003665,C100135,SBIN,NSE,BUY,CNC,LIMIT,DAY,54,780.95,0.0,2026-09-21 12:21:48,PARTIAL,30,780.95
ORD20004047,C100066,MARUTI,NSE,BUY,MIS,LIMIT,DAY,2,12090.85,0.0,2026-09-21 12:26:03,COMPLETE,2,12090.85
ORD20000129,C100192,HDFCBANK,NSE,BUY,MIS,LIMIT,DAY,22,1685.7,0.0,2026-09-21 12:27:50,COMPLETE,22,1685.7
ORD20001064,C100183,TATAMOTORS,NSE,SELL,CNC,MARKET,DAY,65,0.0,0.0,2026-09-21 12:28:34,CANCELLED,0,0.0
ORD20000792,C100109,MARUTI,NSE,BUY,CNC,LIMIT,DAY,2,11949.6,0.0,2026-09-21 12:28:42,REJECTED,0,0.0
ORD20004569,C100177,ITC,NSE,SELL,MIS,LIMIT,DAY,9,442.6,0.0,2026-09-21 12:28:55,REJECTED,0,0.0
ORD20002405,C100105,TCS,NSE,BUY,MIS,LIMIT,DAY,1,3899.65,0.0,2026-09-21 12:29:00,COMPLETE,1,3899.65
ORD20000693,C100116,BHARTIARTL,NSE,SELL,CNC,MARKET,DAY,35,0.0,0.0,2026-09-21 12:30:10,CANCELLED,0,0.0
ORD20002833,C100134,BHARTIARTL,NSE,SELL,CNC,LIMIT,DAY,2,1421.8,0.0,2026-09-21 12:33:27,COMPLETE,2,1421.8
ORD20002792,C100051,RELIANCE,NSE,SELL,MIS,MARKET,DAY,19,0.0,0.0,2026-09-21 12:35:43,COMPLETE,19,2945.08
ORD20002610,C100184,ITC,NSE,BUY,CNC,MARKET,DAY,25,0.0,0.0,2026-09-21 12:37:26,COMPLETE,25,468.18
ORD20000554,C100176,HDFCBANK,NSE,SELL,MIS,MARKET,DAY,51,0.0,0.0,2026-09-21 12:39:20,COMPLETE,51,1626.1
ORD20002018,C100108,MARUTI,NSE,BUY,MIS,MARKET,DAY,5,0.0,0.0,2026-09-21 12:39:25,COMPLETE,5,11929.2
ORD20002333,C100106,TITAN,NSE,SELL,CNC,MARKET,DAY,3,0.0,0.0,2026-09-21 12:40:25,COMPLETE,3,3290.95
ORD20001861,C100150,ONGC,NSE,SELL,CNC,MARKET,DAY,474,0.0,0.0,2026-09-21 12:40:42,COMPLETE,474,275.95
ORD20000413,C100062,BHARTIARTL,NSE,SELL,MIS,LIMIT,DAY,50,1508.3,0.0,2026-09-21 12:40:50,PARTIAL,23,1508.3
ORD20000550,C100114,ITC,NSE,BUY,MIS,MARKET,DAY,28,0.0,0.0,2026-09-21 12:41:03,COMPLETE,28,436.1
ORD20000570,C100047,ONGC,NSE,BUY,MIS,LIMIT,DAY,22,268.8,0.0,2026-09-21 12:41:42,COMPLETE,22,268.8
ORD20001826,C100059,MARUTI,NSE,BUY,MIS,LIMIT,DAY,6,11133.45,0.0,2026-09-21 12:44:19,REJECTED,0,0.0
ORD20003752,C100163,MARUTI,NSE,SELL,MIS,SL,DAY,1,12046.5,12106.75,2026-09-21 12:44:51,COMPLETE,1,12053.95
ORD20002407,C100075,INFY,NSE,SELL,CNC,MARKET,DAY,61,0.0,0.0,2026-09-21 12:46:54,COMPLETE,61,1617.5
ORD20002114,C100078,ITC,BSE,SELL,MIS,LIMIT,DAY,287,455.4,0.0,2026-09-21 12:47:37,COMPLETE,287,455.4
ORD20000170,C100144,TATAMOTORS,NSE,SELL,MIS,SL,DAY,34,964.05,968.9,2026-09-21 12:47:55,COMPLETE,34,963.91
ORD20001270,C100118,ONGC,NSE,SELL,MIS,LIMIT,DAY,393,271.9,0.0,2026-09-21 12:48:23,COMPLETE,393,271.9
ORD20000327,C100101,ITC,NSE,SELL,MIS,LIMIT,DAY,8,448.9,0.0,2026-09-21 12:48:40,COMPLETE,8,448.9
ORD20004901,C100004,ONGC,NSE,SELL,MIS,MARKET,DAY,405,0.0,0.0,2026-09-21 12:50:11,OPEN,0,0.0
ORD20004949,C100085,SBIN,NSE,SELL,MIS,LIMIT,DAY,48,808.15,0.0,2026-09-21 12:50:37,COMPLETE,48,808.15
ORD20001320,C100160,BHARTIARTL,NSE,SELL,MIS,LIMIT,DAY,24,1475.8,0.0,2026-09-21 12:54:29,COMPLETE,24,1475.8
ORD20004585,C100117,HINDUNILVR,NSE,SELL,MIS,SL,DAY,46,2443.6,2455.8,2026-09-21 12:56:13,COMPLETE,46,2443.5
ORD20003774,C100069,HINDUNILVR,NSE,SELL,MIS,LIMIT,DAY,2,2416.55,0.0,2026-09-21 12:57:28,CANCELLED,0,0.0
ORD20001063,C100197,KOTAKBANK,NSE,SELL,CNC,LIMIT,DAY,7,1748.8,0.0,2026-09-21 12:57:57,COMPLETE,7,1748.8
ORD20002565,C100114,HINDUNILVR,NSE,BUY,CNC,LIMIT,DAY,62,2354.5,0.0,2026-09-21 13:04:19,COMPLETE,62,2354.5
ORD20003261,C100025,AXISBANK,NSE,SELL,CNC,LIMIT,DAY,54,1166.45,0.0,2026-09-21 13:04:26,COMPLETE,54,1166.45
ORD20000896,C100176,BHARTIARTL,NSE,BUY,MIS,LIMIT,DAY,84,1430.0,0.0,2026-09-21 13:04:46,COMPLETE,84,1430.0
ORD20002118,C100044,ASIANPAINT,NSE,SELL,MIS,MARKET,DAY,19,0.0,0.0,2026-09-21 13:04:47,OPEN,0,0.0
ORD20002747,C100045,ITC,NSE,BUY,MIS,LIMIT,DAY,160,461.25,0.0,2026-09-21 13:08:22,CANCELLED,0,0.0
ORD20003706,C100151,BHARTIARTL,NSE,SELL,CNC,LIMIT,DAY,37,1413.6,0.0,2026-09-21 13:09:26,COMPLETE,37,1413.6
ORD20001162,C100154,AXISBANK,NSE,BUY,MIS,LIMIT,DAY,29,1220.25,0.0,2026-09-21 13:10:29,COMPLETE,29,1220.25
ORD20004443,C100036,HDFCBANK,NSE,BUY,MIS,LIMIT,DAY,3,1591.15,0.0,2026-09-21 13:11:44,COMPLETE,3,1591.15
ORD20001240,C100127,INFY,NSE,BUY,CNC,LIMIT,DAY,3,1598.7,0.0,2026-09-21 13:13:16,COMPLETE,3,1598.7
ORD20002361,C100073,HDFCBANK,NSE,SELL,MIS,MARKET,DAY,55,0.0,0.0,2026-09-21 13:14:03,REJECTED,0,0.0
ORD20001236,C100187,ICICIBANK,NSE,SELL,MIS,LIMIT,DAY,5,1245.0,0.0,2026-09-21 13:14:13,REJECTED,0,0.0
ORD20003870,C100083,ITC,NSE,SELL,MIS,LIMIT,DAY,15,452.1,0.0,2026-09-21 13:15:21,COMPLETE,15,452.1
ORD20004060,C100173,TATAMOTORS,NSE,SELL,MIS,LIMIT,DAY,13,1009.55,0.0,2026-09-21 13:16:39,COMPLETE,13,1009.55
ORD20003923,C100199,ASIANPAINT,NSE,BUY,CNC,LIMIT,DAY,8,3006.8,0.0,2026-09-21 13:16:43,COMPLETE,8,3006.8
ORD20003668,C100025,MARUTI,NSE,SELL,MIS,SL,DAY,1,12157.85,12218.65,2026-09-21 13:17:42,CANCELLED,0,0.0
ORD20002516,C100087,ITC,NSE,SELL,MIS,LIMIT,DAY,135,450.35,0.0,2026-09-21 13:18:08,REJECTED,0,0.0
ORD20003395,C100127,MARUTI,NSE,BUY,MIS,MARKET,DAY,4,0.0,0.0,2026-09-21 13:19:05,COMPLETE,4,11970.27
ORD20004237,C100090,TITAN,BSE,SELL,MIS,SL,DAY,35,3404.35,3421.4,2026-09-21 13:20:07,OPEN,0,0.0
ORD20004840,C100080,RELIANCE,NSE,BUY,MIS,MARKET,DAY,4,0.0,0.0,2026-09-21 13:22:22,COMPLETE,4,2771.8
ORD20002392,C100065,ICICIBANK,NSE,SELL,MIS,MARKET,DAY,22,0.0,0.0,2026-09-21 13:22:27,COMPLETE,22,1218.45
ORD20002892,C100115,BHARTIARTL,NSE,BUY,CNC,LIMIT,DAY,30,1422.65,0.0,2026-09-21 13:23:53,REJECTED,0,0.0
ORD20001256,C100108,RELIANCE,NSE,SELL,MIS,LIMIT,DAY,5,3028.6,0.0,2026-09-21 13:25:00,COMPLETE,5,3028.6
ORD20004958,C100083,HDFCBANK,NSE,BUY,CNC,LIMIT,DAY,5,1651.1,0.0,2026-09-21 13:25:38,COMPLETE,5,1651.1
ORD20002470,C100160,TATAMOTORS,NSE,SELL,CNC,LIMIT,DAY,3,970.45,0.0,2026-09-21 13:26:21,CANCELLED,0,0.0
ORD20003590,C100112,NTPC,NSE,BUY,CNC,LIMIT,DAY,291,351.1,0.0,2026-09-21 13:28:13,COMPLETE,291,351.1
ORD20001019,C100181,TATAMOTORS,NSE,SELL,MIS,MARKET,DAY,141,0.0,0.0,2026-09-21 13:29:03,COMPLETE,141,903.57
ORD20003113,C100124,ITC,NSE,BUY,MIS,LIMIT,DAY,276,438.2,0.0,2026-09-21 13:32:14,COMPLETE,276,438.2
ORD20000166,C100038,HDFCBANK,NSE,SELL,MIS,MARKET,DAY,3,0.0,0.0,2026-09-21 13:32:29,CANCELLED,0,0.0
ORD20000144,C100125,HINDUNILVR,NSE,BUY,MIS,LIMIT,DAY,10,2555.0,0.0,2026-09-21 13:34:33,CANCELLED,0,0.0
ORD20002979,C100090,TATAMOTORS,NSE,SELL,MIS,LIMIT,DAY,107,931.95,0.0,2026-09-21 13:35:01,CANCELLED,0,0.0
ORD20001153,C100119,HINDUNILVR,NSE,SELL,CNC,MARKET,DAY,24,0.0,0.0,2026-09-21 13:37:28,CANCELLED,0,0.0
ORD20002903,C100197,BHARTIARTL,NSE,SELL,CNC,MARKET,DAY,50,0.0,0.0,2026-09-21 13:37:34,COMPLETE,50,1323.76
ORD20002951,C100119,KOTAKBANK,NSE,SELL,CNC,LIMIT,DAY,6,1733.3,0.0,2026-09-21 13:41:50,REJECTED,0,0.0
ORD20003061,C100004,HINDUNILVR,NSE,SELL,CNC,MARKET,DAY,2,0.0,0.0,2026-09-21 13:44:24,PARTIAL,1,2436.8
ORD20000996,C100141,BHARTIARTL,NSE,SELL,MIS,LIMIT,DAY,8,1343.4,0.0,2026-09-21 13:44:38,COMPLETE,8,1343.4
ORD20002132,C100174,TCS,NSE,SELL,CNC,MARKET,DAY,3,0.0,0.0,2026-09-21 13:45:42,PARTIAL,2,3872.72
ORD20002695,C100102,LT,NSE,SELL,MIS,LIMIT,DAY,19,3658.1,0.0,2026-09-21 13:45:48,COMPLETE,19,3658.1
ORD20004783,C100115,AXISBANK,NSE,BUY,CNC,MARKET,DAY,64,0.0,0.0,2026-09-21 13:46:18,COMPLETE,64,1141.95
ORD20003954,C100158,HINDUNILVR,NSE,SELL,CNC,LIMIT,DAY,27,2365.35,0.0,2026-09-21 13:46:44,COMPLETE,27,2365.35
ORD20001934,C100126,NTPC,NSE,BUY,MIS,LIMIT,DAY,191,372.6,0.0,2026-09-21 13:46:45,COMPLETE,191,372.6
ORD20001695,C100185,MARUTI,NSE,BUY,MIS,LIMIT,DAY,11,11958.65,0.0,2026-09-21 13:47:36,CANCELLED,0,0.0
ORD20003214,C100129,SBIN,NSE,SELL,CNC,MARKET,DAY,4,0.0,0.0,2026-09-21 13:51:43,COMPLETE,4,804.55
ORD20001390,C100064,INFY,NSE,BUY,CNC,LIMIT,DAY,88,1514.95,0.0,2026-09-21 13:52:40,COMPLETE,88,1514.95
ORD20004679,C100034,ICICIBANK,NSE,BUY,MIS,LIMIT,DAY,22,1175.2,0.0,2026-09-21 13:52:48,COMPLETE,22,1175.2
ORD20003599,C100034,RELIANCE,NSE,BUY,CNC,LIMIT,DAY,3,2952.9,0.0,2026-09-21 13:53:26,COMPLETE,3,2952.9
ORD20001776,C100020,MARUTI,BSE,BUY,CNC,LIMIT,DAY,1,11965.7,0.0,2026-09-21 13:55:12,COMPLETE,1,11965.7
ORD20004803,C100102,INFY,NSE,BUY,MIS,MARKET,DAY,6,0.0,0.0,2026-09-21 13:56:13,COMPLETE,6,1630.73
ORD20002317,C100006,TATAMOTORS,NSE,SELL,MIS,MARKET,DAY,7,0.0,0.0,2026-09-21 13:56:55,COMPLETE,7,914.86
ORD20000473,C100198,MARUTI,BSE,BUY,MIS,SL,DAY,1,11690.6,11632.15,2026-09-21 13:57:07,COMPLETE,1,11694.3
ORD20000991,C100086,ONGC,NSE,BUY,MIS,MARKET,DAY,45,0.0,0.0,2026-09-21 13:57:52,COMPLETE,45,280.01
ORD20002230,C100155,ASIANPAINT,NSE,BUY,CNC,MARKET,DAY,2,0.0,0.0,2026-09-21 13:59:01,COMPLETE,2,2970.85
ORD20004438,C100120,ITC,NSE,BUY,MIS,LIMIT,DAY,128,449.95,0.0,2026-09-21 13:59:57,COMPLETE,128,449.95
ORD20001965,C100052,RELIANCE,NSE,BUY,CNC,LIMIT,DAY,12,2807.15,0.0,2026-09-21 14:01:45,COMPLETE,12,2807.15
ORD20003402,C100088,ITC,NSE,SELL,CNC,MARKET,DAY,9,0.0,0.0,2026-09-21 14:07:06,PARTIAL,5,457.4
ORD20001694,C100033,HINDUNILVR,NSE,BUY,MIS,LIMIT,DAY,5,2358.6,0.0,2026-09-21 14:09:02,COMPLETE,5,2358.6
ORD20000934,C100087,ITC,NSE,SELL,MIS,MARKET,DAY,94,0.0,0.0,2026-09-21 14:13:32,COMPLETE,94,456.2
ORD20004731,C100134,INFY,NSE,SELL,CNC,LIMIT,DAY,23,1545.7,0.0,2026-09-21 14:17:47,COMPLETE,23,1545.7
ORD20004377,C100009,RELIANCE,NSE,BUY,MIS,LIMIT,DAY,22,2912.75,0.0,2026-09-21 14:18:37,COMPLETE,22,2912.75
ORD20004257,C100087,TATAMOTORS,NSE,BUY,MIS,SL,DAY,8,983.5,978.55,2026-09-21 14:20:02,COMPLETE,8,983.41
ORD20003836,C100000,TATAMOTORS,NSE,SELL,MIS,LIMIT,DAY,9,895.25,0.0,2026-09-21 14:20:47,COMPLETE,9,895.25
ORD20004097,C100027,MARUTI,NSE,SELL,MIS,LIMIT,DAY,4,12098.7,0.0,2026-09-21 14:22:17,COMPLETE,4,12098.7
ORD20004628,C100100,ITC,NSE,BUY,MIS,MARKET,DAY,12,0.0,0.0,2026-09-21 14:22:37,COMPLETE,12,453.52
ORD20003452,C100028,MARUTI,NSE,BUY,MIS,LIMIT,DAY,1,11503.2,0.0,2026-09-21 14:25:45,COMPLETE,1,11503.2
ORD20001672,C100193,BHARTIARTL,NSE,BUY,CNC,MARKET,DAY,3,0.0,0.0,2026-09-21 14:27:11,CANCELLED,0,0.0
ORD20001849,C100150,BHARTIARTL,NSE,BUY,MIS,LIMIT,DAY,17,1393.1,0.0,2026-09-21 14:27:26,COMPLETE,17,1393.1
ORD20001233,C100169,HINDUNILVR,NSE,SELL,CNC,LIMIT,DAY,12,2272.65,0.0,2026-09-21 14:28:33,COMPLETE,12,2272.65
ORD20000410,C100181,HDFCBANK,NSE,SELL,MIS,LIMIT,DAY,74,1722.5,0.0,2026-09-21 14:31:17,COMPLETE,74,1722.5
ORD20000035,C100032,TCS,NSE,BUY,MIS,LIMIT,DAY,30,3753.6,0.0,2026-09-21 14:31:57,COMPLETE,30,3753.6
ORD20002666,C100045,MARUTI,NSE,SELL,CNC,LIMIT,DAY,2,11772.05,0.0,2026-09-21 14:35:58,COMPLETE,2,11772.05
ORD20004442,C100177,BHARTIARTL,BSE,SELL,MIS,LIMIT,DAY,101,1357.15,0.0,2026-09-21 14:36:57,COMPLETE,101,1357.15
ORD20000227,C100018,HDFCBANK,NSE,SELL,MIS,LIMIT,DAY,21,1669.9,0.0,2026-09-21 14:38:26,COMPLETE,21,1669.9
ORD20001541,C100035,HDFCBANK,NSE,SELL,CNC,MARKET,DAY,4,0.0,0.0,2026-09-21 14:39:50,OPEN,0,0.0
ORD20003670,C100147,AXISBANK,NSE,SELL,MIS,SL,DAY,53,1197.2,1203.2,2026-09-21 14:39:52,PARTIAL,13,1198.04
ORD20000544,C100147,HINDUNILVR,NSE,SELL,CNC,LIMIT,DAY,14,2410.85,0.0,2026-09-21 14:42:59,COMPLETE,14,2410.85
ORD20001636,C100131,KOTAKBANK,NSE,BUY,MIS,MARKET,DAY,42,0.0,0.0,2026-09-21 14:44:00,COMPLETE,42,1752.0
ORD20002282,C100045,AXISBANK,BSE,SELL,CNC,LIMIT,DAY,4,1149.65,0.0,2026-09-21 14:47:27,CANCELLED,0,0.0
ORD20004360,C100168,HINDUNILVR,NSE,BUY,MIS,LIMIT,DAY,2,2444.3,0.0,2026-09-21 14:49:28,REJECTED,0,0.0
ORD20000048,C100186,HDFCBANK,NSE,SELL,MIS,LIMIT,DAY,8,1648.75,0.0,2026-09-21 14:52:21,COMPLETE,8,1648.75
ORD20002544,C100017,HINDUNILVR,NSE,BUY,CNC,LIMIT,DAY,17,2432.2,0.0,2026-09-21 14:54:41,OPEN,0,0.0
ORD20003022,C100082,ITC,NSE,SELL,CNC,LIMIT,DAY,157,467.85,0.0,2026-09-21 14:55:20,COMPLETE,157,467.85
ORD20001394,C100049,HDFCBANK,NSE,SELL,MIS,LIMIT,DAY,6,1530.1,0.0,2026-09-21 14:55:33,COMPLETE,6,1530.1
ORD20002253,C100118,ICICIBANK,NSE,BUY,MIS,LIMIT,DAY,6,1223.05,0.0,2026-09-21 14:56:15,COMPLETE,6,1223.05
ORD20004232,C100006,TITAN,NSE,BUY,MIS,LIMIT,DAY,5,3354.45,0.0,2026-09-21 14:56:33,COMPLETE,5,3354.45
ORD20003490,C100092,ICICIBANK,NSE,BUY,MIS,LIMIT,DAY,17,1163.35,0.0,2026-09-21 14:56:36,COMPLETE,17,1163.35
ORD20001846,C100006,RELIANCE,NSE,BUY,CNC,LIMIT,DAY,4,2902.05,0.0,2026-09-21 14:58:32,PARTIAL,3,2902.05
ORD20002426,C100109,AXISBANK,NSE,SELL,CNC,LIMIT,DAY,12,1150.8,0.0,2026-09-21 14:59:20,COMPLETE,12,1150.8
ORD20004543,C100178,INFY,NSE,BUY,MIS,LIMIT,DAY,2,1578.15,0.0,2026-09-21 15:00:26,COMPLETE,2,1578.15
ORD20000154,C100043,BHARTIARTL,NSE,BUY,MIS,LIMIT,DAY,2,1323.6,0.0,2026-09-21 15:01:12,CANCELLED,0,0.0
ORD20002593,C100164,INFY,NSE,SELL,CNC,LIMIT,DAY,2,1620.95,0.0,2026-09-21 15:01:16,COMPLETE,2,1620.95
ORD20000864,C100061,BHARTIARTL,NSE,BUY,CNC,MARKET,DAY,19,0.0,0.0,2026-09-21 15:02:09,CANCELLED,0,0.0
ORD20003698,C100121,TATAMOTORS,NSE,SELL,MIS,LIMIT,DAY,4,890.25,0.0,2026-09-21 15:02:48,COMPLETE,4,890.25
ORD20002127,C100049,RELIANCE,NSE,SELL,MIS,SL,DAY,3,2870.3,2884.65,2026-09-21 15:05:47,COMPLETE,3,2868.15
ORD20003536,C100056,ITC,NSE,SELL,MIS,LIMIT,DAY,14,440.1,0.0,2026-09-21 15:06:21,COMPLETE,14,440.1
ORD20003470,C100001,INFY,NSE,BUY,CNC,LIMIT,DAY,4,1584.15,0.0,2026-09-21 15:07:44,COMPLETE,4,1584.15
ORD20003505,C100093,ITC,NSE,BUY,CNC,LIMIT,DAY,221,457.45,0.0,2026-09-21 15:09:21,COMPLETE,221,457.45
ORD20001016,C100030,ASIANPAINT,NSE,BUY,CNC,LIMIT,DAY,17,2893.05,0.0,2026-09-21 15:11:11,COMPLETE,17,2893.05
ORD20004637,C100042,RELIANCE,BSE,BUY,CNC,LIMIT,DAY,8,2870.45,0.0,2026-09-21 15:11:15,COMPLETE,8,2870.45
ORD20003337,C100058,ICICIBANK,NSE,BUY,MIS,LIMIT,DAY,56,1242.75,0.0,2026-09-21 15:11:28,REJECTED,0,0.0
ORD20003502,C100078,HINDUNILVR,NSE,BUY,MIS,SL,DAY,2,2324.9,2313.3,2026-09-21 15:12:41,COMPLETE,2,2324.7
ORD20001843,C100018,ASIANPAINT,NSE,BUY,MIS,LIMIT,DAY,13,2841.75,0.0,2026-09-21 15:14:42,CANCELLED,0,0.0
ORD20004375,C100096,KOTAKBANK,NSE,BUY,CNC,LIMIT,DAY,11,1853.25,0.0,2026-09-21 15:20:15,COMPLETE,11,1853.25
ORD20004872,C100161,ASIANPAINT,NSE,SELL,MIS,LIMIT,DAY,12,2807.0,0.0,2026-09-21 15:20:51,COMPLETE,12,2807.0
ORD20002535,C100070,TATAMOTORS,NSE,BUY,MIS,LIMIT,DAY,56,972.05,0.0,2026-09-21 15:24:08,COMPLETE,56,972.05
ORD20000664,C100024,INFY,NSE,SELL,CNC,LIMIT,DAY,51,1520.1,0.0,2026-09-22 09:16:45,OPEN,0,0.0
ORD20001839,C100197,ICICIBANK,NSE,BUY,CNC,MARKET,DAY,54,0.0,0.0,2026-09-22 09:17:03,COMPLETE,54,1233.96
ORD20004478,C100125,AXISBANK,NSE,SELL,MIS,LIMIT,DAY,4,1150.05,0.0,2026-09-22 09:17:54,COMPLETE,4,1150.05
ORD20002944,C100088,ITC,NSE,BUY,MIS,MARKET,DAY,108,0.0,0.0,2026-09-22 09:20:02,CANCELLED,0,0.0
ORD20003144,C100023,MARUTI,NSE,BUY,MIS,MARKET,DAY,3,0.0,0.0,2026-09-22 09:24:16,CANCELLED,0,0.0
ORD20001262,C100004,RELIANCE,NSE,BUY,CNC,LIMIT,DAY,1,2937.45,0.0,2026-09-22 09:24:33,COMPLETE,1,2937.45
ORD20002088,C100035,TITAN,NSE,SELL,CNC,MARKET,DAY,8,0.0,0.0,2026-09-22 09:24:51,COMPLETE,8,3322.2
ORD20004468,C100028,TATAMOTORS,NSE,BUY,MIS,LIMIT,DAY,6,931.8,0.0,2026-09-22 09:28:49,COMPLETE,6,931.8
ORD20004509,C100173,TATAMOTORS,NSE,SELL,MIS,LIMIT,DAY,5,934.8,0.0,2026-09-22 09:33:26,COMPLETE,5,934.8
ORD20004643,C100135,RELIANCE,NSE,BUY,MIS,LIMIT,DAY,2,2852.05,0.0,2026-09-22 09:38:32,COMPLETE,2,2852.05
ORD20001268,C100145,HDFCBANK,NSE,BUY,CNC,LIMIT,DAY,3,1714.85,0.0,2026-09-22 09:38:52,COMPLETE,3,1714.85
ORD20002169,C100013,NTPC,NSE,BUY,CNC,LIMIT,DAY,415,340.05,0.0,2026-09-22 09:39:33,COMPLETE,415,340.05
ORD20002873,C100051,SBIN,NSE,BUY,MIS,MARKET,DAY,93,0.0,0.0,2026-09-22 09:40:22,COMPLETE,93,765.06
ORD20001282,C100157,KOTAKBANK,NSE,BUY,CNC,LIMIT,DAY,3,1784.15,0.0,2026-09-22 09:40:36,COMPLETE,3,1784.15
ORD20004849,C100102,ICICIBANK,NSE,BUY,CNC,LIMIT,DAY,4,1175.45,0.0,2026-09-22 09:41:42,COMPLETE,4,1175.45
ORD20001059,C100087,HINDUNILVR,NSE,BUY,MIS,MARKET,DAY,10,0.0,0.0,2026-09-22 09:42:21,COMPLETE,10,2395.91
ORD20001899,C100141,MARUTI,NSE,SELL,CNC,MARKET,DAY,6,0.0,0.0,2026-09-22 09:42:39,COMPLETE,6,12015.67
ORD20001026,C100071,ITC,NSE,SELL,CNC,MARKET,DAY,181,0.0,0.0,2026-09-22 09:44:35,CANCELLED,0,0.0
ORD20000445,C100158,HINDUNILVR,NSE,BUY,MIS,LIMIT,DAY,7,2386.35,0.0,2026-09-22 09:46:07,REJECTED,0,0.0
ORD20001671,C100164,ICICIBANK,NSE,BUY,MIS,LIMIT,DAY,56,1261.25,0.0,2026-09-22 09:48:29,COMPLETE,56,1261.25
ORD20001461,C100055,ICICIBANK,NSE,BUY,CNC,MARKET,DAY,5,0.0,0.0,2026-09-22 09:50:38,CANCELLED,0,0.0
ORD20001712,C100058,MARUTI,NSE,SELL,MIS,LIMIT,DAY,2,11887.65,0.0,2026-09-22 09:51:06,COMPLETE,2,11887.65
ORD20002766,C100050,BHARTIARTL,NSE,BUY,MIS,LIMIT,DAY,2,1352.7,0.0,2026-09-22 09:52:18,COMPLETE,2,1352.7
ORD20000466,C100142,TATAMOTORS,NSE,BUY,CNC,LIMIT,DAY,55,927.85,0.0,2026-09-22 09:52:34,COMPLETE,55,927.85
ORD20001155,C100190,ITC,NSE,BUY,CNC,LIMIT,DAY,7,441.75,0.0,2026-09-22 09:53:18,COMPLETE,7,441.75
ORD20000908,C100196,HDFCBANK,BSE,BUY,MIS,MARKET,DAY,18,0.0,0.0,2026-09-22 09:53:28,COMPLETE,18,1677.15
ORD20002302,C100193,MARUTI,NSE,SELL,CNC,MARKET,DAY,9,0.0,0.0,2026-09-22 09:53:52,COMPLETE,9,12240.7
ORD20003072,C100066,ONGC,BSE,SELL,MIS,SL,DAY,22,272.15,273.5,2026-09-22 09:59:07,COMPLETE,22,272.18
ORD20000672,C100011,BHARTIARTL,NSE,SELL,MIS,LIMIT,DAY,4,1432.1,0.0,2026-09-22 10:00:01,PARTIAL,2,1432.1
ORD20004646,C100050,RELIANCE,NSE,SELL,MIS,LIMIT,DAY,16,2864.5,0.0,2026-09-22 10:00:45,COMPLETE,16,2864.5
ORD20000004,C100127,ONGC,NSE,SELL,CNC,MARKET,DAY,54,0.0,0.0,2026-09-22 10:01:06,COMPLETE,54,273.53
ORD20001327,C100177,ICICIBANK,NSE,SELL,MIS,MARKET,DAY,23,0.0,0.0,2026-09-22 10:07:27,COMPLETE,23,1165.95
ORD20000396,C100087,ITC,NSE,SELL,MIS,LIMIT,DAY,37,451.3,0.0,2026-09-22 10:08:22,COMPLETE,37,451.3
ORD20002688,C100072,HINDUNILVR,NSE,SELL,CNC,LIMIT,DAY,5,2397.6,0.0,2026-09-22 10:08:59,COMPLETE,5,2397.6
ORD20001936,C100123,ONGC,NSE,SELL,MIS,LIMIT,DAY,74,253.05,0.0,2026-09-22 10:12:56,COMPLETE,74,253.05
ORD20001337,C100009,ITC,NSE,BUY,CNC,LIMIT,DAY,312,455.55,0.0,2026-09-22 10:15:02,PARTIAL,213,455.55
ORD20004559,C100055,HDFCBANK,NSE,BUY,CNC,MARKET,DAY,20,0.0,0.0,2026-09-22 10:16:36,COMPLETE,20,1738.52
ORD20002543,C100154,TATAMOTORS,NSE,BUY,MIS,LIMIT,DAY,30,1004.15,0.0,2026-09-22 10:18:10,COMPLETE,30,1004.15
ORD20003253,C100114,HINDUNILVR,NSE,SELL,MIS,SL,DAY,4,2513.9,2526.45,2026-09-22 10:18:50,REJECTED,0,0.0
ORD20004111,C100022,AXISBANK,NSE,BUY,CNC,LIMIT,DAY,15,1143.0,0.0,2026-09-22 10:20:14,COMPLETE,15,1143.0
ORD20001660,C100074,BHARTIARTL,NSE,BUY,MIS,LIMIT,DAY,64,1426.0,0.0,2026-09-22 10:20:36,COMPLETE,64,1426.0
ORD20004612,C100054,HDFCBANK,NSE,SELL,MIS,MARKET,DAY,2,0.0,0.0,2026-09-22 10:21:18,COMPLETE,2,1652.75
ORD20001637,C100089,WIPRO,NSE,BUY,CNC,LIMIT,DAY,33,470.65,0.0,2026-09-22 10:22:20,PARTIAL,14,470.65
ORD20000612,C100042,ITC,NSE,SELL,MIS,LIMIT,DAY,126,471.2,0.0,2026-09-22 10:23:11,COMPLETE,126,471.2
ORD20001094,C100197,ICICIBANK,NSE,SELL,MIS,LIMIT,DAY,90,1231.25,0.0,2026-09-22 10:23:15,OPEN,0,0.0
ORD20000604,C100034,INFY,NSE,SELL,MIS,LIMIT,DAY,8,1608.7,0.0,2026-09-22 10:23:25,COMPLETE,8,1608.7
ORD20002640,C100182,SBIN,NSE,SELL,MIS,LIMIT,DAY,182,819.25,0.0,2026-09-22 10:25:50,COMPLETE,182,819.25
ORD20002014,C100060,KOTAKBANK,NSE,SELL,MIS,LIMIT,DAY,2,1766.9,0.0,2026-09-22 10:26:27,COMPLETE,2,1766.9
ORD20001427,C100095,ITC,NSE,BUY,MIS,LIMIT,DAY,98,448.6,0.0,2026-09-22 10:27:07,REJECTED,0,0.0
ORD20004736,C100143,MARUTI,NSE,SELL,MIS,LIMIT,DAY,4,11969.25,0.0,2026-09-22 10:29:11,COMPLETE,4,11969.25
ORD20002239,C100135,AXISBANK,NSE,SELL,CNC,LIMIT,DAY,11,1169.5,0.0,2026-09-22 10:29:36,COMPLETE,11,1169.5
ORD20001488,C100101,RELIANCE,NSE,SELL,MIS,SL,DAY,9,2907.0,2921.55,2026-09-22 10:31:03,COMPLETE,9,2908.4
ORD20003563,C100090,ASIANPAINT,NSE,SELL,CNC,LIMIT,DAY,24,2858.85,0.0,2026-09-22 10:31:07,COMPLETE,24,2858.85
ORD20004945,C100086,MARUTI,NSE,BUY,CNC,LIMIT,DAY,1,12493.7,0.0,2026-09-22 10:33:36,COMPLETE,1,12493.7
ORD20003641,C100028,RELIANCE,NSE,SELL,CNC,MARKET,DAY,11,0.0,0.0,2026-09-22 10:33:38,COMPLETE,11,2901.95
ORD20002258,C100167,KOTAKBANK,NSE,SELL,MIS,MARKET,DAY,17,0.0,0.0,2026-09-22 10:36:02,CANCELLED,0,0.0
ORD20001304,C100083,TATAMOTORS,NSE,SELL,CNC,MARKET,DAY,6,0.0,0.0,2026-09-22 10:36:29,COMPLETE,6,995.39
ORD20002017,C100011,HINDUNILVR,NSE,SELL,MIS,LIMIT,DAY,27,2540.75,0.0,2026-09-22 10:39:43,CANCELLED,0,0.0
ORD20003818,C100102,INFY,BSE,BUY,CNC,LIMIT,DAY,4,1648.15,0.0,2026-09-22 10:39:53,COMPLETE,4,1648.15
ORD20004868,C100099,ONGC,NSE,BUY,CNC,MARKET,DAY,16,0.0,0.0,2026-09-22 10:42:58,CANCELLED,0,0.0
ORD20000712,C100090,HINDUNILVR,NSE,SELL,MIS,SL,DAY,2,2327.55,2339.15,2026-09-22 10:45:39,COMPLETE,2,2328.75
ORD20002103,C100002,HINDUNILVR,BSE,BUY,MIS,MARKET,DAY,2,0.0,0.0,2026-09-22 10:47:04,COMPLETE,2,2292.85
ORD20002047,C100137,BHARTIARTL,NSE,BUY,CNC,LIMIT,DAY,92,1366.1,0.0,2026-09-22 10:47:30,COMPLETE,92,1366.1
ORD20000956,C100144,SBIN,NSE,SELL,CNC,MARKET,DAY,17,0.0,0.0,2026-09-22 10:47:34,COMPLETE,17,828.35
ORD20004410,C100194,ONGC,NSE,SELL,MIS,MARKET,DAY,17,0.0,0.0,2026-09-22 10:50:08,COMPLETE,17,265.83
ORD20003521,C100191,RELIANCE,NSE,BUY,CNC,LIMIT,DAY,4,2896.05,0.0,2026-09-22 10:51:02,COMPLETE,4,2896.05
ORD20002056,C100052,ITC,NSE,BUY,CNC,MARKET,DAY,99,0.0,0.0,2026-09-22 10:53:47,COMPLETE,99,458.6
ORD20003439,C100088,BHARTIARTL,BSE,SELL,CNC,LIMIT,DAY,47,1434.9,0.0,2026-09-22 10:54:59,COMPLETE,47,1434.9
ORD20001196,C100172,TATAMOTORS,NSE,BUY,MIS,MARKET,DAY,5,0.0,0.0,2026-09-22 10:55:11,COMPLETE,5,958.77
ORD20003137,C100140,NTPC,NSE,SELL,MIS,LIMIT,DAY,89,354.35,0.0,2026-09-22 10:56:14,COMPLETE,89,354.35
ORD20002518,C100167,ICICIBANK,NSE,BUY,MIS,LIMIT,DAY,75,1203.8,0.0,2026-09-22 10:56:45,COMPLETE,75,1203.8
ORD20004401,C100177,ICICIBANK,NSE,BUY,CNC,LIMIT,DAY,17,1174.6,0.0,2026-09-22 10:56:56,COMPLETE,17,1174.6
ORD20002232,C100020,RELIANCE,BSE,SELL,MIS,LIMIT,DAY,1,2840.1,0.0,2026-09-22 10:58:45,REJECTED,0,0.0
ORD20003925,C100143,ICICIBANK,NSE,SELL,CNC,LIMIT,DAY,118,1183.25,0.0,2026-09-22 10:58:45,CANCELLED,0,0.0
ORD20001253,C100094,KOTAKBANK,NSE,SELL,MIS,LIMIT,DAY,3,1681.75,0.0,2026-09-22 10:58:49,COMPLETE,3,1681.75
ORD20000448,C100152,BHARTIARTL,NSE,SELL,MIS,LIMIT,DAY,85,1389.3,0.0,2026-09-22 10:59:46,COMPLETE,85,1389.3
ORD20000683,C100057,KOTAKBANK,NSE,SELL,CNC,LIMIT,DAY,1,1688.2,0.0,2026-09-22 10:59:49,COMPLETE,1,1688.2
ORD20004668,C100074,HINDUNILVR,NSE,SELL,CNC,LIMIT,DAY,28,2445.8,0.0,2026-09-22 10:59:49,COMPLETE,28,2445.8
ORD20000565,C100079,ICICIBANK,NSE,SELL,MIS,MARKET,DAY,60,0.0,0.0,2026-09-22 11:00:19,CANCELLED,0,0.0
ORD20000809,C100148,RELIANCE,NSE,BUY,MIS,LIMIT,DAY,28,2741.55,0.0,2026-09-22 11:00:56,PARTIAL,17,2741.55
ORD20000874,C100033,ICICIBANK,NSE,SELL,CNC,LIMIT,DAY,23,1205.8,0.0,2026-09-22 11:03:23,COMPLETE,23,1205.8
ORD20002089,C100197,HINDUNILVR,NSE,BUY,CNC,MARKET,DAY,5,0.0,0.0,2026-09-22 11:09:51,COMPLETE,5,2463.36
ORD20002032,C100177,HDFCBANK,BSE,SELL,MIS,LIMIT,DAY,9,1688.45,0.0,2026-09-22 11:12:37,COMPLETE,9,1688.45
ORD20003083,C100065,HDFCBANK,NSE,SELL,MIS,LIMIT,DAY,7,1674.0,0.0,2026-09-22 11:13:09,COMPLETE,7,1674.0
ORD20001068,C100192,BHARTIARTL,NSE,BUY,MIS,LIMIT,DAY,4,1402.5,0.0,2026-09-22 11:13:12,COMPLETE,4,1402.5
ORD20003165,C100011,AXISBANK,NSE,BUY,CNC,LIMIT,DAY,66,1131.55,0.0,2026-09-22 11:13:52,COMPLETE,66,1131.55
ORD20003049,C100082,ICICIBANK,NSE,BUY,CNC,MARKET,DAY,5,0.0,0.0,2026-09-22 11:15:15,COMPLETE,5,1237.6
ORD20004764,C100144,HINDUNILVR,NSE,SELL,MIS,LIMIT,DAY,4,2392.45,0.0,2026-09-22 11:18:00,COMPLETE,4,2392.45
ORD20002936,C100004,ICICIBANK,NSE,BUY,CNC,MARKET,DAY,3,0.0,0.0,2026-09-22 11:18:04,COMPLETE,3,1224.3
ORD20000206,C100029,ICICIBANK,BSE,BUY,MIS,LIMIT,DAY,9,1143.35,0.0,2026-09-22 11:20:22,COMPLETE,9,1143.35
ORD20001548,C100121,KOTAKBANK,NSE,BUY,MIS,LIMIT,DAY,59,1790.4,0.0,2026-09-22 11:24:24,COMPLETE,59,1790.4
ORD20003091,C100188,NTPC,NSE,SELL,MIS,MARKET,DAY,281,0.0,0.0,2026-09-22 11:28:10,COMPLETE,281,370.5
ORD20004244,C100146,TATAMOTORS,NSE,BUY,CNC,MARKET,DAY,24,0.0,0.0,2026-09-22 11:28:25,COMPLETE,24,935.54
ORD20003875,C100021,RELIANCE,NSE,SELL,MIS,LIMIT,DAY,2,2981.95,0.0,2026-09-22 11:29:35,COMPLETE,2,2981.95
ORD20000124,C100158,ITC,NSE,BUY,CNC,LIMIT,DAY,10,451.45,0.0,2026-09-22 11:29:35,PARTIAL,4,451.45
ORD20002401,C100067,RELIANCE,NSE,BUY,MIS,LIMIT,DAY,10,3004.3,0.0,2026-09-22 11:30:29,COMPLETE,10,3004.3
ORD20002931,C100146,TCS,NSE,BUY,MIS,MARKET,DAY,1,0.0,0.0,2026-09-22 11:31:35,COMPLETE,1,4011.25
ORD20000017,C100158,BHARTIARTL,NSE,SELL,CNC,SL,DAY,1,1355.45,1362.25,2026-09-22 11:34:13,COMPLETE,1,1355.55
ORD20004105,C100148,INFY,NSE,SELL,MIS,LIMIT,DAY,28,1607.45,0.0,2026-09-22 11:37:06,COMPLETE,28,1607.45
ORD20000929,C100014,INFY,NSE,SELL,MIS,MARKET,DAY,15,0.0,0.0,2026-09-22 11:39:58,PARTIAL,9,1572.97
ORD20003350,C100049,KOTAKBANK,NSE,BUY,MIS,LIMIT,DAY,8,1688.5,0.0,2026-09-22 11:41:17,COMPLETE,8,1688.5
ORD20004202,C100176,TATAMOTORS,BSE,SELL,CNC,MARKET,DAY,31,0.0,0.0,2026-09-22 11:41:57,COMPLETE,31,954.57
ORD20003284,C100038,HINDUNILVR,NSE,BUY,MIS,LIMIT,DAY,9,2340.0,0.0,2026-09-22 11:42:36,CANCELLED,0,0.0
ORD20002044,C100022,HINDUNILVR,NSE,SELL,MIS,LIMIT,DAY,1,2504.25,0.0,2026-09-22 11:45:33,COMPLETE,1,2504.25
ORD20004265,C100110,SBIN,NSE,BUY,MIS,LIMIT,DAY,27,793.0,0.0,2026-09-22 11:46:32,REJECTED,0,0.0
ORD20002612,C100000,NTPC,NSE,BUY,CNC,LIMIT,DAY,162,353.55,0.0,2026-09-22 11:47:03,COMPLETE,162,353.55
ORD20003271,C100142,ITC,NSE,SELL,MIS,LIMIT,DAY,14,446.5,0.0,2026-09-22 11:47:13,REJECTED,0,0.0
ORD20000107,C100031,HINDUNILVR,NSE,BUY,CNC,LIMIT,DAY,10,2349.15,0.0,2026-09-22 11:49:17,COMPLETE,10,2349.15
ORD20003776,C100033,ONGC,NSE,SELL,MIS,MARKET,DAY,22,0.0,0.0,2026-09-22 11:51:07,COMPLETE,22,277.05
ORD20000630,C100080,MARUTI,NSE,BUY,MIS,LIMIT,DAY,1,12212.4,0.0,2026-09-22 11:51:20,COMPLETE,1,12212.4
ORD20000114,C100141,TITAN,NSE,BUY,MIS,LIMIT,DAY,39,3295.65,0.0,2026-09-22 11:51:43,COMPLETE,39,3295.65
ORD20001371,C100075,TATAMOTORS,NSE,SELL,CNC,LIMIT,DAY,33,924.25,0.0,2026-09-22 11:52:26,COMPLETE,33,924.25
ORD20004678,C100000,MARUTI,NSE,BUY,MIS,SL,DAY,1,11881.1,11821.7,2026-09-22 11:53:13,COMPLETE,1,11858.7
ORD20002865,C100150,ITC,NSE,BUY,CNC,LIMIT,DAY,16,445.75,0.0,2026-09-22 11:54:19,CANCELLED,0,0.0
ORD20004963,C100006,KOTAKBANK,NSE,SELL,MIS,SL,DAY,7,1749.65,1758.4,2026-09-22 11:54:33,COMPLETE,7,1749.59
ORD20004070,C100131,INFY,NSE,BUY,MIS,LIMIT,DAY,8,1682.25,0.0,2026-09-22 11:57:51,CANCELLED,0,0.0
ORD20001358,C100151,HINDUNILVR,NSE,BUY,MIS,MARKET,DAY,27,0.0,0.0,2026-09-22 11:57:56,COMPLETE,27,2348.03
ORD20004755,C100095,MARUTI,NSE,BUY,MIS,LIMIT,DAY,1,11792.35,0.0,2026-09-22 12:02:16,COMPLETE,1,11792.35
ORD20003612,C100029,TCS,NSE,BUY,MIS,LIMIT,DAY,3,3912.45,0.0,2026-09-22 12:04:48,COMPLETE,3,3912.45
ORD20002954,C100021,RELIANCE,NSE,SELL,CNC,MARKET,DAY,19,0.0,0.0,2026-09-22 12:05:14,COMPLETE,19,2899.75
ORD20003683,C100034,HINDUNILVR,NSE,BUY,CNC,LIMIT,DAY,34,2405.45,0.0,2026-09-22 12:10:28,COMPLETE,34,2405.45
ORD20003852,C100068,HINDUNILVR,NSE,BUY,CNC,LIMIT,DAY,1,2448.55,0.0,2026-09-22 12:10:56,OPEN,0,0.0
ORD20001100,C100196,MARUTI,NSE,SELL,MIS,MARKET,DAY,1,0.0,0.0,2026-09-22 12:12:28,COMPLETE,1,12066.05
ORD20002040,C100058,RELIANCE,NSE,BUY,CNC,MARKET,DAY,13,0.0,0.0,2026-09-22 12:15:48,COMPLETE,13,2859.47
ORD20000159,C100096,ICICIBANK,NSE,SELL,CNC,LIMIT,DAY,6,1133.35,0.0,2026-09-22 12:16:58,COMPLETE,6,1133.35
ORD20004591,C100043,MARUTI,NSE,SELL,MIS,SL,DAY,1,12261.55,12322.85,2026-09-22 12:17:22,COMPLETE,1,12266.9
ORD20001943,C100036,ONGC,NSE,BUY,MIS,LIMIT,DAY,60,278.1,0.0,2026-09-22 12:20:16,OPEN,0,0.0
ORD20002219,C100144,INFY,NSE,BUY,MIS,LIMIT,DAY,15,1612.3,0.0,2026-09-22 12:21:16,COMPLETE,15,1612.3
ORD20000289,C100196,MARUTI,NSE,SELL,CNC,MARKET,DAY,4,0.0,0.0,2026-09-22 12:24:40,COMPLETE,4,12347.5
ORD20003649,C100019,WIPRO,NSE,SELL,MIS,MARKET,DAY,145,0.0,0.0,2026-09-22 12:25:30,COMPLETE,145,464.53
ORD20001608,C100098,ASIANPAINT,NSE,BUY,CNC,MARKET,DAY,1,0.0,0.0,2026-09-22 12:26:22,COMPLETE,1,3039.35
ORD20000526,C100192,HDFCBANK,NSE,SELL,CNC,SL,DAY,58,1606.1,1614.15,2026-09-22 12:28:54,COMPLETE,58,1606.79
ORD20004858,C100074,HINDUNILVR,NSE,SELL,MIS,MARKET,DAY,1,0.0,0.0,2026-09-22 12:30:58,PARTIAL,1,2394.9
ORD20002948,C100104,ICICIBANK,NSE,SELL,MIS,LIMIT,DAY,32,1186.45,0.0,2026-09-22 12:34:25,COMPLETE,32,1186.45
ORD20004310,C100149,KOTAKBANK,NSE,BUY,MIS,SL,DAY,19,1792.25,1783.3,2026-09-22 12:35:47,COMPLETE,19,1791.84
ORD20000460,C100152,WIPRO,NSE,SELL,CNC,LIMIT,DAY,246,487.55,0.0,2026-09-22 12:35:47,PARTIAL,174,487.55
ORD20003446,C100014,KOTAKBANK,BSE,BUY,MIS,LIMIT,DAY,3,1752.7,0.0,2026-09-22 12:37:09,COMPLETE,3,1752.7
ORD20004182,C100089,HINDUNILVR,NSE,SELL,MIS,MARKET,DAY,61,0.0,0.0,2026-09-22 12:40:27,COMPLETE,61,2425.65
ORD20001583,C100185,MARUTI,NSE,BUY,CNC,MARKET,DAY,1,0.0,0.0,2026-09-22 12:41:11,COMPLETE,1,12120.6
ORD20004675,C100010,HDFCBANK,NSE,SELL,MIS,LIMIT,DAY,58,1623.9,0.0,2026-09-22 12:42:04,COMPLETE,58,1623.9
ORD20000944,C100169,HINDUNILVR,NSE,SELL,MIS,LIMIT,DAY,32,2499.1,0.0,2026-09-22 12:43:03,COMPLETE,32,2499.1
ORD20004729,C100066,TATAMOTORS,NSE,SELL,CNC,MARKET,DAY,7,0.0,0.0,2026-09-22 12:43:23,COMPLETE,7,923.55
ORD20000803,C100191,TITAN,NSE,SELL,CNC,SL,DAY,2,3331.8,3348.45,2026-09-22 12:43:38,CANCELLED,0,0.0
ORD20000525,C100047,MARUTI,NSE,SELL,CNC,LIMIT,DAY,4,11542.95,0.0,2026-09-22 12:45:34,COMPLETE,4,11542.95
ORD20001742,C100051,NTPC,NSE,SELL,CNC,LIMIT,DAY,318,358.05,0.0,2026-09-22 12:46:37,COMPLETE,318,358.05
ORD20004304,C100073,HINDUNILVR,BSE,SELL,MIS,LIMIT,DAY,1,2433.55,0.0,2026-09-22 12:46:41,COMPLETE,1,2433.55
ORD20003019,C100086,TATAMOTORS,BSE,SELL,CNC,LIMIT,DAY,16,926.15,0.0,2026-09-22 12:46:59,COMPLETE,16,926.15
ORD20003303,C100109,ONGC,NSE,SELL,MIS,LIMIT,DAY,164,271.8,0.0,2026-09-22 12:49:46,COMPLETE,164,271.8
ORD20002223,C100158,SUNPHARMA,NSE,SELL,CNC,MARKET,DAY,17,0.0,0.0,2026-09-22 12:50:29,COMPLETE,17,1787.11
ORD20004947,C100078,RELIANCE,NSE,SELL,MIS,MARKET,DAY,18,0.0,0.0,2026-09-22 12:52:13,COMPLETE,18,2841.52
ORD20002071,C100120,HINDUNILVR,NSE,SELL,CNC,LIMIT,DAY,2,2367.2,0.0,2026-09-22 12:52:18,COMPLETE,2,2367.2
ORD20000229,C100045,MARUTI,NSE,SELL,CNC,LIMIT,DAY,1,11984.8,0.0,2026-09-22 12:53:09,COMPLETE,1,11984.8
ORD20002569,C100112,ONGC,NSE,SELL,CNC,MARKET,DAY,20,0.0,0.0,2026-09-22 12:53:16,CANCELLED,0,0.0
ORD20004456,C100035,ASIANPAINT,NSE,SELL,MIS,SL,DAY,2,2997.4,3012.35,2026-09-22 12:55:03,REJECTED,0,0.0
ORD20001813,C100077,HDFCBANK,NSE,SELL,MIS,LIMIT,DAY,19,1666.65,0.0,2026-09-22 12:55:05,COMPLETE,19,1666.65
ORD20002072,C100114,HINDUNILVR,BSE,SELL,MIS,MARKET,DAY,7,0.0,0.0,2026-09-22 12:55:47,CANCELLED,0,0.0
ORD20002989,C100129,MARUTI,NSE,SELL,CNC,LIMIT,DAY,1,12205.25,0.0,2026-09-22 12:56:37,COMPLETE,1,12205.25
ORD20002432,C100051,AXISBANK,NSE,BUY,MIS,LIMIT,DAY,7,1116.65,0.0,2026-09-22 12:58:09,COMPLETE,7,1116.65
ORD20002144,C100183,AXISBANK,NSE,SELL,CNC,LIMIT,DAY,33,1116.75,0.0,2026-09-22 12:58:17,COMPLETE,33,1116.75
ORD20001293,C100197,ITC,NSE,SELL,MIS,LIMIT,DAY,13,446.4,0.0,2026-09-22 13:00:41,COMPLETE,13,446.4
ORD20003586,C100101,MARUTI,BSE,SELL,CNC,LIMIT,DAY,4,11729.7,0.0,2026-09-22 13:01:12,COMPLETE,4,11729.7
ORD20003936,C100023,HDFCBANK,NSE,BUY,MIS,MARKET,DAY,2,0.0,0.0,2026-09-22 13:03:51,COMPLETE,2,1684.45
ORD20003211,C100159,ITC,NSE,BUY,MIS,LIMIT,DAY,13,437.05,0.0,2026-09-22 13:04:08,COMPLETE,13,437.05
ORD20004721,C100114,HINDUNILVR,NSE,BUY,MIS,MARKET,DAY,6,0.0,0.0,2026-09-22 13:08:08,REJECTED,0,0.0
ORD20004905,C100112,SBIN,NSE,BUY,MIS,LIMIT,DAY,10,791.1,0.0,2026-09-22 13:08:12,COMPLETE,10,791.1
ORD20001247,C100015,HINDUNILVR,NSE,SELL,MIS,MARKET,DAY,24,0.0,0.0,2026-09-22 13:08:29,COMPLETE,24,2291.33
ORD20000040,C100158,NTPC,NSE,BUY,MIS,MARKET,DAY,27,0.0,0.0,2026-09-22 13:10:24,COMPLETE,27,351.13
ORD20002614,C100033,ITC,NSE,SELL,CNC,LIMIT,DAY,123,445.1,0.0,2026-09-22 13:12:34,COMPLETE,123,445.1
ORD20000558,C100179,RELIANCE,NSE,BUY,CNC,SL,DAY,10,2977.1,2962.2,2026-09-22 13:13:40,COMPLETE,10,2977.75
ORD20000272,C100019,RELIANCE,NSE,BUY,MIS,MARKET,DAY,13,0.0,0.0,2026-09-22 13:14:14,COMPLETE,13,2885.48
ORD20000174,C100144,HINDUNILVR,NSE,BUY,CNC,LIMIT,DAY,15,2387.65,0.0,2026-09-22 13:15:05,REJECTED,0,0.0
ORD20000552,C100072,ICICIBANK,NSE,SELL,MIS,LIMIT,DAY,4,1202.85,0.0,2026-09-22 13:15:49,COMPLETE,4,1202.85
ORD20003411,C100128,MARUTI,NSE,BUY,CNC,SL,DAY,4,12075.3,12014.9,2026-09-22 13:15:56,OPEN,0,0.0
ORD20004534,C100050,ONGC,NSE,SELL,CNC,LIMIT,DAY,471,272.15,0.0,2026-09-22 13:17:39,COMPLETE,471,272.15
ORD20003301,C100061,BHARTIARTL,NSE,BUY,MIS,LIMIT,DAY,2,1376.55,0.0,2026-09-22 13:18:50,COMPLETE,2,1376.55
ORD20002739,C100049,MARUTI,NSE,SELL,CNC,LIMIT,DAY,1,12093.65,0.0,2026-09-22 13:19:10,COMPLETE,1,12093.65
ORD20001009,C100065,ONGC,NSE,SELL,CNC,LIMIT,DAY,341,274.4,0.0,2026-09-22 13:19:45,COMPLETE,341,274.4
ORD20001144,C100136,MARUTI,NSE,SELL,CNC,LIMIT,DAY,1,12081.1,0.0,2026-09-22 13:19:47,COMPLETE,1,12081.1
ORD20003326,C100079,ITC,NSE,SELL,CNC,LIMIT,DAY,78,461.55,0.0,2026-09-22 13:23:38,COMPLETE,78,461.55
ORD20004387,C100159,MARUTI,NSE,SELL,MIS,MARKET,DAY,4,0.0,0.0,2026-09-22 13:24:09,COMPLETE,4,12327.55
ORD20003349,C100189,HINDUNILVR,NSE,BUY,MIS,LIMIT,DAY,2,2411.35,0.0,2026-09-22 13:24:26,COMPLETE,2,2411.35
ORD20004760,C100135,HINDUNILVR,NSE,BUY,MIS,LIMIT,DAY,6,2318.8,0.0,2026-09-22 13:26:51,REJECTED,0,0.0
ORD20004230,C100039,HINDUNILVR,NSE,BUY,MIS,LIMIT,DAY,4,2356.75,0.0,2026-09-22 13:28:30,CANCELLED,0,0.0
ORD20003273,C100143,TATAMOTORS,NSE,SELL,MIS,LIMIT,DAY,8,1014.6,0.0,2026-09-22 13:28:36,COMPLETE,8,1014.6
ORD20004894,C100124,ITC,NSE,BUY,CNC,LIMIT,DAY,77,452.75,0.0,2026-09-22 13:28:57,CANCELLED,0,0.0
ORD20002968,C100011,HDFCBANK,BSE,SELL,CNC,LIMIT,DAY,32,1624.65,0.0,2026-09-22 13:36:27,COMPLETE,32,1624.65
ORD20003203,C100033,TCS,NSE,SELL,MIS,LIMIT,DAY,34,3815.75,0.0,2026-09-22 13:36:40,COMPLETE,34,3815.75
ORD20000296,C100143,NTPC,NSE,BUY,MIS,MARKET,DAY,13,0.0,0.0,2026-09-22 13:38:35,COMPLETE,13,365.05
ORD20000095,C100009,MARUTI,NSE,BUY,CNC,LIMIT,DAY,4,12279.05,0.0,2026-09-22 13:38:35,COMPLETE,4,12279.05
ORD20000495,C100033,ASIANPAINT,NSE,SELL,CNC,LIMIT,DAY,2,2872.25,0.0,2026-09-22 13:42:22,CANCELLED,0,0.0
ORD20003077,C100032,MARUTI,NSE,BUY,CNC,SL,DAY,1,12646.95,12583.7,2026-09-22 13:42:38,COMPLETE,1,12648.0
ORD20003316,C100123,HDFCBANK,NSE,SELL,MIS,LIMIT,DAY,9,1624.65,0.0,2026-09-22 13:43:17,COMPLETE,9,1624.65
ORD20002836,C100087,AXISBANK,NSE,SELL,MIS,MARKET,DAY,22,0.0,0.0,2026-09-22 13:44:59,COMPLETE,22,1152.55
ORD20003363,C100114,INFY,NSE,SELL,CNC,MARKET,DAY,3,0.0,0.0,2026-09-22 13:47:18,COMPLETE,3,1618.68
ORD20004170,C100174,NTPC,BSE,BUY,CNC,LIMIT,DAY,12,359.25,0.0,2026-09-22 13:47:58,COMPLETE,12,359.25
ORD20003624,C100079,HINDUNILVR,NSE,BUY,CNC,MARKET,DAY,1,0.0,0.0,2026-09-22 13:48:00,COMPLETE,1,2378.4
ORD20000295,C100095,SBIN,NSE,SELL,CNC,LIMIT,DAY,135,806.15,0.0,2026-09-22 13:49:09,COMPLETE,135,806.15
ORD20004398,C100146,AXISBANK,NSE,BUY,CNC,MARKET,DAY,56,0.0,0.0,2026-09-22 13:49:42,CANCELLED,0,0.0
ORD20002785,C100054,KOTAKBANK,BSE,SELL,CNC,MARKET,DAY,11,0.0,0.0,2026-09-22 13:54:46,COMPLETE,11,1820.05
ORD20002296,C100180,HDFCBANK,NSE,BUY,MIS,LIMIT,DAY,8,1591.35,0.0,2026-09-22 13:55:57,COMPLETE,8,1591.35
ORD20000064,C100082,RELIANCE,NSE,BUY,MIS,LIMIT,DAY,47,2746.1,0.0,2026-09-22 13:57:31,COMPLETE,47,2746.1
ORD20004108,C100170,MARUTI,NSE,SELL,CNC,LIMIT,DAY,1,12120.6,0.0,2026-09-22 13:59:07,COMPLETE,1,12120.6
ORD20000089,C100141,LT,NSE,SELL,MIS,LIMIT,DAY,2,3572.45,0.0,2026-09-22 13:59:12,COMPLETE,2,3572.45
ORD20001178,C100049,TATAMOTORS,NSE,SELL,CNC,SL,DAY,7,946.5,951.25,2026-09-22 13:59:16,COMPLETE,7,946.15
ORD20003975,C100044,MARUTI,NSE,BUY,MIS,MARKET,DAY,1,0.0,0.0,2026-09-22 13:59:26,COMPLETE,1,11646.25
ORD20002038,C100189,HINDUNILVR,NSE,BUY,MIS,LIMIT,DAY,40,2588.2,0.0,2026-09-22 14:00:17,COMPLETE,40,2588.2
ORD20001892,C100016,HDFCBANK,NSE,SELL,MIS,MARKET,DAY,17,0.0,0.0,2026-09-22 14:00:34,COMPLETE,17,1631.49
ORD20000439,C100122,ICICIBANK,BSE,BUY,MIS,LIMIT,DAY,9,1219.05,0.0,2026-09-22 14:06:13,COMPLETE,9,1219.05
ORD20003813,C100175,RELIANCE,NSE,SELL,CNC,LIMIT,DAY,1,2971.9,0.0,2026-09-22 14:07:13,COMPLETE,1,2971.9
ORD20002497,C100153,NTPC,NSE,BUY,MIS,LIMIT,DAY,14,353.65,0.0,2026-09-22 14:08:29,COMPLETE,14,353.65
ORD20001561,C100055,HDFCBANK,NSE,SELL,MIS,LIMIT,DAY,18,1582.3,0.0,2026-09-22 14:08:57,COMPLETE,18,1582.3
ORD20000684,C100084,ONGC,NSE,SELL,MIS,MARKET,DAY,262,0.0,0.0,2026-09-22 14:10:45,COMPLETE,262,271.45
ORD20004715,C100086,ONGC,BSE,BUY,MIS,LIMIT,DAY,113,274.4,0.0,2026-09-22 14:11:20,COMPLETE,113,274.4
ORD20001953,C100099,MARUTI,NSE,SELL,MIS,LIMIT,DAY,1,12400.35,0.0,2026-09-22 14:11:51,COMPLETE,1,12400.35
ORD20000715,C100144,ONGC,NSE,SELL,CNC,MARKET,DAY,24,0.0,0.0,2026-09-22 14:19:24,COMPLETE,24,266.01
ORD20004903,C100030,INFY,NSE,SELL,CNC,MARKET,DAY,29,0.0,0.0,2026-09-22 14:20:01,COMPLETE,29,1673.83
ORD20001616,C100055,HDFCBANK,NSE,BUY,CNC,LIMIT,DAY,39,1556.45,0.0,2026-09-22 14:23:27,COMPLETE,39,1556.45
ORD20003763,C100139,TITAN,NSE,BUY,MIS,MARKET,DAY,1,0.0,0.0,2026-09-22 14:27:18,COMPLETE,1,3406.75
ORD20003503,C100192,ITC,NSE,BUY,CNC,LIMIT,DAY,23,449.35,0.0,2026-09-22 14:27:27,COMPLETE,23,449.35
ORD20004239,C100157,MARUTI,NSE,SELL,MIS,LIMIT,DAY,4,12325.3,0.0,2026-09-22 14:27:52,CANCELLED,0,0.0
ORD20003712,C100113,NTPC,BSE,BUY,MIS,LIMIT,DAY,111,363.05,0.0,2026-09-22 14:30:14,COMPLETE,111,363.05
ORD20002503,C100024,MARUTI,NSE,BUY,MIS,LIMIT,DAY,1,11065.3,0.0,2026-09-22 14:30:27,COMPLETE,1,11065.3
ORD20001078,C100115,INFY,NSE,BUY,MIS,MARKET,DAY,27,0.0,0.0,2026-09-22 14:33:11,COMPLETE,27,1603.85
ORD20003173,C100073,TCS,NSE,BUY,MIS,LIMIT,DAY,13,3891.05,0.0,2026-09-22 14:34:25,COMPLETE,13,3891.05
ORD20003971,C100169,HINDUNILVR,NSE,BUY,CNC,LIMIT,DAY,13,2409.65,0.0,2026-09-22 14:34:45,REJECTED,0,0.0
ORD20000101,C100023,MARUTI,NSE,BUY,MIS,MARKET,DAY,1,0.0,0.0,2026-09-22 14:35:04,COMPLETE,1,11741.5
ORD20001140,C100118,HINDUNILVR,BSE,SELL,CNC,LIMIT,DAY,8,2485.65,0.0,2026-09-22 14:37:50,CANCELLED,0,0.0
ORD20004082,C100133,SBIN,BSE,SELL,MIS,LIMIT,DAY,6,808.5,0.0,2026-09-22 14:39:45,COMPLETE,6,808.5
ORD20000975,C100098,ITC,NSE,SELL,MIS,LIMIT,DAY,70,446.05,0.0,2026-09-22 14:40:40,OPEN,0,0.0
ORD20002188,C100011,ICICIBANK,NSE,SELL,CNC,LIMIT,DAY,57,1157.35,0.0,2026-09-22 14:41:50,COMPLETE,57,1157.35
ORD20002241,C100018,BHARTIARTL,NSE,SELL,CNC,MARKET,DAY,3,0.0,0.0,2026-09-22 14:42:08,COMPLETE,3,1420.15
ORD20004031,C100096,BHARTIARTL,NSE,SELL,CNC,LIMIT,DAY,4,1446.35,0.0,2026-09-22 14:42:56,CANCELLED,0,0.0
ORD20001365,C100091,TATAMOTORS,NSE,SELL,MIS,LIMIT,DAY,35,958.0,0.0,2026-09-22 14:46:21,COMPLETE,35,958.0
ORD20001165,C100044,MARUTI,BSE,SELL,MIS,LIMIT,DAY,1,12564.35,0.0,2026-09-22 14:47:52,COMPLETE,1,12564.35
ORD20004851,C100067,AXISBANK,NSE,BUY,MIS,MARKET,DAY,17,0.0,0.0,2026-09-22 14:50:21,COMPLETE,17,1084.35
ORD20002942,C100083,MARUTI,NSE,BUY,CNC,LIMIT,DAY,1,11792.35,0.0,2026-09-22 14:51:10,COMPLETE,1,11792.35
ORD20000337,C100026,TATAMOTORS,NSE,BUY,MIS,LIMIT,DAY,80,916.45,0.0,2026-09-22 14:51:31,COMPLETE,80,916.45
ORD20000950,C100192,HINDUNILVR,NSE,SELL,CNC,SL,DAY,28,2386.25,2398.15,2026-09-22 14:51:54,COMPLETE,28,2386.04
ORD20000980,C100102,MARUTI,NSE,BUY,MIS,LIMIT,DAY,1,12381.0,0.0,2026-09-22 14:52:21,COMPLETE,1,12381.0
ORD20004521,C100100,ICICIBANK,BSE,SELL,CNC,MARKET,DAY,31,0.0,0.0,2026-09-22 14:52:25,COMPLETE,31,1179.35
ORD20003691,C100172,AXISBANK,NSE,BUY,MIS,MARKET,DAY,2,0.0,0.0,2026-09-22 14:54:00,COMPLETE,2,1195.45
ORD20000823,C100162,INFY,NSE,BUY,MIS,MARKET,DAY,45,0.0,0.0,2026-09-22 14:55:45,COMPLETE,45,1623.68
ORD20001653,C100065,HINDUNILVR,NSE,SELL,CNC,MARKET,DAY,11,0.0,0.0,2026-09-22 15:01:28,COMPLETE,11,2478.65
ORD20002177,C100165,TATAMOTORS,NSE,SELL,MIS,MARKET,DAY,7,0.0,0.0,2026-09-22 15:01:33,COMPLETE,7,925.05
ORD20004853,C100132,ITC,NSE,SELL,MIS,LIMIT,DAY,149,462.25,0.0,2026-09-22 15:08:00,COMPLETE,149,462.25
ORD20002553,C100164,ONGC,NSE,BUY,MIS,LIMIT,DAY,45,286.6,0.0,2026-09-22 15:08:18,COMPLETE,45,286.6
ORD20004209,C100135,ONGC,NSE,BUY,CNC,MARKET,DAY,457,0.0,0.0,2026-09-22 15:10:01,COMPLETE,457,262.75
ORD20004581,C100119,TCS,NSE,BUY,MIS,LIMIT,DAY,16,3907.25,0.0,2026-09-22 15:11:33,COMPLETE,16,3907.25
ORD20000049,C100042,MARUTI,NSE,SELL,CNC,MARKET,DAY,6,0.0,0.0,2026-09-22 15:11:45,COMPLETE,6,12120.17
ORD20000093,C100180,HINDUNILVR,BSE,BUY,CNC,LIMIT,DAY,15,2350.05,0.0,2026-09-22 15:12:35,COMPLETE,15,2350.05
ORD20004570,C100041,MARUTI,NSE,SELL,CNC,MARKET,DAY,10,0.0,0.0,2026-09-22 15:12:43,COMPLETE,10,11747.29
ORD20001346,C100108,TATAMOTORS,NSE,BUY,CNC,SL,DAY,90,933.1,928.45,2026-09-22 15:19:20,CANCELLED,0,0.0
ORD20003379,C100012,HDFCBANK,NSE,BUY,CNC,LIMIT,DAY,11,1587.05,0.0,2026-09-22 15:22:08,COMPLETE,11,1587.05
ORD20001549,C100052,INFY,BSE,BUY,CNC,LIMIT,DAY,22,1615.2,0.0,2026-09-22 15:22:25,COMPLETE,22,1615.2
ORD20000700,C100159,TITAN,NSE,SELL,CNC,LIMIT,DAY,4,3430.85,0.0,2026-09-22 15:23:07,COMPLETE,4,3430.85
ORD20001521,C100161,TATAMOTORS,NSE,SELL,MIS,LIMIT,DAY,32,956.05,0.0,2026-09-22 15:24:14,COMPLETE,32,956.05
ORD20004720,C100084,SBIN,NSE,BUY,MIS,LIMIT,DAY,7,817.4,0.0,2026-09-22 15:24:25,PARTIAL,4,817.4
ORD20004195,C100119,ITC,NSE,SELL,CNC,LIMIT,DAY,14,450.6,0.0,2026-09-23 09:21:19,COMPLETE,14,450.6
ORD20004217,C100138,TATAMOTORS,NSE,SELL,CNC,MARKET,DAY,34,0.0,0.0,2026-09-23 09:23:12,COMPLETE,34,996.55
ORD20000844,C100037,HINDUNILVR,NSE,BUY,MIS,LIMIT,DAY,26,2522.45,0.0,2026-09-23 09:23:22,COMPLETE,26,2522.45
ORD20001049,C100186,HINDUNILVR,NSE,BUY,CNC,LIMIT,DAY,9,2314.75,0.0,2026-09-23 09:24:09,COMPLETE,9,2314.75
ORD20003629,C100014,RELIANCE,NSE,BUY,MIS,MARKET,DAY,2,0.0,0.0,2026-09-23 09:24:51,COMPLETE,2,2848.15
ORD20000364,C100033,HDFCBANK,NSE,SELL,MIS,LIMIT,DAY,30,1680.05,0.0,2026-09-23 09:24:51,COMPLETE,30,1680.05
ORD20003644,C100015,HINDUNILVR,NSE,SELL,MIS,LIMIT,DAY,2,2325.85,0.0,2026-09-23 09:27:23,COMPLETE,2,2325.85
ORD20004870,C100123,RELIANCE,BSE,BUY,CNC,LIMIT,DAY,10,2887.1,0.0,2026-09-23 09:32:11,COMPLETE,10,2887.1
ORD20004950,C100015,ICICIBANK,NSE,SELL,MIS,LIMIT,DAY,48,1229.75,0.0,2026-09-23 09:35:54,COMPLETE,48,1229.75
ORD20002581,C100177,RELIANCE,NSE,BUY,CNC,MARKET,DAY,1,0.0,0.0,2026-09-23 09:37:11,COMPLETE,1,2864.8
ORD20000662,C100120,BHARTIARTL,NSE,SELL,CNC,LIMIT,DAY,95,1380.9,0.0,2026-09-23 09:37:34,COMPLETE,95,1380.9
ORD20004698,C100047,HDFCBANK,NSE,SELL,CNC,MARKET,DAY,7,0.0,0.0,2026-09-23 09:38:02,COMPLETE,7,1657.01
ORD20000202,C100186,ITC,NSE,SELL,MIS,SL,DAY,122,419.9,422.0,2026-09-23 09:39:30,REJECTED,0,0.0
ORD20000253,C100144,ICICIBANK,NSE,BUY,MIS,SL,DAY,2,1195.45,1189.45,2026-09-23 09:40:26,COMPLETE,2,1194.15
ORD20001744,C100154,KOTAKBANK,NSE,BUY,MIS,MARKET,DAY,1,0.0,0.0,2026-09-23 09:42:24,COMPLETE,1,1772.0
ORD20004622,C100108,MARUTI,NSE,SELL,MIS,LIMIT,DAY,2,12358.2,0.0,2026-09-23 09:42:57,COMPLETE,2,12358.2
ORD20002755,C100111,HINDUNILVR,NSE,BUY,MIS,LIMIT,DAY,64,2307.15,0.0,2026-09-23 09:43:19,COMPLETE,64,2307.15
ORD20003839,C100139,NTPC,NSE,BUY,MIS,MARKET,DAY,43,0.0,0.0,2026-09-23 09:45:38,REJECTED,0,0.0
ORD20000893,C100171,ONGC,NSE,BUY,MIS,LIMIT,DAY,253,269.45,0.0,2026-09-23 09:48:41,COMPLETE,253,269.45
ORD20000230,C100081,INFY,NSE,BUY,CNC,MARKET,DAY,46,0.0,0.0,2026-09-23 09:49:27,COMPLETE,46,1516.57
ORD20000331,C100091,HINDUNILVR,NSE,SELL,MIS,MARKET,DAY,2,0.0,0.0,2026-09-23 09:49:40,COMPLETE,2,2437.1
ORD20002406,C100177,MARUTI,NSE,BUY,MIS,MARKET,DAY,6,0.0,0.0,2026-09-23 09:50:16,COMPLETE,6,12317.49
ORD20002285,C100163,ASIANPAINT,NSE,BUY,MIS,LIMIT,DAY,21,2854.8,0.0,2026-09-23 09:52:58,COMPLETE,21,2854.8
ORD20001731,C100088,SBIN,NSE,SELL,CNC,LIMIT,DAY,79,855.6,0.0,2026-09-23 09:54:00,COMPLETE,79,855.6
ORD20002236,C100195,AXISBANK,NSE,BUY,CNC,LIMIT,DAY,57,1164.45,0.0,2026-09-23 09:54:17,REJECTED,0,0.0
ORD20002680,C100054,AXISBANK,NSE,SELL,MIS,LIMIT,DAY,6,1164.95,0.0,2026-09-23 09:57:05,COMPLETE,6,1164.95
ORD20004094,C100028,HINDUNILVR,NSE,BUY,MIS,MARKET,DAY,4,0.0,0.0,2026-09-23 09:57:29,COMPLETE,4,2492.8
ORD20001194,C100035,TATAMOTORS,NSE,SELL,MIS,LIMIT,DAY,62,974.75,0.0,2026-09-23 09:59:20,COMPLETE,62,974.75
ORD20002397,C100101,KOTAKBANK,NSE,SELL,CNC,LIMIT,DAY,18,1722.9,0.0,2026-09-23 09:59:21,COMPLETE,18,1722.9
ORD20000053,C100037,MARUTI,NSE,SELL,MIS,LIMIT,DAY,3,12186.95,0.0,2026-09-23 10:04:56,COMPLETE,3,12186.95
ORD20004432,C100102,HINDUNILVR,NSE,BUY,MIS,LIMIT,DAY,1,2341.45,0.0,2026-09-23 10:06:06,COMPLETE,1,2341.45
ORD20003318,C100128,LT,NSE,SELL,MIS,MARKET,DAY,1,0.0,0.0,2026-09-23 10:06:08,CANCELLED,0,0.0
ORD20003324,C100013,ONGC,NSE,BUY,CNC,LIMIT,DAY,255,270.25,0.0,2026-09-23 10:06:35,COMPLETE,255,270.25
ORD20004737,C100173,HDFCBANK,NSE,BUY,MIS,LIMIT,DAY,9,1627.35,0.0,2026-09-23 10:06:57,COMPLETE,9,1627.35
ORD20000748,C100041,HINDUNILVR,NSE,SELL,MIS,LIMIT,DAY,5,2398.5,0.0,2026-09-23 10:08:42,COMPLETE,5,2398.5
ORD20002027,C100159,HDFCBANK,BSE,SELL,CNC,LIMIT,DAY,35,1603.6,0.0,2026-09-23 10:09:29,COMPLETE,35,1603.6
ORD20002094,C100021,HINDUNILVR,NSE,SELL,MIS,LIMIT,DAY,9,2480.4,0.0,2026-09-23 10:10:42,COMPLETE,9,2480.4
ORD20003118,C100087,ICICIBANK,NSE,SELL,MIS,LIMIT,DAY,52,1243.75,0.0,2026-09-23 10:11:55,CANCELLED,0,0.0
ORD20004090,C100187,AXISBANK,NSE,BUY,CNC,MARKET,DAY,10,0.0,0.0,2026-09-23 10:12:12,COMPLETE,10,1195.24
ORD20001864,C100104,TATAMOTORS,BSE,SELL,CNC,MARKET,DAY,5,0.0,0.0,2026-09-23 10:12:30,COMPLETE,5,946.6
ORD20000145,C100025,ITC,BSE,SELL,MIS,MARKET,DAY,12,0.0,0.0,2026-09-23 10:13:31,COMPLETE,12,455.65
ORD20003296,C100120,NTPC,NSE,SELL,CNC,MARKET,DAY,79,0.0,0.0,2026-09-23 10:14:29,CANCELLED,0,0.0
ORD20000957,C100185,ONGC,NSE,SELL,MIS,MARKET,DAY,21,0.0,0.0,2026-09-23 10:18:24,COMPLETE,21,278.45
ORD20003027,C100187,KOTAKBANK,NSE,SELL,MIS,LIMIT,DAY,28,1838.2,0.0,2026-09-23 10:18:35,COMPLETE,28,1838.2
ORD20002075,C100138,RELIANCE,NSE,BUY,MIS,MARKET,DAY,10,0.0,0.0,2026-09-23 10:20:37,REJECTED,0,0.0
ORD20000733,C100175,HDFCBANK,NSE,BUY,MIS,MARKET,DAY,20,0.0,0.0,2026-09-23 10:22:14,COMPLETE,20,1738.1
ORD20004418,C100129,ICICIBANK,NSE,SELL,CNC,MARKET,DAY,86,0.0,0.0,2026-09-23 10:24:22,COMPLETE,86,1185.05
ORD20002099,C100151,MARUTI,BSE,SELL,MIS,LIMIT,DAY,1,11461.9,0.0,2026-09-23 10:24:27,COMPLETE,1,11461.9
ORD20002463,C100165,BHARTIARTL,NSE,SELL,MIS,LIMIT,DAY,4,1343.4,0.0,2026-09-23 10:24:54,COMPLETE,4,1343.4
ORD20002825,C100176,ITC,NSE,SELL,CNC,LIMIT,DAY,24,467.35,0.0,2026-09-23 10:27:38,COMPLETE,24,467.35
ORD20004957,C100153,INFY,NSE,BUY,MIS,SL,DAY,5,1670.2,1661.85,2026-09-23 10:29:02,CANCELLED,0,0.0
ORD20001193,C100049,HDFCBANK,BSE,BUY,MIS,LIMIT,DAY,16,1629.75,0.0,2026-09-23 10:29:49,CANCELLED,0,0.0
ORD20004993,C100159,BHARTIARTL,NSE,SELL,MIS,LIMIT,DAY,17,1395.95,0.0,2026-09-23 10:34:05,CANCELLED,0,0.0
ORD20004021,C100007,ITC,NSE,SELL,MIS,LIMIT,DAY,20,474.65,0.0,2026-09-23 10:36:20,COMPLETE,20,474.65
ORD20001018,C100049,ITC,NSE,BUY,MIS,LIMIT,DAY,160,452.55,0.0,2026-09-23 10:40:11,COMPLETE,160,452.55
ORD20004256,C100163,ITC,NSE,SELL,CNC,LIMIT,DAY,131,433.95,0.0,2026-09-23 10:41:38,REJECTED,0,0.0
ORD20002487,C100089,HINDUNILVR,BSE,BUY,MIS,LIMIT,DAY,22,2323.55,0.0,2026-09-23 10:44:13,COMPLETE,22,2323.55
ORD20002718,C100134,ITC,NSE,SELL,MIS,SL,DAY,138,443.2,445.4,2026-09-23 10:44:57,COMPLETE,138,443.6
ORD20003912,C100172,ITC,BSE,BUY,MIS,LIMIT,DAY,76,436.65,0.0,2026-09-23 10:47:41,COMPLETE,76,436.65
ORD20004373,C100167,AXISBANK,NSE,SELL,CNC,LIMIT,DAY,6,1120.0,0.0,2026-09-23 10:49:11,COMPLETE,6,1120.0
ORD20002663,C100094,AXISBANK,NSE,SELL,MIS,LIMIT,DAY,11,1184.95,0.0,2026-09-23 10:50:33,COMPLETE,11,1184.95
ORD20003512,C100123,ITC,NSE,SELL,CNC,LIMIT,DAY,74,466.5,0.0,2026-09-23 10:50:47,COMPLETE,74,466.5
ORD20002293,C100022,HINDUNILVR,BSE,SELL,MIS,MARKET,DAY,2,0.0,0.0,2026-09-23 10:51:42,COMPLETE,2,2502.65
ORD20002689,C100047,TITAN,NSE,BUY,MIS,LIMIT,DAY,3,3292.3,0.0,2026-09-23 10:52:23,PARTIAL,2,3292.3
ORD20004251,C100060,TITAN,NSE,BUY,MIS,LIMIT,DAY,16,3262.5,0.0,2026-09-23 10:52:28,COMPLETE,16,3262.5
ORD20003791,C100056,KOTAKBANK,NSE,SELL,MIS,SL,DAY,32,1749.05,1757.8,2026-09-23 10:55:44,COMPLETE,32,1748.3
ORD20002001,C100145,KOTAKBANK,NSE,BUY,CNC,LIMIT,DAY,1,1761.4,0.0,2026-09-23 10:57:42,COMPLETE,1,1761.4
ORD20004190,C100088,KOTAKBANK,NSE,BUY,MIS,LIMIT,DAY,2,1705.05,0.0,2026-09-23 11:01:03,COMPLETE,2,1705.05
ORD20002583,C100126,ASIANPAINT,NSE,BUY,MIS,LIMIT,DAY,9,3061.65,0.0,2026-09-23 11:01:27,COMPLETE,9,3061.65
ORD20003784,C100102,TATAMOTORS,NSE,BUY,MIS,MARKET,DAY,56,0.0,0.0,2026-09-23 11:07:04,CANCELLED,0,0.0
ORD20004525,C100187,ONGC,NSE,SELL,MIS,LIMIT,DAY,110,284.95,0.0,2026-09-23 11:09:22,CANCELLED,0,0.0
ORD20002216,C100069,RELIANCE,BSE,SELL,CNC,SL,DAY,21,2928.95,2943.6,2026-09-23 11:11:23,COMPLETE,21,2928.63
ORD20000471,C100169,RELIANCE,NSE,BUY,CNC,LIMIT,DAY,49,2834.9,0.0,2026-09-23 11:12:50,COMPLETE,49,2834.9
ORD20000016,C100176,NTPC,NSE,BUY,MIS,LIMIT,DAY,18,372.25,0.0,2026-09-23 11:13:49,COMPLETE,18,372.25
ORD20004347,C100151,RELIANCE,NSE,SELL,CNC,LIMIT,DAY,12,2998.5,0.0,2026-09-23 11:15:30,COMPLETE,12,2998.5
ORD20000417,C100026,HINDUNILVR,NSE,SELL,MIS,MARKET,DAY,39,0.0,0.0,2026-09-23 11:17:53,CANCELLED,0,0.0
ORD20001820,C100003,ITC,BSE,SELL,MIS,LIMIT,DAY,275,441.75,0.0,2026-09-23 11:18:27,COMPLETE,275,441.75
ORD20001834,C100142,HDFCBANK,NSE,SELL,CNC,SL,DAY,11,1706.3,1714.85,2026-09-23 11:19:03,COMPLETE,11,1705.71
ORD20003753,C100056,TATAMOTORS,NSE,BUY,MIS,MARKET,DAY,130,0.0,0.0,2026-09-23 11:19:30,OPEN,0,0.0
ORD20002886,C100152,ONGC,NSE,SELL,CNC,SL,DAY,36,276.75,278.1,2026-09-23 11:21:38,COMPLETE,36,276.8
ORD20003662,C100111,ITC,NSE,BUY,MIS,LIMIT,DAY,51,451.25,0.0,2026-09-23 11:22:20,COMPLETE,51,451.25
ORD20001244,C100132,RELIANCE,NSE,BUY,CNC,MARKET,DAY,6,0.0,0.0,2026-09-23 11:24:29,COMPLETE,6,2986.78
ORD20002851,C100135,RELIANCE,NSE,BUY,CNC,LIMIT,DAY,36,2827.5,0.0,2026-09-23 11:24:48,COMPLETE,36,2827.5
ORD20004703,C100108,ITC,NSE,SELL,CNC,LIMIT,DAY,24,454.5,0.0,2026-09-23 11:24:49,COMPLETE,24,454.5
ORD20000365,C100141,AXISBANK,NSE,SELL,CNC,LIMIT,DAY,6,1157.0,0.0,2026-09-23 11:24:57,REJECTED,0,0.0
ORD20004192,C100088,ASIANPAINT,NSE,BUY,MIS,MARKET,DAY,2,0.0,0.0,2026-09-23 11:28:48,PARTIAL,1,2787.95
ORD20000386,C100084,KOTAKBANK,NSE,SELL,CNC,MARKET,DAY,60,0.0,0.0,2026-09-23 11:29:59,COMPLETE,60,1761.17
ORD20003802,C100157,NTPC,NSE,BUY,MIS,LIMIT,DAY,37,339.9,0.0,2026-09-23 11:30:29,COMPLETE,37,339.9
ORD20001984,C100147,NTPC,NSE,BUY,CNC,MARKET,DAY,15,0.0,0.0,2026-09-23 11:31:15,COMPLETE,15,361.1
ORD20001610,C100185,ONGC,NSE,SELL,MIS,LIMIT,DAY,12,259.2,0.0,2026-09-23 11:32:09,COMPLETE,12,259.2
ORD20002701,C100175,ITC,NSE,SELL,MIS,MARKET,DAY,26,0.0,0.0,2026-09-23 11:32:20,COMPLETE,26,426.37
ORD20003461,C100163,ITC,NSE,BUY,MIS,LIMIT,DAY,11,450.2,0.0,2026-09-23 11:36:39,COMPLETE,11,450.2
ORD20003636,C100155,ITC,BSE,SELL,MIS,MARKET,DAY,151,0.0,0.0,2026-09-23 11:37:34,COMPLETE,151,456.09
ORD20001478,C100112,BHARTIARTL,NSE,SELL,MIS,LIMIT,DAY,40,1385.1,0.0,2026-09-23 11:38:36,COMPLETE,40,1385.1
ORD20001997,C100034,HDFCBANK,NSE,SELL,CNC,LIMIT,DAY,4,1674.55,0.0,2026-09-23 11:38:38,COMPLETE,4,1674.55
ORD20004077,C100057,ITC,NSE,BUY,MIS,MARKET,DAY,10,0.0,0.0,2026-09-23 11:39:17,CANCELLED,0,0.0
ORD20002723,C100162,NTPC,NSE,SELL,CNC,MARKET,DAY,37,0.0,0.0,2026-09-23 11:40:25,COMPLETE,37,343.9
ORD20002561,C100045,ITC,NSE,SELL,MIS,LIMIT,DAY,260,459.45,0.0,2026-09-23 11:40:36,COMPLETE,260,459.45
ORD20001529,C100142,WIPRO,NSE,BUY,MIS,MARKET,DAY,20,0.0,0.0,2026-09-23 11:42:27,PARTIAL,5,490.02
ORD20002511,C100081,ITC,NSE,SELL,CNC,LIMIT,DAY,12,450.35,0.0,2026-09-23 11:44:34,COMPLETE,12,450.35
ORD20000511,C100035,AXISBANK,NSE,BUY,MIS,LIMIT,DAY,19,1190.0,0.0,2026-09-23 11:45:09,OPEN,0,0.0
ORD20002566,C100029,MARUTI,NSE,SELL,MIS,LIMIT,DAY,9,12189.05,0.0,2026-09-23 11:45:49,COMPLETE,9,12189.05
ORD20002375,C100126,NTPC,NSE,BUY,CNC,LIMIT,DAY,133,356.85,0.0,2026-09-23 11:46:44,COMPLETE,133,356.85
ORD20002977,C100044,TCS,NSE,SELL,CNC,LIMIT,DAY,2,3634.3,0.0,2026-09-23 11:48:58,COMPLETE,2,3634.3
ORD20004334,C100092,MARUTI,NSE,BUY,MIS,LIMIT,DAY,5,12258.7,0.0,2026-09-23 11:48:59,COMPLETE,5,12258.7
ORD20002654,C100077,ITC,NSE,SELL,CNC,LIMIT,DAY,13,443.1,0.0,2026-09-23 11:49:01,COMPLETE,13,443.1
ORD20004982,C100113,TATAMOTORS,NSE,BUY,CNC,SL,DAY,3,910.4,905.85,2026-09-23 11:49:49,COMPLETE,3,910.47
ORD20001947,C100057,ITC,NSE,SELL,MIS,LIMIT,DAY,144,461.5,0.0,2026-09-23 11:53:50,COMPLETE,144,461.5
ORD20001835,C100085,KOTAKBANK,NSE,BUY,CNC,LIMIT,DAY,7,1652.55,0.0,2026-09-23 11:53:52,COMPLETE,7,1652.55
ORD20002621,C100162,HINDUNILVR,NSE,BUY,CNC,SL,DAY,14,2339.0,2327.3,2026-09-23 11:54:26,COMPLETE,14,2338.71
ORD20004946,C100062,ICICIBANK,NSE,SELL,MIS,LIMIT,DAY,29,1195.3,0.0,2026-09-23 11:56:26,COMPLETE,29,1195.3
ORD20004034,C100034,MARUTI,NSE,BUY,MIS,LIMIT,DAY,10,12034.9,0.0,2026-09-23 11:57:39,COMPLETE,10,12034.9
ORD20001627,C100171,BHARTIARTL,NSE,BUY,MIS,LIMIT,DAY,22,1372.8,0.0,2026-09-23 11:59:31,COMPLETE,22,1372.8
ORD20001642,C100170,TATAMOTORS,NSE,BUY,CNC,MARKET,DAY,5,0.0,0.0,2026-09-23 12:01:21,COMPLETE,5,1025.6
ORD20003861,C100128,MARUTI,NSE,BUY,CNC,LIMIT,DAY,1,11940.05,0.0,2026-09-23 12:04:09,COMPLETE,1,11940.05
ORD20002984,C100151,ASIANPAINT,NSE,SELL,MIS,LIMIT,DAY,34,2987.9,0.0,2026-09-23 12:05:08,COMPLETE,34,2987.9
ORD20004578,C100150,HINDUNILVR,NSE,SELL,MIS,LIMIT,DAY,7,2439.0,0.0,2026-09-23 12:07:25,COMPLETE,7,2439.0
ORD20002343,C100019,ONGC,NSE,BUY,MIS,MARKET,DAY,346,0.0,0.0,2026-09-23 12:11:34,COMPLETE,346,285.62
ORD20000507,C100136,RELIANCE,NSE,SELL,CNC,LIMIT,DAY,1,2836.8,0.0,2026-09-23 12:12:07,CANCELLED,0,0.0
ORD20000801,C100005,AXISBANK,NSE,SELL,MIS,LIMIT,DAY,63,1217.1,0.0,2026-09-23 12:13:33,COMPLETE,63,1217.1
ORD20004118,C100105,HDFCBANK,NSE,BUY,MIS,MARKET,DAY,5,0.0,0.0,2026-09-23 12:18:48,COMPLETE,5,1646.14
ORD20002143,C100107,ICICIBANK,NSE,BUY,CNC,SL,DAY,2,1182.6,1176.7,2026-09-23 12:19:19,COMPLETE,2,1182.07
ORD20003033,C100149,ITC,NSE,BUY,CNC,LIMIT,DAY,27,468.0,0.0,2026-09-23 12:19:46,COMPLETE,27,468.0
ORD20003781,C100103,BHARTIARTL,NSE,SELL,MIS,LIMIT,DAY,2,1428.8,0.0,2026-09-23 12:20:07,COMPLETE,2,1428.8
ORD20000916,C100089,AXISBANK,NSE,BUY,CNC,LIMIT,DAY,6,1104.85,0.0,2026-09-23 12:21:46,COMPLETE,6,1104.85
ORD20000858,C100017,TITAN,NSE,SELL,MIS,MARKET,DAY,3,0.0,0.0,2026-09-23 12:22:41,COMPLETE,3,3232.6
ORD20004145,C100059,TATAMOTORS,NSE,BUY,MIS,LIMIT,DAY,5,956.95,0.0,2026-09-23 12:22:55,COMPLETE,5,956.95
ORD20001429,C100195,TATAMOTORS,NSE,SELL,CNC,MARKET,DAY,15,0.0,0.0,2026-09-23 12:24:04,COMPLETE,15,906.1
ORD20004143,C100010,HDFCBANK,NSE,BUY,CNC,SL,DAY,3,1666.95,1658.6,2026-09-23 12:24:26,COMPLETE,3,1668.1
ORD20001537,C100103,RELIANCE,NSE,SELL,MIS,MARKET,DAY,3,0.0,0.0,2026-09-23 12:24:54,COMPLETE,3,2753.38
ORD20001791,C100064,BHARTIARTL,NSE,SELL,CNC,LIMIT,DAY,3,1398.0,0.0,2026-09-23 12:25:46,COMPLETE,3,1398.0
ORD20000688,C100061,RELIANCE,NSE,BUY,MIS,LIMIT,DAY,2,2998.5,0.0,2026-09-23 12:26:13,COMPLETE,2,2998.5
ORD20002061,C100061,RELIANCE,NSE,SELL,CNC,LIMIT,DAY,10,2859.05,0.0,2026-09-23 12:27:18,REJECTED,0,0.0
ORD20003156,C100155,SBIN,NSE,BUY,MIS,MARKET,DAY,7,0.0,0.0,2026-09-23 12:30:05,COMPLETE,7,800.45
ORD20004307,C100163,BHARTIARTL,NSE,SELL,MIS,LIMIT,DAY,92,1459.2,0.0,2026-09-23 12:32:19,COMPLETE,92,1459.2
ORD20003724,C100105,AXISBANK,NSE,BUY,MIS,LIMIT,DAY,124,1156.0,0.0,2026-09-23 12:34:18,COMPLETE,124,1156.0
ORD20004541,C100123,HINDUNILVR,NSE,SELL,MIS,LIMIT,DAY,13,2443.3,0.0,2026-09-23 12:34:38,COMPLETE,13,2443.3
ORD20002550,C100075,HINDUNILVR,NSE,BUY,MIS,SL,DAY,2,2515.1,2502.55,2026-09-23 12:36:31,REJECTED,0,0.0
ORD20003103,C100122,RELIANCE,NSE,SELL,CNC,LIMIT,DAY,6,2871.45,0.0,2026-09-23 12:38:15,REJECTED,0,0.0
ORD20004519,C100026,TATAMOTORS,NSE,SELL,CNC,LIMIT,DAY,36,928.6,0.0,2026-09-23 12:38:43,COMPLETE,36,928.6
ORD20004711,C100009,NTPC,BSE,SELL,MIS,LIMIT,DAY,102,364.4,0.0,2026-09-23 12:43:14,PARTIAL,70,364.4
ORD20000092,C100104,ITC,NSE,SELL,CNC,LIMIT,DAY,9,457.1,0.0,2026-09-23 12:47:02,COMPLETE,9,457.1
ORD20003319,C100118,ITC,NSE,SELL,MIS,MARKET,DAY,15,0.0,0.0,2026-09-23 12:49:31,COMPLETE,15,455.45
ORD20001109,C100131,ONGC,BSE,SELL,MIS,LIMIT,DAY,47,286.75,0.0,2026-09-23 12:50:46,COMPLETE,47,286.75
ORD20002742,C100165,ITC,NSE,SELL,MIS,MARKET,DAY,34,0.0,0.0,2026-09-23 12:59:39,COMPLETE,34,433.05
ORD20003869,C100096,RELIANCE,NSE,BUY,CNC,LIMIT,DAY,11,2732.45,0.0,2026-09-23 13:01:08,COMPLETE,11,2732.45
ORD20004337,C100191,INFY,BSE,SELL,CNC,LIMIT,DAY,2,1613.4,0.0,2026-09-23 13:05:37,REJECTED,0,0.0
ORD20001353,C100122,TCS,BSE,SELL,CNC,LIMIT,DAY,2,3924.9,0.0,2026-09-23 13:06:19,COMPLETE,2,3924.9
ORD20004925,C100004,TITAN,NSE,SELL,MIS,MARKET,DAY,1,0.0,0.0,2026-09-23 13:11:14,COMPLETE,1,3462.1
ORD20003529,C100066,SBIN,NSE,BUY,MIS,MARKET,DAY,8,0.0,0.0,2026-09-23 13:16:25,COMPLETE,8,832.3
ORD20001385,C100020,ASIANPAINT,NSE,SELL,CNC,LIMIT,DAY,18,3089.35,0.0,2026-09-23 13:17:59,COMPLETE,18,3089.35
ORD20004885,C100104,ICICIBANK,NSE,BUY,MIS,LIMIT,DAY,28,1175.75,0.0,2026-09-23 13:22:19,COMPLETE,28,1175.75
ORD20002842,C100117,HINDUNILVR,NSE,BUY,MIS,MARKET,DAY,5,0.0,0.0,2026-09-23 13:22:43,COMPLETE,5,2401.09
ORD20004035,C100133,RELIANCE,NSE,SELL,MIS,LIMIT,DAY,9,2938.75,0.0,2026-09-23 13:26:33,COMPLETE,9,2938.75
ORD20002082,C100114,KOTAKBANK,NSE,SELL,CNC,LIMIT,DAY,7,1751.75,0.0,2026-09-23 13:27:10,COMPLETE,7,1751.75
ORD20001654,C100148,TCS,NSE,SELL,CNC,MARKET,DAY,1,0.0,0.0,2026-09-23 13:27:16,CANCELLED,0,0.0
ORD20001175,C100087,ITC,NSE,SELL,MIS,MARKET,DAY,153,0.0,0.0,2026-09-23 13:28:20,COMPLETE,153,457.8
ORD20004673,C100055,KOTAKBANK,NSE,SELL,MIS,LIMIT,DAY,7,1721.45,0.0,2026-09-23 13:28:25,COMPLETE,7,1721.45
ORD20002641,C100078,ONGC,NSE,BUY,MIS,MARKET,DAY,40,0.0,0.0,2026-09-23 13:29:38,COMPLETE,40,282.23
ORD20003325,C100016,HDFCBANK,BSE,BUY,CNC,LIMIT,DAY,3,1658.7,0.0,2026-09-23 13:30:33,COMPLETE,3,1658.7
ORD20000751,C100121,HDFCBANK,NSE,SELL,MIS,SL,DAY,11,1610.65,1618.7,2026-09-23 13:31:01,COMPLETE,11,1609.78
ORD20004466,C100119,ICICIBANK,NSE,BUY,CNC,MARKET,DAY,8,0.0,0.0,2026-09-23 13:33:17,COMPLETE,8,1217.74
ORD20000425,C100047,RELIANCE,NSE,SELL,MIS,LIMIT,DAY,4,2911.0,0.0,2026-09-23 13:33:58,COMPLETE,4,2911.0
ORD20000567,C100149,HDFCBANK,NSE,SELL,CNC,LIMIT,DAY,39,1608.0,0.0,2026-09-23 13:35:23,COMPLETE,39,1608.0
ORD20002073,C100026,MARUTI,BSE,BUY,MIS,MARKET,DAY,1,0.0,0.0,2026-09-23 13:35:59,COMPLETE,1,11867.4
ORD20004271,C100181,ONGC,NSE,BUY,MIS,LIMIT,DAY,489,261.55,0.0,2026-09-23 13:37:46,COMPLETE,489,261.55
ORD20003242,C100148,MARUTI,NSE,SELL,MIS,LIMIT,DAY,1,11618.6,0.0,2026-09-23 13:40:08,COMPLETE,1,11618.6
ORD20002504,C100163,TCS,NSE,BUY,CNC,LIMIT,DAY,3,3996.3,0.0,2026-09-23 13:41:03,COMPLETE,3,3996.3
ORD20003519,C100039,RELIANCE,NSE,BUY,CNC,LIMIT,DAY,13,2879.65,0.0,2026-09-23 13:41:24,CANCELLED,0,0.0
ORD20002828,C100181,ICICIBANK,NSE,SELL,MIS,LIMIT,DAY,24,1207.75,0.0,2026-09-23 13:42:09,PARTIAL,10,1207.75
ORD20001116,C100184,ICICIBANK,NSE,SELL,MIS,LIMIT,DAY,3,1237.05,0.0,2026-09-23 13:47:35,COMPLETE,3,1237.05
ORD20000919,C100124,ITC,NSE,SELL,MIS,SL,DAY,16,443.8,446.05,2026-09-23 13:49:30,COMPLETE,16,443.67
ORD20003907,C100193,RELIANCE,NSE,BUY,MIS,SL,DAY,21,3025.55,3010.4,2026-09-23 13:51:49,COMPLETE,21,3027.38
ORD20002270,C100075,HINDUNILVR,NSE,SELL,MIS,SL,DAY,8,2377.6,2389.5,2026-09-23 13:54:23,CANCELLED,0,0.0
ORD20002646,C100112,ASIANPAINT,NSE,BUY,MIS,MARKET,DAY,23,0.0,0.0,2026-09-23 14:03:18,COMPLETE,23,2967.44
ORD20003711,C100018,HINDUNILVR,NSE,BUY,CNC,LIMIT,DAY,2,2434.25,0.0,2026-09-23 14:04:49,COMPLETE,2,2434.25
ORD20000669,C100145,ITC,NSE,SELL,MIS,LIMIT,DAY,153,460.65,0.0,2026-09-23 14:05:17,COMPLETE,153,460.65
ORD20003887,C100127,HDFCBANK,NSE,BUY,CNC,MARKET,DAY,17,0.0,0.0,2026-09-23 14:06:12,COMPLETE,17,1667.45
ORD20004707,C100084,MARUTI,NSE,SELL,MIS,SL,DAY,9,11998.95,12058.95,2026-09-23 14:08:25,CANCELLED,0,0.0
ORD20003067,C100043,ICICIBANK,NSE,SELL,MIS,LIMIT,DAY,4,1295.8,0.0,2026-09-23 14:12:52,COMPLETE,4,1295.8
ORD20003537,C100060,ICICIBANK,NSE,BUY,CNC,LIMIT,DAY,60,1149.3,0.0,2026-09-23 14:13:41,REJECTED,0,0.0
ORD20003556,C100130,WIPRO,NSE,SELL,MIS,LIMIT,DAY,293,462.0,0.0,2026-09-23 14:14:13,COMPLETE,293,462.0
ORD20001951,C100152,BHARTIARTL,BSE,BUY,CNC,MARKET,DAY,45,0.0,0.0,2026-09-23 14:15:29,COMPLETE,45,1411.6
ORD20001633,C100082,BHARTIARTL,NSE,SELL,CNC,MARKET,DAY,70,0.0,0.0,2026-09-23 14:15:46,COMPLETE,70,1354.44
ORD20004057,C100178,HINDUNILVR,NSE,BUY,MIS,MARKET,DAY,10,0.0,0.0,2026-09-23 14:21:17,COMPLETE,10,2377.62
ORD20001844,C100088,AXISBANK,NSE,SELL,CNC,SL,DAY,3,1123.5,1129.15,2026-09-23 14:22:01,REJECTED,0,0.0
ORD20003572,C100124,MARUTI,NSE,SELL,MIS,SL,DAY,1,11948.45,12008.2,2026-09-23 14:24:11,COMPLETE,1,11948.05
ORD20004601,C100163,INFY,NSE,SELL,MIS,SL,DAY,15,1629.65,1637.8,2026-09-23 14:24:57,COMPLETE,15,1627.0
ORD20003549,C100031,ASIANPAINT,NSE,BUY,CNC,LIMIT,DAY,3,2951.0,0.0,2026-09-23 14:26:34,COMPLETE,3,2951.0
ORD20002152,C100027,KOTAKBANK,NSE,BUY,MIS,LIMIT,DAY,17,1910.15,0.0,2026-09-23 14:29:08,COMPLETE,17,1910.15
ORD20000649,C100169,SBIN,BSE,SELL,CNC,MARKET,DAY,4,0.0,0.0,2026-09-23 14:30:52,COMPLETE,4,817.25
ORD20001554,C100151,HINDUNILVR,NSE,SELL,MIS,LIMIT,DAY,21,2468.85,0.0,2026-09-23 14:32:28,OPEN,0,0.0
ORD20000628,C100185,TATAMOTORS,NSE,BUY,MIS,MARKET,DAY,61,0.0,0.0,2026-09-23 14:33:21,COMPLETE,61,990.25
ORD20003690,C100029,INFY,NSE,BUY,CNC,LIMIT,DAY,55,1628.55,0.0,2026-09-23 14:33:45,COMPLETE,55,1628.55
ORD20004395,C100060,ITC,NSE,SELL,CNC,SL,DAY,14,444.8,447.05,2026-09-23 14:35:14,COMPLETE,14,444.9
ORD20002062,C100153,ITC,NSE,SELL,MIS,LIMIT,DAY,68,434.7,0.0,2026-09-23 14:35:24,COMPLETE,68,434.7
ORD20004827,C100068,TATAMOTORS,NSE,SELL,MIS,LIMIT,DAY,55,919.95,0.0,2026-09-23 14:36:20,CANCELLED,0,0.0
ORD20002976,C100025,BHARTIARTL,NSE,SELL,MIS,MARKET,DAY,5,0.0,0.0,2026-09-23 14:38:22,COMPLETE,5,1458.15
ORD20002753,C100002,ICICIBANK,NSE,BUY,MIS,LIMIT,DAY,20,1174.85,0.0,2026-09-23 14:38:48,COMPLETE,20,1174.85
ORD20002702,C100047,HINDUNILVR,NSE,SELL,MIS,LIMIT,DAY,27,2344.6,0.0,2026-09-23 14:42:14,COMPLETE,27,2344.6
ORD20002166,C100185,RELIANCE,NSE,SELL,MIS,LIMIT,DAY,11,2979.9,0.0,2026-09-23 14:43:01,COMPLETE,11,2979.9
ORD20001007,C100125,RELIANCE,NSE,BUY,CNC,MARKET,DAY,17,0.0,0.0,2026-09-23 14:43:32,REJECTED,0,0.0
ORD20003604,C100054,MARUTI,NSE,BUY,MIS,LIMIT,DAY,9,11700.5,0.0,2026-09-23 14:49:34,COMPLETE,9,11700.5
ORD20004508,C100113,TATAMOTORS,NSE,BUY,CNC,LIMIT,DAY,93,940.2,0.0,2026-09-23 14:50:28,CANCELLED,0,0.0
ORD20002111,C100037,AXISBANK,NSE,BUY,MIS,LIMIT,DAY,44,1157.1,0.0,2026-09-23 14:54:33,COMPLETE,44,1157.1
ORD20001261,C100146,MARUTI,NSE,BUY,CNC,MARKET,DAY,1,0.0,0.0,2026-09-23 14:55:25,COMPLETE,1,12729.0
ORD20001126,C100045,AXISBANK,NSE,SELL,CNC,LIMIT,DAY,82,1112.55,0.0,2026-09-23 14:55:54,COMPLETE,82,1112.55
ORD20002107,C100198,MARUTI,NSE,SELL,MIS,MARKET,DAY,1,0.0,0.0,2026-09-23 14:56:53,COMPLETE,1,12196.3
ORD20000862,C100081,BHARTIARTL,NSE,BUY,MIS,LIMIT,DAY,98,1393.4,0.0,2026-09-23 14:56:54,COMPLETE,98,1393.4
ORD20004699,C100120,ASIANPAINT,BSE,SELL,MIS,MARKET,DAY,26,0.0,0.0,2026-09-23 14:57:13,COMPLETE,26,2962.15
ORD20002172,C100169,BHARTIARTL,BSE,SELL,CNC,LIMIT,DAY,9,1374.85,0.0,2026-09-23 14:58:04,COMPLETE,9,1374.85
ORD20004537,C100131,INFY,NSE,SELL,CNC,LIMIT,DAY,4,1616.3,0.0,2026-09-23 15:01:08,PARTIAL,1,1616.3
ORD20001146,C100179,TATAMOTORS,NSE,BUY,MIS,MARKET,DAY,6,0.0,0.0,2026-09-23 15:01:56,COMPLETE,6,953.15
ORD20000397,C100164,MARUTI,BSE,BUY,CNC,MARKET,DAY,8,0.0,0.0,2026-09-23 15:05:31,COMPLETE,8,11748.25
ORD20004979,C100124,INFY,NSE,SELL,MIS,LIMIT,DAY,40,1635.9,0.0,2026-09-23 15:06:54,COMPLETE,40,1635.9
ORD20000799,C100046,ASIANPAINT,NSE,SELL,MIS,LIMIT,DAY,25,2838.5,0.0,2026-09-23 15:07:03,CANCELLED,0,0.0
ORD20002384,C100007,ITC,NSE,SELL,MIS,SL,DAY,17,465.4,467.75,2026-09-23 15:08:27,REJECTED,0,0.0
ORD20004975,C100124,RELIANCE,NSE,BUY,MIS,LIMIT,DAY,7,2923.7,0.0,2026-09-23 15:09:52,COMPLETE,7,2923.7
ORD20003517,C100190,MARUTI,BSE,SELL,CNC,MARKET,DAY,4,0.0,0.0,2026-09-23 15:10:46,OPEN,0,0.0
ORD20003642,C100010,HINDUNILVR,NSE,SELL,CNC,MARKET,DAY,26,0.0,0.0,2026-09-23 15:13:05,COMPLETE,26,2503.15
ORD20000468,C100039,ITC,NSE,BUY,MIS,LIMIT,DAY,15,460.1,0.0,2026-09-23 15:13:53,COMPLETE,15,460.1
ORD20000768,C100090,SBIN,BSE,BUY,MIS,MARKET,DAY,28,0.0,0.0,2026-09-23 15:16:16,OPEN,0,0.0
ORD20002215,C100117,KOTAKBANK,NSE,SELL,MIS,MARKET,DAY,39,0.0,0.0,2026-09-23 15:17:32,CANCELLED,0,0.0
ORD20004417,C100172,KOTAKBANK,NSE,SELL,MIS,MARKET,DAY,64,0.0,0.0,2026-09-23 15:19:23,COMPLETE,64,1764.85
ORD20000781,C100149,TATAMOTORS,NSE,SELL,MIS,LIMIT,DAY,5,948.4,0.0,2026-09-23 15:21:10,COMPLETE,5,948.4
ORD20002850,C100017,TATAMOTORS,NSE,SELL,CNC,LIMIT,DAY,14,972.1,0.0,2026-09-23 15:23:44,COMPLETE,14,972.1
ORD20002843,C100063,ICICIBANK,NSE,SELL,CNC,LIMIT,DAY,5,1155.25,0.0,2026-09-23 15:24:48,COMPLETE,5,1155.25
ORD20000646,C100122,HINDUNILVR,BSE,BUY,MIS,SL,DAY,25,2375.25,2363.4,2026-09-24 09:15:29,COMPLETE,25,2374.0
ORD20002264,C100052,TITAN,NSE,BUY,CNC,LIMIT,DAY,7,3462.65,0.0,2026-09-24 09:15:47,COMPLETE,7,3462.65
ORD20003088,C100081,HINDUNILVR,NSE,SELL,MIS,LIMIT,DAY,56,2425.7,0.0,2026-09-24 09:18:43,COMPLETE,56,2425.7
ORD20003074,C100107,ICICIBANK,NSE,BUY,MIS,MARKET,DAY,5,0.0,0.0,2026-09-24 09:20:03,COMPLETE,5,1216.42
ORD20003480,C100049,INFY,NSE,SELL,CNC,LIMIT,DAY,8,1644.35,0.0,2026-09-24 09:22:28,COMPLETE,8,1644.35
ORD20004282,C100180,TATAMOTORS,BSE,BUY,CNC,MARKET,DAY,14,0.0,0.0,2026-09-24 09:22:50,PARTIAL,7,974.03
ORD20000677,C100148,HINDUNILVR,NSE,SELL,MIS,LIMIT,DAY,2,2343.65,0.0,2026-09-24 09:27:11,PARTIAL,1,2343.65
ORD20003107,C100017,TATAMOTORS,NSE,BUY,CNC,LIMIT,DAY,3,990.5,0.0,2026-09-24 09:28:47,OPEN,0,0.0
ORD20000948,C100007,ITC,NSE,SELL,MIS,LIMIT,DAY,33,469.7,0.0,2026-09-24 09:29:34,COMPLETE,33,469.7
ORD20000863,C100176,HINDUNILVR,NSE,BUY,CNC,MARKET,DAY,5,0.0,0.0,2026-09-24 09:30:07,COMPLETE,5,2477.05
ORD20002194,C100134,TATAMOTORS,NSE,BUY,CNC,LIMIT,DAY,72,937.2,0.0,2026-09-24 09:32:44,CANCELLED,0,0.0
ORD20001540,C100156,RELIANCE,NSE,SELL,MIS,MARKET,DAY,4,0.0,0.0,2026-09-24 09:33:12,COMPLETE,4,2841.49
ORD20004083,C100111,HDFCBANK,NSE,BUY,MIS,MARKET,DAY,11,0.0,0.0,2026-09-24 09:33:18,COMPLETE,11,1691.11
ORD20003858,C100062,HDFCBANK,NSE,SELL,MIS,LIMIT,DAY,3,1667.75,0.0,2026-09-24 09:33:30,CANCELLED,0,0.0
ORD20003626,C100096,RELIANCE,NSE,SELL,MIS,LIMIT,DAY,13,3003.1,0.0,2026-09-24 09:38:54,COMPLETE,13,3003.1
ORD20001898,C100032,ONGC,BSE,SELL,MIS,MARKET,DAY,9,0.0,0.0,2026-09-24 09:39:49,COMPLETE,9,264.0
ORD20003262,C100052,HINDUNILVR,NSE,BUY,MIS,MARKET,DAY,4,0.0,0.0,2026-09-24 09:42:36,COMPLETE,4,2340.85
ORD20003558,C100183,ITC,NSE,SELL,MIS,LIMIT,DAY,53,464.3,0.0,2026-09-24 09:42:39,CANCELLED,0,0.0
ORD20000240,C100084,ONGC,NSE,BUY,CNC,LIMIT,DAY,132,267.05,0.0,2026-09-24 09:43:28,COMPLETE,132,267.05
ORD20000737,C100157,BHARTIARTL,NSE,BUY,MIS,LIMIT,DAY,88,1451.8,0.0,2026-09-24 09:43:42,COMPLETE,88,1451.8
ORD20001135,C100178,HINDUNILVR,NSE,SELL,MIS,MARKET,DAY,5,0.0,0.0,2026-09-24 09:43:54,COMPLETE,5,2341.45
ORD20000599,C100019,HINDUNILVR,BSE,SELL,MIS,MARKET,DAY,3,0.0,0.0,2026-09-24 09:44:03,COMPLETE,3,2283.58
ORD20001704,C100067,TCS,NSE,SELL,CNC,LIMIT,DAY,2,3856.05,0.0,2026-09-24 09:44:35,COMPLETE,2,3856.05
ORD20000891,C100137,HINDUNILVR,NSE,SELL,CNC,LIMIT,DAY,28,2476.25,0.0,2026-09-24 09:44:41,COMPLETE,28,2476.25
ORD20002978,C100172,MARUTI,NSE,BUY,MIS,MARKET,DAY,5,0.0,0.0,2026-09-24 09:44:48,COMPLETE,5,12039.07
ORD20004972,C100160,TATAMOTORS,NSE,SELL,MIS,LIMIT,DAY,10,942.95,0.0,2026-09-24 09:47:55,COMPLETE,10,942.95
ORD20004706,C100198,ONGC,NSE,BUY,CNC,LIMIT,DAY,20,282.35,0.0,2026-09-24 09:48:18,REJECTED,0,0.0
ORD20004388,C100121,HINDUNILVR,NSE,BUY,MIS,LIMIT,DAY,8,2499.8,0.0,2026-09-24 09:48:26,COMPLETE,8,2499.8
ORD20002372,C100189,HINDUNILVR,NSE,SELL,CNC,LIMIT,DAY,2,2482.0,0.0,2026-09-24 09:49:21,PARTIAL,1,2482.0
ORD20004363,C100076,ICICIBANK,NSE,BUY,MIS,LIMIT,DAY,4,1233.7,0.0,2026-09-24 09:49:41,COMPLETE,4,1233.7
ORD20002838,C100150,MARUTI,NSE,BUY,MIS,SL,DAY,5,12361.85,12300.0,2026-09-24 09:50:05,COMPLETE,5,12355.25
ORD20003381,C100050,BHARTIARTL,NSE,BUY,MIS,LIMIT,DAY,43,1470.2,0.0,2026-09-24 09:50:30,COMPLETE,43,1470.2
ORD20003554,C100199,INFY,NSE,BUY,CNC,LIMIT,DAY,4,1635.9,0.0,2026-09-24 09:51:10,COMPLETE,4,1635.9
ORD20003493,C100109,TATAMOTORS,NSE,SELL,MIS,LIMIT,DAY,155,948.35,0.0,2026-09-24 09:51:55,COMPLETE,155,948.35
ORD20002798,C100060,ASIANPAINT,NSE,BUY,CNC,LIMIT,DAY,2,2830.3,0.0,2026-09-24 09:52:08,CANCELLED,0,0.0
ORD20001443,C100018,BHARTIARTL,NSE,BUY,MIS,LIMIT,DAY,47,1410.5,0.0,2026-09-24 09:55:57,COMPLETE,47,1410.5
ORD20003000,C100108,ONGC,NSE,BUY,MIS,LIMIT,DAY,53,260.85,0.0,2026-09-24 09:59:18,COMPLETE,53,260.85
ORD20000951,C100094,TCS,NSE,SELL,MIS,LIMIT,DAY,33,3944.65,0.0,2026-09-24 10:00:30,COMPLETE,33,3944.65
ORD20004843,C100049,BHARTIARTL,NSE,BUY,MIS,MARKET,DAY,71,0.0,0.0,2026-09-24 10:01:28,COMPLETE,71,1424.49
ORD20002849,C100089,AXISBANK,NSE,SELL,MIS,MARKET,DAY,70,0.0,0.0,2026-09-24 10:02:20,COMPLETE,70,1110.87
ORD20001211,C100185,BHARTIARTL,NSE,SELL,MIS,MARKET,DAY,3,0.0,0.0,2026-09-24 10:03:55,REJECTED,0,0.0
ORD20003473,C100121,HDFCBANK,NSE,SELL,MIS,MARKET,DAY,11,0.0,0.0,2026-09-24 10:04:05,COMPLETE,11,1574.2
ORD20001525,C100121,RELIANCE,NSE,SELL,MIS,LIMIT,DAY,1,2840.85,0.0,2026-09-24 10:04:53,COMPLETE,1,2840.85
ORD20000294,C100056,ITC,NSE,SELL,CNC,MARKET,DAY,61,0.0,0.0,2026-09-24 10:06:46,COMPLETE,61,449.57
ORD20004370,C100186,NTPC,NSE,BUY,MIS,LIMIT,DAY,306,339.75,0.0,2026-09-24 10:09:35,COMPLETE,306,339.75
ORD20001675,C100193,HDFCBANK,NSE,SELL,CNC,SL,DAY,18,1610.7,1618.75,2026-09-24 10:10:46,COMPLETE,18,1610.47
ORD20001279,C100075,HINDUNILVR,NSE,SELL,MIS,LIMIT,DAY,2,2393.1,0.0,2026-09-24 10:11:39,COMPLETE,2,2393.1
ORD20000879,C100159,ITC,BSE,BUY,CNC,MARKET,DAY,6,0.0,0.0,2026-09-24 10:11:55,COMPLETE,6,467.6
ORD20001620,C100133,BHARTIARTL,NSE,SELL,CNC,MARKET,DAY,47,0.0,0.0,2026-09-24 10:15:32,COMPLETE,47,1401.36
ORD20003902,C100109,RELIANCE,NSE,BUY,CNC,LIMIT,DAY,3,2923.55,0.0,2026-09-24 10:19:14,COMPLETE,3,2923.55
ORD20004942,C100044,ONGC,NSE,BUY,MIS,LIMIT,DAY,417,271.55,0.0,2026-09-24 10:20:43,PARTIAL,136,271.55
ORD20000213,C100125,SBIN,BSE,BUY,MIS,MARKET,DAY,7,0.0,0.0,2026-09-24 10:21:11,COMPLETE,7,787.95
ORD20002852,C100011,ITC,NSE,SELL,MIS,LIMIT,DAY,12,440.85,0.0,2026-09-24 10:22:54,COMPLETE,12,440.85
ORD20001309,C100057,BHARTIARTL,NSE,SELL,MIS,MARKET,DAY,42,0.0,0.0,2026-09-24 10:24:17,COMPLETE,42,1457.95
ORD20000617,C100053,RELIANCE,BSE,BUY,MIS,LIMIT,DAY,12,2924.1,0.0,2026-09-24 10:28:29,COMPLETE,12,2924.1
ORD20003270,C100136,NTPC,NSE,BUY,MIS,MARKET,DAY,40,0.0,0.0,2026-09-24 10:29:55,OPEN,0,0.0
ORD20000539,C100155,HINDUNILVR,NSE,BUY,CNC,MARKET,DAY,2,0.0,0.0,2026-09-24 10:34:27,COMPLETE,2,2528.4
ORD20002331,C100187,ITC,BSE,BUY,CNC,LIMIT,DAY,18,441.85,0.0,2026-09-24 10:36:32,COMPLETE,18,441.85
ORD20004522,C100197,KOTAKBANK,NSE,BUY,CNC,LIMIT,DAY,1,1711.5,0.0,2026-09-24 10:38:25,COMPLETE,1,1711.5
ORD20000238,C100024,ICICIBANK,NSE,BUY,MIS,LIMIT,DAY,7,1256.1,0.0,2026-09-24 10:40:19,COMPLETE,7,1256.1
ORD20003286,C100149,SBIN,NSE,BUY,CNC,LIMIT,DAY,39,836.05,0.0,2026-09-24 10:43:04,PARTIAL,9,836.05
ORD20000839,C100033,AXISBANK,NSE,SELL,CNC,LIMIT,DAY,4,1117.7,0.0,2026-09-24 10:45:14,COMPLETE,4,1117.7
ORD20002608,C100067,HINDUNILVR,NSE,SELL,MIS,LIMIT,DAY,15,2324.35,0.0,2026-09-24 10:47:36,COMPLETE,15,2324.35
ORD20002812,C100154,ITC,NSE,BUY,MIS,LIMIT,DAY,60,472.45,0.0,2026-09-24 10:47:54,COMPLETE,60,472.45
ORD20004197,C100052,RELIANCE,BSE,SELL,MIS,LIMIT,DAY,1,2751.05,0.0,2026-09-24 10:49:14,COMPLETE,1,2751.05
ORD20001920,C100042,ONGC,NSE,BUY,MIS,LIMIT,DAY,233,267.6,0.0,2026-09-24 10:49:33,COMPLETE,233,267.6
ORD20004441,C100180,ITC,NSE,BUY,CNC,MARKET,DAY,5,0.0,0.0,2026-09-24 10:51:30,COMPLETE,5,442.9
ORD20002694,C100097,BHARTIARTL,NSE,BUY,MIS,SL,DAY,3,1464.4,1457.1,2026-09-24 10:52:04,COMPLETE,3,1463.3
ORD20001534,C100105,HINDUNILVR,NSE,SELL,CNC,LIMIT,DAY,14,2385.55,0.0,2026-09-24 10:53:16,COMPLETE,14,2385.55
ORD20002956,C100150,KOTAKBANK,NSE,BUY,MIS,MARKET,DAY,3,0.0,0.0,2026-09-24 10:53:21,COMPLETE,3,1730.33
ORD20001700,C100076,MARUTI,NSE,BUY,CNC,MARKET,DAY,1,0.0,0.0,2026-09-24 10:53:27,COMPLETE,1,11921.05
ORD20003442,C100032,TATAMOTORS,NSE,SELL,MIS,MARKET,DAY,8,0.0,0.0,2026-09-24 10:54:54,COMPLETE,8,1009.85
ORD20001646,C100037,INFY,BSE,BUY,MIS,LIMIT,DAY,95,1517.65,0.0,2026-09-24 10:54:55,COMPLETE,95,1517.65
ORD20000850,C100017,ONGC,NSE,SELL,CNC,MARKET,DAY,209,0.0,0.0,2026-09-24 11:01:19,COMPLETE,209,268.69
ORD20001837,C100139,ICICIBANK,NSE,SELL,MIS,LIMIT,DAY,29,1263.9,0.0,2026-09-24 11:01:42,COMPLETE,29,1263.9
ORD20004520,C100000,ITC,NSE,BUY,CNC,MARKET,DAY,80,0.0,0.0,2026-09-24 11:03:13,OPEN,0,0.0
ORD20001453,C100051,KOTAKBANK,NSE,BUY,MIS,LIMIT,DAY,70,1650.3,0.0,2026-09-24 11:03:23,COMPLETE,70,1650.3
ORD20001015,C100151,MARUTI,NSE,BUY,CNC,LIMIT,DAY,1,12222.3,0.0,2026-09-24 11:07:36,COMPLETE,1,12222.3
ORD20001218,C100101,HDFCBANK,NSE,BUY,CNC,LIMIT,DAY,16,1725.8,0.0,2026-09-24 11:08:23,CANCELLED,0,0.0
ORD20001747,C100017,MARUTI,NSE,SELL,MIS,MARKET,DAY,1,0.0,0.0,2026-09-24 11:09:53,COMPLETE,1,11714.3
ORD20002778,C100141,RELIANCE,NSE,SELL,CNC,LIMIT,DAY,1,2951.75,0.0,2026-09-24 11:11:05,COMPLETE,1,2951.75
ORD20001668,C100110,BHARTIARTL,NSE,BUY,MIS,LIMIT,DAY,52,1410.45,0.0,2026-09-24 11:11:28,COMPLETE,52,1410.45
ORD20000456,C100098,ITC,NSE,BUY,MIS,MARKET,DAY,30,0.0,0.0,2026-09-24 11:12:50,CANCELLED,0,0.0
ORD20004286,C100039,MARUTI,NSE,SELL,MIS,MARKET,DAY,5,0.0,0.0,2026-09-24 11:13:05,COMPLETE,5,12107.6
ORD20001440,C100157,TITAN,NSE,SELL,CNC,MARKET,DAY,2,0.0,0.0,2026-09-24 11:17:15,COMPLETE,2,3481.18
ORD20000989,C100000,HINDUNILVR,NSE,SELL,CNC,MARKET,DAY,2,0.0,0.0,2026-09-24 11:18:28,COMPLETE,2,2352.5
ORD20003901,C100115,TATAMOTORS,NSE,SELL,CNC,LIMIT,DAY,71,982.75,0.0,2026-09-24 11:19:17,COMPLETE,71,982.75
ORD20001446,C100001,HINDUNILVR,NSE,SELL,CNC,MARKET,DAY,1,0.0,0.0,2026-09-24 11:19:27,COMPLETE,1,2384.55
ORD20003871,C100106,HINDUNILVR,NSE,BUY,MIS,LIMIT,DAY,9,2290.7,0.0,2026-09-24 11:20:13,COMPLETE,9,2290.7
ORD20001264,C100193,HDFCBANK,NSE,BUY,MIS,LIMIT,DAY,30,1635.05,0.0,2026-09-24 11:24:10,COMPLETE,30,1635.05
ORD20001061,C100197,TATAMOTORS,NSE,BUY,MIS,LIMIT,DAY,6,898.95,0.0,2026-09-24 11:24:18,OPEN,0,0.0
ORD20004596,C100129,TATAMOTORS,NSE,BUY,MIS,SL,DAY,43,956.45,951.7,2026-09-24 11:24:59,COMPLETE,43,956.36
ORD20004962,C100111,RELIANCE,NSE,BUY,MIS,MARKET,DAY,49,0.0,0.0,2026-09-24 11:26:28,COMPLETE,49,2814.8
ORD20003139,C100029,TCS,NSE,BUY,MIS,MARKET,DAY,1,0.0,0.0,2026-09-24 11:27:09,COMPLETE,1,3838.5
ORD20002893,C100186,TCS,NSE,SELL,CNC,LIMIT,DAY,16,3777.05,0.0,2026-09-24 11:27:15,COMPLETE,16,3777.05
ORD20000355,C100039,TATAMOTORS,NSE,BUY,CNC,LIMIT,DAY,17,920.85,0.0,2026-09-24 11:27:21,COMPLETE,17,920.85
ORD20000504,C100011,RELIANCE,NSE,BUY,CNC,LIMIT,DAY,10,2885.9,0.0,2026-09-24 11:27:37,REJECTED,0,0.0
ORD20004589,C100164,ASIANPAINT,NSE,SELL,MIS,LIMIT,DAY,1,2963.25,0.0,2026-09-24 11:28:46,OPEN,0,0.0
ORD20001959,C100013,MARUTI,NSE,SELL,CNC,LIMIT,DAY,1,12536.05,0.0,2026-09-24 11:33:07,OPEN,0,0.0
ORD20000653,C100010,ICICIBANK,NSE,SELL,MIS,LIMIT,DAY,10,1233.1,0.0,2026-09-24 11:34:27,COMPLETE,10,1233.1
ORD20001578,C100058,INFY,NSE,SELL,CNC,LIMIT,DAY,5,1639.85,0.0,2026-09-24 11:37:07,REJECTED,0,0.0
ORD20003455,C100089,BHARTIARTL,NSE,BUY,CNC,MARKET,DAY,26,0.0,0.0,2026-09-24 11:40:42,COMPLETE,26,1340.02
ORD20003058,C100178,ICICIBANK,NSE,BUY,MIS,LIMIT,DAY,14,1184.5,0.0,2026-09-24 11:41:37,COMPLETE,14,1184.5
ORD20004756,C100033,ITC,NSE,BUY,CNC,LIMIT,DAY,13,424.45,0.0,2026-09-24 11:46:38,COMPLETE,13,424.45
ORD20002649,C100179,MARUTI,NSE,BUY,MIS,LIMIT,DAY,3,11825.95,0.0,2026-09-24 11:47:08,COMPLETE,3,11825.95
ORD20004025,C100099,HDFCBANK,NSE,BUY,CNC,LIMIT,DAY,81,1722.5,0.0,2026-09-24 11:48:40,COMPLETE,81,1722.5
ORD20002791,C100105,KOTAKBANK,NSE,BUY,CNC,SL,DAY,71,1742.7,1734.0,2026-09-24 11:50:33,COMPLETE,71,1742.65
ORD20002897,C100167,ICICIBANK,NSE,SELL,CNC,MARKET,DAY,54,0.0,0.0,2026-09-24 11:52:46,COMPLETE,54,1161.28
ORD20001306,C100150,TATAMOTORS,NSE,BUY,MIS,SL,DAY,7,957.75,953.0,2026-09-24 11:55:33,COMPLETE,7,957.92
ORD20000269,C100087,RELIANCE,NSE,BUY,MIS,MARKET,DAY,25,0.0,0.0,2026-09-24 11:55:36,COMPLETE,25,2661.15
ORD20001077,C100101,INFY,NSE,BUY,CNC,MARKET,DAY,4,0.0,0.0,2026-09-24 11:56:21,COMPLETE,4,1637.8
ORD20000486,C100125,SBIN,NSE,SELL,MIS,LIMIT,DAY,32,812.3,0.0,2026-09-24 11:56:57,COMPLETE,32,812.3
ORD20002824,C100113,RELIANCE,NSE,SELL,MIS,MARKET,DAY,18,0.0,0.0,2026-09-24 12:00:54,COMPLETE,18,2905.4
ORD20001476,C100080,INFY,BSE,BUY,MIS,SL,DAY,3,1585.85,1577.9,2026-09-24 12:01:48,COMPLETE,3,1585.68
ORD20002187,C100191,HDFCBANK,BSE,BUY,CNC,MARKET,DAY,2,0.0,0.0,2026-09-24 12:04:54,COMPLETE,2,1664.25
ORD20003479,C100022,AXISBANK,NSE,SELL,MIS,LIMIT,DAY,32,1123.15,0.0,2026-09-24 12:04:59,COMPLETE,32,1123.15
ORD20000667,C100187,ICICIBANK,NSE,SELL,CNC,LIMIT,DAY,5,1235.15,0.0,2026-09-24 12:06:07,COMPLETE,5,1235.15
ORD20002800,C100106,HDFCBANK,NSE,BUY,MIS,MARKET,DAY,3,0.0,0.0,2026-09-24 12:06:48,COMPLETE,3,1646.5
ORD20002736,C100160,TCS,NSE,BUY,CNC,LIMIT,DAY,5,3901.8,0.0,2026-09-24 12:09:34,COMPLETE,5,3901.8
ORD20003780,C100026,BHARTIARTL,NSE,SELL,MIS,LIMIT,DAY,47,1310.5,0.0,2026-09-24 12:11:49,COMPLETE,47,1310.5
ORD20000658,C100019,ASIANPAINT,NSE,BUY,CNC,LIMIT,DAY,19,2855.0,0.0,2026-09-24 12:11:51,COMPLETE,19,2855.0
ORD20002240,C100066,KOTAKBANK,NSE,SELL,MIS,LIMIT,DAY,16,1736.1,0.0,2026-09-24 12:12:17,COMPLETE,16,1736.1
ORD20000349,C100022,ONGC,NSE,SELL,MIS,MARKET,DAY,36,0.0,0.0,2026-09-24 12:13:21,COMPLETE,36,276.2
ORD20004185,C100015,ONGC,NSE,BUY,CNC,MARKET,DAY,50,0.0,0.0,2026-09-24 12:14:57,OPEN,0,0.0
ORD20001896,C100038,TATAMOTORS,NSE,BUY,CNC,LIMIT,DAY,37,917.75,0.0,2026-09-24 12:19:41,COMPLETE,37,917.75
ORD20001179,C100122,SBIN,NSE,SELL,CNC,LIMIT,DAY,72,832.6,0.0,2026-09-24 12:21:21,COMPLETE,72,832.6
ORD20000433,C100128,AXISBANK,NSE,SELL,MIS,LIMIT,DAY,52,1174.4,0.0,2026-09-24 12:22:29,COMPLETE,52,1174.4
ORD20001597,C100179,HDFCBANK,NSE,SELL,MIS,LIMIT,DAY,5,1643.25,0.0,2026-09-24 12:24:46,COMPLETE,5,1643.25
ORD20004116,C100170,BHARTIARTL,BSE,SELL,MIS,MARKET,DAY,3,0.0,0.0,2026-09-24 12:25:08,REJECTED,0,0.0
ORD20004900,C100001,HDFCBANK,NSE,BUY,MIS,MARKET,DAY,3,0.0,0.0,2026-09-24 12:27:42,COMPLETE,3,1735.33
ORD20004999,C100128,BHARTIARTL,NSE,BUY,MIS,LIMIT,DAY,93,1379.95,0.0,2026-09-24 12:28:35,COMPLETE,93,1379.95
ORD20002425,C100057,RELIANCE,NSE,BUY,MIS,LIMIT,DAY,1,2757.2,0.0,2026-09-24 12:28:36,COMPLETE,1,2757.2
ORD20000044,C100116,TITAN,NSE,SELL,MIS,LIMIT,DAY,17,3374.25,0.0,2026-09-24 12:30:18,REJECTED,0,0.0
ORD20003564,C100012,TCS,NSE,BUY,CNC,LIMIT,DAY,1,4039.05,0.0,2026-09-24 12:31:30,COMPLETE,1,4039.05
ORD20001645,C100175,HDFCBANK,NSE,SELL,MIS,MARKET,DAY,32,0.0,0.0,2026-09-24 12:31:33,COMPLETE,32,1620.1
ORD20002943,C100007,ITC,NSE,SELL,CNC,LIMIT,DAY,303,480.4,0.0,2026-09-24 12:31:38,CANCELLED,0,0.0
ORD20004690,C100074,HDFCBANK,NSE,BUY,MIS,LIMIT,DAY,18,1699.4,0.0,2026-09-24 12:32:10,PARTIAL,13,1699.4
ORD20002769,C100156,HINDUNILVR,NSE,BUY,MIS,LIMIT,DAY,17,2359.15,0.0,2026-09-24 12:32:41,COMPLETE,17,2359.15
ORD20002428,C100198,ITC,NSE,SELL,MIS,LIMIT,DAY,55,429.7,0.0,2026-09-24 12:34:40,COMPLETE,55,429.7
ORD20004283,C100112,ICICIBANK,NSE,BUY,MIS,LIMIT,DAY,97,1205.7,0.0,2026-09-24 12:35:30,COMPLETE,97,1205.7
ORD20001546,C100014,ITC,NSE,SELL,MIS,LIMIT,DAY,121,446.75,0.0,2026-09-24 12:35:45,PARTIAL,96,446.75
ORD20002887,C100138,KOTAKBANK,NSE,SELL,MIS,MARKET,DAY,7,0.0,0.0,2026-09-24 12:43:36,CANCELLED,0,0.0
ORD20001130,C100076,HINDUNILVR,BSE,BUY,CNC,SL,DAY,61,2328.4,2316.75,2026-09-24 12:50:20,COMPLETE,61,2331.15
ORD20000105,C100166,BHARTIARTL,NSE,BUY,MIS,LIMIT,DAY,2,1420.05,0.0,2026-09-24 12:51:44,COMPLETE,2,1420.05
ORD20004621,C100061,SBIN,NSE,BUY,CNC,LIMIT,DAY,14,768.9,0.0,2026-09-24 12:52:28,CANCELLED,0,0.0
ORD20000780,C100071,MARUTI,BSE,SELL,CNC,MARKET,DAY,4,0.0,0.0,2026-09-24 12:53:09,COMPLETE,4,12493.1
ORD20000080,C100040,ICICIBANK,NSE,BUY,CNC,LIMIT,DAY,20,1142.2,0.0,2026-09-24 12:54:57,COMPLETE,20,1142.2
ORD20000179,C100122,HDFCBANK,BSE,BUY,MIS,MARKET,DAY,45,0.0,0.0,2026-09-24 12:55:09,COMPLETE,45,1552.35
ORD20002209,C100009,ITC,NSE,BUY,MIS,LIMIT,DAY,16,437.2,0.0,2026-09-24 12:55:49,COMPLETE,16,437.2
ORD20002459,C100111,ITC,BSE,SELL,MIS,MARKET,DAY,10,0.0,0.0,2026-09-24 12:56:37,COMPLETE,10,453.96
ORD20001551,C100007,ITC,NSE,SELL,CNC,LIMIT,DAY,50,450.2,0.0,2026-09-24 12:58:52,COMPLETE,50,450.2
ORD20003397,C100075,SBIN,NSE,BUY,MIS,LIMIT,DAY,4,791.85,0.0,2026-09-24 12:59:42,COMPLETE,4,791.85
ORD20001948,C100054,RELIANCE,BSE,SELL,CNC,LIMIT,DAY,27,2977.55,0.0,2026-09-24 13:01:26,PARTIAL,6,2977.55
ORD20003398,C100047,KOTAKBANK,NSE,BUY,MIS,LIMIT,DAY,38,1728.6,0.0,2026-09-24 13:03:12,COMPLETE,38,1728.6
ORD20003598,C100119,TATAMOTORS,NSE,BUY,MIS,LIMIT,DAY,11,939.95,0.0,2026-09-24 13:04:57,COMPLETE,11,939.95
ORD20003964,C100110,RELIANCE,BSE,BUY,CNC,LIMIT,DAY,13,2988.7,0.0,2026-09-24 13:06:33,REJECTED,0,0.0
ORD20000782,C100107,BHARTIARTL,NSE,SELL,MIS,MARKET,DAY,23,0.0,0.0,2026-09-24 13:07:07,COMPLETE,23,1353.02
ORD20003979,C100054,KOTAKBANK,NSE,BUY,CNC,SL,DAY,7,1893.65,1884.15,2026-09-24 13:07:19,COMPLETE,7,1894.91
ORD20001160,C100184,RELIANCE,NSE,BUY,MIS,LIMIT,DAY,4,2696.95,0.0,2026-09-24 13:08:26,COMPLETE,4,2696.95
ORD20002507,C100182,NTPC,BSE,BUY,MIS,MARKET,DAY,156,0.0,0.0,2026-09-24 13:10:28,PARTIAL,35,365.4
ORD20001572,C100065,ONGC,NSE,BUY,MIS,LIMIT,DAY,55,268.85,0.0,2026-09-24 13:10:52,COMPLETE,55,268.85
ORD20004653,C100075,ITC,NSE,SELL,MIS,LIMIT,DAY,14,443.35,0.0,2026-09-24 13:11:48,COMPLETE,14,443.35
ORD20002779,C100059,HINDUNILVR,NSE,BUY,MIS,SL,DAY,19,2464.2,2451.85,2026-09-24 13:12:04,COMPLETE,19,2464.48
ORD20001690,C100060,ITC,NSE,BUY,MIS,MARKET,DAY,8,0.0,0.0,2026-09-24 13:16:16,COMPLETE,8,446.79
ORD20004874,C100020,HDFCBANK,NSE,BUY,MIS,MARKET,DAY,11,0.0,0.0,2026-09-24 13:25:11,REJECTED,0,0.0
ORD20000622,C100055,HDFCBANK,BSE,SELL,MIS,MARKET,DAY,31,0.0,0.0,2026-09-24 13:26:02,CANCELLED,0,0.0
ORD20002531,C100046,NTPC,BSE,SELL,MIS,SL,DAY,17,380.55,382.45,2026-09-24 13:26:31,PARTIAL,10,380.3
ORD20000673,C100175,HINDUNILVR,BSE,SELL,MIS,LIMIT,DAY,33,2267.4,0.0,2026-09-24 13:29:54,COMPLETE,33,2267.4
ORD20000514,C100195,TATAMOTORS,BSE,BUY,MIS,SL,DAY,11,924.3,919.65,2026-09-24 13:38:49,COMPLETE,11,924.41
ORD20002145,C100097,ICICIBANK,BSE,SELL,MIS,SL,DAY,4,1140.5,1146.2,2026-09-24 13:39:11,COMPLETE,4,1141.15
ORD20004641,C100178,KOTAKBANK,NSE,SELL,MIS,MARKET,DAY,69,0.0,0.0,2026-09-24 13:39:16,COMPLETE,69,1714.29
ORD20003621,C100070,TATAMOTORS,NSE,BUY,CNC,LIMIT,DAY,3,959.4,0.0,2026-09-24 13:40:24,COMPLETE,3,959.4
ORD20003542,C100119,BHARTIARTL,NSE,BUY,CNC,LIMIT,DAY,14,1406.05,0.0,2026-09-24 13:41:43,CANCELLED,0,0.0
ORD20001709,C100013,AXISBANK,NSE,BUY,MIS,MARKET,DAY,7,0.0,0.0,2026-09-24 13:44:48,COMPLETE,7,1138.42
ORD20001840,C100160,HDFCBANK,NSE,BUY,MIS,LIMIT,DAY,7,1651.8,0.0,2026-09-24 13:44:51,COMPLETE,7,1651.8
ORD20004175,C100164,NTPC,NSE,BUY,CNC,MARKET,DAY,393,0.0,0.0,2026-09-24 13:44:59,COMPLETE,393,378.28
ORD20001412,C100107,ONGC,NSE,BUY,MIS,LIMIT,DAY,26,276.65,0.0,2026-09-24 13:48:16,COMPLETE,26,276.65
ORD20002440,C100023,INFY,NSE,BUY,CNC,LIMIT,DAY,1,1572.15,0.0,2026-09-24 13:52:04,REJECTED,0,0.0
ORD20002669,C100094,HDFCBANK,BSE,BUY,MIS,LIMIT,DAY,53,1649.7,0.0,2026-09-24 13:52:47,COMPLETE,53,1649.7
ORD20003932,C100094,NTPC,NSE,SELL,MIS,LIMIT,DAY,119,383.75,0.0,2026-09-24 13:53:02,COMPLETE,119,383.75
ORD20003866,C100111,ICICIBANK,NSE,SELL,MIS,MARKET,DAY,103,0.0,0.0,2026-09-24 13:55:50,COMPLETE,103,1190.19
ORD20001962,C100149,ITC,NSE,SELL,MIS,LIMIT,DAY,51,448.05,0.0,2026-09-24 13:57:05,COMPLETE,51,448.05
ORD20002395,C100101,NTPC,NSE,BUY,MIS,LIMIT,DAY,96,358.9,0.0,2026-09-24 13:57:07,OPEN,0,0.0
ORD20003007,C100117,TCS,NSE,BUY,MIS,LIMIT,DAY,2,3696.95,0.0,2026-09-24 13:57:33,CANCELLED,0,0.0
ORD20002003,C100057,TATAMOTORS,NSE,BUY,CNC,LIMIT,DAY,36,937.7,0.0,2026-09-24 13:57:53,COMPLETE,36,937.7
ORD20000868,C100187,RELIANCE,NSE,BUY,MIS,LIMIT,DAY,5,2887.25,0.0,2026-09-24 14:00:38,COMPLETE,5,2887.25
ORD20003258,C100039,ICICIBANK,NSE,BUY,CNC,MARKET,DAY,17,0.0,0.0,2026-09-24 14:03:36,COMPLETE,17,1173.3
ORD20002181,C100117,TATAMOTORS,NSE,SELL,CNC,LIMIT,DAY,58,958.2,0.0,2026-09-24 14:03:48,COMPLETE,58,958.2
ORD20003681,C100098,HDFCBANK,NSE,BUY,MIS,LIMIT,DAY,3,1702.2,0.0,2026-09-24 14:04:04,COMPLETE,3,1702.2
ORD20000900,C100150,RELIANCE,NSE,SELL,MIS,LIMIT,DAY,21,2896.55,0.0,2026-09-24 14:04:27,COMPLETE,21,2896.55
ORD20000472,C100154,ASIANPAINT,NSE,SELL,MIS,LIMIT,DAY,46,2999.9,0.0,2026-09-24 14:06:07,COMPLETE,46,2999.9
ORD20001190,C100124,AXISBANK,NSE,BUY,CNC,LIMIT,DAY,21,1149.6,0.0,2026-09-24 14:07:11,COMPLETE,21,1149.6
ORD20004728,C100132,MARUTI,NSE,SELL,CNC,LIMIT,DAY,1,12191.75,0.0,2026-09-24 14:07:21,COMPLETE,1,12191.75
ORD20004335,C100055,KOTAKBANK,NSE,BUY,MIS,LIMIT,DAY,7,1866.7,0.0,2026-09-24 14:07:29,COMPLETE,7,1866.7
ORD20003161,C100032,ITC,BSE,SELL,MIS,MARKET,DAY,97,0.0,0.0,2026-09-24 14:07:48,COMPLETE,97,444.4
ORD20004860,C100080,HINDUNILVR,NSE,SELL,MIS,LIMIT,DAY,2,2329.7,0.0,2026-09-24 14:08:19,COMPLETE,2,2329.7
ORD20001647,C100054,ONGC,NSE,SELL,MIS,LIMIT,DAY,519,264.1,0.0,2026-09-24 14:08:22,COMPLETE,519,264.1
ORD20004261,C100110,ONGC,NSE,BUY,CNC,MARKET,DAY,44,0.0,0.0,2026-09-24 14:10:57,COMPLETE,44,280.92
ORD20003915,C100005,ASIANPAINT,NSE,SELL,CNC,SL,DAY,4,2802.55,2816.6,2026-09-24 14:13:10,CANCELLED,0,0.0
ORD20000527,C100055,ITC,NSE,SELL,CNC,LIMIT,DAY,71,449.6,0.0,2026-09-24 14:14:42,COMPLETE,71,449.6
ORD20000054,C100098,HINDUNILVR,NSE,BUY,CNC,SL,DAY,41,2508.75,2496.2,2026-09-24 14:18:14,COMPLETE,41,2509.1
ORD20003950,C100173,HDFCBANK,NSE,BUY,MIS,MARKET,DAY,33,0.0,0.0,2026-09-24 14:18:16,CANCELLED,0,0.0
ORD20003353,C100065,TCS,NSE,SELL,CNC,SL,DAY,28,4059.85,4080.15,2026-09-24 14:24:49,COMPLETE,28,4063.01
ORD20002715,C100174,HDFCBANK,BSE,SELL,MIS,LIMIT,DAY,3,1628.25,0.0,2026-09-24 14:26:38,COMPLETE,3,1628.25
ORD20000964,C100199,INFY,NSE,BUY,MIS,LIMIT,DAY,5,1567.7,0.0,2026-09-24 14:28:47,COMPLETE,5,1567.7
ORD20001587,C100106,MARUTI,NSE,SELL,MIS,LIMIT,DAY,10,11480.4,0.0,2026-09-24 14:28:51,COMPLETE,10,11480.4
ORD20000200,C100071,BHARTIARTL,NSE,SELL,CNC,LIMIT,DAY,33,1374.55,0.0,2026-09-24 14:29:16,REJECTED,0,0.0
ORD20001794,C100173,HINDUNILVR,BSE,SELL,MIS,LIMIT,DAY,45,2382.4,0.0,2026-09-24 14:33:01,COMPLETE,45,2382.4
ORD20004640,C100095,RELIANCE,NSE,BUY,CNC,LIMIT,DAY,1,2785.3,0.0,2026-09-24 14:33:47,COMPLETE,1,2785.3
ORD20000081,C100106,TATAMOTORS,NSE,SELL,MIS,LIMIT,DAY,89,972.85,0.0,2026-09-24 14:38:31,COMPLETE,89,972.85
ORD20003063,C100049,RELIANCE,NSE,BUY,MIS,LIMIT,DAY,9,2840.5,0.0,2026-09-24 14:38:48,COMPLETE,9,2840.5
ORD20002273,C100074,RELIANCE,NSE,BUY,MIS,LIMIT,DAY,5,2765.65,0.0,2026-09-24 14:39:55,COMPLETE,5,2765.65
ORD20002706,C100035,ONGC,NSE,BUY,MIS,LIMIT,DAY,18,279.3,0.0,2026-09-24 14:40:17,COMPLETE,18,279.3
ORD20004345,C100183,INFY,NSE,SELL,CNC,MARKET,DAY,3,0.0,0.0,2026-09-24 14:40:30,COMPLETE,3,1569.8
ORD20001883,C100140,TATAMOTORS,BSE,BUY,CNC,MARKET,DAY,21,0.0,0.0,2026-09-24 14:40:58,COMPLETE,21,950.49
ORD20002740,C100060,ONGC,NSE,BUY,CNC,MARKET,DAY,269,0.0,0.0,2026-09-24 14:41:36,COMPLETE,269,274.9
ORD20000755,C100165,HDFCBANK,NSE,BUY,MIS,LIMIT,DAY,48,1692.0,0.0,2026-09-24 14:41:46,COMPLETE,48,1692.0
ORD20002382,C100105,ITC,NSE,BUY,CNC,LIMIT,DAY,78,448.15,0.0,2026-09-24 14:46:53,COMPLETE,78,448.15
ORD20003602,C100014,AXISBANK,NSE,SELL,MIS,MARKET,DAY,4,0.0,0.0,2026-09-24 14:46:59,COMPLETE,4,1067.58
ORD20001284,C100117,ITC,NSE,SELL,MIS,MARKET,DAY,20,0.0,0.0,2026-09-24 14:47:50,COMPLETE,20,448.98
ORD20000196,C100008,INFY,NSE,SELL,MIS,LIMIT,DAY,7,1631.85,0.0,2026-09-24 14:50:48,CANCELLED,0,0.0
ORD20002378,C100123,ITC,NSE,BUY,MIS,LIMIT,DAY,194,425.55,0.0,2026-09-24 14:53:16,COMPLETE,194,425.55
ORD20000802,C100068,HINDUNILVR,NSE,BUY,MIS,LIMIT,DAY,26,2402.55,0.0,2026-09-24 14:53:34,COMPLETE,26,2402.55
ORD20003608,C100006,HINDUNILVR,NSE,BUY,MIS,LIMIT,DAY,2,2330.9,0.0,2026-09-24 14:53:43,COMPLETE,2,2330.9
ORD20001505,C100180,ONGC,NSE,BUY,CNC,SL,DAY,333,266.05,264.75,2026-09-24 14:54:51,COMPLETE,333,266.05
ORD20003799,C100112,TATAMOTORS,NSE,SELL,MIS,LIMIT,DAY,72,980.65,0.0,2026-09-24 14:55:40,COMPLETE,72,980.65
ORD20004017,C100006,ONGC,NSE,SELL,MIS,MARKET,DAY,137,0.0,0.0,2026-09-24 14:59:49,COMPLETE,137,277.37
ORD20004980,C100156,MARUTI,NSE,SELL,MIS,SL,DAY,5,11716.9,11775.5,2026-09-24 15:00:26,COMPLETE,5,11712.55
ORD20004026,C100059,MARUTI,NSE,SELL,CNC,SL,DAY,1,11823.55,11882.7,2026-09-24 15:01:54,COMPLETE,1,11839.2
ORD20001858,C100185,RELIANCE,NSE,SELL,CNC,LIMIT,DAY,9,2945.5,0.0,2026-09-24 15:03:32,REJECTED,0,0.0
ORD20003718,C100061,TATAMOTORS,NSE,BUY,CNC,MARKET,DAY,13,0.0,0.0,2026-09-24 15:06:50,COMPLETE,13,976.58
ORD20001827,C100104,RELIANCE,NSE,BUY,MIS,LIMIT,DAY,21,2737.8,0.0,2026-09-24 15:07:39,COMPLETE,21,2737.8
ORD20001678,C100099,ITC,NSE,BUY,CNC,MARKET,DAY,151,0.0,0.0,2026-09-24 15:07:45,OPEN,0,0.0
ORD20004542,C100003,HDFCBANK,NSE,SELL,CNC,MARKET,DAY,3,0.0,0.0,2026-09-24 15:09:48,COMPLETE,3,1629.73
ORD20003506,C100180,HINDUNILVR,BSE,BUY,CNC,SL,DAY,15,2460.65,2448.35,2026-09-24 15:11:48,COMPLETE,15,2461.38
ORD20001223,C100194,ITC,BSE,SELL,CNC,LIMIT,DAY,28,465.95,0.0,2026-09-24 15:12:12,COMPLETE,28,465.95
ORD20004394,C100046,TATAMOTORS,NSE,SELL,CNC,LIMIT,DAY,32,983.4,0.0,2026-09-24 15:13:24,COMPLETE,32,983.4
ORD20000955,C100123,ITC,NSE,BUY,MIS,LIMIT,DAY,63,457.05,0.0,2026-09-24 15:14:11,COMPLETE,63,457.05
ORD20001073,C100109,RELIANCE,NSE,BUY,CNC,LIMIT,DAY,26,2876.15,0.0,2026-09-24 15:15:58,COMPLETE,26,2876.15
ORD20001257,C100062,SBIN,NSE,BUY,MIS,LIMIT,DAY,37,813.05,0.0,2026-09-24 15:16:15,COMPLETE,37,813.05
ORD20001052,C100075,NTPC,NSE,BUY,CNC,LIMIT,DAY,18,365.55,0.0,2026-09-24 15:17:30,COMPLETE,18,365.55
ORD20000465,C100021,ICICIBANK,BSE,SELL,MIS,SL,DAY,30,1152.95,1158.7,2026-09-24 15:19:41,COMPLETE,30,1154.12
ORD20004921,C100062,NTPC,NSE,BUY,MIS,LIMIT,DAY,229,374.3,0.0,2026-09-24 15:20:03,COMPLETE,229,374.3
ORD20000918,C100031,ITC,NSE,BUY,CNC,MARKET,DAY,48,0.0,0.0,2026-09-24 15:21:28,REJECTED,0,0.0
ORD20001028,C100161,ITC,NSE,SELL,MIS,MARKET,DAY,264,0.0,0.0,2026-09-24 15:22:04,COMPLETE,264,459.8
ORD20001399,C100157,HINDUNILVR,NSE,SELL,MIS,LIMIT,DAY,24,2370.3,0.0,2026-09-24 15:22:19,COMPLETE,24,2370.3
ORD20004324,C100193,NTPC,NSE,SELL,MIS,LIMIT,DAY,7,357.25,0.0,2026-09-24 15:22:52,REJECTED,0,0.0
ORD20004814,C100115,HDFCBANK,BSE,SELL,CNC,LIMIT,DAY,3,1637.5,0.0,2026-09-24 15:23:03,COMPLETE,3,1637.5
ORD20004602,C100131,SBIN,NSE,SELL,MIS,MARKET,DAY,137,0.0,0.0,2026-09-24 15:23:04,COMPLETE,137,777.75
ORD20004004,C100139,ITC,NSE,SELL,CNC,LIMIT,DAY,240,448.2,0.0,2026-09-24 15:24:23,COMPLETE,240,448.2
ORD20002933,C100036,INFY,NSE,SELL,MIS,MARKET,DAY,3,0.0,0.0,2026-09-25 09:15:10,PARTIAL,1,1670.85
ORD20000639,C100127,MARUTI,NSE,SELL,MIS,LIMIT,DAY,2,11945.85,0.0,2026-09-25 09:15:18,COMPLETE,2,11945.85
ORD20004181,C100196,INFY,NSE,SELL,CNC,MARKET,DAY,4,0.0,0.0,2026-09-25 09:16:03,COMPLETE,4,1537.5
ORD20000979,C100192,HINDUNILVR,NSE,SELL,MIS,MARKET,DAY,2,0.0,0.0,2026-09-25 09:16:36,COMPLETE,2,2369.07
ORD20000767,C100011,TCS,NSE,SELL,MIS,MARKET,DAY,1,0.0,0.0,2026-09-25 09:17:00,COMPLETE,1,4063.8
ORD20004734,C100176,ASIANPAINT,NSE,SELL,MIS,LIMIT,DAY,16,2765.4,0.0,2026-09-25 09:20:20,PARTIAL,12,2765.4
ORD20003243,C100118,ONGC,NSE,BUY,MIS,LIMIT,DAY,359,266.65,0.0,2026-09-25 09:21:16,COMPLETE,359,266.65
ORD20002672,C100138,HDFCBANK,NSE,BUY,MIS,SL,DAY,4,1612.45,1604.4,2026-09-25 09:22:18,COMPLETE,4,1611.31
ORD20004248,C100014,ICICIBANK,NSE,SELL,CNC,LIMIT,DAY,4,1238.45,0.0,2026-09-25 09:23:37,COMPLETE,4,1238.45
ORD20002940,C100041,MARUTI,NSE,BUY,MIS,LIMIT,DAY,11,12042.55,0.0,2026-09-25 09:24:44,CANCELLED,0,0.0
ORD20004291,C100149,RELIANCE,NSE,BUY,CNC,LIMIT,DAY,12,2850.95,0.0,2026-09-25 09:29:18,COMPLETE,12,2850.95
ORD20000090,C100109,ITC,NSE,SELL,MIS,LIMIT,DAY,13,458.5,0.0,2026-09-25 09:30:45,COMPLETE,13,458.5
ORD20001115,C100010,HINDUNILVR,NSE,BUY,MIS,LIMIT,DAY,2,2474.55,0.0,2026-09-25 09:33:15,COMPLETE,2,2474.55
ORD20000394,C100041,INFY,NSE,SELL,CNC,LIMIT,DAY,4,1566.75,0.0,2026-09-25 09:34:46,COMPLETE,4,1566.75
ORD20004959,C100125,HINDUNILVR,NSE,BUY,MIS,MARKET,DAY,2,0.0,0.0,2026-09-25 09:35:32,COMPLETE,2,2440.95
ORD20003159,C100001,TATAMOTORS,NSE,BUY,MIS,LIMIT,DAY,38,957.2,0.0,2026-09-25 09:36:16,COMPLETE,38,957.2
ORD20002290,C100160,ONGC,NSE,BUY,MIS,LIMIT,DAY,50,264.65,0.0,2026-09-25 09:37:08,COMPLETE,50,264.65
ORD20000692,C100101,ITC,NSE,SELL,CNC,LIMIT,DAY,312,462.55,0.0,2026-09-25 09:37:21,COMPLETE,312,462.55
ORD20002737,C100194,TCS,NSE,BUY,MIS,LIMIT,DAY,4,3662.85,0.0,2026-09-25 09:37:57,COMPLETE,4,3662.85
ORD20003302,C100182,SBIN,NSE,SELL,CNC,SL,DAY,165,804.55,808.55,2026-09-25 09:38:07,COMPLETE,165,804.54
ORD20003360,C100118,ASIANPAINT,NSE,SELL,MIS,LIMIT,DAY,10,3018.5,0.0,2026-09-25 09:39:50,COMPLETE,10,3018.5
ORD20000282,C100048,WIPRO,NSE,SELL,MIS,LIMIT,DAY,255,466.85,0.0,2026-09-25 09:41:49,COMPLETE,255,466.85
ORD20001750,C100116,KOTAKBANK,NSE,SELL,MIS,LIMIT,DAY,2,1717.4,0.0,2026-09-25 09:44:18,COMPLETE,2,1717.4
ORD20003651,C100037,BHARTIARTL,NSE,BUY,CNC,LIMIT,DAY,8,1349.0,0.0,2026-09-25 09:45:12,CANCELLED,0,0.0
ORD20002086,C100059,TATAMOTORS,NSE,BUY,MIS,MARKET,DAY,9,0.0,0.0,2026-09-25 09:45:56,COMPLETE,9,943.4
ORD20001224,C100039,MARUTI,NSE,SELL,MIS,LIMIT,DAY,1,11646.1,0.0,2026-09-25 09:46:17,CANCELLED,0,0.0
ORD20002750,C100105,ITC,NSE,BUY,MIS,LIMIT,DAY,28,462.7,0.0,2026-09-25 09:49:45,COMPLETE,28,462.7
ORD20000286,C100122,RELIANCE,NSE,SELL,MIS,MARKET,DAY,1,0.0,0.0,2026-09-25 09:50:19,COMPLETE,1,2787.15
ORD20002934,C100180,INFY,NSE,SELL,MIS,LIMIT,DAY,37,1552.6,0.0,2026-09-25 09:50:34,COMPLETE,37,1552.6
ORD20000492,C100122,SBIN,NSE,BUY,CNC,LIMIT,DAY,82,843.4,0.0,2026-09-25 09:51:11,CANCELLED,0,0.0
ORD20001848,C100140,ITC,NSE,BUY,CNC,LIMIT,DAY,23,459.85,0.0,2026-09-25 09:54:16,REJECTED,0,0.0
ORD20004684,C100018,RELIANCE,NSE,BUY,CNC,MARKET,DAY,2,0.0,0.0,2026-09-25 09:54:59,COMPLETE,2,3176.55
ORD20002578,C100117,ICICIBANK,NSE,SELL,CNC,MARKET,DAY,98,0.0,0.0,2026-09-25 09:55:58,COMPLETE,98,1126.75
ORD20003244,C100022,ONGC,NSE,BUY,MIS,SL,DAY,82,272.4,271.05,2026-09-25 09:56:07,COMPLETE,82,272.35
ORD20000198,C100112,ITC,NSE,SELL,MIS,LIMIT,DAY,20,459.2,0.0,2026-09-25 09:57:06,COMPLETE,20,459.2
ORD20001884,C100061,MARUTI,NSE,BUY,MIS,MARKET,DAY,1,0.0,0.0,2026-09-25 09:57:32,COMPLETE,1,11891.75
ORD20004974,C100127,SBIN,NSE,SELL,CNC,MARKET,DAY,36,0.0,0.0,2026-09-25 09:58:57,COMPLETE,36,776.03
ORD20000097,C100187,BHARTIARTL,BSE,SELL,CNC,LIMIT,DAY,2,1390.25,0.0,2026-09-25 09:59:04,COMPLETE,2,1390.25
ORD20000261,C100021,HINDUNILVR,NSE,SELL,CNC,LIMIT,DAY,5,2599.0,0.0,2026-09-25 10:00:29,COMPLETE,5,2599.0
ORD20001985,C100085,HINDUNILVR,NSE,SELL,CNC,LIMIT,DAY,12,2417.3,0.0,2026-09-25 10:00:56,COMPLETE,12,2417.3
ORD20003218,C100018,HDFCBANK,NSE,SELL,MIS,LIMIT,DAY,2,1746.85,0.0,2026-09-25 10:03:48,COMPLETE,2,1746.85
ORD20001736,C100144,SBIN,NSE,SELL,MIS,SL,DAY,6,764.8,768.65,2026-09-25 10:06:49,COMPLETE,6,764.6
ORD20001634,C100170,HINDUNILVR,NSE,BUY,CNC,LIMIT,DAY,18,2452.75,0.0,2026-09-25 10:09:23,COMPLETE,18,2452.75
ORD20003591,C100011,BHARTIARTL,BSE,BUY,CNC,LIMIT,DAY,84,1326.35,0.0,2026-09-25 10:09:23,COMPLETE,84,1326.35
ORD20000205,C100039,HINDUNILVR,NSE,SELL,MIS,MARKET,DAY,55,0.0,0.0,2026-09-25 10:10:38,COMPLETE,55,2434.7
ORD20000446,C100071,TITAN,NSE,BUY,MIS,LIMIT,DAY,17,3246.0,0.0,2026-09-25 10:12:41,COMPLETE,17,3246.0
ORD20002780,C100039,ASIANPAINT,NSE,SELL,MIS,LIMIT,DAY,5,2755.55,0.0,2026-09-25 10:13:37,COMPLETE,5,2755.55
ORD20003310,C100026,WIPRO,NSE,SELL,MIS,LIMIT,DAY,23,473.15,0.0,2026-09-25 10:14:28,CANCELLED,0,0.0
ORD20001442,C100009,HDFCBANK,NSE,BUY,CNC,LIMIT,DAY,1,1675.2,0.0,2026-09-25 10:24:40,COMPLETE,1,1675.2
ORD20001091,C100037,HINDUNILVR,NSE,BUY,MIS,LIMIT,DAY,3,2405.8,0.0,2026-09-25 10:28:34,COMPLETE,3,2405.8
ORD20000678,C100009,BHARTIARTL,NSE,BUY,MIS,MARKET,DAY,8,0.0,0.0,2026-09-25 10:28:34,REJECTED,0,0.0
ORD20000756,C100189,ICICIBANK,NSE,SELL,MIS,LIMIT,DAY,63,1162.5,0.0,2026-09-25 10:30:12,OPEN,0,0.0
ORD20004806,C100022,ITC,NSE,BUY,MIS,LIMIT,DAY,335,435.55,0.0,2026-09-25 10:30:32,COMPLETE,335,435.55
ORD20002211,C100080,HINDUNILVR,NSE,SELL,CNC,MARKET,DAY,48,0.0,0.0,2026-09-25 10:31:49,PARTIAL,10,2414.45
ORD20004965,C100144,RELIANCE,NSE,BUY,MIS,LIMIT,DAY,21,3038.1,0.0,2026-09-25 10:32:04,COMPLETE,21,3038.1
ORD20002068,C100161,TCS,NSE,SELL,MIS,LIMIT,DAY,6,3929.4,0.0,2026-09-25 10:32:13,COMPLETE,6,3929.4
ORD20004782,C100132,ICICIBANK,NSE,BUY,MIS,LIMIT,DAY,4,1222.2,0.0,2026-09-25 10:33:25,COMPLETE,4,1222.2
ORD20001396,C100180,ITC,NSE,SELL,CNC,LIMIT,DAY,8,442.15,0.0,2026-09-25 10:34:35,COMPLETE,8,442.15
ORD20000510,C100147,MARUTI,NSE,SELL,CNC,LIMIT,DAY,1,11867.3,0.0,2026-09-25 10:35:56,PARTIAL,1,11867.3
ORD20004830,C100056,TITAN,NSE,BUY,CNC,LIMIT,DAY,40,3301.1,0.0,2026-09-25 10:36:46,COMPLETE,40,3301.1
ORD20003560,C100160,ICICIBANK,NSE,BUY,CNC,LIMIT,DAY,42,1228.3,0.0,2026-09-25 10:36:51,PARTIAL,22,1228.3
ORD20003561,C100066,ITC,NSE,BUY,CNC,LIMIT,DAY,187,455.4,0.0,2026-09-25 10:39:06,COMPLETE,187,455.4
ORD20000300,C100143,AXISBANK,NSE,SELL,MIS,LIMIT,DAY,41,1105.05,0.0,2026-09-25 10:39:09,COMPLETE,41,1105.05
ORD20000793,C100106,AXISBANK,NSE,SELL,CNC,MARKET,DAY,49,0.0,0.0,2026-09-25 10:39:28,COMPLETE,49,1241.02
ORD20004183,C100049,ITC,NSE,SELL,MIS,LIMIT,DAY,75,446.15,0.0,2026-09-25 10:43:54,REJECTED,0,0.0
ORD20002386,C100181,ITC,NSE,BUY,MIS,MARKET,DAY,326,0.0,0.0,2026-09-25 10:46:51,COMPLETE,326,444.45
ORD20002985,C100136,SBIN,NSE,BUY,MIS,SL,DAY,67,830.8,826.65,2026-09-25 10:48:19,COMPLETE,67,830.0
ORD20003738,C100034,HINDUNILVR,NSE,BUY,MIS,SL,DAY,2,2320.25,2308.65,2026-09-25 10:50:04,COMPLETE,2,2322.15
ORD20002709,C100163,HINDUNILVR,NSE,SELL,CNC,LIMIT,DAY,4,2410.45,0.0,2026-09-25 10:50:33,COMPLETE,4,2410.45
ORD20003833,C100113,ITC,NSE,BUY,MIS,LIMIT,DAY,122,450.9,0.0,2026-09-25 10:51:33,COMPLETE,122,450.9
ORD20004769,C100192,ONGC,NSE,SELL,MIS,LIMIT,DAY,253,282.25,0.0,2026-09-25 10:53:54,CANCELLED,0,0.0
ORD20001926,C100018,ICICIBANK,NSE,BUY,MIS,SL,DAY,17,1199.35,1193.35,2026-09-25 10:54:57,COMPLETE,17,1199.2
ORD20000959,C100098,HINDUNILVR,NSE,SELL,CNC,LIMIT,DAY,11,2396.2,0.0,2026-09-25 10:55:04,COMPLETE,11,2396.2
ORD20001070,C100007,INFY,NSE,SELL,MIS,LIMIT,DAY,17,1593.55,0.0,2026-09-25 10:59:49,COMPLETE,17,1593.55
ORD20004968,C100057,RELIANCE,NSE,SELL,MIS,MARKET,DAY,1,0.0,0.0,2026-09-25 10:59:50,COMPLETE,1,2706.3
ORD20004572,C100182,BHARTIARTL,NSE,BUY,CNC,LIMIT,DAY,4,1438.7,0.0,2026-09-25 11:02:11,COMPLETE,4,1438.7
ORD20002198,C100099,ITC,BSE,SELL,MIS,MARKET,DAY,344,0.0,0.0,2026-09-25 11:03:09,CANCELLED,0,0.0
ORD20001208,C100087,HINDUNILVR,NSE,SELL,MIS,LIMIT,DAY,2,2333.85,0.0,2026-09-25 11:05:37,COMPLETE,2,2333.85
ORD20004322,C100122,INFY,NSE,BUY,MIS,LIMIT,DAY,40,1605.15,0.0,2026-09-25 11:06:09,COMPLETE,40,1605.15
ORD20003016,C100124,HINDUNILVR,NSE,BUY,MIS,SL,DAY,4,2316.6,2305.0,2026-09-25 11:07:15,COMPLETE,4,2317.72
ORD20000328,C100009,TCS,NSE,SELL,CNC,LIMIT,DAY,17,3839.6,0.0,2026-09-25 11:07:56,COMPLETE,17,3839.6
ORD20003256,C100051,HINDUNILVR,NSE,SELL,CNC,SL,DAY,4,2363.65,2375.45,2026-09-25 11:08:13,REJECTED,0,0.0
ORD20001640,C100194,ICICIBANK,NSE,SELL,MIS,MARKET,DAY,13,0.0,0.0,2026-09-25 11:09:13,COMPLETE,13,1201.35
ORD20000994,C100107,BHARTIARTL,NSE,SELL,CNC,MARKET,DAY,3,0.0,0.0,2026-09-25 11:10:30,COMPLETE,3,1439.35
ORD20001879,C100037,AXISBANK,NSE,BUY,MIS,LIMIT,DAY,23,1193.7,0.0,2026-09-25 11:10:59,COMPLETE,23,1193.7
ORD20001606,C100013,ITC,NSE,SELL,CNC,MARKET,DAY,26,0.0,0.0,2026-09-25 11:11:01,COMPLETE,26,450.12
ORD20000290,C100003,ITC,NSE,SELL,CNC,LIMIT,DAY,61,464.45,0.0,2026-09-25 11:15:10,COMPLETE,61,464.45
ORD20003826,C100055,MARUTI,NSE,BUY,MIS,LIMIT,DAY,2,11703.4,0.0,2026-09-25 11:15:47,COMPLETE,2,11703.4
ORD20001436,C100145,HDFCBANK,NSE,SELL,MIS,SL,DAY,18,1598.55,1606.5,2026-09-25 11:17:33,REJECTED,0,0.0
ORD20003170,C100082,ASIANPAINT,NSE,SELL,CNC,LIMIT,DAY,21,2874.25,0.0,2026-09-25 11:20:42,OPEN,0,0.0
ORD20004196,C100063,BHARTIARTL,NSE,SELL,MIS,LIMIT,DAY,3,1441.5,0.0,2026-09-25 11:22:18,COMPLETE,3,1441.5
ORD20002341,C100023,MARUTI,NSE,BUY,MIS,MARKET,DAY,1,0.0,0.0,2026-09-25 11:26:09,COMPLETE,1,12357.7
ORD20001741,C100174,NTPC,NSE,BUY,MIS,MARKET,DAY,19,0.0,0.0,2026-09-25 11:29:26,COMPLETE,19,360.11
ORD20001012,C100061,BHARTIARTL,NSE,SELL,MIS,SL,DAY,5,1371.95,1378.85,2026-09-25 11:31:38,COMPLETE,5,1372.05
ORD20003477,C100044,ICICIBANK,NSE,SELL,CNC,MARKET,DAY,3,0.0,0.0,2026-09-25 11:33:33,PARTIAL,2,1181.28
ORD20000872,C100140,KOTAKBANK,NSE,SELL,MIS,LIMIT,DAY,4,1737.85,0.0,2026-09-25 11:37:33,COMPLETE,4,1737.85
ORD20003003,C100049,BHARTIARTL,NSE,BUY,CNC,LIMIT,DAY,20,1425.5,0.0,2026-09-25 11:37:56,COMPLETE,20,1425.5
ORD20001569,C100067,RELIANCE,NSE,SELL,MIS,SL,DAY,12,2810.7,2824.75,2026-09-25 11:40:39,COMPLETE,12,2808.3
ORD20001641,C100078,ICICIBANK,NSE,BUY,MIS,MARKET,DAY,7,0.0,0.0,2026-09-25 11:40:46,COMPLETE,7,1194.5
ORD20002896,C100107,RELIANCE,NSE,SELL,MIS,SL,DAY,12,2896.4,2910.9,2026-09-25 11:42:15,COMPLETE,12,2896.8
ORD20002469,C100139,SBIN,NSE,SELL,CNC,MARKET,DAY,8,0.0,0.0,2026-09-25 11:43:28,COMPLETE,8,795.75
ORD20000280,C100146,TATAMOTORS,NSE,BUY,CNC,MARKET,DAY,71,0.0,0.0,2026-09-25 11:46:33,COMPLETE,71,976.31
ORD20000593,C100049,KOTAKBANK,NSE,SELL,CNC,SL,DAY,2,1754.55,1763.35,2026-09-25 11:46:59,COMPLETE,2,1754.85
ORD20002342,C100050,HDFCBANK,NSE,BUY,MIS,MARKET,DAY,7,0.0,0.0,2026-09-25 11:47:23,PARTIAL,3,1667.68
ORD20000714,C100001,RELIANCE,NSE,BUY,MIS,MARKET,DAY,24,0.0,0.0,2026-09-25 11:48:02,COMPLETE,24,2801.95
ORD20002141,C100083,ICICIBANK,NSE,BUY,MIS,LIMIT,DAY,10,1174.2,0.0,2026-09-25 11:50:13,COMPLETE,10,1174.2
ORD20000072,C100176,INFY,NSE,SELL,CNC,MARKET,DAY,16,0.0,0.0,2026-09-25 11:50:39,COMPLETE,16,1562.59
ORD20001503,C100042,AXISBANK,NSE,SELL,CNC,MARKET,DAY,67,0.0,0.0,2026-09-25 11:51:11,COMPLETE,67,1176.12
ORD20002980,C100109,ITC,NSE,SELL,MIS,LIMIT,DAY,17,447.75,0.0,2026-09-25 11:52:34,COMPLETE,17,447.75
ORD20003038,C100136,AXISBANK,NSE,BUY,CNC,MARKET,DAY,3,0.0,0.0,2026-09-25 11:53:02,COMPLETE,3,1177.05
ORD20003962,C100028,HINDUNILVR,NSE,BUY,MIS,LIMIT,DAY,31,2548.6,0.0,2026-09-25 11:54:50,COMPLETE,31,2548.6
ORD20003389,C100123,HINDUNILVR,BSE,SELL,MIS,MARKET,DAY,6,0.0,0.0,2026-09-25 11:57:38,REJECTED,0,0.0
ORD20000151,C100108,ICICIBANK,NSE,BUY,CNC,LIMIT,DAY,5,1237.25,0.0,2026-09-25 12:00:36,COMPLETE,5,1237.25
ORD20000422,C100172,NTPC,NSE,SELL,MIS,SL,DAY,135,373.6,375.5,2026-09-25 12:01:56,COMPLETE,135,373.54
ORD20000120,C100034,NTPC,NSE,SELL,CNC,LIMIT,DAY,45,348.05,0.0,2026-09-25 12:04:30,COMPLETE,45,348.05
ORD20003120,C100061,KOTAKBANK,NSE,BUY,MIS,LIMIT,DAY,58,1714.9,0.0,2026-09-25 12:04:33,COMPLETE,58,1714.9
ORD20000652,C100104,HINDUNILVR,NSE,BUY,CNC,LIMIT,DAY,61,2358.2,0.0,2026-09-25 12:07:19,COMPLETE,61,2358.2
ORD20002786,C100118,HDFCBANK,NSE,BUY,MIS,MARKET,DAY,6,0.0,0.0,2026-09-25 12:08:51,COMPLETE,6,1675.1
ORD20000633,C100079,MARUTI,BSE,SELL,CNC,LIMIT,DAY,1,12536.55,0.0,2026-09-25 12:13:05,REJECTED,0,0.0
ORD20004453,C100167,INFY,NSE,SELL,CNC,LIMIT,DAY,9,1632.3,0.0,2026-09-25 12:15:48,PARTIAL,2,1632.3
ORD20003478,C100044,AXISBANK,NSE,BUY,CNC,LIMIT,DAY,25,1127.6,0.0,2026-09-25 12:16:43,CANCELLED,0,0.0
ORD20000233,C100189,INFY,NSE,BUY,MIS,LIMIT,DAY,87,1653.0,0.0,2026-09-25 12:17:14,COMPLETE,87,1653.0
ORD20000449,C100016,AXISBANK,NSE,BUY,CNC,MARKET,DAY,57,0.0,0.0,2026-09-25 12:20:49,REJECTED,0,0.0
ORD20001124,C100103,ICICIBANK,NSE,SELL,CNC,MARKET,DAY,30,0.0,0.0,2026-09-25 12:23:40,REJECTED,0,0.0
ORD20002877,C100023,ITC,BSE,BUY,MIS,LIMIT,DAY,104,482.7,0.0,2026-09-25 12:24:21,COMPLETE,104,482.7
ORD20001632,C100195,NTPC,NSE,SELL,CNC,SL,DAY,15,361.8,363.6,2026-09-25 12:26:05,CANCELLED,0,0.0
ORD20004809,C100050,TATAMOTORS,NSE,SELL,MIS,LIMIT,DAY,114,961.45,0.0,2026-09-25 12:26:06,CANCELLED,0,0.0
ORD20004954,C100160,ITC,NSE,BUY,MIS,LIMIT,DAY,51,451.75,0.0,2026-09-25 12:28:59,COMPLETE,51,451.75
ORD20003498,C100033,ITC,NSE,SELL,MIS,LIMIT,DAY,128,441.3,0.0,2026-09-25 12:29:32,COMPLETE,128,441.3
ORD20001652,C100151,SBIN,NSE,BUY,MIS,MARKET,DAY,95,0.0,0.0,2026-09-25 12:30:43,COMPLETE,95,798.11
ORD20004424,C100056,TATAMOTORS,NSE,BUY,MIS,MARKET,DAY,5,0.0,0.0,2026-09-25 12:31:11,COMPLETE,5,955.23
ORD20003693,C100028,TCS,BSE,SELL,MIS,LIMIT,DAY,1,3682.9,0.0,2026-09-25 12:31:57,COMPLETE,1,3682.9
ORD20001022,C100031,MARUTI,NSE,BUY,CNC,LIMIT,DAY,3,11187.85,0.0,2026-09-25 12:32:24,COMPLETE,3,11187.85
ORD20001890,C100142,NTPC,NSE,BUY,CNC,MARKET,DAY,18,0.0,0.0,2026-09-25 12:32:48,COMPLETE,18,341.03
ORD20002881,C100127,BHARTIARTL,NSE,BUY,CNC,MARKET,DAY,5,0.0,0.0,2026-09-25 12:32:51,COMPLETE,5,1369.46
ORD20002445,C100120,TCS,BSE,BUY,MIS,MARKET,DAY,3,0.0,0.0,2026-09-25 12:39:17,COMPLETE,3,3897.33
ORD20001036,C100127,INFY,NSE,BUY,MIS,SL,DAY,18,1644.7,1636.5,2026-09-25 12:40:21,COMPLETE,18,1644.36
ORD20004173,C100184,HINDUNILVR,NSE,SELL,MIS,LIMIT,DAY,42,2355.1,0.0,2026-09-25 12:44:19,COMPLETE,42,2355.1
ORD20000968,C100081,ITC,NSE,SELL,MIS,SL,DAY,162,432.15,434.3,2026-09-25 12:46:16,CANCELLED,0,0.0
ORD20004168,C100135,TCS,NSE,SELL,MIS,MARKET,DAY,2,0.0,0.0,2026-09-25 12:48:39,COMPLETE,2,3957.62
ORD20002588,C100048,INFY,NSE,SELL,CNC,LIMIT,DAY,19,1673.75,0.0,2026-09-25 12:54:57,COMPLETE,19,1673.75
ORD20000168,C100022,HINDUNILVR,NSE,SELL,MIS,SL,DAY,2,2364.2,2376.05,2026-09-25 12:55:22,COMPLETE,2,2364.05
ORD20002829,C100173,HINDUNILVR,NSE,SELL,MIS,LIMIT,DAY,25,2426.95,0.0,2026-09-25 12:56:00,COMPLETE,25,2426.95
ORD20004088,C100193,HINDUNILVR,NSE,BUY,MIS,LIMIT,DAY,4,2370.85,0.0,2026-09-25 12:56:08,CANCELLED,0,0.0
ORD20004899,C100064,MARUTI,NSE,BUY,CNC,MARKET,DAY,1,0.0,0.0,2026-09-25 12:56:24,COMPLETE,1,12345.45
ORD20004477,C100153,ITC,NSE,BUY,MIS,LIMIT,DAY,322,459.95,0.0,2026-09-25 12:56:38,REJECTED,0,0.0
ORD20000591,C100184,ICICIBANK,NSE,SELL,MIS,MARKET,DAY,4,0.0,0.0,2026-09-25 12:58:28,COMPLETE,4,1203.79
ORD20000326,C100073,ITC,NSE,SELL,CNC,MARKET,DAY,29,0.0,0.0,2026-09-25 12:59:28,COMPLETE,29,461.27
ORD20004428,C100187,ITC,NSE,BUY,MIS,LIMIT,DAY,326,458.45,0.0,2026-09-25 13:00:21,COMPLETE,326,458.45
ORD20003045,C100082,HINDUNILVR,NSE,SELL,CNC,LIMIT,DAY,28,2424.25,0.0,2026-09-25 13:03:10,COMPLETE,28,2424.25
ORD20003909,C100151,HINDUNILVR,NSE,BUY,CNC,LIMIT,DAY,11,2363.95,0.0,2026-09-25 13:08:24,COMPLETE,11,2363.95
ORD20003515,C100033,HDFCBANK,NSE,SELL,MIS,LIMIT,DAY,2,1658.1,0.0,2026-09-25 13:09:06,COMPLETE,2,1658.1
ORD20004220,C100127,ITC,NSE,SELL,CNC,MARKET,DAY,183,0.0,0.0,2026-09-25 13:09:08,COMPLETE,183,444.61
ORD20001163,C100071,ITC,NSE,BUY,MIS,LIMIT,DAY,15,425.6,0.0,2026-09-25 13:09:11,COMPLETE,15,425.6
ORD20001829,C100181,SBIN,NSE,BUY,MIS,SL,DAY,30,838.85,834.65,2026-09-25 13:09:14,COMPLETE,30,838.9
ORD20000676,C100196,RELIANCE,NSE,BUY,CNC,LIMIT,DAY,9,3010.5,0.0,2026-09-25 13:09:48,COMPLETE,9,3010.5
ORD20001382,C100170,ITC,NSE,SELL,CNC,LIMIT,DAY,70,435.85,0.0,2026-09-25 13:10:34,COMPLETE,70,435.85
ORD20000940,C100166,TATAMOTORS,NSE,SELL,MIS,LIMIT,DAY,135,969.6,0.0,2026-09-25 13:11:54,COMPLETE,135,969.6
ORD20000831,C100194,HINDUNILVR,NSE,BUY,MIS,SL,DAY,54,2363.65,2351.85,2026-09-25 13:14:20,COMPLETE,54,2363.8
ORD20002840,C100122,MARUTI,NSE,BUY,MIS,LIMIT,DAY,3,12133.7,0.0,2026-09-25 13:19:26,COMPLETE,3,12133.7
ORD20002202,C100138,ITC,NSE,SELL,CNC,LIMIT,DAY,15,432.3,0.0,2026-09-25 13:21:37,COMPLETE,15,432.3
ORD20000537,C100050,ASIANPAINT,NSE,BUY,CNC,LIMIT,DAY,12,2795.8,0.0,2026-09-25 13:24:38,COMPLETE,12,2795.8
ORD20000777,C100189,ITC,NSE,BUY,CNC,LIMIT,DAY,44,440.55,0.0,2026-09-25 13:24:53,COMPLETE,44,440.55
ORD20002158,C100019,ITC,NSE,SELL,MIS,MARKET,DAY,158,0.0,0.0,2026-09-25 13:26:46,COMPLETE,158,445.64
ORD20003057,C100124,TATAMOTORS,BSE,BUY,CNC,LIMIT,DAY,12,962.2,0.0,2026-09-25 13:26:49,COMPLETE,12,962.2
ORD20000616,C100127,AXISBANK,NSE,SELL,CNC,LIMIT,DAY,23,1184.05,0.0,2026-09-25 13:28:40,COMPLETE,23,1184.05
ORD20004391,C100118,MARUTI,NSE,SELL,MIS,LIMIT,DAY,1,11986.75,0.0,2026-09-25 13:28:48,COMPLETE,1,11986.75
ORD20003831,C100061,INFY,NSE,BUY,CNC,LIMIT,DAY,2,1648.9,0.0,2026-09-25 13:30:15,COMPLETE,2,1648.9
ORD20002808,C100035,MARUTI,NSE,BUY,CNC,LIMIT,DAY,6,12562.8,0.0,2026-09-25 13:31:12,COMPLETE,6,12562.8
ORD20001512,C100110,TATAMOTORS,NSE,BUY,MIS,LIMIT,DAY,15,984.7,0.0,2026-09-25 13:32:56,COMPLETE,15,984.7
ORD20003497,C100174,TATAMOTORS,NSE,BUY,MIS,MARKET,DAY,47,0.0,0.0,2026-09-25 13:34:29,COMPLETE,47,935.1
ORD20003020,C100062,BHARTIARTL,NSE,BUY,MIS,LIMIT,DAY,17,1379.65,0.0,2026-09-25 13:35:08,COMPLETE,17,1379.65
ORD20000935,C100017,BHARTIARTL,NSE,BUY,MIS,SL,DAY,40,1447.45,1440.2,2026-09-25 13:35:45,CANCELLED,0,0.0
ORD20004320,C100077,HINDUNILVR,NSE,SELL,MIS,SL,DAY,24,2502.95,2515.5,2026-09-25 13:37:18,COMPLETE,24,2501.93
ORD20003593,C100155,ITC,NSE,SELL,MIS,LIMIT,DAY,190,448.0,0.0,2026-09-25 13:37:37,COMPLETE,190,448.0
ORD20003943,C100123,TCS,NSE,BUY,CNC,LIMIT,DAY,25,3894.45,0.0,2026-09-25 13:43:38,COMPLETE,25,3894.45
ORD20002312,C100149,INFY,NSE,BUY,MIS,LIMIT,DAY,2,1624.95,0.0,2026-09-25 13:45:32,COMPLETE,2,1624.95
ORD20001609,C100018,KOTAKBANK,NSE,SELL,MIS,MARKET,DAY,3,0.0,0.0,2026-09-25 13:46:44,COMPLETE,3,1751.45
ORD20003775,C100096,NTPC,NSE,BUY,MIS,MARKET,DAY,249,0.0,0.0,2026-09-25 13:47:07,COMPLETE,249,354.0
ORD20004033,C100135,BHARTIARTL,NSE,BUY,CNC,LIMIT,DAY,2,1398.4,0.0,2026-09-25 13:49:40,REJECTED,0,0.0
ORD20004854,C100058,HDFCBANK,NSE,BUY,MIS,LIMIT,DAY,3,1701.8,0.0,2026-09-25 13:51:07,COMPLETE,3,1701.8
ORD20003155,C100141,INFY,NSE,SELL,MIS,LIMIT,DAY,1,1614.0,0.0,2026-09-25 13:51:12,COMPLETE,1,1614.0
ORD20000408,C100143,ICICIBANK,NSE,SELL,MIS,LIMIT,DAY,15,1197.75,0.0,2026-09-25 13:53:40,COMPLETE,15,1197.75
ORD20003034,C100001,ASIANPAINT,NSE,SELL,CNC,LIMIT,DAY,11,3026.45,0.0,2026-09-25 13:53:43,COMPLETE,11,3026.45
ORD20000962,C100128,RELIANCE,NSE,SELL,MIS,MARKET,DAY,32,0.0,0.0,2026-09-25 13:55:33,COMPLETE,32,2973.6
ORD20000060,C100039,NTPC,NSE,SELL,MIS,MARKET,DAY,76,0.0,0.0,2026-09-25 13:55:48,COMPLETE,76,353.14
ORD20003655,C100120,ITC,NSE,SELL,CNC,LIMIT,DAY,279,470.9,0.0,2026-09-25 13:56:50,PARTIAL,130,470.9
ORD20002161,C100153,HDFCBANK,BSE,BUY,CNC,LIMIT,DAY,6,1615.7,0.0,2026-09-25 13:58:42,COMPLETE,6,1615.7
ORD20003294,C100041,BHARTIARTL,NSE,SELL,CNC,MARKET,DAY,15,0.0,0.0,2026-09-25 13:58:51,COMPLETE,15,1436.35
ORD20004189,C100065,ICICIBANK,NSE,SELL,CNC,MARKET,DAY,24,0.0,0.0,2026-09-25 14:00:18,COMPLETE,24,1223.75
ORD20003127,C100129,KOTAKBANK,NSE,SELL,MIS,LIMIT,DAY,36,1716.55,0.0,2026-09-25 14:01:08,COMPLETE,36,1716.55
ORD20002357,C100032,TITAN,NSE,BUY,CNC,LIMIT,DAY,19,3368.2,0.0,2026-09-25 14:01:59,COMPLETE,19,3368.2
ORD20001683,C100028,TATAMOTORS,NSE,SELL,CNC,MARKET,DAY,25,0.0,0.0,2026-09-25 14:04:21,COMPLETE,25,977.88
ORD20000966,C100024,ITC,NSE,SELL,MIS,MARKET,DAY,181,0.0,0.0,2026-09-25 14:09:48,COMPLETE,181,445.6
ORD20001622,C100147,AXISBANK,NSE,SELL,MIS,MARKET,DAY,89,0.0,0.0,2026-09-25 14:10:50,COMPLETE,89,1111.7
ORD20002517,C100082,ITC,NSE,SELL,MIS,LIMIT,DAY,281,464.15,0.0,2026-09-25 14:11:31,COMPLETE,281,464.15
ORD20003456,C100063,TATAMOTORS,NSE,BUY,MIS,LIMIT,DAY,16,954.85,0.0,2026-09-25 14:13:16,COMPLETE,16,954.85
ORD20000344,C100044,BHARTIARTL,NSE,BUY,CNC,SL,DAY,7,1446.5,1439.25,2026-09-25 14:13:57,COMPLETE,7,1445.93
ORD20000115,C100079,TATAMOTORS,NSE,BUY,MIS,LIMIT,DAY,3,935.8,0.0,2026-09-25 14:14:40,COMPLETE,3,935.8
ORD20004481,C100080,TATAMOTORS,BSE,BUY,MIS,LIMIT,DAY,29,906.4,0.0,2026-09-25 14:15:00,COMPLETE,29,906.4
ORD20001226,C100046,HINDUNILVR,NSE,BUY,MIS,SL,DAY,43,2352.3,2340.5,2026-09-25 14:15:00,COMPLETE,43,2352.88
ORD20002437,C100123,AXISBANK,NSE,BUY,CNC,MARKET,DAY,5,0.0,0.0,2026-09-25 14:16:41,COMPLETE,5,1173.2
ORD20001360,C100082,HDFCBANK,NSE,SELL,CNC,LIMIT,DAY,6,1639.95,0.0,2026-09-25 14:24:13,COMPLETE,6,1639.95
ORD20001228,C100038,HINDUNILVR,NSE,BUY,MIS,MARKET,DAY,17,0.0,0.0,2026-09-25 14:26:11,COMPLETE,17,2399.53
ORD20000483,C100053,KOTAKBANK,NSE,SELL,MIS,LIMIT,DAY,1,1720.4,0.0,2026-09-25 14:27:58,COMPLETE,1,1720.4
ORD20001067,C100159,HINDUNILVR,NSE,SELL,MIS,MARKET,DAY,9,0.0,0.0,2026-09-25 14:28:23,COMPLETE,9,2319.38
ORD20002730,C100062,MARUTI,NSE,SELL,CNC,MARKET,DAY,1,0.0,0.0,2026-09-25 14:29:45,COMPLETE,1,12472.65
ORD20004932,C100123,NTPC,NSE,SELL,MIS,LIMIT,DAY,107,364.0,0.0,2026-09-25 14:30:21,COMPLETE,107,364.0
ORD20002465,C100109,SBIN,NSE,BUY,MIS,LIMIT,DAY,65,807.75,0.0,2026-09-25 14:33:23,COMPLETE,65,807.75
ORD20000276,C100184,HINDUNILVR,NSE,SELL,CNC,LIMIT,DAY,4,2527.7,0.0,2026-09-25 14:33:39,CANCELLED,0,0.0
ORD20002743,C100027,HINDUNILVR,BSE,BUY,MIS,LIMIT,DAY,11,2473.6,0.0,2026-09-25 14:33:47,COMPLETE,11,2473.6
ORD20000147,C100159,WIPRO,NSE,BUY,MIS,LIMIT,DAY,6,483.6,0.0,2026-09-25 14:33:59,PARTIAL,4,483.6
ORD20004233,C100004,ITC,NSE,SELL,CNC,LIMIT,DAY,34,430.9,0.0,2026-09-25 14:35:09,COMPLETE,34,430.9
ORD20001292,C100128,TATAMOTORS,NSE,SELL,CNC,LIMIT,DAY,71,908.6,0.0,2026-09-25 14:38:07,COMPLETE,71,908.6
ORD20001598,C100033,BHARTIARTL,NSE,BUY,CNC,MARKET,DAY,17,0.0,0.0,2026-09-25 14:38:19,COMPLETE,17,1394.1
ORD20000597,C100150,HINDUNILVR,NSE,SELL,MIS,MARKET,DAY,1,0.0,0.0,2026-09-25 14:38:32,COMPLETE,1,2370.8
ORD20002329,C100188,ITC,NSE,BUY,CNC,LIMIT,DAY,99,451.5,0.0,2026-09-25 14:39:25,COMPLETE,99,451.5
ORD20000087,C100008,TATAMOTORS,NSE,SELL,MIS,LIMIT,DAY,83,952.45,0.0,2026-09-25 14:39:47,CANCELLED,0,0.0
ORD20000429,C100186,ITC,NSE,SELL,MIS,MARKET,DAY,6,0.0,0.0,2026-09-25 14:40:30,COMPLETE,6,459.38
ORD20004164,C100069,ITC,NSE,SELL,CNC,LIMIT,DAY,209,433.65,0.0,2026-09-25 14:41:55,CANCELLED,0,0.0
ORD20000221,C100172,LT,NSE,BUY,CNC,MARKET,DAY,11,0.0,0.0,2026-09-25 14:43:53,COMPLETE,11,3584.85
ORD20001482,C100092,HDFCBANK,NSE,SELL,CNC,LIMIT,DAY,5,1705.95,0.0,2026-09-25 14:44:22,COMPLETE,5,1705.95
ORD20002334,C100156,NTPC,NSE,SELL,MIS,LIMIT,DAY,16,348.9,0.0,2026-09-25 14:44:49,COMPLETE,16,348.9
ORD20004634,C100107,RELIANCE,NSE,SELL,MIS,SL,DAY,7,2911.15,2925.7,2026-09-25 14:46:14,COMPLETE,7,2910.05
ORD20000812,C100020,INFY,NSE,BUY,MIS,LIMIT,DAY,10,1591.1,0.0,2026-09-25 14:47:05,COMPLETE,10,1591.1
ORD20004364,C100159,INFY,NSE,SELL,MIS,LIMIT,DAY,4,1569.9,0.0,2026-09-25 14:47:51,CANCELLED,0,0.0
ORD20002227,C100107,BHARTIARTL,NSE,BUY,CNC,LIMIT,DAY,57,1409.95,0.0,2026-09-25 14:48:55,COMPLETE,57,1409.95
ORD20003973,C100101,HINDUNILVR,NSE,SELL,MIS,MARKET,DAY,39,0.0,0.0,2026-09-25 14:51:18,COMPLETE,39,2516.58
ORD20002446,C100064,ICICIBANK,NSE,BUY,MIS,LIMIT,DAY,45,1204.15,0.0,2026-09-25 14:52:36,COMPLETE,45,1204.15
ORD20001775,C100130,RELIANCE,NSE,BUY,CNC,SL,DAY,20,3107.9,3092.35,2026-09-25 14:54:22,PARTIAL,13,3105.4
ORD20003995,C100104,ONGC,NSE,BUY,MIS,LIMIT,DAY,287,262.55,0.0,2026-09-25 14:59:15,COMPLETE,287,262.55
ORD20000749,C100067,ITC,NSE,SELL,CNC,MARKET,DAY,109,0.0,0.0,2026-09-25 14:59:33,COMPLETE,109,469.4
ORD20000551,C100114,MARUTI,NSE,SELL,MIS,SL,DAY,2,12058.25,12118.55,2026-09-25 15:01:07,COMPLETE,2,12061.45
ORD20004940,C100175,TCS,NSE,BUY,MIS,LIMIT,DAY,1,3999.5,0.0,2026-09-25 15:01:43,COMPLETE,1,3999.5
ORD20003112,C100173,NTPC,NSE,SELL,MIS,LIMIT,DAY,154,366.7,0.0,2026-09-25 15:02:24,COMPLETE,154,366.7
ORD20001403,C100185,MARUTI,NSE,SELL,MIS,LIMIT,DAY,5,11715.6,0.0,2026-09-25 15:05:32,COMPLETE,5,11715.6
ORD20002238,C100110,HDFCBANK,NSE,BUY,MIS,MARKET,DAY,49,0.0,0.0,2026-09-25 15:07:56,COMPLETE,49,1670.8
ORD20000859,C100154,ITC,NSE,SELL,CNC,LIMIT,DAY,21,464.6,0.0,2026-09-25 15:08:19,COMPLETE,21,464.6
ORD20002231,C100020,HDFCBANK,NSE,BUY,CNC,LIMIT,DAY,4,1713.5,0.0,2026-09-25 15:09:34,COMPLETE,4,1713.5
ORD20000695,C100079,SBIN,NSE,SELL,MIS,LIMIT,DAY,50,819.9,0.0,2026-09-25 15:11:28,COMPLETE,50,819.9
ORD20004808,C100040,ICICIBANK,NSE,SELL,MIS,LIMIT,DAY,5,1180.0,0.0,2026-09-25 15:14:00,PARTIAL,3,1180.0
ORD20004595,C100106,RELIANCE,NSE,SELL,MIS,MARKET,DAY,1,0.0,0.0,2026-09-25 15:17:13,COMPLETE,1,2948.65
ORD20001046,C100144,INFY,NSE,SELL,MIS,MARKET,DAY,7,0.0,0.0,2026-09-25 15:17:44,COMPLETE,7,1551.79
ORD20001079,C100127,HDFCBANK,NSE,SELL,CNC,MARKET,DAY,1,0.0,0.0,2026-09-25 15:22:51,COMPLETE,1,1655.1
ORD20003195,C100002,ONGC,NSE,BUY,CNC,LIMIT,DAY,26,271.0,0.0,2026-09-28 09:17:53,PARTIAL,10,271.0
ORD20004861,C100136,ICICIBANK,NSE,BUY,MIS,LIMIT,DAY,44,1215.35,0.0,2026-09-28 09:20:49,COMPLETE,44,1215.35
ORD20004275,C100112,ICICIBANK,BSE,BUY,MIS,LIMIT,DAY,10,1217.65,0.0,2026-09-28 09:22:23,COMPLETE,10,1217.65
ORD20000883,C100030,ICICIBANK,NSE,SELL,MIS,MARKET,DAY,31,0.0,0.0,2026-09-28 09:23:29,COMPLETE,31,1198.48
ORD20000178,C100167,HINDUNILVR,NSE,SELL,CNC,SL,DAY,13,2409.1,2421.15,2026-09-28 09:23:43,COMPLETE,13,2407.65
ORD20000575,C100082,ASIANPAINT,NSE,SELL,MIS,MARKET,DAY,1,0.0,0.0,2026-09-28 09:24:12,COMPLETE,1,2782.2
ORD20000939,C100088,WIPRO,NSE,SELL,CNC,MARKET,DAY,56,0.0,0.0,2026-09-28 09:27:38,COMPLETE,56,490.65
ORD20002848,C100101,ITC,NSE,BUY,MIS,LIMIT,DAY,124,431.45,0.0,2026-09-28 09:27:41,COMPLETE,124,431.45
ORD20002806,C100094,TATAMOTORS,NSE,SELL,MIS,LIMIT,DAY,5,961.35,0.0,2026-09-28 09:28:54,COMPLETE,5,961.35
ORD20003169,C100136,TCS,NSE,BUY,MIS,MARKET,DAY,13,0.0,0.0,2026-09-28 09:29:26,COMPLETE,13,3956.9
ORD20002288,C100167,HINDUNILVR,NSE,BUY,CNC,MARKET,DAY,16,0.0,0.0,2026-09-28 09:30:23,COMPLETE,16,2449.3
ORD20002471,C100171,HDFCBANK,NSE,SELL,MIS,MARKET,DAY,6,0.0,0.0,2026-09-28 09:32:46,COMPLETE,6,1692.98
ORD20001278,C100131,MARUTI,NSE,BUY,CNC,MARKET,DAY,2,0.0,0.0,2026-09-28 09:34:42,COMPLETE,2,12995.25
ORD20001581,C100198,ASIANPAINT,NSE,BUY,MIS,LIMIT,DAY,23,2728.0,0.0,2026-09-28 09:35:21,CANCELLED,0,0.0
ORD20004022,C100004,ONGC,NSE,SELL,MIS,MARKET,DAY,161,0.0,0.0,2026-09-28 09:35:42,COMPLETE,161,267.75
ORD20003021,C100163,ICICIBANK,NSE,BUY,MIS,LIMIT,DAY,3,1201.9,0.0,2026-09-28 09:37:14,COMPLETE,3,1201.9
ORD20004671,C100114,TCS,NSE,BUY,MIS,LIMIT,DAY,8,3786.75,0.0,2026-09-28 09:37:17,COMPLETE,8,3786.75
ORD20003900,C100145,RELIANCE,NSE,BUY,CNC,MARKET,DAY,5,0.0,0.0,2026-09-28 09:38:31,COMPLETE,5,2814.86
ORD20000083,C100198,KOTAKBANK,NSE,BUY,MIS,LIMIT,DAY,3,1803.95,0.0,2026-09-28 09:40:48,COMPLETE,3,1803.95
ORD20004877,C100016,AXISBANK,NSE,BUY,MIS,LIMIT,DAY,4,1118.45,0.0,2026-09-28 09:49:30,COMPLETE,4,1118.45
ORD20000671,C100088,BHARTIARTL,NSE,SELL,CNC,LIMIT,DAY,2,1425.6,0.0,2026-09-28 09:49:39,COMPLETE,2,1425.6
ORD20002681,C100030,HINDUNILVR,NSE,BUY,CNC,LIMIT,DAY,48,2492.05,0.0,2026-09-28 09:50:02,REJECTED,0,0.0
ORD20002611,C100159,HINDUNILVR,NSE,BUY,MIS,MARKET,DAY,5,0.0,0.0,2026-09-28 09:53:19,COMPLETE,5,2499.2
ORD20003044,C100082,ITC,BSE,SELL,CNC,LIMIT,DAY,128,435.4,0.0,2026-09-28 09:54:06,COMPLETE,128,435.4
ORD20003999,C100164,HINDUNILVR,NSE,BUY,CNC,LIMIT,DAY,26,2378.85,0.0,2026-09-28 09:54:13,COMPLETE,26,2378.85
ORD20004194,C100118,ITC,BSE,SELL,CNC,LIMIT,DAY,23,438.85,0.0,2026-09-28 09:56:01,PARTIAL,17,438.85
ORD20004656,C100176,KOTAKBANK,NSE,SELL,MIS,MARKET,DAY,34,0.0,0.0,2026-09-28 09:57:51,CANCELLED,0,0.0
ORD20002570,C100069,ITC,NSE,SELL,CNC,LIMIT,DAY,320,455.1,0.0,2026-09-28 09:58:36,COMPLETE,320,455.1
ORD20002595,C100039,HINDUNILVR,NSE,SELL,MIS,LIMIT,DAY,12,2533.15,0.0,2026-09-28 09:59:08,COMPLETE,12,2533.15
ORD20003448,C100182,ICICIBANK,NSE,SELL,MIS,LIMIT,DAY,112,1188.5,0.0,2026-09-28 10:01:22,PARTIAL,63,1188.5
ORD20002451,C100019,TITAN,NSE,SELL,MIS,MARKET,DAY,1,0.0,0.0,2026-09-28 10:03:55,COMPLETE,1,3367.4
ORD20001410,C100191,HINDUNILVR,NSE,SELL,MIS,LIMIT,DAY,15,2368.15,0.0,2026-09-28 10:06:16,COMPLETE,15,2368.15
ORD20001081,C100081,TATAMOTORS,NSE,BUY,MIS,MARKET,DAY,4,0.0,0.0,2026-09-28 10:08:25,COMPLETE,4,939.35
ORD20004238,C100094,HINDUNILVR,NSE,SELL,MIS,MARKET,DAY,3,0.0,0.0,2026-09-28 10:08:28,CANCELLED,0,0.0
ORD20003816,C100024,HDFCBANK,BSE,BUY,MIS,LIMIT,DAY,1,1693.1,0.0,2026-09-28 10:09:13,COMPLETE,1,1693.1
ORD20002356,C100070,ITC,NSE,BUY,CNC,LIMIT,DAY,31,452.15,0.0,2026-09-28 10:09:22,COMPLETE,31,452.15
ORD20004279,C100141,KOTAKBANK,NSE,BUY,MIS,LIMIT,DAY,20,1631.65,0.0,2026-09-28 10:10:08,COMPLETE,20,1631.65
ORD20000055,C100068,INFY,NSE,BUY,CNC,SL,DAY,4,1601.3,1593.3,2026-09-28 10:10:10,COMPLETE,4,1599.74
ORD20004308,C100046,ITC,NSE,SELL,MIS,LIMIT,DAY,28,446.8,0.0,2026-09-28 10:10:23,COMPLETE,28,446.8
ORD20001242,C100100,TATAMOTORS,NSE,BUY,CNC,LIMIT,DAY,6,975.4,0.0,2026-09-28 10:11:03,COMPLETE,6,975.4
ORD20004313,C100078,TCS,NSE,BUY,CNC,LIMIT,DAY,7,3800.25,0.0,2026-09-28 10:12:33,REJECTED,0,0.0
ORD20000573,C100039,RELIANCE,NSE,SELL,CNC,LIMIT,DAY,25,2898.35,0.0,2026-09-28 10:12:54,COMPLETE,25,2898.35
ORD20003043,C100020,TCS,NSE,BUY,MIS,LIMIT,DAY,1,3965.25,0.0,2026-09-28 10:17:59,COMPLETE,1,3965.25
ORD20003613,C100171,ITC,NSE,SELL,CNC,LIMIT,DAY,21,452.15,0.0,2026-09-28 10:21:53,COMPLETE,21,452.15
ORD20000757,C100004,INFY,NSE,SELL,MIS,LIMIT,DAY,71,1533.8,0.0,2026-09-28 10:24:52,COMPLETE,71,1533.8
ORD20000031,C100092,BHARTIARTL,NSE,SELL,MIS,MARKET,DAY,50,0.0,0.0,2026-09-28 10:26:52,COMPLETE,50,1454.4
ORD20003862,C100138,ITC,NSE,SELL,CNC,LIMIT,DAY,35,449.75,0.0,2026-09-28 10:27:26,COMPLETE,35,449.75
ORD20000467,C100045,MARUTI,NSE,BUY,CNC,LIMIT,DAY,8,11634.7,0.0,2026-09-28 10:29:46,COMPLETE,8,11634.7
ORD20002738,C100014,RELIANCE,NSE,SELL,MIS,SL,DAY,41,2775.85,2789.7,2026-09-28 10:30:56,COMPLETE,41,2773.33
ORD20004897,C100044,MARUTI,NSE,BUY,MIS,MARKET,DAY,4,0.0,0.0,2026-09-28 10:33:12,COMPLETE,4,11218.12
ORD20004016,C100178,SBIN,NSE,BUY,CNC,MARKET,DAY,35,0.0,0.0,2026-09-28 10:34:47,COMPLETE,35,793.06
ORD20002781,C100111,ITC,NSE,SELL,CNC,LIMIT,DAY,16,458.9,0.0,2026-09-28 10:35:43,COMPLETE,16,458.9
ORD20003620,C100060,AXISBANK,NSE,SELL,MIS,MARKET,DAY,5,0.0,0.0,2026-09-28 10:36:54,COMPLETE,5,1125.65
ORD20001618,C100026,NTPC,BSE,SELL,CNC,MARKET,DAY,14,0.0,0.0,2026-09-28 10:37:29,COMPLETE,14,369.22
ORD20001557,C100054,AXISBANK,NSE,BUY,MIS,LIMIT,DAY,65,1086.7,0.0,2026-09-28 10:37:51,PARTIAL,21,1086.7
ORD20003343,C100139,INFY,NSE,SELL,MIS,LIMIT,DAY,85,1638.4,0.0,2026-09-28 10:39:50,COMPLETE,85,1638.4
ORD20004228,C100059,ITC,NSE,SELL,CNC,SL,DAY,70,447.6,449.85,2026-09-28 10:40:03,COMPLETE,70,447.54
ORD20003667,C100008,KOTAKBANK,NSE,BUY,CNC,MARKET,DAY,37,0.0,0.0,2026-09-28 10:43:36,COMPLETE,37,1775.4
ORD20004744,C100177,BHARTIARTL,NSE,BUY,MIS,LIMIT,DAY,6,1336.85,0.0,2026-09-28 10:44:53,CANCELLED,0,0.0
ORD20003151,C100170,ITC,NSE,SELL,MIS,LIMIT,DAY,28,444.7,0.0,2026-09-28 10:48:56,COMPLETE,28,444.7
ORD20001111,C100055,TITAN,NSE,BUY,CNC,LIMIT,DAY,21,3333.2,0.0,2026-09-28 10:50:01,COMPLETE,21,3333.2
ORD20000088,C100040,ITC,NSE,SELL,CNC,LIMIT,DAY,256,437.65,0.0,2026-09-28 10:50:21,COMPLETE,256,437.65
ORD20003761,C100151,KOTAKBANK,NSE,BUY,CNC,LIMIT,DAY,43,1754.55,0.0,2026-09-28 10:50:56,CANCELLED,0,0.0
ORD20002904,C100161,MARUTI,NSE,BUY,MIS,LIMIT,DAY,2,12289.35,0.0,2026-09-28 10:53:25,COMPLETE,2,12289.35
ORD20001069,C100053,ITC,NSE,BUY,MIS,LIMIT,DAY,61,471.35,0.0,2026-09-28 10:54:58,COMPLETE,61,471.35
ORD20004146,C100123,NTPC,NSE,SELL,MIS,LIMIT,DAY,153,359.05,0.0,2026-09-28 10:55:08,COMPLETE,153,359.05
ORD20001191,C100120,ITC,NSE,BUY,MIS,LIMIT,DAY,10,470.5,0.0,2026-09-28 10:55:47,COMPLETE,10,470.5
ORD20001933,C100119,AXISBANK,NSE,SELL,CNC,LIMIT,DAY,39,1105.75,0.0,2026-09-28 10:56:33,PARTIAL,8,1105.75
ORD20004215,C100164,HINDUNILVR,NSE,BUY,MIS,LIMIT,DAY,8,2298.7,0.0,2026-09-28 11:00:00,COMPLETE,8,2298.7
ORD20001317,C100168,HINDUNILVR,NSE,BUY,CNC,LIMIT,DAY,1,2473.3,0.0,2026-09-28 11:13:09,COMPLETE,1,2473.3
ORD20003566,C100136,MARUTI,NSE,SELL,MIS,LIMIT,DAY,1,11480.1,0.0,2026-09-28 11:13:17,COMPLETE,1,11480.1
ORD20004357,C100104,HDFCBANK,NSE,BUY,MIS,LIMIT,DAY,7,1668.85,0.0,2026-09-28 11:13:19,COMPLETE,7,1668.85
ORD20004566,C100068,TATAMOTORS,NSE,BUY,CNC,SL,DAY,123,933.5,928.85,2026-09-28 11:13:30,COMPLETE,123,933.23
ORD20000370,C100157,ITC,NSE,BUY,CNC,MARKET,DAY,82,0.0,0.0,2026-09-28 11:13:46,REJECTED,0,0.0
ORD20000453,C100095,INFY,NSE,SELL,MIS,LIMIT,DAY,18,1620.05,0.0,2026-09-28 11:15:17,COMPLETE,18,1620.05
ORD20003334,C100151,BHARTIARTL,NSE,SELL,CNC,MARKET,DAY,63,0.0,0.0,2026-09-28 11:18:32,COMPLETE,63,1402.0
ORD20000122,C100057,ICICIBANK,NSE,SELL,MIS,LIMIT,DAY,16,1176.7,0.0,2026-09-28 11:20:42,COMPLETE,16,1176.7
ORD20000771,C100173,ITC,NSE,BUY,MIS,MARKET,DAY,142,0.0,0.0,2026-09-28 11:22:36,COMPLETE,142,463.85
ORD20003484,C100163,TCS,NSE,SELL,CNC,MARKET,DAY,19,0.0,0.0,2026-09-28 11:23:48,COMPLETE,19,3962.13
ORD20004005,C100100,HINDUNILVR,NSE,BUY,CNC,LIMIT,DAY,2,2409.8,0.0,2026-09-28 11:23:57,COMPLETE,2,2409.8
ORD20004973,C100187,HINDUNILVR,BSE,SELL,MIS,LIMIT,DAY,13,2444.8,0.0,2026-09-28 11:25:03,COMPLETE,13,2444.8
ORD20001057,C100060,RELIANCE,BSE,SELL,MIS,LIMIT,DAY,4,2802.0,0.0,2026-09-28 11:27:33,COMPLETE,4,2802.0
ORD20000904,C100130,ITC,NSE,BUY,CNC,MARKET,DAY,66,0.0,0.0,2026-09-28 11:28:58,COMPLETE,66,470.05
ORD20004536,C100071,INFY,NSE,SELL,MIS,LIMIT,DAY,4,1555.55,0.0,2026-09-28 11:29:40,COMPLETE,4,1555.55
ORD20002501,C100130,ITC,NSE,BUY,MIS,LIMIT,DAY,58,450.05,0.0,2026-09-28 11:30:51,COMPLETE,58,450.05
ORD20002714,C100187,SBIN,NSE,BUY,MIS,LIMIT,DAY,3,817.3,0.0,2026-09-28 11:31:32,REJECTED,0,0.0
ORD20004285,C100139,NTPC,NSE,BUY,MIS,LIMIT,DAY,103,360.15,0.0,2026-09-28 11:31:57,COMPLETE,103,360.15
ORD20004608,C100055,TATAMOTORS,NSE,BUY,CNC,LIMIT,DAY,2,982.05,0.0,2026-09-28 11:33:29,COMPLETE,2,982.05
ORD20003619,C100119,KOTAKBANK,NSE,BUY,CNC,MARKET,DAY,2,0.0,0.0,2026-09-28 11:33:49,COMPLETE,2,1738.48
ORD20001415,C100067,INFY,NSE,BUY,MIS,MARKET,DAY,13,0.0,0.0,2026-09-28 11:34:07,CANCELLED,0,0.0
ORD20004362,C100119,HINDUNILVR,NSE,BUY,CNC,LIMIT,DAY,4,2557.1,0.0,2026-09-28 11:34:56,COMPLETE,4,2557.1
ORD20000400,C100067,ITC,NSE,SELL,CNC,MARKET,DAY,11,0.0,0.0,2026-09-28 11:35:35,COMPLETE,11,480.25
ORD20004089,C100109,KOTAKBANK,NSE,BUY,CNC,MARKET,DAY,9,0.0,0.0,2026-09-28 11:36:54,COMPLETE,9,1824.56
ORD20002308,C100198,RELIANCE,NSE,BUY,MIS,MARKET,DAY,2,0.0,0.0,2026-09-28 11:38:23,COMPLETE,2,2906.48
ORD20002576,C100198,TATAMOTORS,NSE,BUY,MIS,LIMIT,DAY,35,993.05,0.0,2026-09-28 11:42:33,COMPLETE,35,993.05
ORD20000376,C100049,TCS,NSE,SELL,CNC,MARKET,DAY,3,0.0,0.0,2026-09-28 11:44:15,CANCELLED,0,0.0
ORD20001324,C100037,ICICIBANK,NSE,BUY,MIS,LIMIT,DAY,29,1152.1,0.0,2026-09-28 11:45:52,COMPLETE,29,1152.1
ORD20001406,C100147,BHARTIARTL,NSE,SELL,MIS,MARKET,DAY,48,0.0,0.0,2026-09-28 11:46:19,COMPLETE,48,1292.15
ORD20000324,C100125,ASIANPAINT,NSE,SELL,CNC,SL,DAY,24,2799.05,2813.05,2026-09-28 11:48:16,COMPLETE,24,2797.22
ORD20003463,C100144,ITC,NSE,SELL,MIS,LIMIT,DAY,330,437.6,0.0,2026-09-28 11:48:40,COMPLETE,330,437.6
ORD20002548,C100059,BHARTIARTL,NSE,SELL,MIS,LIMIT,DAY,9,1351.5,0.0,2026-09-28 11:48:57,CANCELLED,0,0.0
ORD20003312,C100170,RELIANCE,NSE,SELL,MIS,LIMIT,DAY,1,3025.95,0.0,2026-09-28 11:49:36,COMPLETE,1,3025.95
ORD20004714,C100007,NTPC,NSE,SELL,CNC,LIMIT,DAY,351,366.45,0.0,2026-09-28 11:49:48,COMPLETE,351,366.45
ORD20002884,C100062,AXISBANK,NSE,SELL,CNC,LIMIT,DAY,12,1127.1,0.0,2026-09-28 11:50:08,COMPLETE,12,1127.1
ORD20002154,C100170,KOTAKBANK,NSE,SELL,CNC,LIMIT,DAY,3,1878.35,0.0,2026-09-28 11:50:39,COMPLETE,3,1878.35
ORD20001354,C100061,ITC,NSE,SELL,MIS,LIMIT,DAY,12,463.55,0.0,2026-09-28 11:51:10,COMPLETE,12,463.55
ORD20003122,C100085,BHARTIARTL,NSE,SELL,MIS,LIMIT,DAY,74,1393.25,0.0,2026-09-28 11:51:54,COMPLETE,74,1393.25
ORD20001335,C100137,ASIANPAINT,NSE,BUY,CNC,MARKET,DAY,9,0.0,0.0,2026-09-28 11:52:51,COMPLETE,9,2854.73
ORD20001102,C100035,ITC,NSE,SELL,MIS,LIMIT,DAY,6,461.75,0.0,2026-09-28 11:55:58,COMPLETE,6,461.75
ORD20004309,C100143,ITC,NSE,BUY,CNC,LIMIT,DAY,44,457.55,0.0,2026-09-28 11:57:26,CANCELLED,0,0.0
ORD20003494,C100159,MARUTI,NSE,SELL,MIS,LIMIT,DAY,5,12138.75,0.0,2026-09-28 11:57:30,COMPLETE,5,12138.75
ORD20002568,C100142,ASIANPAINT,NSE,BUY,CNC,LIMIT,DAY,3,2945.15,0.0,2026-09-28 11:58:01,COMPLETE,3,2945.15
ORD20003132,C100081,KOTAKBANK,NSE,SELL,CNC,MARKET,DAY,6,0.0,0.0,2026-09-28 11:59:27,CANCELLED,0,0.0
ORD20001214,C100060,KOTAKBANK,NSE,SELL,CNC,MARKET,DAY,5,0.0,0.0,2026-09-28 11:59:35,COMPLETE,5,1711.57
ORD20003827,C100160,ITC,NSE,SELL,MIS,MARKET,DAY,140,0.0,0.0,2026-09-28 12:01:15,REJECTED,0,0.0
ORD20001422,C100020,ICICIBANK,NSE,BUY,CNC,LIMIT,DAY,34,1179.6,0.0,2026-09-28 12:02:09,REJECTED,0,0.0
ORD20002721,C100077,TATAMOTORS,NSE,BUY,MIS,MARKET,DAY,111,0.0,0.0,2026-09-28 12:02:54,PARTIAL,39,981.73
ORD20000383,C100141,SUNPHARMA,NSE,SELL,MIS,LIMIT,DAY,35,1657.8,0.0,2026-09-28 12:02:55,COMPLETE,35,1657.8
ORD20001691,C100116,ICICIBANK,NSE,SELL,MIS,LIMIT,DAY,95,1191.7,0.0,2026-09-28 12:03:06,COMPLETE,95,1191.7
ORD20001743,C100096,TATAMOTORS,NSE,SELL,MIS,SL,DAY,6,971.2,976.05,2026-09-28 12:03:48,COMPLETE,6,970.3
ORD20000304,C100180,AXISBANK,NSE,BUY,CNC,LIMIT,DAY,29,1157.1,0.0,2026-09-28 12:04:00,COMPLETE,29,1157.1
ORD20002409,C100193,HDFCBANK,NSE,SELL,MIS,MARKET,DAY,17,0.0,0.0,2026-09-28 12:04:00,COMPLETE,17,1694.81
ORD20001996,C100064,ITC,NSE,SELL,CNC,LIMIT,DAY,29,450.95,0.0,2026-09-28 12:08:02,PARTIAL,18,450.95
ORD20004639,C100181,HDFCBANK,NSE,BUY,CNC,LIMIT,DAY,5,1696.7,0.0,2026-09-28 12:08:29,COMPLETE,5,1696.7
ORD20003226,C100039,ITC,NSE,BUY,MIS,LIMIT,DAY,160,463.85,0.0,2026-09-28 12:10:08,COMPLETE,160,463.85
ORD20004779,C100181,MARUTI,NSE,SELL,MIS,MARKET,DAY,6,0.0,0.0,2026-09-28 12:11:08,COMPLETE,6,11392.9
ORD20002033,C100197,ITC,NSE,SELL,MIS,MARKET,DAY,73,0.0,0.0,2026-09-28 12:12:03,COMPLETE,73,447.03
ORD20004960,C100021,BHARTIARTL,NSE,BUY,MIS,MARKET,DAY,39,0.0,0.0,2026-09-28 12:13:50,COMPLETE,39,1418.5
ORD20004976,C100122,RELIANCE,NSE,SELL,MIS,LIMIT,DAY,48,2890.4,0.0,2026-09-28 12:13:55,PARTIAL,9,2890.4
ORD20001518,C100068,MARUTI,NSE,SELL,MIS,LIMIT,DAY,1,11513.1,0.0,2026-09-28 12:17:02,OPEN,0,0.0
ORD20004800,C100005,AXISBANK,NSE,SELL,CNC,LIMIT,DAY,5,1152.25,0.0,2026-09-28 12:18:22,CANCELLED,0,0.0
ORD20003180,C100182,ICICIBANK,NSE,BUY,CNC,SL,DAY,38,1180.3,1174.4,2026-09-28 12:18:45,COMPLETE,38,1178.58
ORD20000256,C100143,NTPC,NSE,SELL,MIS,LIMIT,DAY,78,355.8,0.0,2026-09-28 12:22:14,COMPLETE,78,355.8
ORD20003445,C100074,BHARTIARTL,NSE,SELL,MIS,LIMIT,DAY,4,1453.1,0.0,2026-09-28 12:27:13,COMPLETE,4,1453.1
ORD20003758,C100107,WIPRO,NSE,SELL,CNC,MARKET,DAY,32,0.0,0.0,2026-09-28 12:30:18,COMPLETE,32,461.24
ORD20000601,C100093,TATAMOTORS,NSE,BUY,MIS,LIMIT,DAY,136,956.35,0.0,2026-09-28 12:30:18,CANCELLED,0,0.0
ORD20002675,C100068,MARUTI,NSE,SELL,CNC,MARKET,DAY,1,0.0,0.0,2026-09-28 12:30:33,COMPLETE,1,12305.9
ORD20004822,C100031,BHARTIARTL,NSE,BUY,MIS,LIMIT,DAY,5,1464.6,0.0,2026-09-28 12:30:52,COMPLETE,5,1464.6
ORD20002860,C100043,TITAN,NSE,BUY,MIS,LIMIT,DAY,9,3250.75,0.0,2026-09-28 12:30:57,COMPLETE,9,3250.75
ORD20003369,C100053,RELIANCE,NSE,SELL,CNC,LIMIT,DAY,27,2947.8,0.0,2026-09-28 12:31:38,COMPLETE,27,2947.8
ORD20002092,C100067,HINDUNILVR,NSE,BUY,MIS,SL,DAY,39,2405.2,2393.15,2026-09-28 12:31:59,COMPLETE,39,2404.8
ORD20004651,C100025,TATAMOTORS,NSE,SELL,CNC,LIMIT,DAY,3,944.95,0.0,2026-09-28 12:32:00,COMPLETE,3,944.95
ORD20004770,C100121,MARUTI,NSE,BUY,CNC,LIMIT,DAY,2,12441.9,0.0,2026-09-28 12:32:33,COMPLETE,2,12441.9
ORD20001509,C100007,ONGC,NSE,SELL,MIS,MARKET,DAY,44,0.0,0.0,2026-09-28 12:32:33,COMPLETE,44,283.11
ORD20001319,C100089,TATAMOTORS,NSE,BUY,MIS,LIMIT,DAY,17,941.15,0.0,2026-09-28 12:34:42,COMPLETE,17,941.15
ORD20001066,C100116,NTPC,NSE,BUY,CNC,MARKET,DAY,10,0.0,0.0,2026-09-28 12:36:44,COMPLETE,10,373.65
ORD20001005,C100033,MARUTI,NSE,BUY,CNC,MARKET,DAY,5,0.0,0.0,2026-09-28 12:39:22,COMPLETE,5,12042.43
ORD20000452,C100116,RELIANCE,NSE,BUY,MIS,LIMIT,DAY,1,2804.3,0.0,2026-09-28 12:39:44,COMPLETE,1,2804.3
ORD20001580,C100119,RELIANCE,NSE,SELL,CNC,LIMIT,DAY,6,2938.6,0.0,2026-09-28 12:40:10,CANCELLED,0,0.0
ORD20002928,C100127,ICICIBANK,NSE,SELL,CNC,LIMIT,DAY,26,1215.4,0.0,2026-09-28 12:41:00,REJECTED,0,0.0
ORD20003201,C100162,HINDUNILVR,NSE,BUY,MIS,LIMIT,DAY,7,2390.65,0.0,2026-09-28 12:41:38,COMPLETE,7,2390.65
ORD20000436,C100124,HINDUNILVR,NSE,SELL,MIS,SL,DAY,12,2391.85,2403.8,2026-09-28 12:44:31,PARTIAL,8,2392.81
ORD20004023,C100065,ITC,NSE,SELL,MIS,MARKET,DAY,241,0.0,0.0,2026-09-28 12:44:40,COMPLETE,241,441.4
ORD20003069,C100054,MARUTI,NSE,BUY,CNC,SL,DAY,2,12389.75,12327.8,2026-09-28 12:47:05,CANCELLED,0,0.0
ORD20002287,C100076,BHARTIARTL,NSE,BUY,MIS,LIMIT,DAY,4,1436.5,0.0,2026-09-28 12:47:59,COMPLETE,4,1436.5
ORD20000742,C100096,NTPC,NSE,SELL,MIS,LIMIT,DAY,20,343.4,0.0,2026-09-28 12:48:51,COMPLETE,20,343.4
ORD20000373,C100029,HDFCBANK,NSE,BUY,CNC,MARKET,DAY,40,0.0,0.0,2026-09-28 12:50:04,CANCELLED,0,0.0
ORD20002402,C100166,HDFCBANK,NSE,BUY,MIS,LIMIT,DAY,20,1697.2,0.0,2026-09-28 12:50:08,REJECTED,0,0.0
ORD20000024,C100146,KOTAKBANK,NSE,SELL,MIS,LIMIT,DAY,6,1682.0,0.0,2026-09-28 12:50:20,CANCELLED,0,0.0
ORD20004866,C100071,AXISBANK,BSE,SELL,CNC,MARKET,DAY,4,0.0,0.0,2026-09-28 12:52:53,COMPLETE,4,1177.4
ORD20003140,C100103,HINDUNILVR,NSE,BUY,CNC,MARKET,DAY,10,0.0,0.0,2026-09-28 12:53:08,COMPLETE,10,2444.83
ORD20003183,C100176,ITC,NSE,BUY,MIS,SL,DAY,6,449.45,447.2,2026-09-28 12:54:23,COMPLETE,6,449.5
ORD20002885,C100043,HINDUNILVR,NSE,BUY,CNC,LIMIT,DAY,6,2402.4,0.0,2026-09-28 12:54:28,PARTIAL,2,2402.4
ORD20000389,C100156,AXISBANK,NSE,BUY,CNC,LIMIT,DAY,43,1218.7,0.0,2026-09-28 12:56:29,COMPLETE,43,1218.7
ORD20000258,C100152,HINDUNILVR,NSE,BUY,MIS,LIMIT,DAY,4,2312.35,0.0,2026-09-28 12:57:36,COMPLETE,4,2312.35
ORD20004165,C100030,RELIANCE,NSE,BUY,MIS,LIMIT,DAY,12,3040.95,0.0,2026-09-28 12:59:00,COMPLETE,12,3040.95
ORD20001798,C100167,INFY,NSE,BUY,CNC,LIMIT,DAY,39,1481.45,0.0,2026-09-28 12:59:46,REJECTED,0,0.0
ORD20003485,C100152,ITC,NSE,BUY,CNC,LIMIT,DAY,38,443.45,0.0,2026-09-28 13:00:09,COMPLETE,38,443.45
ORD20000176,C100038,BHARTIARTL,NSE,BUY,MIS,MARKET,DAY,40,0.0,0.0,2026-09-28 13:02:07,COMPLETE,40,1465.55
ORD20002915,C100154,TATAMOTORS,NSE,SELL,MIS,SL,DAY,28,897.2,901.7,2026-09-28 13:03:57,CANCELLED,0,0.0
ORD20001615,C100018,MARUTI,NSE,BUY,CNC,MARKET,DAY,6,0.0,0.0,2026-09-28 13:05:49,COMPLETE,6,11849.6
ORD20001833,C100011,TATAMOTORS,NSE,BUY,CNC,LIMIT,DAY,27,971.5,0.0,2026-09-28 13:09:17,COMPLETE,27,971.5
ORD20002622,C100078,KOTAKBANK,NSE,BUY,MIS,LIMIT,DAY,1,1693.0,0.0,2026-09-28 13:10:42,COMPLETE,1,1693.0
ORD20000805,C100142,HINDUNILVR,NSE,SELL,MIS,LIMIT,DAY,29,2349.75,0.0,2026-09-28 13:11:44,COMPLETE,29,2349.75
ORD20003131,C100011,TATAMOTORS,NSE,BUY,MIS,LIMIT,DAY,5,974.0,0.0,2026-09-28 13:13:09,REJECTED,0,0.0
ORD20004120,C100088,NTPC,NSE,BUY,MIS,LIMIT,DAY,33,359.2,0.0,2026-09-28 13:14:55,COMPLETE,33,359.2
ORD20002381,C100138,HDFCBANK,NSE,SELL,CNC,MARKET,DAY,8,0.0,0.0,2026-09-28 13:16:32,COMPLETE,8,1624.6
ORD20003327,C100154,ASIANPAINT,NSE,BUY,MIS,LIMIT,DAY,34,3067.75,0.0,2026-09-28 13:18:01,COMPLETE,34,3067.75
ORD20000184,C100172,MARUTI,NSE,SELL,MIS,LIMIT,DAY,1,12120.55,0.0,2026-09-28 13:18:50,COMPLETE,1,12120.55
ORD20000609,C100057,TCS,NSE,SELL,MIS,LIMIT,DAY,8,3793.1,0.0,2026-09-28 13:22:47,COMPLETE,8,3793.1
ORD20001289,C100051,HDFCBANK,NSE,BUY,CNC,SL,DAY,4,1669.9,1661.55,2026-09-28 13:23:15,COMPLETE,4,1669.6
ORD20001294,C100108,AXISBANK,NSE,BUY,MIS,LIMIT,DAY,6,1121.5,0.0,2026-09-28 13:25:20,COMPLETE,6,1121.5
ORD20001149,C100131,SBIN,NSE,BUY,MIS,LIMIT,DAY,7,826.55,0.0,2026-09-28 13:27:41,COMPLETE,7,826.55
ORD20002053,C100073,RELIANCE,BSE,SELL,CNC,SL,DAY,44,2850.15,2864.4,2026-09-28 13:29:16,COMPLETE,44,2847.35
ORD20004464,C100056,NTPC,BSE,SELL,MIS,SL,DAY,86,364.95,366.8,2026-09-28 13:30:50,CANCELLED,0,0.0
ORD20004913,C100083,HINDUNILVR,NSE,SELL,CNC,LIMIT,DAY,6,2344.0,0.0,2026-09-28 13:34:39,COMPLETE,6,2344.0
ORD20003223,C100182,RELIANCE,NSE,BUY,MIS,LIMIT,DAY,25,2941.2,0.0,2026-09-28 13:36:01,COMPLETE,25,2941.2
ORD20003840,C100059,ITC,NSE,BUY,MIS,LIMIT,DAY,7,421.7,0.0,2026-09-28 13:36:39,COMPLETE,7,421.7
ORD20000876,C100013,ITC,NSE,BUY,CNC,LIMIT,DAY,15,445.75,0.0,2026-09-28 13:37:11,COMPLETE,15,445.75
ORD20002552,C100111,MARUTI,NSE,BUY,MIS,LIMIT,DAY,3,12251.95,0.0,2026-09-28 13:37:47,COMPLETE,3,12251.95
ORD20000026,C100013,MARUTI,NSE,BUY,MIS,MARKET,DAY,1,0.0,0.0,2026-09-28 13:37:58,COMPLETE,1,11582.45
ORD20002773,C100078,BHARTIARTL,NSE,SELL,MIS,MARKET,DAY,23,0.0,0.0,2026-09-28 13:38:33,COMPLETE,23,1445.43
ORD20003526,C100011,TATAMOTORS,NSE,SELL,MIS,LIMIT,DAY,11,976.8,0.0,2026-09-28 13:39:06,COMPLETE,11,976.8
ORD20000509,C100038,AXISBANK,NSE,SELL,MIS,LIMIT,DAY,46,1063.25,0.0,2026-09-28 13:39:14,COMPLETE,46,1063.25
ORD20000223,C100189,RELIANCE,NSE,SELL,CNC,LIMIT,DAY,41,2812.0,0.0,2026-09-28 13:40:10,COMPLETE,41,2812.0
ORD20002795,C100115,NTPC,NSE,SELL,CNC,SL,DAY,37,370.45,372.3,2026-09-28 13:40:43,COMPLETE,37,370.5
ORD20003742,C100195,KOTAKBANK,NSE,BUY,MIS,SL,DAY,9,1777.25,1768.4,2026-09-28 13:43:59,COMPLETE,9,1777.55
ORD20002617,C100198,NTPC,NSE,BUY,MIS,LIMIT,DAY,12,348.4,0.0,2026-09-28 13:45:20,COMPLETE,12,348.4
ORD20002247,C100146,ONGC,NSE,BUY,MIS,LIMIT,DAY,24,249.9,0.0,2026-09-28 13:47:36,COMPLETE,24,249.9
ORD20001969,C100041,BHARTIARTL,NSE,SELL,CNC,MARKET,DAY,24,0.0,0.0,2026-09-28 13:48:29,COMPLETE,24,1355.45
ORD20000339,C100039,BHARTIARTL,NSE,SELL,MIS,LIMIT,DAY,25,1374.9,0.0,2026-09-28 13:48:49,COMPLETE,25,1374.9
ORD20002771,C100027,BHARTIARTL,NSE,SELL,MIS,MARKET,DAY,67,0.0,0.0,2026-09-28 13:49:46,PARTIAL,17,1409.65
ORD20002521,C100091,BHARTIARTL,NSE,BUY,CNC,LIMIT,DAY,4,1366.35,0.0,2026-09-28 13:50:33,COMPLETE,4,1366.35
ORD20000067,C100016,RELIANCE,NSE,BUY,MIS,LIMIT,DAY,2,2954.8,0.0,2026-09-28 13:50:51,COMPLETE,2,2954.8
ORD20002201,C100040,WIPRO,NSE,BUY,MIS,SL,DAY,60,493.8,491.3,2026-09-28 13:51:50,COMPLETE,60,494.01
ORD20004050,C100065,BHARTIARTL,NSE,SELL,MIS,LIMIT,DAY,13,1413.6,0.0,2026-09-28 13:51:59,COMPLETE,13,1413.6
ORD20003081,C100109,ITC,NSE,SELL,CNC,LIMIT,DAY,71,448.5,0.0,2026-09-28 13:53:01,COMPLETE,71,448.5
ORD20003491,C100090,MARUTI,NSE,SELL,MIS,SL,DAY,1,12013.0,12073.05,2026-09-28 13:53:16,COMPLETE,1,12020.55
ORD20001450,C100197,SBIN,NSE,SELL,MIS,LIMIT,DAY,18,829.25,0.0,2026-09-28 13:54:13,COMPLETE,18,829.25
ORD20004290,C100061,RELIANCE,NSE,BUY,CNC,LIMIT,DAY,18,2785.45,0.0,2026-09-28 13:54:22,COMPLETE,18,2785.45
ORD20000387,C100096,HINDUNILVR,NSE,BUY,MIS,LIMIT,DAY,2,2479.85,0.0,2026-09-28 13:54:35,COMPLETE,2,2479.85
ORD20000744,C100155,ITC,NSE,SELL,MIS,MARKET,DAY,53,0.0,0.0,2026-09-28 13:55:12,COMPLETE,53,441.75
ORD20002324,C100143,MARUTI,NSE,SELL,MIS,SL,DAY,3,10939.95,10994.65,2026-09-28 13:56:39,COMPLETE,3,10941.83
ORD20001420,C100015,HDFCBANK,NSE,BUY,MIS,LIMIT,DAY,38,1609.9,0.0,2026-09-28 13:56:51,COMPLETE,38,1609.9
ORD20004222,C100006,TATAMOTORS,NSE,SELL,MIS,SL,DAY,5,902.05,906.55,2026-09-28 13:59:57,COMPLETE,5,902.36
ORD20004615,C100171,TATAMOTORS,NSE,BUY,CNC,MARKET,DAY,6,0.0,0.0,2026-09-28 14:02:11,COMPLETE,6,987.25
ORD20002045,C100133,HDFCBANK,NSE,BUY,MIS,LIMIT,DAY,8,1641.6,0.0,2026-09-28 14:08:00,COMPLETE,8,1641.6
ORD20004510,C100148,RELIANCE,NSE,SELL,MIS,LIMIT,DAY,49,2927.55,0.0,2026-09-28 14:08:11,COMPLETE,49,2927.55
ORD20003509,C100016,HDFCBANK,NSE,SELL,MIS,MARKET,DAY,3,0.0,0.0,2026-09-28 14:09:40,CANCELLED,0,0.0
ORD20001248,C100140,INFY,NSE,BUY,CNC,LIMIT,DAY,14,1550.55,0.0,2026-09-28 14:10:01,COMPLETE,14,1550.55
ORD20002450,C100145,TATAMOTORS,NSE,BUY,MIS,MARKET,DAY,61,0.0,0.0,2026-09-28 14:11:22,CANCELLED,0,0.0
ORD20000524,C100084,ITC,NSE,SELL,MIS,MARKET,DAY,9,0.0,0.0,2026-09-28 14:12:39,COMPLETE,9,429.1
ORD20001925,C100087,MARUTI,NSE,SELL,MIS,LIMIT,DAY,1,12409.4,0.0,2026-09-28 14:12:52,COMPLETE,1,12409.4
ORD20004141,C100102,TCS,NSE,SELL,CNC,SL,DAY,3,3818.4,3837.5,2026-09-28 14:14:43,COMPLETE,3,3816.48
ORD20001013,C100082,TATAMOTORS,NSE,SELL,MIS,LIMIT,DAY,40,941.95,0.0,2026-09-28 14:15:02,COMPLETE,40,941.95
ORD20000816,C100012,KOTAKBANK,BSE,BUY,MIS,LIMIT,DAY,10,1765.15,0.0,2026-09-28 14:16:47,COMPLETE,10,1765.15
ORD20002489,C100066,TCS,BSE,SELL,MIS,LIMIT,DAY,18,3908.5,0.0,2026-09-28 14:17:36,CANCELLED,0,0.0
ORD20002065,C100073,MARUTI,NSE,BUY,CNC,MARKET,DAY,3,0.0,0.0,2026-09-28 14:20:40,COMPLETE,3,11877.52
ORD20002191,C100132,ASIANPAINT,NSE,BUY,CNC,LIMIT,DAY,5,2844.65,0.0,2026-09-28 14:21:06,COMPLETE,5,2844.65
ORD20004167,C100105,LT,NSE,BUY,CNC,LIMIT,DAY,2,3421.0,0.0,2026-09-28 14:21:20,COMPLETE,2,3421.0
ORD20004425,C100058,HDFCBANK,NSE,BUY,MIS,MARKET,DAY,3,0.0,0.0,2026-09-28 14:22:09,COMPLETE,3,1693.1
ORD20002235,C100105,ICICIBANK,NSE,BUY,MIS,LIMIT,DAY,42,1136.75,0.0,2026-09-28 14:22:52,COMPLETE,42,1136.75
ORD20004629,C100031,RELIANCE,NSE,SELL,MIS,LIMIT,DAY,50,2854.85,0.0,2026-09-28 14:23:26,COMPLETE,50,2854.85
ORD20003736,C100125,ASIANPAINT,NSE,SELL,MIS,LIMIT,DAY,8,2986.75,0.0,2026-09-28 14:23:29,COMPLETE,8,2986.75
ORD20002178,C100178,TITAN,NSE,BUY,CNC,LIMIT,DAY,37,3306.35,0.0,2026-09-28 14:24:40,COMPLETE,37,3306.35
ORD20001366,C100064,BHARTIARTL,NSE,BUY,MIS,SL,DAY,44,1456.65,1449.35,2026-09-28 14:24:52,CANCELLED,0,0.0
ORD20003469,C100067,HINDUNILVR,NSE,BUY,CNC,MARKET,DAY,4,0.0,0.0,2026-09-28 14:25:06,COMPLETE,4,2478.5
ORD20004254,C100158,BHARTIARTL,NSE,BUY,CNC,LIMIT,DAY,4,1446.9,0.0,2026-09-28 14:26:37,COMPLETE,4,1446.9
ORD20002200,C100001,RELIANCE,NSE,BUY,CNC,LIMIT,DAY,11,2858.5,0.0,2026-09-28 14:26:45,COMPLETE,11,2858.5
ORD20004916,C100026,INFY,NSE,BUY,MIS,LIMIT,DAY,28,1673.35,0.0,2026-09-28 14:28:15,COMPLETE,28,1673.35
ORD20004155,C100170,ITC,NSE,SELL,CNC,MARKET,DAY,86,0.0,0.0,2026-09-28 14:29:16,COMPLETE,86,443.87
ORD20001480,C100142,SBIN,NSE,BUY,CNC,LIMIT,DAY,84,794.3,0.0,2026-09-28 14:29:35,COMPLETE,84,794.3
ORD20003086,C100066,HINDUNILVR,NSE,BUY,MIS,SL,DAY,3,2452.05,2439.75,2026-09-28 14:33:24,COMPLETE,3,2450.48
ORD20004041,C100117,NTPC,NSE,BUY,MIS,MARKET,DAY,34,0.0,0.0,2026-09-28 14:34:50,COMPLETE,34,341.31
ORD20003230,C100104,HINDUNILVR,NSE,BUY,CNC,LIMIT,DAY,2,2400.15,0.0,2026-09-28 14:35:50,COMPLETE,2,2400.15
ORD20000338,C100077,ONGC,NSE,BUY,MIS,SL,DAY,21,273.55,272.2,2026-09-28 14:37:01,OPEN,0,0.0
ORD20002379,C100127,HINDUNILVR,NSE,BUY,MIS,MARKET,DAY,17,0.0,0.0,2026-09-28 14:38:45,COMPLETE,17,2464.5
ORD20000580,C100105,MARUTI,NSE,BUY,CNC,LIMIT,DAY,1,11431.05,0.0,2026-09-28 14:39:00,CANCELLED,0,0.0
ORD20004930,C100157,NTPC,NSE,BUY,MIS,SL,DAY,137,354.7,352.95,2026-09-28 14:42:39,COMPLETE,137,354.9
ORD20000314,C100086,TATAMOTORS,NSE,SELL,CNC,LIMIT,DAY,129,986.1,0.0,2026-09-28 14:44:23,PARTIAL,64,986.1
ORD20001093,C100170,HDFCBANK,NSE,BUY,CNC,LIMIT,DAY,46,1577.1,0.0,2026-09-28 14:45:03,COMPLETE,46,1577.1
ORD20001881,C100067,TATAMOTORS,NSE,SELL,MIS,LIMIT,DAY,9,960.65,0.0,2026-09-28 14:45:50,COMPLETE,9,960.65
ORD20001035,C100052,NTPC,NSE,BUY,CNC,LIMIT,DAY,90,340.4,0.0,2026-09-28 14:47:50,COMPLETE,90,340.4
ORD20001344,C100138,ASIANPAINT,NSE,BUY,MIS,MARKET,DAY,1,0.0,0.0,2026-09-28 14:47:51,COMPLETE,1,2957.3
ORD20000842,C100026,WIPRO,NSE,BUY,MIS,LIMIT,DAY,261,466.6,0.0,2026-09-28 14:48:47,COMPLETE,261,466.6
ORD20003308,C100164,KOTAKBANK,NSE,SELL,CNC,LIMIT,DAY,18,1722.75,0.0,2026-09-28 14:48:54,COMPLETE,18,1722.75
ORD20003208,C100025,TITAN,NSE,BUY,CNC,LIMIT,DAY,16,3363.85,0.0,2026-09-28 14:54:58,COMPLETE,16,3363.85
ORD20003192,C100182,HDFCBANK,NSE,BUY,MIS,LIMIT,DAY,7,1600.55,0.0,2026-09-28 14:55:35,COMPLETE,7,1600.55
ORD20000378,C100076,HDFCBANK,BSE,BUY,MIS,MARKET,DAY,22,0.0,0.0,2026-09-28 15:01:24,CANCELLED,0,0.0
ORD20003380,C100074,ITC,NSE,BUY,MIS,LIMIT,DAY,65,432.7,0.0,2026-09-28 15:03:04,COMPLETE,65,432.7
ORD20000847,C100014,ONGC,NSE,SELL,MIS,LIMIT,DAY,230,271.85,0.0,2026-09-28 15:04:08,COMPLETE,230,271.85
ORD20000255,C100033,MARUTI,NSE,BUY,MIS,LIMIT,DAY,1,12462.9,0.0,2026-09-28 15:06:10,COMPLETE,1,12462.9
ORD20001582,C100070,TATAMOTORS,NSE,BUY,CNC,MARKET,DAY,77,0.0,0.0,2026-09-28 15:07:02,CANCELLED,0,0.0
ORD20003444,C100063,RELIANCE,NSE,SELL,CNC,LIMIT,DAY,8,3159.5,0.0,2026-09-28 15:07:22,COMPLETE,8,3159.5
ORD20003727,C100083,TCS,NSE,SELL,MIS,MARKET,DAY,15,0.0,0.0,2026-09-28 15:09:57,COMPLETE,15,4105.15
ORD20000098,C100152,BHARTIARTL,NSE,SELL,MIS,LIMIT,DAY,21,1385.4,0.0,2026-09-28 15:10:01,CANCELLED,0,0.0
ORD20003764,C100037,RELIANCE,NSE,SELL,MIS,MARKET,DAY,4,0.0,0.0,2026-09-28 15:17:51,COMPLETE,4,2945.95
ORD20002046,C100183,SBIN,NSE,SELL,MIS,MARKET,DAY,19,0.0,0.0,2026-09-28 15:18:31,COMPLETE,19,805.75
ORD20002133,C100065,HINDUNILVR,NSE,SELL,CNC,LIMIT,DAY,1,2623.95,0.0,2026-09-28 15:19:53,REJECTED,0,0.0
ORD20000588,C100130,HINDUNILVR,NSE,BUY,MIS,LIMIT,DAY,49,2451.4,0.0,2026-09-28 15:20:22,COMPLETE,49,2451.4
ORD20003958,C100194,HDFCBANK,BSE,SELL,MIS,MARKET,DAY,4,0.0,0.0,2026-09-28 15:21:26,COMPLETE,4,1664.41
ORD20002734,C100111,ITC,NSE,BUY,MIS,LIMIT,DAY,13,448.85,0.0,2026-09-28 15:22:06,COMPLETE,13,448.85
ORD20004065,C100101,RELIANCE,NSE,SELL,MIS,LIMIT,DAY,1,3077.15,0.0,2026-09-28 15:23:01,COMPLETE,1,3077.15
ORD20004102,C100129,MARUTI,NSE,SELL,CNC,MARKET,DAY,4,0.0,0.0,2026-09-28 15:23:40,COMPLETE,4,12553.1
ORD20004393,C100030,BHARTIARTL,NSE,SELL,MIS,MARKET,DAY,26,0.0,0.0,2026-09-28 15:23:56,COMPLETE,26,1333.86
ORD20003891,C100084,HINDUNILVR,NSE,BUY,MIS,LIMIT,DAY,32,2256.4,0.0,2026-09-28 15:24:59,COMPLETE,32,2256.4
ORD20003268,C100038,TCS,NSE,SELL,MIS,LIMIT,DAY,3,3876.3,0.0,2026-09-29 09:17:57,COMPLETE,3,3876.3
ORD20003282,C100143,HINDUNILVR,BSE,BUY,MIS,MARKET,DAY,28,0.0,0.0,2026-09-29 09:18:04,COMPLETE,28,2329.35
ORD20003607,C100127,ITC,NSE,BUY,CNC,LIMIT,DAY,203,439.15,0.0,2026-09-29 09:18:59,COMPLETE,203,439.15
ORD20003405,C100149,HDFCBANK,NSE,BUY,MIS,LIMIT,DAY,9,1699.25,0.0,2026-09-29 09:21:15,COMPLETE,9,1699.25
ORD20001060,C100048,HDFCBANK,NSE,BUY,CNC,MARKET,DAY,3,0.0,0.0,2026-09-29 09:22:06,PARTIAL,1,1641.55
ORD20004342,C100048,INFY,NSE,SELL,CNC,LIMIT,DAY,65,1600.3,0.0,2026-09-29 09:22:18,CANCELLED,0,0.0
ORD20000153,C100179,ASIANPAINT,BSE,BUY,CNC,MARKET,DAY,3,0.0,0.0,2026-09-29 09:22:27,REJECTED,0,0.0
ORD20001904,C100121,HDFCBANK,NSE,SELL,MIS,LIMIT,DAY,38,1646.0,0.0,2026-09-29 09:23:23,PARTIAL,19,1646.0
ORD20003257,C100093,ASIANPAINT,NSE,SELL,MIS,LIMIT,DAY,2,2949.2,0.0,2026-09-29 09:27:58,COMPLETE,2,2949.2
ORD20002844,C100005,TATAMOTORS,NSE,SELL,CNC,LIMIT,DAY,6,930.55,0.0,2026-09-29 09:28:54,CANCELLED,0,0.0
ORD20003315,C100019,TCS,NSE,SELL,MIS,MARKET,DAY,1,0.0,0.0,2026-09-29 09:34:12,COMPLETE,1,4045.2
ORD20000262,C100117,TATAMOTORS,NSE,SELL,MIS,LIMIT,DAY,11,983.55,0.0,2026-09-29 09:36:55,COMPLETE,11,983.55
ORD20002955,C100184,HDFCBANK,NSE,BUY,CNC,MARKET,DAY,46,0.0,0.0,2026-09-29 09:41:29,COMPLETE,46,1572.23
ORD20001907,C100007,TCS,NSE,BUY,CNC,LIMIT,DAY,2,3989.35,0.0,2026-09-29 09:41:43,COMPLETE,2,3989.35
ORD20001821,C100075,BHARTIARTL,NSE,SELL,MIS,LIMIT,DAY,5,1361.35,0.0,2026-09-29 09:42:41,COMPLETE,5,1361.35
ORD20001880,C100179,AXISBANK,NSE,SELL,MIS,LIMIT,DAY,10,1201.85,0.0,2026-09-29 09:43:01,COMPLETE,10,1201.85
ORD20003988,C100066,TCS,NSE,SELL,CNC,LIMIT,DAY,17,3982.0,0.0,2026-09-29 09:44:39,COMPLETE,17,3982.0
ORD20003154,C100055,ONGC,NSE,SELL,MIS,LIMIT,DAY,435,274.0,0.0,2026-09-29 09:45:10,COMPLETE,435,274.0
ORD20003375,C100075,NTPC,NSE,SELL,MIS,LIMIT,DAY,76,356.45,0.0,2026-09-29 09:46:17,COMPLETE,76,356.45
ORD20001037,C100116,ICICIBANK,NSE,SELL,CNC,MARKET,DAY,57,0.0,0.0,2026-09-29 09:46:47,COMPLETE,57,1208.38
ORD20000606,C100080,KOTAKBANK,NSE,SELL,CNC,LIMIT,DAY,2,1775.2,0.0,2026-09-29 09:48:57,COMPLETE,2,1775.2
ORD20003939,C100187,HINDUNILVR,NSE,SELL,MIS,LIMIT,DAY,19,2529.4,0.0,2026-09-29 09:49:12,COMPLETE,19,2529.4
ORD20000927,C100136,NTPC,NSE,BUY,MIS,MARKET,DAY,11,0.0,0.0,2026-09-29 09:49:25,COMPLETE,11,368.45
ORD20004813,C100061,HINDUNILVR,NSE,SELL,MIS,MARKET,DAY,43,0.0,0.0,2026-09-29 09:50:06,COMPLETE,43,2511.45
ORD20001863,C100168,INFY,NSE,BUY,CNC,SL,DAY,33,1660.8,1652.5,2026-09-29 09:50:50,COMPLETE,33,1661.09
ORD20002466,C100031,ICICIBANK,NSE,SELL,CNC,LIMIT,DAY,27,1228.55,0.0,2026-09-29 09:52:03,PARTIAL,8,1228.55
ORD20001560,C100070,INFY,NSE,BUY,MIS,LIMIT,DAY,33,1576.75,0.0,2026-09-29 09:53:12,CANCELLED,0,0.0
ORD20002030,C100005,BHARTIARTL,NSE,BUY,MIS,MARKET,DAY,10,0.0,0.0,2026-09-29 09:53:47,PARTIAL,6,1334.15
ORD20002332,C100011,ITC,NSE,SELL,MIS,LIMIT,DAY,245,430.3,0.0,2026-09-29 09:56:05,COMPLETE,245,430.3
ORD20000851,C100014,SBIN,NSE,BUY,MIS,MARKET,DAY,13,0.0,0.0,2026-09-29 09:57:31,COMPLETE,13,797.38
ORD20003129,C100193,ICICIBANK,NSE,SELL,MIS,LIMIT,DAY,94,1183.5,0.0,2026-09-29 09:58:45,COMPLETE,94,1183.5
ORD20000734,C100019,RELIANCE,NSE,SELL,CNC,LIMIT,DAY,1,2983.1,0.0,2026-09-29 10:01:11,COMPLETE,1,2983.1
ORD20001763,C100038,KOTAKBANK,NSE,BUY,CNC,LIMIT,DAY,60,1853.25,0.0,2026-09-29 10:03:27,COMPLETE,60,1853.25
ORD20001459,C100089,MARUTI,NSE,BUY,CNC,LIMIT,DAY,1,11914.7,0.0,2026-09-29 10:03:35,CANCELLED,0,0.0
ORD20004852,C100044,RELIANCE,NSE,BUY,CNC,SL,DAY,17,2998.95,2983.95,2026-09-29 10:04:25,COMPLETE,17,3001.07
ORD20000534,C100197,ONGC,BSE,BUY,MIS,MARKET,DAY,31,0.0,0.0,2026-09-29 10:06:25,COMPLETE,31,279.09
ORD20001621,C100154,ONGC,NSE,BUY,MIS,SL,DAY,462,277.65,276.25,2026-09-29 10:07:23,REJECTED,0,0.0
ORD20001921,C100094,TATAMOTORS,NSE,BUY,CNC,MARKET,DAY,25,0.0,0.0,2026-09-29 10:08:16,COMPLETE,25,933.75
ORD20004012,C100176,HINDUNILVR,BSE,SELL,MIS,LIMIT,DAY,36,2484.5,0.0,2026-09-29 10:08:39,COMPLETE,36,2484.5
ORD20000019,C100167,ASIANPAINT,NSE,SELL,MIS,LIMIT,DAY,1,2869.45,0.0,2026-09-29 10:10:25,COMPLETE,1,2869.45
ORD20000208,C100072,TATAMOTORS,NSE,BUY,MIS,MARKET,DAY,9,0.0,0.0,2026-09-29 10:11:11,COMPLETE,9,942.14
ORD20000923,C100138,HINDUNILVR,NSE,SELL,CNC,MARKET,DAY,26,0.0,0.0,2026-09-29 10:12:22,COMPLETE,26,2490.55
ORD20001564,C100182,ICICIBANK,NSE,BUY,MIS,LIMIT,DAY,20,1265.6,0.0,2026-09-29 10:14:17,COMPLETE,20,1265.6
ORD20000974,C100066,HINDUNILVR,NSE,SELL,MIS,LIMIT,DAY,31,2365.45,0.0,2026-09-29 10:14:22,COMPLETE,31,2365.45
ORD20001913,C100000,MARUTI,NSE,BUY,MIS,LIMIT,DAY,1,12516.9,0.0,2026-09-29 10:16:51,COMPLETE,1,12516.9
ORD20000203,C100012,HINDUNILVR,NSE,BUY,CNC,MARKET,DAY,2,0.0,0.0,2026-09-29 10:17:12,PARTIAL,1,2393.45
ORD20001659,C100051,ITC,NSE,SELL,MIS,LIMIT,DAY,79,439.45,0.0,2026-09-29 10:17:19,COMPLETE,79,439.45
ORD20002070,C100042,ITC,NSE,BUY,MIS,LIMIT,DAY,47,449.9,0.0,2026-09-29 10:17:58,COMPLETE,47,449.9
ORD20001974,C100084,HINDUNILVR,NSE,BUY,CNC,LIMIT,DAY,2,2314.55,0.0,2026-09-29 10:18:21,COMPLETE,2,2314.55
ORD20001466,C100065,HDFCBANK,NSE,SELL,CNC,LIMIT,DAY,9,1690.8,0.0,2026-09-29 10:23:01,COMPLETE,9,1690.8
ORD20000829,C100028,HINDUNILVR,BSE,BUY,MIS,LIMIT,DAY,5,2412.55,0.0,2026-09-29 10:23:30,COMPLETE,5,2412.55
ORD20002359,C100112,ITC,NSE,SELL,MIS,MARKET,DAY,6,0.0,0.0,2026-09-29 10:26:47,COMPLETE,6,464.85
ORD20000167,C100078,MARUTI,NSE,SELL,CNC,LIMIT,DAY,4,11933.05,0.0,2026-09-29 10:32:36,COMPLETE,4,11933.05
ORD20001617,C100131,AXISBANK,NSE,BUY,CNC,SL,DAY,14,1161.2,1155.4,2026-09-29 10:33:33,COMPLETE,14,1161.6
ORD20004943,C100012,HINDUNILVR,NSE,BUY,CNC,MARKET,DAY,1,0.0,0.0,2026-09-29 10:33:59,COMPLETE,1,2374.55
ORD20003876,C100127,RELIANCE,NSE,BUY,MIS,MARKET,DAY,42,0.0,0.0,2026-09-29 10:36:35,COMPLETE,42,2679.99
ORD20004592,C100052,RELIANCE,NSE,SELL,CNC,MARKET,DAY,2,0.0,0.0,2026-09-29 10:38:36,COMPLETE,2,2833.2
ORD20004561,C100090,RELIANCE,NSE,BUY,CNC,LIMIT,DAY,2,2820.9,0.0,2026-09-29 10:40:39,COMPLETE,2,2820.9
ORD20002754,C100084,HINDUNILVR,NSE,BUY,CNC,LIMIT,DAY,5,2383.25,0.0,2026-09-29 10:40:46,COMPLETE,5,2383.25
ORD20001252,C100104,TITAN,NSE,SELL,MIS,LIMIT,DAY,2,3424.95,0.0,2026-09-29 10:41:01,COMPLETE,2,3424.95
ORD20001418,C100038,MARUTI,NSE,BUY,CNC,MARKET,DAY,2,0.0,0.0,2026-09-29 10:45:00,COMPLETE,2,12382.75
ORD20000937,C100044,MARUTI,NSE,BUY,MIS,MARKET,DAY,1,0.0,0.0,2026-09-29 10:51:10,PARTIAL,1,11405.85
ORD20003779,C100022,ONGC,NSE,BUY,MIS,LIMIT,DAY,52,279.75,0.0,2026-09-29 10:51:39,COMPLETE,52,279.75
ORD20001611,C100198,HDFCBANK,NSE,BUY,MIS,MARKET,DAY,20,0.0,0.0,2026-09-29 10:53:07,COMPLETE,20,1728.79
ORD20003828,C100017,TITAN,NSE,SELL,MIS,LIMIT,DAY,33,3273.85,0.0,2026-09-29 10:53:33,COMPLETE,33,3273.85
ORD20000866,C100087,HDFCBANK,NSE,SELL,MIS,LIMIT,DAY,85,1587.9,0.0,2026-09-29 10:54:19,COMPLETE,85,1587.9
ORD20002486,C100120,INFY,NSE,BUY,MIS,LIMIT,DAY,3,1628.25,0.0,2026-09-29 10:55:43,COMPLETE,3,1628.25
ORD20002991,C100054,TCS,NSE,SELL,MIS,MARKET,DAY,32,0.0,0.0,2026-09-29 10:56:57,COMPLETE,32,3927.73
ORD20002128,C100105,INFY,NSE,BUY,CNC,MARKET,DAY,61,0.0,0.0,2026-09-29 10:58:24,COMPLETE,61,1591.96
ORD20003092,C100079,MARUTI,NSE,SELL,MIS,MARKET,DAY,11,0.0,0.0,2026-09-29 10:59:08,COMPLETE,11,11493.04
ORD20004992,C100152,INFY,NSE,BUY,MIS,LIMIT,DAY,48,1567.95,0.0,2026-09-29 10:59:18,PARTIAL,11,1567.95
ORD20004810,C100172,TITAN,NSE,SELL,CNC,MARKET,DAY,11,0.0,0.0,2026-09-29 11:07:39,OPEN,0,0.0
ORD20004850,C100044,ASIANPAINT,NSE,SELL,MIS,MARKET,DAY,46,0.0,0.0,2026-09-29 11:08:30,COMPLETE,46,2782.12
ORD20003388,C100143,HINDUNILVR,NSE,BUY,CNC,MARKET,DAY,5,0.0,0.0,2026-09-29 11:12:17,COMPLETE,5,2516.78
ORD20004529,C100028,KOTAKBANK,NSE,BUY,MIS,LIMIT,DAY,3,1712.4,0.0,2026-09-29 11:15:23,OPEN,0,0.0
ORD20003259,C100130,HINDUNILVR,NSE,SELL,MIS,MARKET,DAY,21,0.0,0.0,2026-09-29 11:18:18,COMPLETE,21,2382.13
ORD20000323,C100085,HINDUNILVR,NSE,BUY,MIS,MARKET,DAY,5,0.0,0.0,2026-09-29 11:23:12,COMPLETE,5,2345.35
ORD20001323,C100130,ONGC,BSE,BUY,CNC,LIMIT,DAY,11,273.5,0.0,2026-09-29 11:25:37,CANCELLED,0,0.0
ORD20003978,C100096,MARUTI,NSE,SELL,MIS,LIMIT,DAY,1,12356.8,0.0,2026-09-29 11:26:49,REJECTED,0,0.0
ORD20003339,C100177,ITC,NSE,BUY,MIS,LIMIT,DAY,5,460.6,0.0,2026-09-29 11:27:06,COMPLETE,5,460.6
ORD20001173,C100003,HINDUNILVR,NSE,SELL,MIS,LIMIT,DAY,5,2327.9,0.0,2026-09-29 11:29:22,PARTIAL,2,2327.9
ORD20003026,C100054,MARUTI,NSE,BUY,MIS,LIMIT,DAY,1,12277.1,0.0,2026-09-29 11:31:44,COMPLETE,1,12277.1
ORD20004444,C100058,INFY,NSE,BUY,MIS,LIMIT,DAY,66,1564.35,0.0,2026-09-29 11:32:36,PARTIAL,31,1564.35
ORD20004631,C100083,ASIANPAINT,NSE,BUY,CNC,MARKET,DAY,3,0.0,0.0,2026-09-29 11:35:25,COMPLETE,3,3047.85
ORD20004745,C100170,ITC,NSE,BUY,MIS,MARKET,DAY,70,0.0,0.0,2026-09-29 11:36:14,COMPLETE,70,439.05
ORD20001718,C100079,TATAMOTORS,NSE,BUY,CNC,LIMIT,DAY,12,980.65,0.0,2026-09-29 11:36:46,COMPLETE,12,980.65
ORD20000644,C100078,RELIANCE,NSE,BUY,CNC,LIMIT,DAY,2,2888.4,0.0,2026-09-29 11:38:23,COMPLETE,2,2888.4
ORD20002095,C100014,INFY,NSE,SELL,CNC,LIMIT,DAY,65,1660.15,0.0,2026-09-29 11:40:07,COMPLETE,65,1660.15
ORD20000637,C100032,TCS,NSE,BUY,MIS,LIMIT,DAY,7,3979.45,0.0,2026-09-29 11:41:23,COMPLETE,7,3979.45
ORD20001927,C100064,ONGC,NSE,SELL,CNC,MARKET,DAY,115,0.0,0.0,2026-09-29 11:44:24,CANCELLED,0,0.0
ORD20002250,C100075,MARUTI,NSE,BUY,MIS,LIMIT,DAY,1,11713.95,0.0,2026-09-29 11:46:36,COMPLETE,1,11713.95
ORD20003042,C100104,TATAMOTORS,NSE,SELL,MIS,MARKET,DAY,32,0.0,0.0,2026-09-29 11:50:04,COMPLETE,32,911.35
ORD20004582,C100154,ICICIBANK,NSE,SELL,CNC,LIMIT,DAY,5,1232.1,0.0,2026-09-29 11:51:01,COMPLETE,5,1232.1
ORD20000576,C100087,ASIANPAINT,NSE,BUY,MIS,LIMIT,DAY,37,2895.65,0.0,2026-09-29 11:52:44,COMPLETE,37,2895.65
ORD20000625,C100188,MARUTI,NSE,BUY,CNC,SL,DAY,2,11774.7,11715.85,2026-09-29 11:53:45,COMPLETE,2,11766.95
ORD20000209,C100182,NTPC,NSE,SELL,MIS,SL,DAY,258,355.35,357.15,2026-09-29 11:53:50,REJECTED,0,0.0
ORD20003225,C100103,TATAMOTORS,BSE,BUY,CNC,LIMIT,DAY,119,969.0,0.0,2026-09-29 11:53:50,REJECTED,0,0.0
ORD20001243,C100030,INFY,NSE,SELL,MIS,LIMIT,DAY,26,1626.6,0.0,2026-09-29 11:54:02,COMPLETE,26,1626.6
ORD20002767,C100148,ASIANPAINT,NSE,SELL,MIS,LIMIT,DAY,2,2814.5,0.0,2026-09-29 11:54:38,COMPLETE,2,2814.5
ORD20002443,C100103,KOTAKBANK,NSE,SELL,MIS,MARKET,DAY,2,0.0,0.0,2026-09-29 11:55:41,COMPLETE,2,1791.02
ORD20000702,C100154,ICICIBANK,NSE,BUY,MIS,LIMIT,DAY,20,1156.25,0.0,2026-09-29 11:56:27,COMPLETE,20,1156.25
ORD20001471,C100037,MARUTI,BSE,SELL,MIS,MARKET,DAY,1,0.0,0.0,2026-09-29 11:58:00,COMPLETE,1,12176.8
ORD20004462,C100177,ONGC,NSE,SELL,MIS,LIMIT,DAY,279,271.0,0.0,2026-09-29 12:04:40,COMPLETE,279,271.0
ORD20000189,C100043,ICICIBANK,NSE,SELL,CNC,LIMIT,DAY,3,1188.6,0.0,2026-09-29 12:05:21,COMPLETE,3,1188.6
ORD20003654,C100160,ICICIBANK,NSE,SELL,MIS,MARKET,DAY,19,0.0,0.0,2026-09-29 12:08:27,COMPLETE,19,1235.05
ORD20001395,C100152,BHARTIARTL,NSE,SELL,CNC,MARKET,DAY,4,0.0,0.0,2026-09-29 12:10:00,COMPLETE,4,1389.55
ORD20001380,C100151,BHARTIARTL,NSE,SELL,MIS,LIMIT,DAY,47,1354.0,0.0,2026-09-29 12:10:17,COMPLETE,47,1354.0
ORD20001209,C100040,INFY,NSE,SELL,CNC,SL,DAY,28,1637.25,1645.45,2026-09-29 12:13:28,COMPLETE,28,1636.05
ORD20004148,C100087,KOTAKBANK,NSE,BUY,MIS,LIMIT,DAY,18,1744.75,0.0,2026-09-29 12:13:55,COMPLETE,18,1744.75
ORD20003804,C100026,AXISBANK,NSE,BUY,CNC,LIMIT,DAY,26,1229.95,0.0,2026-09-29 12:15:47,COMPLETE,26,1229.95
ORD20001285,C100123,HINDUNILVR,BSE,BUY,MIS,LIMIT,DAY,4,2459.6,0.0,2026-09-29 12:18:09,COMPLETE,4,2459.6
ORD20003212,C100004,BHARTIARTL,BSE,BUY,CNC,LIMIT,DAY,3,1405.85,0.0,2026-09-29 12:21:14,OPEN,0,0.0
ORD20004554,C100056,ITC,NSE,BUY,MIS,MARKET,DAY,29,0.0,0.0,2026-09-29 12:23:56,COMPLETE,29,446.51
ORD20001998,C100139,ICICIBANK,NSE,SELL,MIS,LIMIT,DAY,34,1209.8,0.0,2026-09-29 12:27:11,OPEN,0,0.0
ORD20000480,C100025,MARUTI,NSE,SELL,MIS,LIMIT,DAY,1,11916.75,0.0,2026-09-29 12:28:10,COMPLETE,1,11916.75
ORD20002827,C100159,SBIN,NSE,SELL,MIS,LIMIT,DAY,38,820.7,0.0,2026-09-29 12:28:41,OPEN,0,0.0
ORD20003930,C100041,BHARTIARTL,NSE,SELL,MIS,MARKET,DAY,4,0.0,0.0,2026-09-29 12:29:55,COMPLETE,4,1380.69
ORD20004941,C100112,HINDUNILVR,NSE,BUY,CNC,LIMIT,DAY,62,2329.2,0.0,2026-09-29 12:30:56,COMPLETE,62,2329.2
ORD20002337,C100092,ITC,NSE,SELL,CNC,LIMIT,DAY,60,471.05,0.0,2026-09-29 12:31:58,COMPLETE,60,471.05
ORD20003390,C100182,HDFCBANK,NSE,SELL,CNC,SL,DAY,2,1679.65,1688.05,2026-09-29 12:32:53,COMPLETE,2,1679.85
ORD20004793,C100159,ITC,NSE,SELL,CNC,LIMIT,DAY,16,416.55,0.0,2026-09-29 12:34:12,COMPLETE,16,416.55
ORD20000571,C100037,HDFCBANK,BSE,SELL,MIS,LIMIT,DAY,90,1622.65,0.0,2026-09-29 12:39:18,COMPLETE,90,1622.65
ORD20001381,C100068,BHARTIARTL,NSE,BUY,CNC,MARKET,DAY,51,0.0,0.0,2026-09-29 12:40:15,COMPLETE,51,1457.48
ORD20003109,C100194,TCS,NSE,SELL,MIS,MARKET,DAY,1,0.0,0.0,2026-09-29 12:42:28,CANCELLED,0,0.0
ORD20003426,C100172,TATAMOTORS,NSE,SELL,MIS,SL,DAY,11,953.7,958.45,2026-09-29 12:43:09,COMPLETE,11,954.92
ORD20001800,C100093,RELIANCE,NSE,BUY,CNC,MARKET,DAY,2,0.0,0.0,2026-09-29 12:43:37,COMPLETE,2,2898.6
ORD20000194,C100174,HINDUNILVR,NSE,SELL,MIS,MARKET,DAY,37,0.0,0.0,2026-09-29 12:44:15,COMPLETE,37,2279.01
ORD20004984,C100057,ONGC,NSE,SELL,CNC,LIMIT,DAY,223,280.75,0.0,2026-09-29 12:46:50,COMPLETE,223,280.75
ORD20002582,C100108,BHARTIARTL,NSE,SELL,MIS,LIMIT,DAY,3,1460.5,0.0,2026-09-29 12:49:02,COMPLETE,3,1460.5
ORD20002031,C100100,HDFCBANK,NSE,SELL,MIS,SL,DAY,17,1653.25,1661.5,2026-09-29 12:49:40,COMPLETE,17,1653.66
ORD20003207,C100083,HINDUNILVR,NSE,BUY,CNC,LIMIT,DAY,2,2462.35,0.0,2026-09-29 12:51:44,COMPLETE,2,2462.35
ORD20004049,C100138,TATAMOTORS,NSE,BUY,MIS,LIMIT,DAY,73,963.55,0.0,2026-09-29 12:53:48,COMPLETE,73,963.55
ORD20003951,C100020,INFY,NSE,BUY,MIS,LIMIT,DAY,2,1617.4,0.0,2026-09-29 12:56:31,COMPLETE,2,1617.4
ORD20002479,C100167,ICICIBANK,NSE,SELL,MIS,LIMIT,DAY,35,1166.25,0.0,2026-09-29 12:57:17,CANCELLED,0,0.0
ORD20004203,C100072,HINDUNILVR,NSE,BUY,CNC,LIMIT,DAY,1,2369.3,0.0,2026-09-29 12:58:14,COMPLETE,1,2369.3
ORD20000718,C100031,TITAN,NSE,BUY,MIS,LIMIT,DAY,2,3231.75,0.0,2026-09-29 12:58:34,COMPLETE,2,3231.75
ORD20002916,C100067,INFY,NSE,BUY,MIS,LIMIT,DAY,3,1571.5,0.0,2026-09-29 12:59:23,COMPLETE,3,1571.5
ORD20001680,C100115,ITC,NSE,BUY,MIS,LIMIT,DAY,208,435.0,0.0,2026-09-29 13:00:29,COMPLETE,208,435.0
ORD20000111,C100183,NTPC,BSE,SELL,MIS,SL,DAY,16,362.15,363.95,2026-09-29 13:02:01,COMPLETE,16,362.08
ORD20003078,C100038,ONGC,NSE,BUY,MIS,LIMIT,DAY,464,270.15,0.0,2026-09-29 13:02:28,COMPLETE,464,270.15
ORD20000721,C100070,RELIANCE,NSE,SELL,MIS,LIMIT,DAY,6,2900.85,0.0,2026-09-29 13:07:22,CANCELLED,0,0.0
ORD20001313,C100169,ASIANPAINT,NSE,SELL,CNC,MARKET,DAY,2,0.0,0.0,2026-09-29 13:08:43,COMPLETE,2,3060.3
ORD20002097,C100118,RELIANCE,NSE,BUY,MIS,LIMIT,DAY,25,3034.0,0.0,2026-09-29 13:08:47,COMPLETE,25,3034.0
ORD20000986,C100028,RELIANCE,NSE,BUY,MIS,MARKET,DAY,9,0.0,0.0,2026-09-29 13:10:37,CANCELLED,0,0.0
ORD20004878,C100098,RELIANCE,NSE,SELL,MIS,LIMIT,DAY,1,2822.45,0.0,2026-09-29 13:18:31,COMPLETE,1,2822.45
ORD20000484,C100164,AXISBANK,NSE,BUY,CNC,MARKET,DAY,30,0.0,0.0,2026-09-29 13:18:43,COMPLETE,30,1147.5
ORD20003893,C100018,INFY,BSE,SELL,MIS,LIMIT,DAY,25,1529.55,0.0,2026-09-29 13:19:13,COMPLETE,25,1529.55
ORD20000967,C100014,KOTAKBANK,NSE,BUY,MIS,MARKET,DAY,31,0.0,0.0,2026-09-29 13:20:50,COMPLETE,31,1701.0
ORD20001770,C100122,HINDUNILVR,NSE,BUY,MIS,LIMIT,DAY,13,2301.0,0.0,2026-09-29 13:22:28,COMPLETE,13,2301.0
ORD20000172,C100113,KOTAKBANK,BSE,SELL,MIS,LIMIT,DAY,79,1806.45,0.0,2026-09-29 13:22:38,CANCELLED,0,0.0
ORD20003823,C100097,ITC,NSE,BUY,CNC,SL,DAY,26,481.25,478.85,2026-09-29 13:23:25,COMPLETE,26,481.3
ORD20003361,C100094,TITAN,NSE,BUY,MIS,LIMIT,DAY,1,3377.9,0.0,2026-09-29 13:23:33,COMPLETE,1,3377.9
ORD20002039,C100010,HINDUNILVR,NSE,BUY,MIS,LIMIT,DAY,2,2452.7,0.0,2026-09-29 13:25:16,COMPLETE,2,2452.7
ORD20001648,C100172,HINDUNILVR,NSE,SELL,MIS,LIMIT,DAY,6,2306.55,0.0,2026-09-29 13:27:35,COMPLETE,6,2306.55
ORD20000489,C100068,TATAMOTORS,NSE,SELL,CNC,SL,DAY,6,941.55,946.25,2026-09-29 13:28:04,COMPLETE,6,941.62
ORD20003788,C100089,ITC,NSE,SELL,MIS,LIMIT,DAY,29,432.6,0.0,2026-09-29 13:28:09,COMPLETE,29,432.6
ORD20000772,C100150,ICICIBANK,NSE,SELL,MIS,SL,DAY,11,1186.4,1192.35,2026-09-29 13:34:16,COMPLETE,11,1185.35
ORD20003634,C100093,ITC,NSE,SELL,CNC,MARKET,DAY,31,0.0,0.0,2026-09-29 13:34:21,CANCELLED,0,0.0
ORD20002019,C100170,AXISBANK,NSE,SELL,CNC,LIMIT,DAY,31,1128.6,0.0,2026-09-29 13:37:46,COMPLETE,31,1128.6
ORD20000277,C100084,ITC,NSE,BUY,MIS,LIMIT,DAY,23,446.55,0.0,2026-09-29 13:39:29,PARTIAL,14,446.55
ORD20004166,C100070,SBIN,NSE,BUY,CNC,LIMIT,DAY,31,783.9,0.0,2026-09-29 13:41:05,CANCELLED,0,0.0
ORD20002352,C100182,AXISBANK,NSE,BUY,MIS,LIMIT,DAY,60,1162.25,0.0,2026-09-29 13:42:29,PARTIAL,34,1162.25
ORD20002481,C100015,BHARTIARTL,NSE,SELL,MIS,MARKET,DAY,104,0.0,0.0,2026-09-29 13:42:39,COMPLETE,104,1356.4
ORD20001460,C100025,ONGC,NSE,SELL,MIS,LIMIT,DAY,281,259.9,0.0,2026-09-29 13:44:04,COMPLETE,281,259.9
ORD20004682,C100145,BHARTIARTL,NSE,SELL,CNC,MARKET,DAY,82,0.0,0.0,2026-09-29 13:44:29,COMPLETE,82,1429.87
ORD20004873,C100151,ASIANPAINT,NSE,SELL,MIS,MARKET,DAY,1,0.0,0.0,2026-09-29 13:44:52,COMPLETE,1,2980.65
ORD20002874,C100105,ONGC,NSE,SELL,MIS,LIMIT,DAY,251,257.15,0.0,2026-09-29 13:49:12,CANCELLED,0,0.0
ORD20004652,C100193,MARUTI,NSE,BUY,MIS,MARKET,DAY,2,0.0,0.0,2026-09-29 13:49:29,COMPLETE,2,12340.75
ORD20000350,C100019,KOTAKBANK,NSE,SELL,MIS,LIMIT,DAY,12,1756.85,0.0,2026-09-29 13:49:34,REJECTED,0,0.0
ORD20003342,C100089,AXISBANK,NSE,SELL,CNC,MARKET,DAY,8,0.0,0.0,2026-09-29 13:52:06,CANCELLED,0,0.0
ORD20002472,C100185,NTPC,NSE,BUY,CNC,LIMIT,DAY,15,335.5,0.0,2026-09-29 13:53:03,COMPLETE,15,335.5
ORD20000431,C100099,SBIN,NSE,SELL,MIS,LIMIT,DAY,7,819.8,0.0,2026-09-29 13:53:55,COMPLETE,7,819.8
ORD20003513,C100051,INFY,NSE,SELL,MIS,LIMIT,DAY,4,1621.65,0.0,2026-09-29 13:54:22,COMPLETE,4,1621.65
ORD20004011,C100117,ITC,NSE,BUY,MIS,MARKET,DAY,159,0.0,0.0,2026-09-29 13:55:00,COMPLETE,159,451.45
ORD20001425,C100064,SUNPHARMA,NSE,BUY,CNC,LIMIT,DAY,9,1677.4,0.0,2026-09-29 13:55:56,COMPLETE,9,1677.4
ORD20004489,C100078,MARUTI,NSE,SELL,CNC,MARKET,DAY,5,0.0,0.0,2026-09-29 13:56:51,COMPLETE,5,12396.9
ORD20002259,C100172,HDFCBANK,NSE,BUY,MIS,LIMIT,DAY,51,1601.15,0.0,2026-09-29 13:59:03,COMPLETE,51,1601.15
ORD20003880,C100006,AXISBANK,NSE,SELL,MIS,MARKET,DAY,11,0.0,0.0,2026-09-29 13:59:53,PARTIAL,8,1093.4
ORD20004124,C100009,ITC,NSE,SELL,MIS,MARKET,DAY,76,0.0,0.0,2026-09-29 14:02:33,COMPLETE,76,432.69
ORD20000052,C100114,TATAMOTORS,NSE,BUY,CNC,LIMIT,DAY,49,976.15,0.0,2026-09-29 14:05:03,COMPLETE,49,976.15
ORD20000635,C100007,HINDUNILVR,NSE,SELL,MIS,LIMIT,DAY,5,2275.85,0.0,2026-09-29 14:06:20,COMPLETE,5,2275.85
ORD20003391,C100000,ICICIBANK,NSE,SELL,CNC,LIMIT,DAY,15,1225.35,0.0,2026-09-29 14:09:04,COMPLETE,15,1225.35
ORD20000598,C100193,AXISBANK,NSE,BUY,MIS,LIMIT,DAY,45,1101.6,0.0,2026-09-29 14:10:23,COMPLETE,45,1101.6
ORD20000438,C100094,ASIANPAINT,BSE,BUY,MIS,MARKET,DAY,1,0.0,0.0,2026-09-29 14:13:57,COMPLETE,1,2947.4
ORD20003076,C100024,HINDUNILVR,BSE,BUY,MIS,LIMIT,DAY,5,2354.15,0.0,2026-09-29 14:14:48,COMPLETE,5,2354.15
ORD20001781,C100018,MARUTI,NSE,SELL,CNC,MARKET,DAY,1,0.0,0.0,2026-09-29 14:15:25,CANCELLED,0,0.0
ORD20002992,C100104,INFY,NSE,SELL,MIS,MARKET,DAY,4,0.0,0.0,2026-09-29 14:20:56,COMPLETE,4,1586.76
ORD20000018,C100044,ITC,NSE,BUY,CNC,MARKET,DAY,273,0.0,0.0,2026-09-29 14:22:03,CANCELLED,0,0.0
ORD20004423,C100103,TCS,NSE,SELL,MIS,LIMIT,DAY,1,3977.5,0.0,2026-09-29 14:22:29,REJECTED,0,0.0
ORD20000308,C100038,HINDUNILVR,NSE,BUY,MIS,LIMIT,DAY,1,2373.15,0.0,2026-09-29 14:22:40,COMPLETE,1,2373.15
ORD20002411,C100034,ICICIBANK,NSE,BUY,MIS,LIMIT,DAY,2,1243.35,0.0,2026-09-29 14:26:06,COMPLETE,2,1243.35
ORD20002751,C100198,RELIANCE,NSE,BUY,MIS,LIMIT,DAY,46,2953.05,0.0,2026-09-29 14:29:05,COMPLETE,46,2953.05
ORD20002717,C100137,HINDUNILVR,NSE,BUY,CNC,LIMIT,DAY,28,2331.4,0.0,2026-09-29 14:29:33,CANCELLED,0,0.0
ORD20003171,C100117,ONGC,NSE,SELL,MIS,LIMIT,DAY,111,266.15,0.0,2026-09-29 14:30:01,COMPLETE,111,266.15
ORD20002615,C100169,ONGC,NSE,SELL,CNC,LIMIT,DAY,285,261.75,0.0,2026-09-29 14:32:57,COMPLETE,285,261.75
ORD20003365,C100062,AXISBANK,NSE,BUY,CNC,LIMIT,DAY,61,1138.8,0.0,2026-09-29 14:32:58,COMPLETE,61,1138.8
ORD20004133,C100101,TATAMOTORS,NSE,SELL,CNC,LIMIT,DAY,13,928.1,0.0,2026-09-29 14:32:59,COMPLETE,13,928.1
ORD20003645,C100120,ASIANPAINT,NSE,BUY,MIS,LIMIT,DAY,23,2929.25,0.0,2026-09-29 14:33:10,COMPLETE,23,2929.25
ORD20002882,C100044,ITC,NSE,SELL,MIS,LIMIT,DAY,7,443.2,0.0,2026-09-29 14:36:54,CANCELLED,0,0.0
ORD20001628,C100069,MARUTI,NSE,BUY,CNC,LIMIT,DAY,1,11930.6,0.0,2026-09-29 14:40:52,COMPLETE,1,11930.6
ORD20001299,C100134,KOTAKBANK,NSE,SELL,MIS,LIMIT,DAY,3,1690.2,0.0,2026-09-29 14:41:24,OPEN,0,0.0
ORD20004454,C100044,NTPC,NSE,BUY,MIS,MARKET,DAY,37,0.0,0.0,2026-09-29 14:41:51,COMPLETE,37,374.84
ORD20003687,C100016,HDFCBANK,NSE,BUY,MIS,SL,DAY,12,1620.8,1612.7,2026-09-29 14:42:16,CANCELLED,0,0.0
ORD20000820,C100003,ITC,NSE,SELL,MIS,LIMIT,DAY,284,433.3,0.0,2026-09-29 14:44:05,COMPLETE,284,433.3
ORD20003029,C100132,KOTAKBANK,NSE,SELL,CNC,LIMIT,DAY,3,1808.5,0.0,2026-09-29 14:44:49,COMPLETE,3,1808.5
ORD20003765,C100027,AXISBANK,NSE,BUY,CNC,MARKET,DAY,18,0.0,0.0,2026-09-29 14:44:54,COMPLETE,18,1147.96
ORD20001444,C100109,RELIANCE,NSE,SELL,CNC,LIMIT,DAY,3,2888.9,0.0,2026-09-29 14:45:19,COMPLETE,3,2888.9
ORD20001062,C100089,NTPC,NSE,BUY,MIS,MARKET,DAY,127,0.0,0.0,2026-09-29 14:45:42,COMPLETE,127,349.45
ORD20000278,C100194,TATAMOTORS,NSE,BUY,MIS,MARKET,DAY,3,0.0,0.0,2026-09-29 14:49:39,COMPLETE,3,890.95
ORD20002560,C100070,ASIANPAINT,NSE,SELL,MIS,LIMIT,DAY,7,3008.7,0.0,2026-09-29 14:50:27,COMPLETE,7,3008.7
ORD20003720,C100162,BHARTIARTL,NSE,SELL,MIS,LIMIT,DAY,90,1390.45,0.0,2026-09-29 14:52:01,CANCELLED,0,0.0
ORD20000226,C100022,TATAMOTORS,NSE,SELL,CNC,MARKET,DAY,151,0.0,0.0,2026-09-29 14:57:38,COMPLETE,151,926.8
ORD20001514,C100190,MARUTI,NSE,BUY,MIS,LIMIT,DAY,5,12152.2,0.0,2026-09-29 14:59:57,COMPLETE,5,12152.2
ORD20001655,C100100,HINDUNILVR,NSE,BUY,CNC,SL,DAY,28,2466.85,2454.5,2026-09-29 15:01:59,COMPLETE,28,2466.01
ORD20004163,C100080,NTPC,NSE,SELL,CNC,LIMIT,DAY,80,373.05,0.0,2026-09-29 15:04:26,COMPLETE,80,373.05
ORD20003071,C100080,ONGC,NSE,SELL,CNC,MARKET,DAY,259,0.0,0.0,2026-09-29 15:05:14,COMPLETE,259,262.47
ORD20001565,C100075,HDFCBANK,NSE,BUY,CNC,SL,DAY,29,1692.55,1684.05,2026-09-29 15:06:03,COMPLETE,29,1694.3
ORD20002693,C100051,HDFCBANK,NSE,BUY,MIS,MARKET,DAY,3,0.0,0.0,2026-09-29 15:07:43,COMPLETE,3,1571.3
ORD20001307,C100150,HINDUNILVR,NSE,SELL,CNC,MARKET,DAY,12,0.0,0.0,2026-09-29 15:07:43,COMPLETE,12,2483.95
ORD20000075,C100085,ITC,NSE,SELL,CNC,LIMIT,DAY,15,429.9,0.0,2026-09-29 15:08:54,COMPLETE,15,429.9
ORD20002420,C100021,AXISBANK,NSE,SELL,MIS,LIMIT,DAY,19,1182.1,0.0,2026-09-29 15:09:54,COMPLETE,19,1182.1
ORD20004817,C100016,ITC,NSE,SELL,MIS,LIMIT,DAY,100,447.05,0.0,2026-09-29 15:09:58,COMPLETE,100,447.05
ORD20004530,C100049,HDFCBANK,NSE,SELL,MIS,LIMIT,DAY,2,1747.7,0.0,2026-09-29 15:10:03,CANCELLED,0,0.0
ORD20004018,C100105,MARUTI,NSE,SELL,CNC,LIMIT,DAY,2,12051.8,0.0,2026-09-29 15:10:31,COMPLETE,2,12051.8
ORD20002513,C100188,ITC,NSE,BUY,MIS,LIMIT,DAY,32,442.7,0.0,2026-09-29 15:10:37,COMPLETE,32,442.7
ORD20004716,C100149,HINDUNILVR,NSE,BUY,MIS,LIMIT,DAY,2,2283.45,0.0,2026-09-29 15:13:51,COMPLETE,2,2283.45
ORD20000169,C100017,HDFCBANK,NSE,BUY,CNC,LIMIT,DAY,16,1625.9,0.0,2026-09-29 15:15:25,COMPLETE,16,1625.9
ORD20003011,C100012,INFY,NSE,SELL,MIS,SL,DAY,22,1578.85,1586.75,2026-09-29 15:15:28,PARTIAL,15,1579.68
ORD20001495,C100093,NTPC,BSE,BUY,MIS,SL,DAY,59,364.3,362.45,2026-09-29 15:15:34,COMPLETE,59,364.02
ORD20002756,C100103,BHARTIARTL,NSE,SELL,MIS,SL,DAY,48,1395.8,1402.8,2026-09-29 15:17:00,COMPLETE,48,1394.15
ORD20003733,C100021,TITAN,NSE,SELL,CNC,LIMIT,DAY,8,3532.2,0.0,2026-09-29 15:18:05,COMPLETE,8,3532.2
ORD20002713,C100078,INFY,NSE,BUY,CNC,LIMIT,DAY,19,1539.9,0.0,2026-09-29 15:18:28,REJECTED,0,0.0
ORD20003728,C100017,MARUTI,NSE,BUY,MIS,LIMIT,DAY,10,12674.65,0.0,2026-09-29 15:20:06,COMPLETE,10,12674.65
ORD20002837,C100130,ITC,NSE,BUY,MIS,LIMIT,DAY,262,460.2,0.0,2026-09-29 15:21:39,COMPLETE,262,460.2
ORD20003798,C100189,AXISBANK,NSE,SELL,CNC,LIMIT,DAY,24,1147.65,0.0,2026-09-29 15:23:11,COMPLETE,24,1147.65
ORD20001928,C100157,RELIANCE,NSE,SELL,MIS,LIMIT,DAY,7,2724.4,0.0,2026-09-29 15:24:46,COMPLETE,7,2724.4
ORD20000796,C100159,HDFCBANK,NSE,BUY,MIS,LIMIT,DAY,81,1603.7,0.0,2026-09-30 09:15:13,COMPLETE,81,1603.7
ORD20000942,C100154,TCS,NSE,BUY,MIS,LIMIT,DAY,1,3642.4,0.0,2026-09-30 09:16:24,COMPLETE,1,3642.4
ORD20003094,C100141,TATAMOTORS,NSE,SELL,MIS,LIMIT,DAY,31,947.9,0.0,2026-09-30 09:17:52,COMPLETE,31,947.9
ORD20001301,C100067,TATAMOTORS,NSE,BUY,CNC,LIMIT,DAY,6,982.15,0.0,2026-09-30 09:20:24,COMPLETE,6,982.15
ORD20004306,C100114,RELIANCE,NSE,SELL,CNC,MARKET,DAY,19,0.0,0.0,2026-09-30 09:21:46,COMPLETE,19,2851.6
ORD20001375,C100118,AXISBANK,NSE,SELL,CNC,LIMIT,DAY,50,1131.4,0.0,2026-09-30 09:25:09,CANCELLED,0,0.0
ORD20004426,C100007,ONGC,NSE,BUY,MIS,MARKET,DAY,21,0.0,0.0,2026-09-30 09:25:14,COMPLETE,21,263.35
ORD20004330,C100085,MARUTI,NSE,SELL,CNC,LIMIT,DAY,6,12030.75,0.0,2026-09-30 09:25:39,CANCELLED,0,0.0
ORD20003099,C100196,ITC,NSE,SELL,MIS,MARKET,DAY,20,0.0,0.0,2026-09-30 09:29:21,COMPLETE,20,463.88
ORD20000581,C100128,HINDUNILVR,NSE,SELL,CNC,LIMIT,DAY,5,2367.95,0.0,2026-09-30 09:29:27,COMPLETE,5,2367.95
ORD20003886,C100167,MARUTI,NSE,SELL,MIS,LIMIT,DAY,1,11816.85,0.0,2026-09-30 09:30:02,COMPLETE,1,11816.85
ORD20002498,C100127,SUNPHARMA,NSE,SELL,CNC,LIMIT,DAY,14,1664.7,0.0,2026-09-30 09:30:56,COMPLETE,14,1664.7
ORD20003998,C100148,TATAMOTORS,NSE,BUY,MIS,LIMIT,DAY,53,967.6,0.0,2026-09-30 09:33:24,COMPLETE,53,967.6
ORD20003595,C100075,ICICIBANK,NSE,BUY,MIS,LIMIT,DAY,106,1230.75,0.0,2026-09-30 09:33:55,REJECTED,0,0.0
ORD20002499,C100178,TATAMOTORS,NSE,SELL,MIS,SL,DAY,7,962.6,967.4,2026-09-30 09:33:58,COMPLETE,7,962.79
ORD20003204,C100132,INFY,NSE,BUY,MIS,LIMIT,DAY,54,1624.15,0.0,2026-09-30 09:34:14,COMPLETE,54,1624.15
ORD20000665,C100156,HDFCBANK,NSE,BUY,CNC,MARKET,DAY,7,0.0,0.0,2026-09-30 09:35:04,COMPLETE,7,1680.3
ORD20004354,C100161,MARUTI,NSE,BUY,MIS,MARKET,DAY,1,0.0,0.0,2026-09-30 09:36:45,COMPLETE,1,11689.45
ORD20003578,C100046,BHARTIARTL,NSE,SELL,CNC,MARKET,DAY,14,0.0,0.0,2026-09-30 09:36:50,COMPLETE,14,1458.34
ORD20000441,C100177,BHARTIARTL,NSE,SELL,MIS,MARKET,DAY,102,0.0,0.0,2026-09-30 09:38:32,COMPLETE,102,1382.7
ORD20000177,C100186,ONGC,NSE,SELL,MIS,MARKET,DAY,10,0.0,0.0,2026-09-30 09:40:53,COMPLETE,10,264.62
ORD20004986,C100015,HDFCBANK,NSE,SELL,MIS,LIMIT,DAY,8,1663.4,0.0,2026-09-30 09:41:04,COMPLETE,8,1663.4
ORD20004332,C100122,BHARTIARTL,NSE,BUY,CNC,MARKET,DAY,7,0.0,0.0,2026-09-30 09:41:04,COMPLETE,7,1405.95
ORD20000320,C100140,SBIN,NSE,SELL,MIS,MARKET,DAY,36,0.0,0.0,2026-09-30 09:41:16,COMPLETE,36,826.5
ORD20003675,C100101,NTPC,NSE,BUY,MIS,LIMIT,DAY,19,349.85,0.0,2026-09-30 09:42:29,COMPLETE,19,349.85
ORD20000247,C100134,HDFCBANK,NSE,BUY,MIS,MARKET,DAY,53,0.0,0.0,2026-09-30 09:42:57,COMPLETE,53,1696.68
ORD20002167,C100145,SBIN,NSE,SELL,CNC,LIMIT,DAY,33,757.1,0.0,2026-09-30 09:44:18,COMPLETE,33,757.1
ORD20002585,C100104,INFY,NSE,BUY,CNC,LIMIT,DAY,1,1550.45,0.0,2026-09-30 09:44:58,COMPLETE,1,1550.45
ORD20000827,C100115,HINDUNILVR,NSE,BUY,MIS,MARKET,DAY,5,0.0,0.0,2026-09-30 09:45:05,COMPLETE,5,2403.9
ORD20000150,C100077,BHARTIARTL,NSE,SELL,CNC,LIMIT,DAY,54,1349.45,0.0,2026-09-30 09:45:33,COMPLETE,54,1349.45
ORD20003709,C100111,NTPC,NSE,BUY,CNC,LIMIT,DAY,80,361.85,0.0,2026-09-30 09:47:29,COMPLETE,80,361.85
ORD20003739,C100140,SBIN,NSE,SELL,CNC,LIMIT,DAY,63,746.9,0.0,2026-09-30 09:50:26,COMPLETE,63,746.9
ORD20003984,C100090,RELIANCE,NSE,BUY,MIS,MARKET,DAY,35,0.0,0.0,2026-09-30 09:51:06,COMPLETE,35,2924.7
ORD20004095,C100053,HINDUNILVR,NSE,SELL,MIS,LIMIT,DAY,44,2341.3,0.0,2026-09-30 09:51:59,COMPLETE,44,2341.3
ORD20000699,C100182,ASIANPAINT,BSE,SELL,CNC,LIMIT,DAY,3,3001.2,0.0,2026-09-30 09:52:34,PARTIAL,1,3001.2
ORD20001114,C100002,SBIN,NSE,BUY,MIS,MARKET,DAY,8,0.0,0.0,2026-09-30 09:54:18,COMPLETE,8,786.65
ORD20000954,C100016,HDFCBANK,NSE,BUY,CNC,MARKET,DAY,80,0.0,0.0,2026-09-30 09:54:51,COMPLETE,80,1562.51
ORD20001400,C100100,HINDUNILVR,NSE,BUY,MIS,MARKET,DAY,30,0.0,0.0,2026-09-30 09:55:32,COMPLETE,30,2357.77
ORD20002268,C100156,BHARTIARTL,NSE,SELL,MIS,MARKET,DAY,5,0.0,0.0,2026-09-30 09:55:47,COMPLETE,5,1406.83
ORD20002551,C100172,BHARTIARTL,NSE,SELL,MIS,LIMIT,DAY,2,1392.6,0.0,2026-09-30 09:56:38,CANCELLED,0,0.0
ORD20002668,C100024,RELIANCE,NSE,BUY,CNC,LIMIT,DAY,16,2860.25,0.0,2026-09-30 09:58:44,COMPLETE,16,2860.25
ORD20003614,C100059,ONGC,NSE,SELL,MIS,LIMIT,DAY,525,273.75,0.0,2026-09-30 09:59:06,COMPLETE,525,273.75
ORD20002310,C100128,ICICIBANK,NSE,BUY,CNC,MARKET,DAY,11,0.0,0.0,2026-09-30 09:59:36,PARTIAL,3,1208.22
ORD20000930,C100150,ASIANPAINT,NSE,BUY,MIS,MARKET,DAY,9,0.0,0.0,2026-09-30 10:02:11,REJECTED,0,0.0
ORD20001818,C100199,INFY,NSE,SELL,MIS,MARKET,DAY,12,0.0,0.0,2026-09-30 10:09:17,COMPLETE,12,1589.5
ORD20003589,C100168,MARUTI,NSE,BUY,CNC,LIMIT,DAY,6,12618.65,0.0,2026-09-30 10:11:08,COMPLETE,6,12618.65
ORD20002413,C100063,TATAMOTORS,NSE,BUY,MIS,MARKET,DAY,48,0.0,0.0,2026-09-30 10:12:38,COMPLETE,48,951.8
ORD20000008,C100182,ITC,NSE,BUY,MIS,MARKET,DAY,11,0.0,0.0,2026-09-30 10:12:41,COMPLETE,11,452.76
ORD20003523,C100152,BHARTIARTL,NSE,BUY,MIS,LIMIT,DAY,6,1397.1,0.0,2026-09-30 10:15:43,COMPLETE,6,1397.1
ORD20000245,C100130,MARUTI,NSE,BUY,MIS,LIMIT,DAY,1,12225.35,0.0,2026-09-30 10:18:51,COMPLETE,1,12225.35
ORD20000299,C100164,ITC,BSE,BUY,CNC,SL,DAY,11,450.8,448.55,2026-09-30 10:19:50,COMPLETE,11,450.79
ORD20003587,C100152,TATAMOTORS,NSE,BUY,CNC,LIMIT,DAY,6,915.7,0.0,2026-09-30 10:21:14,COMPLETE,6,915.7
ORD20002173,C100126,AXISBANK,NSE,BUY,MIS,LIMIT,DAY,14,1132.75,0.0,2026-09-30 10:22:31,COMPLETE,14,1132.75
ORD20004820,C100151,TITAN,BSE,SELL,CNC,LIMIT,DAY,2,3508.2,0.0,2026-09-30 10:22:41,COMPLETE,2,3508.2
ORD20003368,C100077,ITC,NSE,SELL,MIS,MARKET,DAY,267,0.0,0.0,2026-09-30 10:23:25,CANCELLED,0,0.0
ORD20001154,C100191,HDFCBANK,NSE,SELL,MIS,LIMIT,DAY,4,1515.0,0.0,2026-09-30 10:24:55,COMPLETE,4,1515.0
ORD20002831,C100139,ITC,NSE,BUY,MIS,LIMIT,DAY,76,440.3,0.0,2026-09-30 10:24:56,COMPLETE,76,440.3
ORD20004985,C100058,TCS,NSE,BUY,MIS,SL,DAY,7,3941.15,3921.4,2026-09-30 10:25:07,COMPLETE,7,3940.84
ORD20000395,C100089,SBIN,NSE,SELL,MIS,SL,DAY,111,750.85,754.6,2026-09-30 10:26:36,COMPLETE,111,751.34
ORD20001924,C100174,ICICIBANK,NSE,BUY,CNC,LIMIT,DAY,5,1137.9,0.0,2026-09-30 10:29:18,PARTIAL,3,1137.9
ORD20001711,C100102,HDFCBANK,NSE,SELL,MIS,MARKET,DAY,3,0.0,0.0,2026-09-30 10:29:20,COMPLETE,3,1639.75
ORD20000933,C100081,BHARTIARTL,NSE,BUY,MIS,MARKET,DAY,8,0.0,0.0,2026-09-30 10:31:01,COMPLETE,8,1343.3
ORD20002752,C100080,WIPRO,NSE,BUY,MIS,LIMIT,DAY,8,473.3,0.0,2026-09-30 10:31:17,COMPLETE,8,473.3
ORD20002632,C100107,BHARTIARTL,NSE,BUY,CNC,LIMIT,DAY,3,1417.3,0.0,2026-09-30 10:33:22,COMPLETE,3,1417.3
ORD20001255,C100101,MARUTI,BSE,SELL,MIS,LIMIT,DAY,4,11575.5,0.0,2026-09-30 10:34:04,COMPLETE,4,11575.5
ORD20003330,C100106,ONGC,NSE,BUY,CNC,LIMIT,DAY,32,258.0,0.0,2026-09-30 10:34:32,COMPLETE,32,258.0
ORD20002066,C100008,HINDUNILVR,NSE,BUY,MIS,MARKET,DAY,2,0.0,0.0,2026-09-30 10:35:20,COMPLETE,2,2475.43
ORD20002218,C100124,MARUTI,NSE,BUY,CNC,LIMIT,DAY,5,12152.7,0.0,2026-09-30 10:36:38,PARTIAL,1,12152.7
ORD20003466,C100002,BHARTIARTL,NSE,SELL,CNC,MARKET,DAY,8,0.0,0.0,2026-09-30 10:36:39,CANCELLED,0,0.0
ORD20002064,C100172,MARUTI,NSE,SELL,CNC,MARKET,DAY,1,0.0,0.0,2026-09-30 10:37:28,COMPLETE,1,11849.0
ORD20003888,C100006,MARUTI,BSE,BUY,MIS,LIMIT,DAY,1,11875.5,0.0,2026-09-30 10:37:43,COMPLETE,1,11875.5
ORD20000993,C100153,RELIANCE,NSE,BUY,CNC,LIMIT,DAY,2,2749.15,0.0,2026-09-30 10:38:20,REJECTED,0,0.0
ORD20003980,C100138,HINDUNILVR,NSE,BUY,MIS,LIMIT,DAY,1,2448.65,0.0,2026-09-30 10:41:22,REJECTED,0,0.0
ORD20003889,C100125,ITC,NSE,BUY,CNC,LIMIT,DAY,7,423.35,0.0,2026-09-30 10:41:44,COMPLETE,7,423.35
ORD20000886,C100159,MARUTI,NSE,SELL,MIS,LIMIT,DAY,1,11686.35,0.0,2026-09-30 10:41:49,COMPLETE,1,11686.35
ORD20003835,C100008,TCS,NSE,SELL,MIS,SL,DAY,7,3745.7,3764.45,2026-09-30 10:42:58,COMPLETE,7,3744.9
ORD20000140,C100123,KOTAKBANK,NSE,SELL,MIS,LIMIT,DAY,2,1702.6,0.0,2026-09-30 10:44:21,COMPLETE,2,1702.6
ORD20000109,C100106,TCS,NSE,SELL,MIS,MARKET,DAY,5,0.0,0.0,2026-09-30 10:46:46,REJECTED,0,0.0
ORD20004058,C100105,ICICIBANK,NSE,BUY,MIS,LIMIT,DAY,4,1202.85,0.0,2026-09-30 10:49:32,COMPLETE,4,1202.85
ORD20000759,C100044,TATAMOTORS,NSE,SELL,CNC,MARKET,DAY,7,0.0,0.0,2026-09-30 10:51:52,COMPLETE,7,933.07
ORD20001681,C100167,NTPC,NSE,BUY,MIS,LIMIT,DAY,8,361.9,0.0,2026-09-30 10:53:07,COMPLETE,8,361.9
ORD20000806,C100021,HINDUNILVR,NSE,SELL,MIS,LIMIT,DAY,8,2345.05,0.0,2026-09-30 10:55:29,COMPLETE,8,2345.05
ORD20004515,C100087,BHARTIARTL,NSE,BUY,MIS,MARKET,DAY,4,0.0,0.0,2026-09-30 10:58:37,COMPLETE,4,1403.9
ORD20001469,C100195,HINDUNILVR,NSE,SELL,MIS,LIMIT,DAY,3,2472.5,0.0,2026-09-30 10:59:39,CANCELLED,0,0.0
ORD20004352,C100014,TATAMOTORS,NSE,BUY,MIS,LIMIT,DAY,15,963.25,0.0,2026-09-30 11:00:12,COMPLETE,15,963.25
ORD20001619,C100006,BHARTIARTL,NSE,SELL,MIS,LIMIT,DAY,54,1427.6,0.0,2026-09-30 11:01:23,COMPLETE,54,1427.6
ORD20002480,C100070,SBIN,NSE,BUY,CNC,LIMIT,DAY,7,783.0,0.0,2026-09-30 11:01:33,COMPLETE,7,783.0
ORD20001148,C100161,ASIANPAINT,NSE,SELL,MIS,SL,DAY,6,3000.7,3015.7,2026-09-30 11:02:09,COMPLETE,6,2999.55
ORD20001552,C100188,ITC,NSE,BUY,CNC,LIMIT,DAY,73,468.4,0.0,2026-09-30 11:03:20,COMPLETE,73,468.4
ORD20004430,C100107,TCS,NSE,BUY,CNC,MARKET,DAY,39,0.0,0.0,2026-09-30 11:03:43,COMPLETE,39,3726.29
ORD20001799,C100012,RELIANCE,NSE,BUY,CNC,LIMIT,DAY,4,2753.35,0.0,2026-09-30 11:04:06,COMPLETE,4,2753.35
ORD20001217,C100190,AXISBANK,BSE,BUY,CNC,MARKET,DAY,105,0.0,0.0,2026-09-30 11:06:46,CANCELLED,0,0.0
ORD20000231,C100087,HDFCBANK,NSE,SELL,CNC,LIMIT,DAY,17,1691.0,0.0,2026-09-30 11:07:33,COMPLETE,17,1691.0
ORD20000100,C100182,HDFCBANK,NSE,SELL,MIS,MARKET,DAY,2,0.0,0.0,2026-09-30 11:09:14,COMPLETE,2,1558.12
ORD20000488,C100086,BHARTIARTL,NSE,BUY,CNC,MARKET,DAY,18,0.0,0.0,2026-09-30 11:09:18,COMPLETE,18,1375.66
ORD20004178,C100035,HDFCBANK,NSE,SELL,CNC,LIMIT,DAY,3,1700.75,0.0,2026-09-30 11:09:37,COMPLETE,3,1700.75
ORD20003782,C100073,INFY,BSE,SELL,MIS,MARKET,DAY,86,0.0,0.0,2026-09-30 11:11:25,COMPLETE,86,1538.95
ORD20004700,C100124,HINDUNILVR,NSE,SELL,CNC,SL,DAY,23,2462.85,2475.15,2026-09-30 11:14:10,COMPLETE,23,2462.57
ORD20002946,C100095,ONGC,NSE,SELL,CNC,MARKET,DAY,321,0.0,0.0,2026-09-30 11:16:32,CANCELLED,0,0.0
ORD20002370,C100009,INFY,NSE,BUY,MIS,LIMIT,DAY,4,1635.9,0.0,2026-09-30 11:16:38,COMPLETE,4,1635.9
ORD20004611,C100077,TCS,NSE,SELL,CNC,MARKET,DAY,1,0.0,0.0,2026-09-30 11:17:37,COMPLETE,1,3733.15
ORD20003565,C100038,KOTAKBANK,NSE,BUY,CNC,MARKET,DAY,8,0.0,0.0,2026-09-30 11:18:47,COMPLETE,8,1756.11
ORD20002205,C100096,BHARTIARTL,NSE,BUY,MIS,LIMIT,DAY,37,1425.85,0.0,2026-09-30 11:19:19,COMPLETE,37,1425.85
ORD20003267,C100163,HDFCBANK,NSE,SELL,CNC,LIMIT,DAY,5,1696.2,0.0,2026-09-30 11:20:30,COMPLETE,5,1696.2
ORD20004831,C100055,HDFCBANK,NSE,SELL,CNC,LIMIT,DAY,1,1593.35,0.0,2026-09-30 11:22:34,COMPLETE,1,1593.35
ORD20002410,C100088,ITC,NSE,BUY,CNC,MARKET,DAY,23,0.0,0.0,2026-09-30 11:23:24,COMPLETE,23,452.05
ORD20004539,C100065,KOTAKBANK,NSE,BUY,CNC,LIMIT,DAY,16,1687.5,0.0,2026-09-30 11:23:25,COMPLETE,16,1687.5
ORD20003643,C100142,RELIANCE,NSE,BUY,MIS,LIMIT,DAY,3,2914.55,0.0,2026-09-30 11:24:46,COMPLETE,3,2914.55
ORD20000687,C100047,KOTAKBANK,NSE,BUY,CNC,LIMIT,DAY,52,1752.45,0.0,2026-09-30 11:25:58,COMPLETE,52,1752.45
ORD20004288,C100043,MARUTI,NSE,SELL,CNC,LIMIT,DAY,1,12676.3,0.0,2026-09-30 11:27:34,COMPLETE,1,12676.3
ORD20002532,C100157,HINDUNILVR,NSE,SELL,MIS,LIMIT,DAY,18,2519.0,0.0,2026-09-30 11:32:33,COMPLETE,18,2519.0
ORD20002195,C100151,HINDUNILVR,NSE,BUY,CNC,LIMIT,DAY,14,2500.6,0.0,2026-09-30 11:33:09,COMPLETE,14,2500.6
ORD20000817,C100128,HDFCBANK,NSE,BUY,MIS,MARKET,DAY,37,0.0,0.0,2026-09-30 11:36:34,COMPLETE,37,1677.77
ORD20003182,C100143,BHARTIARTL,NSE,BUY,CNC,LIMIT,DAY,20,1502.75,0.0,2026-09-30 11:37:01,REJECTED,0,0.0
ORD20002906,C100016,ITC,NSE,SELL,CNC,MARKET,DAY,158,0.0,0.0,2026-09-30 11:37:16,COMPLETE,158,440.02
ORD20002802,C100042,MARUTI,NSE,SELL,MIS,LIMIT,DAY,2,11944.8,0.0,2026-09-30 11:38:07,COMPLETE,2,11944.8
ORD20004739,C100151,ICICIBANK,NSE,SELL,MIS,LIMIT,DAY,5,1191.55,0.0,2026-09-30 11:48:52,REJECTED,0,0.0
ORD20000409,C100048,HDFCBANK,NSE,BUY,MIS,LIMIT,DAY,3,1626.9,0.0,2026-09-30 11:51:26,COMPLETE,3,1626.9
ORD20003198,C100166,MARUTI,NSE,BUY,MIS,SL,DAY,11,11562.55,11504.75,2026-09-30 11:54:07,COMPLETE,11,11561.73
ORD20001184,C100044,ITC,BSE,BUY,MIS,LIMIT,DAY,257,458.4,0.0,2026-09-30 11:54:49,CANCELLED,0,0.0
ORD20000843,C100018,ICICIBANK,NSE,SELL,MIS,LIMIT,DAY,4,1171.3,0.0,2026-09-30 11:57:13,COMPLETE,4,1171.3
ORD20000496,C100044,ITC,NSE,BUY,CNC,LIMIT,DAY,11,448.9,0.0,2026-09-30 11:57:42,COMPLETE,11,448.9
ORD20003383,C100046,BHARTIARTL,NSE,BUY,MIS,MARKET,DAY,30,0.0,0.0,2026-09-30 11:57:52,COMPLETE,30,1424.02
ORD20002636,C100062,HINDUNILVR,NSE,SELL,CNC,LIMIT,DAY,3,2318.85,0.0,2026-09-30 11:58:20,COMPLETE,3,2318.85
ORD20002667,C100100,KOTAKBANK,NSE,BUY,CNC,LIMIT,DAY,32,1752.3,0.0,2026-09-30 11:59:00,COMPLETE,32,1752.3
ORD20003269,C100130,KOTAKBANK,NSE,SELL,CNC,LIMIT,DAY,15,1764.75,0.0,2026-09-30 12:04:20,CANCELLED,0,0.0
ORD20003994,C100180,HINDUNILVR,BSE,BUY,CNC,SL,DAY,45,2411.25,2399.2,2026-09-30 12:06:48,CANCELLED,0,0.0
ORD20000477,C100177,INFY,NSE,SELL,MIS,MARKET,DAY,5,0.0,0.0,2026-09-30 12:07:41,COMPLETE,5,1637.8
ORD20000125,C100037,HDFCBANK,NSE,SELL,MIS,LIMIT,DAY,4,1613.15,0.0,2026-09-30 12:08:05,COMPLETE,4,1613.15
ORD20002545,C100054,BHARTIARTL,NSE,BUY,CNC,SL,DAY,13,1386.8,1379.9,2026-09-30 12:11:53,REJECTED,0,0.0
ORD20000041,C100123,ITC,NSE,BUY,MIS,LIMIT,DAY,117,434.6,0.0,2026-09-30 12:14:16,COMPLETE,117,434.6
ORD20002483,C100038,HDFCBANK,NSE,BUY,CNC,LIMIT,DAY,22,1652.75,0.0,2026-09-30 12:16:57,COMPLETE,22,1652.75
ORD20000236,C100065,HDFCBANK,NSE,BUY,MIS,LIMIT,DAY,13,1668.45,0.0,2026-09-30 12:17:27,COMPLETE,13,1668.45
ORD20004498,C100012,HDFCBANK,NSE,BUY,CNC,LIMIT,DAY,24,1620.2,0.0,2026-09-30 12:17:41,REJECTED,0,0.0
ORD20000011,C100073,INFY,NSE,BUY,CNC,LIMIT,DAY,43,1643.15,0.0,2026-09-30 12:18:13,PARTIAL,17,1643.15
ORD20001483,C100036,HDFCBANK,NSE,BUY,CNC,LIMIT,DAY,3,1648.9,0.0,2026-09-30 12:19:13,COMPLETE,3,1648.9
ORD20001389,C100188,TATAMOTORS,NSE,SELL,CNC,LIMIT,DAY,5,998.4,0.0,2026-09-30 12:21:53,COMPLETE,5,998.4
ORD20004460,C100046,HINDUNILVR,BSE,BUY,MIS,LIMIT,DAY,27,2387.75,0.0,2026-09-30 12:22:20,COMPLETE,27,2387.75
ORD20001979,C100075,SBIN,NSE,BUY,MIS,LIMIT,DAY,17,810.75,0.0,2026-09-30 12:23:57,COMPLETE,17,810.75
ORD20004199,C100037,INFY,NSE,SELL,MIS,LIMIT,DAY,9,1530.9,0.0,2026-09-30 12:27:03,COMPLETE,9,1530.9
ORD20003459,C100192,MARUTI,NSE,BUY,MIS,LIMIT,DAY,5,11750.15,0.0,2026-09-30 12:28:13,COMPLETE,5,11750.15
ORD20001271,C100188,TATAMOTORS,NSE,SELL,MIS,LIMIT,DAY,58,955.1,0.0,2026-09-30 12:29:07,COMPLETE,58,955.1
ORD20003047,C100024,MARUTI,NSE,SELL,CNC,LIMIT,DAY,7,11148.35,0.0,2026-09-30 12:29:26,COMPLETE,7,11148.35
ORD20000888,C100137,HINDUNILVR,NSE,SELL,CNC,LIMIT,DAY,35,2441.85,0.0,2026-09-30 12:30:12,COMPLETE,35,2441.85
ORD20004584,C100094,RELIANCE,BSE,SELL,MIS,LIMIT,DAY,23,2917.45,0.0,2026-09-30 12:33:00,OPEN,0,0.0
ORD20004915,C100054,HDFCBANK,NSE,BUY,MIS,MARKET,DAY,40,0.0,0.0,2026-09-30 12:35:58,COMPLETE,40,1706.4
ORD20001362,C100090,HDFCBANK,NSE,BUY,CNC,LIMIT,DAY,8,1642.2,0.0,2026-09-30 12:36:49,COMPLETE,8,1642.2
ORD20001538,C100165,HINDUNILVR,NSE,BUY,CNC,SL,DAY,1,2247.9,2236.7,2026-09-30 12:37:03,COMPLETE,1,2244.35
ORD20004558,C100049,ITC,NSE,SELL,MIS,LIMIT,DAY,13,455.4,0.0,2026-09-30 12:37:08,COMPLETE,13,455.4
ORD20000224,C100025,HINDUNILVR,NSE,SELL,MIS,LIMIT,DAY,2,2390.6,0.0,2026-09-30 12:37:10,COMPLETE,2,2390.6
ORD20004267,C100086,MARUTI,NSE,SELL,MIS,LIMIT,DAY,1,11599.95,0.0,2026-09-30 12:39:14,COMPLETE,1,11599.95
ORD20001638,C100092,ASIANPAINT,BSE,BUY,MIS,LIMIT,DAY,2,2927.05,0.0,2026-09-30 12:40:01,COMPLETE,2,2927.05
ORD20000022,C100141,TATAMOTORS,NSE,BUY,CNC,SL,DAY,70,945.5,940.75,2026-09-30 12:43:53,REJECTED,0,0.0
ORD20004598,C100142,RELIANCE,NSE,SELL,MIS,LIMIT,DAY,2,2891.85,0.0,2026-09-30 12:46:02,COMPLETE,2,2891.85
ORD20003035,C100091,ICICIBANK,NSE,BUY,MIS,LIMIT,DAY,23,1179.5,0.0,2026-09-30 12:46:16,COMPLETE,23,1179.5
ORD20004404,C100027,HDFCBANK,BSE,SELL,CNC,LIMIT,DAY,87,1574.15,0.0,2026-09-30 12:48:49,COMPLETE,87,1574.15
ORD20000375,C100054,BHARTIARTL,BSE,SELL,CNC,LIMIT,DAY,9,1490.4,0.0,2026-09-30 12:49:14,CANCELLED,0,0.0
ORD20000971,C100096,TATAMOTORS,NSE,BUY,MIS,MARKET,DAY,49,0.0,0.0,2026-09-30 12:50:10,COMPLETE,49,956.65
ORD20002366,C100086,AXISBANK,NSE,SELL,CNC,LIMIT,DAY,7,1114.2,0.0,2026-09-30 12:51:24,COMPLETE,7,1114.2
ORD20004695,C100076,TATAMOTORS,NSE,SELL,MIS,SL,DAY,5,907.0,911.55,2026-09-30 12:51:41,COMPLETE,5,906.59
ORD20004371,C100030,MARUTI,NSE,BUY,MIS,MARKET,DAY,5,0.0,0.0,2026-09-30 12:52:14,COMPLETE,5,11505.33
ORD20004599,C100006,HINDUNILVR,NSE,BUY,MIS,LIMIT,DAY,23,2244.8,0.0,2026-09-30 12:53:13,COMPLETE,23,2244.8
ORD20002871,C100102,MARUTI,NSE,SELL,MIS,LIMIT,DAY,6,12146.65,0.0,2026-09-30 12:56:04,COMPLETE,6,12146.65
ORD20001966,C100079,AXISBANK,NSE,BUY,MIS,LIMIT,DAY,35,1143.95,0.0,2026-09-30 12:57:47,COMPLETE,35,1143.95
ORD20002819,C100144,TATAMOTORS,NSE,SELL,CNC,MARKET,DAY,52,0.0,0.0,2026-09-30 13:02:16,CANCELLED,0,0.0
ORD20000758,C100091,MARUTI,NSE,SELL,MIS,LIMIT,DAY,11,12009.0,0.0,2026-09-30 13:03:00,COMPLETE,11,12009.0
ORD20001143,C100109,ICICIBANK,BSE,SELL,MIS,LIMIT,DAY,13,1239.0,0.0,2026-09-30 13:03:01,COMPLETE,13,1239.0
ORD20001893,C100039,TCS,NSE,SELL,CNC,SL,DAY,1,4001.8,4021.85,2026-09-30 13:03:29,COMPLETE,1,4006.05
ORD20001473,C100060,INFY,NSE,SELL,MIS,LIMIT,DAY,21,1690.25,0.0,2026-09-30 13:07:31,COMPLETE,21,1690.25
ORD20002788,C100159,NTPC,NSE,BUY,MIS,MARKET,DAY,8,0.0,0.0,2026-09-30 13:09:48,COMPLETE,8,356.26
ORD20000023,C100060,ICICIBANK,NSE,BUY,MIS,LIMIT,DAY,36,1258.3,0.0,2026-09-30 13:11:22,REJECTED,0,0.0
ORD20004660,C100147,HDFCBANK,NSE,SELL,MIS,LIMIT,DAY,16,1634.95,0.0,2026-09-30 13:12:20,COMPLETE,16,1634.95
ORD20002157,C100024,RELIANCE,NSE,BUY,MIS,MARKET,DAY,4,0.0,0.0,2026-09-30 13:12:35,COMPLETE,4,2790.66
ORD20004350,C100169,BHARTIARTL,NSE,BUY,MIS,LIMIT,DAY,95,1376.0,0.0,2026-09-30 13:12:39,COMPLETE,95,1376.0
ORD20001760,C100147,TATAMOTORS,NSE,SELL,MIS,LIMIT,DAY,44,986.7,0.0,2026-09-30 13:15:01,COMPLETE,44,986.7
ORD20003313,C100195,ONGC,NSE,BUY,MIS,LIMIT,DAY,253,261.75,0.0,2026-09-30 13:16:52,COMPLETE,253,261.75
ORD20004422,C100029,NTPC,NSE,BUY,MIS,MARKET,DAY,17,0.0,0.0,2026-09-30 13:19:45,COMPLETE,17,352.95
ORD20000880,C100156,HINDUNILVR,NSE,SELL,MIS,MARKET,DAY,22,0.0,0.0,2026-09-30 13:22:16,COMPLETE,22,2384.1
ORD20003032,C100039,HINDUNILVR,NSE,SELL,MIS,LIMIT,DAY,2,2268.8,0.0,2026-09-30 13:25:44,COMPLETE,2,2268.8
ORD20004910,C100098,RELIANCE,NSE,SELL,CNC,LIMIT,DAY,51,2790.5,0.0,2026-09-30 13:26:23,COMPLETE,51,2790.5
ORD20003358,C100070,ICICIBANK,NSE,SELL,CNC,LIMIT,DAY,26,1187.4,0.0,2026-09-30 13:30:37,COMPLETE,26,1187.4
ORD20004616,C100152,MARUTI,NSE,SELL,MIS,SL,DAY,5,12301.3,12362.8,2026-09-30 13:31:50,COMPLETE,5,12300.2
ORD20001817,C100106,ONGC,NSE,SELL,CNC,LIMIT,DAY,552,266.95,0.0,2026-09-30 13:31:51,PARTIAL,338,266.95
ORD20003385,C100197,HINDUNILVR,NSE,SELL,CNC,MARKET,DAY,58,0.0,0.0,2026-09-30 13:34:01,COMPLETE,58,2435.6
ORD20001339,C100057,INFY,NSE,SELL,CNC,MARKET,DAY,25,0.0,0.0,2026-09-30 13:34:14,COMPLETE,25,1610.95
ORD20004349,C100121,SBIN,BSE,BUY,MIS,LIMIT,DAY,62,820.9,0.0,2026-09-30 13:35:01,OPEN,0,0.0
ORD20003650,C100013,RELIANCE,NSE,SELL,CNC,LIMIT,DAY,39,2908.45,0.0,2026-09-30 13:37:11,CANCELLED,0,0.0
ORD20001142,C100067,HINDUNILVR,NSE,SELL,CNC,SL,DAY,2,2277.9,2289.3,2026-09-30 13:38:32,COMPLETE,2,2276.95
ORD20002130,C100149,ITC,NSE,SELL,MIS,MARKET,DAY,53,0.0,0.0,2026-09-30 13:40:24,COMPLETE,53,449.65
ORD20004128,C100082,MARUTI,NSE,SELL,MIS,MARKET,DAY,1,0.0,0.0,2026-09-30 13:41:05,COMPLETE,1,12058.8
ORD20004390,C100142,TATAMOTORS,NSE,SELL,CNC,LIMIT,DAY,3,957.85,0.0,2026-09-30 13:41:50,CANCELLED,0,0.0
ORD20002758,C100184,ASIANPAINT,NSE,BUY,MIS,LIMIT,DAY,2,2863.65,0.0,2026-09-30 13:42:04,COMPLETE,2,2863.65
ORD20002448,C100095,ONGC,NSE,BUY,CNC,LIMIT,DAY,364,259.1,0.0,2026-09-30 13:44:38,COMPLETE,364,259.1
ORD20002911,C100070,TATAMOTORS,NSE,SELL,MIS,LIMIT,DAY,52,1004.35,0.0,2026-09-30 13:44:51,COMPLETE,52,1004.35
ORD20002618,C100035,HINDUNILVR,NSE,BUY,MIS,LIMIT,DAY,11,2424.05,0.0,2026-09-30 13:47:00,COMPLETE,11,2424.05
ORD20001361,C100002,ITC,NSE,SELL,CNC,LIMIT,DAY,194,453.25,0.0,2026-09-30 13:48:48,COMPLETE,194,453.25
ORD20004439,C100100,MARUTI,NSE,BUY,MIS,MARKET,DAY,2,0.0,0.0,2026-09-30 13:49:08,COMPLETE,2,12332.2
ORD20002724,C100111,KOTAKBANK,NSE,BUY,CNC,MARKET,DAY,38,0.0,0.0,2026-09-30 13:49:46,CANCELLED,0,0.0
ORD20004506,C100095,ASIANPAINT,NSE,BUY,MIS,LIMIT,DAY,1,3038.75,0.0,2026-09-30 13:51:24,COMPLETE,1,3038.75
ORD20000303,C100156,HINDUNILVR,NSE,SELL,CNC,LIMIT,DAY,1,2436.7,0.0,2026-09-30 13:52:01,PARTIAL,1,2436.7
ORD20004198,C100152,HDFCBANK,BSE,BUY,MIS,MARKET,DAY,2,0.0,0.0,2026-09-30 13:53:20,COMPLETE,2,1640.65
ORD20002007,C100013,RELIANCE,NSE,SELL,MIS,SL,DAY,21,2840.4,2854.6,2026-09-30 13:54:02,COMPLETE,21,2843.69
ORD20002454,C100016,RELIANCE,NSE,BUY,MIS,SL,DAY,2,2897.55,2883.05,2026-09-30 13:56:27,COMPLETE,2,2898.65
ORD20001721,C100178,HDFCBANK,NSE,SELL,CNC,LIMIT,DAY,1,1676.6,0.0,2026-09-30 13:58:19,COMPLETE,1,1676.6
ORD20003005,C100041,INFY,NSE,BUY,MIS,SL,DAY,45,1641.05,1632.85,2026-09-30 13:59:55,CANCELLED,0,0.0
ORD20004920,C100015,HINDUNILVR,NSE,SELL,MIS,LIMIT,DAY,1,2496.7,0.0,2026-09-30 14:04:07,COMPLETE,1,2496.7
ORD20003747,C100149,ITC,NSE,BUY,MIS,MARKET,DAY,17,0.0,0.0,2026-09-30 14:04:32,COMPLETE,17,461.7
ORD20001882,C100140,RELIANCE,BSE,SELL,MIS,LIMIT,DAY,33,2814.4,0.0,2026-09-30 14:05:29,COMPLETE,33,2814.4
ORD20003842,C100002,ASIANPAINT,NSE,SELL,MIS,MARKET,DAY,6,0.0,0.0,2026-09-30 14:06:05,COMPLETE,6,2853.23
ORD20004494,C100077,RELIANCE,NSE,BUY,CNC,LIMIT,DAY,7,2943.95,0.0,2026-09-30 14:07:16,COMPLETE,7,2943.95
ORD20000783,C100051,MARUTI,NSE,BUY,MIS,MARKET,DAY,1,0.0,0.0,2026-09-30 14:10:15,COMPLETE,1,12461.65
ORD20001131,C100014,SUNPHARMA,NSE,SELL,CNC,LIMIT,DAY,33,1665.8,0.0,2026-09-30 14:11:13,COMPLETE,33,1665.8
ORD20003660,C100034,HDFCBANK,NSE,BUY,MIS,LIMIT,DAY,6,1654.75,0.0,2026-09-30 14:12:40,CANCELLED,0,0.0
ORD20001754,C100068,TATAMOTORS,NSE,BUY,CNC,LIMIT,DAY,2,966.35,0.0,2026-09-30 14:12:50,COMPLETE,2,966.35
ORD20000481,C100080,AXISBANK,NSE,BUY,MIS,MARKET,DAY,39,0.0,0.0,2026-09-30 14:13:56,COMPLETE,39,1233.65
ORD20003924,C100016,ONGC,NSE,BUY,CNC,MARKET,DAY,12,0.0,0.0,2026-09-30 14:14:05,REJECTED,0,0.0
ORD20000444,C100100,TATAMOTORS,NSE,SELL,CNC,LIMIT,DAY,7,941.05,0.0,2026-09-30 14:15:39,COMPLETE,7,941.05
ORD20004151,C100157,SBIN,NSE,BUY,MIS,SL,DAY,116,746.75,743.05,2026-09-30 14:15:42,COMPLETE,116,747.1
ORD20000563,C100017,MARUTI,NSE,SELL,CNC,MARKET,DAY,1,0.0,0.0,2026-09-30 14:17:14,COMPLETE,1,11802.35
ORD20001592,C100013,ONGC,NSE,BUY,MIS,LIMIT,DAY,103,261.4,0.0,2026-09-30 14:18:45,COMPLETE,103,261.4
ORD20004292,C100158,HINDUNILVR,NSE,SELL,MIS,LIMIT,DAY,41,2443.05,0.0,2026-09-30 14:21:35,COMPLETE,41,2443.05
ORD20004658,C100169,ASIANPAINT,NSE,BUY,MIS,MARKET,DAY,8,0.0,0.0,2026-09-30 14:21:55,COMPLETE,8,2959.9
ORD20004630,C100177,INFY,NSE,SELL,CNC,SL,DAY,3,1508.0,1515.55,2026-09-30 14:24:18,COMPLETE,3,1507.63
ORD20001491,C100069,HDFCBANK,NSE,SELL,MIS,LIMIT,DAY,8,1660.2,0.0,2026-09-30 14:25:01,COMPLETE,8,1660.2
ORD20001245,C100147,INFY,NSE,SELL,MIS,SL,DAY,8,1585.85,1593.75,2026-09-30 14:31:33,CANCELLED,0,0.0
ORD20001669,C100082,ITC,NSE,SELL,MIS,LIMIT,DAY,226,434.8,0.0,2026-09-30 14:32:01,COMPLETE,226,434.8
ORD20001492,C100060,ICICIBANK,NSE,BUY,MIS,LIMIT,DAY,53,1211.95,0.0,2026-09-30 14:32:29,COMPLETE,53,1211.95
ORD20000657,C100061,RELIANCE,NSE,SELL,CNC,MARKET,DAY,17,0.0,0.0,2026-09-30 14:32:36,COMPLETE,17,2836.0
ORD20003528,C100115,HINDUNILVR,NSE,BUY,MIS,LIMIT,DAY,7,2406.7,0.0,2026-09-30 14:33:25,COMPLETE,7,2406.7
ORD20000922,C100065,ITC,NSE,BUY,MIS,LIMIT,DAY,29,446.25,0.0,2026-09-30 14:36:47,COMPLETE,29,446.25
ORD20002254,C100059,AXISBANK,NSE,BUY,CNC,LIMIT,DAY,21,1161.95,0.0,2026-09-30 14:39:08,COMPLETE,21,1161.95
ORD20003872,C100028,HINDUNILVR,NSE,SELL,CNC,MARKET,DAY,11,0.0,0.0,2026-09-30 14:41:13,COMPLETE,11,2432.27
ORD20004553,C100064,ITC,NSE,SELL,MIS,LIMIT,DAY,13,471.6,0.0,2026-09-30 14:42:41,REJECTED,0,0.0
ORD20000416,C100073,TCS,NSE,BUY,CNC,MARKET,DAY,5,0.0,0.0,2026-09-30 14:48:43,COMPLETE,5,3798.5
ORD20001493,C100143,RELIANCE,BSE,BUY,CNC,LIMIT,DAY,17,2934.35,0.0,2026-09-30 14:50:00,COMPLETE,17,2934.35
ORD20003254,C100198,ITC,NSE,BUY,MIS,LIMIT,DAY,87,450.4,0.0,2026-09-30 14:50:15,COMPLETE,87,450.4
ORD20001205,C100164,RELIANCE,NSE,BUY,MIS,LIMIT,DAY,20,2931.15,0.0,2026-09-30 14:51:23,PARTIAL,12,2931.15
ORD20003884,C100032,BHARTIARTL,NSE,BUY,MIS,SL,DAY,39,1453.8,1446.5,2026-09-30 14:52:39,COMPLETE,39,1454.83
ORD20004318,C100193,INFY,NSE,SELL,MIS,MARKET,DAY,1,0.0,0.0,2026-09-30 14:57:38,COMPLETE,1,1634.5
ORD20002530,C100160,TCS,NSE,SELL,CNC,LIMIT,DAY,21,3832.5,0.0,2026-09-30 15:01:18,COMPLETE,21,3832.5
ORD20004491,C100096,KOTAKBANK,NSE,SELL,MIS,LIMIT,DAY,7,1769.0,0.0,2026-09-30 15:04:36,COMPLETE,7,1769.0
ORD20000148,C100060,TITAN,NSE,SELL,MIS,LIMIT,DAY,19,3411.05,0.0,2026-09-30 15:09:16,COMPLETE,19,3411.05
ORD20003756,C100167,INFY,NSE,BUY,MIS,LIMIT,DAY,19,1554.3,0.0,2026-09-30 15:12:04,COMPLETE,19,1554.3
ORD20003805,C100022,INFY,NSE,BUY,MIS,LIMIT,DAY,7,1612.35,0.0,2026-09-30 15:12:13,COMPLETE,7,1612.35
ORD20001699,C100112,KOTAKBANK,NSE,BUY,MIS,LIMIT,DAY,10,1809.3,0.0,2026-09-30 15:12:34,COMPLETE,10,1809.3
ORD20001825,C100193,TATAMOTORS,NSE,SELL,CNC,LIMIT,DAY,58,972.5,0.0,2026-09-30 15:13:38,COMPLETE,58,972.5
ORD20003179,C100041,TITAN,NSE,BUY,MIS,SL,DAY,16,3411.55,3394.5,2026-09-30 15:16:11,COMPLETE,16,3409.1
ORD20000250,C100161,RELIANCE,NSE,SELL,MIS,LIMIT,DAY,12,2969.6,0.0,2026-09-30 15:18:06,COMPLETE,12,2969.6
ORD20000242,C100123,ITC,NSE,SELL,CNC,LIMIT,DAY,31,453.35,0.0,2026-09-30 15:19:58,COMPLETE,31,453.35
ORD20002206,C100167,HINDUNILVR,NSE,SELL,MIS,LIMIT,DAY,22,2387.4,0.0,2026-09-30 15:21:12,COMPLETE,22,2387.4
ORD20003162,C100024,TATAMOTORS,NSE,BUY,CNC,MARKET,DAY,12,0.0,0.0,2026-09-30 15:24:23,COMPLETE,12,998.6
ORD20004174,C100085,RELIANCE,NSE,SELL,MIS,LIMIT,DAY,15,2894.0,0.0,2026-10-01 09:15:07,COMPLETE,15,2894.0
ORD20002233,C100054,ITC,NSE,BUY,MIS,LIMIT,DAY,60,431.2,0.0,2026-10-01 09:16:31,COMPLETE,60,431.2
ORD20001210,C100121,KOTAKBANK,NSE,BUY,CNC,LIMIT,DAY,35,1780.75,0.0,2026-10-01 09:19:25,COMPLETE,35,1780.75
ORD20004771,C100049,AXISBANK,NSE,SELL,CNC,LIMIT,DAY,14,1178.45,0.0,2026-10-01 09:19:45,COMPLETE,14,1178.45
ORD20002815,C100006,TCS,NSE,BUY,MIS,SL,DAY,1,4068.35,4048.0,2026-10-01 09:21:31,COMPLETE,1,4066.95
ORD20002036,C100114,NTPC,NSE,SELL,CNC,LIMIT,DAY,158,372.4,0.0,2026-10-01 09:21:33,CANCELLED,0,0.0
ORD20002601,C100114,RELIANCE,NSE,SELL,CNC,MARKET,DAY,1,0.0,0.0,2026-10-01 09:23:17,COMPLETE,1,2882.65
ORD20002203,C100107,INFY,NSE,SELL,CNC,LIMIT,DAY,3,1620.65,0.0,2026-10-01 09:33:31,PARTIAL,1,1620.65
ORD20000292,C100098,ITC,NSE,SELL,MIS,LIMIT,DAY,23,440.35,0.0,2026-10-01 09:36:26,COMPLETE,23,440.35
ORD20000252,C100153,HINDUNILVR,NSE,BUY,MIS,LIMIT,DAY,22,2238.65,0.0,2026-10-01 09:36:39,CANCELLED,0,0.0
ORD20000791,C100043,HINDUNILVR,NSE,SELL,MIS,LIMIT,DAY,8,2376.5,0.0,2026-10-01 09:39:38,COMPLETE,8,2376.5
ORD20003362,C100022,MARUTI,NSE,BUY,MIS,LIMIT,DAY,1,11697.65,0.0,2026-10-01 09:40:38,COMPLETE,1,11697.65
ORD20001112,C100137,HINDUNILVR,NSE,SELL,CNC,LIMIT,DAY,1,2347.75,0.0,2026-10-01 09:41:39,COMPLETE,1,2347.75
ORD20004821,C100090,TATAMOTORS,NSE,SELL,MIS,MARKET,DAY,57,0.0,0.0,2026-10-01 09:46:06,COMPLETE,57,940.95
ORD20001716,C100075,NTPC,NSE,BUY,CNC,MARKET,DAY,333,0.0,0.0,2026-10-01 09:47:20,COMPLETE,333,351.55
ORD20003483,C100156,ICICIBANK,NSE,SELL,CNC,LIMIT,DAY,29,1121.05,0.0,2026-10-01 09:49:25,REJECTED,0,0.0
ORD20000187,C100195,TATAMOTORS,NSE,SELL,CNC,LIMIT,DAY,50,922.0,0.0,2026-10-01 09:50:20,COMPLETE,50,922.0
ORD20001905,C100059,TCS,NSE,SELL,MIS,SL,DAY,2,3858.95,3878.25,2026-10-01 09:56:07,COMPLETE,2,3860.05
ORD20004523,C100044,TITAN,NSE,BUY,CNC,LIMIT,DAY,14,3403.55,0.0,2026-10-01 09:58:03,COMPLETE,14,3403.55
ORD20001591,C100154,ITC,NSE,SELL,CNC,LIMIT,DAY,14,442.1,0.0,2026-10-01 09:59:16,COMPLETE,14,442.1
ORD20001486,C100074,ITC,NSE,SELL,CNC,MARKET,DAY,17,0.0,0.0,2026-10-01 10:00:36,COMPLETE,17,426.85
ORD20003168,C100051,BHARTIARTL,BSE,BUY,MIS,LIMIT,DAY,3,1340.15,0.0,2026-10-01 10:01:12,COMPLETE,3,1340.15
ORD20003854,C100065,HINDUNILVR,NSE,BUY,MIS,MARKET,DAY,26,0.0,0.0,2026-10-01 10:01:40,COMPLETE,26,2396.61
ORD20004681,C100085,INFY,NSE,BUY,MIS,LIMIT,DAY,8,1573.35,0.0,2026-10-01 10:03:51,REJECTED,0,0.0
ORD20002726,C100004,MARUTI,NSE,SELL,CNC,LIMIT,DAY,6,12564.05,0.0,2026-10-01 10:07:24,COMPLETE,6,12564.05
ORD20001171,C100142,ONGC,NSE,SELL,MIS,MARKET,DAY,22,0.0,0.0,2026-10-01 10:09:23,COMPLETE,22,269.4
ORD20001117,C100116,NTPC,NSE,BUY,CNC,MARKET,DAY,408,0.0,0.0,2026-10-01 10:12:39,COMPLETE,408,359.14
ORD20004746,C100179,ITC,NSE,BUY,MIS,LIMIT,DAY,16,434.75,0.0,2026-10-01 10:15:24,COMPLETE,16,434.75
ORD20002052,C100012,ASIANPAINT,NSE,SELL,MIS,LIMIT,DAY,2,3040.3,0.0,2026-10-01 10:18:53,COMPLETE,2,3040.3
ORD20002390,C100028,RELIANCE,NSE,BUY,MIS,LIMIT,DAY,2,2837.0,0.0,2026-10-01 10:19:12,COMPLETE,2,2837.0
ORD20002853,C100168,HINDUNILVR,NSE,BUY,CNC,SL,DAY,25,2406.85,2394.8,2026-10-01 10:22:09,COMPLETE,25,2407.69
ORD20002645,C100098,MARUTI,NSE,SELL,MIS,LIMIT,DAY,2,12171.7,0.0,2026-10-01 10:23:10,COMPLETE,2,12171.7
ORD20000137,C100166,MARUTI,NSE,SELL,CNC,LIMIT,DAY,1,11807.5,0.0,2026-10-01 10:24:13,COMPLETE,1,11807.5
ORD20001520,C100059,HDFCBANK,NSE,SELL,CNC,MARKET,DAY,2,0.0,0.0,2026-10-01 10:25:56,COMPLETE,2,1676.98
ORD20003121,C100029,INFY,NSE,SELL,MIS,LIMIT,DAY,62,1631.75,0.0,2026-10-01 10:26:47,COMPLETE,62,1631.75
ORD20002139,C100194,ITC,NSE,BUY,CNC,LIMIT,DAY,260,428.4,0.0,2026-10-01 10:27:16,COMPLETE,260,428.4
ORD20001714,C100013,HINDUNILVR,NSE,SELL,MIS,LIMIT,DAY,3,2496.9,0.0,2026-10-01 10:29:05,COMPLETE,3,2496.9
ORD20000932,C100010,ASIANPAINT,NSE,SELL,MIS,LIMIT,DAY,3,2975.8,0.0,2026-10-01 10:31:30,COMPLETE,3,2975.8
ORD20002024,C100153,RELIANCE,NSE,BUY,MIS,LIMIT,DAY,10,2930.15,0.0,2026-10-01 10:31:49,COMPLETE,10,2930.15
ORD20001919,C100151,TATAMOTORS,NSE,SELL,CNC,MARKET,DAY,10,0.0,0.0,2026-10-01 10:32:23,COMPLETE,10,942.15
ORD20000610,C100038,MARUTI,NSE,BUY,CNC,MARKET,DAY,1,0.0,0.0,2026-10-01 10:34:27,COMPLETE,1,11520.65
ORD20002042,C100019,ITC,NSE,SELL,CNC,LIMIT,DAY,79,471.25,0.0,2026-10-01 10:37:57,COMPLETE,79,471.25
ORD20003928,C100184,AXISBANK,NSE,SELL,MIS,LIMIT,DAY,7,1142.65,0.0,2026-10-01 10:38:25,COMPLETE,7,1142.65
ORD20003938,C100161,RELIANCE,NSE,BUY,MIS,MARKET,DAY,1,0.0,0.0,2026-10-01 10:39:26,COMPLETE,1,3047.3
ORD20004888,C100038,HINDUNILVR,NSE,SELL,MIS,MARKET,DAY,36,0.0,0.0,2026-10-01 10:40:17,CANCELLED,0,0.0
ORD20000875,C100093,MARUTI,NSE,SELL,CNC,LIMIT,DAY,4,12424.15,0.0,2026-10-01 10:40:29,CANCELLED,0,0.0
ORD20002650,C100121,SBIN,NSE,SELL,CNC,MARKET,DAY,140,0.0,0.0,2026-10-01 10:43:53,COMPLETE,140,797.7
ORD20004451,C100096,ASIANPAINT,NSE,BUY,MIS,LIMIT,DAY,4,2850.95,0.0,2026-10-01 10:44:20,COMPLETE,4,2850.95
ORD20001689,C100163,SBIN,NSE,SELL,MIS,MARKET,DAY,88,0.0,0.0,2026-10-01 10:44:51,COMPLETE,88,725.85
ORD20001780,C100089,MARUTI,NSE,BUY,CNC,MARKET,DAY,1,0.0,0.0,2026-10-01 10:45:14,COMPLETE,1,12487.2
ORD20004555,C100192,ONGC,NSE,BUY,CNC,SL,DAY,21,259.35,258.05,2026-10-01 10:47:52,COMPLETE,21,259.5
ORD20000363,C100152,ONGC,NSE,BUY,CNC,SL,DAY,19,279.0,277.6,2026-10-01 10:48:59,COMPLETE,19,278.85
ORD20000723,C100127,MARUTI,NSE,SELL,MIS,MARKET,DAY,1,0.0,0.0,2026-10-01 10:49:53,COMPLETE,1,12385.45
ORD20004524,C100088,BHARTIARTL,NSE,SELL,CNC,LIMIT,DAY,104,1383.55,0.0,2026-10-01 10:50:13,COMPLETE,104,1383.55
ORD20002647,C100161,TITAN,NSE,BUY,CNC,MARKET,DAY,1,0.0,0.0,2026-10-01 10:51:34,COMPLETE,1,3277.65
ORD20002960,C100121,ITC,NSE,BUY,CNC,MARKET,DAY,29,0.0,0.0,2026-10-01 10:52:43,COMPLETE,29,435.8
ORD20002658,C100113,TATAMOTORS,NSE,SELL,MIS,LIMIT,DAY,93,892.95,0.0,2026-10-01 10:53:10,COMPLETE,93,892.95
ORD20000487,C100187,TATAMOTORS,NSE,BUY,CNC,LIMIT,DAY,54,932.5,0.0,2026-10-01 10:56:24,COMPLETE,54,932.5
ORD20000171,C100015,AXISBANK,NSE,SELL,CNC,MARKET,DAY,30,0.0,0.0,2026-10-01 10:58:49,REJECTED,0,0.0
ORD20001350,C100085,BHARTIARTL,NSE,BUY,CNC,MARKET,DAY,45,0.0,0.0,2026-10-01 10:59:57,COMPLETE,45,1416.88
ORD20003834,C100038,HINDUNILVR,NSE,SELL,MIS,LIMIT,DAY,1,2454.6,0.0,2026-10-01 11:00:26,CANCELLED,0,0.0
ORD20003163,C100134,ITC,NSE,BUY,CNC,MARKET,DAY,166,0.0,0.0,2026-10-01 11:01:56,COMPLETE,166,449.07
ORD20000945,C100165,ONGC,NSE,SELL,CNC,MARKET,DAY,151,0.0,0.0,2026-10-01 11:05:38,COMPLETE,151,271.1
ORD20003119,C100186,HDFCBANK,NSE,SELL,CNC,LIMIT,DAY,2,1600.45,0.0,2026-10-01 11:07:31,COMPLETE,2,1600.45
ORD20000490,C100198,AXISBANK,NSE,BUY,CNC,SL,DAY,45,1124.8,1119.2,2026-10-01 11:07:33,COMPLETE,45,1123.56
ORD20003096,C100038,AXISBANK,NSE,SELL,MIS,LIMIT,DAY,11,1077.2,0.0,2026-10-01 11:07:35,COMPLETE,11,1077.2
ORD20004137,C100131,ITC,NSE,BUY,MIS,SL,DAY,23,450.05,447.8,2026-10-01 11:08:58,COMPLETE,23,450.15
ORD20001075,C100112,NTPC,NSE,BUY,CNC,MARKET,DAY,143,0.0,0.0,2026-10-01 11:11:03,COMPLETE,143,353.36
ORD20003532,C100087,KOTAKBANK,NSE,BUY,MIS,SL,DAY,39,1761.9,1753.1,2026-10-01 11:15:22,COMPLETE,39,1760.97
ORD20003658,C100131,ITC,NSE,BUY,MIS,LIMIT,DAY,69,445.8,0.0,2026-10-01 11:17:51,COMPLETE,69,445.8
ORD20004718,C100017,HINDUNILVR,NSE,BUY,MIS,LIMIT,DAY,3,2462.5,0.0,2026-10-01 11:18:55,COMPLETE,3,2462.5
ORD20002210,C100096,SBIN,NSE,SELL,CNC,LIMIT,DAY,6,789.55,0.0,2026-10-01 11:19:08,COMPLETE,6,789.55
ORD20004385,C100141,HDFCBANK,NSE,BUY,MIS,MARKET,DAY,3,0.0,0.0,2026-10-01 11:20:03,COMPLETE,3,1652.07
ORD20003146,C100066,ASIANPAINT,BSE,SELL,MIS,LIMIT,DAY,14,2768.5,0.0,2026-10-01 11:27:09,COMPLETE,14,2768.5
ORD20002816,C100189,RELIANCE,NSE,SELL,CNC,SL,DAY,9,2820.7,2834.8,2026-10-01 11:28:17,COMPLETE,9,2820.25
ORD20002057,C100092,AXISBANK,NSE,BUY,MIS,LIMIT,DAY,26,1156.5,0.0,2026-10-01 11:31:46,CANCELLED,0,0.0
ORD20000104,C100000,HINDUNILVR,NSE,SELL,CNC,MARKET,DAY,46,0.0,0.0,2026-10-01 11:31:52,COMPLETE,46,2479.74
ORD20000969,C100103,NTPC,NSE,BUY,CNC,MARKET,DAY,19,0.0,0.0,2026-10-01 11:32:27,COMPLETE,19,365.35
ORD20002506,C100146,ITC,NSE,SELL,MIS,MARKET,DAY,23,0.0,0.0,2026-10-01 11:32:48,COMPLETE,23,430.69
ORD20000412,C100034,SBIN,NSE,SELL,MIS,LIMIT,DAY,38,769.95,0.0,2026-10-01 11:33:27,COMPLETE,38,769.95
ORD20004221,C100000,ONGC,BSE,BUY,CNC,MARKET,DAY,347,0.0,0.0,2026-10-01 11:33:32,COMPLETE,347,263.54
ORD20001558,C100164,NTPC,BSE,BUY,MIS,LIMIT,DAY,202,375.15,0.0,2026-10-01 11:34:23,COMPLETE,202,375.15
ORD20004162,C100021,RELIANCE,NSE,SELL,MIS,SL,DAY,8,2977.5,2992.4,2026-10-01 11:36:35,CANCELLED,0,0.0
ORD20003486,C100107,HINDUNILVR,NSE,BUY,CNC,LIMIT,DAY,6,2379.75,0.0,2026-10-01 11:36:53,REJECTED,0,0.0
ORD20000690,C100134,MARUTI,BSE,SELL,MIS,LIMIT,DAY,1,11995.7,0.0,2026-10-01 11:41:57,COMPLETE,1,11995.7
ORD20002124,C100077,RELIANCE,NSE,SELL,CNC,LIMIT,DAY,2,2787.5,0.0,2026-10-01 11:43:36,COMPLETE,2,2787.5
ORD20001159,C100060,MARUTI,NSE,BUY,CNC,SL,DAY,10,11808.5,11749.5,2026-10-01 11:44:23,COMPLETE,10,11801.61
ORD20001348,C100053,MARUTI,BSE,BUY,MIS,MARKET,DAY,3,0.0,0.0,2026-10-01 11:44:27,CANCELLED,0,0.0
ORD20002591,C100041,TATAMOTORS,NSE,SELL,MIS,LIMIT,DAY,12,989.55,0.0,2026-10-01 11:45:39,COMPLETE,12,989.55
ORD20004692,C100121,ONGC,NSE,BUY,CNC,LIMIT,DAY,49,261.7,0.0,2026-10-01 11:45:47,COMPLETE,49,261.7
ORD20003148,C100164,BHARTIARTL,BSE,BUY,MIS,LIMIT,DAY,6,1427.0,0.0,2026-10-01 11:47:49,CANCELLED,0,0.0
ORD20000952,C100108,HINDUNILVR,NSE,BUY,CNC,SL,DAY,52,2399.2,2387.2,2026-10-01 11:49:52,COMPLETE,52,2399.26
ORD20003633,C100183,ITC,NSE,SELL,MIS,LIMIT,DAY,8,457.55,0.0,2026-10-01 11:50:57,COMPLETE,8,457.55
ORD20002365,C100182,HINDUNILVR,NSE,BUY,CNC,LIMIT,DAY,3,2360.55,0.0,2026-10-01 11:52:22,CANCELLED,0,0.0
ORD20003933,C100119,ITC,NSE,BUY,MIS,LIMIT,DAY,7,442.7,0.0,2026-10-01 11:53:05,COMPLETE,7,442.7
ORD20001416,C100018,ITC,NSE,BUY,MIS,LIMIT,DAY,16,452.25,0.0,2026-10-01 11:57:24,COMPLETE,16,452.25
ORD20000925,C100134,KOTAKBANK,NSE,BUY,MIS,SL,DAY,18,1731.45,1722.8,2026-10-01 11:59:36,COMPLETE,18,1731.68
ORD20004476,C100009,HINDUNILVR,NSE,BUY,MIS,MARKET,DAY,5,0.0,0.0,2026-10-01 12:00:11,REJECTED,0,0.0
ORD20002950,C100153,NTPC,NSE,BUY,CNC,LIMIT,DAY,26,370.6,0.0,2026-10-01 12:01:07,COMPLETE,26,370.6
ORD20002297,C100191,ITC,NSE,SELL,CNC,LIMIT,DAY,61,440.7,0.0,2026-10-01 12:01:48,PARTIAL,23,440.7
ORD20001940,C100078,ITC,NSE,BUY,CNC,MARKET,DAY,79,0.0,0.0,2026-10-01 12:03:46,COMPLETE,79,428.45
ORD20002131,C100059,TITAN,NSE,BUY,MIS,LIMIT,DAY,9,3389.05,0.0,2026-10-01 12:03:47,COMPLETE,9,3389.05
ORD20001696,C100188,ICICIBANK,NSE,SELL,MIS,LIMIT,DAY,5,1203.45,0.0,2026-10-01 12:04:48,OPEN,0,0.0
ORD20000063,C100161,NTPC,NSE,SELL,CNC,MARKET,DAY,68,0.0,0.0,2026-10-01 12:06:43,COMPLETE,68,363.71
ORD20000776,C100083,ITC,NSE,BUY,MIS,MARKET,DAY,32,0.0,0.0,2026-10-01 12:06:44,COMPLETE,32,450.97
ORD20004837,C100197,NTPC,NSE,SELL,MIS,MARKET,DAY,79,0.0,0.0,2026-10-01 12:08:38,REJECTED,0,0.0
ORD20002315,C100099,AXISBANK,NSE,SELL,CNC,SL,DAY,95,1099.5,1105.0,2026-10-01 12:12:41,COMPLETE,95,1099.16
ORD20000141,C100168,HINDUNILVR,NSE,SELL,MIS,SL,DAY,63,2296.35,2307.85,2026-10-01 12:12:48,COMPLETE,63,2296.99
ORD20001543,C100122,RELIANCE,NSE,SELL,CNC,LIMIT,DAY,5,2820.55,0.0,2026-10-01 12:17:47,COMPLETE,5,2820.55
ORD20002796,C100197,RELIANCE,NSE,BUY,CNC,LIMIT,DAY,10,2882.85,0.0,2026-10-01 12:17:54,COMPLETE,10,2882.85
ORD20001901,C100122,TATAMOTORS,NSE,SELL,MIS,LIMIT,DAY,16,962.35,0.0,2026-10-01 12:19:33,COMPLETE,16,962.35
ORD20004784,C100180,HINDUNILVR,NSE,BUY,MIS,LIMIT,DAY,20,2405.65,0.0,2026-10-01 12:20:04,COMPLETE,20,2405.65
ORD20004712,C100096,RELIANCE,BSE,SELL,CNC,MARKET,DAY,2,0.0,0.0,2026-10-01 12:21:28,COMPLETE,2,2885.15
ORD20004908,C100108,ONGC,NSE,BUY,CNC,LIMIT,DAY,223,277.55,0.0,2026-10-01 12:22:15,COMPLETE,223,277.55
ORD20001002,C100021,INFY,NSE,BUY,CNC,LIMIT,DAY,38,1561.0,0.0,2026-10-01 12:23:00,REJECTED,0,0.0
ORD20003956,C100065,INFY,NSE,BUY,MIS,LIMIT,DAY,5,1567.55,0.0,2026-10-01 12:29:03,COMPLETE,5,1567.55
ORD20002148,C100077,BHARTIARTL,NSE,BUY,MIS,LIMIT,DAY,24,1387.4,0.0,2026-10-01 12:29:06,COMPLETE,24,1387.4
ORD20000257,C100187,TATAMOTORS,BSE,SELL,MIS,SL,DAY,54,983.5,988.4,2026-10-01 12:30:36,COMPLETE,54,982.2
ORD20004415,C100170,HINDUNILVR,NSE,SELL,CNC,MARKET,DAY,2,0.0,0.0,2026-10-01 12:30:49,REJECTED,0,0.0
ORD20004674,C100175,TATAMOTORS,NSE,SELL,MIS,SL,DAY,7,895.95,900.4,2026-10-01 12:31:31,OPEN,0,0.0
ORD20003246,C100185,HDFCBANK,NSE,BUY,MIS,MARKET,DAY,4,0.0,0.0,2026-10-01 12:32:13,COMPLETE,4,1598.4
ORD20002160,C100150,KOTAKBANK,NSE,BUY,CNC,MARKET,DAY,1,0.0,0.0,2026-10-01 12:39:20,COMPLETE,1,1908.55
ORD20000402,C100036,ONGC,NSE,BUY,MIS,LIMIT,DAY,56,271.6,0.0,2026-10-01 12:42:58,COMPLETE,56,271.6
ORD20000822,C100167,KOTAKBANK,NSE,BUY,MIS,LIMIT,DAY,58,1760.6,0.0,2026-10-01 12:43:32,COMPLETE,58,1760.6
ORD20004305,C100025,HDFCBANK,NSE,SELL,CNC,LIMIT,DAY,6,1606.0,0.0,2026-10-01 12:43:35,COMPLETE,6,1606.0
ORD20004818,C100148,HINDUNILVR,NSE,SELL,CNC,LIMIT,DAY,11,2377.8,0.0,2026-10-01 12:45:57,CANCELLED,0,0.0
ORD20000214,C100159,HINDUNILVR,NSE,BUY,MIS,MARKET,DAY,15,0.0,0.0,2026-10-01 12:46:43,COMPLETE,15,2474.37
ORD20004150,C100012,BHARTIARTL,NSE,SELL,CNC,MARKET,DAY,4,0.0,0.0,2026-10-01 12:46:55,COMPLETE,4,1449.1
ORD20001806,C100037,ITC,NSE,SELL,MIS,LIMIT,DAY,27,453.15,0.0,2026-10-01 12:47:17,COMPLETE,27,453.15
ORD20001625,C100120,HDFCBANK,NSE,BUY,MIS,LIMIT,DAY,20,1617.3,0.0,2026-10-01 12:50:26,COMPLETE,20,1617.3
ORD20001728,C100066,HDFCBANK,NSE,BUY,MIS,LIMIT,DAY,40,1642.45,0.0,2026-10-01 12:51:37,COMPLETE,40,1642.45
ORD20003111,C100040,MARUTI,BSE,SELL,MIS,MARKET,DAY,5,0.0,0.0,2026-10-01 12:51:53,REJECTED,0,0.0
ORD20004862,C100132,ITC,NSE,BUY,MIS,MARKET,DAY,8,0.0,0.0,2026-10-01 12:52:59,COMPLETE,8,457.21
ORD20000531,C100052,HDFCBANK,BSE,BUY,CNC,MARKET,DAY,8,0.0,0.0,2026-10-01 12:53:40,COMPLETE,8,1593.03
ORD20001661,C100100,MARUTI,NSE,SELL,CNC,LIMIT,DAY,1,12009.75,0.0,2026-10-01 12:55:08,COMPLETE,1,12009.75
ORD20000074,C100071,ITC,NSE,BUY,MIS,MARKET,DAY,12,0.0,0.0,2026-10-01 12:56:11,COMPLETE,12,443.83
ORD20004452,C100113,NTPC,NSE,SELL,MIS,LIMIT,DAY,17,351.9,0.0,2026-10-01 12:58:48,COMPLETE,17,351.9
ORD20000532,C100001,MARUTI,NSE,BUY,MIS,LIMIT,DAY,4,12549.2,0.0,2026-10-01 12:59:01,COMPLETE,4,12549.2
ORD20000372,C100160,KOTAKBANK,NSE,BUY,MIS,LIMIT,DAY,71,1716.35,0.0,2026-10-01 12:59:09,COMPLETE,71,1716.35
ORD20002349,C100029,BHARTIARTL,NSE,BUY,CNC,LIMIT,DAY,5,1349.05,0.0,2026-10-01 12:59:26,COMPLETE,5,1349.05
ORD20001961,C100080,KOTAKBANK,NSE,SELL,CNC,LIMIT,DAY,8,1712.3,0.0,2026-10-01 12:59:36,COMPLETE,8,1712.3
ORD20002699,C100076,HINDUNILVR,NSE,BUY,MIS,LIMIT,DAY,4,2433.75,0.0,2026-10-01 13:00:07,CANCELLED,0,0.0
ORD20001949,C100034,NTPC,NSE,SELL,MIS,LIMIT,DAY,12,361.25,0.0,2026-10-01 13:07:17,COMPLETE,12,361.25
ORD20001698,C100070,TCS,BSE,BUY,MIS,MARKET,DAY,31,0.0,0.0,2026-10-01 13:14:04,COMPLETE,31,3690.85
ORD20002281,C100021,ICICIBANK,NSE,BUY,MIS,LIMIT,DAY,10,1277.15,0.0,2026-10-01 13:14:14,COMPLETE,10,1277.15
ORD20001836,C100198,ONGC,NSE,SELL,MIS,LIMIT,DAY,100,272.8,0.0,2026-10-01 13:14:18,PARTIAL,32,272.8
ORD20004834,C100047,RELIANCE,NSE,SELL,CNC,SL,DAY,1,2843.35,2857.6,2026-10-01 13:14:27,COMPLETE,1,2846.05
ORD20002266,C100066,ICICIBANK,NSE,SELL,MIS,LIMIT,DAY,4,1169.7,0.0,2026-10-01 13:15:10,COMPLETE,4,1169.7
ORD20000197,C100047,RELIANCE,NSE,BUY,CNC,MARKET,DAY,7,0.0,0.0,2026-10-01 13:16:48,COMPLETE,7,3024.65
ORD20003990,C100112,BHARTIARTL,NSE,BUY,MIS,LIMIT,DAY,12,1379.35,0.0,2026-10-01 13:16:56,COMPLETE,12,1379.35
ORD20004080,C100096,RELIANCE,NSE,SELL,CNC,LIMIT,DAY,13,2846.95,0.0,2026-10-01 13:16:58,CANCELLED,0,0.0
ORD20003367,C100028,MARUTI,NSE,SELL,CNC,LIMIT,DAY,8,11568.15,0.0,2026-10-01 13:18:42,REJECTED,0,0.0
ORD20004676,C100012,KOTAKBANK,NSE,SELL,MIS,SL,DAY,42,1752.5,1761.3,2026-10-01 13:19:30,COMPLETE,42,1750.9
ORD20004052,C100079,INFY,NSE,BUY,MIS,LIMIT,DAY,36,1663.3,0.0,2026-10-01 13:20:26,COMPLETE,36,1663.3
ORD20000913,C100110,ITC,NSE,SELL,CNC,MARKET,DAY,233,0.0,0.0,2026-10-01 13:23:04,REJECTED,0,0.0
ORD20003079,C100018,RELIANCE,NSE,SELL,MIS,LIMIT,DAY,14,2871.5,0.0,2026-10-01 13:23:35,CANCELLED,0,0.0
ORD20003577,C100085,BHARTIARTL,NSE,SELL,MIS,MARKET,DAY,9,0.0,0.0,2026-10-01 13:24:17,COMPLETE,9,1458.18
ORD20002373,C100165,HDFCBANK,NSE,SELL,CNC,MARKET,DAY,5,0.0,0.0,2026-10-01 13:25:16,COMPLETE,5,1586.75
ORD20001467,C100106,HINDUNILVR,NSE,BUY,MIS,SL,DAY,33,2350.1,2338.35,2026-10-01 13:25:59,COMPLETE,33,2351.76
ORD20001576,C100045,HDFCBANK,NSE,BUY,MIS,LIMIT,DAY,41,1579.7,0.0,2026-10-01 13:28:04,COMPLETE,41,1579.7
ORD20001784,C100177,ONGC,NSE,BUY,MIS,LIMIT,DAY,23,263.95,0.0,2026-10-01 13:30:48,COMPLETE,23,263.95
ORD20001464,C100172,WIPRO,NSE,BUY,MIS,LIMIT,DAY,130,466.8,0.0,2026-10-01 13:32:25,COMPLETE,130,466.8
ORD20001501,C100114,KOTAKBANK,BSE,BUY,MIS,MARKET,DAY,9,0.0,0.0,2026-10-01 13:34:52,COMPLETE,9,1755.01
ORD20000722,C100071,HDFCBANK,NSE,SELL,MIS,LIMIT,DAY,2,1595.05,0.0,2026-10-01 13:35:20,COMPLETE,2,1595.05
ORD20002623,C100148,SBIN,NSE,SELL,MIS,LIMIT,DAY,3,778.65,0.0,2026-10-01 13:37:37,COMPLETE,3,778.65
ORD20003357,C100078,NTPC,NSE,SELL,CNC,MARKET,DAY,7,0.0,0.0,2026-10-01 13:38:49,COMPLETE,7,358.22
ORD20001402,C100053,ITC,NSE,SELL,CNC,MARKET,DAY,131,0.0,0.0,2026-10-01 13:39:29,COMPLETE,131,450.9
ORD20000899,C100061,HINDUNILVR,NSE,BUY,CNC,MARKET,DAY,23,0.0,0.0,2026-10-01 13:42:56,COMPLETE,23,2313.92
ORD20004479,C100158,ITC,NSE,SELL,MIS,MARKET,DAY,196,0.0,0.0,2026-10-01 13:46:03,CANCELLED,0,0.0
ORD20004229,C100187,ITC,NSE,SELL,CNC,LIMIT,DAY,176,447.75,0.0,2026-10-01 13:47:16,COMPLETE,176,447.75
ORD20001894,C100055,MARUTI,NSE,BUY,CNC,LIMIT,DAY,1,12067.95,0.0,2026-10-01 13:48:41,COMPLETE,1,12067.95
ORD20003396,C100179,ITC,BSE,BUY,MIS,LIMIT,DAY,291,446.25,0.0,2026-10-01 13:49:50,COMPLETE,291,446.25
ORD20000313,C100069,ASIANPAINT,NSE,SELL,CNC,MARKET,DAY,33,0.0,0.0,2026-10-01 13:50:59,COMPLETE,33,2879.95
ORD20001679,C100193,HINDUNILVR,NSE,SELL,MIS,LIMIT,DAY,30,2432.45,0.0,2026-10-01 13:56:12,COMPLETE,30,2432.45
ORD20002555,C100180,HDFCBANK,NSE,SELL,MIS,LIMIT,DAY,1,1634.8,0.0,2026-10-01 13:58:18,COMPLETE,1,1634.8
ORD20000508,C100134,HDFCBANK,NSE,BUY,MIS,LIMIT,DAY,3,1693.0,0.0,2026-10-01 13:59:39,CANCELLED,0,0.0
ORD20002304,C100186,RELIANCE,NSE,BUY,MIS,MARKET,DAY,2,0.0,0.0,2026-10-01 14:00:26,COMPLETE,2,3040.25
ORD20000096,C100062,ITC,NSE,SELL,MIS,LIMIT,DAY,199,455.8,0.0,2026-10-01 14:00:49,COMPLETE,199,455.8
ORD20000884,C100151,RELIANCE,NSE,SELL,CNC,MARKET,DAY,52,0.0,0.0,2026-10-01 14:02:05,REJECTED,0,0.0
ORD20002777,C100000,HINDUNILVR,NSE,SELL,MIS,LIMIT,DAY,22,2304.5,0.0,2026-10-01 14:04:37,COMPLETE,22,2304.5
ORD20004139,C100026,TATAMOTORS,NSE,SELL,CNC,LIMIT,DAY,39,926.4,0.0,2026-10-01 14:06:22,COMPLETE,39,926.4
ORD20000631,C100169,AXISBANK,NSE,BUY,MIS,LIMIT,DAY,124,1068.45,0.0,2026-10-01 14:07:03,COMPLETE,124,1068.45
ORD20000840,C100058,ONGC,BSE,SELL,MIS,LIMIT,DAY,52,261.7,0.0,2026-10-01 14:11:49,PARTIAL,12,261.7
ORD20004889,C100192,ITC,NSE,BUY,MIS,LIMIT,DAY,13,442.15,0.0,2026-10-01 14:12:29,COMPLETE,13,442.15
ORD20003772,C100059,INFY,NSE,BUY,CNC,LIMIT,DAY,6,1548.5,0.0,2026-10-01 14:13:51,COMPLETE,6,1548.5
ORD20003908,C100074,SBIN,NSE,BUY,CNC,LIMIT,DAY,36,783.1,0.0,2026-10-01 14:14:33,COMPLETE,36,783.1
ORD20004838,C100095,BHARTIARTL,NSE,SELL,CNC,LIMIT,DAY,10,1375.2,0.0,2026-10-01 14:15:53,COMPLETE,10,1375.2
ORD20003810,C100056,ITC,NSE,BUY,CNC,LIMIT,DAY,146,435.25,0.0,2026-10-01 14:21:54,COMPLETE,146,435.25
ORD20000760,C100183,TITAN,NSE,SELL,CNC,LIMIT,DAY,16,3505.3,0.0,2026-10-01 14:22:29,COMPLETE,16,3505.3
ORD20000234,C100169,MARUTI,NSE,BUY,MIS,LIMIT,DAY,2,12083.45,0.0,2026-10-01 14:22:58,COMPLETE,2,12083.45
ORD20002638,C100137,ONGC,NSE,SELL,CNC,LIMIT,DAY,16,272.55,0.0,2026-10-01 14:23:06,COMPLETE,16,272.55
ORD20003666,C100068,MARUTI,NSE,SELL,CNC,LIMIT,DAY,2,12092.7,0.0,2026-10-01 14:23:12,COMPLETE,2,12092.7
ORD20003647,C100138,ASIANPAINT,NSE,SELL,CNC,SL,DAY,11,2887.4,2901.85,2026-10-01 14:24:55,COMPLETE,11,2887.05
ORD20004798,C100092,HINDUNILVR,NSE,BUY,MIS,LIMIT,DAY,41,2417.35,0.0,2026-10-01 14:26:00,CANCELLED,0,0.0
ORD20004277,C100088,ONGC,NSE,SELL,MIS,LIMIT,DAY,52,253.8,0.0,2026-10-01 14:27:09,REJECTED,0,0.0
ORD20000818,C100062,NTPC,NSE,SELL,MIS,LIMIT,DAY,190,342.75,0.0,2026-10-01 14:28:17,COMPLETE,190,342.75
ORD20004538,C100079,ITC,NSE,BUY,CNC,LIMIT,DAY,45,463.85,0.0,2026-10-01 14:32:58,COMPLETE,45,463.85
ORD20002404,C100027,TATAMOTORS,NSE,SELL,CNC,LIMIT,DAY,140,871.45,0.0,2026-10-01 14:35:17,COMPLETE,140,871.45
ORD20000651,C100045,BHARTIARTL,NSE,SELL,MIS,LIMIT,DAY,31,1465.85,0.0,2026-10-01 14:36:17,CANCELLED,0,0.0
ORD20002028,C100177,MARUTI,NSE,BUY,MIS,SL,DAY,1,12075.1,12014.7,2026-10-01 14:36:37,COMPLETE,1,12090.0
ORD20004069,C100002,HDFCBANK,NSE,SELL,MIS,LIMIT,DAY,16,1676.45,0.0,2026-10-01 14:38:19,COMPLETE,16,1676.45
ORD20004977,C100095,TATAMOTORS,NSE,SELL,CNC,SL,DAY,5,924.85,929.5,2026-10-01 14:39:22,REJECTED,0,0.0
ORD20003760,C100006,ITC,NSE,BUY,MIS,LIMIT,DAY,14,445.6,0.0,2026-10-01 14:40:30,COMPLETE,14,445.6
ORD20001963,C100016,ONGC,NSE,SELL,CNC,MARKET,DAY,64,0.0,0.0,2026-10-01 14:41:13,CANCELLED,0,0.0
ORD20002983,C100165,KOTAKBANK,NSE,SELL,MIS,MARKET,DAY,32,0.0,0.0,2026-10-01 14:42:46,OPEN,0,0.0
ORD20000382,C100165,HINDUNILVR,NSE,BUY,MIS,LIMIT,DAY,6,2506.0,0.0,2026-10-01 14:44:19,REJECTED,0,0.0
ORD20000779,C100010,TATAMOTORS,NSE,SELL,CNC,MARKET,DAY,27,0.0,0.0,2026-10-01 14:44:45,COMPLETE,27,951.19
ORD20000361,C100176,MARUTI,NSE,SELL,CNC,MARKET,DAY,1,0.0,0.0,2026-10-01 14:45:42,COMPLETE,1,11972.2
ORD20002388,C100034,TATAMOTORS,NSE,BUY,MIS,MARKET,DAY,39,0.0,0.0,2026-10-01 14:45:46,COMPLETE,39,920.22
ORD20003219,C100155,ASIANPAINT,NSE,BUY,MIS,LIMIT,DAY,23,3000.55,0.0,2026-10-01 14:46:08,COMPLETE,23,3000.55
ORD20004064,C100072,MARUTI,NSE,SELL,MIS,LIMIT,DAY,1,11314.1,0.0,2026-10-01 14:46:55,COMPLETE,1,11314.1
ORD20003868,C100035,ITC,NSE,SELL,CNC,SL,DAY,20,463.9,466.2,2026-10-01 14:47:52,COMPLETE,20,463.63
ORD20000393,C100163,HDFCBANK,NSE,BUY,MIS,LIMIT,DAY,70,1655.05,0.0,2026-10-01 14:48:32,CANCELLED,0,0.0
ORD20004384,C100125,NTPC,NSE,BUY,MIS,SL,DAY,15,369.5,367.7,2026-10-01 14:50:03,COMPLETE,15,369.3
ORD20003012,C100015,BHARTIARTL,NSE,SELL,MIS,MARKET,DAY,3,0.0,0.0,2026-10-01 14:52:06,COMPLETE,3,1344.97
ORD20000494,C100043,ASIANPAINT,NSE,BUY,CNC,MARKET,DAY,3,0.0,0.0,2026-10-01 14:52:54,COMPLETE,3,2871.32
ORD20000126,C100102,ITC,NSE,BUY,MIS,LIMIT,DAY,12,452.6,0.0,2026-10-01 14:53:59,COMPLETE,12,452.6
ORD20001125,C100121,HINDUNILVR,NSE,BUY,MIS,SL,DAY,2,2556.95,2544.15,2026-10-01 14:54:07,COMPLETE,2,2555.75
ORD20002653,C100114,ASIANPAINT,NSE,BUY,MIS,LIMIT,DAY,12,2789.45,0.0,2026-10-01 14:56:30,COMPLETE,12,2789.45
ORD20004297,C100117,ICICIBANK,NSE,BUY,MIS,LIMIT,DAY,7,1215.15,0.0,2026-10-01 14:56:36,COMPLETE,7,1215.15
ORD20000424,C100180,INFY,NSE,SELL,CNC,LIMIT,DAY,3,1624.45,0.0,2026-10-01 14:57:46,CANCELLED,0,0.0
ORD20003737,C100070,ICICIBANK,NSE,BUY,CNC,LIMIT,DAY,64,1182.3,0.0,2026-10-01 14:58:01,COMPLETE,64,1182.3
ORD20004625,C100063,ITC,NSE,BUY,CNC,LIMIT,DAY,133,450.9,0.0,2026-10-01 14:59:25,COMPLETE,133,450.9
ORD20000251,C100045,HDFCBANK,NSE,SELL,CNC,LIMIT,DAY,4,1680.8,0.0,2026-10-01 15:01:51,COMPLETE,4,1680.8
ORD20003600,C100093,NTPC,NSE,SELL,CNC,MARKET,DAY,85,0.0,0.0,2026-10-01 15:03:00,CANCELLED,0,0.0
ORD20001266,C100075,ITC,NSE,BUY,CNC,LIMIT,DAY,24,460.75,0.0,2026-10-01 15:03:28,COMPLETE,24,460.75
ORD20001249,C100145,ONGC,NSE,SELL,CNC,MARKET,DAY,28,0.0,0.0,2026-10-01 15:04:14,COMPLETE,28,277.75
ORD20001595,C100168,HDFCBANK,NSE,BUY,CNC,LIMIT,DAY,9,1632.95,0.0,2026-10-01 15:04:26,COMPLETE,9,1632.95
ORD20003355,C100046,TATAMOTORS,NSE,BUY,MIS,LIMIT,DAY,38,962.85,0.0,2026-10-01 15:04:50,COMPLETE,38,962.85
ORD20003740,C100194,HDFCBANK,NSE,BUY,CNC,LIMIT,DAY,3,1654.1,0.0,2026-10-01 15:05:43,COMPLETE,3,1654.1
ORD20002011,C100167,HINDUNILVR,NSE,BUY,CNC,LIMIT,DAY,2,2351.95,0.0,2026-10-01 15:06:56,COMPLETE,2,2351.95
ORD20003941,C100109,HINDUNILVR,NSE,SELL,MIS,LIMIT,DAY,12,2408.25,0.0,2026-10-01 15:07:35,COMPLETE,12,2408.25
ORD20004826,C100074,MARUTI,NSE,SELL,CNC,MARKET,DAY,3,0.0,0.0,2026-10-01 15:09:38,COMPLETE,3,11753.6
ORD20003688,C100187,BHARTIARTL,NSE,SELL,CNC,LIMIT,DAY,7,1438.5,0.0,2026-10-01 15:12:04,COMPLETE,7,1438.5
ORD20004045,C100062,HINDUNILVR,NSE,SELL,MIS,MARKET,DAY,11,0.0,0.0,2026-10-01 15:12:09,CANCELLED,0,0.0
ORD20004331,C100161,ITC,NSE,SELL,MIS,LIMIT,DAY,29,452.0,0.0,2026-10-01 15:13:21,COMPLETE,29,452.0
ORD20003903,C100098,KOTAKBANK,NSE,SELL,MIS,LIMIT,DAY,21,1717.8,0.0,2026-10-01 15:14:15,COMPLETE,21,1717.8
ORD20002176,C100011,ONGC,NSE,SELL,MIS,LIMIT,DAY,95,272.75,0.0,2026-10-01 15:16:22,REJECTED,0,0.0
ORD20001004,C100193,BHARTIARTL,NSE,BUY,CNC,LIMIT,DAY,3,1499.7,0.0,2026-10-01 15:17:25,COMPLETE,3,1499.7
ORD20002076,C100193,SBIN,NSE,BUY,MIS,LIMIT,DAY,16,832.6,0.0,2026-10-01 15:17:40,COMPLETE,16,832.6
ORD20001215,C100184,KOTAKBANK,NSE,SELL,CNC,LIMIT,DAY,35,1807.1,0.0,2026-10-01 15:24:10,PARTIAL,16,1807.1
ORD20000566,C100067,TATAMOTORS,NSE,BUY,CNC,LIMIT,DAY,55,958.65,0.0,2026-10-01 15:24:29,COMPLETE,55,958.65
ORD20004633,C100175,HINDUNILVR,NSE,BUY,MIS,LIMIT,DAY,11,2320.5,0.0,2026-10-01 15:24:34,CANCELLED,0,0.0
ORD20004797,C100042,ASIANPAINT,NSE,SELL,CNC,MARKET,DAY,4,0.0,0.0,2026-10-02 09:16:31,COMPLETE,4,2908.4
ORD20002898,C100141,MARUTI,NSE,SELL,MIS,LIMIT,DAY,7,11855.8,0.0,2026-10-02 09:20:58,COMPLETE,7,11855.8
ORD20004344,C100089,ICICIBANK,NSE,BUY,MIS,LIMIT,DAY,12,1187.95,0.0,2026-10-02 09:21:34,COMPLETE,12,1187.95
ORD20000358,C100065,HDFCBANK,NSE,SELL,CNC,SL,DAY,84,1703.7,1712.2,2026-10-02 09:24:05,COMPLETE,84,1706.8
ORD20000077,C100086,ITC,NSE,SELL,MIS,LIMIT,DAY,74,447.3,0.0,2026-10-02 09:24:27,COMPLETE,74,447.3
ORD20004054,C100074,KOTAKBANK,NSE,SELL,MIS,LIMIT,DAY,36,1775.25,0.0,2026-10-02 09:24:27,CANCELLED,0,0.0
ORD20001589,C100062,ITC,NSE,SELL,CNC,MARKET,DAY,11,0.0,0.0,2026-10-02 09:24:40,COMPLETE,11,452.2
ORD20000447,C100092,MARUTI,NSE,BUY,MIS,MARKET,DAY,1,0.0,0.0,2026-10-02 09:25:15,COMPLETE,1,11974.75
ORD20000998,C100043,TATAMOTORS,NSE,BUY,MIS,LIMIT,DAY,14,922.55,0.0,2026-10-02 09:26:00,COMPLETE,14,922.55
ORD20003992,C100161,MARUTI,NSE,SELL,CNC,LIMIT,DAY,7,11938.9,0.0,2026-10-02 09:27:37,COMPLETE,7,11938.9
ORD20000921,C100027,ITC,NSE,BUY,CNC,LIMIT,DAY,35,463.9,0.0,2026-10-02 09:27:44,COMPLETE,35,463.9
ORD20004726,C100016,NTPC,NSE,SELL,MIS,MARKET,DAY,249,0.0,0.0,2026-10-02 09:28:29,COMPLETE,249,371.85
ORD20003716,C100107,SBIN,NSE,BUY,MIS,LIMIT,DAY,51,840.65,0.0,2026-10-02 09:29:54,COMPLETE,51,840.65
ORD20002905,C100169,ITC,NSE,SELL,CNC,LIMIT,DAY,107,452.0,0.0,2026-10-02 09:30:37,COMPLETE,107,452.0
ORD20003982,C100015,TITAN,NSE,SELL,MIS,SL,DAY,2,3405.75,3422.75,2026-10-02 09:30:42,COMPLETE,2,3406.1
ORD20004205,C100175,TITAN,NSE,SELL,MIS,MARKET,DAY,5,0.0,0.0,2026-10-02 09:35:39,COMPLETE,5,3422.12
ORD20004638,C100182,ASIANPAINT,NSE,SELL,MIS,LIMIT,DAY,10,2927.35,0.0,2026-10-02 09:36:28,REJECTED,0,0.0
ORD20002995,C100009,MARUTI,BSE,BUY,CNC,LIMIT,DAY,9,11774.75,0.0,2026-10-02 09:37:36,COMPLETE,9,11774.75
ORD20001682,C100033,HINDUNILVR,NSE,SELL,MIS,MARKET,DAY,35,0.0,0.0,2026-10-02 09:40:36,COMPLETE,35,2413.93
ORD20003713,C100030,TATAMOTORS,NSE,BUY,MIS,LIMIT,DAY,28,1002.7,0.0,2026-10-02 09:41:24,COMPLETE,28,1002.7
ORD20001502,C100053,HINDUNILVR,NSE,BUY,CNC,LIMIT,DAY,2,2429.05,0.0,2026-10-02 09:42:49,COMPLETE,2,2429.05
ORD20002023,C100109,ICICIBANK,NSE,BUY,MIS,SL,DAY,5,1269.4,1263.05,2026-10-02 09:45:24,COMPLETE,5,1269.54
ORD20000440,C100088,MARUTI,NSE,SELL,CNC,LIMIT,DAY,11,12309.65,0.0,2026-10-02 09:45:39,PARTIAL,8,12309.65
ORD20003749,C100070,TATAMOTORS,NSE,BUY,MIS,LIMIT,DAY,47,964.75,0.0,2026-10-02 09:47:34,COMPLETE,47,964.75
ORD20001185,C100142,ICICIBANK,NSE,BUY,MIS,LIMIT,DAY,49,1185.95,0.0,2026-10-02 09:50:24,COMPLETE,49,1185.95
ORD20000191,C100103,ITC,NSE,BUY,CNC,LIMIT,DAY,243,445.75,0.0,2026-10-02 09:51:31,COMPLETE,243,445.75
ORD20000336,C100069,MARUTI,NSE,BUY,CNC,SL,DAY,11,11856.3,11797.05,2026-10-02 09:51:34,COMPLETE,11,11847.7
ORD20003897,C100070,ITC,NSE,SELL,MIS,LIMIT,DAY,41,461.7,0.0,2026-10-02 09:53:40,COMPLETE,41,461.7
ORD20001706,C100036,NTPC,NSE,SELL,CNC,MARKET,DAY,180,0.0,0.0,2026-10-02 09:54:25,REJECTED,0,0.0
ORD20004642,C100049,RELIANCE,NSE,SELL,MIS,MARKET,DAY,1,0.0,0.0,2026-10-02 09:55:43,COMPLETE,1,2971.9
ORD20002129,C100111,AXISBANK,NSE,SELL,MIS,MARKET,DAY,29,0.0,0.0,2026-10-02 10:01:10,PARTIAL,11,1136.54
ORD20003013,C100153,ICICIBANK,NSE,BUY,CNC,MARKET,DAY,5,0.0,0.0,2026-10-02 10:01:34,CANCELLED,0,0.0
ORD20001713,C100051,TATAMOTORS,NSE,SELL,CNC,LIMIT,DAY,77,931.85,0.0,2026-10-02 10:02:20,COMPLETE,77,931.85
ORD20003006,C100074,HDFCBANK,NSE,BUY,MIS,LIMIT,DAY,2,1720.95,0.0,2026-10-02 10:02:31,COMPLETE,2,1720.95
ORD20000824,C100011,RELIANCE,BSE,BUY,CNC,LIMIT,DAY,32,2967.65,0.0,2026-10-02 10:04:17,COMPLETE,32,2967.65
ORD20002482,C100144,MARUTI,NSE,BUY,MIS,LIMIT,DAY,5,12484.75,0.0,2026-10-02 10:04:23,REJECTED,0,0.0
ORD20000987,C100019,TATAMOTORS,NSE,SELL,CNC,SL,DAY,34,932.2,936.85,2026-10-02 10:06:15,COMPLETE,34,933.25
ORD20003124,C100096,ITC,NSE,BUY,CNC,LIMIT,DAY,121,445.7,0.0,2026-10-02 10:06:46,COMPLETE,121,445.7
ORD20000654,C100171,ITC,NSE,SELL,MIS,MARKET,DAY,19,0.0,0.0,2026-10-02 10:07:05,COMPLETE,19,462.98
ORD20000306,C100091,ITC,NSE,SELL,MIS,MARKET,DAY,11,0.0,0.0,2026-10-02 10:09:25,COMPLETE,11,452.16
ORD20002351,C100045,ITC,NSE,SELL,MIS,MARKET,DAY,74,0.0,0.0,2026-10-02 10:10:05,COMPLETE,74,453.85
ORD20002597,C100143,KOTAKBANK,NSE,BUY,MIS,MARKET,DAY,33,0.0,0.0,2026-10-02 10:10:14,COMPLETE,33,1799.99
ORD20002631,C100113,KOTAKBANK,NSE,SELL,MIS,LIMIT,DAY,3,1737.05,0.0,2026-10-02 10:10:40,COMPLETE,3,1737.05
ORD20002295,C100121,HDFCBANK,NSE,BUY,CNC,MARKET,DAY,6,0.0,0.0,2026-10-02 10:14:37,COMPLETE,6,1614.6
ORD20002109,C100051,ITC,BSE,BUY,CNC,LIMIT,DAY,9,439.6,0.0,2026-10-02 10:15:44,COMPLETE,9,439.6
ORD20001288,C100024,HINDUNILVR,NSE,SELL,MIS,MARKET,DAY,61,0.0,0.0,2026-10-02 10:16:19,COMPLETE,61,2405.83
ORD20004617,C100059,KOTAKBANK,NSE,SELL,CNC,MARKET,DAY,24,0.0,0.0,2026-10-02 10:16:43,CANCELLED,0,0.0
ORD20000589,C100080,TATAMOTORS,NSE,SELL,CNC,MARKET,DAY,3,0.0,0.0,2026-10-02 10:16:56,COMPLETE,3,883.63
ORD20000014,C100025,RELIANCE,NSE,SELL,MIS,LIMIT,DAY,5,2950.45,0.0,2026-10-02 10:18:23,COMPLETE,5,2950.45
ORD20001746,C100184,ITC,NSE,BUY,MIS,LIMIT,DAY,25,435.4,0.0,2026-10-02 10:19:24,PARTIAL,19,435.4
ORD20001197,C100044,RELIANCE,NSE,SELL,MIS,MARKET,DAY,29,0.0,0.0,2026-10-02 10:19:59,COMPLETE,29,2920.25
ORD20004218,C100162,MARUTI,NSE,SELL,MIS,LIMIT,DAY,1,12100.3,0.0,2026-10-02 10:21:22,COMPLETE,1,12100.3
ORD20002660,C100057,KOTAKBANK,NSE,BUY,CNC,LIMIT,DAY,34,1735.1,0.0,2026-10-02 10:21:49,COMPLETE,34,1735.1
ORD20002972,C100166,ITC,NSE,SELL,MIS,LIMIT,DAY,102,466.7,0.0,2026-10-02 10:22:36,COMPLETE,102,466.7
ORD20003056,C100150,MARUTI,NSE,SELL,CNC,LIMIT,DAY,2,11871.25,0.0,2026-10-02 10:24:38,COMPLETE,2,11871.25
ORD20003378,C100075,HINDUNILVR,NSE,SELL,MIS,MARKET,DAY,28,0.0,0.0,2026-10-02 10:27:05,COMPLETE,28,2306.7
ORD20003511,C100078,KOTAKBANK,NSE,BUY,CNC,LIMIT,DAY,5,1736.45,0.0,2026-10-02 10:27:34,REJECTED,0,0.0
ORD20000832,C100033,MARUTI,NSE,SELL,CNC,MARKET,DAY,6,0.0,0.0,2026-10-02 10:28:48,OPEN,0,0.0
ORD20001873,C100172,HDFCBANK,NSE,BUY,MIS,MARKET,DAY,3,0.0,0.0,2026-10-02 10:29:59,COMPLETE,3,1659.28
ORD20003054,C100044,TATAMOTORS,NSE,SELL,MIS,LIMIT,DAY,13,999.2,0.0,2026-10-02 10:31:14,COMPLETE,13,999.2
ORD20002179,C100143,TATAMOTORS,BSE,SELL,CNC,MARKET,DAY,72,0.0,0.0,2026-10-02 10:32:18,COMPLETE,72,940.04
ORD20001594,C100146,RELIANCE,NSE,BUY,CNC,MARKET,DAY,4,0.0,0.0,2026-10-02 10:32:26,COMPLETE,4,2911.0
ORD20002403,C100049,BHARTIARTL,NSE,BUY,CNC,LIMIT,DAY,62,1425.25,0.0,2026-10-02 10:33:09,REJECTED,0,0.0
ORD20004609,C100070,BHARTIARTL,NSE,SELL,MIS,MARKET,DAY,9,0.0,0.0,2026-10-02 10:33:27,OPEN,0,0.0
ORD20001164,C100148,RELIANCE,NSE,BUY,CNC,MARKET,DAY,18,0.0,0.0,2026-10-02 10:36:46,COMPLETE,18,2946.05
ORD20004259,C100089,HDFCBANK,NSE,SELL,CNC,LIMIT,DAY,16,1681.3,0.0,2026-10-02 10:38:57,CANCELLED,0,0.0
ORD20003559,C100066,HINDUNILVR,NSE,SELL,MIS,MARKET,DAY,2,0.0,0.0,2026-10-02 10:39:19,COMPLETE,2,2276.15
ORD20004933,C100187,HDFCBANK,NSE,BUY,MIS,MARKET,DAY,5,0.0,0.0,2026-10-02 10:39:42,PARTIAL,1,1594.9
ORD20001729,C100143,ASIANPAINT,NSE,SELL,MIS,MARKET,DAY,11,0.0,0.0,2026-10-02 10:42:38,OPEN,0,0.0
ORD20001916,C100197,HINDUNILVR,BSE,SELL,MIS,MARKET,DAY,1,0.0,0.0,2026-10-02 10:43:10,CANCELLED,0,0.0
ORD20003617,C100000,MARUTI,NSE,BUY,CNC,LIMIT,DAY,2,11957.3,0.0,2026-10-02 10:45:59,CANCELLED,0,0.0
ORD20001099,C100151,AXISBANK,NSE,SELL,CNC,LIMIT,DAY,25,1107.75,0.0,2026-10-02 10:46:01,COMPLETE,25,1107.75
ORD20000091,C100060,AXISBANK,BSE,BUY,CNC,LIMIT,DAY,48,1134.05,0.0,2026-10-02 10:48:56,COMPLETE,48,1134.05
ORD20001547,C100185,TATAMOTORS,NSE,BUY,MIS,LIMIT,DAY,30,968.1,0.0,2026-10-02 10:49:22,COMPLETE,30,968.1
ORD20004526,C100154,ICICIBANK,NSE,BUY,CNC,LIMIT,DAY,22,1222.55,0.0,2026-10-02 10:50:43,COMPLETE,22,1222.55
ORD20001651,C100085,ICICIBANK,NSE,BUY,CNC,MARKET,DAY,66,0.0,0.0,2026-10-02 10:53:03,REJECTED,0,0.0
ORD20001868,C100019,RELIANCE,NSE,SELL,CNC,SL,DAY,3,3052.15,3067.4,2026-10-02 10:55:49,OPEN,0,0.0
ORD20002749,C100100,NTPC,NSE,SELL,MIS,MARKET,DAY,13,0.0,0.0,2026-10-02 10:57:09,COMPLETE,13,356.47
ORD20000470,C100013,HINDUNILVR,NSE,SELL,CNC,LIMIT,DAY,10,2379.5,0.0,2026-10-02 10:57:58,COMPLETE,10,2379.5
ORD20004934,C100051,ITC,NSE,BUY,MIS,LIMIT,DAY,21,451.25,0.0,2026-10-02 11:05:31,COMPLETE,21,451.25
ORD20003732,C100042,ASIANPAINT,NSE,SELL,CNC,LIMIT,DAY,38,2818.25,0.0,2026-10-02 11:07:32,CANCELLED,0,0.0
ORD20003856,C100187,BHARTIARTL,NSE,SELL,MIS,LIMIT,DAY,99,1400.6,0.0,2026-10-02 11:07:51,COMPLETE,99,1400.6
ORD20004883,C100045,TATAMOTORS,BSE,SELL,MIS,LIMIT,DAY,5,958.5,0.0,2026-10-02 11:11:18,PARTIAL,1,958.5
ORD20000754,C100186,ITC,NSE,BUY,MIS,LIMIT,DAY,64,452.3,0.0,2026-10-02 11:11:55,COMPLETE,64,452.3
ORD20002562,C100116,HDFCBANK,NSE,BUY,MIS,LIMIT,DAY,82,1667.45,0.0,2026-10-02 11:12:15,COMPLETE,82,1667.45
ORD20002229,C100121,AXISBANK,NSE,BUY,MIS,LIMIT,DAY,43,1058.4,0.0,2026-10-02 11:12:39,COMPLETE,43,1058.4
ORD20002862,C100030,ITC,NSE,BUY,MIS,LIMIT,DAY,16,466.5,0.0,2026-10-02 11:16:14,COMPLETE,16,466.5
ORD20004470,C100084,AXISBANK,NSE,SELL,MIS,MARKET,DAY,61,0.0,0.0,2026-10-02 11:16:44,COMPLETE,61,1137.79
ORD20004380,C100005,ICICIBANK,NSE,BUY,MIS,LIMIT,DAY,109,1179.8,0.0,2026-10-02 11:18:55,COMPLETE,109,1179.8
ORD20001972,C100026,ITC,NSE,BUY,MIS,LIMIT,DAY,12,449.2,0.0,2026-10-02 11:19:03,COMPLETE,12,449.2
ORD20003702,C100097,KOTAKBANK,NSE,SELL,MIS,MARKET,DAY,20,0.0,0.0,2026-10-02 11:20:30,COMPLETE,20,1752.4
ORD20002476,C100076,ITC,NSE,BUY,CNC,MARKET,DAY,13,0.0,0.0,2026-10-02 11:23:37,COMPLETE,13,443.4
ORD20004106,C100172,HINDUNILVR,NSE,BUY,MIS,LIMIT,DAY,18,2353.3,0.0,2026-10-02 11:26:13,COMPLETE,18,2353.3
ORD20002670,C100156,HDFCBANK,NSE,BUY,CNC,LIMIT,DAY,20,1677.65,0.0,2026-10-02 11:26:21,COMPLETE,20,1677.65
ORD20002584,C100139,BHARTIARTL,NSE,BUY,MIS,LIMIT,DAY,3,1375.2,0.0,2026-10-02 11:26:49,COMPLETE,3,1375.2
ORD20002398,C100000,MARUTI,NSE,SELL,MIS,LIMIT,DAY,2,12421.25,0.0,2026-10-02 11:27:01,COMPLETE,2,12421.25
ORD20001001,C100030,ITC,NSE,SELL,MIS,LIMIT,DAY,6,459.35,0.0,2026-10-02 11:28:04,CANCELLED,0,0.0
ORD20000215,C100040,TCS,BSE,BUY,MIS,MARKET,DAY,1,0.0,0.0,2026-10-02 11:28:49,CANCELLED,0,0.0
ORD20001887,C100018,HINDUNILVR,NSE,SELL,MIS,LIMIT,DAY,11,2436.4,0.0,2026-10-02 11:29:22,COMPLETE,11,2436.4
ORD20000056,C100037,BHARTIARTL,NSE,BUY,CNC,MARKET,DAY,38,0.0,0.0,2026-10-02 11:29:44,COMPLETE,38,1375.04
ORD20004869,C100140,BHARTIARTL,NSE,BUY,MIS,MARKET,DAY,28,0.0,0.0,2026-10-02 11:31:04,COMPLETE,28,1353.77
ORD20003584,C100054,TITAN,NSE,BUY,CNC,MARKET,DAY,30,0.0,0.0,2026-10-02 11:32:55,COMPLETE,30,3270.9
ORD20000036,C100125,ASIANPAINT,NSE,SELL,MIS,LIMIT,DAY,8,2846.5,0.0,2026-10-02 11:35:39,COMPLETE,8,2846.5
ORD20001367,C100078,BHARTIARTL,NSE,SELL,CNC,LIMIT,DAY,86,1399.4,0.0,2026-10-02 11:38:42,COMPLETE,86,1399.4
ORD20001942,C100000,HINDUNILVR,BSE,BUY,CNC,LIMIT,DAY,19,2459.3,0.0,2026-10-02 11:38:55,COMPLETE,19,2459.3
ORD20001331,C100028,AXISBANK,NSE,SELL,MIS,SL,DAY,12,1101.2,1106.7,2026-10-02 11:38:59,COMPLETE,12,1101.75
ORD20003434,C100100,INFY,BSE,SELL,MIS,MARKET,DAY,17,0.0,0.0,2026-10-02 11:39:18,CANCELLED,0,0.0
ORD20002872,C100020,MARUTI,NSE,BUY,CNC,LIMIT,DAY,1,12199.65,0.0,2026-10-02 11:40:05,COMPLETE,1,12199.65
ORD20000882,C100084,AXISBANK,NSE,BUY,MIS,LIMIT,DAY,49,1112.15,0.0,2026-10-02 11:43:20,COMPLETE,49,1112.15
ORD20001021,C100100,RELIANCE,BSE,BUY,CNC,LIMIT,DAY,42,2886.4,0.0,2026-10-02 11:44:26,COMPLETE,42,2886.4
ORD20002189,C100117,ITC,NSE,SELL,CNC,MARKET,DAY,10,0.0,0.0,2026-10-02 11:46:48,REJECTED,0,0.0
ORD20004807,C100143,MARUTI,NSE,BUY,MIS,MARKET,DAY,9,0.0,0.0,2026-10-02 11:47:54,COMPLETE,9,12314.69
ORD20001822,C100057,HINDUNILVR,NSE,BUY,CNC,SL,DAY,2,2436.5,2424.3,2026-10-02 11:48:29,COMPLETE,2,2436.07
ORD20000731,C100082,ICICIBANK,NSE,BUY,MIS,LIMIT,DAY,52,1155.0,0.0,2026-10-02 11:50:51,COMPLETE,52,1155.0
ORD20003136,C100122,RELIANCE,NSE,SELL,MIS,LIMIT,DAY,3,2839.45,0.0,2026-10-02 11:52:44,COMPLETE,3,2839.45
ORD20002579,C100099,ITC,NSE,SELL,MIS,SL,DAY,303,440.35,442.55,2026-10-02 11:56:32,COMPLETE,303,440.4
ORD20001017,C100046,HINDUNILVR,NSE,BUY,MIS,MARKET,DAY,1,0.0,0.0,2026-10-02 11:59:16,COMPLETE,1,2491.25
ORD20001216,C100103,MARUTI,NSE,SELL,CNC,MARKET,DAY,6,0.0,0.0,2026-10-02 11:59:32,COMPLETE,6,12203.16
ORD20002147,C100021,ITC,NSE,BUY,MIS,LIMIT,DAY,229,449.1,0.0,2026-10-02 12:01:30,COMPLETE,229,449.1
ORD20000108,C100144,ITC,NSE,SELL,CNC,MARKET,DAY,23,0.0,0.0,2026-10-02 12:02:11,COMPLETE,23,439.65
ORD20003235,C100182,TITAN,BSE,SELL,CNC,LIMIT,DAY,2,3168.5,0.0,2026-10-02 12:03:48,COMPLETE,2,3168.5
ORD20004511,C100176,HDFCBANK,NSE,BUY,MIS,LIMIT,DAY,12,1674.35,0.0,2026-10-02 12:05:40,COMPLETE,12,1674.35
ORD20003664,C100095,TCS,NSE,SELL,MIS,LIMIT,DAY,7,4085.95,0.0,2026-10-02 12:07:15,COMPLETE,7,4085.95
ORD20004374,C100193,SBIN,BSE,SELL,MIS,LIMIT,DAY,69,782.55,0.0,2026-10-02 12:08:20,COMPLETE,69,782.55
ORD20001815,C100069,RELIANCE,NSE,SELL,MIS,LIMIT,DAY,2,3082.45,0.0,2026-10-02 12:09:50,COMPLETE,2,3082.45
ORD20002429,C100005,HINDUNILVR,NSE,SELL,CNC,LIMIT,DAY,20,2411.3,0.0,2026-10-02 12:10:38,COMPLETE,20,2411.3
ORD20004346,C100178,MARUTI,NSE,SELL,MIS,LIMIT,DAY,1,11892.75,0.0,2026-10-02 12:11:41,COMPLETE,1,11892.75
ORD20000595,C100145,HINDUNILVR,NSE,SELL,CNC,MARKET,DAY,14,0.0,0.0,2026-10-02 12:11:43,COMPLETE,14,2428.46
ORD20003527,C100135,TATAMOTORS,NSE,BUY,CNC,SL,DAY,15,947.25,942.5,2026-10-02 12:12:39,COMPLETE,15,946.61
ORD20003251,C100056,RELIANCE,NSE,BUY,MIS,MARKET,DAY,26,0.0,0.0,2026-10-02 12:12:56,COMPLETE,26,2733.05
ORD20003631,C100011,ITC,NSE,SELL,MIS,MARKET,DAY,209,0.0,0.0,2026-10-02 12:15:23,COMPLETE,209,409.47
ORD20000437,C100199,NTPC,BSE,BUY,MIS,MARKET,DAY,56,0.0,0.0,2026-10-02 12:16:39,REJECTED,0,0.0
ORD20002861,C100177,BHARTIARTL,NSE,SELL,MIS,LIMIT,DAY,3,1399.0,0.0,2026-10-02 12:17:56,CANCELLED,0,0.0
ORD20002907,C100115,NTPC,NSE,SELL,MIS,MARKET,DAY,16,0.0,0.0,2026-10-02 12:17:59,COMPLETE,16,370.33
ORD20002784,C100110,MARUTI,NSE,BUY,MIS,MARKET,DAY,9,0.0,0.0,2026-10-02 12:19:03,COMPLETE,9,12334.63
ORD20001407,C100008,RELIANCE,BSE,BUY,MIS,SL,DAY,15,2958.1,2943.35,2026-10-02 12:19:23,PARTIAL,3,2958.9
ORD20004399,C100108,TCS,NSE,BUY,MIS,MARKET,DAY,17,0.0,0.0,2026-10-02 12:20:36,COMPLETE,17,3887.99
ORD20000560,C100145,ASIANPAINT,NSE,SELL,CNC,MARKET,DAY,1,0.0,0.0,2026-10-02 12:24:02,COMPLETE,1,2808.1
ORD20004691,C100190,TATAMOTORS,NSE,SELL,CNC,LIMIT,DAY,37,900.0,0.0,2026-10-02 12:25:52,COMPLETE,37,900.0
ORD20004914,C100003,HINDUNILVR,BSE,BUY,MIS,LIMIT,DAY,9,2375.2,0.0,2026-10-02 12:31:44,COMPLETE,9,2375.2
ORD20003676,C100124,ICICIBANK,NSE,BUY,MIS,SL,DAY,4,1183.2,1177.25,2026-10-02 12:33:52,COMPLETE,4,1183.25
ORD20002867,C100070,HDFCBANK,NSE,SELL,CNC,LIMIT,DAY,1,1645.55,0.0,2026-10-02 12:34:22,COMPLETE,1,1645.55
ORD20002571,C100068,TATAMOTORS,NSE,SELL,MIS,SL,DAY,7,959.35,964.15,2026-10-02 12:34:40,COMPLETE,7,959.62
ORD20000265,C100103,ONGC,NSE,BUY,MIS,LIMIT,DAY,255,272.3,0.0,2026-10-02 12:36:27,CANCELLED,0,0.0
ORD20002135,C100186,ICICIBANK,NSE,SELL,CNC,LIMIT,DAY,115,1249.6,0.0,2026-10-02 12:37:55,COMPLETE,115,1249.6
ORD20002387,C100117,ITC,NSE,SELL,MIS,LIMIT,DAY,14,447.1,0.0,2026-10-02 12:38:17,COMPLETE,14,447.1
ORD20003615,C100036,RELIANCE,NSE,SELL,MIS,LIMIT,DAY,1,2828.7,0.0,2026-10-02 12:38:43,COMPLETE,1,2828.7
ORD20004488,C100198,HDFCBANK,NSE,BUY,MIS,MARKET,DAY,44,0.0,0.0,2026-10-02 12:45:09,COMPLETE,44,1683.85
ORD20000479,C100062,KOTAKBANK,NSE,SELL,MIS,LIMIT,DAY,4,1683.8,0.0,2026-10-02 12:46:23,COMPLETE,4,1683.8
ORD20004724,C100107,TATAMOTORS,NSE,SELL,MIS,LIMIT,DAY,132,989.85,0.0,2026-10-02 12:46:24,COMPLETE,132,989.85
ORD20003974,C100115,KOTAKBANK,BSE,SELL,MIS,LIMIT,DAY,9,1709.75,0.0,2026-10-02 12:46:29,COMPLETE,9,1709.75
ORD20000910,C100049,ICICIBANK,NSE,BUY,MIS,LIMIT,DAY,8,1246.8,0.0,2026-10-02 12:49:15,COMPLETE,8,1246.8
ORD20002363,C100125,NTPC,NSE,SELL,MIS,MARKET,DAY,113,0.0,0.0,2026-10-02 12:50:02,OPEN,0,0.0
ORD20001297,C100017,SBIN,NSE,BUY,MIS,LIMIT,DAY,15,804.8,0.0,2026-10-02 12:50:12,COMPLETE,15,804.8
ORD20002183,C100064,SUNPHARMA,NSE,SELL,MIS,LIMIT,DAY,3,1756.0,0.0,2026-10-02 12:51:14,COMPLETE,3,1756.0
ORD20000750,C100047,ONGC,NSE,SELL,MIS,LIMIT,DAY,197,278.0,0.0,2026-10-02 12:52:55,COMPLETE,197,278.0
ORD20001567,C100077,RELIANCE,NSE,BUY,MIS,SL,DAY,6,2755.05,2741.25,2026-10-02 12:53:15,PARTIAL,2,2756.25
ORD20002573,C100057,HDFCBANK,NSE,SELL,MIS,SL,DAY,10,1737.65,1746.3,2026-10-02 12:55:42,REJECTED,0,0.0
ORD20002711,C100006,BHARTIARTL,NSE,SELL,MIS,LIMIT,DAY,6,1348.7,0.0,2026-10-02 12:59:54,COMPLETE,6,1348.7
ORD20001157,C100098,MARUTI,NSE,SELL,MIS,LIMIT,DAY,2,11507.0,0.0,2026-10-02 13:00:24,COMPLETE,2,11507.0
ORD20001027,C100199,MARUTI,BSE,BUY,MIS,MARKET,DAY,1,0.0,0.0,2026-10-02 13:00:42,COMPLETE,1,12014.9
ORD20001386,C100019,HDFCBANK,NSE,BUY,MIS,LIMIT,DAY,2,1676.7,0.0,2026-10-02 13:02:08,COMPLETE,2,1676.7
ORD20002284,C100007,HINDUNILVR,NSE,SELL,CNC,LIMIT,DAY,62,2330.3,0.0,2026-10-02 13:03:37,REJECTED,0,0.0
ORD20000920,C100184,TATAMOTORS,NSE,SELL,MIS,MARKET,DAY,7,0.0,0.0,2026-10-02 13:07:51,COMPLETE,7,929.0
ORD20004216,C100007,NTPC,NSE,SELL,MIS,LIMIT,DAY,82,348.1,0.0,2026-10-02 13:07:52,COMPLETE,82,348.1
ORD20002149,C100047,NTPC,NSE,SELL,CNC,LIMIT,DAY,76,368.2,0.0,2026-10-02 13:09:56,COMPLETE,76,368.2
ORD20003176,C100102,ASIANPAINT,NSE,SELL,CNC,LIMIT,DAY,1,2898.25,0.0,2026-10-02 13:16:56,REJECTED,0,0.0
ORD20000890,C100190,ICICIBANK,BSE,BUY,MIS,MARKET,DAY,4,0.0,0.0,2026-10-02 13:17:58,COMPLETE,4,1226.14
ORD20004981,C100082,ONGC,NSE,SELL,MIS,SL,DAY,125,274.2,275.55,2026-10-02 13:18:46,CANCELLED,0,0.0
ORD20000538,C100155,ITC,NSE,SELL,MIS,LIMIT,DAY,32,441.15,0.0,2026-10-02 13:19:23,CANCELLED,0,0.0
ORD20000765,C100099,HINDUNILVR,NSE,SELL,CNC,MARKET,DAY,4,0.0,0.0,2026-10-02 13:19:25,COMPLETE,4,2327.65
ORD20003841,C100014,SBIN,NSE,SELL,MIS,LIMIT,DAY,91,821.45,0.0,2026-10-02 13:22:28,COMPLETE,91,821.45
ORD20003547,C100126,HINDUNILVR,NSE,SELL,CNC,MARKET,DAY,45,0.0,0.0,2026-10-02 13:24:16,COMPLETE,45,2521.46
ORD20002377,C100124,ITC,NSE,SELL,MIS,SL,DAY,9,450.65,452.9,2026-10-02 13:24:21,COMPLETE,9,450.46
ORD20003605,C100165,ICICIBANK,NSE,BUY,CNC,MARKET,DAY,20,0.0,0.0,2026-10-02 13:25:59,COMPLETE,20,1203.06
ORD20000415,C100054,ITC,NSE,BUY,MIS,LIMIT,DAY,20,448.7,0.0,2026-10-02 13:30:06,COMPLETE,20,448.7
ORD20000038,C100022,NTPC,NSE,SELL,MIS,LIMIT,DAY,19,340.95,0.0,2026-10-02 13:33:29,COMPLETE,19,340.95
ORD20002418,C100048,TATAMOTORS,NSE,BUY,MIS,LIMIT,DAY,62,966.85,0.0,2026-10-02 13:34:23,COMPLETE,62,966.85
ORD20000366,C100167,ITC,NSE,BUY,MIS,MARKET,DAY,6,0.0,0.0,2026-10-02 13:35:08,COMPLETE,6,459.5
ORD20002113,C100024,MARUTI,BSE,SELL,CNC,SL,DAY,5,11998.2,12058.2,2026-10-02 13:35:59,COMPLETE,5,12010.54
ORD20003904,C100047,ITC,NSE,SELL,MIS,LIMIT,DAY,245,424.15,0.0,2026-10-02 13:37:13,COMPLETE,245,424.15
ORD20001274,C100019,MARUTI,BSE,BUY,MIS,LIMIT,DAY,9,11854.4,0.0,2026-10-02 13:38:21,COMPLETE,9,11854.4
ORD20000442,C100166,TATAMOTORS,NSE,SELL,MIS,MARKET,DAY,6,0.0,0.0,2026-10-02 13:38:39,COMPLETE,6,967.7
ORD20004311,C100151,TATAMOTORS,NSE,BUY,CNC,MARKET,DAY,37,0.0,0.0,2026-10-02 13:38:44,REJECTED,0,0.0
ORD20002423,C100190,RELIANCE,NSE,BUY,MIS,SL,DAY,2,2848.5,2834.25,2026-10-02 13:40:41,COMPLETE,2,2847.85
ORD20000130,C100039,ITC,NSE,BUY,MIS,LIMIT,DAY,25,420.65,0.0,2026-10-02 13:40:47,COMPLETE,25,420.65
ORD20002974,C100104,MARUTI,NSE,SELL,MIS,LIMIT,DAY,1,11517.3,0.0,2026-10-02 13:43:46,COMPLETE,1,11517.3
ORD20001349,C100055,NTPC,NSE,BUY,CNC,MARKET,DAY,153,0.0,0.0,2026-10-02 13:44:02,OPEN,0,0.0
ORD20003646,C100012,HDFCBANK,NSE,SELL,CNC,MARKET,DAY,8,0.0,0.0,2026-10-02 13:48:17,COMPLETE,8,1673.89
ORD20001039,C100198,MARUTI,NSE,SELL,MIS,SL,DAY,6,11057.9,11113.2,2026-10-02 13:50:45,COMPLETE,6,11058.95
ORD20002605,C100058,ITC,NSE,BUY,CNC,LIMIT,DAY,12,459.95,0.0,2026-10-02 13:51:35,COMPLETE,12,459.95
ORD20000716,C100162,ASIANPAINT,NSE,BUY,CNC,SL,DAY,2,2914.5,2899.95,2026-10-02 13:51:49,COMPLETE,2,2911.75
ORD20003948,C100038,NTPC,NSE,SELL,MIS,SL,DAY,26,376.5,378.4,2026-10-02 13:53:31,COMPLETE,26,376.55
ORD20000572,C100034,HINDUNILVR,NSE,BUY,MIS,LIMIT,DAY,5,2337.8,0.0,2026-10-02 13:55:06,COMPLETE,5,2337.8
ORD20001575,C100005,TCS,NSE,SELL,CNC,LIMIT,DAY,6,3917.8,0.0,2026-10-02 14:01:23,COMPLETE,6,3917.8
ORD20004087,C100137,NTPC,NSE,SELL,MIS,LIMIT,DAY,13,361.85,0.0,2026-10-02 14:01:36,COMPLETE,13,361.85
ORD20003495,C100183,ITC,NSE,SELL,MIS,LIMIT,DAY,14,464.95,0.0,2026-10-02 14:01:40,PARTIAL,10,464.95
ORD20004579,C100193,SBIN,NSE,BUY,MIS,MARKET,DAY,8,0.0,0.0,2026-10-02 14:03:26,COMPLETE,8,771.81
ORD20001511,C100098,MARUTI,NSE,SELL,MIS,LIMIT,DAY,2,11987.6,0.0,2026-10-02 14:03:28,COMPLETE,2,11987.6
ORD20003304,C100173,ICICIBANK,NSE,SELL,CNC,SL,DAY,3,1251.45,1257.7,2026-10-02 14:04:10,COMPLETE,3,1251.2
ORD20003824,C100134,RELIANCE,NSE,BUY,MIS,LIMIT,DAY,4,2953.15,0.0,2026-10-02 14:05:18,COMPLETE,4,2953.15
ORD20002998,C100076,NTPC,NSE,BUY,CNC,MARKET,DAY,13,0.0,0.0,2026-10-02 14:06:38,CANCELLED,0,0.0
ORD20003441,C100048,BHARTIARTL,NSE,BUY,CNC,MARKET,DAY,42,0.0,0.0,2026-10-02 14:07:27,OPEN,0,0.0
ORD20001988,C100042,NTPC,NSE,SELL,MIS,SL,DAY,126,369.2,371.05,2026-10-02 14:07:38,REJECTED,0,0.0
ORD20004649,C100042,TATAMOTORS,NSE,SELL,MIS,LIMIT,DAY,3,963.1,0.0,2026-10-02 14:08:28,COMPLETE,3,963.1
ORD20000374,C100077,NTPC,BSE,SELL,CNC,LIMIT,DAY,205,347.85,0.0,2026-10-02 14:11:09,COMPLETE,205,347.85
ORD20001856,C100119,SBIN,NSE,SELL,CNC,LIMIT,DAY,36,820.75,0.0,2026-10-02 14:11:12,PARTIAL,11,820.75
ORD20000972,C100102,ITC,BSE,BUY,CNC,LIMIT,DAY,308,454.8,0.0,2026-10-02 14:12:05,COMPLETE,308,454.8
ORD20001930,C100112,HINDUNILVR,NSE,SELL,CNC,MARKET,DAY,11,0.0,0.0,2026-10-02 14:14:24,COMPLETE,11,2296.35
ORD20000708,C100159,BHARTIARTL,NSE,BUY,CNC,MARKET,DAY,37,0.0,0.0,2026-10-02 14:14:50,COMPLETE,37,1439.01
ORD20002193,C100087,TATAMOTORS,NSE,SELL,MIS,MARKET,DAY,6,0.0,0.0,2026-10-02 14:16:10,COMPLETE,6,954.35
ORD20003392,C100060,MARUTI,NSE,BUY,MIS,LIMIT,DAY,7,11664.45,0.0,2026-10-02 14:17:13,CANCELLED,0,0.0
ORD20001287,C100185,TCS,NSE,BUY,MIS,LIMIT,DAY,27,3992.45,0.0,2026-10-02 14:17:39,COMPLETE,27,3992.45
ORD20000013,C100083,HINDUNILVR,NSE,SELL,MIS,LIMIT,DAY,6,2450.95,0.0,2026-10-02 14:19:21,COMPLETE,6,2450.95
ORD20000341,C100125,ITC,BSE,BUY,MIS,LIMIT,DAY,35,417.9,0.0,2026-10-02 14:19:31,CANCELLED,0,0.0
ORD20000132,C100134,BHARTIARTL,NSE,BUY,CNC,LIMIT,DAY,4,1437.5,0.0,2026-10-02 14:22:32,COMPLETE,4,1437.5
ORD20001238,C100096,HDFCBANK,NSE,BUY,CNC,LIMIT,DAY,5,1690.3,0.0,2026-10-02 14:23:27,COMPLETE,5,1690.3
ORD20000515,C100052,HINDUNILVR,NSE,SELL,MIS,LIMIT,DAY,5,2425.05,0.0,2026-10-02 14:26:54,COMPLETE,5,2425.05
ORD20002165,C100180,SBIN,NSE,BUY,CNC,MARKET,DAY,35,0.0,0.0,2026-10-02 14:27:22,COMPLETE,35,778.6
ORD20003507,C100009,BHARTIARTL,NSE,BUY,CNC,SL,DAY,2,1381.1,1374.2,2026-10-02 14:27:24,COMPLETE,2,1383.02
ORD20003911,C100099,SBIN,NSE,BUY,MIS,MARKET,DAY,8,0.0,0.0,2026-10-02 14:30:00,COMPLETE,8,778.15
ORD20004970,C100025,LT,NSE,SELL,MIS,MARKET,DAY,3,0.0,0.0,2026-10-02 14:32:05,COMPLETE,3,3490.18
ORD20004546,C100114,ITC,NSE,SELL,MIS,LIMIT,DAY,26,465.4,0.0,2026-10-02 14:33:29,COMPLETE,26,465.4
ORD20001922,C100048,ITC,NSE,BUY,MIS,LIMIT,DAY,15,449.8,0.0,2026-10-02 14:34:49,COMPLETE,15,449.8
ORD20004010,C100027,KOTAKBANK,NSE,BUY,MIS,LIMIT,DAY,32,1817.0,0.0,2026-10-02 14:37:58,COMPLETE,32,1817.0
ORD20002536,C100060,HINDUNILVR,NSE,BUY,MIS,LIMIT,DAY,5,2439.15,0.0,2026-10-02 14:38:20,COMPLETE,5,2439.15
ORD20003281,C100019,SBIN,BSE,SELL,MIS,LIMIT,DAY,78,798.95,0.0,2026-10-02 14:40:02,COMPLETE,78,798.95
ORD20001852,C100016,ONGC,NSE,SELL,CNC,MARKET,DAY,14,0.0,0.0,2026-10-02 14:45:03,CANCELLED,0,0.0
ORD20001347,C100104,KOTAKBANK,NSE,BUY,MIS,MARKET,DAY,6,0.0,0.0,2026-10-02 14:45:31,COMPLETE,6,1684.33
ORD20000500,C100125,KOTAKBANK,NSE,BUY,MIS,SL,DAY,17,1781.4,1772.5,2026-10-02 14:46:57,COMPLETE,17,1781.9
ORD20001723,C100037,HINDUNILVR,NSE,SELL,MIS,LIMIT,DAY,14,2411.15,0.0,2026-10-02 14:49:08,COMPLETE,14,2411.15
ORD20004211,C100151,NTPC,NSE,BUY,CNC,LIMIT,DAY,95,359.6,0.0,2026-10-02 14:49:29,COMPLETE,95,359.6
ORD20000985,C100043,INFY,NSE,BUY,MIS,MARKET,DAY,3,0.0,0.0,2026-10-02 14:50:02,COMPLETE,3,1625.12
ORD20000195,C100195,SBIN,NSE,BUY,MIS,LIMIT,DAY,103,803.4,0.0,2026-10-02 14:54:42,COMPLETE,103,803.4
ORD20002327,C100010,NTPC,NSE,SELL,MIS,LIMIT,DAY,170,359.9,0.0,2026-10-02 14:55:41,COMPLETE,170,359.9
ORD20002793,C100141,HINDUNILVR,NSE,BUY,MIS,MARKET,DAY,13,0.0,0.0,2026-10-02 14:56:02,COMPLETE,13,2501.17
ORD20000613,C100181,ICICIBANK,NSE,BUY,CNC,LIMIT,DAY,4,1118.4,0.0,2026-10-02 14:56:41,COMPLETE,4,1118.4
ORD20001559,C100006,HDFCBANK,NSE,BUY,CNC,SL,DAY,36,1619.15,1611.05,2026-10-02 14:57:11,COMPLETE,36,1618.55
ORD20001433,C100026,ONGC,NSE,SELL,MIS,LIMIT,DAY,15,271.25,0.0,2026-10-02 15:01:21,COMPLETE,15,271.25
ORD20004263,C100081,ASIANPAINT,NSE,SELL,MIS,MARKET,DAY,3,0.0,0.0,2026-10-02 15:02:30,COMPLETE,3,2979.5
ORD20003877,C100132,ITC,NSE,BUY,MIS,LIMIT,DAY,14,449.6,0.0,2026-10-02 15:03:11,CANCELLED,0,0.0
ORD20002857,C100032,KOTAKBANK,NSE,SELL,MIS,LIMIT,DAY,14,1750.1,0.0,2026-10-02 15:03:34,COMPLETE,14,1750.1
ORD20001229,C100110,ICICIBANK,NSE,SELL,CNC,LIMIT,DAY,4,1201.65,0.0,2026-10-02 15:04:11,COMPLETE,4,1201.65
ORD20001499,C100170,AXISBANK,BSE,SELL,CNC,MARKET,DAY,11,0.0,0.0,2026-10-02 15:05:10,COMPLETE,11,1190.12
ORD20000707,C100104,HINDUNILVR,NSE,BUY,MIS,SL,DAY,3,2509.4,2496.85,2026-10-02 15:07:29,COMPLETE,3,2508.88
ORD20001895,C100058,NTPC,NSE,SELL,MIS,LIMIT,DAY,193,364.35,0.0,2026-10-02 15:07:34,COMPLETE,193,364.35
ORD20003934,C100064,HDFCBANK,NSE,SELL,CNC,SL,DAY,3,1664.6,1672.95,2026-10-02 15:07:58,OPEN,0,0.0
ORD20003916,C100027,ICICIBANK,NSE,BUY,MIS,LIMIT,DAY,23,1234.3,0.0,2026-10-02 15:12:28,COMPLETE,23,1234.3
ORD20002810,C100154,NTPC,NSE,SELL,MIS,SL,DAY,123,371.2,373.05,2026-10-02 15:13:12,COMPLETE,123,371.18
ORD20001832,C100070,ITC,BSE,BUY,MIS,MARKET,DAY,110,0.0,0.0,2026-10-02 15:13:28,COMPLETE,110,468.0
ORD20000740,C100122,SBIN,NSE,BUY,MIS,LIMIT,DAY,42,790.7,0.0,2026-10-02 15:17:10,COMPLETE,42,790.7
ORD20003149,C100048,HINDUNILVR,NSE,BUY,MIS,LIMIT,DAY,59,2473.3,0.0,2026-10-02 15:22:49,COMPLETE,59,2473.3
ORD20002613,C100132,ONGC,NSE,SELL,CNC,MARKET,DAY,158,0.0,0.0,2026-10-02 15:22:50,COMPLETE,158,285.95
ORD20004564,C100080,HDFCBANK,NSE,BUY,CNC,LIMIT,DAY,2,1650.25,0.0,2026-10-02 15:23:12,COMPLETE,2,1650.25
ORD20002125,C100161,HINDUNILVR,BSE,BUY,MIS,LIMIT,DAY,27,2435.55,0.0,2026-10-02 15:23:44,COMPLETE,27,2435.55
ORD20002015,C100004,ITC,NSE,BUY,MIS,MARKET,DAY,48,0.0,0.0,2026-10-02 15:24:56,COMPLETE,48,449.65
ORD20004795,C100088,INFY,NSE,SELL,CNC,MARKET,DAY,8,0.0,0.0,2026-10-05 09:16:13,COMPLETE,8,1560.27
ORD20002542,C100062,HDFCBANK,NSE,BUY,MIS,LIMIT,DAY,19,1648.15,0.0,2026-10-05 09:17:10,COMPLETE,19,1648.15
ORD20000309,C100171,ITC,NSE,BUY,CNC,MARKET,DAY,14,0.0,0.0,2026-10-05 09:18:20,COMPLETE,14,464.45
ORD20001168,C100020,HINDUNILVR,NSE,BUY,MIS,MARKET,DAY,4,0.0,0.0,2026-10-05 09:22:30,COMPLETE,4,2354.6
ORD20001757,C100071,ITC,NSE,SELL,MIS,LIMIT,DAY,70,463.7,0.0,2026-10-05 09:23:46,COMPLETE,70,463.7
ORD20001316,C100063,ITC,NSE,SELL,MIS,MARKET,DAY,16,0.0,0.0,2026-10-05 09:28:42,PARTIAL,7,441.2
ORD20003135,C100113,HDFCBANK,NSE,SELL,MIS,LIMIT,DAY,8,1603.05,0.0,2026-10-05 09:30:56,COMPLETE,8,1603.05
ORD20002217,C100131,TATAMOTORS,NSE,BUY,MIS,LIMIT,DAY,44,932.25,0.0,2026-10-05 09:31:05,COMPLETE,44,932.25
ORD20004758,C100113,ITC,NSE,SELL,CNC,MARKET,DAY,15,0.0,0.0,2026-10-05 09:35:01,COMPLETE,15,427.35
ORD20004440,C100015,INFY,BSE,SELL,CNC,MARKET,DAY,1,0.0,0.0,2026-10-05 09:37:46,COMPLETE,1,1603.5
ORD20003534,C100004,BHARTIARTL,NSE,SELL,MIS,LIMIT,DAY,64,1420.5,0.0,2026-10-05 09:37:49,COMPLETE,64,1420.5
ORD20001523,C100187,TATAMOTORS,NSE,SELL,CNC,LIMIT,DAY,4,1008.55,0.0,2026-10-05 09:41:30,CANCELLED,0,0.0
ORD20000775,C100079,KOTAKBANK,NSE,SELL,MIS,LIMIT,DAY,36,1697.75,0.0,2026-10-05 09:42:21,COMPLETE,36,1697.75
ORD20004112,C100015,RELIANCE,NSE,SELL,MIS,MARKET,DAY,3,0.0,0.0,2026-10-05 09:43:25,COMPLETE,3,2926.33
ORD20004792,C100191,BHARTIARTL,NSE,SELL,MIS,LIMIT,DAY,80,1412.4,0.0,2026-10-05 09:44:13,COMPLETE,80,1412.4
ORD20001665,C100070,INFY,NSE,SELL,MIS,SL,DAY,8,1498.35,1505.85,2026-10-05 09:44:52,REJECTED,0,0.0
ORD20000293,C100179,ASIANPAINT,NSE,BUY,CNC,LIMIT,DAY,8,2863.2,0.0,2026-10-05 09:45:43,COMPLETE,8,2863.2
ORD20000475,C100174,RELIANCE,NSE,SELL,MIS,MARKET,DAY,48,0.0,0.0,2026-10-05 09:50:36,CANCELLED,0,0.0
ORD20001603,C100161,HINDUNILVR,NSE,BUY,MIS,LIMIT,DAY,11,2402.3,0.0,2026-10-05 09:50:42,COMPLETE,11,2402.3
ORD20003557,C100032,RELIANCE,NSE,BUY,MIS,SL,DAY,1,2796.2,2782.2,2026-10-05 09:51:27,OPEN,0,0.0
ORD20003082,C100061,ICICIBANK,NSE,SELL,MIS,MARKET,DAY,10,0.0,0.0,2026-10-05 09:52:08,COMPLETE,10,1196.65
ORD20001971,C100039,NTPC,NSE,SELL,MIS,LIMIT,DAY,127,335.9,0.0,2026-10-05 09:52:30,COMPLETE,127,335.9
ORD20001973,C100114,RELIANCE,NSE,SELL,CNC,MARKET,DAY,48,0.0,0.0,2026-10-05 10:02:25,PARTIAL,35,3040.6
ORD20001519,C100026,BHARTIARTL,NSE,BUY,MIS,LIMIT,DAY,61,1378.35,0.0,2026-10-05 10:04:42,COMPLETE,61,1378.35
ORD20002508,C100099,RELIANCE,NSE,BUY,MIS,MARKET,DAY,15,0.0,0.0,2026-10-05 10:05:17,COMPLETE,15,2983.55
ORD20000354,C100056,BHARTIARTL,NSE,BUY,MIS,LIMIT,DAY,23,1426.85,0.0,2026-10-05 10:07:48,COMPLETE,23,1426.85
ORD20003769,C100135,ONGC,NSE,SELL,MIS,MARKET,DAY,505,0.0,0.0,2026-10-05 10:08:19,COMPLETE,505,290.35
ORD20001097,C100045,HDFCBANK,NSE,BUY,MIS,LIMIT,DAY,12,1768.4,0.0,2026-10-05 10:08:30,COMPLETE,12,1768.4
ORD20000784,C100104,SBIN,NSE,SELL,CNC,LIMIT,DAY,37,781.4,0.0,2026-10-05 10:09:56,COMPLETE,37,781.4
ORD20002013,C100017,RELIANCE,NSE,SELL,MIS,MARKET,DAY,16,0.0,0.0,2026-10-05 10:11:53,REJECTED,0,0.0
ORD20000541,C100154,ITC,BSE,BUY,CNC,LIMIT,DAY,40,435.1,0.0,2026-10-05 10:12:16,COMPLETE,40,435.1
ORD20002492,C100040,ONGC,NSE,SELL,CNC,LIMIT,DAY,192,273.4,0.0,2026-10-05 10:13:05,CANCELLED,0,0.0
ORD20001676,C100001,HDFCBANK,NSE,BUY,CNC,MARKET,DAY,2,0.0,0.0,2026-10-05 10:15:36,COMPLETE,2,1525.32
ORD20004299,C100000,HINDUNILVR,NSE,BUY,MIS,LIMIT,DAY,11,2480.3,0.0,2026-10-05 10:16:35,COMPLETE,11,2480.3
ORD20004547,C100138,KOTAKBANK,BSE,SELL,CNC,MARKET,DAY,43,0.0,0.0,2026-10-05 10:17:57,COMPLETE,43,1737.0
ORD20002112,C100100,ITC,BSE,BUY,MIS,LIMIT,DAY,16,439.8,0.0,2026-10-05 10:19:50,COMPLETE,16,439.8
ORD20000499,C100011,BHARTIARTL,NSE,BUY,MIS,MARKET,DAY,21,0.0,0.0,2026-10-05 10:21:50,COMPLETE,21,1448.29
ORD20003987,C100070,HDFCBANK,NSE,BUY,MIS,LIMIT,DAY,15,1596.3,0.0,2026-10-05 10:21:50,COMPLETE,15,1596.3
ORD20003849,C100037,ITC,NSE,BUY,CNC,LIMIT,DAY,13,446.3,0.0,2026-10-05 10:21:57,COMPLETE,13,446.3
ORD20002522,C100141,SUNPHARMA,NSE,BUY,CNC,LIMIT,DAY,5,1649.3,0.0,2026-10-05 10:22:00,COMPLETE,5,1649.3
ORD20003306,C100009,ONGC,NSE,BUY,MIS,SL,DAY,281,265.65,264.3,2026-10-05 10:23:28,COMPLETE,281,265.55
ORD20002307,C100104,ONGC,NSE,BUY,MIS,SL,DAY,96,258.65,257.35,2026-10-05 10:24:07,COMPLETE,96,258.87
ORD20002619,C100084,ONGC,NSE,SELL,CNC,LIMIT,DAY,114,267.9,0.0,2026-10-05 10:24:12,COMPLETE,114,267.9
ORD20004926,C100010,KOTAKBANK,NSE,SELL,MIS,LIMIT,DAY,4,1673.7,0.0,2026-10-05 10:24:21,COMPLETE,4,1673.7
ORD20001859,C100122,BHARTIARTL,NSE,SELL,CNC,MARKET,DAY,39,0.0,0.0,2026-10-05 10:24:25,COMPLETE,39,1425.05
ORD20001232,C100013,TITAN,NSE,SELL,MIS,LIMIT,DAY,1,3215.45,0.0,2026-10-05 10:26:49,COMPLETE,1,3215.45
ORD20001908,C100014,AXISBANK,NSE,BUY,MIS,MARKET,DAY,12,0.0,0.0,2026-10-05 10:27:19,COMPLETE,12,1123.45
ORD20001432,C100003,INFY,NSE,SELL,CNC,MARKET,DAY,1,0.0,0.0,2026-10-05 10:28:57,COMPLETE,1,1591.25
ORD20000192,C100132,BHARTIARTL,NSE,SELL,CNC,LIMIT,DAY,33,1366.0,0.0,2026-10-05 10:29:51,COMPLETE,33,1366.0
ORD20001401,C100126,HINDUNILVR,NSE,SELL,CNC,LIMIT,DAY,1,2423.45,0.0,2026-10-05 10:35:55,COMPLETE,1,2423.45
ORD20002937,C100008,ONGC,BSE,BUY,MIS,MARKET,DAY,133,0.0,0.0,2026-10-05 10:36:04,COMPLETE,133,265.74
ORD20003606,C100081,ITC,NSE,SELL,MIS,MARKET,DAY,68,0.0,0.0,2026-10-05 10:37:24,COMPLETE,68,466.67
ORD20001975,C100099,HDFCBANK,NSE,BUY,CNC,LIMIT,DAY,27,1577.95,0.0,2026-10-05 10:38:27,COMPLETE,27,1577.95
ORD20000965,C100147,MARUTI,NSE,BUY,CNC,MARKET,DAY,6,0.0,0.0,2026-10-05 10:38:52,COMPLETE,6,11755.72
ORD20002126,C100040,MARUTI,NSE,BUY,MIS,MARKET,DAY,5,0.0,0.0,2026-10-05 10:39:11,REJECTED,0,0.0
ORD20003570,C100050,BHARTIARTL,NSE,BUY,CNC,SL,DAY,6,1459.8,1452.5,2026-10-05 10:39:15,COMPLETE,6,1459.0
ORD20001544,C100069,BHARTIARTL,NSE,BUY,CNC,LIMIT,DAY,2,1360.55,0.0,2026-10-05 10:39:44,COMPLETE,2,1360.55
ORD20002817,C100045,ITC,BSE,BUY,CNC,LIMIT,DAY,51,447.35,0.0,2026-10-05 10:41:00,COMPLETE,51,447.35
ORD20004429,C100099,HDFCBANK,NSE,SELL,CNC,LIMIT,DAY,56,1692.5,0.0,2026-10-05 10:42:51,COMPLETE,56,1692.5
ORD20004348,C100183,NTPC,NSE,SELL,MIS,LIMIT,DAY,132,348.35,0.0,2026-10-05 10:46:06,COMPLETE,132,348.35
ORD20001107,C100035,NTPC,NSE,BUY,CNC,MARKET,DAY,167,0.0,0.0,2026-10-05 10:47:06,CANCELLED,0,0.0
ORD20002244,C100036,ITC,NSE,BUY,MIS,MARKET,DAY,280,0.0,0.0,2026-10-05 10:47:28,COMPLETE,280,450.75
ORD20004400,C100108,TITAN,BSE,BUY,CNC,MARKET,DAY,13,0.0,0.0,2026-10-05 10:48:34,REJECTED,0,0.0
ORD20004627,C100016,ICICIBANK,NSE,BUY,MIS,MARKET,DAY,23,0.0,0.0,2026-10-05 10:49:43,COMPLETE,23,1164.65
ORD20003883,C100018,INFY,NSE,SELL,MIS,LIMIT,DAY,4,1655.25,0.0,2026-10-05 10:49:59,COMPLETE,4,1655.25
ORD20004689,C100069,AXISBANK,NSE,SELL,CNC,LIMIT,DAY,52,1203.9,0.0,2026-10-05 10:50:35,CANCELLED,0,0.0
ORD20002870,C100110,HINDUNILVR,NSE,BUY,MIS,LIMIT,DAY,3,2485.65,0.0,2026-10-05 10:51:00,COMPLETE,3,2485.65
ORD20000228,C100094,INFY,NSE,SELL,MIS,LIMIT,DAY,11,1616.1,0.0,2026-10-05 10:51:07,COMPLETE,11,1616.1
ORD20004224,C100031,BHARTIARTL,NSE,BUY,MIS,LIMIT,DAY,103,1417.25,0.0,2026-10-05 10:51:12,COMPLETE,103,1417.25
ORD20003250,C100167,RELIANCE,NSE,SELL,CNC,SL,DAY,1,2903.85,2918.4,2026-10-05 10:51:13,COMPLETE,1,2902.35
ORD20001302,C100062,ICICIBANK,NSE,BUY,MIS,LIMIT,DAY,5,1179.3,0.0,2026-10-05 10:51:24,COMPLETE,5,1179.3
ORD20000266,C100006,TATAMOTORS,NSE,BUY,CNC,LIMIT,DAY,36,947.15,0.0,2026-10-05 10:52:08,COMPLETE,36,947.15
ORD20001596,C100095,TATAMOTORS,NSE,SELL,MIS,MARKET,DAY,68,0.0,0.0,2026-10-05 10:52:08,REJECTED,0,0.0
ORD20002292,C100114,ICICIBANK,NSE,BUY,CNC,LIMIT,DAY,2,1170.05,0.0,2026-10-05 10:52:14,COMPLETE,2,1170.05
ORD20000561,C100161,HINDUNILVR,NSE,SELL,MIS,LIMIT,DAY,18,2320.2,0.0,2026-10-05 10:52:54,COMPLETE,18,2320.2
ORD20004140,C100108,TATAMOTORS,NSE,SELL,CNC,LIMIT,DAY,25,1008.15,0.0,2026-10-05 10:53:17,REJECTED,0,0.0
ORD20003060,C100003,NTPC,NSE,SELL,CNC,MARKET,DAY,22,0.0,0.0,2026-10-05 10:54:07,COMPLETE,22,372.6
ORD20004961,C100107,HINDUNILVR,NSE,BUY,MIS,LIMIT,DAY,1,2429.1,0.0,2026-10-05 10:54:46,COMPLETE,1,2429.1
ORD20003414,C100157,ITC,NSE,BUY,CNC,LIMIT,DAY,12,433.9,0.0,2026-10-05 10:56:33,PARTIAL,9,433.9
ORD20003059,C100091,ITC,NSE,BUY,MIS,LIMIT,DAY,298,435.6,0.0,2026-10-05 10:57:56,COMPLETE,298,435.6
ORD20004823,C100150,MARUTI,NSE,BUY,MIS,LIMIT,DAY,2,12370.8,0.0,2026-10-05 10:58:48,COMPLETE,2,12370.8
ORD20001808,C100139,TATAMOTORS,NSE,SELL,MIS,LIMIT,DAY,6,914.25,0.0,2026-10-05 11:00:12,COMPLETE,6,914.25
ORD20003787,C100026,RELIANCE,NSE,SELL,MIS,MARKET,DAY,20,0.0,0.0,2026-10-05 11:02:31,REJECTED,0,0.0
ORD20004473,C100149,ITC,NSE,SELL,MIS,MARKET,DAY,29,0.0,0.0,2026-10-05 11:05:08,COMPLETE,29,458.84
ORD20003492,C100149,INFY,NSE,BUY,MIS,LIMIT,DAY,18,1523.6,0.0,2026-10-05 11:05:44,COMPLETE,18,1523.6
ORD20004457,C100152,ICICIBANK,NSE,BUY,CNC,LIMIT,DAY,56,1224.95,0.0,2026-10-05 11:06:30,COMPLETE,56,1224.95
ORD20002348,C100072,SBIN,NSE,BUY,CNC,LIMIT,DAY,50,758.75,0.0,2026-10-05 11:10:16,REJECTED,0,0.0
ORD20003386,C100025,HDFCBANK,NSE,SELL,MIS,MARKET,DAY,2,0.0,0.0,2026-10-05 11:10:50,COMPLETE,2,1708.65
ORD20000995,C100146,ASIANPAINT,NSE,BUY,MIS,LIMIT,DAY,1,2906.05,0.0,2026-10-05 11:10:52,COMPLETE,1,2906.05
ORD20002900,C100091,AXISBANK,BSE,SELL,MIS,MARKET,DAY,30,0.0,0.0,2026-10-05 11:11:11,COMPLETE,30,1123.08
ORD20004824,C100126,ITC,NSE,BUY,CNC,LIMIT,DAY,7,466.25,0.0,2026-10-05 11:12:26,COMPLETE,7,466.25
ORD20003075,C100000,MARUTI,NSE,BUY,MIS,MARKET,DAY,1,0.0,0.0,2026-10-05 11:14:23,COMPLETE,1,12850.5
ORD20002058,C100085,RELIANCE,NSE,BUY,MIS,LIMIT,DAY,2,2913.15,0.0,2026-10-05 11:17:08,CANCELLED,0,0.0
ORD20004131,C100050,ASIANPAINT,NSE,SELL,MIS,MARKET,DAY,2,0.0,0.0,2026-10-05 11:19:44,COMPLETE,2,2813.18
ORD20002421,C100128,NTPC,NSE,BUY,MIS,LIMIT,DAY,7,359.25,0.0,2026-10-05 11:20:27,COMPLETE,7,359.25
ORD20003789,C100190,NTPC,NSE,SELL,CNC,LIMIT,DAY,360,368.1,0.0,2026-10-05 11:20:39,CANCELLED,0,0.0
ORD20000583,C100138,INFY,NSE,BUY,MIS,LIMIT,DAY,4,1606.3,0.0,2026-10-05 11:22:00,COMPLETE,4,1606.3
ORD20001263,C100073,ITC,NSE,SELL,MIS,LIMIT,DAY,13,465.85,0.0,2026-10-05 11:22:36,COMPLETE,13,465.85
ORD20002537,C100177,ITC,NSE,BUY,CNC,SL,DAY,24,466.8,464.45,2026-10-05 11:23:29,COMPLETE,24,466.9
ORD20000084,C100095,ITC,NSE,BUY,CNC,LIMIT,DAY,80,465.25,0.0,2026-10-05 11:24:55,COMPLETE,80,465.25
ORD20001687,C100033,RELIANCE,NSE,BUY,CNC,MARKET,DAY,2,0.0,0.0,2026-10-05 11:26:59,PARTIAL,1,2977.4
ORD20004055,C100088,BHARTIARTL,NSE,BUY,MIS,MARKET,DAY,3,0.0,0.0,2026-10-05 11:28:12,COMPLETE,3,1326.93
ORD20000450,C100142,BHARTIARTL,NSE,SELL,MIS,MARKET,DAY,14,0.0,0.0,2026-10-05 11:28:36,CANCELLED,0,0.0
ORD20000911,C100057,ITC,NSE,SELL,CNC,LIMIT,DAY,231,469.3,0.0,2026-10-05 11:29:17,COMPLETE,231,469.3
ORD20002122,C100093,NTPC,NSE,BUY,CNC,LIMIT,DAY,20,356.9,0.0,2026-10-05 11:31:58,COMPLETE,20,356.9
ORD20003293,C100032,NTPC,NSE,SELL,MIS,SL,DAY,41,354.45,356.2,2026-10-05 11:36:12,COMPLETE,41,354.74
ORD20002835,C100105,TATAMOTORS,BSE,BUY,MIS,LIMIT,DAY,20,911.85,0.0,2026-10-05 11:41:47,COMPLETE,20,911.85
ORD20000127,C100057,HDFCBANK,NSE,SELL,MIS,MARKET,DAY,52,0.0,0.0,2026-10-05 11:42:30,COMPLETE,52,1677.38
ORD20001586,C100159,TATAMOTORS,NSE,BUY,CNC,MARKET,DAY,16,0.0,0.0,2026-10-05 11:42:59,COMPLETE,16,1009.85
ORD20004071,C100183,TATAMOTORS,BSE,SELL,CNC,LIMIT,DAY,6,938.35,0.0,2026-10-05 11:43:25,COMPLETE,6,938.35
ORD20004613,C100049,BHARTIARTL,NSE,SELL,MIS,MARKET,DAY,14,0.0,0.0,2026-10-05 11:43:36,COMPLETE,14,1440.4
ORD20004565,C100133,NTPC,NSE,BUY,MIS,SL,DAY,87,354.95,353.2,2026-10-05 11:43:39,COMPLETE,87,355.1
ORD20003773,C100129,RELIANCE,NSE,SELL,CNC,MARKET,DAY,2,0.0,0.0,2026-10-05 11:43:51,COMPLETE,2,2920.55
ORD20003100,C100113,KOTAKBANK,NSE,BUY,MIS,MARKET,DAY,27,0.0,0.0,2026-10-05 11:46:45,COMPLETE,27,1726.4
ORD20004704,C100047,ONGC,BSE,BUY,MIS,LIMIT,DAY,314,276.85,0.0,2026-10-05 11:47:02,PARTIAL,160,276.85
ORD20000020,C100013,NTPC,NSE,BUY,CNC,LIMIT,DAY,79,363.8,0.0,2026-10-05 11:47:12,COMPLETE,79,363.8
ORD20001150,C100028,NTPC,NSE,BUY,CNC,LIMIT,DAY,9,343.75,0.0,2026-10-05 11:47:57,COMPLETE,9,343.75
ORD20000086,C100132,BHARTIARTL,NSE,SELL,CNC,LIMIT,DAY,15,1411.15,0.0,2026-10-05 11:50:56,PARTIAL,5,1411.15
ORD20000845,C100024,ITC,NSE,SELL,MIS,MARKET,DAY,7,0.0,0.0,2026-10-05 11:51:21,COMPLETE,7,455.11
ORD20000069,C100130,ITC,NSE,BUY,MIS,SL,DAY,81,441.05,438.85,2026-10-05 11:52:01,COMPLETE,81,441.02
ORD20004738,C100036,KOTAKBANK,NSE,BUY,MIS,SL,DAY,32,1784.05,1775.15,2026-10-05 11:52:34,COMPLETE,32,1784.51
ORD20000592,C100014,KOTAKBANK,NSE,BUY,CNC,MARKET,DAY,56,0.0,0.0,2026-10-05 11:53:55,COMPLETE,56,1820.67
ORD20001259,C100193,HINDUNILVR,NSE,BUY,CNC,LIMIT,DAY,2,2349.5,0.0,2026-10-05 11:53:57,COMPLETE,2,2349.5
ORD20004898,C100137,ASIANPAINT,NSE,SELL,CNC,LIMIT,DAY,46,2813.35,0.0,2026-10-05 11:54:20,CANCELLED,0,0.0
ORD20000161,C100091,HINDUNILVR,NSE,BUY,MIS,MARKET,DAY,6,0.0,0.0,2026-10-05 11:55:08,COMPLETE,6,2385.7
ORD20000557,C100041,RELIANCE,NSE,SELL,MIS,LIMIT,DAY,25,2812.2,0.0,2026-10-05 11:56:50,COMPLETE,25,2812.2
ORD20002528,C100092,TATAMOTORS,NSE,BUY,MIS,LIMIT,DAY,156,915.45,0.0,2026-10-05 11:57:16,CANCELLED,0,0.0
ORD20003972,C100177,KOTAKBANK,NSE,SELL,CNC,LIMIT,DAY,14,1884.95,0.0,2026-10-05 11:58:17,COMPLETE,14,1884.95
ORD20004765,C100163,ONGC,BSE,SELL,MIS,LIMIT,DAY,22,277.8,0.0,2026-10-05 11:58:27,COMPLETE,22,277.8
ORD20004250,C100077,HINDUNILVR,NSE,BUY,MIS,LIMIT,DAY,53,2522.55,0.0,2026-10-05 11:58:27,COMPLETE,53,2522.55
ORD20001441,C100100,ICICIBANK,BSE,SELL,MIS,MARKET,DAY,2,0.0,0.0,2026-10-05 12:01:06,COMPLETE,2,1239.1
ORD20003708,C100051,TATAMOTORS,NSE,BUY,CNC,MARKET,DAY,32,0.0,0.0,2026-10-05 12:03:13,COMPLETE,32,951.45
ORD20001047,C100171,WIPRO,NSE,BUY,MIS,MARKET,DAY,156,0.0,0.0,2026-10-05 12:03:55,COMPLETE,156,477.35
ORD20001136,C100025,RELIANCE,NSE,SELL,CNC,LIMIT,DAY,1,2994.25,0.0,2026-10-05 12:05:50,CANCELLED,0,0.0
ORD20002564,C100180,TCS,NSE,BUY,MIS,LIMIT,DAY,8,3937.4,0.0,2026-10-05 12:06:05,COMPLETE,8,3937.4
ORD20002652,C100147,SBIN,NSE,BUY,MIS,SL,DAY,101,833.35,829.15,2026-10-05 12:06:37,COMPLETE,101,833.0
ORD20004944,C100143,MARUTI,NSE,SELL,MIS,MARKET,DAY,1,0.0,0.0,2026-10-05 12:07:08,REJECTED,0,0.0
ORD20003807,C100111,NTPC,NSE,SELL,MIS,LIMIT,DAY,53,344.7,0.0,2026-10-05 12:07:33,PARTIAL,23,344.7
ORD20004626,C100174,ITC,NSE,SELL,CNC,LIMIT,DAY,75,428.75,0.0,2026-10-05 12:08:28,REJECTED,0,0.0
ORD20001810,C100061,MARUTI,NSE,SELL,CNC,MARKET,DAY,1,0.0,0.0,2026-10-05 12:09:43,COMPLETE,1,12303.55
ORD20004544,C100183,TCS,NSE,SELL,CNC,MARKET,DAY,2,0.0,0.0,2026-10-05 12:10:30,COMPLETE,2,4117.75
ORD20000738,C100120,NTPC,NSE,SELL,MIS,LIMIT,DAY,162,351.2,0.0,2026-10-05 12:13:07,COMPLETE,162,351.2
ORD20003345,C100055,ICICIBANK,NSE,SELL,MIS,LIMIT,DAY,54,1172.0,0.0,2026-10-05 12:13:07,COMPLETE,54,1172.0
ORD20004967,C100108,TATAMOTORS,BSE,SELL,CNC,MARKET,DAY,15,0.0,0.0,2026-10-05 12:13:29,COMPLETE,15,938.68
ORD20004742,C100115,SBIN,NSE,BUY,MIS,LIMIT,DAY,15,824.65,0.0,2026-10-05 12:13:44,COMPLETE,15,824.65
ORD20002899,C100015,ICICIBANK,NSE,SELL,CNC,LIMIT,DAY,126,1175.65,0.0,2026-10-05 12:14:46,COMPLETE,126,1175.65
ORD20000559,C100103,ONGC,NSE,BUY,CNC,MARKET,DAY,53,0.0,0.0,2026-10-05 12:16:48,REJECTED,0,0.0
ORD20002856,C100056,ONGC,NSE,SELL,MIS,MARKET,DAY,172,0.0,0.0,2026-10-05 12:21:18,COMPLETE,172,259.68
ORD20001462,C100082,ASIANPAINT,NSE,BUY,CNC,MARKET,DAY,1,0.0,0.0,2026-10-05 12:22:15,COMPLETE,1,3003.55
ORD20000404,C100046,SBIN,NSE,SELL,MIS,LIMIT,DAY,13,756.3,0.0,2026-10-05 12:23:08,COMPLETE,13,756.3
ORD20004147,C100046,SBIN,NSE,SELL,MIS,LIMIT,DAY,11,813.2,0.0,2026-10-05 12:23:31,COMPLETE,11,813.2
ORD20004648,C100067,HDFCBANK,NSE,BUY,CNC,LIMIT,DAY,7,1587.7,0.0,2026-10-05 12:24:33,COMPLETE,7,1587.7
ORD20004303,C100122,KOTAKBANK,NSE,BUY,MIS,LIMIT,DAY,64,1822.6,0.0,2026-10-05 12:28:21,COMPLETE,64,1822.6
ORD20004061,C100171,MARUTI,BSE,BUY,CNC,LIMIT,DAY,1,11109.3,0.0,2026-10-05 12:29:16,COMPLETE,1,11109.3
ORD20004864,C100093,BHARTIARTL,NSE,SELL,MIS,LIMIT,DAY,2,1387.85,0.0,2026-10-05 12:31:07,COMPLETE,2,1387.85
ORD20000892,C100129,TATAMOTORS,NSE,SELL,CNC,LIMIT,DAY,9,947.7,0.0,2026-10-05 12:32:55,COMPLETE,9,947.7
ORD20000005,C100196,NTPC,NSE,BUY,CNC,MARKET,DAY,15,0.0,0.0,2026-10-05 12:33:12,COMPLETE,15,349.15
ORD20004437,C100142,ICICIBANK,NSE,BUY,MIS,SL,DAY,2,1209.5,1203.45,2026-10-05 12:34:34,OPEN,0,0.0
ORD20004284,C100109,INFY,NSE,BUY,MIS,LIMIT,DAY,6,1650.1,0.0,2026-10-05 12:35:41,COMPLETE,6,1650.1
ORD20004036,C100172,TCS,NSE,BUY,CNC,LIMIT,DAY,4,4130.65,0.0,2026-10-05 12:40:06,COMPLETE,4,4130.65
ORD20000889,C100066,TATAMOTORS,NSE,BUY,MIS,LIMIT,DAY,6,983.8,0.0,2026-10-05 12:44:17,COMPLETE,6,983.8
ORD20000163,C100077,HDFCBANK,NSE,SELL,CNC,LIMIT,DAY,17,1555.0,0.0,2026-10-05 12:45:29,COMPLETE,17,1555.0
ORD20001452,C100194,RELIANCE,NSE,SELL,MIS,LIMIT,DAY,2,2916.7,0.0,2026-10-05 12:45:46,COMPLETE,2,2916.7
ORD20000175,C100089,ITC,NSE,BUY,MIS,MARKET,DAY,13,0.0,0.0,2026-10-05 12:46:27,CANCELLED,0,0.0
ORD20004099,C100139,ICICIBANK,NSE,BUY,MIS,LIMIT,DAY,29,1130.0,0.0,2026-10-05 12:50:14,COMPLETE,29,1130.0
ORD20000855,C100165,ITC,NSE,SELL,MIS,SL,DAY,268,454.25,456.55,2026-10-05 12:52:12,CANCELLED,0,0.0
ORD20003653,C100015,ONGC,NSE,BUY,CNC,LIMIT,DAY,430,264.6,0.0,2026-10-05 12:53:28,COMPLETE,430,264.6
ORD20002493,C100090,INFY,NSE,BUY,CNC,LIMIT,DAY,2,1621.1,0.0,2026-10-05 12:53:31,COMPLETE,2,1621.1
ORD20000420,C100140,HINDUNILVR,NSE,BUY,CNC,LIMIT,DAY,8,2470.85,0.0,2026-10-05 12:53:34,COMPLETE,8,2470.85
ORD20001187,C100020,ASIANPAINT,NSE,SELL,MIS,MARKET,DAY,16,0.0,0.0,2026-10-05 12:55:09,COMPLETE,16,2936.45
ORD20000878,C100084,ITC,NSE,SELL,MIS,LIMIT,DAY,99,449.5,0.0,2026-10-05 12:55:34,COMPLETE,99,449.5
ORD20000885,C100049,HINDUNILVR,NSE,BUY,MIS,LIMIT,DAY,1,2501.1,0.0,2026-10-05 12:57:37,COMPLETE,1,2501.1
ORD20002596,C100142,SBIN,NSE,BUY,MIS,SL,DAY,153,794.1,790.15,2026-10-05 12:59:42,COMPLETE,153,794.1
ORD20000421,C100060,RELIANCE,NSE,BUY,MIS,LIMIT,DAY,1,2734.55,0.0,2026-10-05 13:00:49,COMPLETE,1,2734.55
ORD20003153,C100006,RELIANCE,NSE,BUY,MIS,SL,DAY,6,3001.5,2986.5,2026-10-05 13:03:57,CANCELLED,0,0.0
ORD20003906,C100002,HINDUNILVR,NSE,SELL,MIS,MARKET,DAY,1,0.0,0.0,2026-10-05 13:04:39,COMPLETE,1,2540.1
ORD20002192,C100082,TITAN,NSE,BUY,CNC,LIMIT,DAY,1,3333.9,0.0,2026-10-05 13:05:08,COMPLETE,1,3333.9
ORD20003263,C100186,AXISBANK,NSE,BUY,CNC,LIMIT,DAY,59,1099.45,0.0,2026-10-05 13:05:52,CANCELLED,0,0.0
ORD20001906,C100138,TCS,NSE,BUY,CNC,MARKET,DAY,1,0.0,0.0,2026-10-05 13:07:42,REJECTED,0,0.0
ORD20003592,C100014,ASIANPAINT,NSE,BUY,MIS,LIMIT,DAY,2,2914.7,0.0,2026-10-05 13:09:41,COMPLETE,2,2914.7
ORD20002524,C100098,ITC,NSE,BUY,MIS,LIMIT,DAY,11,472.1,0.0,2026-10-05 13:10:54,REJECTED,0,0.0
ORD20004472,C100145,HDFCBANK,NSE,BUY,CNC,SL,DAY,8,1627.1,1619.0,2026-10-05 13:12:59,COMPLETE,8,1627.8
ORD20002391,C100075,HINDUNILVR,NSE,BUY,MIS,SL,DAY,12,2298.9,2287.4,2026-10-05 13:13:08,COMPLETE,12,2300.25
ORD20002255,C100067,ITC,NSE,BUY,MIS,MARKET,DAY,164,0.0,0.0,2026-10-05 13:14:34,COMPLETE,164,434.71
ORD20004013,C100154,RELIANCE,NSE,BUY,MIS,LIMIT,DAY,2,2731.95,0.0,2026-10-05 13:17:24,COMPLETE,2,2731.95
ORD20004708,C100056,MARUTI,NSE,SELL,MIS,MARKET,DAY,1,0.0,0.0,2026-10-05 13:17:56,COMPLETE,1,12559.95
ORD20003745,C100029,WIPRO,NSE,BUY,MIS,LIMIT,DAY,191,491.7,0.0,2026-10-05 13:19:05,COMPLETE,191,491.7
ORD20003040,C100042,INFY,NSE,SELL,CNC,LIMIT,DAY,3,1525.5,0.0,2026-10-05 13:20:08,COMPLETE,3,1525.5
ORD20000547,C100042,KOTAKBANK,NSE,BUY,MIS,MARKET,DAY,18,0.0,0.0,2026-10-05 13:20:28,COMPLETE,18,1709.95
ORD20004402,C100089,TATAMOTORS,NSE,BUY,MIS,LIMIT,DAY,70,979.55,0.0,2026-10-05 13:24:33,COMPLETE,70,979.55
ORD20004486,C100179,RELIANCE,NSE,BUY,MIS,SL,DAY,30,2865.85,2851.5,2026-10-05 13:25:51,COMPLETE,30,2864.33
ORD20001373,C100106,ITC,NSE,BUY,MIS,MARKET,DAY,296,0.0,0.0,2026-10-05 13:35:33,COMPLETE,296,455.91
ORD20002846,C100118,KOTAKBANK,NSE,BUY,CNC,LIMIT,DAY,1,1736.0,0.0,2026-10-05 13:36:53,COMPLETE,1,1736.0
ORD20000778,C100173,HINDUNILVR,NSE,SELL,CNC,LIMIT,DAY,30,2317.85,0.0,2026-10-05 13:39:04,COMPLETE,30,2317.85
ORD20002971,C100043,BHARTIARTL,BSE,SELL,CNC,MARKET,DAY,20,0.0,0.0,2026-10-05 13:39:23,COMPLETE,20,1391.64
ORD20001886,C100138,TATAMOTORS,NSE,SELL,CNC,LIMIT,DAY,7,936.05,0.0,2026-10-05 13:39:48,REJECTED,0,0.0
ORD20004753,C100186,RELIANCE,NSE,BUY,MIS,LIMIT,DAY,30,2949.6,0.0,2026-10-05 13:40:45,COMPLETE,30,2949.6
ORD20001788,C100097,INFY,NSE,SELL,MIS,MARKET,DAY,11,0.0,0.0,2026-10-05 13:41:34,COMPLETE,11,1617.96
ORD20002606,C100165,NTPC,NSE,BUY,CNC,LIMIT,DAY,178,356.7,0.0,2026-10-05 13:41:46,OPEN,0,0.0
ORD20004677,C100147,BHARTIARTL,NSE,BUY,MIS,MARKET,DAY,25,0.0,0.0,2026-10-05 13:43:57,PARTIAL,7,1395.91
ORD20000834,C100135,BHARTIARTL,NSE,SELL,CNC,MARKET,DAY,18,0.0,0.0,2026-10-05 13:47:57,COMPLETE,18,1434.11
ORD20003855,C100028,RELIANCE,NSE,SELL,MIS,LIMIT,DAY,4,2854.45,0.0,2026-10-05 13:49:09,COMPLETE,4,2854.45
ORD20004503,C100017,ITC,NSE,BUY,CNC,MARKET,DAY,290,0.0,0.0,2026-10-05 13:50:59,COMPLETE,290,456.55
ORD20004936,C100187,SBIN,NSE,BUY,MIS,MARKET,DAY,24,0.0,0.0,2026-10-05 13:51:49,REJECTED,0,0.0
ORD20004465,C100064,NTPC,NSE,BUY,MIS,LIMIT,DAY,32,360.5,0.0,2026-10-05 13:52:00,COMPLETE,32,360.5
ORD20000992,C100073,ICICIBANK,NSE,SELL,CNC,MARKET,DAY,7,0.0,0.0,2026-10-05 13:52:07,COMPLETE,7,1172.54
ORD20003722,C100148,HINDUNILVR,NSE,SELL,CNC,LIMIT,DAY,11,2437.35,0.0,2026-10-05 13:54:30,COMPLETE,11,2437.35
ORD20003068,C100023,ONGC,NSE,BUY,CNC,LIMIT,DAY,202,267.3,0.0,2026-10-05 13:54:59,COMPLETE,202,267.3
ORD20003073,C100105,TATAMOTORS,NSE,BUY,MIS,LIMIT,DAY,5,1008.7,0.0,2026-10-05 13:57:17,COMPLETE,5,1008.7
ORD20000540,C100121,HINDUNILVR,NSE,SELL,MIS,LIMIT,DAY,6,2375.0,0.0,2026-10-05 13:58:52,COMPLETE,6,2375.0
ORD20002710,C100108,SBIN,NSE,SELL,CNC,SL,DAY,15,811.5,815.6,2026-10-05 13:59:12,COMPLETE,15,812.55
ORD20004867,C100098,ICICIBANK,NSE,SELL,CNC,LIMIT,DAY,32,1150.5,0.0,2026-10-05 14:00:02,COMPLETE,32,1150.5
ORD20001329,C100097,MARUTI,NSE,SELL,CNC,LIMIT,DAY,1,11584.4,0.0,2026-10-05 14:00:16,COMPLETE,1,11584.4
ORD20002765,C100033,HINDUNILVR,NSE,BUY,CNC,LIMIT,DAY,24,2389.1,0.0,2026-10-05 14:04:38,CANCELLED,0,0.0
ORD20002041,C100095,TCS,NSE,SELL,MIS,LIMIT,DAY,3,3907.25,0.0,2026-10-05 14:05:31,COMPLETE,3,3907.25
ORD20001326,C100070,BHARTIARTL,NSE,BUY,MIS,LIMIT,DAY,38,1499.95,0.0,2026-10-05 14:05:58,COMPLETE,38,1499.95
ORD20004158,C100099,KOTAKBANK,NSE,BUY,CNC,LIMIT,DAY,7,1745.35,0.0,2026-10-05 14:08:11,COMPLETE,7,1745.35
ORD20003298,C100185,INFY,NSE,SELL,MIS,LIMIT,DAY,16,1613.7,0.0,2026-10-05 14:09:12,COMPLETE,16,1613.7
ORD20004125,C100175,SBIN,NSE,SELL,MIS,MARKET,DAY,10,0.0,0.0,2026-10-05 14:09:42,OPEN,0,0.0
ORD20004169,C100017,ONGC,NSE,SELL,MIS,LIMIT,DAY,222,274.55,0.0,2026-10-05 14:11:29,COMPLETE,222,274.55
ORD20003438,C100160,ONGC,NSE,BUY,CNC,MARKET,DAY,22,0.0,0.0,2026-10-05 14:13:30,COMPLETE,22,271.31
ORD20001189,C100095,SBIN,NSE,BUY,MIS,MARKET,DAY,85,0.0,0.0,2026-10-05 14:14:08,COMPLETE,85,787.17
ORD20004157,C100172,TATAMOTORS,NSE,BUY,CNC,MARKET,DAY,6,0.0,0.0,2026-10-05 14:16:47,COMPLETE,6,977.62
ORD20001550,C100051,TITAN,NSE,SELL,MIS,MARKET,DAY,8,0.0,0.0,2026-10-05 14:17:03,COMPLETE,8,3377.55
ORD20001917,C100189,AXISBANK,NSE,BUY,MIS,SL,DAY,5,1108.65,1103.1,2026-10-05 14:23:03,COMPLETE,5,1108.88
ORD20001277,C100171,ITC,NSE,BUY,MIS,MARKET,DAY,146,0.0,0.0,2026-10-05 14:23:44,COMPLETE,146,454.66
ORD20000897,C100153,MARUTI,NSE,SELL,MIS,MARKET,DAY,3,0.0,0.0,2026-10-05 14:24:01,COMPLETE,3,12397.4
ORD20004835,C100033,NTPC,NSE,BUY,MIS,MARKET,DAY,82,0.0,0.0,2026-10-05 14:26:08,COMPLETE,82,382.21
ORD20001470,C100045,ICICIBANK,NSE,BUY,MIS,LIMIT,DAY,29,1148.2,0.0,2026-10-05 14:26:24,REJECTED,0,0.0
ORD20000961,C100105,ITC,NSE,BUY,CNC,LIMIT,DAY,26,466.1,0.0,2026-10-05 14:26:25,COMPLETE,26,466.1
ORD20003553,C100054,TATAMOTORS,NSE,SELL,MIS,MARKET,DAY,53,0.0,0.0,2026-10-05 14:27:30,PARTIAL,39,981.3
ORD20003014,C100143,HINDUNILVR,NSE,BUY,CNC,MARKET,DAY,28,0.0,0.0,2026-10-05 14:27:36,COMPLETE,28,2348.93
ORD20003881,C100055,INFY,BSE,BUY,MIS,MARKET,DAY,36,0.0,0.0,2026-10-05 14:28:14,COMPLETE,36,1575.33
ORD20001812,C100065,HINDUNILVR,NSE,BUY,MIS,LIMIT,DAY,4,2416.3,0.0,2026-10-05 14:29:29,COMPLETE,4,2416.3
ORD20000007,C100121,HINDUNILVR,BSE,BUY,MIS,MARKET,DAY,3,0.0,0.0,2026-10-05 14:33:43,COMPLETE,3,2319.47
ORD20001897,C100194,INFY,NSE,BUY,MIS,MARKET,DAY,18,0.0,0.0,2026-10-05 14:35:00,COMPLETE,18,1563.57
ORD20001796,C100093,AXISBANK,NSE,BUY,MIS,MARKET,DAY,5,0.0,0.0,2026-10-05 14:38:19,COMPLETE,5,1175.4
ORD20003087,C100044,TCS,NSE,BUY,CNC,SL,DAY,12,4016.0,3995.95,2026-10-05 14:40:44,OPEN,0,0.0
ORD20001298,C100134,MARUTI,NSE,SELL,MIS,LIMIT,DAY,1,12367.45,0.0,2026-10-05 14:42:14,REJECTED,0,0.0
ORD20004379,C100003,RELIANCE,NSE,SELL,CNC,MARKET,DAY,45,0.0,0.0,2026-10-05 14:43:59,COMPLETE,45,2978.93
ORD20000958,C100185,ITC,NSE,BUY,MIS,LIMIT,DAY,19,462.85,0.0,2026-10-05 14:46:07,COMPLETE,19,462.85
ORD20001976,C100166,ICICIBANK,NSE,BUY,CNC,MARKET,DAY,5,0.0,0.0,2026-10-05 14:48:49,COMPLETE,5,1176.6
ORD20002002,C100189,ITC,NSE,SELL,MIS,LIMIT,DAY,56,447.15,0.0,2026-10-05 14:49:17,COMPLETE,56,447.15
ORD20004389,C100045,HINDUNILVR,NSE,BUY,CNC,SL,DAY,8,2413.4,2401.35,2026-10-05 14:50:35,COMPLETE,8,2411.15
ORD20003374,C100128,NTPC,NSE,BUY,CNC,LIMIT,DAY,83,360.8,0.0,2026-10-05 14:57:23,COMPLETE,83,360.8
ORD20004686,C100152,ONGC,NSE,SELL,CNC,MARKET,DAY,102,0.0,0.0,2026-10-05 14:59:02,COMPLETE,102,273.55
ORD20003656,C100059,MARUTI,NSE,BUY,CNC,LIMIT,DAY,6,11588.05,0.0,2026-10-05 15:00:30,COMPLETE,6,11588.05
ORD20001113,C100012,HINDUNILVR,NSE,BUY,CNC,LIMIT,DAY,3,2416.05,0.0,2026-10-05 15:01:04,COMPLETE,3,2416.05
ORD20004802,C100160,ICICIBANK,NSE,SELL,MIS,MARKET,DAY,4,0.0,0.0,2026-10-05 15:04:17,COMPLETE,4,1291.75
ORD20002768,C100168,NTPC,NSE,BUY,MIS,MARKET,DAY,266,0.0,0.0,2026-10-05 15:05:20,COMPLETE,266,354.85
ORD20002703,C100197,SBIN,NSE,BUY,MIS,LIMIT,DAY,79,826.35,0.0,2026-10-05 15:11:01,COMPLETE,79,826.35
ORD20002924,C100121,RELIANCE,NSE,BUY,MIS,LIMIT,DAY,34,2928.2,0.0,2026-10-05 15:14:12,COMPLETE,34,2928.2
ORD20003089,C100004,ONGC,NSE,BUY,MIS,LIMIT,DAY,10,272.25,0.0,2026-10-05 15:16:00,COMPLETE,10,272.25
ORD20003864,C100113,HDFCBANK,NSE,SELL,MIS,LIMIT,DAY,7,1666.0,0.0,2026-10-05 15:16:14,COMPLETE,7,1666.0
ORD20003240,C100182,RELIANCE,NSE,BUY,CNC,LIMIT,DAY,12,3053.55,0.0,2026-10-05 15:16:41,COMPLETE,12,3053.55
ORD20003280,C100148,TCS,NSE,SELL,CNC,LIMIT,DAY,12,3909.9,0.0,2026-10-05 15:18:48,COMPLETE,12,3909.9
ORD20002929,C100065,KOTAKBANK,NSE,SELL,MIS,MARKET,DAY,6,0.0,0.0,2026-10-05 15:19:14,COMPLETE,6,1782.6
ORD20004339,C100141,ONGC,BSE,BUY,MIS,MARKET,DAY,213,0.0,0.0,2026-10-05 15:20:56,COMPLETE,213,271.39
ORD20002457,C100003,TCS,NSE,BUY,MIS,MARKET,DAY,14,0.0,0.0,2026-10-05 15:20:58,REJECTED,0,0.0
ORD20000743,C100176,RELIANCE,NSE,BUY,MIS,SL,DAY,16,2954.45,2939.7,2026-10-05 15:21:32,COMPLETE,16,2954.1
ORD20000078,C100072,HINDUNILVR,NSE,SELL,CNC,MARKET,DAY,53,0.0,0.0,2026-10-05 15:23:18,COMPLETE,53,2341.45
