trade_id,order_id,client_id,symbol,exchange,side,product,fill_no,qty,price,trade_ts,exchange_trade_id,trade_value
TRD30000000,ORD20002265,C100073,BHARTIARTL,NSE,SELL,MIS,1,4,1405.7,2026-09-08 09:17:19.901,332609696460,5622.8
TRD30000001,ORD20002025,C100085,NTPC,NSE,BUY,MIS,1,66,356.9,2026-09-08 09:24:14.892,600151533284,23555.4
TRD30000002,ORD20002025,C100085,NTPC,NSE,BUY,MIS,2,10,356.9,2026-09-08 09:24:15.038,729745143732,3569.0
TRD30000003,ORD20000155,C100194,ITC,NSE,BUY,MIS,1,178,452.25,2026-09-08 09:25:03.176,528194583218,80500.5
TRD30000004,ORD20000155,C100194,ITC,NSE,BUY,MIS,2,24,452.25,2026-09-08 09:25:03.807,426827646074,10854.0
TRD30000005,ORD20002783,C100066,TATAMOTORS,NSE,SELL,MIS,1,6,988.4,2026-09-08 09:25:52.916,864763780940,5930.4
TRD30000006,ORD20001312,C100005,AXISBANK,NSE,SELL,CNC,1,8,1170.1,2026-09-08 09:25:57.279,849945287822,9360.8
TRD30000007,ORD20001312,C100005,AXISBANK,NSE,SELL,CNC,2,54,1170.1,2026-09-08 09:25:57.727,344368768427,63185.4
TRD30000008,ORD20001426,C100000,TATAMOTORS,NSE,BUY,MIS,1,3,967.4,2026-09-08 09:26:36.339,744816551440,2902.2
TRD30000009,ORD20001426,C100000,TATAMOTORS,NSE,BUY,MIS,2,6,967.4,2026-09-08 09:26:36.404,661202296157,5804.4
TRD30000010,ORD20001426,C100000,TATAMOTORS,NSE,BUY,MIS,3,2,967.4,2026-09-08 09:26:36.879,163354973663,1934.8
TRD30000011,ORD20001593,C100152,BHARTIARTL,BSE,BUY,MIS,1,6,1425.9,2026-09-08 09:26:43.957,156767192780,8555.4
TRD30000012,ORD20001593,C100152,BHARTIARTL,BSE,BUY,MIS,2,2,1426.95,2026-09-08 09:26:45.708,100259903636,2853.9
TRD30000013,ORD20001593,C100152,BHARTIARTL,BSE,BUY,MIS,3,53,1426.4,2026-09-08 09:26:48.027,231490567581,75599.2
TRD30000014,ORD20003128,C100059,RELIANCE,NSE,SELL,MIS,1,1,2820.55,2026-09-08 09:29:52.287,206650343380,2820.55
TRD30000015,ORD20003128,C100059,RELIANCE,NSE,SELL,MIS,2,2,2820.55,2026-09-08 09:29:52.592,191963560698,5641.1
TRD30000016,ORD20003128,C100059,RELIANCE,NSE,SELL,MIS,3,1,2820.55,2026-09-08 09:29:53.230,463122126316,2820.55
TRD30000017,ORD20003867,C100163,NTPC,NSE,SELL,MIS,1,70,352.2,2026-09-08 09:31:36.170,749726240969,24654.0
TRD30000018,ORD20003867,C100163,NTPC,NSE,SELL,MIS,2,24,352.2,2026-09-08 09:31:37.817,512077451512,8452.8
TRD30000019,ORD20004242,C100077,BHARTIARTL,NSE,SELL,MIS,1,15,1414.25,2026-09-08 09:33:30.884,596586488331,21213.75
TRD30000020,ORD20002083,C100001,HDFCBANK,NSE,SELL,CNC,1,7,1721.9,2026-09-08 09:36:53.720,402434176392,12053.3
TRD30000021,ORD20001764,C100110,AXISBANK,NSE,BUY,MIS,1,19,1117.7,2026-09-08 09:37:27.094,691910883335,21236.3
TRD30000022,ORD20001764,C100110,AXISBANK,NSE,BUY,MIS,2,2,1117.7,2026-09-08 09:37:30.018,398346771083,2235.4
TRD30000023,ORD20001764,C100110,AXISBANK,NSE,BUY,MIS,3,69,1117.7,2026-09-08 09:37:31.018,379067626662,77121.3
TRD30000024,ORD20004038,C100035,HINDUNILVR,NSE,BUY,MIS,1,44,2375.9,2026-09-08 09:40:35.326,950416871995,104539.6
TRD30000026,ORD20004766,C100155,HINDUNILVR,NSE,SELL,CNC,1,2,2427.3,2026-09-08 09:40:37.449,502144716708,4854.6
TRD30000025,ORD20004038,C100035,HINDUNILVR,NSE,BUY,MIS,2,4,2375.9,2026-09-08 09:40:38.931,495246659993,9503.6
TRD30000027,ORD20000753,C100131,TITAN,NSE,SELL,CNC,1,2,3331.6,2026-09-08 09:40:56.969,165383112839,6663.2
TRD30000028,ORD20000753,C100131,TITAN,NSE,SELL,CNC,2,2,3331.6,2026-09-08 09:40:59.459,929185081562,6663.2
TRD30000029,ORD20004225,C100198,INFY,NSE,BUY,MIS,1,1,1580.45,2026-09-08 09:41:10.395,431670240685,1580.45
TRD30000030,ORD20004225,C100198,INFY,NSE,BUY,MIS,2,2,1580.45,2026-09-08 09:41:10.572,712185309448,3160.9
TRD30000031,ORD20004225,C100198,INFY,NSE,BUY,MIS,3,1,1580.45,2026-09-08 09:41:13.111,704001798579,1580.45
TRD30000032,ORD20004397,C100177,ICICIBANK,NSE,BUY,CNC,1,3,1180.5,2026-09-08 09:41:15.121,897259318395,3541.5
TRD30000033,ORD20004397,C100177,ICICIBANK,NSE,BUY,CNC,2,1,1180.5,2026-09-08 09:41:16.316,890920250438,1180.5
TRD30000034,ORD20004397,C100177,ICICIBANK,NSE,BUY,CNC,3,1,1180.5,2026-09-08 09:41:19.978,238385753362,1180.5
TRD30000035,ORD20003588,C100114,RELIANCE,NSE,BUY,MIS,1,18,3080.25,2026-09-08 09:44:16.071,197984382440,55444.5
TRD30000036,ORD20003588,C100114,RELIANCE,NSE,BUY,MIS,2,3,3080.25,2026-09-08 09:44:19.344,900251102784,9240.75
TRD30000037,ORD20001783,C100189,MARUTI,NSE,SELL,MIS,1,1,12043.0,2026-09-08 09:50:17.506,346507143966,12043.0
TRD30000038,ORD20000973,C100184,ASIANPAINT,NSE,BUY,MIS,1,13,2774.25,2026-09-08 09:50:50.146,852843006058,36065.25
TRD30000039,ORD20002625,C100090,ONGC,NSE,SELL,CNC,1,5,284.6,2026-09-08 09:52:34.610,466694164144,1423.0
TRD30000040,ORD20002625,C100090,ONGC,NSE,SELL,CNC,2,4,284.6,2026-09-08 09:52:36.816,413719360984,1138.4
TRD30000041,ORD20002625,C100090,ONGC,NSE,SELL,CNC,3,5,284.6,2026-09-08 09:52:37.415,260171669839,1423.0
TRD30000042,ORD20001145,C100030,HDFCBANK,NSE,BUY,CNC,1,1,1633.8,2026-09-08 09:56:04.832,975410767483,1633.8
TRD30000043,ORD20001145,C100030,HDFCBANK,NSE,BUY,CNC,2,2,1633.8,2026-09-08 09:56:07.552,157593102718,3267.6
TRD30000044,ORD20001145,C100030,HDFCBANK,NSE,BUY,CNC,3,5,1633.8,2026-09-08 09:56:08.582,571200310379,8169.0
TRD30000045,ORD20001024,C100098,HINDUNILVR,NSE,BUY,CNC,1,1,2481.2,2026-09-08 09:58:06.468,746940176630,2481.2
TRD30000046,ORD20001684,C100185,HINDUNILVR,BSE,BUY,CNC,1,3,2376.4,2026-09-08 09:58:34.944,476176209439,7129.2
TRD30000047,ORD20002909,C100125,HINDUNILVR,NSE,BUY,MIS,1,5,2358.25,2026-09-08 10:01:10.817,366019133138,11791.25
TRD30000048,ORD20002909,C100125,HINDUNILVR,NSE,BUY,MIS,2,5,2358.25,2026-09-08 10:01:14.393,241560120846,11791.25
TRD30000049,ORD20002909,C100125,HINDUNILVR,NSE,BUY,MIS,3,3,2358.25,2026-09-08 10:01:15.672,275554318776,7074.75
TRD30000050,ORD20004204,C100020,NTPC,NSE,BUY,MIS,1,132,368.05,2026-09-08 10:01:28.405,950409056781,48582.6
TRD30000051,ORD20002567,C100084,HINDUNILVR,NSE,BUY,MIS,1,1,2345.0,2026-09-08 10:02:17.524,471531972927,2345.0
TRD30000052,ORD20002567,C100084,HINDUNILVR,NSE,BUY,MIS,2,4,2345.0,2026-09-08 10:02:19.438,129471331987,9380.0
TRD30000054,ORD20003221,C100029,AXISBANK,NSE,SELL,MIS,1,69,1139.95,2026-09-08 10:02:20.912,649741824795,78656.55
TRD30000053,ORD20002567,C100084,HINDUNILVR,NSE,BUY,MIS,3,8,2345.0,2026-09-08 10:02:21.193,452019059650,18760.0
TRD30000055,ORD20003221,C100029,AXISBANK,NSE,SELL,MIS,2,50,1140.15,2026-09-08 10:02:21.446,656385106890,57007.5
TRD30000056,ORD20002696,C100033,ITC,NSE,BUY,MIS,1,89,453.55,2026-09-08 10:03:22.594,184770142998,40365.95
TRD30000057,ORD20002696,C100033,ITC,NSE,BUY,MIS,2,29,453.55,2026-09-08 10:03:25.371,335057301006,13152.95
TRD30000058,ORD20002696,C100033,ITC,NSE,BUY,MIS,3,27,453.55,2026-09-08 10:03:25.649,761524162546,12245.85
TRD30000059,ORD20001612,C100089,TATAMOTORS,NSE,BUY,MIS,1,4,989.35,2026-09-08 10:03:58.721,987668647358,3957.4
TRD30000060,ORD20001612,C100089,TATAMOTORS,NSE,BUY,MIS,2,1,988.8,2026-09-08 10:03:59.192,561230170723,988.8
TRD30000061,ORD20002996,C100038,TITAN,NSE,BUY,MIS,1,25,3424.3,2026-09-08 10:05:23.400,177397539168,85607.5
TRD30000062,ORD20002996,C100038,TITAN,NSE,BUY,MIS,2,5,3424.3,2026-09-08 10:05:27.032,887317483985,17121.5
TRD30000063,ORD20002455,C100199,MARUTI,NSE,SELL,MIS,1,1,11981.8,2026-09-08 10:08:56.145,493586835035,11981.8
TRD30000064,ORD20002455,C100199,MARUTI,NSE,SELL,MIS,2,1,11981.8,2026-09-08 10:08:58.798,760475757173,11981.8
TRD30000065,ORD20002455,C100199,MARUTI,NSE,SELL,MIS,3,3,11981.8,2026-09-08 10:09:01.526,320426596246,35945.4
TRD30000066,ORD20000270,C100055,RELIANCE,NSE,BUY,CNC,1,7,2900.2,2026-09-08 10:09:29.742,885030322959,20301.4
TRD30000067,ORD20000270,C100055,RELIANCE,NSE,BUY,CNC,2,11,2900.2,2026-09-08 10:09:32.471,340133364569,31902.2
TRD30000068,ORD20000270,C100055,RELIANCE,NSE,BUY,CNC,3,2,2900.2,2026-09-08 10:09:35.313,724482359398,5800.4
TRD30000069,ORD20004427,C100159,ICICIBANK,NSE,SELL,CNC,1,8,1193.8,2026-09-08 10:10:22.672,460639314746,9550.4
TRD30000070,ORD20004427,C100159,ICICIBANK,NSE,SELL,CNC,2,34,1192.85,2026-09-08 10:10:26.479,429350301813,40556.9
TRD30000071,ORD20004427,C100159,ICICIBANK,NSE,SELL,CNC,3,9,1193.65,2026-09-08 10:10:29.856,271744433160,10742.85
TRD30000072,ORD20000116,C100158,BHARTIARTL,NSE,SELL,CNC,1,6,1405.6,2026-09-08 10:15:20.780,855381754720,8433.6
TRD30000073,ORD20001631,C100055,HINDUNILVR,NSE,SELL,CNC,1,9,2341.3,2026-09-08 10:17:49.666,496759118365,21071.7
TRD30000074,ORD20001631,C100055,HINDUNILVR,NSE,SELL,CNC,2,17,2340.3,2026-09-08 10:17:50.728,474818920943,39785.1
TRD30000075,ORD20002346,C100063,MARUTI,NSE,SELL,MIS,1,2,11544.85,2026-09-08 10:18:28.930,199761662682,23089.7
TRD30000076,ORD20002346,C100063,MARUTI,NSE,SELL,MIS,2,2,11544.85,2026-09-08 10:18:32.384,228671694963,23089.7
TRD30000077,ORD20001174,C100065,ITC,NSE,BUY,MIS,1,70,418.35,2026-09-08 10:20:10.184,432822525906,29284.5
TRD30000078,ORD20001522,C100181,TATAMOTORS,NSE,SELL,MIS,1,1,999.2,2026-09-08 10:21:06.211,138818444654,999.2
TRD30000079,ORD20001522,C100181,TATAMOTORS,NSE,SELL,MIS,2,4,999.2,2026-09-08 10:21:07.379,639009382785,3996.8
TRD30000080,ORD20003611,C100142,MARUTI,NSE,BUY,MIS,1,1,11608.1,2026-09-08 10:21:42.099,268409556768,11608.1
TRD30000081,ORD20002748,C100066,HINDUNILVR,NSE,SELL,MIS,1,9,2254.8,2026-09-08 10:22:43.705,754592418590,20293.2
TRD30000082,ORD20002748,C100066,HINDUNILVR,NSE,SELL,MIS,2,13,2254.8,2026-09-08 10:22:46.290,682516881629,29312.4
TRD30000083,ORD20002748,C100066,HINDUNILVR,NSE,SELL,MIS,3,8,2254.8,2026-09-08 10:22:49.136,524406529478,18038.4
TRD30000084,ORD20000530,C100112,ITC,NSE,SELL,CNC,1,90,447.9,2026-09-08 10:23:12.752,282101991606,40311.0
TRD30000085,ORD20000530,C100112,ITC,NSE,SELL,CNC,2,154,447.9,2026-09-08 10:23:15.723,796850868049,68976.6
TRD30000086,ORD20000530,C100112,ITC,NSE,SELL,CNC,3,58,447.9,2026-09-08 10:23:19.370,993069030179,25978.2
TRD30000087,ORD20004620,C100182,MARUTI,NSE,BUY,MIS,1,1,11468.1,2026-09-08 10:23:21.547,739996905704,11468.1
TRD30000088,ORD20003141,C100106,RELIANCE,NSE,BUY,CNC,1,16,2911.8,2026-09-08 10:25:15.683,753366479209,46588.8
TRD30000090,ORD20003489,C100041,TATAMOTORS,NSE,BUY,MIS,1,12,964.0,2026-09-08 10:25:18.219,462617510453,11568.0
TRD30000089,ORD20003141,C100106,RELIANCE,NSE,BUY,CNC,2,19,2911.8,2026-09-08 10:25:19.680,276559243725,55324.2
TRD30000091,ORD20002168,C100021,ONGC,NSE,BUY,MIS,1,166,269.0,2026-09-08 10:27:28.155,174677495408,44654.0
TRD30000092,ORD20002168,C100021,ONGC,NSE,BUY,MIS,2,67,269.0,2026-09-08 10:27:28.767,174052509652,18023.0
TRD30000093,ORD20002168,C100021,ONGC,NSE,BUY,MIS,3,11,269.0,2026-09-08 10:27:29.251,502146417471,2959.0
TRD30000094,ORD20001048,C100080,HINDUNILVR,NSE,SELL,MIS,1,3,2329.0,2026-09-08 10:30:31.327,325310820067,6987.0
TRD30000095,ORD20001048,C100080,HINDUNILVR,NSE,SELL,MIS,2,5,2332.55,2026-09-08 10:30:33.369,681039107193,11662.75
TRD30000096,ORD20004096,C100175,HINDUNILVR,NSE,BUY,CNC,1,1,2324.8,2026-09-08 10:30:58.702,938836447812,2324.8
TRD30000097,ORD20004096,C100175,HINDUNILVR,NSE,BUY,CNC,2,2,2324.95,2026-09-08 10:31:00.174,486237912478,4649.9
TRD30000098,ORD20004009,C100159,SBIN,BSE,SELL,MIS,1,6,791.6,2026-09-08 10:31:05.071,213686424174,4749.6
TRD30000099,ORD20003010,C100117,NTPC,NSE,BUY,MIS,1,1,383.3,2026-09-08 10:31:05.889,285833973268,383.3
TRD30000100,ORD20003010,C100117,NTPC,NSE,BUY,MIS,2,3,383.3,2026-09-08 10:31:09.700,511782410613,1149.9
TRD30000101,ORD20000050,C100089,ITC,NSE,SELL,CNC,1,7,455.4,2026-09-08 10:36:41.118,516721978172,3187.8
TRD30000102,ORD20000050,C100089,ITC,NSE,SELL,CNC,2,5,455.4,2026-09-08 10:36:41.810,591327056876,2277.0
TRD30000103,ORD20000050,C100089,ITC,NSE,SELL,CNC,3,42,455.4,2026-09-08 10:36:43.061,911753694407,19126.8
TRD30000104,ORD20004328,C100148,TCS,BSE,SELL,MIS,1,6,3951.1,2026-09-08 10:36:46.309,920230772235,23706.6
TRD30000105,ORD20004328,C100148,TCS,BSE,SELL,MIS,2,16,3951.1,2026-09-08 10:36:49.190,676583122572,63217.6
TRD30000106,ORD20004328,C100148,TCS,BSE,SELL,MIS,3,13,3951.1,2026-09-08 10:36:50.438,239066987111,51364.3
TRD30000107,ORD20002973,C100162,HDFCBANK,NSE,SELL,CNC,1,11,1626.0,2026-09-08 10:39:27.421,250565041078,17886.0
TRD30000108,ORD20002005,C100144,HINDUNILVR,NSE,BUY,CNC,1,4,2368.15,2026-09-08 10:40:27.407,369559260503,9472.6
TRD30000109,ORD20002005,C100144,HINDUNILVR,NSE,BUY,CNC,2,1,2368.15,2026-09-08 10:40:30.138,752210084375,2368.15
TRD30000110,ORD20002005,C100144,HINDUNILVR,NSE,BUY,CNC,3,1,2368.15,2026-09-08 10:40:31.044,856519348119,2368.15
TRD30000111,ORD20000835,C100184,BHARTIARTL,NSE,SELL,MIS,1,20,1412.5,2026-09-08 10:43:53.826,688908599423,28250.0
TRD30000112,ORD20001574,C100120,AXISBANK,NSE,BUY,CNC,1,27,1117.25,2026-09-08 10:44:42.641,860262960002,30165.75
TRD30000113,ORD20001574,C100120,AXISBANK,NSE,BUY,CNC,2,14,1117.25,2026-09-08 10:44:43.264,315669409354,15641.5
TRD30000114,ORD20001574,C100120,AXISBANK,NSE,BUY,CNC,3,59,1117.25,2026-09-08 10:44:44.034,712479890465,65917.75
TRD30000115,ORD20001020,C100188,HINDUNILVR,NSE,BUY,CNC,1,3,2519.8,2026-09-08 10:45:02.887,345644048149,7559.4
TRD30000116,ORD20000334,C100119,MARUTI,NSE,SELL,CNC,1,1,11797.6,2026-09-08 10:45:15.108,689656117222,11797.6
TRD30000117,ORD20001342,C100041,AXISBANK,NSE,SELL,MIS,1,27,1116.9,2026-09-08 10:46:24.677,125466038893,30156.3
TRD30000118,ORD20001342,C100041,AXISBANK,NSE,SELL,MIS,2,5,1116.9,2026-09-08 10:46:25.915,648819737916,5584.5
TRD30000119,ORD20003874,C100190,ITC,NSE,BUY,CNC,1,113,425.6,2026-09-08 10:46:31.394,901358955622,48092.8
TRD30000120,ORD20003874,C100190,ITC,NSE,BUY,CNC,2,48,425.55,2026-09-08 10:46:35.359,335702087238,20426.4
TRD30000121,ORD20004576,C100040,ICICIBANK,NSE,SELL,MIS,1,5,1302.35,2026-09-08 10:49:20.007,878014452193,6511.75
TRD30000122,ORD20004576,C100040,ICICIBANK,NSE,SELL,MIS,2,1,1302.35,2026-09-08 10:49:21.545,149087880195,1302.35
TRD30000123,ORD20004129,C100103,HDFCBANK,NSE,SELL,MIS,1,4,1578.25,2026-09-08 10:49:56.258,689942964596,6313.0
TRD30000124,ORD20004129,C100103,HDFCBANK,NSE,SELL,MIS,2,5,1578.25,2026-09-08 10:49:58.396,477619012472,7891.25
TRD30000126,ORD20004586,C100060,TCS,NSE,BUY,MIS,1,1,4122.15,2026-09-08 10:49:58.460,677421459021,4122.15
TRD30000125,ORD20004129,C100103,HDFCBANK,NSE,SELL,MIS,3,1,1578.25,2026-09-08 10:50:01.595,125095767326,1578.25
TRD30000127,ORD20003213,C100191,INFY,NSE,BUY,MIS,1,1,1449.2,2026-09-08 10:51:09.361,243947693385,1449.2
TRD30000128,ORD20003213,C100191,INFY,NSE,BUY,MIS,2,6,1450.4,2026-09-08 10:51:09.611,546923473574,8702.4
TRD30000129,ORD20003213,C100191,INFY,NSE,BUY,MIS,3,2,1450.55,2026-09-08 10:51:12.712,321761830018,2901.1
TRD30000130,ORD20003488,C100185,HINDUNILVR,NSE,BUY,CNC,1,2,2371.95,2026-09-08 10:53:56.702,211657830252,4743.9
TRD30000131,ORD20001938,C100165,TITAN,NSE,BUY,CNC,1,11,3317.65,2026-09-08 10:54:28.018,200382036865,36494.15
TRD30000132,ORD20001938,C100165,TITAN,NSE,BUY,CNC,2,4,3317.65,2026-09-08 10:54:30.965,666689968855,13270.6
TRD30000133,ORD20001938,C100165,TITAN,NSE,BUY,CNC,3,1,3317.65,2026-09-08 10:54:34.108,278137701057,3317.65
TRD30000134,ORD20001504,C100008,ONGC,NSE,BUY,CNC,1,13,261.6,2026-09-08 10:58:07.334,378135963325,3400.8
TRD30000135,ORD20002309,C100110,ONGC,NSE,BUY,CNC,1,22,279.3,2026-09-08 11:01:02.770,281716986685,6144.6
TRD30000136,ORD20001945,C100070,RELIANCE,NSE,BUY,MIS,1,1,2936.75,2026-09-08 11:01:29.268,213803816212,2936.75
TRD30000137,ORD20001945,C100070,RELIANCE,NSE,BUY,MIS,2,1,2938.3,2026-09-08 11:01:30.304,102470964229,2938.3
TRD30000138,ORD20000584,C100026,HDFCBANK,NSE,BUY,CNC,1,11,1666.25,2026-09-08 11:02:00.667,533256383398,18328.75
TRD30000139,ORD20000584,C100026,HDFCBANK,NSE,BUY,CNC,2,7,1667.35,2026-09-08 11:02:03.708,792213503969,11671.45
TRD30000140,ORD20000584,C100026,HDFCBANK,NSE,BUY,CNC,3,15,1667.7,2026-09-08 11:02:06.316,162539437685,25015.5
TRD30000141,ORD20003965,C100120,ICICIBANK,BSE,SELL,CNC,1,23,1213.95,2026-09-08 11:02:27.240,254966639500,27920.85
TRD30000142,ORD20002313,C100163,BHARTIARTL,NSE,SELL,MIS,1,2,1377.3,2026-09-08 11:04:29.620,900178039384,2754.6
TRD30000143,ORD20002313,C100163,BHARTIARTL,NSE,SELL,MIS,2,2,1377.3,2026-09-08 11:04:31.463,921761999424,2754.6
TRD30000144,ORD20002313,C100163,BHARTIARTL,NSE,SELL,MIS,3,1,1377.3,2026-09-08 11:04:31.645,965025660962,1377.3
TRD30000145,ORD20004884,C100071,TITAN,NSE,SELL,MIS,1,1,3367.35,2026-09-08 11:06:06.951,665230209666,3367.35
TRD30000146,ORD20004884,C100071,TITAN,NSE,SELL,MIS,2,1,3368.0,2026-09-08 11:06:07.897,114110345634,3368.0
TRD30000147,ORD20003731,C100012,ICICIBANK,NSE,SELL,MIS,1,3,1211.6,2026-09-08 11:06:50.172,215026438272,3634.8
TRD30000148,ORD20003731,C100012,ICICIBANK,NSE,SELL,MIS,2,6,1211.6,2026-09-08 11:06:51.129,297876728249,7269.6
TRD30000149,ORD20000359,C100105,RELIANCE,BSE,SELL,MIS,1,1,2984.25,2026-09-08 11:07:42.344,417203619417,2984.25
TRD30000150,ORD20000359,C100105,RELIANCE,BSE,SELL,MIS,2,1,2984.25,2026-09-08 11:07:44.136,415194211186,2984.25
TRD30000151,ORD20004785,C100033,TATAMOTORS,NSE,BUY,MIS,1,5,911.3,2026-09-08 11:08:32.523,259988704571,4556.5
TRD30000152,ORD20004785,C100033,TATAMOTORS,NSE,BUY,MIS,2,32,911.3,2026-09-08 11:08:35.187,259227800157,29161.6
TRD30000153,ORD20004785,C100033,TATAMOTORS,NSE,BUY,MIS,3,37,911.0,2026-09-08 11:08:36.244,959211711260,33707.0
TRD30000154,ORD20004931,C100125,ONGC,NSE,SELL,MIS,1,248,271.5,2026-09-08 11:08:38.121,181497171749,67332.0
TRD30000155,ORD20004931,C100125,ONGC,NSE,SELL,MIS,2,62,271.5,2026-09-08 11:08:42.102,117237883678,16833.0
TRD30000156,ORD20000903,C100137,AXISBANK,NSE,SELL,CNC,1,8,1147.8,2026-09-08 11:11:59.027,122230127538,9182.4
TRD30000157,ORD20000903,C100137,AXISBANK,NSE,SELL,CNC,2,2,1147.8,2026-09-08 11:12:01.754,602204410748,2295.6
TRD30000158,ORD20000903,C100137,AXISBANK,NSE,SELL,CNC,3,2,1147.8,2026-09-08 11:12:03.651,299779438929,2295.6
TRD30000159,ORD20003332,C100066,ICICIBANK,BSE,BUY,MIS,1,5,1200.25,2026-09-08 11:16:23.723,532260763812,6001.25
TRD30000160,ORD20003332,C100066,ICICIBANK,BSE,BUY,MIS,2,8,1202.35,2026-09-08 11:16:27.550,518579302966,9618.8
TRD30000161,ORD20002180,C100175,BHARTIARTL,BSE,SELL,MIS,1,19,1437.05,2026-09-08 11:18:36.421,913332908187,27303.95
TRD30000162,ORD20002180,C100175,BHARTIARTL,BSE,SELL,MIS,2,2,1436.8,2026-09-08 11:18:39.647,245492796473,2873.6
TRD30000163,ORD20000222,C100124,BHARTIARTL,NSE,BUY,MIS,1,4,1429.2,2026-09-08 11:20:57.519,380642185828,5716.8
TRD30000164,ORD20001330,C100056,RELIANCE,NSE,BUY,CNC,1,1,2818.85,2026-09-08 11:21:16.563,711631805389,2818.85
TRD30000165,ORD20001330,C100056,RELIANCE,NSE,BUY,CNC,2,1,2818.85,2026-09-08 11:21:17.225,575933606774,2818.85
TRD30000166,ORD20000135,C100141,BHARTIARTL,NSE,SELL,CNC,1,3,1393.7,2026-09-08 11:22:13.736,625448592578,4181.1
TRD30000167,ORD20000135,C100141,BHARTIARTL,NSE,SELL,CNC,2,3,1394.2,2026-09-08 11:22:14.776,519445495381,4182.6
TRD30000168,ORD20004923,C100035,INFY,NSE,SELL,CNC,1,45,1575.4,2026-09-08 11:23:13.693,838445147036,70893.0
TRD30000169,ORD20004923,C100035,INFY,NSE,SELL,CNC,2,2,1575.3,2026-09-08 11:23:13.960,208701865189,3150.6
TRD30000170,ORD20000983,C100036,INFY,NSE,SELL,MIS,1,1,1594.1,2026-09-08 11:28:59.433,957607727972,1594.1
TRD30000171,ORD20000983,C100036,INFY,NSE,SELL,MIS,2,5,1594.1,2026-09-08 11:29:02.556,263550337868,7970.5
TRD30000172,ORD20003237,C100159,TCS,NSE,BUY,CNC,1,1,4105.8,2026-09-08 11:29:51.042,268243530767,4105.8
TRD30000173,ORD20001991,C100073,MARUTI,NSE,SELL,MIS,1,1,11640.85,2026-09-08 11:29:58.740,308128982366,11640.85
TRD30000174,ORD20001138,C100109,TATAMOTORS,NSE,BUY,MIS,1,15,985.8,2026-09-08 11:31:07.103,767069657805,14787.0
TRD30000175,ORD20001138,C100109,TATAMOTORS,NSE,BUY,MIS,2,24,985.8,2026-09-08 11:31:09.541,638623282928,23659.2
TRD30000176,ORD20001138,C100109,TATAMOTORS,NSE,BUY,MIS,3,112,985.8,2026-09-08 11:31:12.662,192759992344,110409.6
TRD30000177,ORD20001369,C100162,HINDUNILVR,NSE,BUY,CNC,1,1,2456.75,2026-09-08 11:34:18.024,886002094351,2456.75
TRD30000178,ORD20003976,C100013,TCS,NSE,BUY,CNC,1,6,4051.3,2026-09-08 11:38:32.491,990096151792,24307.8
TRD30000179,ORD20001280,C100039,ITC,NSE,BUY,CNC,1,11,454.1,2026-09-08 11:42:53.036,547837133765,4995.1
TRD30000180,ORD20001280,C100039,ITC,NSE,BUY,CNC,2,1,454.1,2026-09-08 11:42:53.617,120292897380,454.1
TRD30000181,ORD20001280,C100039,ITC,NSE,BUY,CNC,3,2,454.1,2026-09-08 11:42:55.041,560895370074,908.2
TRD30000182,ORD20000542,C100115,SBIN,NSE,BUY,MIS,1,3,811.7,2026-09-08 11:42:55.285,621351345540,2435.1
TRD30000183,ORD20000542,C100115,SBIN,NSE,BUY,MIS,2,2,811.7,2026-09-08 11:42:56.542,276462979000,1623.4
TRD30000184,ORD20002577,C100016,NTPC,BSE,BUY,CNC,1,3,367.35,2026-09-08 11:47:10.350,130785174779,1102.05
TRD30000185,ORD20002577,C100016,NTPC,BSE,BUY,CNC,2,4,367.2,2026-09-08 11:47:13.039,538486377797,1468.8
TRD30000186,ORD20002772,C100031,TITAN,NSE,BUY,MIS,1,44,3247.3,2026-09-08 11:47:52.192,885402549507,142881.2
TRD30000187,ORD20000384,C100029,MARUTI,BSE,BUY,MIS,1,1,12237.15,2026-09-08 11:47:54.131,323264921491,12237.15
TRD30000188,ORD20000384,C100029,MARUTI,BSE,BUY,MIS,2,3,12237.15,2026-09-08 11:47:56.081,432279432096,36711.45
TRD30000189,ORD20001095,C100089,ONGC,NSE,BUY,MIS,1,114,270.55,2026-09-08 11:49:36.465,913904826199,30842.7
TRD30000190,ORD20001095,C100089,ONGC,NSE,BUY,MIS,2,21,270.55,2026-09-08 11:49:37.221,648923457565,5681.55
TRD30000191,ORD20002249,C100165,BHARTIARTL,NSE,SELL,CNC,1,12,1419.2,2026-09-08 11:50:06.461,612374002436,17030.4
TRD30000192,ORD20002249,C100165,BHARTIARTL,NSE,SELL,CNC,2,19,1419.2,2026-09-08 11:50:08.341,395461102894,26964.8
TRD30000193,ORD20002249,C100165,BHARTIARTL,NSE,SELL,CNC,3,4,1419.2,2026-09-08 11:50:10.369,966218822530,5676.8
TRD30000194,ORD20002814,C100198,MARUTI,NSE,BUY,MIS,1,1,11808.2,2026-09-08 11:50:38.995,728552475361,11808.2
TRD30000195,ORD20003410,C100062,SBIN,NSE,SELL,CNC,1,63,770.05,2026-09-08 11:53:05.565,192048061604,48513.15
TRD30000196,ORD20002316,C100039,ASIANPAINT,NSE,SELL,CNC,1,1,2834.75,2026-09-08 11:54:24.345,142170897833,2834.75
TRD30000197,ORD20002908,C100105,ASIANPAINT,NSE,BUY,CNC,1,1,2844.4,2026-09-08 11:54:51.469,654941624891,2844.4
TRD30000198,ORD20002908,C100105,ASIANPAINT,NSE,BUY,CNC,2,1,2844.4,2026-09-08 11:54:52.636,342180782502,2844.4
TRD30000199,ORD20001658,C100093,HDFCBANK,NSE,SELL,CNC,1,6,1673.25,2026-09-08 12:06:36.890,197318355748,10039.5
TRD30000200,ORD20001658,C100093,HDFCBANK,NSE,SELL,CNC,2,2,1672.65,2026-09-08 12:06:39.696,758380949318,3345.3
TRD30000201,ORD20003152,C100175,RELIANCE,NSE,BUY,CNC,1,2,2782.95,2026-09-08 12:09:18.134,879069676102,5565.9
TRD30000202,ORD20003152,C100175,RELIANCE,NSE,BUY,CNC,2,3,2784.8,2026-09-08 12:09:21.880,504370169409,8354.4
TRD30000203,ORD20000506,C100000,ITC,NSE,SELL,CNC,1,11,463.85,2026-09-08 12:11:30.479,372327578804,5102.35
TRD30000204,ORD20000463,C100167,BHARTIARTL,NSE,BUY,MIS,1,49,1365.1,2026-09-08 12:12:42.515,222404977833,66889.9
TRD30000205,ORD20000418,C100002,TCS,BSE,SELL,MIS,1,6,3776.0,2026-09-08 12:15:29.210,709940784908,22656.0
TRD30000206,ORD20001485,C100134,TATAMOTORS,NSE,BUY,CNC,1,16,937.75,2026-09-08 12:17:02.862,112505792748,15004.0
TRD30000207,ORD20001485,C100134,TATAMOTORS,NSE,BUY,CNC,2,11,937.75,2026-09-08 12:17:04.140,713629425441,10315.25
TRD30000208,ORD20001485,C100134,TATAMOTORS,NSE,BUY,CNC,3,49,937.75,2026-09-08 12:17:06.486,960546336539,45949.75
TRD30000209,ORD20000788,C100146,HINDUNILVR,NSE,BUY,CNC,1,1,2512.4,2026-09-08 12:17:40.892,450694879212,2512.4
TRD30000210,ORD20000788,C100146,HINDUNILVR,NSE,BUY,CNC,2,1,2512.4,2026-09-08 12:17:44.851,754656802198,2512.4
TRD30000211,ORD20002096,C100169,MARUTI,NSE,SELL,MIS,1,2,12037.7,2026-09-08 12:18:39.099,150752035484,24075.4
TRD30000212,ORD20002096,C100169,MARUTI,NSE,SELL,MIS,2,4,12037.7,2026-09-08 12:18:39.353,407043594067,48150.8
TRD30000213,ORD20003085,C100109,TATAMOTORS,NSE,BUY,MIS,1,74,926.8,2026-09-08 12:23:34.900,511194259140,68583.2
TRD30000214,ORD20001751,C100185,ASIANPAINT,NSE,BUY,CNC,1,2,2912.6,2026-09-08 12:23:39.763,680512212692,5825.2
TRD30000215,ORD20003873,C100064,AXISBANK,NSE,SELL,MIS,1,26,1136.25,2026-09-08 12:26:00.015,369900583686,29542.5
TRD30000216,ORD20003873,C100064,AXISBANK,NSE,SELL,MIS,2,48,1136.25,2026-09-08 12:26:01.923,682863529788,54540.0
TRD30000217,ORD20004355,C100153,HINDUNILVR,NSE,BUY,MIS,1,1,2375.05,2026-09-08 12:29:39.587,751134124926,2375.05
TRD30000218,ORD20003921,C100051,HINDUNILVR,NSE,BUY,MIS,1,1,2415.85,2026-09-08 12:29:57.722,239585993509,2415.85
TRD30000219,ORD20000325,C100162,INFY,NSE,SELL,MIS,1,11,1597.3,2026-09-08 12:31:08.536,858617617579,17570.3
TRD30000220,ORD20000325,C100162,INFY,NSE,SELL,MIS,2,1,1597.3,2026-09-08 12:31:11.501,716812464870,1597.3
TRD30000221,ORD20001065,C100181,BHARTIARTL,NSE,BUY,MIS,1,1,1447.3,2026-09-08 12:36:34.588,991103119628,1447.3
TRD30000222,ORD20001065,C100181,BHARTIARTL,NSE,BUY,MIS,2,1,1447.3,2026-09-08 12:36:37.349,799244908330,1447.3
TRD30000223,ORD20002967,C100147,RELIANCE,NSE,BUY,MIS,1,1,2944.55,2026-09-08 12:42:02.897,785175990619,2944.55
TRD30000224,ORD20001328,C100137,NTPC,NSE,BUY,CNC,1,4,366.55,2026-09-08 12:42:38.039,116881243568,1466.2
TRD30000225,ORD20001328,C100137,NTPC,NSE,BUY,CNC,2,13,366.8,2026-09-08 12:42:41.204,480148305183,4768.4
TRD30000226,ORD20003323,C100149,INFY,NSE,SELL,MIS,1,9,1581.85,2026-09-08 12:45:47.179,377388315280,14236.65
TRD30000229,ORD20002807,C100156,HINDUNILVR,NSE,SELL,CNC,1,1,2279.35,2026-09-08 12:45:48.168,559760003946,2279.35
TRD30000227,ORD20003323,C100149,INFY,NSE,SELL,MIS,2,1,1580.7,2026-09-08 12:45:48.892,796238388537,1580.7
TRD30000230,ORD20002807,C100156,HINDUNILVR,NSE,SELL,CNC,2,6,2277.65,2026-09-08 12:45:51.398,426671849760,13665.9
TRD30000228,ORD20003323,C100149,INFY,NSE,SELL,MIS,3,7,1579.3,2026-09-08 12:45:51.404,692309175313,11055.1
TRD30000231,ORD20003311,C100042,KOTAKBANK,NSE,BUY,CNC,1,12,1737.1,2026-09-08 12:51:57.664,190074081134,20845.2
TRD30000232,ORD20003311,C100042,KOTAKBANK,NSE,BUY,CNC,2,12,1737.1,2026-09-08 12:51:59.590,381690871715,20845.2
TRD30000233,ORD20003311,C100042,KOTAKBANK,NSE,BUY,CNC,3,4,1737.1,2026-09-08 12:52:00.827,642870961482,6948.4
TRD30000234,ORD20003576,C100024,ITC,NSE,BUY,MIS,1,8,449.3,2026-09-08 12:52:05.862,364756499787,3594.4
TRD30000235,ORD20004550,C100070,ITC,NSE,BUY,CNC,1,4,447.65,2026-09-08 12:52:57.994,204337311932,1790.6
TRD30000236,ORD20004550,C100070,ITC,NSE,BUY,CNC,2,3,447.65,2026-09-08 12:53:00.816,114054369700,1342.95
TRD30000237,ORD20004550,C100070,ITC,NSE,BUY,CNC,3,7,447.65,2026-09-08 12:53:03.538,917323268748,3133.55
TRD30000238,ORD20001359,C100021,HDFCBANK,NSE,BUY,MIS,1,1,1577.4,2026-09-08 12:54:05.188,300890711060,1577.4
TRD30000239,ORD20001359,C100021,HDFCBANK,NSE,BUY,MIS,2,1,1577.4,2026-09-08 12:54:07.623,939270389238,1577.4
TRD30000240,ORD20000046,C100192,TATAMOTORS,NSE,SELL,CNC,1,3,949.35,2026-09-08 12:55:33.636,120265613646,2848.05
TRD30000241,ORD20000046,C100192,TATAMOTORS,NSE,SELL,CNC,2,1,949.35,2026-09-08 12:55:34.859,484006457391,949.35
TRD30000242,ORD20000741,C100195,TITAN,NSE,SELL,MIS,1,7,3356.45,2026-09-08 12:55:46.856,545096837940,23495.15
TRD30000243,ORD20000741,C100195,TITAN,NSE,SELL,MIS,2,13,3356.45,2026-09-08 12:55:48.325,455040737805,43633.85
TRD30000244,ORD20001321,C100190,INFY,NSE,BUY,CNC,1,3,1584.1,2026-09-08 12:55:49.923,188185195940,4752.3
TRD30000245,ORD20001321,C100190,INFY,NSE,BUY,CNC,2,3,1581.65,2026-09-08 12:55:53.579,888467828257,4744.95
TRD30000246,ORD20002691,C100134,AXISBANK,NSE,SELL,MIS,1,5,1209.8,2026-09-08 12:56:22.121,926893049946,6049.0
TRD30000247,ORD20002691,C100134,AXISBANK,NSE,SELL,MIS,2,5,1209.8,2026-09-08 12:56:22.855,778818719281,6049.0
TRD30000248,ORD20002691,C100134,AXISBANK,NSE,SELL,MIS,3,5,1209.8,2026-09-08 12:56:25.185,197204364257,6049.0
TRD30000249,ORD20001127,C100088,MARUTI,NSE,SELL,MIS,1,1,11849.5,2026-09-08 12:57:05.163,326628713128,11849.5
TRD30000250,ORD20001127,C100088,MARUTI,NSE,SELL,MIS,2,2,11837.75,2026-09-08 12:57:06.902,364803286681,23675.5
TRD30000251,ORD20001127,C100088,MARUTI,NSE,SELL,MIS,3,2,11834.45,2026-09-08 12:57:07.471,949618735273,23668.9
TRD30000252,ORD20000516,C100184,ITC,NSE,BUY,CNC,1,55,450.4,2026-09-08 12:57:16.704,819710122722,24772.0
TRD30000253,ORD20000516,C100184,ITC,NSE,BUY,CNC,2,14,449.75,2026-09-08 12:57:17.413,492438826423,6296.5
TRD30000254,ORD20000357,C100058,BHARTIARTL,NSE,SELL,MIS,1,27,1399.55,2026-09-08 12:58:49.743,553762094126,37787.85
TRD30000255,ORD20000860,C100007,ICICIBANK,BSE,SELL,CNC,1,3,1188.25,2026-09-08 12:59:13.739,817953249443,3564.75
TRD30000256,ORD20000860,C100007,ICICIBANK,BSE,SELL,CNC,2,1,1189.2,2026-09-08 12:59:17.221,155989549168,1189.2
TRD30000257,ORD20000082,C100073,HDFCBANK,NSE,SELL,MIS,1,24,1753.0,2026-09-08 12:59:41.833,453181532370,42072.0
TRD30000258,ORD20004890,C100105,ICICIBANK,NSE,SELL,CNC,1,2,1206.8,2026-09-08 13:01:52.695,146485172816,2413.6
TRD30000259,ORD20004890,C100105,ICICIBANK,NSE,SELL,CNC,2,8,1205.15,2026-09-08 13:01:54.119,921514361362,9641.2
TRD30000260,ORD20003863,C100141,ITC,NSE,BUY,CNC,1,26,451.95,2026-09-08 13:03:26.185,497439966401,11750.7
TRD30000261,ORD20003679,C100051,ICICIBANK,NSE,BUY,CNC,1,83,1232.55,2026-09-08 13:03:57.032,261539929558,102301.65
TRD30000262,ORD20003679,C100051,ICICIBANK,NSE,BUY,CNC,2,2,1232.55,2026-09-08 13:04:00.357,981288384222,2465.1
TRD30000263,ORD20001084,C100161,HINDUNILVR,NSE,BUY,CNC,1,1,2450.3,2026-09-08 13:05:32.792,889969297822,2450.3
TRD30000264,ORD20001084,C100161,HINDUNILVR,NSE,BUY,CNC,2,1,2450.55,2026-09-08 13:05:35.089,557364457087,2450.55
TRD30000265,ORD20001983,C100027,HDFCBANK,NSE,SELL,MIS,1,11,1636.75,2026-09-08 13:07:19.727,932072220982,18004.25
TRD30000266,ORD20001983,C100027,HDFCBANK,NSE,SELL,MIS,2,21,1633.4,2026-09-08 13:07:20.524,264330720173,34301.4
TRD30000267,ORD20002520,C100104,ITC,NSE,SELL,CNC,1,1,449.55,2026-09-08 13:07:21.142,788153099840,449.55
TRD30000268,ORD20002520,C100104,ITC,NSE,SELL,CNC,2,3,449.55,2026-09-08 13:07:21.831,795942958118,1348.65
TRD30000269,ORD20002520,C100104,ITC,NSE,SELL,CNC,3,3,449.55,2026-09-08 13:07:22.908,633189981305,1348.65
TRD30000270,ORD20002079,C100047,ASIANPAINT,NSE,SELL,MIS,1,3,3011.2,2026-09-08 13:08:05.375,456965950601,9033.6
TRD30000271,ORD20002079,C100047,ASIANPAINT,NSE,SELL,MIS,2,5,3011.2,2026-09-08 13:08:05.568,352857832365,15056.0
TRD30000272,ORD20002079,C100047,ASIANPAINT,NSE,SELL,MIS,3,2,3011.2,2026-09-08 13:08:06.778,679165779578,6022.4
TRD30000273,ORD20000619,C100054,INFY,NSE,SELL,CNC,1,21,1687.1,2026-09-08 13:10:16.236,390515920850,35429.1
TRD30000274,ORD20001939,C100015,TITAN,NSE,SELL,MIS,1,2,3340.9,2026-09-08 13:10:55.272,217119030466,6681.8
TRD30000275,ORD20001939,C100015,TITAN,NSE,SELL,MIS,2,12,3340.5,2026-09-08 13:10:55.372,867435858438,40086.0
TRD30000276,ORD20001939,C100015,TITAN,NSE,SELL,MIS,3,2,3337.1,2026-09-08 13:10:57.484,819372441094,6674.2
TRD30000277,ORD20002494,C100017,ITC,NSE,BUY,MIS,1,52,431.95,2026-09-08 13:12:36.357,367894095938,22461.4
TRD30000278,ORD20002494,C100017,ITC,NSE,BUY,MIS,2,62,431.95,2026-09-08 13:12:39.426,107141601878,26780.9
TRD30000279,ORD20004669,C100064,ITC,NSE,BUY,CNC,1,279,460.6,2026-09-08 13:13:15.210,314259939573,128507.4
TRD30000280,ORD20002468,C100052,HDFCBANK,NSE,SELL,CNC,1,5,1662.65,2026-09-08 13:13:38.908,609692063541,8313.25
TRD30000281,ORD20002468,C100052,HDFCBANK,NSE,SELL,CNC,2,2,1662.65,2026-09-08 13:13:39.866,718805519979,3325.3
TRD30000282,ORD20000076,C100026,MARUTI,NSE,BUY,MIS,1,1,11514.1,2026-09-08 13:19:37.207,463522057133,11514.1
TRD30000283,ORD20001748,C100179,ITC,NSE,SELL,MIS,1,76,460.0,2026-09-08 13:21:50.489,871711484328,34960.0
TRD30000284,ORD20001748,C100179,ITC,NSE,SELL,MIS,2,67,460.0,2026-09-08 13:21:54.382,335558952492,30820.0
TRD30000285,ORD20001853,C100144,HINDUNILVR,NSE,SELL,MIS,1,17,2494.4,2026-09-08 13:22:03.163,949156828221,42404.8
TRD30000286,ORD20001853,C100144,HINDUNILVR,NSE,SELL,MIS,2,10,2496.1,2026-09-08 13:22:06.561,682620445328,24961.0
TRD30000287,ORD20000638,C100157,ITC,BSE,SELL,CNC,1,5,457.15,2026-09-08 13:22:24.758,774400334200,2285.75
TRD30000288,ORD20000638,C100157,ITC,BSE,SELL,CNC,2,2,456.55,2026-09-08 13:22:27.470,585891669882,913.1
TRD30000289,ORD20001120,C100004,ITC,NSE,BUY,CNC,1,194,468.8,2026-09-08 13:22:56.561,999956816044,90947.2
TRD30000290,ORD20001120,C100004,ITC,NSE,BUY,CNC,2,23,468.8,2026-09-08 13:22:57.626,248137455290,10782.4
TRD30000291,ORD20001120,C100004,ITC,NSE,BUY,CNC,3,36,468.8,2026-09-08 13:22:58.769,508750342225,16876.8
TRD30000292,ORD20001717,C100023,HDFCBANK,NSE,SELL,MIS,1,2,1632.2,2026-09-08 13:26:39.900,337519547627,3264.4
TRD30000293,ORD20001717,C100023,HDFCBANK,NSE,SELL,MIS,2,2,1631.85,2026-09-08 13:26:41.212,343307726551,3263.7
TRD30000294,ORD20000210,C100052,ITC,NSE,SELL,CNC,1,7,459.8,2026-09-08 13:28:10.797,830931255183,3218.6
TRD30000295,ORD20000210,C100052,ITC,NSE,SELL,CNC,2,6,459.8,2026-09-08 13:28:12.364,615738916237,2758.8
TRD30000296,ORD20002958,C100134,INFY,NSE,BUY,MIS,1,15,1617.5,2026-09-08 13:28:21.969,193328347259,24262.5
TRD30000297,ORD20002958,C100134,INFY,NSE,BUY,MIS,2,5,1617.1,2026-09-08 13:28:24.374,936426174725,8085.5
TRD30000298,ORD20001176,C100108,MARUTI,NSE,BUY,CNC,1,3,12167.1,2026-09-08 13:28:46.260,229554120927,36501.3
TRD30000299,ORD20001176,C100108,MARUTI,NSE,BUY,CNC,2,3,12169.7,2026-09-08 13:28:48.744,739805189675,36509.1
TRD30000300,ORD20001584,C100008,TATAMOTORS,NSE,SELL,CNC,1,16,979.85,2026-09-08 13:28:50.839,710447332301,15677.6
TRD30000301,ORD20001584,C100008,TATAMOTORS,NSE,SELL,CNC,2,15,979.85,2026-09-08 13:28:51.466,843685551348,14697.75
TRD30000302,ORD20003821,C100054,TATAMOTORS,NSE,SELL,MIS,1,22,893.85,2026-09-08 13:28:55.477,674106639120,19664.7
TRD30000303,ORD20004844,C100160,RELIANCE,NSE,BUY,CNC,1,2,2895.9,2026-09-08 13:30:07.320,443005598651,5791.8
TRD30000304,ORD20004844,C100160,RELIANCE,NSE,BUY,CNC,2,1,2895.9,2026-09-08 13:30:08.368,282407857368,2895.9
TRD30000305,ORD20004844,C100160,RELIANCE,NSE,BUY,CNC,3,1,2895.9,2026-09-08 13:30:08.965,585751264912,2895.9
TRD30000306,ORD20000047,C100104,HINDUNILVR,NSE,BUY,CNC,1,6,2409.7,2026-09-08 13:33:10.826,129592512847,14458.2
TRD30000307,ORD20004467,C100077,TCS,NSE,BUY,MIS,1,5,3821.65,2026-09-08 13:33:46.660,571142566197,19108.25
TRD30000308,ORD20004467,C100077,TCS,NSE,BUY,MIS,2,1,3821.65,2026-09-08 13:33:48.398,255563056918,3821.65
TRD30000309,ORD20003431,C100030,HINDUNILVR,NSE,SELL,MIS,1,1,2298.85,2026-09-08 13:35:20.360,680447598501,2298.85
TRD30000310,ORD20000162,C100172,ITC,NSE,BUY,MIS,1,2,442.6,2026-09-08 13:36:56.313,470660140847,885.2
TRD30000311,ORD20000162,C100172,ITC,NSE,BUY,MIS,2,10,442.6,2026-09-08 13:36:56.941,783278073141,4426.0
TRD30000312,ORD20000162,C100172,ITC,NSE,BUY,MIS,3,4,442.6,2026-09-08 13:36:57.389,631203704716,1770.4
TRD30000313,ORD20000443,C100181,HDFCBANK,NSE,BUY,CNC,1,2,1621.3,2026-09-08 13:37:22.737,548912996801,3242.6
TRD30000314,ORD20000443,C100181,HDFCBANK,NSE,BUY,CNC,2,38,1621.3,2026-09-08 13:37:26.683,692006235530,61609.4
TRD30000315,ORD20003464,C100019,BHARTIARTL,NSE,BUY,MIS,1,15,1221.2,2026-09-08 13:37:36.607,299608235804,18318.0
TRD30000316,ORD20003464,C100019,BHARTIARTL,NSE,BUY,MIS,2,6,1221.2,2026-09-08 13:37:36.772,930856707443,7327.2
TRD30000317,ORD20003464,C100019,BHARTIARTL,NSE,BUY,MIS,3,37,1221.2,2026-09-08 13:37:38.695,163674632227,45184.4
TRD30000318,ORD20000763,C100112,ICICIBANK,BSE,SELL,MIS,1,1,1206.55,2026-09-08 13:38:00.381,409211989319,1206.55
TRD30000319,ORD20001623,C100159,RELIANCE,NSE,BUY,CNC,1,10,3059.65,2026-09-08 13:38:21.239,151586312804,30596.5
TRD30000320,ORD20001623,C100159,RELIANCE,NSE,BUY,CNC,2,3,3056.8,2026-09-08 13:38:23.224,627439088871,9170.4
TRD30000321,ORD20000686,C100197,HINDUNILVR,NSE,BUY,CNC,1,1,2493.55,2026-09-08 13:38:23.687,442619400961,2493.55
TRD30000322,ORD20000686,C100197,HINDUNILVR,NSE,BUY,CNC,2,2,2493.55,2026-09-08 13:38:26.559,151244882942,4987.1
TRD30000323,ORD20000686,C100197,HINDUNILVR,NSE,BUY,CNC,3,1,2493.55,2026-09-08 13:38:27.903,700204416472,2493.55
TRD30000324,ORD20001605,C100061,ICICIBANK,NSE,BUY,MIS,1,28,1234.0,2026-09-08 13:41:28.557,962342820698,34552.0
TRD30000325,ORD20001605,C100061,ICICIBANK,NSE,BUY,MIS,2,1,1234.0,2026-09-08 13:41:31.249,196262669521,1234.0
TRD30000326,ORD20001605,C100061,ICICIBANK,NSE,BUY,MIS,3,7,1234.0,2026-09-08 13:41:33.685,298444158259,8638.0
TRD30000327,ORD20004180,C100180,TATAMOTORS,NSE,BUY,CNC,1,57,974.75,2026-09-08 13:43:31.169,345365475839,55560.75
TRD30000328,ORD20003377,C100157,HDFCBANK,NSE,BUY,MIS,1,18,1639.05,2026-09-08 13:44:33.732,712048791711,29502.9
TRD30000329,ORD20003377,C100157,HDFCBANK,NSE,BUY,MIS,2,4,1639.05,2026-09-08 13:44:36.264,447780327585,6556.2
TRD30000330,ORD20001092,C100106,MARUTI,NSE,SELL,CNC,1,5,12283.5,2026-09-08 13:45:12.981,779209415631,61417.5
TRD30000331,ORD20001789,C100027,HDFCBANK,NSE,SELL,MIS,1,41,1611.35,2026-09-08 13:46:16.518,516607131916,66065.35
TRD30000332,ORD20002502,C100172,HINDUNILVR,NSE,SELL,CNC,1,1,2517.7,2026-09-08 13:48:20.337,121107199533,2517.7
TRD30000333,ORD20002502,C100172,HINDUNILVR,NSE,SELL,CNC,2,2,2517.7,2026-09-08 13:48:23.553,256524586815,5035.4
TRD30000334,ORD20002502,C100172,HINDUNILVR,NSE,SELL,CNC,3,3,2517.7,2026-09-08 13:48:25.759,388040588670,7553.1
TRD30000335,ORD20001986,C100019,ITC,NSE,SELL,MIS,1,57,428.8,2026-09-08 13:55:23.972,670829147705,24441.6
TRD30000336,ORD20001986,C100019,ITC,NSE,SELL,MIS,2,3,428.75,2026-09-08 13:55:26.034,712735019993,1286.25
TRD30000337,ORD20000274,C100102,MARUTI,NSE,SELL,CNC,1,1,11942.1,2026-09-08 13:59:59.755,676062635003,11942.1
TRD30000338,ORD20001267,C100043,RELIANCE,NSE,SELL,MIS,1,12,2820.0,2026-09-08 14:00:12.066,155547778393,33840.0
TRD30000339,ORD20001267,C100043,RELIANCE,NSE,SELL,MIS,2,18,2820.0,2026-09-08 14:00:15.177,432201757735,50760.0
TRD30000340,ORD20000455,C100098,MARUTI,BSE,BUY,MIS,1,1,12071.35,2026-09-08 14:01:31.378,671674721573,12071.35
TRD30000341,ORD20000455,C100098,MARUTI,BSE,BUY,MIS,2,1,12071.35,2026-09-08 14:01:32.519,675588498328,12071.35
TRD30000342,ORD20000455,C100098,MARUTI,BSE,BUY,MIS,3,1,12071.35,2026-09-08 14:01:35.969,621588570130,12071.35
TRD30000343,ORD20000199,C100009,ONGC,NSE,SELL,MIS,1,108,281.5,2026-09-08 14:04:53.218,483464795904,30402.0
TRD30000344,ORD20004159,C100068,TATAMOTORS,NSE,SELL,MIS,1,1,943.95,2026-09-08 14:05:36.709,108086750928,943.95
TRD30000345,ORD20004159,C100068,TATAMOTORS,NSE,SELL,MIS,2,28,943.95,2026-09-08 14:05:40.622,603275371400,26430.6
TRD30000346,ORD20004159,C100068,TATAMOTORS,NSE,SELL,MIS,3,25,943.95,2026-09-08 14:05:42.504,335460233244,23598.75
TRD30000347,ORD20002101,C100071,RELIANCE,NSE,SELL,CNC,1,4,3004.8,2026-09-08 14:07:50.563,417225295512,12019.2
TRD30000348,ORD20002101,C100071,RELIANCE,NSE,SELL,CNC,2,5,3004.0,2026-09-08 14:07:50.925,637680745441,15020.0
TRD30000349,ORD20002101,C100071,RELIANCE,NSE,SELL,CNC,3,3,3002.0,2026-09-08 14:07:54.562,530646567564,9006.0
TRD30000350,ORD20000283,C100045,HDFCBANK,BSE,SELL,CNC,1,3,1617.2,2026-09-08 14:08:34.198,489129928006,4851.6
TRD30000351,ORD20004323,C100128,NTPC,NSE,BUY,MIS,1,214,352.0,2026-09-08 14:09:17.788,465039478746,75328.0
TRD30000352,ORD20004323,C100128,NTPC,NSE,BUY,MIS,2,125,352.2,2026-09-08 14:09:18.248,788348887558,44025.0
TRD30000353,ORD20002697,C100189,ONGC,NSE,BUY,MIS,1,19,257.1,2026-09-08 14:09:55.844,545349522144,4884.9
TRD30000354,ORD20001724,C100052,MARUTI,NSE,SELL,MIS,1,1,12178.1,2026-09-08 14:11:36.707,657631658577,12178.1
TRD30000355,ORD20003579,C100180,HDFCBANK,NSE,SELL,MIS,1,26,1625.85,2026-09-08 14:13:08.081,184510509316,42272.1
TRD30000356,ORD20002051,C100083,SBIN,NSE,SELL,CNC,1,15,783.15,2026-09-08 14:13:10.888,649195266772,11747.25
TRD30000357,ORD20002051,C100083,SBIN,NSE,SELL,CNC,2,4,783.15,2026-09-08 14:13:14.156,151360808864,3132.6
TRD30000358,ORD20003501,C100170,AXISBANK,NSE,SELL,CNC,1,1,1075.45,2026-09-08 14:16:01.617,794459687550,1075.45
TRD30000359,ORD20003501,C100170,AXISBANK,NSE,SELL,CNC,2,3,1077.05,2026-09-08 14:16:04.529,109452139705,3231.15
TRD30000360,ORD20000553,C100198,ITC,NSE,BUY,CNC,1,16,457.75,2026-09-08 14:18:00.346,770144832107,7324.0
TRD30000361,ORD20003860,C100034,KOTAKBANK,NSE,BUY,MIS,1,13,1761.55,2026-09-08 14:22:06.018,576325607443,22900.15
TRD30000362,ORD20003860,C100034,KOTAKBANK,NSE,BUY,MIS,2,5,1761.55,2026-09-08 14:22:08.982,736388452444,8807.75
TRD30000363,ORD20004381,C100094,TATAMOTORS,NSE,SELL,CNC,1,16,886.45,2026-09-08 14:23:27.062,320146269320,14183.2
TRD30000364,ORD20004381,C100094,TATAMOTORS,NSE,SELL,CNC,2,46,886.45,2026-09-08 14:23:27.459,573028136828,40776.7
TRD30000365,ORD20004381,C100094,TATAMOTORS,NSE,SELL,CNC,3,2,886.45,2026-09-08 14:23:29.522,859792344687,1772.9
TRD30000366,ORD20001869,C100111,KOTAKBANK,NSE,BUY,MIS,1,3,1751.45,2026-09-08 14:24:55.686,291365839988,5254.35
TRD30000367,ORD20003848,C100099,AXISBANK,NSE,BUY,CNC,1,54,1169.5,2026-09-08 14:27:18.084,123246020523,63153.0
TRD30000368,ORD20002190,C100038,BHARTIARTL,BSE,BUY,MIS,1,5,1416.65,2026-09-08 14:28:35.766,777698297887,7083.25
TRD30000369,ORD20000057,C100019,HDFCBANK,NSE,SELL,MIS,1,36,1627.8,2026-09-08 14:30:26.715,733240260700,58600.8
TRD30000370,ORD20002276,C100076,SBIN,NSE,SELL,MIS,1,34,800.9,2026-09-08 14:41:31.550,235138033775,27230.6
TRD30000371,ORD20002794,C100018,BHARTIARTL,NSE,SELL,MIS,1,5,1379.95,2026-09-08 14:42:29.562,407753135424,6899.75
TRD30000372,ORD20002794,C100018,BHARTIARTL,NSE,SELL,MIS,2,4,1379.95,2026-09-08 14:42:30.357,475502111855,5519.8
TRD30000373,ORD20003143,C100134,MARUTI,NSE,BUY,MIS,1,1,12083.3,2026-09-08 14:42:56.689,135039754355,12083.3
TRD30000374,ORD20003143,C100134,MARUTI,NSE,BUY,MIS,2,1,12092.55,2026-09-08 14:42:59.000,442947063613,12092.55
TRD30000375,ORD20003143,C100134,MARUTI,NSE,BUY,MIS,3,2,12075.1,2026-09-08 14:43:01.284,184535089805,24150.2
TRD30000376,ORD20000367,C100035,HDFCBANK,NSE,BUY,CNC,1,1,1623.95,2026-09-08 14:43:33.135,994051570609,1623.95
TRD30000377,ORD20000367,C100035,HDFCBANK,NSE,BUY,CNC,2,3,1623.85,2026-09-08 14:43:34.869,983513025207,4871.55
TRD30000378,ORD20001970,C100024,NTPC,NSE,BUY,MIS,1,90,356.35,2026-09-08 14:46:11.849,609911415948,32071.5
TRD30000379,ORD20003037,C100082,BHARTIARTL,NSE,SELL,CNC,1,1,1325.35,2026-09-08 14:50:29.227,531425986403,1325.35
TRD30000380,ORD20003037,C100082,BHARTIARTL,NSE,SELL,CNC,2,1,1324.5,2026-09-08 14:50:32.879,969414716812,1324.5
TRD30000381,ORD20004842,C100062,HINDUNILVR,NSE,SELL,CNC,1,4,2337.1,2026-09-08 14:55:02.293,700699158727,9348.4
TRD30000382,ORD20004842,C100062,HINDUNILVR,NSE,SELL,CNC,2,7,2337.1,2026-09-08 14:55:05.114,219093732440,16359.7
TRD30000383,ORD20000689,C100100,HINDUNILVR,NSE,BUY,CNC,1,40,2425.75,2026-09-08 14:58:49.642,291055818027,97030.0
TRD30000384,ORD20004287,C100149,ITC,NSE,SELL,MIS,1,2,455.45,2026-09-08 15:03:19.298,689924506323,910.9
TRD30000385,ORD20004287,C100149,ITC,NSE,SELL,MIS,2,8,455.45,2026-09-08 15:03:22.722,953008111382,3643.6
TRD30000386,ORD20004287,C100149,ITC,NSE,SELL,MIS,3,8,455.45,2026-09-08 15:03:23.540,399158222827,3643.6
TRD30000387,ORD20001166,C100146,NTPC,NSE,BUY,CNC,1,77,359.45,2026-09-08 15:04:46.095,205293732214,27677.65
TRD30000388,ORD20000173,C100155,KOTAKBANK,NSE,BUY,MIS,1,5,1804.45,2026-09-08 15:05:15.063,783135909644,9022.25
TRD30000389,ORD20000173,C100155,KOTAKBANK,NSE,BUY,MIS,2,3,1804.05,2026-09-08 15:05:18.729,284936099412,5412.15
TRD30000390,ORD20000173,C100155,KOTAKBANK,NSE,BUY,MIS,3,21,1804.55,2026-09-08 15:05:21.828,186692438415,37895.55
TRD30000391,ORD20002774,C100103,INFY,NSE,SELL,MIS,1,3,1621.4,2026-09-08 15:05:43.812,720839142977,4864.2
TRD30000392,ORD20002774,C100103,INFY,NSE,SELL,MIS,2,7,1621.4,2026-09-08 15:05:45.270,591621826328,11349.8
TRD30000393,ORD20004014,C100065,HDFCBANK,NSE,SELL,MIS,1,2,1746.25,2026-09-08 15:08:56.621,495502455921,3492.5
TRD30000394,ORD20004014,C100065,HDFCBANK,NSE,SELL,MIS,2,2,1746.25,2026-09-08 15:08:59.414,148036003809,3492.5
TRD30000395,ORD20004014,C100065,HDFCBANK,NSE,SELL,MIS,3,1,1746.25,2026-09-08 15:08:59.836,111750403454,1746.25
TRD30000396,ORD20001814,C100048,TATAMOTORS,NSE,BUY,CNC,1,2,940.65,2026-09-08 15:09:46.737,474955185055,1881.3
TRD30000397,ORD20001814,C100048,TATAMOTORS,NSE,BUY,CNC,2,3,940.0,2026-09-08 15:09:48.647,642323228867,2820.0
TRD30000398,ORD20004076,C100006,TATAMOTORS,NSE,SELL,MIS,1,37,959.75,2026-09-08 15:12:41.382,889107136423,35510.75
TRD30000399,ORD20004076,C100006,TATAMOTORS,NSE,SELL,MIS,2,84,959.75,2026-09-08 15:12:41.536,637054054383,80619.0
TRD30000400,ORD20001110,C100178,HINDUNILVR,NSE,BUY,MIS,1,29,2278.15,2026-09-08 15:13:25.206,538678254202,66066.35
TRD30000401,ORD20002805,C100072,ASIANPAINT,NSE,BUY,MIS,1,9,2770.85,2026-09-08 15:17:24.715,258292159168,24937.65
TRD30000402,ORD20002805,C100072,ASIANPAINT,NSE,BUY,MIS,2,3,2770.85,2026-09-08 15:17:25.413,241688075319,8312.55
TRD30000403,ORD20001139,C100035,HINDUNILVR,NSE,SELL,MIS,1,49,2281.45,2026-09-08 15:18:35.327,650192362943,111791.05
TRD30000404,ORD20001139,C100035,HINDUNILVR,NSE,SELL,MIS,2,2,2281.45,2026-09-08 15:18:35.614,419366533494,4562.9
TRD30000405,ORD20004787,C100194,SBIN,NSE,SELL,MIS,1,43,765.0,2026-09-08 15:21:58.234,240220860064,32895.0
TRD30000406,ORD20001118,C100161,HDFCBANK,NSE,BUY,CNC,1,1,1721.1,2026-09-08 15:23:32.028,458536162478,1721.1
TRD30000407,ORD20001118,C100161,HDFCBANK,NSE,BUY,CNC,2,2,1719.7,2026-09-08 15:23:34.585,762297006307,3439.4
TRD30000408,ORD20001283,C100048,AXISBANK,NSE,SELL,CNC,1,3,1116.2,2026-09-09 09:17:15.901,170075462763,3348.6
TRD30000409,ORD20001283,C100048,AXISBANK,NSE,SELL,CNC,2,3,1116.3,2026-09-09 09:17:19.034,219722456290,3348.9
TRD30000410,ORD20004796,C100129,ITC,NSE,SELL,MIS,1,16,452.25,2026-09-09 09:18:03.153,626798666178,7236.0
TRD30000411,ORD20004269,C100165,HINDUNILVR,NSE,SELL,MIS,1,4,2538.75,2026-09-09 09:18:44.408,595381359415,10155.0
TRD30000412,ORD20004269,C100165,HINDUNILVR,NSE,SELL,MIS,2,8,2538.75,2026-09-09 09:18:47.006,239165590588,20310.0
TRD30000413,ORD20002941,C100138,AXISBANK,NSE,BUY,CNC,1,1,1143.75,2026-09-09 09:21:29.802,641427273034,1143.75
TRD30000414,ORD20002941,C100138,AXISBANK,NSE,BUY,CNC,2,1,1143.75,2026-09-09 09:21:33.630,669016884405,1143.75
TRD30000415,ORD20000268,C100187,ICICIBANK,BSE,SELL,MIS,1,1,1211.8,2026-09-09 09:21:58.645,174679356926,1211.8
TRD30000416,ORD20000268,C100187,ICICIBANK,BSE,SELL,MIS,2,1,1211.8,2026-09-09 09:22:02.303,753102468669,1211.8
TRD30000417,ORD20000268,C100187,ICICIBANK,BSE,SELL,MIS,3,7,1211.8,2026-09-09 09:22:03.925,201312644718,8482.6
TRD30000418,ORD20001601,C100153,ONGC,NSE,BUY,MIS,1,18,262.55,2026-09-09 09:22:05.647,782563164469,4725.9
TRD30000419,ORD20003356,C100079,NTPC,NSE,BUY,MIS,1,2,367.05,2026-09-09 09:22:51.915,317512889895,734.1
TRD30000420,ORD20003356,C100079,NTPC,NSE,BUY,MIS,2,2,366.9,2026-09-09 09:22:55.691,302836761415,733.8
TRD30000421,ORD20003356,C100079,NTPC,NSE,BUY,MIS,3,9,367.05,2026-09-09 09:22:56.252,703045342465,3303.45
TRD30000422,ORD20001032,C100069,ITC,NSE,BUY,MIS,1,191,449.65,2026-09-09 09:24:11.696,696001944316,85883.15
TRD30000423,ORD20001032,C100069,ITC,NSE,BUY,MIS,2,60,449.4,2026-09-09 09:24:13.455,343027841762,26964.0
TRD30000424,ORD20000529,C100192,BHARTIARTL,NSE,BUY,CNC,1,2,1399.05,2026-09-09 09:25:29.136,969020447062,2798.1
TRD30000425,ORD20000529,C100192,BHARTIARTL,NSE,BUY,CNC,2,20,1398.8,2026-09-09 09:25:31.317,449478087944,27976.0
TRD30000426,ORD20000529,C100192,BHARTIARTL,NSE,BUY,CNC,3,3,1398.3,2026-09-09 09:25:34.389,464443468636,4194.9
TRD30000427,ORD20003387,C100141,TITAN,NSE,SELL,CNC,1,1,3336.75,2026-09-09 09:26:04.423,280556408230,3336.75
TRD30000428,ORD20000660,C100107,MARUTI,NSE,BUY,MIS,1,1,11983.75,2026-09-09 09:28:19.916,152305574661,11983.75
TRD30000429,ORD20003133,C100184,ASIANPAINT,NSE,BUY,CNC,1,8,2986.9,2026-09-09 09:29:02.585,837329696158,23895.2
TRD30000430,ORD20003133,C100184,ASIANPAINT,NSE,BUY,CNC,2,2,2986.9,2026-09-09 09:29:04.748,401101239446,5973.8
TRD30000431,ORD20003759,C100162,TITAN,NSE,BUY,CNC,1,1,3273.1,2026-09-09 09:33:25.981,541263455712,3273.1
TRD30000432,ORD20003759,C100162,TITAN,NSE,BUY,CNC,2,1,3273.1,2026-09-09 09:33:28.062,805680757145,3273.1
TRD30000433,ORD20001860,C100089,AXISBANK,NSE,BUY,MIS,1,1,1207.15,2026-09-09 09:34:48.555,196529927834,1207.15
TRD30000434,ORD20001860,C100089,AXISBANK,NSE,BUY,MIS,2,1,1207.15,2026-09-09 09:34:50.261,656320950093,1207.15
TRD30000435,ORD20004358,C100121,ASIANPAINT,NSE,SELL,MIS,1,1,2630.15,2026-09-09 09:36:56.114,426950240232,2630.15
TRD30000436,ORD20004358,C100121,ASIANPAINT,NSE,SELL,MIS,2,1,2630.15,2026-09-09 09:36:57.369,851752561280,2630.15
TRD30000437,ORD20000663,C100025,INFY,NSE,SELL,MIS,1,70,1582.15,2026-09-09 09:37:54.151,450175696167,110750.5
TRD30000438,ORD20002839,C100183,TATAMOTORS,NSE,SELL,CNC,1,28,982.7,2026-09-09 09:39:08.341,958382279154,27515.6
TRD30000439,ORD20002839,C100183,TATAMOTORS,NSE,SELL,CNC,2,9,984.1,2026-09-09 09:39:10.578,436168426731,8856.9
TRD30000440,ORD20000121,C100193,HINDUNILVR,NSE,BUY,MIS,1,7,2392.85,2026-09-09 09:41:42.858,128378452165,16749.95
TRD30000441,ORD20000121,C100193,HINDUNILVR,NSE,BUY,MIS,2,7,2392.85,2026-09-09 09:41:43.599,592525155554,16749.95
TRD30000442,ORD20000121,C100193,HINDUNILVR,NSE,BUY,MIS,3,2,2392.85,2026-09-09 09:41:46.568,216408830462,4785.7
TRD30000443,ORD20002679,C100170,ITC,NSE,BUY,CNC,1,5,464.55,2026-09-09 09:43:09.690,225245794481,2322.75
TRD30000444,ORD20002679,C100170,ITC,NSE,BUY,CNC,2,11,464.55,2026-09-09 09:43:10.947,533711184470,5110.05
TRD30000445,ORD20002098,C100068,NTPC,NSE,BUY,CNC,1,63,352.9,2026-09-09 09:46:37.391,358620120442,22232.7
TRD30000446,ORD20002098,C100068,NTPC,NSE,BUY,CNC,2,353,352.9,2026-09-09 09:46:39.964,588867969313,124573.7
TRD30000447,ORD20004816,C100171,KOTAKBANK,NSE,BUY,MIS,1,28,1818.0,2026-09-09 09:48:02.387,693395328588,50904.0
TRD30000448,ORD20004816,C100171,KOTAKBANK,NSE,BUY,MIS,2,2,1817.35,2026-09-09 09:48:03.559,910052591067,3634.7
TRD30000449,ORD20004816,C100171,KOTAKBANK,NSE,BUY,MIS,3,13,1821.15,2026-09-09 09:48:06.844,358687752797,23674.95
TRD30000450,ORD20004119,C100166,HINDUNILVR,NSE,SELL,MIS,1,2,2522.35,2026-09-09 09:50:20.985,559541963931,5044.7
TRD30000451,ORD20004119,C100166,HINDUNILVR,NSE,SELL,MIS,2,1,2523.35,2026-09-09 09:50:23.934,785108867678,2523.35
TRD30000452,ORD20004119,C100166,HINDUNILVR,NSE,SELL,MIS,3,2,2518.3,2026-09-09 09:50:25.871,624473693860,5036.6
TRD30000453,ORD20003730,C100046,BHARTIARTL,NSE,SELL,MIS,1,3,1380.6,2026-09-09 09:52:24.797,424966120215,4141.8
TRD30000454,ORD20003730,C100046,BHARTIARTL,NSE,SELL,MIS,2,2,1380.6,2026-09-09 09:52:25.662,177515919148,2761.2
TRD30000455,ORD20003730,C100046,BHARTIARTL,NSE,SELL,MIS,3,1,1380.6,2026-09-09 09:52:25.946,271006824321,1380.6
TRD30000456,ORD20002260,C100007,SBIN,NSE,BUY,MIS,1,10,804.45,2026-09-09 09:53:23.905,133154962164,8044.5
TRD30000457,ORD20003710,C100115,HINDUNILVR,NSE,BUY,MIS,1,3,2419.75,2026-09-09 09:53:44.391,653203454915,7259.25
TRD30000458,ORD20003710,C100115,HINDUNILVR,NSE,BUY,MIS,2,5,2419.75,2026-09-09 09:53:47.300,555303404953,12098.75
TRD30000459,ORD20003710,C100115,HINDUNILVR,NSE,BUY,MIS,3,22,2419.75,2026-09-09 09:53:47.533,369505231403,53234.5
TRD30000460,ORD20002789,C100036,AXISBANK,NSE,BUY,MIS,1,20,1180.4,2026-09-09 09:56:42.885,954673681462,23608.0
TRD30000461,ORD20000021,C100056,ICICIBANK,NSE,BUY,CNC,1,1,1182.55,2026-09-09 09:57:35.638,550997554321,1182.55
TRD30000462,ORD20000021,C100056,ICICIBANK,NSE,BUY,CNC,2,11,1182.55,2026-09-09 09:57:36.403,990844503533,13008.05
TRD30000463,ORD20000645,C100183,BHARTIARTL,NSE,SELL,CNC,1,79,1384.1,2026-09-09 09:57:47.234,430964425481,109343.9
TRD30000464,ORD20000970,C100133,ITC,NSE,SELL,CNC,1,3,455.1,2026-09-09 09:59:30.570,660110486281,1365.3
TRD30000465,ORD20000970,C100133,ITC,NSE,SELL,CNC,2,1,455.2,2026-09-09 09:59:33.992,379022978364,455.2
TRD30000466,ORD20000970,C100133,ITC,NSE,SELL,CNC,3,10,455.15,2026-09-09 09:59:35.702,938946296685,4551.5
TRD30000467,ORD20000301,C100129,INFY,NSE,SELL,CNC,1,1,1521.6,2026-09-09 10:05:54.536,331028195938,1521.6
TRD30000468,ORD20000301,C100129,INFY,NSE,SELL,CNC,2,4,1523.4,2026-09-09 10:05:56.973,276679343326,6093.6
TRD30000469,ORD20004122,C100099,HDFCBANK,NSE,BUY,MIS,1,3,1688.6,2026-09-09 10:07:42.612,673111515664,5065.8
TRD30000470,ORD20000071,C100174,INFY,NSE,BUY,CNC,1,17,1599.3,2026-09-09 10:09:04.157,393016877152,27188.1
TRD30000471,ORD20001378,C100126,BHARTIARTL,NSE,BUY,MIS,1,1,1384.3,2026-09-09 10:10:57.052,884800821790,1384.3
TRD30000472,ORD20001378,C100126,BHARTIARTL,NSE,BUY,MIS,2,1,1384.3,2026-09-09 10:10:59.650,209357716927,1384.3
TRD30000473,ORD20001990,C100166,ICICIBANK,NSE,SELL,MIS,1,53,1152.9,2026-09-09 10:13:03.577,155154090097,61103.7
TRD30000474,ORD20001990,C100166,ICICIBANK,NSE,SELL,MIS,2,16,1151.45,2026-09-09 10:13:04.009,124672248193,18423.2
TRD30000475,ORD20002430,C100047,MARUTI,BSE,BUY,CNC,1,1,12136.0,2026-09-09 10:19:04.706,373011933272,12136.0
TRD30000476,ORD20004295,C100099,AXISBANK,NSE,SELL,MIS,1,6,1227.5,2026-09-09 10:22:31.996,825455664701,7365.0
TRD30000478,ORD20003371,C100171,MARUTI,NSE,SELL,CNC,1,1,12024.55,2026-09-09 10:22:32.931,912959406637,12024.55
TRD30000477,ORD20004295,C100099,AXISBANK,NSE,SELL,MIS,2,18,1227.25,2026-09-09 10:22:34.477,929967188968,22090.5
TRD30000479,ORD20002275,C100188,BHARTIARTL,NSE,SELL,MIS,1,1,1396.9,2026-09-09 10:23:11.351,938175919547,1396.9
TRD30000480,ORD20002275,C100188,BHARTIARTL,NSE,SELL,MIS,2,1,1397.05,2026-09-09 10:23:14.830,368835677252,1397.05
TRD30000481,ORD20002275,C100188,BHARTIARTL,NSE,SELL,MIS,3,2,1395.75,2026-09-09 10:23:17.635,597046768485,2791.5
TRD30000482,ORD20002009,C100172,SBIN,NSE,BUY,CNC,1,15,843.35,2026-09-09 10:26:55.371,415482194304,12650.25
TRD30000483,ORD20002009,C100172,SBIN,NSE,BUY,CNC,2,69,843.6,2026-09-09 10:26:56.801,735156041033,58208.4
TRD30000484,ORD20002009,C100172,SBIN,NSE,BUY,CNC,3,2,842.75,2026-09-09 10:26:59.626,917898026241,1685.5
TRD30000485,ORD20003726,C100169,TATAMOTORS,BSE,BUY,CNC,1,55,986.25,2026-09-09 10:27:14.372,248363965685,54243.75
TRD30000486,ORD20000219,C100123,NTPC,NSE,BUY,CNC,1,35,370.9,2026-09-09 10:30:40.818,533584476025,12981.5
TRD30000487,ORD20000219,C100123,NTPC,NSE,BUY,CNC,2,14,370.9,2026-09-09 10:30:43.974,503887544730,5192.6
TRD30000488,ORD20003276,C100034,HINDUNILVR,NSE,SELL,CNC,1,13,2455.7,2026-09-09 10:32:51.557,916990952267,31924.1
TRD30000489,ORD20003346,C100175,HDFCBANK,NSE,BUY,MIS,1,27,1682.35,2026-09-09 10:37:13.782,897276108416,45423.45
TRD30000490,ORD20003346,C100175,HDFCBANK,NSE,BUY,MIS,2,4,1681.4,2026-09-09 10:37:15.892,875114881509,6725.6
TRD30000491,ORD20001484,C100101,MARUTI,NSE,BUY,MIS,1,1,11853.75,2026-09-09 10:38:24.943,771372638165,11853.75
TRD30000492,ORD20002043,C100177,AXISBANK,NSE,SELL,MIS,1,33,1120.05,2026-09-09 10:40:23.376,925331494278,36961.65
TRD30000493,ORD20001850,C100005,ITC,NSE,BUY,MIS,1,58,461.5,2026-09-09 10:42:29.391,997264892262,26767.0
TRD30000494,ORD20001850,C100005,ITC,NSE,BUY,MIS,2,2,461.5,2026-09-09 10:42:32.868,217167829695,923.0
TRD30000495,ORD20001850,C100005,ITC,NSE,BUY,MIS,3,7,461.5,2026-09-09 10:42:36.736,920640252563,3230.5
TRD30000496,ORD20000485,C100121,ONGC,NSE,BUY,MIS,1,12,274.3,2026-09-09 10:43:25.167,597066059938,3291.6
TRD30000497,ORD20000485,C100121,ONGC,NSE,BUY,MIS,2,2,274.3,2026-09-09 10:43:27.263,341849821483,548.6
TRD30000498,ORD20002975,C100147,HDFCBANK,NSE,BUY,CNC,1,3,1628.25,2026-09-09 10:44:37.471,612335681236,4884.75
TRD30000499,ORD20004580,C100103,MARUTI,BSE,SELL,CNC,1,1,12125.5,2026-09-09 10:46:55.270,546626060391,12125.5
TRD30000500,ORD20004123,C100181,RELIANCE,NSE,SELL,MIS,1,4,2898.1,2026-09-09 10:48:46.892,586825132010,11592.4
TRD30000501,ORD20004123,C100181,RELIANCE,NSE,SELL,MIS,2,1,2898.85,2026-09-09 10:48:49.726,435011806490,2898.85
TRD30000502,ORD20004123,C100181,RELIANCE,NSE,SELL,MIS,3,4,2898.95,2026-09-09 10:48:52.393,681422447601,11595.8
TRD30000503,ORD20004655,C100115,TATAMOTORS,NSE,SELL,MIS,1,6,961.7,2026-09-09 10:48:55.175,709463580444,5770.2
TRD30000504,ORD20004655,C100115,TATAMOTORS,NSE,SELL,MIS,2,2,961.7,2026-09-09 10:48:58.428,155695176576,1923.4
TRD30000505,ORD20004655,C100115,TATAMOTORS,NSE,SELL,MIS,3,2,961.7,2026-09-09 10:49:02.263,793271603834,1923.4
TRD30000506,ORD20004461,C100061,ITC,NSE,BUY,MIS,1,204,455.5,2026-09-09 10:54:38.590,590526231448,92922.0
TRD30000507,ORD20004171,C100175,ICICIBANK,NSE,BUY,CNC,1,1,1187.55,2026-09-09 10:55:00.007,886650328899,1187.55
TRD30000508,ORD20004171,C100175,ICICIBANK,NSE,BUY,CNC,2,2,1187.55,2026-09-09 10:55:01.022,685745375598,2375.1
TRD30000509,ORD20004171,C100175,ICICIBANK,NSE,BUY,CNC,3,1,1187.55,2026-09-09 10:55:03.015,994251820932,1187.55
TRD30000510,ORD20003157,C100199,ONGC,NSE,SELL,MIS,1,30,266.45,2026-09-09 10:55:20.027,768088434515,7993.5
TRD30000511,ORD20003157,C100199,ONGC,NSE,SELL,MIS,2,197,266.3,2026-09-09 10:55:21.548,498302387027,52461.1
TRD30000512,ORD20003157,C100199,ONGC,NSE,SELL,MIS,3,43,266.3,2026-09-09 10:55:23.577,314913700277,11450.9
TRD30000513,ORD20003164,C100120,RELIANCE,NSE,SELL,CNC,1,2,2685.55,2026-09-09 10:55:42.950,669765425568,5371.1
TRD30000514,ORD20003164,C100120,RELIANCE,NSE,SELL,CNC,2,3,2687.85,2026-09-09 10:55:46.081,547609870966,8063.55
TRD30000515,ORD20003164,C100120,RELIANCE,NSE,SELL,CNC,3,3,2687.15,2026-09-09 10:55:46.848,489023170462,8061.45
TRD30000516,ORD20003632,C100156,INFY,NSE,BUY,CNC,1,1,1683.8,2026-09-09 11:00:40.850,845553639528,1683.8
TRD30000517,ORD20003632,C100156,INFY,NSE,BUY,CNC,2,1,1683.8,2026-09-09 11:00:41.984,925538581328,1683.8
TRD30000518,ORD20003632,C100156,INFY,NSE,BUY,CNC,3,1,1683.8,2026-09-09 11:00:43.205,511291934847,1683.8
TRD30000519,ORD20001265,C100034,HINDUNILVR,BSE,BUY,CNC,1,8,2307.5,2026-09-09 11:01:30.486,127847028871,18460.0
TRD30000520,ORD20003412,C100136,ITC,NSE,SELL,CNC,1,130,447.05,2026-09-09 11:02:23.185,891252441633,58116.5
TRD30000521,ORD20001397,C100056,KOTAKBANK,NSE,BUY,MIS,1,2,1828.6,2026-09-09 11:02:48.950,139197697831,3657.2
TRD30000522,ORD20001397,C100056,KOTAKBANK,NSE,BUY,MIS,2,5,1830.85,2026-09-09 11:02:52.517,504347279906,9154.25
TRD30000523,ORD20001888,C100098,HINDUNILVR,NSE,BUY,CNC,1,17,2356.45,2026-09-09 11:03:22.962,398620639053,40059.65
TRD30000524,ORD20003819,C100110,TITAN,NSE,BUY,MIS,1,36,3241.6,2026-09-09 11:04:09.038,424826080865,116697.6
TRD30000525,ORD20000462,C100128,ASIANPAINT,NSE,SELL,CNC,1,1,2817.1,2026-09-09 11:06:39.445,675560928664,2817.1
TRD30000526,ORD20000157,C100140,HDFCBANK,NSE,BUY,CNC,1,5,1657.3,2026-09-09 11:06:54.053,870137720580,8286.5
TRD30000527,ORD20000157,C100140,HDFCBANK,NSE,BUY,CNC,2,14,1657.3,2026-09-09 11:06:57.410,748037738408,23202.2
TRD30000528,ORD20001088,C100105,ONGC,NSE,BUY,CNC,1,100,267.2,2026-09-09 11:08:39.935,492104839100,26720.0
TRD30000529,ORD20001088,C100105,ONGC,NSE,BUY,CNC,2,296,267.4,2026-09-09 11:08:41.488,794050172634,79150.4
TRD30000530,ORD20001088,C100105,ONGC,NSE,BUY,CNC,3,114,267.0,2026-09-09 11:08:45.412,681602799383,30438.0
TRD30000531,ORD20001383,C100084,ITC,NSE,BUY,CNC,1,4,462.6,2026-09-09 11:09:41.567,541971868248,1850.4
TRD30000532,ORD20001383,C100084,ITC,NSE,BUY,CNC,2,1,461.65,2026-09-09 11:09:41.631,400689297966,461.65
TRD30000533,ORD20001383,C100084,ITC,NSE,BUY,CNC,3,7,462.25,2026-09-09 11:09:43.999,538931466332,3235.75
TRD30000534,ORD20001254,C100144,NTPC,NSE,SELL,CNC,1,37,367.8,2026-09-09 11:11:19.005,807829676413,13608.6
TRD30000535,ORD20000685,C100023,NTPC,NSE,SELL,CNC,1,7,346.6,2026-09-09 11:14:15.270,717022743905,2426.2
TRD30000536,ORD20004367,C100086,TCS,NSE,BUY,CNC,1,12,3677.4,2026-09-09 11:14:41.954,827271608422,44128.8
TRD30000537,ORD20004367,C100086,TCS,NSE,BUY,CNC,2,12,3677.4,2026-09-09 11:14:45.115,986214040290,44128.8
TRD30000539,ORD20004512,C100062,ITC,NSE,BUY,CNC,1,21,446.75,2026-09-09 11:14:47.226,926822165330,9381.75
TRD30000538,ORD20004367,C100086,TCS,NSE,BUY,CNC,3,10,3677.4,2026-09-09 11:14:47.951,973381310640,36774.0
TRD30000540,ORD20002918,C100001,AXISBANK,NSE,SELL,MIS,1,1,1149.85,2026-09-09 11:16:44.298,778950720309,1149.85
TRD30000541,ORD20002918,C100001,AXISBANK,NSE,SELL,MIS,2,1,1149.85,2026-09-09 11:16:45.633,993909829643,1149.85
TRD30000542,ORD20003625,C100037,HDFCBANK,NSE,BUY,MIS,1,23,1646.7,2026-09-09 11:17:08.790,527383798389,37874.1
TRD30000543,ORD20004258,C100100,HDFCBANK,NSE,BUY,MIS,1,23,1583.8,2026-09-09 11:17:32.747,229076263663,36427.4
TRD30000544,ORD20004258,C100100,HDFCBANK,NSE,BUY,MIS,2,8,1583.8,2026-09-09 11:17:34.427,826518785591,12670.4
TRD30000545,ORD20004893,C100069,HINDUNILVR,NSE,BUY,CNC,1,8,2365.7,2026-09-09 11:19:03.367,255763487967,18925.6
TRD30000546,ORD20004893,C100069,HINDUNILVR,NSE,BUY,CNC,2,6,2368.25,2026-09-09 11:19:05.298,561717548449,14209.5
TRD30000547,ORD20004871,C100015,NTPC,NSE,SELL,CNC,1,14,363.4,2026-09-09 11:20:15.738,911434222609,5087.6
TRD30000548,ORD20004871,C100015,NTPC,NSE,SELL,CNC,2,2,363.4,2026-09-09 11:20:16.291,806052670915,726.8
TRD30000549,ORD20001428,C100030,TCS,NSE,BUY,CNC,1,2,3908.25,2026-09-09 11:22:04.612,384127783085,7816.5
TRD30000550,ORD20004274,C100058,KOTAKBANK,NSE,BUY,CNC,1,1,1794.4,2026-09-09 11:24:15.911,310127065757,1794.4
TRD30000551,ORD20004274,C100058,KOTAKBANK,NSE,BUY,CNC,2,1,1793.35,2026-09-09 11:24:18.692,647619953084,1793.35
TRD30000552,ORD20004274,C100058,KOTAKBANK,NSE,BUY,CNC,3,1,1792.6,2026-09-09 11:24:19.337,780672495350,1792.6
TRD30000553,ORD20001803,C100050,HINDUNILVR,NSE,BUY,MIS,1,1,2541.0,2026-09-09 11:32:06.536,788008128416,2541.0
TRD30000554,ORD20001802,C100108,MARUTI,NSE,SELL,CNC,1,1,11554.8,2026-09-09 11:36:47.528,789336918963,11554.8
TRD30000555,ORD20001802,C100108,MARUTI,NSE,SELL,CNC,2,1,11554.8,2026-09-09 11:36:47.815,102575289286,11554.8
TRD30000556,ORD20001802,C100108,MARUTI,NSE,SELL,CNC,3,1,11554.8,2026-09-09 11:36:50.950,730904980984,11554.8
TRD30000557,ORD20002280,C100188,NTPC,NSE,BUY,MIS,1,2,373.8,2026-09-09 11:39:15.297,691724905771,747.6
TRD30000558,ORD20002280,C100188,NTPC,NSE,BUY,MIS,2,7,373.55,2026-09-09 11:39:18.816,461114003355,2614.85
TRD30000559,ORD20004743,C100150,ICICIBANK,BSE,BUY,MIS,1,2,1165.7,2026-09-09 11:39:42.875,998760693016,2331.4
TRD30000560,ORD20004743,C100150,ICICIBANK,BSE,BUY,MIS,2,4,1165.7,2026-09-09 11:39:45.519,503968002525,4662.8
TRD30000561,ORD20002988,C100190,ITC,NSE,BUY,MIS,1,188,455.1,2026-09-09 11:39:51.198,163268973496,85558.8
TRD30000562,ORD20001981,C100165,HDFCBANK,NSE,SELL,CNC,1,2,1648.9,2026-09-09 11:42:14.333,153684158354,3297.8
TRD30000563,ORD20001186,C100009,MARUTI,NSE,SELL,CNC,1,4,11998.8,2026-09-09 11:43:38.725,483395007731,47995.2
TRD30000564,ORD20001186,C100009,MARUTI,NSE,SELL,CNC,2,1,11987.7,2026-09-09 11:43:41.138,654360470801,11987.7
TRD30000565,ORD20001405,C100196,HDFCBANK,NSE,BUY,MIS,1,9,1620.9,2026-09-09 11:46:13.431,999157906646,14588.1
TRD30000566,ORD20003721,C100183,ITC,BSE,SELL,MIS,1,139,463.3,2026-09-09 11:48:45.207,492000728527,64398.7
TRD30000567,ORD20001952,C100164,RELIANCE,NSE,BUY,MIS,1,1,2832.45,2026-09-09 11:48:55.592,616056660605,2832.45
TRD30000568,ORD20001952,C100164,RELIANCE,NSE,BUY,MIS,2,1,2831.1,2026-09-09 11:48:59.536,858858232745,2831.1
TRD30000569,ORD20002519,C100133,MARUTI,NSE,BUY,CNC,1,1,11871.3,2026-09-09 11:49:36.972,738771417996,11871.3
TRD30000570,ORD20003046,C100166,MARUTI,NSE,BUY,MIS,1,5,11764.9,2026-09-09 11:50:09.810,919946846554,58824.5
TRD30000571,ORD20003046,C100166,MARUTI,NSE,BUY,MIS,2,2,11764.9,2026-09-09 11:50:09.987,675455455550,23529.8
TRD30000572,ORD20003046,C100166,MARUTI,NSE,BUY,MIS,3,4,11764.9,2026-09-09 11:50:13.190,944131740189,47059.6
TRD30000573,ORD20004562,C100029,TATAMOTORS,NSE,BUY,MIS,1,3,912.6,2026-09-09 11:50:49.520,677018212729,2737.8
TRD30000574,ORD20001161,C100095,HDFCBANK,NSE,SELL,MIS,1,26,1642.15,2026-09-09 11:50:57.946,215240555111,42695.9
TRD30000578,ORD20003768,C100196,RELIANCE,NSE,BUY,CNC,1,1,2897.4,2026-09-09 11:51:07.159,367378535396,2897.4
TRD30000575,ORD20003829,C100020,HDFCBANK,BSE,BUY,MIS,1,1,1646.7,2026-09-09 11:51:07.391,409177243236,1646.7
TRD30000576,ORD20003829,C100020,HDFCBANK,BSE,BUY,MIS,2,2,1646.7,2026-09-09 11:51:07.776,517153921142,3293.4
TRD30000577,ORD20000246,C100034,BHARTIARTL,NSE,BUY,MIS,1,22,1395.5,2026-09-09 11:51:07.944,820810831839,30701.0
TRD30000579,ORD20004101,C100194,ITC,NSE,BUY,MIS,1,27,456.25,2026-09-09 11:51:16.757,543519839442,12318.75
TRD30000580,ORD20000152,C100193,HINDUNILVR,NSE,BUY,MIS,1,1,2508.4,2026-09-09 11:52:27.890,301796909509,2508.4
TRD30000581,ORD20001931,C100086,ITC,NSE,BUY,CNC,1,3,461.2,2026-09-09 11:54:14.288,436983836814,1383.6
TRD30000582,ORD20001931,C100086,ITC,NSE,BUY,CNC,2,16,461.1,2026-09-09 11:54:16.812,352181780248,7377.6
TRD30000583,ORD20003025,C100151,AXISBANK,NSE,SELL,CNC,1,28,1142.1,2026-09-09 11:56:43.374,945555220624,31978.8
TRD30000584,ORD20001273,C100146,TATAMOTORS,NSE,SELL,MIS,1,8,956.9,2026-09-09 11:57:55.343,913940764661,7655.2
TRD30000585,ORD20001273,C100146,TATAMOTORS,NSE,SELL,MIS,2,4,958.65,2026-09-09 11:57:56.361,757409050726,3834.6
TRD30000586,ORD20002639,C100079,ITC,NSE,SELL,CNC,1,16,436.7,2026-09-09 11:58:06.484,210319012241,6987.2
TRD30000587,ORD20002639,C100079,ITC,NSE,SELL,CNC,2,1,436.7,2026-09-09 11:58:06.563,948110437026,436.7
TRD30000588,ORD20001753,C100189,MARUTI,NSE,BUY,MIS,1,8,12744.95,2026-09-09 11:58:19.924,241064153954,101959.6
TRD30000589,ORD20004253,C100062,SBIN,NSE,BUY,CNC,1,18,756.0,2026-09-09 11:58:35.636,149072278780,13608.0
TRD30000590,ORD20004253,C100062,SBIN,NSE,BUY,CNC,2,28,756.0,2026-09-09 11:58:35.692,139747971410,21168.0
TRD30000591,ORD20004253,C100062,SBIN,NSE,BUY,CNC,3,2,756.0,2026-09-09 11:58:37.126,351930793708,1512.0
TRD30000592,ORD20002000,C100103,HINDUNILVR,NSE,BUY,MIS,1,1,2423.55,2026-09-09 12:03:37.553,244967043135,2423.55
TRD30000593,ORD20004688,C100118,MARUTI,NSE,SELL,CNC,1,2,11879.65,2026-09-09 12:04:39.781,253570427878,23759.3
TRD30000594,ORD20004688,C100118,MARUTI,NSE,SELL,CNC,2,2,11879.65,2026-09-09 12:04:42.511,355560772541,23759.3
TRD30000595,ORD20004688,C100118,MARUTI,NSE,SELL,CNC,3,1,11879.65,2026-09-09 12:04:46.350,893837057837,11879.65
TRD30000596,ORD20001664,C100153,HDFCBANK,NSE,SELL,MIS,1,34,1687.2,2026-09-09 12:06:25.918,914467838681,57364.8
TRD30000597,ORD20001003,C100188,HINDUNILVR,NSE,BUY,MIS,1,3,2400.9,2026-09-09 12:07:58.105,915583897029,7202.7
TRD30000598,ORD20001003,C100188,HINDUNILVR,NSE,BUY,MIS,2,4,2400.9,2026-09-09 12:07:59.885,804195316210,9603.6
TRD30000599,ORD20001003,C100188,HINDUNILVR,NSE,BUY,MIS,3,9,2400.9,2026-09-09 12:08:02.379,693725383059,21608.1
TRD30000600,ORD20001364,C100067,AXISBANK,NSE,SELL,CNC,1,1,1161.45,2026-09-09 12:08:20.993,630359626285,1161.45
TRD30000601,ORD20001364,C100067,AXISBANK,NSE,SELL,CNC,2,1,1161.45,2026-09-09 12:08:23.558,994460100542,1161.45
TRD30000602,ORD20002643,C100049,TATAMOTORS,NSE,SELL,CNC,1,37,963.05,2026-09-09 12:09:00.878,381062424532,35632.85
TRD30000603,ORD20001044,C100068,BHARTIARTL,NSE,SELL,MIS,1,1,1507.0,2026-09-09 12:09:17.885,760783630491,1507.0
TRD30000604,ORD20001044,C100068,BHARTIARTL,NSE,SELL,MIS,2,1,1507.0,2026-09-09 12:09:19.982,158452097504,1507.0
TRD30000605,ORD20002121,C100150,HINDUNILVR,NSE,SELL,MIS,1,17,2387.6,2026-09-09 12:11:24.611,179035321698,40589.2
TRD30000606,ORD20002121,C100150,HINDUNILVR,NSE,SELL,MIS,2,8,2385.5,2026-09-09 12:11:24.728,626568131987,19084.0
TRD30000607,ORD20003435,C100053,MARUTI,NSE,BUY,CNC,1,1,12740.8,2026-09-09 12:11:55.077,871368531567,12740.8
TRD30000608,ORD20004020,C100178,BHARTIARTL,NSE,BUY,CNC,1,3,1298.2,2026-09-09 12:12:26.797,911827725676,3894.6
TRD30000609,ORD20000650,C100014,WIPRO,NSE,SELL,MIS,1,4,472.3,2026-09-09 12:18:00.834,124785743591,1889.2
TRD30000610,ORD20000650,C100014,WIPRO,NSE,SELL,MIS,2,22,472.3,2026-09-09 12:18:03.314,355880429411,10390.6
TRD30000611,ORD20003427,C100099,ICICIBANK,NSE,SELL,MIS,1,9,1222.7,2026-09-09 12:18:37.105,869942813393,11004.3
TRD30000612,ORD20003427,C100099,ICICIBANK,NSE,SELL,MIS,2,12,1224.2,2026-09-09 12:18:39.458,595535730928,14690.4
TRD30000613,ORD20003427,C100099,ICICIBANK,NSE,SELL,MIS,3,2,1224.05,2026-09-09 12:18:41.628,249023215865,2448.1
TRD30000614,ORD20003661,C100142,ITC,NSE,SELL,CNC,1,16,444.75,2026-09-09 12:18:55.486,510903467874,7116.0
TRD30000615,ORD20003661,C100142,ITC,NSE,SELL,CNC,2,30,444.75,2026-09-09 12:18:55.700,810011378864,13342.5
TRD30000616,ORD20003661,C100142,ITC,NSE,SELL,CNC,3,6,444.75,2026-09-09 12:18:59.220,799433525556,2668.5
TRD30000617,ORD20002690,C100148,NTPC,NSE,SELL,CNC,1,29,362.55,2026-09-09 12:19:44.894,873068542815,10513.95
TRD30000618,ORD20002690,C100148,NTPC,NSE,SELL,CNC,2,66,362.55,2026-09-09 12:19:46.336,119319307830,23928.3
TRD30000619,ORD20002690,C100148,NTPC,NSE,SELL,CNC,3,7,362.55,2026-09-09 12:19:49.413,377672156849,2537.85
TRD30000620,ORD20004635,C100011,ITC,NSE,SELL,MIS,1,8,448.75,2026-09-09 12:20:28.631,372842920692,3590.0
TRD30000621,ORD20004635,C100011,ITC,NSE,SELL,MIS,2,21,449.35,2026-09-09 12:20:31.908,333128011648,9436.35
TRD30000622,ORD20004635,C100011,ITC,NSE,SELL,MIS,3,148,449.0,2026-09-09 12:20:35.342,492855301790,66452.0
TRD30000623,ORD20003117,C100076,TATAMOTORS,NSE,BUY,CNC,1,5,951.95,2026-09-09 12:25:51.889,473014396496,4759.75
TRD30000624,ORD20003117,C100076,TATAMOTORS,NSE,BUY,CNC,2,4,951.95,2026-09-09 12:25:55.724,459868956554,3807.8
TRD30000625,ORD20004507,C100199,AXISBANK,NSE,BUY,MIS,1,13,1158.15,2026-09-09 12:29:50.205,492340330247,15055.95
TRD30000626,ORD20004507,C100199,AXISBANK,NSE,BUY,MIS,2,3,1158.15,2026-09-09 12:29:53.468,380932926713,3474.45
TRD30000627,ORD20004507,C100199,AXISBANK,NSE,BUY,MIS,3,57,1158.15,2026-09-09 12:29:54.141,983049217033,66014.55
TRD30000628,ORD20000724,C100131,ONGC,NSE,SELL,CNC,1,1,270.15,2026-09-09 12:31:24.662,613506514182,270.15
TRD30000629,ORD20000724,C100131,ONGC,NSE,SELL,CNC,2,7,270.15,2026-09-09 12:31:25.975,517212610143,1891.05
TRD30000630,ORD20000724,C100131,ONGC,NSE,SELL,CNC,3,7,270.15,2026-09-09 12:31:26.758,315684916047,1891.05
TRD30000631,ORD20002986,C100070,MARUTI,NSE,SELL,CNC,1,1,12011.95,2026-09-09 12:35:42.257,329957471418,12011.95
TRD30000632,ORD20003413,C100183,AXISBANK,NSE,BUY,CNC,1,2,1150.2,2026-09-09 12:38:14.475,783378747617,2300.4
TRD30000633,ORD20003413,C100183,AXISBANK,NSE,BUY,CNC,2,1,1150.2,2026-09-09 12:38:17.255,473843978072,1150.2
TRD30000634,ORD20000587,C100082,ASIANPAINT,NSE,SELL,CNC,1,1,2847.8,2026-09-09 12:39:07.250,393069568876,2847.8
TRD30000635,ORD20004560,C100145,LT,NSE,BUY,MIS,1,1,3534.4,2026-09-09 12:39:28.367,267439021283,3534.4
TRD30000636,ORD20001334,C100037,HDFCBANK,NSE,BUY,CNC,1,4,1712.75,2026-09-09 12:39:57.006,994776813209,6851.0
TRD30000637,ORD20001334,C100037,HDFCBANK,NSE,BUY,CNC,2,1,1712.75,2026-09-09 12:40:00.465,425716244913,1712.75
TRD30000638,ORD20000981,C100090,NTPC,NSE,SELL,CNC,1,50,362.55,2026-09-09 12:41:54.319,273400993330,18127.5
TRD30000639,ORD20000881,C100052,MARUTI,NSE,SELL,MIS,1,3,11760.1,2026-09-09 12:43:56.677,763815617483,35280.3
TRD30000640,ORD20002245,C100044,HINDUNILVR,NSE,BUY,MIS,1,5,2286.55,2026-09-09 12:51:03.692,912740605011,11432.75
TRD30000641,ORD20002245,C100044,HINDUNILVR,NSE,BUY,MIS,2,25,2288.8,2026-09-09 12:51:06.762,780991530702,57220.0
TRD30000642,ORD20003910,C100191,TATAMOTORS,NSE,SELL,MIS,1,31,960.85,2026-09-09 12:51:57.500,435008620682,29786.35
TRD30000643,ORD20003910,C100191,TATAMOTORS,NSE,SELL,MIS,2,83,961.15,2026-09-09 12:52:00.671,759409261518,79775.45
TRD30000644,ORD20003255,C100036,ICICIBANK,NSE,SELL,CNC,1,77,1235.55,2026-09-09 12:52:33.198,387168469042,95137.35
TRD30000645,ORD20003255,C100036,ICICIBANK,NSE,SELL,CNC,2,2,1235.55,2026-09-09 12:52:33.719,538865146672,2471.1
TRD30000646,ORD20003249,C100064,KOTAKBANK,NSE,SELL,CNC,1,1,1794.15,2026-09-09 12:54:18.576,192133308872,1794.15
TRD30000647,ORD20003249,C100064,KOTAKBANK,NSE,SELL,CNC,2,7,1794.15,2026-09-09 12:54:19.482,356953159068,12559.05
TRD30000648,ORD20003288,C100099,ITC,NSE,SELL,CNC,1,8,438.55,2026-09-09 12:56:59.435,557391627322,3508.4
TRD30000649,ORD20004300,C100191,HINDUNILVR,NSE,SELL,MIS,1,17,2367.9,2026-09-09 12:57:43.954,166093680171,40254.3
TRD30000650,ORD20004300,C100191,HINDUNILVR,NSE,SELL,MIS,2,16,2367.9,2026-09-09 12:57:46.423,760548367329,37886.4
TRD30000651,ORD20002182,C100093,RELIANCE,NSE,SELL,MIS,1,2,2760.2,2026-09-09 13:00:14.444,471597631513,5520.4
TRD30000652,ORD20002182,C100093,RELIANCE,NSE,SELL,MIS,2,1,2761.8,2026-09-09 13:00:17.573,577101790581,2761.8
TRD30000653,ORD20002876,C100095,MARUTI,NSE,SELL,MIS,1,1,12380.8,2026-09-09 13:00:24.248,513613302464,12380.8
TRD30000654,ORD20003220,C100037,HINDUNILVR,NSE,SELL,MIS,1,42,2361.75,2026-09-09 13:00:44.396,739761664900,99193.5
TRD30000655,ORD20003695,C100057,RELIANCE,NSE,BUY,MIS,1,38,2942.45,2026-09-09 13:02:17.929,672530501932,111813.1
TRD30000656,ORD20002006,C100000,BHARTIARTL,NSE,SELL,MIS,1,1,1456.65,2026-09-09 13:02:30.738,734526493369,1456.65
TRD30000657,ORD20002006,C100000,BHARTIARTL,NSE,SELL,MIS,2,13,1457.25,2026-09-09 13:02:33.792,309051911034,18944.25
TRD30000658,ORD20003935,C100014,TATAMOTORS,NSE,BUY,CNC,1,10,906.2,2026-09-09 13:03:08.813,665049529072,9062.0
TRD30000659,ORD20002353,C100109,INFY,NSE,SELL,MIS,1,1,1717.6,2026-09-09 13:05:03.295,568896283075,1717.6
TRD30000660,ORD20002353,C100109,INFY,NSE,SELL,MIS,2,3,1717.6,2026-09-09 13:05:04.641,166929605246,5152.8
TRD30000661,ORD20002353,C100109,INFY,NSE,SELL,MIS,3,10,1717.6,2026-09-09 13:05:05.061,149980130522,17176.0
TRD30000662,ORD20001137,C100002,TATAMOTORS,NSE,SELL,MIS,1,60,998.6,2026-09-09 13:07:44.616,622879026572,59916.0
TRD30000663,ORD20001137,C100002,TATAMOTORS,NSE,SELL,MIS,2,83,998.6,2026-09-09 13:07:46.229,625643545188,82883.8
TRD30000664,ORD20001029,C100044,HINDUNILVR,NSE,SELL,MIS,1,1,2381.5,2026-09-09 13:11:53.614,795415862820,2381.5
TRD30000665,ORD20001029,C100044,HINDUNILVR,NSE,SELL,MIS,2,1,2381.5,2026-09-09 13:11:57.124,788452797514,2381.5
TRD30000666,ORD20002626,C100182,TCS,NSE,BUY,CNC,1,3,4119.85,2026-09-09 13:12:03.816,510109259544,12359.55
TRD30000667,ORD20004240,C100069,BHARTIARTL,NSE,SELL,MIS,1,4,1377.45,2026-09-09 13:13:03.459,485994884079,5509.8
TRD30000668,ORD20000307,C100127,INFY,NSE,SELL,MIS,1,12,1620.8,2026-09-09 13:14:40.873,449681018226,19449.6
TRD30000669,ORD20000307,C100127,INFY,NSE,SELL,MIS,2,2,1620.8,2026-09-09 13:14:43.059,948343987302,3241.6
TRD30000670,ORD20000307,C100127,INFY,NSE,SELL,MIS,3,3,1620.8,2026-09-09 13:14:45.754,720412711716,4862.4
TRD30000671,ORD20001795,C100107,NTPC,NSE,BUY,MIS,1,120,355.45,2026-09-09 13:14:55.814,414041447175,42654.0
TRD30000672,ORD20001795,C100107,NTPC,NSE,BUY,MIS,2,5,355.45,2026-09-09 13:14:59.757,732967607823,1777.25
TRD30000673,ORD20001795,C100107,NTPC,NSE,BUY,MIS,3,39,355.45,2026-09-09 13:15:00.094,586069226633,13862.55
TRD30000674,ORD20003794,C100143,ITC,NSE,BUY,MIS,1,7,428.1,2026-09-09 13:15:15.541,618234251009,2996.7
TRD30000675,ORD20003794,C100143,ITC,NSE,BUY,MIS,2,24,427.85,2026-09-09 13:15:19.273,923340003351,10268.4
TRD30000676,ORD20001773,C100007,HINDUNILVR,NSE,SELL,MIS,1,12,2449.6,2026-09-09 13:15:22.397,645777126527,29395.2
TRD30000677,ORD20001773,C100007,HINDUNILVR,NSE,SELL,MIS,2,6,2448.7,2026-09-09 13:15:23.165,915629202335,14692.2
TRD30000678,ORD20001773,C100007,HINDUNILVR,NSE,SELL,MIS,3,5,2449.0,2026-09-09 13:15:24.734,577053884341,12245.0
TRD30000679,ORD20004741,C100198,ASIANPAINT,NSE,SELL,MIS,1,4,2866.45,2026-09-09 13:18:53.809,789556413050,11465.8
TRD30000680,ORD20004741,C100198,ASIANPAINT,NSE,SELL,MIS,2,3,2866.45,2026-09-09 13:18:55.870,575244753008,8599.35
TRD30000681,ORD20004741,C100198,ASIANPAINT,NSE,SELL,MIS,3,4,2866.45,2026-09-09 13:18:59.698,608967319474,11465.8
TRD30000682,ORD20000705,C100135,HINDUNILVR,NSE,BUY,MIS,1,8,2356.4,2026-09-09 13:20:11.763,487187174485,18851.2
TRD30000683,ORD20000705,C100135,HINDUNILVR,NSE,BUY,MIS,2,3,2357.7,2026-09-09 13:20:13.819,691740690701,7073.1
TRD30000684,ORD20000705,C100135,HINDUNILVR,NSE,BUY,MIS,3,2,2362.05,2026-09-09 13:20:14.749,160928853556,4724.1
TRD30000685,ORD20001424,C100102,ICICIBANK,NSE,BUY,MIS,1,21,1135.5,2026-09-09 13:21:50.243,714965739391,23845.5
TRD30000686,ORD20001424,C100102,ICICIBANK,NSE,BUY,MIS,2,4,1135.6,2026-09-09 13:21:53.056,569809083156,4542.4
TRD30000687,ORD20000103,C100011,TATAMOTORS,NSE,SELL,CNC,1,2,951.15,2026-09-09 13:22:06.423,752394225058,1902.3
TRD30000688,ORD20000103,C100011,TATAMOTORS,NSE,SELL,CNC,2,20,949.2,2026-09-09 13:22:07.578,109499449655,18984.0
TRD30000689,ORD20004469,C100164,HINDUNILVR,NSE,BUY,CNC,1,2,2351.45,2026-09-09 13:23:09.653,362263097404,4702.9
TRD30000690,ORD20004469,C100164,HINDUNILVR,NSE,BUY,CNC,2,1,2351.45,2026-09-09 13:23:09.754,610319012040,2351.45
TRD30000691,ORD20001862,C100118,ITC,NSE,SELL,CNC,1,7,438.85,2026-09-09 13:25:21.525,517559368289,3071.95
TRD30000692,ORD20001862,C100118,ITC,NSE,SELL,CNC,2,17,439.0,2026-09-09 13:25:25.338,198361610810,7463.0
TRD30000693,ORD20001862,C100118,ITC,NSE,SELL,CNC,3,28,439.6,2026-09-09 13:25:26.207,148384870598,12308.8
TRD30000694,ORD20001332,C100054,HDFCBANK,NSE,BUY,MIS,1,54,1695.35,2026-09-09 13:25:48.215,463330082307,91548.9
TRD30000695,ORD20001445,C100084,KOTAKBANK,NSE,BUY,CNC,1,3,1702.7,2026-09-09 13:28:12.808,474643843908,5108.1
TRD30000696,ORD20004378,C100195,HINDUNILVR,NSE,SELL,MIS,1,11,2389.15,2026-09-09 13:28:29.332,441874866452,26280.65
TRD30000697,ORD20004378,C100195,HINDUNILVR,NSE,SELL,MIS,2,1,2389.15,2026-09-09 13:28:30.426,945288236315,2389.15
TRD30000698,ORD20004378,C100195,HINDUNILVR,NSE,SELL,MIS,3,9,2389.15,2026-09-09 13:28:32.055,285156153815,21502.35
TRD30000699,ORD20003487,C100063,ITC,NSE,BUY,MIS,1,123,468.25,2026-09-09 13:29:57.883,744012521605,57594.75
TRD30000700,ORD20003487,C100063,ITC,NSE,BUY,MIS,2,15,468.25,2026-09-09 13:29:58.762,263520584927,7023.75
TRD30000701,ORD20001074,C100016,ONGC,NSE,SELL,MIS,1,74,280.3,2026-09-09 13:30:13.852,140290432412,20742.2
TRD30000702,ORD20001074,C100016,ONGC,NSE,SELL,MIS,2,109,280.3,2026-09-09 13:30:14.378,659194201343,30552.7
TRD30000703,ORD20004329,C100099,NTPC,NSE,SELL,MIS,1,205,343.05,2026-09-09 13:30:46.749,858976731757,70325.25
TRD30000704,ORD20000946,C100092,BHARTIARTL,NSE,BUY,CNC,1,6,1409.6,2026-09-09 13:30:47.891,397158309000,8457.6
TRD30000705,ORD20000946,C100092,BHARTIARTL,NSE,BUY,CNC,2,12,1409.6,2026-09-09 13:30:48.912,588780069911,16915.2
TRD30000706,ORD20003786,C100003,AXISBANK,NSE,SELL,MIS,1,15,1108.45,2026-09-09 13:31:22.757,667286544397,16626.75
TRD30000707,ORD20003786,C100003,AXISBANK,NSE,SELL,MIS,2,53,1108.45,2026-09-09 13:31:24.679,701884656116,58747.85
TRD30000708,ORD20004531,C100049,INFY,NSE,BUY,MIS,1,70,1610.85,2026-09-09 13:32:07.041,643196678196,112759.5
TRD30000709,ORD20002197,C100199,ITC,NSE,BUY,MIS,1,57,452.15,2026-09-09 13:33:01.592,907180764557,25772.55
TRD30000710,ORD20002197,C100199,ITC,NSE,BUY,MIS,2,28,452.15,2026-09-09 13:33:04.838,264655649298,12660.2
TRD30000711,ORD20003472,C100017,HINDUNILVR,NSE,BUY,MIS,1,3,2246.2,2026-09-09 13:33:37.165,767325042128,6738.6
TRD30000712,ORD20002399,C100087,HDFCBANK,NSE,SELL,MIS,1,1,1654.25,2026-09-09 13:35:55.815,952208060136,1654.25
TRD30000713,ORD20002399,C100087,HDFCBANK,NSE,SELL,MIS,2,1,1655.55,2026-09-09 13:35:59.768,414628807255,1655.55
TRD30000714,ORD20003116,C100024,ICICIBANK,NSE,SELL,MIS,1,10,1165.9,2026-09-09 13:36:07.752,800446935509,11659.0
TRD30000715,ORD20003116,C100024,ICICIBANK,NSE,SELL,MIS,2,10,1165.9,2026-09-09 13:36:09.026,652572833596,11659.0
TRD30000716,ORD20004492,C100149,HINDUNILVR,NSE,BUY,MIS,1,6,2273.25,2026-09-09 13:37:19.063,348514029188,13639.5
TRD30000717,ORD20004492,C100149,HINDUNILVR,NSE,BUY,MIS,2,2,2273.25,2026-09-09 13:37:20.644,464308690877,4546.5
TRD30000718,ORD20003993,C100058,ICICIBANK,NSE,SELL,MIS,1,13,1168.15,2026-09-09 13:38:18.849,888868807661,15185.95
TRD30000719,ORD20003993,C100058,ICICIBANK,NSE,SELL,MIS,2,3,1167.65,2026-09-09 13:38:22.077,532784656546,3502.95
TRD30000720,ORD20003097,C100029,HINDUNILVR,NSE,BUY,MIS,1,1,2309.45,2026-09-09 13:40:40.792,363865509414,2309.45
TRD30000721,ORD20003097,C100029,HINDUNILVR,NSE,BUY,MIS,2,1,2309.45,2026-09-09 13:40:42.820,996847564719,2309.45
TRD30000722,ORD20003097,C100029,HINDUNILVR,NSE,BUY,MIS,3,2,2309.45,2026-09-09 13:40:43.655,371635911255,4618.9
TRD30000723,ORD20000426,C100107,RELIANCE,NSE,SELL,MIS,1,1,2924.05,2026-09-09 13:41:54.577,137941543431,2924.05
TRD30000724,ORD20000426,C100107,RELIANCE,NSE,SELL,MIS,2,1,2924.05,2026-09-09 13:41:57.420,279364743995,2924.05
TRD30000725,ORD20000297,C100012,RELIANCE,NSE,SELL,CNC,1,1,2938.25,2026-09-09 13:41:59.340,969761720121,2938.25
TRD30000726,ORD20004483,C100144,HINDUNILVR,NSE,SELL,MIS,1,16,2434.35,2026-09-09 13:43:51.792,379838209032,38949.6
TRD30000727,ORD20004483,C100144,HINDUNILVR,NSE,SELL,MIS,2,1,2433.7,2026-09-09 13:43:55.690,874845214453,2433.7
TRD30000728,ORD20002376,C100107,HDFCBANK,NSE,SELL,CNC,1,87,1603.85,2026-09-09 13:46:29.414,884774271541,139534.95
TRD30000729,ORD20004421,C100068,TATAMOTORS,NSE,BUY,MIS,1,3,939.3,2026-09-09 13:46:34.369,119443765727,2817.9
TRD30000730,ORD20002735,C100128,ONGC,NSE,BUY,CNC,1,3,270.15,2026-09-09 13:47:13.942,760921268129,810.45
TRD30000731,ORD20002735,C100128,ONGC,NSE,BUY,CNC,2,16,270.15,2026-09-09 13:47:14.934,589060155815,4322.4
TRD30000732,ORD20002735,C100128,ONGC,NSE,BUY,CNC,3,35,270.15,2026-09-09 13:47:17.537,662249892262,9455.25
TRD30000733,ORD20002557,C100175,RELIANCE,BSE,SELL,MIS,1,5,2750.55,2026-09-09 13:47:32.177,493390808039,13752.75
TRD30000734,ORD20001845,C100112,HDFCBANK,NSE,BUY,MIS,1,15,1626.35,2026-09-09 13:50:29.966,212907539009,24395.25
TRD30000735,ORD20004266,C100137,MARUTI,NSE,SELL,MIS,1,1,11989.6,2026-09-09 13:54:15.538,224715358469,11989.6
TRD30000736,ORD20002087,C100152,AXISBANK,NSE,BUY,MIS,1,1,1187.6,2026-09-09 13:54:34.499,123413025628,1187.6
TRD30000737,ORD20002087,C100152,AXISBANK,NSE,BUY,MIS,2,3,1187.6,2026-09-09 13:54:36.355,335301511763,3562.8
TRD30000738,ORD20000392,C100021,AXISBANK,NSE,BUY,CNC,1,71,1126.1,2026-09-09 13:55:58.002,689802579552,79953.1
TRD30000739,ORD20000392,C100021,AXISBANK,NSE,BUY,CNC,2,34,1126.1,2026-09-09 13:55:59.394,353190844371,38287.4
TRD30000741,ORD20002153,C100013,ICICIBANK,NSE,SELL,CNC,1,38,1237.6,2026-09-09 13:57:37.223,629769414857,47028.8
TRD30000740,ORD20002170,C100011,ASIANPAINT,NSE,SELL,CNC,1,23,2857.35,2026-09-09 13:57:37.282,441643425760,65719.05
TRD30000742,ORD20002153,C100013,ICICIBANK,NSE,SELL,CNC,2,25,1236.35,2026-09-09 13:57:39.374,671582320128,30908.75
TRD30000743,ORD20002153,C100013,ICICIBANK,NSE,SELL,CNC,3,26,1235.05,2026-09-09 13:57:39.692,874716697959,32111.3
TRD30000744,ORD20000846,C100076,SBIN,NSE,SELL,MIS,1,12,848.85,2026-09-09 13:58:21.036,424370816253,10186.2
TRD30000745,ORD20000846,C100076,SBIN,NSE,SELL,MIS,2,18,848.85,2026-09-09 13:58:21.405,756078679843,15279.3
TRD30000746,ORD20003202,C100198,TCS,NSE,SELL,CNC,1,3,3898.25,2026-09-09 13:59:01.476,410688233587,11694.75
TRD30000747,ORD20003202,C100198,TCS,NSE,SELL,CNC,2,6,3898.25,2026-09-09 13:59:03.897,739475142313,23389.5
TRD30000748,ORD20000997,C100006,HDFCBANK,BSE,BUY,MIS,1,6,1495.65,2026-09-09 14:00:24.383,938418375070,8973.9
TRD30000749,ORD20001188,C100172,ASIANPAINT,NSE,SELL,MIS,1,1,2863.35,2026-09-09 14:01:13.138,402404451448,2863.35
TRD30000750,ORD20003364,C100035,ITC,NSE,SELL,MIS,1,1,439.95,2026-09-09 14:02:01.819,545741146292,439.95
TRD30000751,ORD20003364,C100035,ITC,NSE,SELL,MIS,2,5,439.6,2026-09-09 14:02:02.466,323659784641,2198.0
TRD30000752,ORD20002339,C100083,ITC,NSE,SELL,MIS,1,15,463.1,2026-09-09 14:03:29.781,570357387276,6946.5
TRD30000753,ORD20001128,C100134,MARUTI,NSE,SELL,CNC,1,1,11316.7,2026-09-09 14:03:57.224,565783777131,11316.7
TRD30000754,ORD20002439,C100135,HINDUNILVR,NSE,SELL,MIS,1,30,2359.3,2026-09-09 14:06:56.495,830886961140,70779.0
TRD30000755,ORD20003725,C100185,MARUTI,NSE,BUY,MIS,1,1,11626.25,2026-09-09 14:10:16.140,803283708378,11626.25
TRD30000756,ORD20002797,C100018,INFY,BSE,BUY,MIS,1,1,1647.4,2026-09-09 14:10:18.519,472910581395,1647.4
TRD30000757,ORD20003290,C100192,BHARTIARTL,NSE,SELL,MIS,1,3,1368.5,2026-09-09 14:10:21.101,254601913040,4105.5
TRD30000758,ORD20003290,C100192,BHARTIARTL,NSE,SELL,MIS,2,4,1368.5,2026-09-09 14:10:22.056,327925731658,5474.0
TRD30000759,ORD20003290,C100192,BHARTIARTL,NSE,SELL,MIS,3,3,1368.5,2026-09-09 14:10:24.383,551835044680,4105.5
TRD30000760,ORD20003878,C100094,HDFCBANK,NSE,SELL,MIS,1,4,1684.2,2026-09-09 14:11:34.108,972952575256,6736.8
TRD30000761,ORD20002447,C100079,TATAMOTORS,NSE,BUY,MIS,1,16,957.45,2026-09-09 14:11:55.305,711076293069,15319.2
TRD30000762,ORD20002447,C100079,TATAMOTORS,NSE,BUY,MIS,2,65,956.2,2026-09-09 14:11:56.615,340844808658,62153.0
TRD30000763,ORD20004909,C100129,INFY,NSE,SELL,MIS,1,7,1517.85,2026-09-09 14:12:16.828,993181285821,10624.95
TRD30000764,ORD20004909,C100129,INFY,NSE,SELL,MIS,2,4,1517.85,2026-09-09 14:12:20.699,852016959074,6071.4
TRD30000765,ORD20001626,C100103,ITC,NSE,BUY,CNC,1,56,442.3,2026-09-09 14:17:16.903,498535090649,24768.8
TRD30000766,ORD20002719,C100106,ICICIBANK,NSE,BUY,CNC,1,11,1213.45,2026-09-09 14:19:35.532,715686884995,13347.95
TRD30000767,ORD20002719,C100106,ICICIBANK,NSE,BUY,CNC,2,11,1213.25,2026-09-09 14:19:37.295,203656634368,13345.75
TRD30000768,ORD20002159,C100039,BHARTIARTL,NSE,BUY,CNC,1,27,1374.9,2026-09-09 14:20:44.627,984699866415,37122.3
TRD30000769,ORD20000070,C100198,SBIN,NSE,SELL,CNC,1,10,806.9,2026-09-09 14:21:08.160,245029020254,8069.0
TRD30000770,ORD20000070,C100198,SBIN,NSE,SELL,CNC,2,3,806.9,2026-09-09 14:21:08.218,867358750997,2420.7
TRD30000771,ORD20000070,C100198,SBIN,NSE,SELL,CNC,3,7,806.9,2026-09-09 14:21:11.758,528923707156,5648.3
TRD30000772,ORD20002077,C100169,HINDUNILVR,NSE,SELL,MIS,1,45,2389.7,2026-09-09 14:22:23.899,773586818347,107536.5
TRD30000773,ORD20003919,C100063,TATAMOTORS,NSE,BUY,CNC,1,61,917.65,2026-09-09 14:23:42.050,396285636668,55976.65
TRD30000774,ORD20001508,C100148,TATAMOTORS,NSE,BUY,CNC,1,38,916.25,2026-09-09 14:23:50.087,557969382376,34817.5
TRD30000775,ORD20000914,C100056,INFY,NSE,BUY,MIS,1,2,1661.0,2026-09-09 14:24:57.535,636362338119,3322.0
TRD30000776,ORD20000914,C100056,INFY,NSE,BUY,MIS,2,3,1661.0,2026-09-09 14:24:57.758,471536655523,4983.0
TRD30000777,ORD20000914,C100056,INFY,NSE,BUY,MIS,3,6,1661.0,2026-09-09 14:25:01.746,519212692680,9966.0
TRD30000778,ORD20004571,C100134,HINDUNILVR,NSE,BUY,MIS,1,21,2365.35,2026-09-09 14:29:53.752,978179001811,49672.35
TRD30000779,ORD20004571,C100134,HINDUNILVR,NSE,BUY,MIS,2,11,2365.35,2026-09-09 14:29:56.272,508149509965,26018.85
TRD30000780,ORD20001702,C100052,KOTAKBANK,NSE,SELL,MIS,1,3,1680.4,2026-09-09 14:32:41.374,244507904568,5041.2
TRD30000781,ORD20003098,C100176,NTPC,NSE,SELL,CNC,1,5,360.15,2026-09-09 14:32:47.259,537832743649,1800.75
TRD30000782,ORD20003098,C100176,NTPC,NSE,SELL,CNC,2,13,359.95,2026-09-09 14:32:49.016,914675146701,4679.35
TRD30000783,ORD20004450,C100003,ITC,NSE,SELL,CNC,1,10,440.5,2026-09-09 14:34:23.604,327386128401,4405.0
TRD30000784,ORD20004450,C100003,ITC,NSE,SELL,CNC,2,210,440.5,2026-09-09 14:34:23.712,374787296141,92505.0
TRD30000786,ORD20004458,C100199,NTPC,NSE,SELL,MIS,1,4,361.95,2026-09-09 14:35:17.549,434744933863,1447.8
TRD30000787,ORD20004458,C100199,NTPC,NSE,SELL,MIS,2,2,361.95,2026-09-09 14:35:18.868,525202206576,723.9
TRD30000785,ORD20001715,C100132,ICICIBANK,NSE,BUY,CNC,1,5,1213.45,2026-09-09 14:35:19.663,342474521623,6067.25
TRD30000788,ORD20004458,C100199,NTPC,NSE,SELL,MIS,3,2,361.95,2026-09-09 14:35:22.355,401197163022,723.9
TRD30000789,ORD20003175,C100139,ASIANPAINT,NSE,BUY,MIS,1,6,2880.5,2026-09-09 14:37:24.848,267816563031,17283.0
TRD30000790,ORD20003175,C100139,ASIANPAINT,NSE,BUY,MIS,2,2,2880.5,2026-09-09 14:37:28.457,405736251847,5761.0
TRD30000791,ORD20000569,C100074,AXISBANK,NSE,BUY,MIS,1,8,1195.4,2026-09-09 14:38:44.286,473597646774,9563.2
TRD30000792,ORD20000569,C100074,AXISBANK,NSE,BUY,MIS,2,7,1195.4,2026-09-09 14:38:45.103,540563137202,8367.8
TRD30000793,ORD20000569,C100074,AXISBANK,NSE,BUY,MIS,3,12,1195.4,2026-09-09 14:38:47.257,689850480127,14344.8
TRD30000794,ORD20000212,C100132,RELIANCE,NSE,BUY,MIS,1,1,2906.4,2026-09-09 14:39:28.947,765054707720,2906.4
TRD30000795,ORD20000133,C100173,HDFCBANK,NSE,SELL,MIS,1,1,1608.85,2026-09-09 14:40:54.518,843331317490,1608.85
TRD30000796,ORD20000133,C100173,HDFCBANK,NSE,SELL,MIS,2,1,1609.7,2026-09-09 14:40:55.346,325868212978,1609.7
TRD30000797,ORD20002267,C100010,MARUTI,NSE,SELL,MIS,1,1,11692.6,2026-09-09 14:41:35.817,653719401779,11692.6
TRD30000798,ORD20002267,C100010,MARUTI,NSE,SELL,MIS,2,4,11711.85,2026-09-09 14:41:39.459,265509411264,46847.4
TRD30000799,ORD20003287,C100048,HINDUNILVR,NSE,BUY,CNC,1,1,2540.45,2026-09-09 14:41:58.556,658005417882,2540.45
TRD30000800,ORD20002878,C100157,INFY,NSE,BUY,CNC,1,9,1529.4,2026-09-09 14:42:56.943,927136721987,13764.6
TRD30000801,ORD20002878,C100157,INFY,NSE,BUY,CNC,2,8,1527.85,2026-09-09 14:42:58.810,884058055719,12222.8
TRD30000802,ORD20002878,C100157,INFY,NSE,BUY,CNC,3,1,1529.75,2026-09-09 14:43:00.804,647282832239,1529.75
TRD30000803,ORD20000720,C100078,HINDUNILVR,NSE,SELL,MIS,1,29,2351.75,2026-09-09 14:43:19.026,348945984524,68200.75
TRD30000804,ORD20001086,C100084,NTPC,NSE,BUY,CNC,1,137,358.05,2026-09-09 14:44:05.943,225035334331,49052.85
TRD30000805,ORD20002298,C100037,HDFCBANK,NSE,SELL,MIS,1,1,1671.4,2026-09-09 14:49:05.538,501323366724,1671.4
TRD30000806,ORD20002298,C100037,HDFCBANK,NSE,SELL,MIS,2,1,1671.55,2026-09-09 14:49:07.407,458772862791,1671.55
TRD30000807,ORD20002298,C100037,HDFCBANK,NSE,SELL,MIS,3,1,1669.6,2026-09-09 14:49:09.164,707273456084,1669.6
TRD30000808,ORD20004044,C100025,HINDUNILVR,NSE,SELL,MIS,1,5,2400.2,2026-09-09 14:54:55.888,195709510639,12001.0
TRD30000809,ORD20004044,C100025,HINDUNILVR,NSE,SELL,MIS,2,5,2400.2,2026-09-09 14:54:57.406,141475634254,12001.0
TRD30000810,ORD20004922,C100101,INFY,NSE,BUY,MIS,1,18,1608.8,2026-09-09 14:58:48.647,753060825123,28958.4
TRD30000811,ORD20004922,C100101,INFY,NSE,BUY,MIS,2,4,1608.5,2026-09-09 14:58:52.278,641599761231,6434.0
TRD30000812,ORD20004074,C100059,TATAMOTORS,NSE,BUY,CNC,1,71,964.2,2026-09-09 15:00:37.511,418645602333,68458.2
TRD30000813,ORD20000149,C100109,INFY,NSE,BUY,MIS,1,1,1485.0,2026-09-09 15:02:14.292,770041799885,1485.0
TRD30000814,ORD20000149,C100109,INFY,NSE,BUY,MIS,2,2,1485.0,2026-09-09 15:02:14.484,499075293761,2970.0
TRD30000815,ORD20000149,C100109,INFY,NSE,BUY,MIS,3,2,1485.0,2026-09-09 15:02:14.598,812551314865,2970.0
TRD30000816,ORD20000627,C100080,HINDUNILVR,NSE,SELL,MIS,1,4,2263.35,2026-09-09 15:05:38.673,853807826541,9053.4
TRD30000817,ORD20000627,C100080,HINDUNILVR,NSE,SELL,MIS,2,8,2263.35,2026-09-09 15:05:42.467,771894883769,18106.8
TRD30000818,ORD20000627,C100080,HINDUNILVR,NSE,SELL,MIS,3,7,2263.35,2026-09-09 15:05:44.962,939816115633,15843.45
TRD30000819,ORD20000353,C100030,ITC,NSE,SELL,MIS,1,50,454.15,2026-09-09 15:10:11.096,164807593351,22707.5
TRD30000820,ORD20004665,C100158,HINDUNILVR,NSE,BUY,MIS,1,2,2373.2,2026-09-09 15:11:39.721,214123461289,4746.4
TRD30000821,ORD20004356,C100105,ITC,NSE,SELL,CNC,1,69,425.95,2026-09-09 15:12:39.914,812200652664,29390.55
TRD30000822,ORD20004356,C100105,ITC,NSE,SELL,CNC,2,158,425.65,2026-09-09 15:12:41.881,756248958372,67252.7
TRD30000823,ORD20001096,C100011,MARUTI,NSE,SELL,MIS,1,2,12199.45,2026-09-09 15:15:45.664,483521135724,24398.9
TRD30000824,ORD20001096,C100011,MARUTI,NSE,SELL,MIS,2,2,12199.45,2026-09-09 15:15:48.326,579431494800,24398.9
TRD30000825,ORD20002554,C100182,RELIANCE,NSE,BUY,MIS,1,13,3007.6,2026-09-09 15:16:23.132,283424551758,39098.8
TRD30000826,ORD20002034,C100080,MARUTI,NSE,SELL,CNC,1,1,12311.95,2026-09-09 15:16:59.327,406713961055,12311.95
TRD30000827,ORD20000181,C100007,TATAMOTORS,NSE,BUY,MIS,1,2,997.7,2026-09-09 15:19:39.863,169903441939,1995.4
TRD30000828,ORD20000181,C100007,TATAMOTORS,NSE,BUY,MIS,2,3,997.7,2026-09-09 15:19:43.719,130814017576,2993.1
TRD30000829,ORD20000181,C100007,TATAMOTORS,NSE,BUY,MIS,3,2,997.7,2026-09-09 15:19:47.507,692938763486,1995.4
TRD30000830,ORD20000134,C100025,AXISBANK,NSE,BUY,MIS,1,7,1115.5,2026-09-09 15:20:05.964,633455917078,7808.5
TRD30000831,ORD20000134,C100025,AXISBANK,NSE,BUY,MIS,2,2,1115.5,2026-09-09 15:20:06.145,730622684978,2231.0
TRD30000832,ORD20001034,C100136,HINDUNILVR,NSE,SELL,CNC,1,1,2424.3,2026-09-09 15:21:24.520,446837713596,2424.3
TRD30000833,ORD20003264,C100186,MARUTI,NSE,SELL,MIS,1,1,12169.25,2026-09-09 15:24:08.025,824634757370,12169.25
TRD30000834,ORD20003264,C100186,MARUTI,NSE,SELL,MIS,2,1,12169.25,2026-09-09 15:24:09.009,439022301477,12169.25
TRD30000835,ORD20003940,C100106,ITC,NSE,BUY,CNC,1,32,457.9,2026-09-10 09:21:09.357,377191192639,14652.8
TRD30000836,ORD20000706,C100050,ONGC,NSE,BUY,MIS,1,19,282.2,2026-09-10 09:22:16.301,638369183649,5361.8
TRD30000837,ORD20004333,C100136,TATAMOTORS,NSE,BUY,CNC,1,1,973.15,2026-09-10 09:22:25.999,591148489505,973.15
TRD30000838,ORD20004333,C100136,TATAMOTORS,NSE,BUY,CNC,2,60,974.8,2026-09-10 09:22:29.174,750169308344,58488.0
TRD30000839,ORD20004333,C100136,TATAMOTORS,NSE,BUY,CNC,3,33,973.35,2026-09-10 09:22:30.999,512386607767,32120.55
TRD30000840,ORD20002959,C100135,MARUTI,NSE,BUY,CNC,1,1,12016.45,2026-09-10 09:23:16.531,952868903267,12016.45
TRD30000841,ORD20001472,C100141,ICICIBANK,NSE,BUY,CNC,1,5,1213.1,2026-09-10 09:27:42.210,540814466690,6065.5
TRD30000842,ORD20003277,C100122,MARUTI,NSE,SELL,MIS,1,1,11154.8,2026-09-10 09:30:08.716,114666032301,11154.8
TRD30000843,ORD20003277,C100122,MARUTI,NSE,SELL,MIS,2,2,11154.8,2026-09-10 09:30:11.021,620165990026,22309.6
TRD30000844,ORD20003277,C100122,MARUTI,NSE,SELL,MIS,3,1,11154.8,2026-09-10 09:30:14.897,785760562830,11154.8
TRD30000845,ORD20001203,C100035,WIPRO,NSE,SELL,CNC,1,163,467.8,2026-09-10 09:37:30.623,549700850369,76251.4
TRD30000846,ORD20001203,C100035,WIPRO,NSE,SELL,CNC,2,78,467.6,2026-09-10 09:37:34.346,376500648868,36472.8
TRD30000847,ORD20001946,C100029,RELIANCE,NSE,BUY,CNC,1,1,2993.3,2026-09-10 09:40:57.910,595363093526,2993.3
TRD30000848,ORD20001946,C100029,RELIANCE,NSE,BUY,CNC,2,1,2993.3,2026-09-10 09:41:01.867,707833390309,2993.3
TRD30000849,ORD20001458,C100032,KOTAKBANK,NSE,BUY,CNC,1,26,1727.0,2026-09-10 09:45:51.561,663737473019,44902.0
TRD30000850,ORD20001458,C100032,KOTAKBANK,NSE,BUY,CNC,2,15,1727.0,2026-09-10 09:45:54.041,466741711953,25905.0
TRD30000851,ORD20001033,C100050,KOTAKBANK,NSE,SELL,CNC,1,1,1694.05,2026-09-10 09:46:39.549,443637978514,1694.05
TRD30000852,ORD20001033,C100050,KOTAKBANK,NSE,SELL,CNC,2,1,1694.05,2026-09-10 09:46:39.922,829475942926,1694.05
TRD30000853,ORD20001033,C100050,KOTAKBANK,NSE,SELL,CNC,3,1,1694.05,2026-09-10 09:46:41.560,335423008222,1694.05
TRD30000854,ORD20000618,C100120,INFY,NSE,SELL,MIS,1,2,1663.35,2026-09-10 09:48:29.854,446218975204,3326.7
TRD30000855,ORD20000618,C100120,INFY,NSE,SELL,MIS,2,4,1663.35,2026-09-10 09:48:31.948,696079208691,6653.4
TRD30000856,ORD20000618,C100120,INFY,NSE,SELL,MIS,3,2,1663.35,2026-09-10 09:48:33.251,473129338475,3326.7
TRD30000857,ORD20003652,C100108,TATAMOTORS,NSE,BUY,CNC,1,7,942.85,2026-09-10 09:53:03.178,457210542059,6599.95
TRD30000858,ORD20003652,C100108,TATAMOTORS,NSE,BUY,CNC,2,6,942.85,2026-09-10 09:53:05.308,212339352037,5657.1
TRD30000859,ORD20002515,C100190,TATAMOTORS,BSE,BUY,CNC,1,3,931.05,2026-09-10 09:54:25.755,562516610087,2793.15
TRD30000860,ORD20002515,C100190,TATAMOTORS,BSE,BUY,CNC,2,1,931.05,2026-09-10 09:54:28.387,990165828407,931.05
TRD30000861,ORD20002563,C100186,ONGC,NSE,BUY,MIS,1,137,261.9,2026-09-10 09:55:40.009,870310894829,35880.3
TRD30000862,ORD20000819,C100040,TATAMOTORS,NSE,BUY,CNC,1,2,991.7,2026-09-10 09:56:24.859,805613279341,1983.4
TRD30000863,ORD20000819,C100040,TATAMOTORS,NSE,BUY,CNC,2,1,991.7,2026-09-10 09:56:26.348,536440141985,991.7
TRD30000864,ORD20000819,C100040,TATAMOTORS,NSE,BUY,CNC,3,3,991.7,2026-09-10 09:56:29.334,840405037764,2975.1
TRD30000865,ORD20001737,C100199,ONGC,NSE,BUY,MIS,1,43,255.95,2026-09-10 09:57:22.517,921466568057,11005.85
TRD30000866,ORD20002067,C100029,BHARTIARTL,BSE,BUY,CNC,1,3,1485.55,2026-09-10 09:58:04.609,296215700535,4456.65
TRD30000867,ORD20002067,C100029,BHARTIARTL,BSE,BUY,CNC,2,1,1486.3,2026-09-10 09:58:05.150,546904484778,1486.3
TRD30000868,ORD20002067,C100029,BHARTIARTL,BSE,BUY,CNC,3,20,1486.55,2026-09-10 09:58:06.418,871031343032,29731.0
TRD30000869,ORD20002981,C100092,AXISBANK,NSE,SELL,MIS,1,1,1138.0,2026-09-10 09:58:13.974,839623083137,1138.0
TRD30000872,ORD20004657,C100071,ASIANPAINT,NSE,SELL,CNC,1,6,2890.2,2026-09-10 09:58:16.178,358448744871,17341.2
TRD30000870,ORD20002981,C100092,AXISBANK,NSE,SELL,MIS,2,2,1138.0,2026-09-10 09:58:16.243,895097320300,2276.0
TRD30000871,ORD20002981,C100092,AXISBANK,NSE,SELL,MIS,3,1,1138.0,2026-09-10 09:58:18.734,962274865408,1138.0
TRD30000873,ORD20000451,C100003,MARUTI,NSE,SELL,MIS,1,1,12055.9,2026-09-10 09:59:13.764,626763817543,12055.9
TRD30000874,ORD20000451,C100003,MARUTI,NSE,SELL,MIS,2,3,12055.9,2026-09-10 09:59:16.817,243372550113,36167.7
TRD30000875,ORD20002433,C100092,ONGC,NSE,BUY,CNC,1,67,274.2,2026-09-10 10:00:14.196,572851044275,18371.4
TRD30000876,ORD20002433,C100092,ONGC,NSE,BUY,CNC,2,159,274.35,2026-09-10 10:00:16.787,165925253393,43621.65
TRD30000877,ORD20002433,C100092,ONGC,NSE,BUY,CNC,3,19,274.1,2026-09-10 10:00:16.982,477615409333,5207.9
TRD30000878,ORD20000302,C100149,ITC,NSE,SELL,CNC,1,17,472.1,2026-09-10 10:01:27.025,568616974001,8025.7
TRD30000879,ORD20000302,C100149,ITC,NSE,SELL,CNC,2,1,472.1,2026-09-10 10:01:28.763,726599285435,472.1
TRD30000880,ORD20000302,C100149,ITC,NSE,SELL,CNC,3,1,472.1,2026-09-10 10:01:31.121,293314599549,472.1
TRD30000881,ORD20002731,C100045,MARUTI,NSE,BUY,MIS,1,1,11413.35,2026-09-10 10:01:55.115,889815385521,11413.35
TRD30000882,ORD20002731,C100045,MARUTI,NSE,BUY,MIS,2,1,11413.35,2026-09-10 10:01:57.019,124778288513,11413.35
TRD30000883,ORD20003166,C100033,ASIANPAINT,NSE,SELL,MIS,1,17,2812.85,2026-09-10 10:03:44.917,653200521533,47818.45
TRD30000884,ORD20003166,C100033,ASIANPAINT,NSE,SELL,MIS,2,3,2812.85,2026-09-10 10:03:48.387,921304870881,8438.55
TRD30000885,ORD20003166,C100033,ASIANPAINT,NSE,SELL,MIS,3,4,2812.85,2026-09-10 10:03:51.852,879023927813,11251.4
TRD30000886,ORD20002534,C100010,HINDUNILVR,NSE,BUY,CNC,1,1,2294.95,2026-09-10 10:06:30.061,571825037072,2294.95
TRD30000887,ORD20002534,C100010,HINDUNILVR,NSE,BUY,CNC,2,2,2294.95,2026-09-10 10:06:32.578,228795001039,4589.9
TRD30000888,ORD20002534,C100010,HINDUNILVR,NSE,BUY,CNC,3,1,2294.95,2026-09-10 10:06:33.133,187877998416,2294.95
TRD30000889,ORD20001570,C100068,ICICIBANK,NSE,SELL,MIS,1,6,1152.1,2026-09-10 10:08:54.263,740629060937,6912.6
TRD30000890,ORD20001570,C100068,ICICIBANK,NSE,SELL,MIS,2,2,1152.1,2026-09-10 10:08:57.017,212281699615,2304.2
TRD30000891,ORD20001570,C100068,ICICIBANK,NSE,SELL,MIS,3,1,1152.1,2026-09-10 10:08:58.564,153721718709,1152.1
TRD30000892,ORD20000764,C100121,SBIN,NSE,BUY,CNC,1,14,829.55,2026-09-10 10:10:11.281,503322827461,11613.7
TRD30000893,ORD20003770,C100093,NTPC,NSE,BUY,MIS,1,297,344.25,2026-09-10 10:10:36.115,266473781447,102242.25
TRD30000894,ORD20002383,C100003,BHARTIARTL,NSE,BUY,MIS,1,41,1393.05,2026-09-10 10:14:08.171,826352072874,57115.05
TRD30000895,ORD20001842,C100003,INFY,NSE,BUY,MIS,1,47,1667.35,2026-09-10 10:15:27.882,587749872563,78365.45
TRD30000896,ORD20003403,C100089,TITAN,NSE,BUY,MIS,1,2,3220.5,2026-09-10 10:17:19.910,869609637652,6441.0
TRD30000897,ORD20003403,C100089,TITAN,NSE,BUY,MIS,2,1,3220.5,2026-09-10 10:17:21.033,450512222073,3220.5
TRD30000898,ORD20003403,C100089,TITAN,NSE,BUY,MIS,3,2,3220.5,2026-09-10 10:17:22.277,929728960922,6441.0
TRD30000899,ORD20004600,C100022,ICICIBANK,NSE,BUY,CNC,1,18,1154.5,2026-09-10 10:18:54.837,979528486961,20781.0
TRD30000900,ORD20000745,C100060,TATAMOTORS,NSE,BUY,MIS,1,47,949.4,2026-09-10 10:19:18.368,597067824395,44621.8
TRD30000901,ORD20000745,C100060,TATAMOTORS,NSE,BUY,MIS,2,43,951.0,2026-09-10 10:19:18.768,268365189848,40893.0
TRD30000902,ORD20004841,C100017,SBIN,NSE,BUY,MIS,1,86,801.5,2026-09-10 10:20:29.061,148121809489,68929.0
TRD30000904,ORD20002084,C100022,RELIANCE,NSE,SELL,MIS,1,9,2926.65,2026-09-10 10:20:48.047,558195656288,26339.85
TRD30000905,ORD20002084,C100022,RELIANCE,NSE,SELL,MIS,2,12,2926.65,2026-09-10 10:20:48.127,281633994796,35119.8
TRD30000903,ORD20004924,C100054,RELIANCE,NSE,BUY,MIS,1,47,2994.65,2026-09-10 10:20:49.015,926443286267,140748.55
TRD30000906,ORD20004037,C100063,TATAMOTORS,NSE,BUY,MIS,1,4,940.75,2026-09-10 10:23:03.864,437254841661,3763.0
TRD30000907,ORD20004037,C100063,TATAMOTORS,NSE,BUY,MIS,2,49,940.75,2026-09-10 10:23:06.714,937780066127,46096.75
TRD30000908,ORD20002500,C100156,TATAMOTORS,NSE,BUY,CNC,1,30,876.65,2026-09-10 10:24:02.407,964775221649,26299.5
TRD30000909,ORD20002500,C100156,TATAMOTORS,NSE,BUY,CNC,2,1,876.65,2026-09-10 10:24:05.784,285582337289,876.65
TRD30000910,ORD20002500,C100156,TATAMOTORS,NSE,BUY,CNC,3,2,876.65,2026-09-10 10:24:09.414,554784209439,1753.3
TRD30000911,ORD20002474,C100027,ITC,NSE,SELL,MIS,1,122,453.4,2026-09-10 10:27:53.478,825534013969,55314.8
TRD30000912,ORD20001566,C100083,HINDUNILVR,NSE,BUY,CNC,1,5,2362.95,2026-09-10 10:32:23.337,750095936953,11814.75
TRD30000913,ORD20002262,C100073,ITC,NSE,SELL,CNC,1,137,456.55,2026-09-10 10:36:00.872,690025651484,62547.35
TRD30000914,ORD20002262,C100073,ITC,NSE,SELL,CNC,2,22,457.2,2026-09-10 10:36:03.750,845710263034,10058.4
TRD30000915,ORD20002320,C100154,ICICIBANK,NSE,SELL,MIS,1,12,1241.65,2026-09-10 10:37:57.167,833296843969,14899.8
TRD30000916,ORD20002320,C100154,ICICIBANK,NSE,SELL,MIS,2,23,1243.75,2026-09-10 10:38:00.034,644377155950,28606.25
TRD30000917,ORD20002320,C100154,ICICIBANK,NSE,SELL,MIS,3,83,1242.3,2026-09-10 10:38:03.042,541987430936,103110.9
TRD30000918,ORD20004654,C100021,HDFCBANK,NSE,BUY,MIS,1,18,1622.75,2026-09-10 10:38:37.985,836724217941,29209.5
TRD30000919,ORD20002234,C100168,MARUTI,NSE,BUY,MIS,1,2,12596.1,2026-09-10 10:40:39.705,787358377549,25192.2
TRD30000920,ORD20002686,C100156,ITC,NSE,BUY,CNC,1,1,482.4,2026-09-10 10:42:54.179,276440065947,482.4
TRD30000921,ORD20002686,C100156,ITC,NSE,BUY,CNC,2,8,482.4,2026-09-10 10:42:54.559,554276006922,3859.2
TRD30000922,ORD20002686,C100156,ITC,NSE,BUY,CNC,3,8,482.4,2026-09-10 10:42:57.859,632747187424,3859.2
TRD30000923,ORD20002286,C100171,ITC,NSE,BUY,MIS,1,7,459.95,2026-09-10 10:43:20.168,969028700990,3219.65
TRD30000924,ORD20002286,C100171,ITC,NSE,BUY,MIS,2,6,459.55,2026-09-10 10:43:21.601,530153109829,2757.3
TRD30000925,ORD20001692,C100063,SBIN,NSE,SELL,MIS,1,24,773.0,2026-09-10 10:43:22.251,346135885464,18552.0
TRD30000926,ORD20001692,C100063,SBIN,NSE,SELL,MIS,2,88,772.25,2026-09-10 10:43:24.694,272380654427,67958.0
TRD30000927,ORD20001918,C100062,BHARTIARTL,NSE,BUY,MIS,1,2,1366.85,2026-09-10 10:45:33.249,938611532638,2733.7
TRD30000928,ORD20001918,C100062,BHARTIARTL,NSE,BUY,MIS,2,2,1366.85,2026-09-10 10:45:34.341,594572944070,2733.7
TRD30000929,ORD20003985,C100073,HDFCBANK,NSE,BUY,MIS,1,1,1604.25,2026-09-10 10:47:13.719,326275864056,1604.25
TRD30000930,ORD20003985,C100073,HDFCBANK,NSE,BUY,MIS,2,2,1604.6,2026-09-10 10:47:17.480,479426405237,3209.2
TRD30000931,ORD20003917,C100188,KOTAKBANK,NSE,BUY,MIS,1,1,1719.85,2026-09-10 10:48:20.880,126665920930,1719.85
TRD30000932,ORD20003917,C100188,KOTAKBANK,NSE,BUY,MIS,2,1,1719.85,2026-09-10 10:48:23.095,103255202378,1719.85
TRD30000933,ORD20002488,C100173,ITC,NSE,BUY,CNC,1,160,447.15,2026-09-10 10:49:45.500,408495976871,71544.0
TRD30000934,ORD20000165,C100072,HDFCBANK,NSE,SELL,MIS,1,3,1692.85,2026-09-10 10:50:15.598,736840281063,5078.55
TRD30000935,ORD20000165,C100072,HDFCBANK,NSE,SELL,MIS,2,1,1692.85,2026-09-10 10:50:18.056,759618915395,1692.85
TRD30000936,ORD20004075,C100190,AXISBANK,NSE,BUY,MIS,1,3,1073.3,2026-09-10 10:51:30.092,104399038513,3219.9
TRD30000937,ORD20004075,C100190,AXISBANK,NSE,BUY,MIS,2,8,1072.65,2026-09-10 10:51:33.158,714977153128,8581.2
TRD30000938,ORD20004075,C100190,AXISBANK,NSE,BUY,MIS,3,19,1072.7,2026-09-10 10:51:33.227,782856520134,20381.3
TRD30000939,ORD20002408,C100009,RELIANCE,NSE,BUY,MIS,1,2,2917.85,2026-09-10 10:52:59.058,308462100194,5835.7
TRD30000940,ORD20002408,C100009,RELIANCE,NSE,BUY,MIS,2,4,2917.85,2026-09-10 10:53:00.323,237763351533,11671.4
TRD30000941,ORD20002408,C100009,RELIANCE,NSE,BUY,MIS,3,2,2917.85,2026-09-10 10:53:04.278,735511335442,5835.7
TRD30000942,ORD20004226,C100126,BHARTIARTL,NSE,SELL,MIS,1,40,1366.7,2026-09-10 10:55:59.004,610835293198,54668.0
TRD30000943,ORD20000871,C100089,TATAMOTORS,NSE,BUY,MIS,1,19,956.4,2026-09-10 10:58:36.317,457081907901,18171.6
TRD30000944,ORD20003393,C100036,RELIANCE,NSE,BUY,MIS,1,5,2903.7,2026-09-10 11:03:30.046,620808890291,14518.5
TRD30000945,ORD20003393,C100036,RELIANCE,NSE,BUY,MIS,2,4,2903.7,2026-09-10 11:03:32.968,829265245642,11614.8
TRD30000946,ORD20003393,C100036,RELIANCE,NSE,BUY,MIS,3,2,2903.7,2026-09-10 11:03:36.545,183800440601,5807.4
TRD30000947,ORD20003297,C100158,HDFCBANK,NSE,BUY,MIS,1,1,1717.7,2026-09-10 11:04:02.093,561181247112,1717.7
TRD30000948,ORD20003297,C100158,HDFCBANK,NSE,BUY,MIS,2,1,1717.7,2026-09-10 11:04:04.004,348953273697,1717.7
TRD30000949,ORD20003297,C100158,HDFCBANK,NSE,BUY,MIS,3,6,1717.7,2026-09-10 11:04:07.128,356162477465,10306.2
TRD30000950,ORD20004059,C100007,MARUTI,NSE,BUY,MIS,1,1,11541.75,2026-09-10 11:04:21.773,795930980463,11541.75
TRD30000951,ORD20003145,C100091,AXISBANK,NSE,BUY,MIS,1,6,1156.5,2026-09-10 11:07:47.221,684573114266,6939.0
TRD30000952,ORD20003145,C100091,AXISBANK,NSE,BUY,MIS,2,9,1156.5,2026-09-10 11:07:49.880,898865864616,10408.5
TRD30000953,ORD20003145,C100091,AXISBANK,NSE,BUY,MIS,3,35,1156.5,2026-09-10 11:07:53.495,429588862389,40477.5
TRD30000954,ORD20001463,C100171,MARUTI,NSE,SELL,MIS,1,2,12196.45,2026-09-10 11:07:56.064,554643285065,24392.9
TRD30000955,ORD20001463,C100171,MARUTI,NSE,SELL,MIS,2,2,12196.45,2026-09-10 11:07:57.801,229782813016,24392.9
TRD30000956,ORD20001771,C100013,MARUTI,NSE,BUY,MIS,1,1,11985.25,2026-09-10 11:10:38.970,867484720052,11985.25
TRD30000957,ORD20001180,C100126,TATAMOTORS,NSE,SELL,MIS,1,11,958.5,2026-09-10 11:11:33.560,656736723967,10543.5
TRD30000958,ORD20001180,C100126,TATAMOTORS,NSE,SELL,MIS,2,20,958.5,2026-09-10 11:11:37.319,919463989947,19170.0
TRD30000959,ORD20003095,C100025,KOTAKBANK,BSE,SELL,MIS,1,2,1760.3,2026-09-10 11:17:26.286,668935845401,3520.6
TRD30000960,ORD20003095,C100025,KOTAKBANK,BSE,SELL,MIS,2,1,1760.3,2026-09-10 11:17:28.086,220677411957,1760.3
TRD30000961,ORD20003894,C100026,ONGC,NSE,BUY,MIS,1,9,273.55,2026-09-10 11:18:19.197,606994984004,2461.95
TRD30000962,ORD20003894,C100026,ONGC,NSE,BUY,MIS,2,61,273.55,2026-09-10 11:18:19.359,954544044722,16686.55
TRD30000963,ORD20003894,C100026,ONGC,NSE,BUY,MIS,3,124,273.55,2026-09-10 11:18:20.386,251001820939,33920.2
TRD30000964,ORD20000836,C100165,BHARTIARTL,NSE,BUY,CNC,1,13,1303.15,2026-09-10 11:18:28.995,395366130497,16940.95
TRD30000965,ORD20000836,C100165,BHARTIARTL,NSE,BUY,CNC,2,4,1303.15,2026-09-10 11:18:30.093,681157003802,5212.6
TRD30000966,ORD20000836,C100165,BHARTIARTL,NSE,BUY,CNC,3,8,1302.75,2026-09-10 11:18:32.210,612609647036,10422.0
TRD30000967,ORD20004956,C100126,BHARTIARTL,NSE,SELL,MIS,1,48,1367.55,2026-09-10 11:18:57.604,264760446548,65642.4
TRD30000968,ORD20004956,C100126,BHARTIARTL,NSE,SELL,MIS,2,9,1367.55,2026-09-10 11:19:01.462,244860729583,12307.95
TRD30000969,ORD20004956,C100126,BHARTIARTL,NSE,SELL,MIS,3,5,1367.55,2026-09-10 11:19:05.409,232270899527,6837.75
TRD30000970,ORD20001398,C100153,BHARTIARTL,NSE,SELL,CNC,1,4,1396.3,2026-09-10 11:25:13.110,582112648837,5585.2
TRD30000971,ORD20001398,C100153,BHARTIARTL,NSE,SELL,CNC,2,3,1396.3,2026-09-10 11:25:16.129,920947315484,4188.9
TRD30000972,ORD20001398,C100153,BHARTIARTL,NSE,SELL,CNC,3,3,1396.3,2026-09-10 11:25:16.894,551535435344,4188.9
TRD30000973,ORD20004775,C100151,NTPC,BSE,SELL,CNC,1,6,360.2,2026-09-10 11:28:34.101,468823970427,2161.2
TRD30000974,ORD20004775,C100151,NTPC,BSE,SELL,CNC,2,12,360.75,2026-09-10 11:28:37.483,288413189675,4329.0
TRD30000975,ORD20004775,C100151,NTPC,BSE,SELL,CNC,3,12,360.4,2026-09-10 11:28:38.513,897362404209,4324.8
TRD30000976,ORD20000243,C100064,TATAMOTORS,NSE,BUY,MIS,1,13,943.25,2026-09-10 11:34:43.461,987985048013,12262.25
TRD30000977,ORD20000243,C100064,TATAMOTORS,NSE,BUY,MIS,2,8,943.25,2026-09-10 11:34:46.623,739224917509,7546.0
TRD30000978,ORD20002220,C100037,HDFCBANK,NSE,SELL,MIS,1,30,1641.3,2026-09-10 11:43:37.952,564035698243,49239.0
TRD30000979,ORD20002220,C100037,HDFCBANK,NSE,SELL,MIS,2,5,1641.3,2026-09-10 11:43:41.454,921969608348,8206.5
TRD30000980,ORD20002889,C100137,ITC,NSE,SELL,CNC,1,3,456.1,2026-09-10 11:44:41.690,572584973858,1368.3
TRD30000981,ORD20002889,C100137,ITC,NSE,SELL,CNC,2,23,456.1,2026-09-10 11:44:45.413,410855050031,10490.3
TRD30000982,ORD20002889,C100137,ITC,NSE,SELL,CNC,3,88,456.1,2026-09-10 11:44:46.558,268278963636,40136.8
TRD30000983,ORD20003400,C100134,NTPC,NSE,BUY,MIS,1,17,350.45,2026-09-10 11:46:21.831,223893339689,5957.65
TRD30000984,ORD20003400,C100134,NTPC,NSE,BUY,MIS,2,23,350.45,2026-09-10 11:46:23.927,504105148511,8060.35
TRD30000985,ORD20003400,C100134,NTPC,NSE,BUY,MIS,3,99,350.45,2026-09-10 11:46:25.960,450451917133,34694.55
TRD30000986,ORD20001755,C100062,INFY,NSE,BUY,MIS,1,9,1637.75,2026-09-10 11:46:35.008,286378474278,14739.75
TRD30000987,ORD20001755,C100062,INFY,NSE,BUY,MIS,2,7,1637.75,2026-09-10 11:46:36.175,557594335931,11464.25
TRD30000988,ORD20002452,C100091,BHARTIARTL,NSE,BUY,CNC,1,56,1355.3,2026-09-10 11:47:19.394,755847413210,75896.8
TRD30000989,ORD20002385,C100191,HINDUNILVR,NSE,SELL,MIS,1,5,2322.0,2026-09-10 11:49:00.481,654246411550,11610.0
TRD30000990,ORD20002385,C100191,HINDUNILVR,NSE,SELL,MIS,2,1,2321.05,2026-09-10 11:49:03.753,795866209520,2321.05
TRD30000991,ORD20004663,C100069,HINDUNILVR,NSE,SELL,CNC,1,12,2460.2,2026-09-10 11:49:21.906,828270560710,29522.4
TRD30000992,ORD20001456,C100145,HINDUNILVR,NSE,BUY,CNC,1,1,2448.0,2026-09-10 11:56:03.495,222304979849,2448.0
TRD30000993,ORD20004247,C100158,BHARTIARTL,NSE,BUY,MIS,1,2,1387.35,2026-09-10 11:56:53.079,992740124231,2774.7
TRD30000994,ORD20004247,C100158,BHARTIARTL,NSE,BUY,MIS,2,1,1389.0,2026-09-10 11:56:55.162,247243848773,1389.0
TRD30000995,ORD20004247,C100158,BHARTIARTL,NSE,BUY,MIS,3,2,1390.5,2026-09-10 11:56:56.001,764779824631,2781.0
TRD30000996,ORD20002961,C100010,INFY,NSE,SELL,MIS,1,85,1608.7,2026-09-10 11:58:25.057,612234789072,136739.5
TRD30000997,ORD20004661,C100059,MARUTI,NSE,BUY,MIS,1,1,12347.35,2026-09-10 11:58:40.533,566529483927,12347.35
TRD30000998,ORD20004661,C100059,MARUTI,NSE,BUY,MIS,2,1,12347.35,2026-09-10 11:58:43.905,911642891032,12347.35
TRD30000999,ORD20002362,C100154,HDFCBANK,NSE,SELL,CNC,1,2,1670.65,2026-09-10 11:58:46.716,810591918190,3341.3
TRD30001000,ORD20002362,C100154,HDFCBANK,NSE,SELL,CNC,2,4,1670.65,2026-09-10 11:58:47.515,151277171116,6682.6
TRD30001001,ORD20002362,C100154,HDFCBANK,NSE,SELL,CNC,3,10,1670.65,2026-09-10 11:58:48.442,664692994100,16706.5
TRD30001002,ORD20002020,C100146,MARUTI,NSE,BUY,MIS,1,1,12299.0,2026-09-10 12:00:06.639,545230387030,12299.0
TRD30001003,ORD20000000,C100101,MARUTI,NSE,SELL,MIS,1,1,11839.3,2026-09-10 12:05:43.441,472148103708,11839.3
TRD30001004,ORD20002323,C100165,MARUTI,NSE,BUY,MIS,1,1,12558.2,2026-09-10 12:06:17.525,130377685461,12558.2
TRD30001005,ORD20002997,C100157,TATAMOTORS,NSE,SELL,CNC,1,5,939.65,2026-09-10 12:07:05.197,890284508089,4698.25
TRD30001006,ORD20002997,C100157,TATAMOTORS,NSE,SELL,CNC,2,11,939.65,2026-09-10 12:07:05.293,394403239923,10336.15
TRD30001007,ORD20002997,C100157,TATAMOTORS,NSE,SELL,CNC,3,10,939.65,2026-09-10 12:07:07.171,999244893090,9396.5
TRD30001008,ORD20004326,C100005,HDFCBANK,NSE,SELL,MIS,1,2,1648.35,2026-09-10 12:10:00.740,833524535132,3296.7
TRD30001009,ORD20002895,C100077,MARUTI,NSE,SELL,MIS,1,1,11612.75,2026-09-10 12:10:34.327,822563232993,11612.75
TRD30001010,ORD20004991,C100007,KOTAKBANK,NSE,SELL,MIS,1,5,1659.3,2026-09-10 12:13:30.789,633184339236,8296.5
TRD30001011,ORD20002890,C100142,SBIN,BSE,SELL,CNC,1,3,796.6,2026-09-10 12:13:58.404,846658858142,2389.8
TRD30001012,ORD20003474,C100154,SUNPHARMA,NSE,SELL,CNC,1,5,1631.65,2026-09-10 12:14:14.244,325930768709,8158.25
TRD30001013,ORD20003474,C100154,SUNPHARMA,NSE,SELL,CNC,2,11,1631.65,2026-09-10 12:14:18.178,633334518612,17948.15
TRD30001014,ORD20003474,C100154,SUNPHARMA,NSE,SELL,CNC,3,2,1631.65,2026-09-10 12:14:18.334,625074780134,3263.3
TRD30001015,ORD20002291,C100160,HINDUNILVR,BSE,BUY,CNC,1,43,2540.85,2026-09-10 12:16:30.473,487798939748,109256.55
TRD30001016,ORD20002291,C100160,HINDUNILVR,BSE,BUY,CNC,2,3,2540.85,2026-09-10 12:16:31.144,610180574306,7622.55
TRD30001017,ORD20002291,C100160,HINDUNILVR,BSE,BUY,CNC,3,9,2540.85,2026-09-10 12:16:33.603,780255284200,22867.65
TRD30001018,ORD20001758,C100136,ITC,NSE,BUY,CNC,1,30,450.45,2026-09-10 12:17:13.857,268366706096,13513.5
TRD30001019,ORD20001758,C100136,ITC,NSE,BUY,CNC,2,45,450.45,2026-09-10 12:17:14.138,978653362956,20270.25
TRD30001020,ORD20002055,C100104,SBIN,NSE,BUY,CNC,1,39,806.25,2026-09-10 12:21:23.990,522058880455,31443.75
TRD30001021,ORD20000241,C100036,HINDUNILVR,NSE,BUY,MIS,1,3,2494.7,2026-09-10 12:23:06.988,723562886561,7484.1
TRD30001022,ORD20000241,C100036,HINDUNILVR,NSE,BUY,MIS,2,1,2496.65,2026-09-10 12:23:10.052,915927162887,2496.65
TRD30001023,ORD20000787,C100149,HINDUNILVR,NSE,BUY,CNC,1,17,2404.75,2026-09-10 12:24:12.341,971688160199,40880.75
TRD30001024,ORD20000787,C100149,HINDUNILVR,NSE,BUY,CNC,2,5,2408.1,2026-09-10 12:24:13.532,627981103602,12040.5
TRD30001025,ORD20001430,C100058,RELIANCE,NSE,BUY,MIS,1,38,2891.3,2026-09-10 12:25:27.620,963547794200,109869.4
TRD30001026,ORD20001430,C100058,RELIANCE,NSE,BUY,MIS,2,12,2891.3,2026-09-10 12:25:31.396,618204975063,34695.6
TRD30001027,ORD20003575,C100188,TATAMOTORS,NSE,SELL,MIS,1,10,921.8,2026-09-10 12:26:18.464,329563052297,9218.0
TRD30001028,ORD20003575,C100188,TATAMOTORS,NSE,SELL,MIS,2,1,921.8,2026-09-10 12:26:19.546,596411628158,921.8
TRD30001029,ORD20003575,C100188,TATAMOTORS,NSE,SELL,MIS,3,3,921.8,2026-09-10 12:26:20.981,206359453972,2765.4
TRD30001030,ORD20001987,C100137,RELIANCE,NSE,BUY,CNC,1,13,2986.8,2026-09-10 12:27:57.695,753251586331,38828.4
TRD30001031,ORD20001987,C100137,RELIANCE,NSE,BUY,CNC,2,18,2986.8,2026-09-10 12:27:59.855,311010048491,53762.4
TRD30001032,ORD20001409,C100088,AXISBANK,BSE,BUY,CNC,1,16,1156.9,2026-09-10 12:28:53.127,473703671002,18510.4
TRD30001033,ORD20001409,C100088,AXISBANK,BSE,BUY,CNC,2,11,1156.9,2026-09-10 12:28:55.652,438858109056,12725.9
TRD30001034,ORD20002894,C100090,ASIANPAINT,NSE,SELL,MIS,1,3,2910.35,2026-09-10 12:29:03.633,312407698798,8731.05
TRD30001035,ORD20002894,C100090,ASIANPAINT,NSE,SELL,MIS,2,1,2910.35,2026-09-10 12:29:03.693,748008511167,2910.35
TRD30001036,ORD20003845,C100067,NTPC,NSE,BUY,CNC,1,22,359.65,2026-09-10 12:33:29.238,387078226915,7912.3
TRD30001037,ORD20003845,C100067,NTPC,NSE,BUY,CNC,2,18,359.65,2026-09-10 12:33:31.621,947623353325,6473.7
TRD30001038,ORD20002700,C100012,TATAMOTORS,NSE,BUY,MIS,1,2,978.4,2026-09-10 12:34:14.099,105986432390,1956.8
TRD30001039,ORD20002700,C100012,TATAMOTORS,NSE,BUY,MIS,2,3,978.4,2026-09-10 12:34:15.691,508104410797,2935.2
TRD30001040,ORD20001198,C100115,HINDUNILVR,NSE,BUY,CNC,1,33,2249.25,2026-09-10 12:34:29.740,517872499722,74225.25
TRD30001041,ORD20001198,C100115,HINDUNILVR,NSE,BUY,CNC,2,8,2248.6,2026-09-10 12:34:32.574,626069895431,17988.8
TRD30001042,ORD20003408,C100035,ITC,NSE,SELL,MIS,1,28,480.2,2026-09-10 12:35:40.797,207976897240,13445.6
TRD30001043,ORD20001937,C100199,BHARTIARTL,NSE,BUY,CNC,1,24,1351.15,2026-09-10 12:36:56.455,874734388977,32427.6
TRD30001044,ORD20003812,C100122,HINDUNILVR,NSE,BUY,CNC,1,2,2336.65,2026-09-10 12:37:21.565,299862013554,4673.3
TRD30001045,ORD20003574,C100146,HDFCBANK,NSE,BUY,CNC,1,9,1597.85,2026-09-10 12:38:40.338,444571008050,14380.65
TRD30001046,ORD20003574,C100146,HDFCBANK,NSE,BUY,CNC,2,7,1597.85,2026-09-10 12:38:43.346,608103633519,11184.95
TRD30001047,ORD20003574,C100146,HDFCBANK,NSE,BUY,CNC,3,20,1597.85,2026-09-10 12:38:43.894,104255595214,31957.0
TRD30001048,ORD20000867,C100104,ICICIBANK,NSE,SELL,CNC,1,1,1213.9,2026-09-10 12:39:53.174,660338372207,1213.9
TRD30001049,ORD20002965,C100196,TATAMOTORS,NSE,BUY,MIS,1,13,975.6,2026-09-10 12:42:08.463,283071645766,12682.8
TRD30001050,ORD20002965,C100196,TATAMOTORS,NSE,BUY,MIS,2,49,975.6,2026-09-10 12:42:11.109,784418152872,47804.4
TRD30001051,ORD20002965,C100196,TATAMOTORS,NSE,BUY,MIS,3,74,975.6,2026-09-10 12:42:14.200,358817948453,72194.4
TRD30001052,ORD20001368,C100152,ITC,NSE,SELL,CNC,1,57,449.25,2026-09-10 12:43:58.296,641344836930,25607.25
TRD30001053,ORD20004043,C100119,ICICIBANK,NSE,BUY,MIS,1,50,1219.0,2026-09-10 12:46:09.506,549854253441,60950.0
TRD30001054,ORD20001677,C100156,KOTAKBANK,BSE,SELL,CNC,1,4,1725.0,2026-09-10 12:47:50.972,893001100040,6900.0
TRD30001055,ORD20001677,C100156,KOTAKBANK,BSE,SELL,CNC,2,5,1726.85,2026-09-10 12:47:51.038,420398380844,8634.25
TRD30001056,ORD20001677,C100156,KOTAKBANK,BSE,SELL,CNC,3,2,1724.95,2026-09-10 12:47:53.330,552163412458,3449.9
TRD30001057,ORD20001481,C100136,AXISBANK,NSE,BUY,MIS,1,6,1186.85,2026-09-10 12:49:02.300,581610385482,7121.1
TRD30001058,ORD20001481,C100136,AXISBANK,NSE,BUY,MIS,2,4,1186.75,2026-09-10 12:49:06.151,199682154484,4747.0
TRD30001059,ORD20001481,C100136,AXISBANK,NSE,BUY,MIS,3,73,1186.35,2026-09-10 12:49:06.802,588769749350,86603.55
TRD30001060,ORD20004497,C100160,ONGC,NSE,BUY,CNC,1,53,273.85,2026-09-10 12:49:30.139,540211910389,14514.05
TRD30001061,ORD20004497,C100160,ONGC,NSE,BUY,CNC,2,32,273.85,2026-09-10 12:49:32.211,253883526795,8763.2
TRD30001062,ORD20004497,C100160,ONGC,NSE,BUY,CNC,3,27,273.85,2026-09-10 12:49:35.136,659551948476,7393.95
TRD30001063,ORD20003191,C100017,BHARTIARTL,NSE,SELL,MIS,1,10,1434.0,2026-09-10 12:51:04.197,560292245649,14340.0
TRD30001067,ORD20000679,C100164,INFY,NSE,BUY,CNC,1,62,1600.3,2026-09-10 12:55:22.188,914909909464,99218.6
TRD30001064,ORD20000977,C100093,KOTAKBANK,NSE,BUY,CNC,1,25,1672.85,2026-09-10 12:55:22.640,227050070335,41821.25
TRD30001068,ORD20000679,C100164,INFY,NSE,BUY,CNC,2,28,1600.3,2026-09-10 12:55:23.134,584753566736,44808.4
TRD30001065,ORD20000977,C100093,KOTAKBANK,NSE,BUY,CNC,2,6,1673.75,2026-09-10 12:55:25.519,665386515802,10042.5
TRD30001066,ORD20000977,C100093,KOTAKBANK,NSE,BUY,CNC,3,29,1673.05,2026-09-10 12:55:25.756,522700438834,48518.45
TRD30001069,ORD20003947,C100012,HINDUNILVR,NSE,BUY,CNC,1,30,2333.9,2026-09-10 12:56:10.039,319283258932,70017.0
TRD30001070,ORD20001739,C100091,INFY,NSE,BUY,MIS,1,15,1632.05,2026-09-10 12:58:21.449,766784250708,24480.75
TRD30001071,ORD20001828,C100024,MARUTI,NSE,SELL,CNC,1,1,12373.5,2026-09-10 12:58:38.107,481464359933,12373.5
TRD30001072,ORD20002424,C100065,BHARTIARTL,NSE,SELL,CNC,1,16,1410.5,2026-09-10 13:01:17.222,851191435322,22568.0
TRD30001073,ORD20002424,C100065,BHARTIARTL,NSE,SELL,CNC,2,5,1410.5,2026-09-10 13:01:17.582,505446881997,7052.5
TRD30001074,ORD20004072,C100105,TATAMOTORS,NSE,BUY,CNC,1,2,874.55,2026-09-10 13:01:42.500,289733117763,1749.1
TRD30001075,ORD20004072,C100105,TATAMOTORS,NSE,BUY,CNC,2,4,874.55,2026-09-10 13:01:44.119,548619925709,3498.2
TRD30001076,ORD20003623,C100024,ASIANPAINT,NSE,SELL,CNC,1,4,2889.35,2026-09-10 13:04:39.159,192989777925,11557.4
TRD30001077,ORD20003623,C100024,ASIANPAINT,NSE,SELL,CNC,2,3,2889.35,2026-09-10 13:04:42.117,454952753486,8668.05
TRD30001078,ORD20003623,C100024,ASIANPAINT,NSE,SELL,CNC,3,2,2889.35,2026-09-10 13:04:42.467,609028430354,5778.7
TRD30001079,ORD20004719,C100048,HINDUNILVR,NSE,SELL,CNC,1,2,2505.55,2026-09-10 13:05:17.779,655572601695,5011.1
TRD30001080,ORD20001315,C100104,MARUTI,NSE,BUY,CNC,1,4,11501.25,2026-09-10 13:06:15.177,438643904893,46005.0
TRD30001081,ORD20001315,C100104,MARUTI,NSE,BUY,CNC,2,2,11505.3,2026-09-10 13:06:16.010,240789586071,23010.6
TRD30001082,ORD20002367,C100030,SBIN,NSE,BUY,MIS,1,4,864.8,2026-09-10 13:13:52.174,388128558749,3459.2
TRD30001083,ORD20002367,C100030,SBIN,NSE,BUY,MIS,2,6,864.8,2026-09-10 13:13:54.783,558019899870,5188.8
TRD30001084,ORD20001468,C100182,ITC,NSE,SELL,MIS,1,181,455.6,2026-09-10 13:18:35.916,591556469875,82463.6
TRD30001085,ORD20004485,C100183,KOTAKBANK,NSE,SELL,MIS,1,86,1710.75,2026-09-10 13:18:45.341,857001171458,147124.5
TRD30001086,ORD20004085,C100040,ITC,NSE,SELL,CNC,1,114,454.0,2026-09-10 13:19:37.898,147833978723,51756.0
TRD30001087,ORD20004780,C100089,HDFCBANK,NSE,BUY,MIS,1,3,1579.2,2026-09-10 13:19:56.484,582656385758,4737.6
TRD30001089,ORD20004575,C100037,SBIN,NSE,SELL,MIS,1,17,837.25,2026-09-10 13:19:57.066,895055052570,14233.25
TRD30001088,ORD20004780,C100089,HDFCBANK,NSE,BUY,MIS,2,20,1579.2,2026-09-10 13:19:59.210,266740204473,31584.0
TRD30001090,ORD20000808,C100074,SBIN,NSE,SELL,MIS,1,19,787.85,2026-09-10 13:21:02.999,717053114150,14969.15
TRD30001091,ORD20003524,C100058,HDFCBANK,BSE,SELL,MIS,1,9,1632.1,2026-09-10 13:21:48.685,343556309939,14688.9
TRD30001092,ORD20003524,C100058,HDFCBANK,BSE,SELL,MIS,2,20,1632.1,2026-09-10 13:21:49.347,623002649010,32642.0
TRD30001093,ORD20003524,C100058,HDFCBANK,BSE,SELL,MIS,3,35,1632.1,2026-09-10 13:21:49.584,879179858998,57123.5
TRD30001094,ORD20002248,C100179,AXISBANK,NSE,BUY,CNC,1,7,1163.2,2026-09-10 13:25:22.141,231021027048,8142.4
TRD30001095,ORD20002248,C100179,AXISBANK,NSE,BUY,CNC,2,7,1162.6,2026-09-10 13:25:25.536,385698521720,8138.2
TRD30001096,ORD20002248,C100179,AXISBANK,NSE,BUY,CNC,3,12,1162.35,2026-09-10 13:25:27.336,530225428414,13948.2
TRD30001097,ORD20002600,C100198,RELIANCE,NSE,BUY,MIS,1,1,2876.55,2026-09-10 13:28:27.559,323992562579,2876.55
TRD30001098,ORD20000065,C100194,TATAMOTORS,NSE,BUY,MIS,1,18,931.35,2026-09-10 13:30:48.888,220081087862,16764.3
TRD30001099,ORD20000065,C100194,TATAMOTORS,NSE,BUY,MIS,2,8,931.35,2026-09-10 13:30:50.708,271876497760,7450.8
TRD30001100,ORD20000065,C100194,TATAMOTORS,NSE,BUY,MIS,3,2,931.35,2026-09-10 13:30:51.808,398616415766,1862.7
TRD30001101,ORD20002720,C100004,BHARTIARTL,NSE,BUY,MIS,1,1,1432.9,2026-09-10 13:36:13.602,783773211228,1432.9
TRD30001102,ORD20002720,C100004,BHARTIARTL,NSE,BUY,MIS,2,19,1433.3,2026-09-10 13:36:14.643,984597382238,27232.7
TRD30001103,ORD20000999,C100113,ITC,NSE,BUY,CNC,1,1,443.75,2026-09-10 13:38:33.144,293855289505,443.75
TRD30001104,ORD20000999,C100113,ITC,NSE,BUY,CNC,2,6,444.0,2026-09-10 13:38:36.174,831978471194,2664.0
TRD30001105,ORD20003457,C100003,MARUTI,NSE,BUY,MIS,1,1,12369.75,2026-09-10 13:39:15.449,501188695496,12369.75
TRD30001106,ORD20004153,C100011,ICICIBANK,NSE,BUY,MIS,1,29,1170.3,2026-09-10 13:39:25.368,205710993760,33938.7
TRD30001107,ORD20003422,C100005,KOTAKBANK,NSE,SELL,CNC,1,32,1703.35,2026-09-10 13:41:07.156,638265769210,54507.2
TRD30001108,ORD20001272,C100104,BHARTIARTL,NSE,BUY,CNC,1,33,1442.4,2026-09-10 13:42:11.684,452061043457,47599.2
TRD30001109,ORD20001272,C100104,BHARTIARTL,NSE,BUY,CNC,2,14,1441.4,2026-09-10 13:42:14.860,376568076918,20179.6
TRD30001110,ORD20002830,C100101,ITC,NSE,BUY,MIS,1,16,449.6,2026-09-10 13:43:16.294,434284216405,7193.6
TRD30001111,ORD20002830,C100101,ITC,NSE,BUY,MIS,2,146,449.6,2026-09-10 13:43:17.515,560512244080,65641.6
TRD30001112,ORD20004260,C100158,ONGC,NSE,BUY,CNC,1,31,267.75,2026-09-10 13:43:43.834,548976798618,8300.25
TRD30001113,ORD20004260,C100158,ONGC,NSE,BUY,CNC,2,35,267.65,2026-09-10 13:43:45.455,456531309103,9367.75
TRD30001114,ORD20001221,C100152,HDFCBANK,NSE,BUY,MIS,1,3,1616.2,2026-09-10 13:45:05.901,197159958652,4848.6
TRD30001115,ORD20002368,C100192,AXISBANK,NSE,SELL,CNC,1,9,1149.35,2026-09-10 13:47:53.841,565447188408,10344.15
TRD30001116,ORD20002368,C100192,AXISBANK,NSE,SELL,CNC,2,14,1149.35,2026-09-10 13:47:54.572,908716331700,16090.9
TRD30001117,ORD20001870,C100141,TITAN,NSE,BUY,MIS,1,1,3471.4,2026-09-10 13:49:10.526,456238598653,3471.4
TRD30001118,ORD20001870,C100141,TITAN,NSE,BUY,MIS,2,3,3471.4,2026-09-10 13:49:11.158,587607797435,10414.2
TRD30001119,ORD20001870,C100141,TITAN,NSE,BUY,MIS,3,3,3471.4,2026-09-10 13:49:11.659,670947197547,10414.2
TRD30001120,ORD20003844,C100168,ITC,NSE,BUY,MIS,1,4,446.45,2026-09-10 13:50:08.728,485719771633,1785.8
TRD30001121,ORD20003844,C100168,ITC,NSE,BUY,MIS,2,10,446.45,2026-09-10 13:50:10.884,815508212924,4464.5
TRD30001122,ORD20003844,C100168,ITC,NSE,BUY,MIS,3,13,446.45,2026-09-10 13:50:13.139,130442312676,5803.85
TRD30001123,ORD20003663,C100196,ONGC,NSE,SELL,CNC,1,1,268.1,2026-09-10 13:52:15.349,205775356304,268.1
TRD30001124,ORD20003663,C100196,ONGC,NSE,SELL,CNC,2,3,268.4,2026-09-10 13:52:16.753,124514660237,805.2
TRD30001125,ORD20003663,C100196,ONGC,NSE,SELL,CNC,3,6,268.4,2026-09-10 13:52:18.209,944542661252,1610.4
TRD30001126,ORD20002712,C100188,HDFCBANK,NSE,SELL,MIS,1,2,1687.4,2026-09-10 13:53:16.278,187362745693,3374.8
TRD30001127,ORD20002712,C100188,HDFCBANK,NSE,SELL,MIS,2,1,1686.45,2026-09-10 13:53:19.012,829237360148,1686.45
TRD30001128,ORD20002712,C100188,HDFCBANK,NSE,SELL,MIS,3,5,1686.6,2026-09-10 13:53:19.406,185795719262,8433.0
TRD30001129,ORD20000322,C100119,MARUTI,NSE,BUY,CNC,1,1,11937.4,2026-09-10 13:54:43.836,494412829326,11937.4
TRD30001130,ORD20002741,C100049,HDFCBANK,NSE,SELL,MIS,1,1,1549.7,2026-09-10 13:55:46.926,589355016842,1549.7
TRD30001131,ORD20002741,C100049,HDFCBANK,NSE,SELL,MIS,2,2,1551.2,2026-09-10 13:55:48.625,809643232968,3102.4
TRD30001132,ORD20002325,C100055,ITC,NSE,SELL,CNC,1,26,450.5,2026-09-10 13:55:59.151,240530114290,11713.0
TRD30001133,ORD20002325,C100055,ITC,NSE,SELL,CNC,2,2,450.5,2026-09-10 13:56:02.463,684927752784,901.0
TRD30001134,ORD20002325,C100055,ITC,NSE,SELL,CNC,3,12,450.5,2026-09-10 13:56:03.968,881626278449,5406.0
TRD30001135,ORD20004937,C100113,HINDUNILVR,NSE,BUY,MIS,1,11,2343.9,2026-09-10 14:01:28.336,953766448294,25782.9
TRD30001136,ORD20004937,C100113,HINDUNILVR,NSE,BUY,MIS,2,4,2343.9,2026-09-10 14:01:29.096,985033025691,9375.6
TRD30001137,ORD20002891,C100107,RELIANCE,NSE,BUY,MIS,1,1,2850.5,2026-09-10 14:04:01.078,934511407280,2850.5
TRD30001138,ORD20002891,C100107,RELIANCE,NSE,BUY,MIS,2,1,2850.5,2026-09-10 14:04:02.654,413025185885,2850.5
TRD30001139,ORD20002891,C100107,RELIANCE,NSE,BUY,MIS,3,1,2850.5,2026-09-10 14:04:04.909,277079367569,2850.5
TRD30001140,ORD20004107,C100185,TATAMOTORS,NSE,SELL,CNC,1,17,929.25,2026-09-10 14:08:44.383,479954124776,15797.25
TRD30001141,ORD20004100,C100048,NTPC,NSE,BUY,MIS,1,25,351.4,2026-09-10 14:09:10.883,291981006363,8785.0
TRD30001142,ORD20004100,C100048,NTPC,NSE,BUY,MIS,2,119,351.55,2026-09-10 14:09:11.333,935259820727,41834.45
TRD30001143,ORD20004100,C100048,NTPC,NSE,BUY,MIS,3,90,351.35,2026-09-10 14:09:12.257,513814755515,31621.5
TRD30001144,ORD20002901,C100147,ASIANPAINT,NSE,SELL,CNC,1,12,2892.4,2026-09-10 14:11:06.378,378864724845,34708.8
TRD30001145,ORD20000123,C100062,BHARTIARTL,NSE,SELL,CNC,1,2,1386.95,2026-09-10 14:16:31.442,928034591328,2773.9
TRD30001146,ORD20000123,C100062,BHARTIARTL,NSE,SELL,CNC,2,4,1386.95,2026-09-10 14:16:34.035,368945601331,5547.8
TRD30001147,ORD20000123,C100062,BHARTIARTL,NSE,SELL,CNC,3,1,1386.95,2026-09-10 14:16:34.709,547051764307,1386.95
TRD30001148,ORD20000634,C100051,ITC,NSE,BUY,CNC,1,42,447.6,2026-09-10 14:16:48.722,512716232891,18799.2
TRD30001149,ORD20000634,C100051,ITC,NSE,BUY,CNC,2,26,447.6,2026-09-10 14:16:48.994,854613298365,11637.6
TRD30001151,ORD20001910,C100123,ONGC,NSE,BUY,MIS,1,23,277.95,2026-09-10 14:16:52.758,416892139287,6392.85
TRD30001150,ORD20000634,C100051,ITC,NSE,BUY,CNC,3,36,447.6,2026-09-10 14:16:52.901,536324652589,16113.6
TRD30001152,ORD20001204,C100027,HINDUNILVR,NSE,BUY,CNC,1,8,2462.75,2026-09-10 14:17:16.941,211923062349,19702.0
TRD30001153,ORD20000656,C100108,SBIN,BSE,BUY,MIS,1,24,801.85,2026-09-10 14:18:43.205,585505175881,19244.4
TRD30001154,ORD20000656,C100108,SBIN,BSE,BUY,MIS,2,10,801.85,2026-09-10 14:18:44.140,699054995759,8018.5
TRD30001155,ORD20000656,C100108,SBIN,BSE,BUY,MIS,3,7,801.85,2026-09-10 14:18:45.739,332696726289,5612.95
TRD30001156,ORD20003777,C100087,SBIN,BSE,BUY,CNC,1,6,808.85,2026-09-10 14:20:02.145,697792471332,4853.1
TRD30001157,ORD20003777,C100087,SBIN,BSE,BUY,CNC,2,1,808.85,2026-09-10 14:20:05.386,515802763612,808.85
TRD30001158,ORD20003777,C100087,SBIN,BSE,BUY,CNC,3,11,808.85,2026-09-10 14:20:06.532,139242055343,8897.35
TRD30001159,ORD20001006,C100080,BHARTIARTL,NSE,BUY,CNC,1,33,1394.2,2026-09-10 14:20:25.834,139601871603,46008.6
TRD30001160,ORD20001006,C100080,BHARTIARTL,NSE,BUY,CNC,2,15,1393.15,2026-09-10 14:20:25.995,153439648121,20897.25
TRD30001161,ORD20001006,C100080,BHARTIARTL,NSE,BUY,CNC,3,1,1395.6,2026-09-10 14:20:29.845,473770566665,1395.6
TRD30001162,ORD20001958,C100190,INFY,NSE,SELL,MIS,1,14,1633.8,2026-09-10 14:25:12.218,837936637722,22873.2
TRD30001163,ORD20001958,C100190,INFY,NSE,SELL,MIS,2,3,1631.75,2026-09-10 14:25:14.303,390054392975,4895.25
TRD30001164,ORD20001553,C100021,INFY,NSE,SELL,CNC,1,31,1639.5,2026-09-10 14:26:05.373,666010402982,50824.5
TRD30001165,ORD20001553,C100021,INFY,NSE,SELL,CNC,2,9,1639.5,2026-09-10 14:26:06.504,860368674931,14755.5
TRD30001166,ORD20002369,C100182,ONGC,NSE,BUY,MIS,1,29,268.6,2026-09-10 14:28:14.871,603888718105,7789.4
TRD30001167,ORD20002369,C100182,ONGC,NSE,BUY,MIS,2,110,268.2,2026-09-10 14:28:16.492,931189410625,29502.0
TRD30001168,ORD20002369,C100182,ONGC,NSE,BUY,MIS,3,140,268.3,2026-09-10 14:28:17.509,375653671026,37562.0
TRD30001169,ORD20002242,C100079,BHARTIARTL,NSE,SELL,CNC,1,18,1369.95,2026-09-10 14:28:23.394,558020155094,24659.1
TRD30001170,ORD20000556,C100041,HDFCBANK,NSE,BUY,CNC,1,1,1670.85,2026-09-10 14:29:35.355,590515297940,1670.85
TRD30001173,ORD20002539,C100163,SUNPHARMA,NSE,BUY,CNC,1,7,1735.85,2026-09-10 14:29:37.878,687252643757,12150.95
TRD30001171,ORD20000556,C100041,HDFCBANK,NSE,BUY,CNC,2,3,1670.85,2026-09-10 14:29:38.609,257619071258,5012.55
TRD30001172,ORD20000556,C100041,HDFCBANK,NSE,BUY,CNC,3,2,1670.85,2026-09-10 14:29:40.586,549510806729,3341.7
TRD30001174,ORD20002119,C100158,HDFCBANK,NSE,SELL,MIS,1,13,1673.05,2026-09-10 14:34:34.796,189646481488,21749.65
TRD30001175,ORD20002119,C100158,HDFCBANK,NSE,SELL,MIS,2,2,1673.05,2026-09-10 14:34:35.041,677520671635,3346.1
TRD30001176,ORD20002119,C100158,HDFCBANK,NSE,SELL,MIS,3,2,1673.05,2026-09-10 14:34:37.283,572757615816,3346.1
TRD30001177,ORD20004805,C100018,HINDUNILVR,NSE,SELL,CNC,1,4,2532.6,2026-09-10 14:37:37.215,434039802929,10130.4
TRD30001178,ORD20004805,C100018,HINDUNILVR,NSE,SELL,CNC,2,1,2532.6,2026-09-10 14:37:40.509,443254840317,2532.6
TRD30001179,ORD20003194,C100131,BHARTIARTL,NSE,SELL,MIS,1,39,1400.55,2026-09-10 14:46:37.177,870242925473,54621.45
TRD30001180,ORD20003194,C100131,BHARTIARTL,NSE,SELL,MIS,2,37,1400.55,2026-09-10 14:46:39.662,967003856926,51820.35
TRD30001181,ORD20003194,C100131,BHARTIARTL,NSE,SELL,MIS,3,16,1400.55,2026-09-10 14:46:41.879,418297599362,22408.8
TRD30001182,ORD20004551,C100031,NTPC,NSE,SELL,MIS,1,94,361.2,2026-09-10 14:47:37.998,512807497190,33952.8
TRD30001183,ORD20000519,C100028,ITC,NSE,BUY,CNC,1,3,467.6,2026-09-10 14:48:22.191,533968752160,1402.8
TRD30001184,ORD20000519,C100028,ITC,NSE,BUY,CNC,2,4,467.6,2026-09-10 14:48:22.242,688223196646,1870.4
TRD30001185,ORD20000519,C100028,ITC,NSE,BUY,CNC,3,4,467.6,2026-09-10 14:48:25.141,316736270799,1870.4
TRD30001186,ORD20003853,C100190,KOTAKBANK,NSE,SELL,MIS,1,7,1692.7,2026-09-10 14:48:26.338,420904063516,11848.9
TRD30001187,ORD20003853,C100190,KOTAKBANK,NSE,SELL,MIS,2,1,1688.2,2026-09-10 14:48:26.717,225603939049,1688.2
TRD30001188,ORD20003853,C100190,KOTAKBANK,NSE,SELL,MIS,3,10,1689.5,2026-09-10 14:48:30.475,107289889697,16895.0
TRD30001189,ORD20002811,C100037,ITC,NSE,BUY,CNC,1,57,449.6,2026-09-10 14:53:37.405,268478430760,25627.2
TRD30001190,ORD20004434,C100085,INFY,NSE,BUY,CNC,1,1,1689.3,2026-09-10 14:54:08.775,140588243017,1689.3
TRD30001191,ORD20004434,C100085,INFY,NSE,BUY,CNC,2,1,1689.3,2026-09-10 14:54:11.186,318091086401,1689.3
TRD30001192,ORD20003023,C100064,ICICIBANK,NSE,BUY,MIS,1,6,1212.0,2026-09-10 14:55:47.803,424244727734,7272.0
TRD30001193,ORD20003023,C100064,ICICIBANK,NSE,BUY,MIS,2,24,1212.0,2026-09-10 14:55:48.028,157638640395,29088.0
TRD30001194,ORD20003767,C100161,TATAMOTORS,NSE,BUY,MIS,1,4,948.1,2026-09-10 14:58:08.773,964255870776,3792.4
TRD30001195,ORD20003767,C100161,TATAMOTORS,NSE,BUY,MIS,2,33,949.4,2026-09-10 14:58:11.708,221356967526,31330.2
TRD30001196,ORD20002453,C100130,RELIANCE,NSE,BUY,CNC,1,6,2786.9,2026-09-10 14:59:42.438,870626573272,16721.4
TRD30001197,ORD20002453,C100130,RELIANCE,NSE,BUY,CNC,2,11,2786.9,2026-09-10 14:59:44.513,743037624921,30655.9
TRD30001198,ORD20002453,C100130,RELIANCE,NSE,BUY,CNC,3,5,2786.9,2026-09-10 14:59:46.763,792206505260,13934.5
TRD30001199,ORD20001345,C100082,ITC,NSE,SELL,MIS,1,96,469.05,2026-09-10 15:00:24.072,299907291458,45028.8
TRD30001200,ORD20004067,C100084,ICICIBANK,NSE,SELL,MIS,1,7,1115.65,2026-09-10 15:00:47.703,945134514472,7809.55
TRD30001201,ORD20002692,C100034,ITC,NSE,BUY,MIS,1,77,461.85,2026-09-10 15:04:48.148,307163463939,35562.45
TRD30001202,ORD20002692,C100034,ITC,NSE,BUY,MIS,2,37,461.85,2026-09-10 15:04:50.479,119780296262,17088.45
TRD30001203,ORD20002692,C100034,ITC,NSE,BUY,MIS,3,8,461.85,2026-09-10 15:04:52.274,238822971601,3694.8
TRD30001204,ORD20001787,C100175,HINDUNILVR,NSE,BUY,CNC,1,2,2534.5,2026-09-10 15:09:58.623,415301497981,5069.0
TRD30001205,ORD20000841,C100042,ONGC,NSE,SELL,MIS,1,2,264.45,2026-09-10 15:10:22.902,172478634965,528.9
TRD30001206,ORD20000841,C100042,ONGC,NSE,SELL,MIS,2,6,264.45,2026-09-10 15:10:26.172,830467119785,1586.7
TRD30001207,ORD20000841,C100042,ONGC,NSE,SELL,MIS,3,1,264.45,2026-09-10 15:10:27.508,604494667897,264.45
TRD30001208,ORD20001761,C100083,TATAMOTORS,NSE,BUY,CNC,1,5,950.75,2026-09-10 15:12:36.250,933995196926,4753.75
TRD30001209,ORD20000898,C100041,HINDUNILVR,NSE,SELL,MIS,1,2,2461.8,2026-09-10 15:12:55.394,628710614874,4923.6
TRD30001210,ORD20000898,C100041,HINDUNILVR,NSE,SELL,MIS,2,1,2461.8,2026-09-10 15:12:57.890,157216067368,2461.8
TRD30001211,ORD20003172,C100094,HINDUNILVR,NSE,SELL,MIS,1,5,2410.75,2026-09-10 15:14:18.153,582703280245,12053.75
TRD30001212,ORD20003172,C100094,HINDUNILVR,NSE,SELL,MIS,2,2,2410.75,2026-09-10 15:14:19.825,170755805658,4821.5
TRD30001213,ORD20003172,C100094,HINDUNILVR,NSE,SELL,MIS,3,1,2410.75,2026-09-10 15:14:22.627,944916548678,2410.75
TRD30001214,ORD20003969,C100081,MARUTI,NSE,SELL,CNC,1,4,12112.0,2026-09-10 15:15:28.759,690877623072,48448.0
TRD30001215,ORD20003969,C100081,MARUTI,NSE,SELL,CNC,2,3,12116.65,2026-09-10 15:15:32.597,413144950574,36349.95
TRD30001216,ORD20003969,C100081,MARUTI,NSE,SELL,CNC,3,4,12112.9,2026-09-10 15:15:36.196,648255704724,48451.6
TRD30001218,ORD20004030,C100186,HINDUNILVR,NSE,BUY,CNC,1,24,2464.9,2026-09-10 15:16:09.397,945809178164,59157.6
TRD30001217,ORD20000624,C100004,HDFCBANK,NSE,BUY,MIS,1,8,1637.3,2026-09-10 15:16:10.075,776736152683,13098.4
TRD30001219,ORD20004030,C100186,HINDUNILVR,NSE,BUY,CNC,2,14,2464.9,2026-09-10 15:16:11.406,663870733358,34508.6
TRD30001220,ORD20002624,C100013,HINDUNILVR,NSE,SELL,CNC,1,26,2473.1,2026-09-10 15:16:16.298,707384235576,64300.6
TRD30001221,ORD20000931,C100089,ITC,NSE,BUY,CNC,1,265,426.95,2026-09-10 15:16:40.211,460998187830,113141.75
TRD30001222,ORD20001555,C100048,ICICIBANK,NSE,BUY,CNC,1,21,1166.2,2026-09-10 15:19:22.130,302383273305,24490.2
TRD30001223,ORD20001291,C100138,ITC,NSE,BUY,MIS,1,14,446.95,2026-09-10 15:21:27.843,417024774989,6257.3
TRD30001224,ORD20004493,C100155,NTPC,NSE,BUY,MIS,1,405,356.45,2026-09-11 09:17:14.923,695581455957,144362.25
TRD30001225,ORD20004127,C100162,AXISBANK,NSE,BUY,MIS,1,17,1130.8,2026-09-11 09:19:45.350,884773589642,19223.6
TRD30001226,ORD20004127,C100162,AXISBANK,NSE,BUY,MIS,2,37,1129.3,2026-09-11 09:19:45.690,698914307188,41784.1
TRD30001227,ORD20004127,C100162,AXISBANK,NSE,BUY,MIS,3,1,1129.9,2026-09-11 09:19:46.629,960796502229,1129.9
TRD30001228,ORD20000582,C100147,MARUTI,NSE,BUY,MIS,1,1,12113.3,2026-09-11 09:19:59.821,704929378165,12113.3
TRD30001229,ORD20000582,C100147,MARUTI,NSE,BUY,MIS,2,1,12115.9,2026-09-11 09:20:00.161,666133293736,12115.9
TRD30001230,ORD20001630,C100150,TATAMOTORS,NSE,SELL,MIS,1,1,952.8,2026-09-11 09:27:24.849,111254296562,952.8
TRD30001231,ORD20001630,C100150,TATAMOTORS,NSE,SELL,MIS,2,12,955.4,2026-09-11 09:27:28.136,648931734714,11464.8
TRD30001232,ORD20001630,C100150,TATAMOTORS,NSE,SELL,MIS,3,2,953.95,2026-09-11 09:27:28.537,165411421007,1907.9
TRD30001233,ORD20004317,C100082,ICICIBANK,NSE,BUY,MIS,1,21,1216.95,2026-09-11 09:28:52.171,569962562669,25555.95
TRD30001234,ORD20002964,C100194,ITC,NSE,SELL,MIS,1,7,459.8,2026-09-11 09:29:06.875,627649894436,3218.6
TRD30001235,ORD20002964,C100194,ITC,NSE,SELL,MIS,2,2,459.8,2026-09-11 09:29:10.612,681592636819,919.6
TRD30001236,ORD20001082,C100135,ITC,NSE,BUY,MIS,1,1,461.65,2026-09-11 09:30:50.672,884064805614,461.65
TRD30001237,ORD20001082,C100135,ITC,NSE,BUY,MIS,2,20,461.65,2026-09-11 09:30:51.393,525678807812,9233.0
TRD30001238,ORD20002078,C100019,ITC,NSE,BUY,MIS,1,192,445.05,2026-09-11 09:34:53.375,532722041638,85449.6
TRD30001239,ORD20003404,C100077,TATAMOTORS,NSE,BUY,MIS,1,1,969.1,2026-09-11 09:36:09.236,593827539497,969.1
TRD30001240,ORD20003404,C100077,TATAMOTORS,NSE,BUY,MIS,2,2,968.6,2026-09-11 09:36:09.777,401073261321,1937.2
TRD30001241,ORD20003404,C100077,TATAMOTORS,NSE,BUY,MIS,3,2,968.85,2026-09-11 09:36:12.498,344404400776,1937.7
TRD30001242,ORD20004496,C100089,INFY,NSE,SELL,CNC,1,24,1620.05,2026-09-11 09:39:29.366,196257787411,38881.2
TRD30001243,ORD20004496,C100089,INFY,NSE,SELL,CNC,2,9,1619.1,2026-09-11 09:39:32.975,855767093988,14571.9
TRD30001244,ORD20000704,C100057,TITAN,NSE,BUY,MIS,1,18,3185.8,2026-09-11 09:40:07.525,137576364654,57344.4
TRD30001245,ORD20001667,C100113,MARUTI,NSE,BUY,MIS,1,3,12245.75,2026-09-11 09:42:58.944,983062727460,36737.25
TRD30001246,ORD20001667,C100113,MARUTI,NSE,BUY,MIS,2,2,12245.75,2026-09-11 09:43:02.737,360219775780,24491.5
TRD30001247,ORD20000810,C100185,BHARTIARTL,NSE,BUY,MIS,1,4,1404.0,2026-09-11 09:43:07.516,731832450263,5616.0
TRD30001248,ORD20000810,C100185,BHARTIARTL,NSE,BUY,MIS,2,20,1406.6,2026-09-11 09:43:07.726,758153688360,28132.0
TRD30001249,ORD20004740,C100191,ITC,NSE,BUY,MIS,1,68,465.85,2026-09-11 09:44:52.707,457499117195,31677.8
TRD30001250,ORD20000895,C100015,AXISBANK,NSE,BUY,CNC,1,16,1208.75,2026-09-11 09:49:09.396,469472054469,19340.0
TRD30001251,ORD20000895,C100015,AXISBANK,NSE,BUY,CNC,2,34,1208.3,2026-09-11 09:49:10.827,638054244142,41082.2
TRD30001252,ORD20002037,C100166,HINDUNILVR,NSE,SELL,MIS,1,8,2556.5,2026-09-11 09:50:30.407,162454869386,20452.0
TRD30001253,ORD20000907,C100059,BHARTIARTL,NSE,SELL,CNC,1,8,1415.85,2026-09-11 09:51:29.638,119745884223,11326.8
TRD30001254,ORD20000907,C100059,BHARTIARTL,NSE,SELL,CNC,2,10,1415.9,2026-09-11 09:51:30.115,750249832915,14159.0
TRD30001255,ORD20000907,C100059,BHARTIARTL,NSE,SELL,CNC,3,3,1416.15,2026-09-11 09:51:30.217,567520567959,4248.45
TRD30001256,ORD20002151,C100105,TATAMOTORS,NSE,SELL,CNC,1,19,942.4,2026-09-11 09:52:33.807,998472933985,17905.6
TRD30001257,ORD20002151,C100105,TATAMOTORS,NSE,SELL,CNC,2,30,942.4,2026-09-11 09:52:37.279,368944341288,28272.0
TRD30001258,ORD20001451,C100194,NTPC,NSE,BUY,MIS,1,16,358.3,2026-09-11 09:52:54.523,435628328416,5732.8
TRD30001259,ORD20001451,C100194,NTPC,NSE,BUY,MIS,2,7,358.3,2026-09-11 09:52:56.613,671337870179,2508.1
TRD30001260,ORD20001451,C100194,NTPC,NSE,BUY,MIS,3,15,358.3,2026-09-11 09:52:59.362,718716871454,5374.5
TRD30001261,ORD20003697,C100039,HINDUNILVR,NSE,SELL,CNC,1,1,2387.0,2026-09-11 10:01:17.465,447724770521,2387.0
TRD30001262,ORD20003697,C100039,HINDUNILVR,NSE,SELL,CNC,2,1,2388.5,2026-09-11 10:01:21.052,209766318097,2388.5
TRD30001263,ORD20004459,C100028,INFY,NSE,BUY,CNC,1,13,1672.45,2026-09-11 10:02:05.603,161135096980,21741.85
TRD30001264,ORD20004879,C100167,ITC,NSE,SELL,CNC,1,6,456.95,2026-09-11 10:07:45.763,101577148440,2741.7
TRD30001266,ORD20004846,C100085,AXISBANK,NSE,BUY,CNC,1,11,1121.6,2026-09-11 10:07:46.849,350824080014,12337.6
TRD30001265,ORD20004879,C100167,ITC,NSE,SELL,CNC,2,2,457.45,2026-09-11 10:07:48.388,433345874850,914.9
TRD30001267,ORD20004846,C100085,AXISBANK,NSE,BUY,CNC,2,12,1120.55,2026-09-11 10:07:49.380,119351527523,13446.6
TRD30001268,ORD20004846,C100085,AXISBANK,NSE,BUY,CNC,3,15,1119.9,2026-09-11 10:07:52.678,693510868400,16798.5
TRD30001269,ORD20002355,C100043,HDFCBANK,NSE,BUY,CNC,1,1,1689.3,2026-09-11 10:08:02.030,419374465521,1689.3
TRD30001270,ORD20002355,C100043,HDFCBANK,NSE,BUY,CNC,2,1,1688.05,2026-09-11 10:08:04.369,590493923356,1688.05
TRD30001271,ORD20002355,C100043,HDFCBANK,NSE,BUY,CNC,3,5,1689.0,2026-09-11 10:08:04.612,877652224678,8445.0
TRD30001272,ORD20004024,C100040,ASIANPAINT,NSE,BUY,CNC,1,2,2853.45,2026-09-11 10:10:53.075,427254472379,5706.9
TRD30001273,ORD20004024,C100040,ASIANPAINT,NSE,BUY,CNC,2,4,2853.45,2026-09-11 10:10:53.137,294750738206,11413.8
TRD30001274,ORD20004024,C100040,ASIANPAINT,NSE,BUY,CNC,3,1,2853.45,2026-09-11 10:10:53.803,350289664047,2853.45
TRD30001275,ORD20001571,C100065,HDFCBANK,NSE,SELL,CNC,1,5,1667.25,2026-09-11 10:14:10.808,135725625430,8336.25
TRD30001276,ORD20001571,C100065,HDFCBANK,NSE,SELL,CNC,2,15,1667.25,2026-09-11 10:14:13.911,302724408335,25008.75
TRD30001277,ORD20000988,C100117,MARUTI,NSE,BUY,CNC,1,8,11463.7,2026-09-11 10:14:21.367,912023604251,91709.6
TRD30001278,ORD20002546,C100027,TCS,NSE,SELL,CNC,1,2,3916.15,2026-09-11 10:16:52.163,213241178580,7832.3
TRD30001279,ORD20002546,C100027,TCS,NSE,SELL,CNC,2,5,3916.15,2026-09-11 10:16:53.196,397425054727,19580.75
TRD30001280,ORD20002222,C100057,ICICIBANK,NSE,BUY,MIS,1,70,1235.45,2026-09-11 10:19:04.249,215675807512,86481.5
TRD30001281,ORD20002879,C100020,INFY,NSE,SELL,MIS,1,2,1622.05,2026-09-11 10:22:17.926,152928004721,3244.1
TRD30001282,ORD20002879,C100020,INFY,NSE,SELL,MIS,2,3,1623.65,2026-09-11 10:22:20.195,440928486478,4870.95
TRD30001283,ORD20002879,C100020,INFY,NSE,SELL,MIS,3,2,1623.35,2026-09-11 10:22:20.375,840334643022,3246.7
TRD30001284,ORD20002484,C100070,SBIN,NSE,SELL,CNC,1,7,854.6,2026-09-11 10:24:58.319,134320641182,5982.2
TRD30001285,ORD20002484,C100070,SBIN,NSE,SELL,CNC,2,3,854.0,2026-09-11 10:24:58.965,717208506573,2562.0
TRD30001286,ORD20001038,C100150,HDFCBANK,NSE,BUY,MIS,1,23,1673.0,2026-09-11 10:25:16.408,144821185479,38479.0
TRD30001287,ORD20003018,C100055,HINDUNILVR,BSE,SELL,CNC,1,1,2407.1,2026-09-11 10:25:21.573,753278696944,2407.1
TRD30001288,ORD20003018,C100055,HINDUNILVR,BSE,SELL,CNC,2,1,2402.35,2026-09-11 10:25:25.446,968857373365,2402.35
TRD30001289,ORD20001431,C100094,SBIN,NSE,SELL,MIS,1,18,800.7,2026-09-11 10:27:41.051,348639464296,14412.6
TRD30001290,ORD20001431,C100094,SBIN,NSE,SELL,MIS,2,39,800.7,2026-09-11 10:27:43.481,511836138847,31227.3
TRD30001291,ORD20001431,C100094,SBIN,NSE,SELL,MIS,3,17,800.7,2026-09-11 10:27:43.760,593049037144,13611.9
TRD30001292,ORD20002633,C100021,AXISBANK,NSE,SELL,MIS,1,5,1216.6,2026-09-11 10:27:56.897,304782176252,6083.0
TRD30001293,ORD20002633,C100021,AXISBANK,NSE,SELL,MIS,2,18,1216.6,2026-09-11 10:27:58.814,141522055374,21898.8
TRD30001294,ORD20001577,C100040,ICICIBANK,NSE,BUY,CNC,1,25,1196.8,2026-09-11 10:31:36.990,161150909788,29920.0
TRD30001295,ORD20004568,C100155,NTPC,NSE,SELL,CNC,1,18,369.25,2026-09-11 10:32:26.222,433090261642,6646.5
TRD30001296,ORD20000391,C100149,RELIANCE,NSE,BUY,CNC,1,1,2760.2,2026-09-11 10:32:47.256,285827523213,2760.2
TRD30001297,ORD20000391,C100149,RELIANCE,NSE,BUY,CNC,2,1,2760.2,2026-09-11 10:32:49.722,562145327249,2760.2
TRD30001298,ORD20003231,C100002,ITC,NSE,BUY,CNC,1,10,451.25,2026-09-11 10:33:24.322,157866147510,4512.5
TRD30001299,ORD20003231,C100002,ITC,NSE,BUY,CNC,2,18,451.25,2026-09-11 10:33:24.956,718346575270,8122.5
TRD30001300,ORD20003376,C100093,HINDUNILVR,BSE,BUY,MIS,1,2,2332.85,2026-09-11 10:37:54.725,237708063396,4665.7
TRD30001301,ORD20003376,C100093,HINDUNILVR,BSE,BUY,MIS,2,2,2332.85,2026-09-11 10:37:55.352,130276333551,4665.7
TRD30001302,ORD20003376,C100093,HINDUNILVR,BSE,BUY,MIS,3,2,2332.85,2026-09-11 10:37:56.365,326744066939,4665.7
TRD30001303,ORD20000164,C100055,ITC,NSE,SELL,CNC,1,2,457.35,2026-09-11 10:38:14.833,716859413023,914.7
TRD30001304,ORD20000164,C100055,ITC,NSE,SELL,CNC,2,10,458.1,2026-09-11 10:38:16.028,203095383406,4581.0
TRD30001305,ORD20000164,C100055,ITC,NSE,SELL,CNC,3,2,458.35,2026-09-11 10:38:17.665,796802216684,916.7
TRD30001306,ORD20003677,C100187,ASIANPAINT,NSE,SELL,MIS,1,12,2831.65,2026-09-11 10:40:55.861,663707903131,33979.8
TRD30001307,ORD20004935,C100159,RELIANCE,NSE,BUY,CNC,1,5,2931.95,2026-09-11 10:42:10.357,376918059780,14659.75
TRD30001308,ORD20001413,C100029,TATAMOTORS,NSE,BUY,MIS,1,18,931.15,2026-09-11 10:43:27.146,181369157287,16760.7
TRD30001309,ORD20001413,C100029,TATAMOTORS,NSE,BUY,MIS,2,8,932.65,2026-09-11 10:43:31.031,918652936817,7461.2
TRD30001310,ORD20001413,C100029,TATAMOTORS,NSE,BUY,MIS,3,6,932.05,2026-09-11 10:43:32.642,309699793910,5592.3
TRD30001311,ORD20002225,C100124,HINDUNILVR,NSE,SELL,MIS,1,23,2488.6,2026-09-11 10:44:07.361,669264977623,57237.8
TRD30001312,ORD20002225,C100124,HINDUNILVR,NSE,SELL,MIS,2,6,2488.6,2026-09-11 10:44:09.129,722017230959,14931.6
TRD30001313,ORD20003762,C100057,TATAMOTORS,NSE,BUY,MIS,1,18,948.4,2026-09-11 10:46:37.293,578670662689,17071.2
TRD30001314,ORD20003762,C100057,TATAMOTORS,NSE,BUY,MIS,2,1,948.4,2026-09-11 10:46:38.809,625770029280,948.4
TRD30001316,ORD20004988,C100142,AXISBANK,NSE,SELL,MIS,1,7,1171.9,2026-09-11 10:46:41.199,628722603466,8203.3
TRD30001315,ORD20003762,C100057,TATAMOTORS,NSE,BUY,MIS,3,8,948.4,2026-09-11 10:46:41.541,366611378228,7587.2
TRD30001317,ORD20001752,C100130,KOTAKBANK,NSE,SELL,MIS,1,15,1693.95,2026-09-11 10:49:39.359,841372187927,25409.25
TRD30001318,ORD20002156,C100152,SBIN,NSE,SELL,CNC,1,17,806.0,2026-09-11 10:50:51.688,799070480361,13702.0
TRD30001319,ORD20001357,C100130,ITC,NSE,SELL,CNC,1,3,467.2,2026-09-11 10:52:20.445,300764162523,1401.6
TRD30001320,ORD20001357,C100130,ITC,NSE,SELL,CNC,2,1,467.0,2026-09-11 10:52:21.326,804469885930,467.0
TRD30001321,ORD20001357,C100130,ITC,NSE,SELL,CNC,3,5,467.65,2026-09-11 10:52:22.639,711945996226,2338.25
TRD30001322,ORD20002224,C100159,ITC,NSE,BUY,MIS,1,41,422.5,2026-09-11 10:53:37.907,492625826265,17322.5
TRD30001323,ORD20002224,C100159,ITC,NSE,BUY,MIS,2,225,422.5,2026-09-11 10:53:40.301,537606338653,95062.5
TRD30001324,ORD20001531,C100198,MARUTI,NSE,BUY,MIS,1,1,11644.25,2026-09-11 10:53:53.668,564696608668,11644.25
TRD30001325,ORD20002682,C100017,ICICIBANK,NSE,BUY,CNC,1,11,1149.95,2026-09-11 10:54:01.969,801014322091,12649.45
TRD30001326,ORD20002422,C100151,ITC,NSE,SELL,MIS,1,12,447.7,2026-09-11 10:54:27.889,650697892825,5372.4
TRD30001327,ORD20002422,C100151,ITC,NSE,SELL,MIS,2,4,447.7,2026-09-11 10:54:28.611,862890794035,1790.8
TRD30001328,ORD20002962,C100175,TATAMOTORS,NSE,BUY,MIS,1,3,942.65,2026-09-11 10:55:51.406,838459029795,2827.95
TRD30001329,ORD20002962,C100175,TATAMOTORS,NSE,BUY,MIS,2,7,942.65,2026-09-11 10:55:54.324,922482787806,6598.55
TRD30001330,ORD20004683,C100097,RELIANCE,NSE,BUY,MIS,1,8,2899.9,2026-09-11 10:56:39.165,887387258278,23199.2
TRD30001331,ORD20000454,C100093,ITC,NSE,BUY,MIS,1,23,443.35,2026-09-11 11:01:16.589,118808018197,10197.05
TRD30001332,ORD20003793,C100071,ASIANPAINT,NSE,SELL,MIS,1,8,3104.55,2026-09-11 11:05:26.628,426531922745,24836.4
TRD30001333,ORD20003793,C100071,ASIANPAINT,NSE,SELL,MIS,2,1,3105.8,2026-09-11 11:05:29.000,436277258690,3105.8
TRD30001334,ORD20003295,C100122,HINDUNILVR,NSE,BUY,MIS,1,3,2347.2,2026-09-11 11:05:40.419,718217709672,7041.6
TRD30001335,ORD20003295,C100122,HINDUNILVR,NSE,BUY,MIS,2,21,2347.7,2026-09-11 11:05:43.005,610087788496,49301.7
TRD30001336,ORD20003920,C100089,HINDUNILVR,NSE,SELL,CNC,1,1,2362.8,2026-09-11 11:05:53.233,991453580732,2362.8
TRD30001337,ORD20001600,C100024,RELIANCE,BSE,SELL,MIS,1,1,2828.55,2026-09-11 11:06:03.673,656520853864,2828.55
TRD30001338,ORD20001600,C100024,RELIANCE,BSE,SELL,MIS,2,2,2828.55,2026-09-11 11:06:05.642,610322967033,5657.1
TRD30001339,ORD20001600,C100024,RELIANCE,BSE,SELL,MIS,3,1,2828.55,2026-09-11 11:06:07.211,865196532706,2828.55
TRD30001340,ORD20000719,C100196,HINDUNILVR,NSE,SELL,CNC,1,2,2442.7,2026-09-11 11:06:49.835,811021432587,4885.4
TRD30001341,ORD20002021,C100046,ONGC,NSE,SELL,MIS,1,53,276.85,2026-09-11 11:07:53.140,244398361593,14673.05
TRD30001342,ORD20002431,C100052,ASIANPAINT,NSE,SELL,MIS,1,44,2946.2,2026-09-11 11:10:39.083,535559507310,129632.8
TRD30001343,ORD20003341,C100152,ICICIBANK,NSE,BUY,MIS,1,2,1171.75,2026-09-11 11:11:59.695,992577869737,2343.5
TRD30001344,ORD20003341,C100152,ICICIBANK,NSE,BUY,MIS,2,16,1173.3,2026-09-11 11:12:00.525,737094806416,18772.8
TRD30001345,ORD20003341,C100152,ICICIBANK,NSE,BUY,MIS,3,11,1173.0,2026-09-11 11:12:04.052,121158105190,12903.0
TRD30001346,ORD20002745,C100172,TCS,NSE,SELL,MIS,1,1,3897.7,2026-09-11 11:16:49.724,155376778945,3897.7
TRD30001347,ORD20001967,C100197,ONGC,BSE,BUY,MIS,1,5,283.15,2026-09-11 11:17:24.335,758317604812,1415.75
TRD30001348,ORD20001967,C100197,ONGC,BSE,BUY,MIS,2,2,283.15,2026-09-11 11:17:27.343,795984921231,566.3
TRD30001349,ORD20001967,C100197,ONGC,BSE,BUY,MIS,3,2,283.15,2026-09-11 11:17:30.488,837520612233,566.3
TRD30001350,ORD20004351,C100034,TATAMOTORS,NSE,BUY,MIS,1,32,937.25,2026-09-11 11:17:48.431,363387310495,29992.0
TRD30001351,ORD20004351,C100034,TATAMOTORS,NSE,BUY,MIS,2,20,937.25,2026-09-11 11:17:49.598,825462297073,18745.0
TRD30001352,ORD20004351,C100034,TATAMOTORS,NSE,BUY,MIS,3,7,937.25,2026-09-11 11:17:50.945,992929715433,6560.75
TRD30001353,ORD20001786,C100080,AXISBANK,NSE,SELL,CNC,1,11,1156.5,2026-09-11 11:17:51.233,618516593897,12721.5
TRD30001354,ORD20001786,C100080,AXISBANK,NSE,SELL,CNC,2,11,1157.8,2026-09-11 11:17:51.489,638135031986,12735.8
TRD30001355,ORD20001786,C100080,AXISBANK,NSE,SELL,CNC,3,2,1155.75,2026-09-11 11:17:53.674,319788135748,2311.5
TRD30001356,ORD20003518,C100044,ITC,NSE,SELL,MIS,1,1,438.1,2026-09-11 11:21:00.380,294149574140,438.1
TRD30001357,ORD20003518,C100044,ITC,NSE,SELL,MIS,2,3,438.1,2026-09-11 11:21:00.749,107085316229,1314.3
TRD30001358,ORD20003518,C100044,ITC,NSE,SELL,MIS,3,7,438.1,2026-09-11 11:21:03.195,293552516535,3066.7
TRD30001359,ORD20001912,C100179,BHARTIARTL,NSE,BUY,CNC,1,2,1453.7,2026-09-11 11:22:24.535,236618998868,2907.4
TRD30001360,ORD20001912,C100179,BHARTIARTL,NSE,BUY,CNC,2,1,1453.7,2026-09-11 11:22:24.609,696492512498,1453.7
TRD30001361,ORD20001912,C100179,BHARTIARTL,NSE,BUY,CNC,3,1,1453.7,2026-09-11 11:22:24.961,136995781161,1453.7
TRD30001362,ORD20002708,C100160,SBIN,NSE,BUY,MIS,1,2,823.1,2026-09-11 11:27:51.819,971619869225,1646.2
TRD30001363,ORD20002708,C100160,SBIN,NSE,BUY,MIS,2,39,823.1,2026-09-11 11:27:52.522,927959892569,32100.9
TRD30001364,ORD20002708,C100160,SBIN,NSE,BUY,MIS,3,28,823.1,2026-09-11 11:27:53.232,383869054067,23046.8
TRD30001365,ORD20000804,C100088,TATAMOTORS,NSE,BUY,CNC,1,1,1004.7,2026-09-11 11:28:20.875,920664219126,1004.7
TRD30001366,ORD20001085,C100066,ITC,NSE,SELL,MIS,1,39,453.6,2026-09-11 11:32:04.976,530658870661,17690.4
TRD30001367,ORD20001085,C100066,ITC,NSE,SELL,MIS,2,102,453.6,2026-09-11 11:32:06.449,873558112545,46267.2
TRD30001368,ORD20001579,C100151,ITC,NSE,BUY,MIS,1,6,445.05,2026-09-11 11:32:37.930,719488042737,2670.3
TRD30001369,ORD20001579,C100151,ITC,NSE,BUY,MIS,2,9,445.05,2026-09-11 11:32:40.812,183620151582,4005.45
TRD30001370,ORD20001579,C100151,ITC,NSE,BUY,MIS,3,41,445.05,2026-09-11 11:32:41.139,742020502624,18247.05
TRD30001371,ORD20001725,C100064,HDFCBANK,NSE,SELL,MIS,1,1,1587.1,2026-09-11 11:33:59.124,675875867034,1587.1
TRD30001372,ORD20001725,C100064,HDFCBANK,NSE,SELL,MIS,2,1,1589.1,2026-09-11 11:34:00.799,825323909885,1589.1
TRD30001373,ORD20002226,C100189,HINDUNILVR,NSE,BUY,MIS,1,25,2396.7,2026-09-11 11:34:27.209,789171988039,59917.5
TRD30001374,ORD20004713,C100004,HDFCBANK,NSE,SELL,CNC,1,2,1609.45,2026-09-11 11:34:45.830,759162821572,3218.9
TRD30001375,ORD20004713,C100004,HDFCBANK,NSE,SELL,CNC,2,1,1609.45,2026-09-11 11:34:46.652,681117109104,1609.45
TRD30001376,ORD20004604,C100087,ITC,BSE,BUY,MIS,1,70,433.2,2026-09-11 11:35:04.558,872413365581,30324.0
TRD30001377,ORD20003996,C100037,ONGC,NSE,BUY,MIS,1,13,263.15,2026-09-11 11:36:57.081,801165248192,3420.95
TRD30001378,ORD20003996,C100037,ONGC,NSE,BUY,MIS,2,1,263.15,2026-09-11 11:37:00.825,762240692446,263.15
TRD30001379,ORD20001545,C100002,HDFCBANK,NSE,BUY,MIS,1,3,1700.5,2026-09-11 11:38:40.186,210337973586,5101.5
TRD30001380,ORD20001545,C100002,HDFCBANK,NSE,BUY,MIS,2,1,1700.5,2026-09-11 11:38:41.662,974936389200,1700.5
TRD30001381,ORD20003366,C100082,HDFCBANK,NSE,SELL,MIS,1,23,1731.0,2026-09-11 11:38:45.771,888401125304,39813.0
TRD30001382,ORD20003366,C100082,HDFCBANK,NSE,SELL,MIS,2,15,1731.0,2026-09-11 11:38:48.180,581941545237,25965.0
TRD30001383,ORD20003366,C100082,HDFCBANK,NSE,SELL,MIS,3,2,1731.0,2026-09-11 11:38:50.358,910001449447,3462.0
TRD30001384,ORD20001388,C100166,RELIANCE,NSE,SELL,MIS,1,12,2989.3,2026-09-11 11:39:44.719,584292467511,35871.6
TRD30001385,ORD20001388,C100166,RELIANCE,NSE,SELL,MIS,2,6,2988.45,2026-09-11 11:39:47.843,595242025462,17930.7
TRD30001386,ORD20001388,C100166,RELIANCE,NSE,SELL,MIS,3,5,2990.5,2026-09-11 11:39:49.565,858195706160,14952.5
TRD30001387,ORD20003206,C100148,ITC,NSE,BUY,CNC,1,15,444.9,2026-09-11 11:42:14.266,448260315876,6673.5
TRD30001388,ORD20003206,C100148,ITC,NSE,BUY,CNC,2,175,444.95,2026-09-11 11:42:17.290,747563475403,77866.25
TRD30001389,ORD20000773,C100006,HINDUNILVR,NSE,BUY,MIS,1,1,2353.3,2026-09-11 11:43:10.553,822982885169,2353.3
TRD30001390,ORD20000773,C100006,HINDUNILVR,NSE,BUY,MIS,2,1,2353.3,2026-09-11 11:43:12.729,909307473741,2353.3
TRD30001391,ORD20004605,C100010,NTPC,NSE,BUY,MIS,1,89,352.25,2026-09-11 11:44:41.259,663718991570,31350.25
TRD30001392,ORD20004188,C100198,MARUTI,NSE,BUY,CNC,1,1,12019.55,2026-09-11 11:47:31.234,359622073679,12019.55
TRD30001393,ORD20000608,C100047,SBIN,BSE,SELL,CNC,1,10,757.85,2026-09-11 11:48:04.672,803921079031,7578.5
TRD30001394,ORD20000608,C100047,SBIN,BSE,SELL,CNC,2,4,757.65,2026-09-11 11:48:05.913,183118450135,3030.6
TRD30001395,ORD20003582,C100138,ONGC,NSE,SELL,CNC,1,6,279.7,2026-09-11 11:53:15.200,684522420710,1678.2
TRD30001396,ORD20003582,C100138,ONGC,NSE,SELL,CNC,2,6,279.7,2026-09-11 11:53:18.569,736865669595,1678.2
TRD30001397,ORD20003582,C100138,ONGC,NSE,SELL,CNC,3,7,279.65,2026-09-11 11:53:19.029,888062213628,1957.55
TRD30001398,ORD20004590,C100014,TATAMOTORS,NSE,SELL,CNC,1,1,937.7,2026-09-11 11:54:23.375,455649794554,937.7
TRD30001399,ORD20004590,C100014,TATAMOTORS,NSE,SELL,CNC,2,1,937.7,2026-09-11 11:54:26.861,778972386175,937.7
TRD30001400,ORD20004590,C100014,TATAMOTORS,NSE,SELL,CNC,3,3,937.7,2026-09-11 11:54:29.267,608170054027,2813.1
TRD30001401,ORD20003437,C100119,ONGC,NSE,BUY,CNC,1,118,256.65,2026-09-11 11:56:21.055,665496219356,30284.7
TRD30001402,ORD20003616,C100067,BHARTIARTL,NSE,SELL,MIS,1,3,1360.35,2026-09-11 11:58:37.479,716479045041,4081.05
TRD30001403,ORD20003616,C100067,BHARTIARTL,NSE,SELL,MIS,2,1,1360.35,2026-09-11 11:58:40.302,241332426252,1360.35
TRD30001404,ORD20003616,C100067,BHARTIARTL,NSE,SELL,MIS,3,1,1360.35,2026-09-11 11:58:44.011,765883618420,1360.35
TRD30001405,ORD20003929,C100012,BHARTIARTL,NSE,BUY,MIS,1,12,1410.55,2026-09-11 11:59:27.111,185647470125,16926.6
TRD30001406,ORD20003929,C100012,BHARTIARTL,NSE,BUY,MIS,2,8,1412.15,2026-09-11 11:59:28.323,976705966523,11297.2
TRD30001407,ORD20004048,C100117,ITC,NSE,BUY,MIS,1,38,452.3,2026-09-11 12:01:24.987,228076301046,17187.4
TRD30001408,ORD20001563,C100038,ONGC,NSE,SELL,CNC,1,12,267.85,2026-09-11 12:03:15.551,987598257035,3214.2
TRD30001409,ORD20001563,C100038,ONGC,NSE,SELL,CNC,2,8,267.85,2026-09-11 12:03:19.080,325584567143,2142.8
TRD30001410,ORD20001563,C100038,ONGC,NSE,SELL,CNC,3,8,267.85,2026-09-11 12:03:19.621,466831469123,2142.8
TRD30001411,ORD20003785,C100032,TATAMOTORS,NSE,SELL,MIS,1,35,949.15,2026-09-11 12:03:43.637,613454159196,33220.25
TRD30001412,ORD20002306,C100129,TATAMOTORS,NSE,BUY,CNC,1,13,953.0,2026-09-11 12:04:26.066,531552151393,12389.0
TRD30001414,ORD20000735,C100056,BHARTIARTL,NSE,BUY,CNC,1,61,1337.4,2026-09-11 12:04:27.012,708802240492,81581.4
TRD30001413,ORD20002306,C100129,TATAMOTORS,NSE,BUY,CNC,2,5,953.0,2026-09-11 12:04:27.332,736155057475,4765.0
TRD30001415,ORD20000099,C100167,HDFCBANK,NSE,BUY,MIS,1,4,1658.65,2026-09-11 12:05:25.273,430190772591,6634.6
TRD30001416,ORD20000099,C100167,HDFCBANK,NSE,BUY,MIS,2,2,1658.65,2026-09-11 12:05:25.798,790179135413,3317.3
TRD30001417,ORD20002883,C100070,INFY,NSE,BUY,MIS,1,1,1618.35,2026-09-11 12:06:23.363,539828796832,1618.35
TRD30001418,ORD20002883,C100070,INFY,NSE,BUY,MIS,2,10,1618.35,2026-09-11 12:06:23.510,656742629878,16183.5
TRD30001419,ORD20002883,C100070,INFY,NSE,BUY,MIS,3,9,1618.35,2026-09-11 12:06:25.163,734821906659,14565.15
TRD30001420,ORD20001023,C100151,BHARTIARTL,NSE,BUY,MIS,1,7,1332.8,2026-09-11 12:12:15.071,653988499659,9329.6
TRD30001421,ORD20001607,C100185,ITC,NSE,BUY,MIS,1,4,435.6,2026-09-11 12:12:42.330,170349007979,1742.4
TRD30001422,ORD20001607,C100185,ITC,NSE,BUY,MIS,2,151,435.6,2026-09-11 12:12:44.336,780312105177,65775.6
TRD30001423,ORD20001338,C100108,MARUTI,NSE,BUY,MIS,1,1,11417.9,2026-09-11 12:15:17.806,527823382730,11417.9
TRD30001424,ORD20001338,C100108,MARUTI,NSE,BUY,MIS,2,1,11417.9,2026-09-11 12:15:18.809,218070496283,11417.9
TRD30001425,ORD20001338,C100108,MARUTI,NSE,BUY,MIS,3,4,11417.9,2026-09-11 12:15:21.022,271755408279,45671.6
TRD30001426,ORD20000548,C100135,HDFCBANK,NSE,SELL,MIS,1,34,1686.2,2026-09-11 12:20:10.270,300543380723,57330.8
TRD30001427,ORD20000694,C100171,NTPC,NSE,BUY,CNC,1,2,382.5,2026-09-11 12:24:31.819,898256980479,765.0
TRD30001428,ORD20000694,C100171,NTPC,NSE,BUY,CNC,2,27,382.5,2026-09-11 12:24:32.160,642775877283,10327.5
TRD30001429,ORD20000694,C100171,NTPC,NSE,BUY,CNC,3,7,382.5,2026-09-11 12:24:33.019,149922475354,2677.5
TRD30001430,ORD20002656,C100060,ICICIBANK,NSE,SELL,CNC,1,4,1266.2,2026-09-11 12:24:54.500,821965753246,5064.8
TRD30001431,ORD20003108,C100078,MARUTI,NSE,SELL,MIS,1,1,12448.6,2026-09-11 12:25:01.176,727567484776,12448.6
TRD30001432,ORD20003108,C100078,MARUTI,NSE,SELL,MIS,2,1,12459.45,2026-09-11 12:25:04.705,563190423998,12459.45
TRD30001433,ORD20003186,C100157,MARUTI,NSE,SELL,CNC,1,1,11743.25,2026-09-11 12:27:40.377,843267566267,11743.25
TRD30001434,ORD20003186,C100157,MARUTI,NSE,SELL,CNC,2,1,11743.25,2026-09-11 12:27:43.152,791315620080,11743.25
TRD30001435,ORD20003944,C100087,NTPC,NSE,BUY,MIS,1,116,364.4,2026-09-11 12:28:49.824,552820838780,42270.4
TRD30001436,ORD20003944,C100087,NTPC,NSE,BUY,MIS,2,27,364.4,2026-09-11 12:28:51.848,763357651846,9838.8
TRD30001437,ORD20002826,C100081,HDFCBANK,NSE,BUY,MIS,1,1,1597.55,2026-09-11 12:33:13.974,120783648449,1597.55
TRD30001438,ORD20002826,C100081,HDFCBANK,NSE,BUY,MIS,2,3,1599.8,2026-09-11 12:33:14.619,552794991903,4799.4
TRD30001439,ORD20002826,C100081,HDFCBANK,NSE,BUY,MIS,3,2,1598.2,2026-09-11 12:33:18.125,432798781846,3196.4
TRD30001440,ORD20000632,C100126,ITC,NSE,BUY,MIS,1,12,435.95,2026-09-11 12:44:08.805,307920807099,5231.4
TRD30001441,ORD20000632,C100126,ITC,NSE,BUY,MIS,2,20,435.95,2026-09-11 12:44:11.826,514657786898,8719.0
TRD30001442,ORD20001071,C100064,TATAMOTORS,NSE,BUY,CNC,1,7,938.4,2026-09-11 12:45:40.802,453182337019,6568.8
TRD30001443,ORD20001447,C100186,MARUTI,NSE,BUY,MIS,1,1,12206.95,2026-09-11 12:46:09.631,266379890219,12206.95
TRD30001444,ORD20000697,C100157,ICICIBANK,NSE,SELL,MIS,1,1,1210.4,2026-09-11 12:50:16.171,999837055102,1210.4
TRD30001445,ORD20000697,C100157,ICICIBANK,NSE,SELL,MIS,2,3,1210.4,2026-09-11 12:50:16.387,146793813182,3631.2
TRD30001446,ORD20001296,C100090,HINDUNILVR,NSE,SELL,MIS,1,3,2392.3,2026-09-11 12:51:11.038,853865828685,7176.9
TRD30001447,ORD20001296,C100090,HINDUNILVR,NSE,SELL,MIS,2,2,2392.3,2026-09-11 12:51:14.338,778674891154,4784.6
TRD30001448,ORD20001296,C100090,HINDUNILVR,NSE,SELL,MIS,3,3,2392.3,2026-09-11 12:51:18.244,166931655091,7176.9
TRD30001449,ORD20004757,C100127,INFY,NSE,BUY,MIS,1,3,1631.4,2026-09-11 12:58:09.587,407006460812,4894.2
TRD30001450,ORD20001793,C100073,NTPC,NSE,SELL,CNC,1,248,352.25,2026-09-11 12:58:28.765,652984569531,87358.0
TRD30001451,ORD20003210,C100107,ICICIBANK,NSE,SELL,MIS,1,77,1200.9,2026-09-11 13:00:04.622,239531151290,92469.3
TRD30001452,ORD20003496,C100078,BHARTIARTL,NSE,SELL,MIS,1,108,1365.65,2026-09-11 13:01:49.897,768730732838,147490.2
TRD30001453,ORD20003305,C100112,RELIANCE,NSE,BUY,MIS,1,5,2813.1,2026-09-11 13:02:03.376,416135679730,14065.5
TRD30001454,ORD20004594,C100100,INFY,NSE,BUY,MIS,1,6,1684.25,2026-09-11 13:02:53.141,227473305233,10105.5
TRD30001455,ORD20004594,C100100,INFY,NSE,BUY,MIS,2,1,1686.5,2026-09-11 13:02:56.168,721875848200,1686.5
TRD30001456,ORD20004594,C100100,INFY,NSE,BUY,MIS,3,1,1685.75,2026-09-11 13:02:56.879,325919389006,1685.75
TRD30001457,ORD20000094,C100077,ICICIBANK,NSE,SELL,MIS,1,37,1177.3,2026-09-11 13:03:57.607,416413850819,43560.1
TRD30001458,ORD20000094,C100077,ICICIBANK,NSE,SELL,MIS,2,6,1177.3,2026-09-11 13:04:00.591,491491646666,7063.8
TRD30001459,ORD20000949,C100152,ASIANPAINT,NSE,SELL,CNC,1,1,2921.8,2026-09-11 13:04:40.156,489040894192,2921.8
TRD30001460,ORD20000949,C100152,ASIANPAINT,NSE,SELL,CNC,2,1,2921.8,2026-09-11 13:04:42.879,811440225288,2921.8
TRD30001461,ORD20000949,C100152,ASIANPAINT,NSE,SELL,CNC,3,2,2921.8,2026-09-11 13:04:46.085,682310756301,5843.6
TRD30001462,ORD20001932,C100058,HINDUNILVR,NSE,BUY,CNC,1,11,2525.4,2026-09-11 13:04:51.174,867557207904,27779.4
TRD30001463,ORD20001932,C100058,HINDUNILVR,NSE,BUY,CNC,2,30,2525.4,2026-09-11 13:04:51.749,794109046957,75762.0
TRD30001464,ORD20001932,C100058,HINDUNILVR,NSE,BUY,CNC,3,11,2525.4,2026-09-11 13:04:53.029,942792522579,27779.4
TRD30001465,ORD20002935,C100033,KOTAKBANK,NSE,BUY,MIS,1,24,1744.5,2026-09-11 13:07:37.966,414191351016,41868.0
TRD30001466,ORD20002935,C100033,KOTAKBANK,NSE,BUY,MIS,2,4,1744.95,2026-09-11 13:07:39.852,621087980113,6979.8
TRD30001467,ORD20001177,C100128,ITC,NSE,BUY,CNC,1,199,451.05,2026-09-11 13:09:39.216,857734903411,89758.95
TRD30001468,ORD20000680,C100032,RELIANCE,NSE,BUY,MIS,1,3,2791.8,2026-09-11 13:16:57.912,835392192727,8375.4
TRD30001469,ORD20000680,C100032,RELIANCE,NSE,BUY,MIS,2,1,2791.8,2026-09-11 13:17:01.118,828719972500,2791.8
TRD30001470,ORD20000906,C100022,SBIN,NSE,SELL,MIS,1,40,818.15,2026-09-11 13:21:05.820,487416660388,32726.0
TRD30001471,ORD20000906,C100022,SBIN,NSE,SELL,MIS,2,14,818.15,2026-09-11 13:21:07.586,537488088095,11454.1
TRD30001473,ORD20000647,C100170,ITC,NSE,BUY,CNC,1,9,450.85,2026-09-11 13:21:07.609,256936803581,4057.65
TRD30001474,ORD20000647,C100170,ITC,NSE,BUY,CNC,2,7,450.15,2026-09-11 13:21:09.098,497063494383,3151.05
TRD30001472,ORD20000906,C100022,SBIN,NSE,SELL,MIS,3,24,818.15,2026-09-11 13:21:10.798,171506655860,19635.6
TRD30001475,ORD20002957,C100057,HDFCBANK,NSE,BUY,MIS,1,7,1720.3,2026-09-11 13:22:31.033,379933993173,12042.1
TRD30001476,ORD20004223,C100007,HDFCBANK,NSE,SELL,CNC,1,3,1697.9,2026-09-11 13:25:03.783,317017989222,5093.7
TRD30001477,ORD20004223,C100007,HDFCBANK,NSE,SELL,CNC,2,2,1697.9,2026-09-11 13:25:06.713,234823049304,3395.8
TRD30001478,ORD20003338,C100063,HINDUNILVR,NSE,SELL,CNC,1,52,2447.5,2026-09-11 13:25:53.964,778107087202,127270.0
TRD30001479,ORD20001749,C100022,RELIANCE,NSE,BUY,MIS,1,1,2932.6,2026-09-11 13:28:28.661,829700647130,2932.6
TRD30001480,ORD20000254,C100180,MARUTI,NSE,SELL,MIS,1,1,11562.95,2026-09-11 13:29:27.121,541909802905,11562.95
TRD30001481,ORD20000670,C100195,TATAMOTORS,NSE,SELL,MIS,1,14,973.7,2026-09-11 13:30:49.946,842556912852,13631.8
TRD30001482,ORD20000188,C100163,ITC,NSE,BUY,CNC,1,29,485.85,2026-09-11 13:32:30.253,923053679481,14089.65
TRD30001483,ORD20000188,C100163,ITC,NSE,BUY,CNC,2,3,485.85,2026-09-11 13:32:34.049,237141134845,1457.55
TRD30001484,ORD20000188,C100163,ITC,NSE,BUY,CNC,3,79,485.85,2026-09-11 13:32:35.810,847684030553,38382.15
TRD30001485,ORD20000770,C100163,NTPC,NSE,BUY,MIS,1,178,368.75,2026-09-11 13:32:57.183,124997632116,65637.5
TRD30001486,ORD20001710,C100101,ICICIBANK,BSE,SELL,MIS,1,5,1228.45,2026-09-11 13:35:58.011,201778525296,6142.25
TRD30001487,ORD20001710,C100101,ICICIBANK,BSE,SELL,MIS,2,52,1228.45,2026-09-11 13:35:59.876,470095121205,63879.4
TRD30001488,ORD20003443,C100176,TATAMOTORS,NSE,BUY,MIS,1,14,955.85,2026-09-11 13:36:45.038,703887426567,13381.9
TRD30001489,ORD20003806,C100176,HINDUNILVR,NSE,BUY,MIS,1,2,2475.9,2026-09-11 13:39:33.696,540313872753,4951.8
TRD30001490,ORD20003806,C100176,HINDUNILVR,NSE,BUY,MIS,2,8,2476.4,2026-09-11 13:39:36.518,288276117324,19811.2
TRD30001491,ORD20003806,C100176,HINDUNILVR,NSE,BUY,MIS,3,17,2472.95,2026-09-11 13:39:39.926,668049570803,42040.15
TRD30001492,ORD20003465,C100173,RELIANCE,NSE,SELL,CNC,1,2,2831.05,2026-09-11 13:40:03.288,881885302559,5662.1
TRD30001493,ORD20003465,C100173,RELIANCE,NSE,SELL,CNC,2,3,2836.8,2026-09-11 13:40:07.120,815577342831,8510.4
TRD30001494,ORD20003465,C100173,RELIANCE,NSE,SELL,CNC,3,5,2832.1,2026-09-11 13:40:09.499,367034350794,14160.5
TRD30001495,ORD20001231,C100015,ITC,NSE,SELL,MIS,1,19,464.4,2026-09-11 13:44:11.132,911870152491,8823.6
TRD30001496,ORD20001231,C100015,ITC,NSE,SELL,MIS,2,11,464.4,2026-09-11 13:44:12.600,447917040611,5108.4
TRD30001497,ORD20000761,C100142,MARUTI,NSE,SELL,MIS,1,1,11724.85,2026-09-11 13:45:45.982,908884578137,11724.85
TRD30001498,ORD20000360,C100037,BHARTIARTL,NSE,SELL,MIS,1,2,1428.8,2026-09-11 13:48:40.937,193105217948,2857.6
TRD30001499,ORD20000360,C100037,BHARTIARTL,NSE,SELL,MIS,2,1,1428.8,2026-09-11 13:48:44.875,941861584064,1428.8
TRD30001500,ORD20004321,C100000,HINDUNILVR,NSE,SELL,CNC,1,4,2515.3,2026-09-11 13:52:28.994,413286665076,10061.2
TRD30001501,ORD20000062,C100044,ICICIBANK,BSE,BUY,MIS,1,121,1212.0,2026-09-11 13:54:07.935,495202123088,146652.0
TRD30001502,ORD20001635,C100008,ITC,NSE,SELL,CNC,1,74,459.9,2026-09-11 13:54:33.782,854175427394,34032.6
TRD30001503,ORD20001635,C100008,ITC,NSE,SELL,CNC,2,85,460.1,2026-09-11 13:54:37.630,720708001448,39108.5
TRD30001504,ORD20002782,C100006,ASIANPAINT,NSE,BUY,CNC,1,10,2952.7,2026-09-11 13:55:12.714,599565489464,29527.0
TRD30001505,ORD20001042,C100021,SBIN,NSE,SELL,MIS,1,2,816.15,2026-09-11 13:55:16.790,710833052609,1632.3
TRD30001506,ORD20001042,C100021,SBIN,NSE,SELL,MIS,2,1,816.15,2026-09-11 13:55:19.135,569067661708,816.15
TRD30001507,ORD20001042,C100021,SBIN,NSE,SELL,MIS,3,1,816.15,2026-09-11 13:55:21.302,123632322489,816.15
TRD30001508,ORD20002106,C100039,ICICIBANK,NSE,BUY,MIS,1,4,1149.8,2026-09-11 13:56:41.764,523310084911,4599.2
TRD30001509,ORD20002106,C100039,ICICIBANK,NSE,BUY,MIS,2,24,1147.35,2026-09-11 13:56:44.476,644117922670,27536.4
TRD30001510,ORD20002106,C100039,ICICIBANK,NSE,BUY,MIS,3,5,1148.35,2026-09-11 13:56:44.632,218266335459,5741.75
TRD30001511,ORD20000713,C100192,ONGC,NSE,SELL,MIS,1,4,253.5,2026-09-11 13:58:38.892,303232169484,1014.0
TRD30001512,ORD20000713,C100192,ONGC,NSE,SELL,MIS,2,21,253.5,2026-09-11 13:58:40.041,306358168512,5323.5
TRD30001513,ORD20000713,C100192,ONGC,NSE,SELL,MIS,3,3,253.5,2026-09-11 13:58:40.613,586895941688,760.5
TRD30001514,ORD20003949,C100147,ITC,NSE,BUY,CNC,1,303,444.3,2026-09-11 14:04:04.594,302939547905,134622.9
TRD30001515,ORD20004636,C100044,HINDUNILVR,NSE,SELL,MIS,1,1,2430.35,2026-09-11 14:05:23.146,304598555994,2430.35
TRD30001516,ORD20000521,C100135,TITAN,NSE,SELL,MIS,1,23,3378.4,2026-09-11 14:06:53.563,482911385509,77703.2
TRD30001517,ORD20002311,C100042,HINDUNILVR,NSE,BUY,MIS,1,3,2566.5,2026-09-11 14:08:02.100,809497879041,7699.5
TRD30001518,ORD20002311,C100042,HINDUNILVR,NSE,BUY,MIS,2,3,2566.5,2026-09-11 14:08:03.143,351510900570,7699.5
TRD30001519,ORD20002311,C100042,HINDUNILVR,NSE,BUY,MIS,3,3,2566.5,2026-09-11 14:08:05.672,326404257407,7699.5
TRD30001520,ORD20000503,C100080,TATAMOTORS,NSE,BUY,MIS,1,2,980.9,2026-09-11 14:09:02.294,552376961778,1961.8
TRD30001521,ORD20000503,C100080,TATAMOTORS,NSE,BUY,MIS,2,2,980.9,2026-09-11 14:09:04.538,417357788099,1961.8
TRD30001522,ORD20000503,C100080,TATAMOTORS,NSE,BUY,MIS,3,6,980.9,2026-09-11 14:09:04.968,982785078427,5885.4
TRD30001523,ORD20003417,C100177,AXISBANK,NSE,SELL,MIS,1,24,1137.9,2026-09-11 14:11:43.178,825822764598,27309.6
TRD30001524,ORD20003417,C100177,AXISBANK,NSE,SELL,MIS,2,1,1138.8,2026-09-11 14:11:45.579,452545435801,1138.8
TRD30001525,ORD20004079,C100173,INFY,BSE,SELL,MIS,1,1,1560.3,2026-09-11 14:12:40.223,207767676307,1560.3
TRD30001526,ORD20004079,C100173,INFY,BSE,SELL,MIS,2,2,1560.3,2026-09-11 14:12:40.830,296097444573,3120.6
TRD30001527,ORD20000204,C100029,HINDUNILVR,NSE,SELL,MIS,1,27,2428.4,2026-09-11 14:13:30.309,805024639170,65566.8
TRD30001528,ORD20000204,C100029,HINDUNILVR,NSE,SELL,MIS,2,15,2427.6,2026-09-11 14:13:30.628,511260811251,36414.0
TRD30001529,ORD20001867,C100007,MARUTI,NSE,BUY,CNC,1,2,12348.8,2026-09-11 14:22:56.985,275819630933,24697.6
TRD30001530,ORD20001867,C100007,MARUTI,NSE,BUY,CNC,2,1,12348.8,2026-09-11 14:22:59.140,662408514273,12348.8
TRD30001531,ORD20004710,C100118,RELIANCE,NSE,BUY,MIS,1,12,2922.4,2026-09-11 14:27:03.409,675498924085,35068.8
TRD30001532,ORD20004710,C100118,RELIANCE,NSE,BUY,MIS,2,3,2922.4,2026-09-11 14:27:05.710,396326214335,8767.2
TRD30001533,ORD20004710,C100118,RELIANCE,NSE,BUY,MIS,3,5,2922.4,2026-09-11 14:27:09.105,229691800230,14612.0
TRD30001534,ORD20004115,C100129,HINDUNILVR,NSE,SELL,MIS,1,14,2306.4,2026-09-11 14:28:39.654,607430927783,32289.6
TRD30001535,ORD20004115,C100129,HINDUNILVR,NSE,SELL,MIS,2,1,2304.35,2026-09-11 14:28:41.139,607416399106,2304.35
TRD30001536,ORD20000518,C100153,HINDUNILVR,NSE,BUY,CNC,1,12,2546.85,2026-09-11 14:29:55.296,511257710375,30562.2
TRD30001537,ORD20000518,C100153,HINDUNILVR,NSE,BUY,CNC,2,2,2546.85,2026-09-11 14:29:59.021,972891348327,5093.7
TRD30001538,ORD20004750,C100082,SUNPHARMA,NSE,BUY,MIS,1,9,1707.25,2026-09-11 14:31:45.356,388460747152,15365.25
TRD30001539,ORD20004750,C100082,SUNPHARMA,NSE,BUY,MIS,2,23,1707.25,2026-09-11 14:31:47.835,552523174460,39266.75
TRD30001540,ORD20002490,C100040,ITC,NSE,SELL,CNC,1,6,441.4,2026-09-11 14:35:33.418,671839599324,2648.4
TRD30001541,ORD20002490,C100040,ITC,NSE,SELL,CNC,2,18,441.4,2026-09-11 14:35:36.872,721488575117,7945.2
TRD30001542,ORD20003669,C100173,ITC,NSE,BUY,CNC,1,75,446.0,2026-09-11 14:36:29.077,860807931241,33450.0
TRD30001543,ORD20004110,C100145,TATAMOTORS,NSE,BUY,CNC,1,1,928.15,2026-09-11 14:37:33.194,298761002548,928.15
TRD30001544,ORD20004110,C100145,TATAMOTORS,NSE,BUY,CNC,2,1,928.15,2026-09-11 14:37:33.722,876112867404,928.15
TRD30001545,ORD20004110,C100145,TATAMOTORS,NSE,BUY,CNC,3,1,928.15,2026-09-11 14:37:34.901,191143621719,928.15
TRD30001546,ORD20001014,C100057,ITC,NSE,SELL,CNC,1,271,474.65,2026-09-11 14:41:23.695,158387002847,128630.15
TRD30001547,ORD20001639,C100053,ASIANPAINT,NSE,BUY,MIS,1,11,2825.3,2026-09-11 14:42:42.998,883980108268,31078.3
TRD30001548,ORD20001639,C100053,ASIANPAINT,NSE,BUY,MIS,2,12,2822.0,2026-09-11 14:42:45.119,392585037251,33864.0
TRD30001549,ORD20001903,C100061,AXISBANK,NSE,BUY,CNC,1,1,1153.0,2026-09-11 14:46:24.309,816749545471,1153.0
TRD30001550,ORD20001903,C100061,AXISBANK,NSE,BUY,CNC,2,3,1153.0,2026-09-11 14:46:26.548,796641396186,3459.0
TRD30001551,ORD20002394,C100161,INFY,NSE,SELL,MIS,1,8,1604.25,2026-09-11 14:47:19.334,707922909771,12834.0
TRD30001552,ORD20001219,C100002,HDFCBANK,NSE,SELL,MIS,1,7,1584.7,2026-09-11 14:57:11.776,284099082884,11092.9
TRD30001553,ORD20002818,C100007,ICICIBANK,NSE,BUY,MIS,1,26,1135.45,2026-09-11 14:57:27.438,482195601135,29521.7
TRD30001554,ORD20002818,C100007,ICICIBANK,NSE,BUY,MIS,2,2,1135.45,2026-09-11 14:57:30.662,828424191075,2270.9
TRD30001555,ORD20002818,C100007,ICICIBANK,NSE,BUY,MIS,3,16,1135.45,2026-09-11 14:57:33.486,188331084857,18167.2
TRD30001556,ORD20000512,C100045,TATAMOTORS,NSE,SELL,CNC,1,1,950.15,2026-09-11 15:00:58.120,555381142025,950.15
TRD30001557,ORD20000512,C100045,TATAMOTORS,NSE,SELL,CNC,2,1,950.6,2026-09-11 15:01:01.354,238277207874,950.6
TRD30001558,ORD20000512,C100045,TATAMOTORS,NSE,SELL,CNC,3,2,950.6,2026-09-11 15:01:04.012,192006742661,1901.2
TRD30001559,ORD20001010,C100079,RELIANCE,NSE,SELL,MIS,1,2,2812.45,2026-09-11 15:05:27.671,497317820917,5624.9
TRD30001560,ORD20001010,C100079,RELIANCE,NSE,SELL,MIS,2,2,2812.3,2026-09-11 15:05:31.029,378578514580,5624.6
TRD30001561,ORD20002813,C100099,ICICIBANK,NSE,SELL,MIS,1,11,1248.45,2026-09-11 15:05:54.642,838711257514,13732.95
TRD30001562,ORD20003520,C100010,TATAMOTORS,NSE,BUY,MIS,1,9,917.55,2026-09-11 15:08:10.358,539167367467,8257.95
TRD30001563,ORD20003520,C100010,TATAMOTORS,NSE,BUY,MIS,2,2,916.0,2026-09-11 15:08:13.069,766960148572,1832.0
TRD30001564,ORD20003520,C100010,TATAMOTORS,NSE,BUY,MIS,3,2,915.9,2026-09-11 15:08:14.520,695198489599,1831.8
TRD30001565,ORD20004859,C100192,KOTAKBANK,NSE,SELL,MIS,1,5,1731.2,2026-09-11 15:10:25.683,956173668292,8656.0
TRD30001566,ORD20004859,C100192,KOTAKBANK,NSE,SELL,MIS,2,6,1731.2,2026-09-11 15:10:27.758,334019324064,10387.2
TRD30001567,ORD20003723,C100129,TATAMOTORS,NSE,BUY,MIS,1,19,906.3,2026-09-11 15:10:28.191,802717003975,17219.7
TRD30001568,ORD20003723,C100129,TATAMOTORS,NSE,BUY,MIS,2,3,906.3,2026-09-11 15:10:31.504,268861124169,2718.9
TRD30001569,ORD20001438,C100197,TCS,NSE,SELL,MIS,1,34,3756.5,2026-09-11 15:12:19.197,876054471580,127721.0
TRD30001570,ORD20001438,C100197,TCS,NSE,SELL,MIS,2,2,3756.5,2026-09-11 15:12:21.215,886161854106,7513.0
TRD30001571,ORD20001438,C100197,TCS,NSE,SELL,MIS,3,1,3756.5,2026-09-11 15:12:22.348,835686949126,3756.5
TRD30001572,ORD20004121,C100104,NTPC,NSE,SELL,MIS,1,71,370.45,2026-09-11 15:15:10.580,388918146235,26301.95
TRD30001573,ORD20003701,C100110,TCS,NSE,BUY,MIS,1,7,3906.15,2026-09-11 15:15:39.095,232046583661,27343.05
TRD30001574,ORD20002186,C100038,TATAMOTORS,NSE,SELL,CNC,1,16,936.55,2026-09-11 15:15:53.689,858922886602,14984.8
TRD30001575,ORD20002186,C100038,TATAMOTORS,NSE,SELL,CNC,2,7,934.4,2026-09-11 15:15:56.902,630620848216,6540.8
TRD30001576,ORD20002186,C100038,TATAMOTORS,NSE,SELL,CNC,3,34,935.7,2026-09-11 15:16:00.664,503209049798,31813.8
TRD30001577,ORD20000401,C100072,ITC,NSE,BUY,CNC,1,61,456.7,2026-09-11 15:16:50.558,471352744690,27858.7
TRD30001578,ORD20000401,C100072,ITC,NSE,BUY,CNC,2,7,457.2,2026-09-11 15:16:51.790,191199908342,3200.4
TRD30001579,ORD20000330,C100097,TITAN,NSE,SELL,MIS,1,17,3234.1,2026-09-11 15:21:01.190,682260179036,54979.7
TRD30001580,ORD20000330,C100097,TITAN,NSE,SELL,MIS,2,10,3234.1,2026-09-11 15:21:02.351,568725309312,32341.0
TRD30001581,ORD20000330,C100097,TITAN,NSE,SELL,MIS,3,14,3234.1,2026-09-11 15:21:02.824,965150719389,45277.4
TRD30001582,ORD20002834,C100113,ITC,NSE,SELL,CNC,1,13,439.3,2026-09-11 15:21:33.944,707557617066,5710.9
TRD30001583,ORD20001500,C100011,SBIN,NSE,SELL,CNC,1,55,835.65,2026-09-11 15:24:32.316,969068221788,45960.75
TRD30001584,ORD20001500,C100011,SBIN,NSE,SELL,CNC,2,60,836.1,2026-09-11 15:24:35.351,225856792752,50166.0
TRD30001585,ORD20002821,C100167,SBIN,NSE,BUY,CNC,1,16,789.15,2026-09-14 09:16:22.908,714244739871,12626.4
TRD30001586,ORD20002319,C100136,KOTAKBANK,NSE,BUY,MIS,1,1,1746.8,2026-09-14 09:16:40.216,832855986532,1746.8
TRD30001587,ORD20002319,C100136,KOTAKBANK,NSE,BUY,MIS,2,3,1746.8,2026-09-14 09:16:44.043,650032938596,5240.4
TRD30001588,ORD20000902,C100090,BHARTIARTL,NSE,SELL,MIS,1,1,1432.5,2026-09-14 09:17:14.253,653366705488,1432.5
TRD30001589,ORD20000902,C100090,BHARTIARTL,NSE,SELL,MIS,2,3,1430.5,2026-09-14 09:17:17.466,240183240720,4291.5
TRD30001590,ORD20001955,C100183,TATAMOTORS,NSE,SELL,MIS,1,39,936.05,2026-09-14 09:19:13.285,389094207196,36505.95
TRD30001591,ORD20001955,C100183,TATAMOTORS,NSE,SELL,MIS,2,26,935.9,2026-09-14 09:19:14.976,669295731361,24333.4
TRD30001592,ORD20001192,C100138,MARUTI,BSE,SELL,CNC,1,7,12286.4,2026-09-14 09:23:34.962,525707796453,86004.8
TRD30001593,ORD20002540,C100105,MARUTI,NSE,SELL,MIS,1,4,11736.55,2026-09-14 09:26:14.212,876731030896,46946.2
TRD30001594,ORD20000794,C100081,ICICIBANK,NSE,SELL,CNC,1,1,1168.05,2026-09-14 09:27:39.565,799560754141,1168.05
TRD30001595,ORD20000794,C100081,ICICIBANK,NSE,SELL,CNC,2,2,1168.05,2026-09-14 09:27:40.233,581444467050,2336.1
TRD30001596,ORD20000522,C100199,ONGC,NSE,BUY,MIS,1,52,262.65,2026-09-14 09:31:40.460,650690579644,13657.8
TRD30001597,ORD20002523,C100150,ICICIBANK,BSE,BUY,CNC,1,1,1243.3,2026-09-14 09:35:08.519,690727787965,1243.3
TRD30001598,ORD20002523,C100150,ICICIBANK,BSE,BUY,CNC,2,1,1243.3,2026-09-14 09:35:12.460,689694805852,1243.3
TRD30001599,ORD20002146,C100069,TATAMOTORS,NSE,BUY,MIS,1,51,961.1,2026-09-14 09:35:14.550,726470712698,49016.1
TRD30001600,ORD20002146,C100069,TATAMOTORS,NSE,BUY,MIS,2,19,961.1,2026-09-14 09:35:17.090,547459930849,18260.9
TRD30001601,ORD20004361,C100021,MARUTI,NSE,BUY,MIS,1,3,12586.25,2026-09-14 09:38:08.510,211429655798,37758.75
TRD30001602,ORD20004361,C100021,MARUTI,NSE,BUY,MIS,2,1,12582.95,2026-09-14 09:38:09.033,959629006844,12582.95
TRD30001603,ORD20000800,C100081,ITC,NSE,SELL,MIS,1,241,450.35,2026-09-14 09:38:13.983,114809993706,108534.35
TRD30001604,ORD20000800,C100081,ITC,NSE,SELL,MIS,2,65,450.7,2026-09-14 09:38:15.324,114923720573,29295.5
TRD30001605,ORD20002081,C100030,HINDUNILVR,NSE,SELL,MIS,1,2,2391.4,2026-09-14 09:39:57.486,944567467669,4782.8
TRD30001606,ORD20002081,C100030,HINDUNILVR,NSE,SELL,MIS,2,1,2390.75,2026-09-14 09:40:00.107,544944578019,2390.75
TRD30001607,ORD20002081,C100030,HINDUNILVR,NSE,SELL,MIS,3,2,2389.5,2026-09-14 09:40:02.090,835798515037,4779.0
TRD30001608,ORD20001489,C100071,ONGC,NSE,SELL,MIS,1,3,263.4,2026-09-14 09:43:36.256,447143223258,790.2
TRD30001609,ORD20001489,C100071,ONGC,NSE,SELL,MIS,2,6,263.4,2026-09-14 09:43:39.926,487848798958,1580.4
TRD30001610,ORD20001489,C100071,ONGC,NSE,SELL,MIS,3,6,263.4,2026-09-14 09:43:43.526,734837947764,1580.4
TRD30001611,ORD20001404,C100196,ITC,NSE,SELL,MIS,1,5,453.55,2026-09-14 09:44:21.417,557966714312,2267.75
TRD30001612,ORD20001404,C100196,ITC,NSE,SELL,MIS,2,3,453.55,2026-09-14 09:44:21.482,910555783338,1360.65
TRD30001613,ORD20003815,C100094,RELIANCE,NSE,BUY,MIS,1,1,2957.75,2026-09-14 09:44:48.959,722343571517,2957.75
TRD30001614,ORD20003815,C100094,RELIANCE,NSE,BUY,MIS,2,2,2957.15,2026-09-14 09:44:51.926,574541147657,5914.3
TRD30001615,ORD20003815,C100094,RELIANCE,NSE,BUY,MIS,3,1,2958.3,2026-09-14 09:44:55.604,846761479457,2958.3
TRD30001616,ORD20000430,C100072,RELIANCE,BSE,SELL,CNC,1,10,2833.65,2026-09-14 09:46:51.003,590408662125,28336.5
TRD30001617,ORD20001356,C100065,ONGC,NSE,BUY,MIS,1,154,255.75,2026-09-14 09:47:04.027,369659092003,39385.5
TRD30001618,ORD20001356,C100065,ONGC,NSE,BUY,MIS,2,58,255.95,2026-09-14 09:47:06.626,208344235505,14845.1
TRD30001619,ORD20001356,C100065,ONGC,NSE,BUY,MIS,3,80,255.75,2026-09-14 09:47:09.212,415495520632,20460.0
TRD30001620,ORD20003344,C100105,HINDUNILVR,NSE,BUY,MIS,1,4,2436.1,2026-09-14 09:48:39.965,671105788018,9744.4
TRD30001621,ORD20003344,C100105,HINDUNILVR,NSE,BUY,MIS,2,8,2436.1,2026-09-14 09:48:40.267,983518654691,19488.8
TRD30001622,ORD20004114,C100095,ICICIBANK,NSE,SELL,CNC,1,11,1194.6,2026-09-14 09:50:35.613,770985587621,13140.6
TRD30001623,ORD20003458,C100106,ITC,NSE,BUY,CNC,1,5,462.45,2026-09-14 09:52:14.656,657068904875,2312.25
TRD30001624,ORD20003458,C100106,ITC,NSE,BUY,CNC,2,5,462.45,2026-09-14 09:52:18.191,282148310256,2312.25
TRD30001625,ORD20003458,C100106,ITC,NSE,BUY,CNC,3,5,462.45,2026-09-14 09:52:20.820,736299844191,2312.25
TRD30001626,ORD20002251,C100118,MARUTI,NSE,BUY,CNC,1,1,11555.75,2026-09-14 09:52:32.493,570660472455,11555.75
TRD30001627,ORD20004177,C100112,MARUTI,NSE,SELL,MIS,1,2,11834.9,2026-09-14 09:53:19.789,765070783528,23669.8
TRD30001628,ORD20001108,C100051,HINDUNILVR,NSE,SELL,CNC,1,55,2397.0,2026-09-14 09:55:49.964,428932430259,131835.0
TRD30001629,ORD20003252,C100031,NTPC,NSE,SELL,CNC,1,25,364.15,2026-09-14 09:55:57.792,530317437468,9103.75
TRD30001630,ORD20003596,C100003,HINDUNILVR,NSE,BUY,MIS,1,1,2315.75,2026-09-14 09:57:11.862,573423810391,2315.75
TRD30001631,ORD20003596,C100003,HINDUNILVR,NSE,BUY,MIS,2,1,2315.75,2026-09-14 09:57:15.055,425887537821,2315.75
TRD30001632,ORD20000217,C100160,RELIANCE,NSE,BUY,MIS,1,1,3146.55,2026-09-14 10:03:55.254,620844572368,3146.55
TRD30001633,ORD20000217,C100160,RELIANCE,NSE,BUY,MIS,2,1,3146.8,2026-09-14 10:03:58.057,348732927429,3146.8
TRD30001634,ORD20000217,C100160,RELIANCE,NSE,BUY,MIS,3,1,3149.05,2026-09-14 10:03:58.879,168708260221,3149.05
TRD30001635,ORD20001995,C100013,ITC,NSE,SELL,MIS,1,80,447.55,2026-09-14 10:04:04.677,260543161029,35804.0
TRD30001636,ORD20002134,C100106,ONGC,NSE,BUY,MIS,1,62,266.2,2026-09-14 10:09:48.047,544751520391,16504.4
TRD30001637,ORD20002134,C100106,ONGC,NSE,BUY,MIS,2,54,266.25,2026-09-14 10:09:49.688,160403329051,14377.5
TRD30001638,ORD20002134,C100106,ONGC,NSE,BUY,MIS,3,174,266.1,2026-09-14 10:09:53.286,448008617116,46301.4
TRD30001639,ORD20001819,C100154,ASIANPAINT,NSE,SELL,MIS,1,9,2870.4,2026-09-14 10:10:48.280,708120188396,25833.6
TRD30001640,ORD20001819,C100154,ASIANPAINT,NSE,SELL,MIS,2,9,2870.4,2026-09-14 10:10:49.884,560919299868,25833.6
TRD30001641,ORD20003080,C100062,INFY,NSE,SELL,CNC,1,1,1630.7,2026-09-14 10:13:04.761,598213381825,1630.7
TRD30001642,ORD20003080,C100062,INFY,NSE,SELL,CNC,2,1,1630.7,2026-09-14 10:13:06.795,751997171132,1630.7
TRD30001643,ORD20003080,C100062,INFY,NSE,SELL,CNC,3,1,1630.7,2026-09-14 10:13:08.777,208808724123,1630.7
TRD30001644,ORD20001025,C100169,HINDUNILVR,NSE,BUY,MIS,1,1,2285.15,2026-09-14 10:14:21.406,337428160783,2285.15
TRD30001645,ORD20001025,C100169,HINDUNILVR,NSE,BUY,MIS,2,7,2287.6,2026-09-14 10:14:25.294,480273236565,16013.2
TRD30001646,ORD20001025,C100169,HINDUNILVR,NSE,BUY,MIS,3,3,2288.6,2026-09-14 10:14:28.997,341327617276,6865.8
TRD30001647,ORD20003001,C100087,ICICIBANK,NSE,SELL,CNC,1,1,1206.85,2026-09-14 10:17:50.914,494921029030,1206.85
TRD30001648,ORD20003001,C100087,ICICIBANK,NSE,SELL,CNC,2,1,1206.85,2026-09-14 10:17:52.932,904284762095,1206.85
TRD30001649,ORD20003001,C100087,ICICIBANK,NSE,SELL,CNC,3,1,1206.85,2026-09-14 10:17:53.189,203001454631,1206.85
TRD30001650,ORD20003110,C100080,BHARTIARTL,NSE,SELL,CNC,1,8,1416.6,2026-09-14 10:18:47.910,365149083940,11332.8
TRD30001651,ORD20003110,C100080,BHARTIARTL,NSE,SELL,CNC,2,15,1416.6,2026-09-14 10:18:50.452,880566201193,21249.0
TRD30001652,ORD20003110,C100080,BHARTIARTL,NSE,SELL,CNC,3,17,1416.6,2026-09-14 10:18:52.698,608496490673,24082.2
TRD30001653,ORD20001685,C100105,HDFCBANK,NSE,SELL,MIS,1,17,1671.9,2026-09-14 10:19:47.171,972990970104,28422.3
TRD30001654,ORD20001685,C100105,HDFCBANK,NSE,SELL,MIS,2,49,1671.9,2026-09-14 10:19:49.578,255218206792,81923.1
TRD30001655,ORD20004369,C100021,TCS,NSE,SELL,CNC,1,9,3972.3,2026-09-14 10:20:19.396,780150483664,35750.7
TRD30001656,ORD20001050,C100064,ITC,NSE,BUY,CNC,1,75,463.65,2026-09-14 10:21:43.132,855181480309,34773.75
TRD30001657,ORD20003265,C100101,KOTAKBANK,NSE,BUY,MIS,1,10,1772.4,2026-09-14 10:21:47.152,962680652298,17724.0
TRD30001658,ORD20003265,C100101,KOTAKBANK,NSE,BUY,MIS,2,38,1773.35,2026-09-14 10:21:50.360,242008970738,67387.3
TRD30001659,ORD20003265,C100101,KOTAKBANK,NSE,BUY,MIS,3,19,1772.3,2026-09-14 10:21:52.608,582175935679,33673.7
TRD30001660,ORD20002926,C100055,RELIANCE,NSE,BUY,CNC,1,1,2730.85,2026-09-14 10:26:59.590,462722201704,2730.85
TRD30001661,ORD20002449,C100008,TATAMOTORS,NSE,BUY,MIS,1,62,965.75,2026-09-14 10:27:43.978,645372045236,59876.5
TRD30001662,ORD20003638,C100024,ITC,NSE,BUY,CNC,1,67,460.95,2026-09-14 10:28:09.558,171541741222,30883.65
TRD30001663,ORD20004241,C100001,KOTAKBANK,NSE,SELL,MIS,1,3,1748.15,2026-09-14 10:30:27.595,526426384242,5244.45
TRD30001664,ORD20001121,C100169,HINDUNILVR,BSE,SELL,CNC,1,3,2396.9,2026-09-14 10:32:05.183,126080096034,7190.7
TRD30001665,ORD20001121,C100169,HINDUNILVR,BSE,SELL,CNC,2,3,2396.9,2026-09-14 10:32:07.307,378525999569,7190.7
TRD30001666,ORD20001121,C100169,HINDUNILVR,BSE,SELL,CNC,3,5,2396.9,2026-09-14 10:32:10.406,839346737669,11984.5
TRD30001667,ORD20000513,C100162,NTPC,NSE,SELL,MIS,1,25,366.05,2026-09-14 10:32:54.090,520389534453,9151.25
TRD30001668,ORD20000513,C100162,NTPC,NSE,SELL,MIS,2,7,366.5,2026-09-14 10:32:55.011,866181973862,2565.5
TRD30001669,ORD20001122,C100020,HINDUNILVR,NSE,SELL,MIS,1,5,2468.55,2026-09-14 10:33:22.609,152339335045,12342.75
TRD30001670,ORD20003051,C100111,HINDUNILVR,NSE,BUY,MIS,1,21,2419.75,2026-09-14 10:33:41.000,730031076974,50814.75
TRD30001671,ORD20000160,C100091,SBIN,NSE,SELL,CNC,1,3,790.3,2026-09-14 10:36:31.809,153966206664,2370.9
TRD30001672,ORD20000160,C100091,SBIN,NSE,SELL,CNC,2,3,790.85,2026-09-14 10:36:34.618,239841484478,2372.55
TRD30001673,ORD20000160,C100091,SBIN,NSE,SELL,CNC,3,1,791.4,2026-09-14 10:36:37.677,823247372745,791.4
TRD30001674,ORD20000079,C100007,SBIN,NSE,BUY,MIS,1,7,792.8,2026-09-14 10:38:58.740,117732627992,5549.6
TRD30001675,ORD20000079,C100007,SBIN,NSE,BUY,MIS,2,90,792.8,2026-09-14 10:38:59.446,442514409215,71352.0
TRD30001676,ORD20003533,C100037,HDFCBANK,NSE,SELL,CNC,1,4,1668.5,2026-09-14 10:41:08.299,942669765220,6674.0
TRD30001677,ORD20002358,C100079,ITC,NSE,BUY,MIS,1,1,451.95,2026-09-14 10:42:07.934,239688979558,451.95
TRD30001678,ORD20002358,C100079,ITC,NSE,BUY,MIS,2,34,451.95,2026-09-14 10:42:10.886,953070012935,15366.3
TRD30001679,ORD20002358,C100079,ITC,NSE,BUY,MIS,3,30,451.95,2026-09-14 10:42:14.124,276137909152,13558.5
TRD30001680,ORD20003970,C100018,NTPC,NSE,BUY,CNC,1,56,348.35,2026-09-14 10:47:38.971,342953707991,19507.6
TRD30001681,ORD20003970,C100018,NTPC,NSE,BUY,CNC,2,32,348.35,2026-09-14 10:47:42.210,674290539689,11147.2
TRD30001682,ORD20003970,C100018,NTPC,NSE,BUY,CNC,3,64,348.35,2026-09-14 10:47:44.676,105874787828,22294.4
TRD30001683,ORD20001314,C100146,ICICIBANK,NSE,BUY,MIS,1,7,1210.65,2026-09-14 10:48:11.988,738162124294,8474.55
TRD30001684,ORD20001314,C100146,ICICIBANK,NSE,BUY,MIS,2,14,1209.4,2026-09-14 10:48:15.702,913175756631,16931.6
TRD30001685,ORD20001314,C100146,ICICIBANK,NSE,BUY,MIS,3,3,1211.0,2026-09-14 10:48:18.308,420245248904,3633.0
TRD30001686,ORD20001105,C100063,RELIANCE,NSE,BUY,MIS,1,13,2766.65,2026-09-14 10:49:49.565,644828112659,35966.45
TRD30001687,ORD20001105,C100063,RELIANCE,NSE,BUY,MIS,2,1,2766.65,2026-09-14 10:49:51.442,421565413228,2766.65
TRD30001688,ORD20001105,C100063,RELIANCE,NSE,BUY,MIS,3,11,2766.65,2026-09-14 10:49:54.395,722720634543,30433.15
TRD30001689,ORD20000333,C100043,KOTAKBANK,BSE,BUY,MIS,1,21,1817.05,2026-09-14 10:50:03.273,574226359735,38158.05
TRD30001690,ORD20000333,C100043,KOTAKBANK,BSE,BUY,MIS,2,10,1818.1,2026-09-14 10:50:05.116,552392370679,18181.0
TRD30001691,ORD20004193,C100001,SBIN,NSE,BUY,MIS,1,35,805.1,2026-09-14 10:54:02.935,147059170954,28178.5
TRD30001692,ORD20004193,C100001,SBIN,NSE,BUY,MIS,2,2,804.15,2026-09-14 10:54:03.919,695481295115,1608.3
TRD30001693,ORD20004193,C100001,SBIN,NSE,BUY,MIS,3,13,805.65,2026-09-14 10:54:05.719,555400327107,10473.45
TRD30001694,ORD20004647,C100083,NTPC,BSE,BUY,MIS,1,21,354.7,2026-09-14 10:55:14.917,388796968467,7448.7
TRD30001695,ORD20004647,C100083,NTPC,BSE,BUY,MIS,2,23,354.7,2026-09-14 10:55:16.967,531748164910,8158.1
TRD30001696,ORD20004647,C100083,NTPC,BSE,BUY,MIS,3,50,354.7,2026-09-14 10:55:18.154,397443794416,17735.0
TRD30001697,ORD20004343,C100194,TATAMOTORS,NSE,BUY,MIS,1,14,904.8,2026-09-14 10:58:31.556,343979887655,12667.2
TRD30001698,ORD20004343,C100194,TATAMOTORS,NSE,BUY,MIS,2,1,905.1,2026-09-14 10:58:33.023,209089176092,905.1
TRD30001699,ORD20004343,C100194,TATAMOTORS,NSE,BUY,MIS,3,4,905.1,2026-09-14 10:58:33.168,297861517711,3620.4
TRD30001700,ORD20002727,C100093,TATAMOTORS,NSE,BUY,CNC,1,33,988.5,2026-09-14 11:00:29.514,216716988669,32620.5
TRD30001701,ORD20002609,C100145,HINDUNILVR,BSE,SELL,MIS,1,1,2421.0,2026-09-14 11:01:29.751,109101175930,2421.0
TRD30001702,ORD20002609,C100145,HINDUNILVR,BSE,SELL,MIS,2,1,2419.95,2026-09-14 11:01:33.479,763982507883,2419.95
TRD30001703,ORD20003686,C100198,INFY,NSE,BUY,MIS,1,1,1669.8,2026-09-14 11:04:48.196,184997250673,1669.8
TRD30001704,ORD20004928,C100090,BHARTIARTL,BSE,BUY,MIS,1,25,1448.55,2026-09-14 11:06:38.959,455374849366,36213.75
TRD30001705,ORD20001439,C100053,HINDUNILVR,NSE,BUY,MIS,1,4,2411.75,2026-09-14 11:08:45.508,682746662733,9647.0
TRD30001706,ORD20001439,C100053,HINDUNILVR,NSE,BUY,MIS,2,5,2412.85,2026-09-14 11:08:46.450,736934917234,12064.25
TRD30001707,ORD20002744,C100005,ASIANPAINT,NSE,SELL,MIS,1,7,2793.5,2026-09-14 11:08:55.616,168976026996,19554.5
TRD30001708,ORD20004234,C100015,ASIANPAINT,NSE,BUY,CNC,1,1,2907.0,2026-09-14 11:09:41.947,893335861701,2907.0
TRD30001709,ORD20000736,C100103,ITC,NSE,BUY,MIS,1,24,447.7,2026-09-14 11:10:00.302,180540393413,10744.8
TRD30001710,ORD20000736,C100103,ITC,NSE,BUY,MIS,2,4,448.05,2026-09-14 11:10:03.860,561926631708,1792.2
TRD30001711,ORD20004552,C100168,AXISBANK,NSE,BUY,MIS,1,3,1188.3,2026-09-14 11:10:49.864,840017844293,3564.9
TRD30001712,ORD20003968,C100186,BHARTIARTL,NSE,SELL,CNC,1,14,1272.85,2026-09-14 11:11:44.107,512017275009,17819.9
TRD30001713,ORD20003968,C100186,BHARTIARTL,NSE,SELL,CNC,2,15,1272.85,2026-09-14 11:11:46.198,999686290875,19092.75
TRD30001714,ORD20002246,C100002,ICICIBANK,NSE,SELL,CNC,1,115,1219.75,2026-09-14 11:14:27.231,735241385337,140271.25
TRD30001715,ORD20002414,C100187,MARUTI,NSE,SELL,MIS,1,1,12321.25,2026-09-14 11:14:55.988,404936099552,12321.25
TRD30001716,ORD20004396,C100068,NTPC,NSE,BUY,CNC,1,91,354.85,2026-09-14 11:19:44.103,168587564916,32291.35
TRD30001717,ORD20004396,C100068,NTPC,NSE,BUY,CNC,2,77,355.2,2026-09-14 11:19:45.133,842603638263,27350.4
TRD30001718,ORD20004396,C100068,NTPC,NSE,BUY,CNC,3,29,355.15,2026-09-14 11:19:48.121,883442279292,10299.35
TRD30001719,ORD20000568,C100031,ICICIBANK,NSE,BUY,CNC,1,3,1199.15,2026-09-14 11:21:11.067,667580870119,3597.45
TRD30001720,ORD20000568,C100031,ICICIBANK,NSE,BUY,CNC,2,4,1199.15,2026-09-14 11:21:11.524,397622415061,4796.6
TRD30001721,ORD20000568,C100031,ICICIBANK,NSE,BUY,CNC,3,3,1199.15,2026-09-14 11:21:12.746,609271862901,3597.45
TRD30001722,ORD20004697,C100007,HINDUNILVR,NSE,BUY,CNC,1,8,2264.05,2026-09-14 11:25:00.216,102463814490,18112.4
TRD30001723,ORD20004697,C100007,HINDUNILVR,NSE,BUY,CNC,2,17,2264.65,2026-09-14 11:25:02.009,475636516487,38499.05
TRD30001724,ORD20004697,C100007,HINDUNILVR,NSE,BUY,CNC,3,2,2264.25,2026-09-14 11:25:04.812,987692148525,4528.5
TRD30001725,ORD20001377,C100004,BHARTIARTL,NSE,BUY,CNC,1,6,1277.8,2026-09-14 11:25:55.796,291829087399,7666.8
TRD30001726,ORD20001377,C100004,BHARTIARTL,NSE,BUY,CNC,2,20,1279.7,2026-09-14 11:25:58.132,714627567920,25594.0
TRD30001727,ORD20004829,C100052,ICICIBANK,BSE,SELL,MIS,1,26,1268.8,2026-09-14 11:26:16.821,194455479723,32988.8
TRD30001728,ORD20003348,C100153,ITC,NSE,SELL,CNC,1,100,441.1,2026-09-14 11:27:37.909,756909514455,44110.0
TRD30001729,ORD20003009,C100046,ICICIBANK,NSE,SELL,CNC,1,1,1157.7,2026-09-14 11:28:25.401,495997366408,1157.7
TRD30001730,ORD20003009,C100046,ICICIBANK,NSE,SELL,CNC,2,1,1156.6,2026-09-14 11:28:27.034,406696185416,1156.6
TRD30001731,ORD20003419,C100019,RELIANCE,NSE,BUY,CNC,1,2,2858.55,2026-09-14 11:28:39.095,555028223988,5717.1
TRD30001732,ORD20003419,C100019,RELIANCE,NSE,BUY,CNC,2,12,2858.55,2026-09-14 11:28:39.508,836793879931,34302.6
TRD30001733,ORD20004408,C100084,INFY,NSE,BUY,MIS,1,5,1642.6,2026-09-14 11:28:41.799,854528559261,8213.0
TRD30001734,ORD20003885,C100038,HINDUNILVR,NSE,SELL,CNC,1,1,2584.45,2026-09-14 11:29:57.929,417600575767,2584.45
TRD30001735,ORD20003885,C100038,HINDUNILVR,NSE,SELL,CNC,2,1,2584.45,2026-09-14 11:30:00.172,669573377004,2584.45
TRD30001736,ORD20003373,C100120,AXISBANK,NSE,BUY,CNC,1,7,1131.15,2026-09-14 11:33:28.869,390698240870,7918.05
TRD30001737,ORD20003373,C100120,AXISBANK,NSE,BUY,CNC,2,20,1131.15,2026-09-14 11:33:29.364,506618168683,22623.0
TRD30001738,ORD20003373,C100120,AXISBANK,NSE,BUY,CNC,3,10,1131.15,2026-09-14 11:33:33.217,690639846291,11311.5
TRD30001739,ORD20003125,C100075,HDFCBANK,NSE,BUY,MIS,1,1,1735.85,2026-09-14 11:33:42.886,330128181055,1735.85
TRD30001740,ORD20003125,C100075,HDFCBANK,NSE,BUY,MIS,2,1,1736.55,2026-09-14 11:33:45.869,392374879170,1736.55
TRD30001741,ORD20003125,C100075,HDFCBANK,NSE,BUY,MIS,3,5,1737.3,2026-09-14 11:33:46.174,249324611690,8686.5
TRD30001742,ORD20000066,C100049,ITC,NSE,BUY,MIS,1,10,474.65,2026-09-14 11:34:53.103,641373098702,4746.5
TRD30001743,ORD20000066,C100049,ITC,NSE,BUY,MIS,2,2,474.65,2026-09-14 11:34:54.861,861016616316,949.3
TRD30001744,ORD20002572,C100011,ITC,BSE,SELL,CNC,1,8,462.35,2026-09-14 11:36:14.791,926296040955,3698.8
TRD30001745,ORD20001900,C100117,RELIANCE,NSE,SELL,MIS,1,1,3016.45,2026-09-14 11:40:01.525,948396456422,3016.45
TRD30001746,ORD20001900,C100117,RELIANCE,NSE,SELL,MIS,2,2,3015.8,2026-09-14 11:40:04.036,801581269578,6031.6
TRD30001747,ORD20001900,C100117,RELIANCE,NSE,SELL,MIS,3,1,3021.4,2026-09-14 11:40:05.650,525737040109,3021.4
TRD30001748,ORD20003406,C100042,RELIANCE,NSE,BUY,CNC,1,2,2931.9,2026-09-14 11:41:11.105,831245205541,5863.8
TRD30001749,ORD20003406,C100042,RELIANCE,NSE,BUY,CNC,2,4,2929.65,2026-09-14 11:41:13.049,330145798821,11718.6
TRD30001750,ORD20002580,C100166,NTPC,NSE,SELL,MIS,1,119,368.1,2026-09-14 11:42:02.187,559831043388,43803.9
TRD30001751,ORD20004752,C100162,BHARTIARTL,NSE,BUY,CNC,1,3,1329.2,2026-09-14 11:42:11.717,926647752450,3987.6
TRD30001752,ORD20004752,C100162,BHARTIARTL,NSE,BUY,CNC,2,3,1329.2,2026-09-14 11:42:14.380,620286400657,3987.6
TRD30001753,ORD20004062,C100002,TCS,NSE,SELL,MIS,1,8,4074.1,2026-09-14 11:45:51.698,649953640724,32592.8
TRD30001754,ORD20003601,C100199,HDFCBANK,NSE,SELL,CNC,1,1,1694.4,2026-09-14 11:46:25.351,659177134931,1694.4
TRD30001755,ORD20003601,C100199,HDFCBANK,NSE,SELL,CNC,2,2,1695.25,2026-09-14 11:46:27.398,823391163433,3390.5
TRD30001756,ORD20003601,C100199,HDFCBANK,NSE,SELL,CNC,3,4,1697.25,2026-09-14 11:46:28.597,175710228837,6789.0
TRD30001757,ORD20003899,C100144,ITC,NSE,SELL,MIS,1,64,444.15,2026-09-14 11:48:08.074,436361327796,28425.6
TRD30001758,ORD20003899,C100144,ITC,NSE,SELL,MIS,2,88,444.15,2026-09-14 11:48:11.730,942865190568,39085.2
TRD30001759,ORD20003167,C100117,ITC,NSE,BUY,CNC,1,57,448.1,2026-09-14 11:48:28.433,968592001235,25541.7
TRD30001760,ORD20003167,C100117,ITC,NSE,BUY,CNC,2,6,448.1,2026-09-14 11:48:29.694,602983084111,2688.6
TRD30001761,ORD20003167,C100117,ITC,NSE,BUY,CNC,3,5,448.1,2026-09-14 11:48:30.683,370023238822,2240.5
TRD30001762,ORD20002803,C100152,BHARTIARTL,NSE,BUY,MIS,1,1,1455.5,2026-09-14 11:48:42.374,866388252262,1455.5
TRD30001763,ORD20002803,C100152,BHARTIARTL,NSE,BUY,MIS,2,1,1455.5,2026-09-14 11:48:45.345,901786809134,1455.5
TRD30001764,ORD20000381,C100110,HDFCBANK,NSE,SELL,CNC,1,1,1676.05,2026-09-14 11:49:09.854,367552282253,1676.05
TRD30001765,ORD20003217,C100030,INFY,NSE,BUY,CNC,1,27,1544.1,2026-09-14 11:51:40.598,760726076997,41690.7
TRD30001766,ORD20004376,C100096,INFY,NSE,BUY,CNC,1,2,1703.1,2026-09-14 11:52:20.344,956057527297,3406.2
TRD30001767,ORD20004376,C100096,INFY,NSE,BUY,CNC,2,1,1703.1,2026-09-14 11:52:21.738,488963519058,1703.1
TRD30001768,ORD20003603,C100012,MARUTI,NSE,BUY,MIS,1,1,12265.8,2026-09-14 11:52:28.576,173364203003,12265.8
TRD30001769,ORD20003603,C100012,MARUTI,NSE,BUY,MIS,2,1,12265.8,2026-09-14 11:52:28.797,850168048201,12265.8
TRD30001770,ORD20001119,C100004,HDFCBANK,NSE,BUY,MIS,1,30,1687.65,2026-09-14 11:53:45.508,706260170960,50629.5
TRD30001771,ORD20001119,C100004,HDFCBANK,NSE,BUY,MIS,2,6,1687.65,2026-09-14 11:53:47.713,782396776152,10125.9
TRD30001772,ORD20004235,C100158,HINDUNILVR,NSE,BUY,CNC,1,25,2468.85,2026-09-14 11:54:12.622,694015388935,61721.25
TRD30001773,ORD20004235,C100158,HINDUNILVR,NSE,BUY,CNC,2,1,2467.65,2026-09-14 11:54:14.588,477747045947,2467.65
TRD30001774,ORD20000590,C100048,RELIANCE,NSE,SELL,MIS,1,4,2874.8,2026-09-14 11:54:38.538,968078266815,11499.2
TRD30001775,ORD20003843,C100095,RELIANCE,NSE,BUY,CNC,1,16,2934.8,2026-09-14 11:57:35.792,660169127474,46956.8
TRD30001776,ORD20003843,C100095,RELIANCE,NSE,BUY,CNC,2,6,2934.8,2026-09-14 11:57:36.774,572758680025,17608.8
TRD30001777,ORD20001308,C100028,MARUTI,NSE,BUY,MIS,1,1,11877.6,2026-09-14 11:57:38.535,600850328499,11877.6
TRD30001778,ORD20001308,C100028,MARUTI,NSE,BUY,MIS,2,2,11882.35,2026-09-14 11:57:41.947,787261881712,23764.7
TRD30001779,ORD20001308,C100028,MARUTI,NSE,BUY,MIS,3,2,11888.6,2026-09-14 11:57:43.901,648167144608,23777.2
TRD30001780,ORD20002175,C100151,RELIANCE,NSE,SELL,CNC,1,5,3089.2,2026-09-14 12:00:25.151,166200449577,15446.0
TRD30001781,ORD20002175,C100151,RELIANCE,NSE,SELL,CNC,2,12,3089.2,2026-09-14 12:00:25.824,349757141356,37070.4
TRD30001782,ORD20001703,C100011,HINDUNILVR,NSE,BUY,MIS,1,2,2399.7,2026-09-14 12:03:04.766,561904360103,4799.4
TRD30001783,ORD20003260,C100050,KOTAKBANK,NSE,SELL,CNC,1,15,1737.45,2026-09-14 12:03:38.343,248611962451,26061.75
TRD30001784,ORD20003260,C100050,KOTAKBANK,NSE,SELL,CNC,2,4,1737.45,2026-09-14 12:03:40.408,870208087333,6949.8
TRD30001785,ORD20003300,C100028,RELIANCE,NSE,SELL,CNC,1,1,2781.55,2026-09-14 12:05:44.165,798944754859,2781.55
TRD30001786,ORD20004340,C100024,ITC,NSE,BUY,MIS,1,16,432.65,2026-09-14 12:09:59.430,780896154398,6922.4
TRD30001787,ORD20004340,C100024,ITC,NSE,BUY,MIS,2,8,433.2,2026-09-14 12:10:01.632,520888113914,3465.6
TRD30001788,ORD20004340,C100024,ITC,NSE,BUY,MIS,3,3,433.15,2026-09-14 12:10:03.509,360984968122,1299.45
TRD30001789,ORD20004751,C100160,ITC,NSE,BUY,MIS,1,2,457.1,2026-09-14 12:10:59.969,854129997163,914.2
TRD30001790,ORD20004751,C100160,ITC,NSE,BUY,MIS,2,3,457.1,2026-09-14 12:11:03.870,417505742917,1371.3
TRD30001791,ORD20004751,C100160,ITC,NSE,BUY,MIS,3,3,457.1,2026-09-14 12:11:07.410,602653626284,1371.3
TRD30001792,ORD20003407,C100195,MARUTI,NSE,SELL,CNC,1,12,11637.9,2026-09-14 12:12:46.231,363618335906,139654.8
TRD30001793,ORD20002278,C100197,AXISBANK,NSE,BUY,MIS,1,1,1148.9,2026-09-14 12:19:13.136,984328766000,1148.9
TRD30001794,ORD20002278,C100197,AXISBANK,NSE,BUY,MIS,2,4,1148.9,2026-09-14 12:19:13.463,736793080613,4595.6
TRD30001795,ORD20001735,C100020,NTPC,NSE,BUY,CNC,1,183,380.55,2026-09-14 12:19:20.660,968274697674,69640.65
TRD30001796,ORD20003064,C100184,ONGC,NSE,BUY,MIS,1,44,276.15,2026-09-14 12:21:48.264,964604868339,12150.6
TRD30001797,ORD20002914,C100150,RELIANCE,BSE,BUY,CNC,1,1,2940.15,2026-09-14 12:22:44.458,288325765950,2940.15
TRD30001798,ORD20002914,C100150,RELIANCE,BSE,BUY,CNC,2,1,2945.4,2026-09-14 12:22:48.193,757792910490,2945.4
TRD30001799,ORD20003678,C100151,AXISBANK,NSE,BUY,MIS,1,18,1172.0,2026-09-14 12:26:36.620,519142833480,21096.0
TRD30001800,ORD20004603,C100035,ASIANPAINT,NSE,BUY,MIS,1,2,2890.65,2026-09-14 12:26:57.073,667170438441,5781.3
TRD30001801,ORD20004603,C100035,ASIANPAINT,NSE,BUY,MIS,2,1,2890.65,2026-09-14 12:26:58.126,519258341588,2890.65
TRD30001802,ORD20003307,C100094,MARUTI,NSE,BUY,CNC,1,1,11969.4,2026-09-14 12:27:54.300,151396653758,11969.4
TRD30001803,ORD20003307,C100094,MARUTI,NSE,BUY,CNC,2,1,11969.4,2026-09-14 12:27:57.236,712843960859,11969.4
TRD30001804,ORD20003307,C100094,MARUTI,NSE,BUY,CNC,3,1,11969.4,2026-09-14 12:27:59.511,538712685853,11969.4
TRD30001805,ORD20002456,C100075,HINDUNILVR,NSE,BUY,CNC,1,1,2408.4,2026-09-14 12:28:11.351,220270284848,2408.4
TRD30001806,ORD20002456,C100075,HINDUNILVR,NSE,BUY,CNC,2,1,2408.4,2026-09-14 12:28:14.943,689647940116,2408.4
TRD30001807,ORD20000032,C100086,WIPRO,NSE,SELL,MIS,1,5,481.05,2026-09-14 12:30:19.093,243425084463,2405.25
TRD30001808,ORD20000032,C100086,WIPRO,NSE,SELL,MIS,2,4,481.05,2026-09-14 12:30:19.501,888910590674,1924.2
TRD30001809,ORD20000032,C100086,WIPRO,NSE,SELL,MIS,3,1,481.05,2026-09-14 12:30:20.469,119003099238,481.05
TRD30001810,ORD20001816,C100138,BHARTIARTL,NSE,SELL,MIS,1,19,1483.55,2026-09-14 12:30:57.203,478834175753,28187.45
TRD30001811,ORD20001816,C100138,BHARTIARTL,NSE,SELL,MIS,2,79,1483.55,2026-09-14 12:31:00.042,408557366921,117200.45
TRD30001812,ORD20004179,C100111,HINDUNILVR,NSE,SELL,MIS,1,20,2438.0,2026-09-14 12:31:18.151,894929947864,48760.0
TRD30001813,ORD20004179,C100111,HINDUNILVR,NSE,SELL,MIS,2,11,2438.0,2026-09-14 12:31:19.222,769310696896,26818.0
TRD30001814,ORD20004987,C100087,TATAMOTORS,NSE,BUY,MIS,1,56,977.9,2026-09-14 12:31:59.137,338027247903,54762.4
TRD30001815,ORD20000201,C100030,TATAMOTORS,NSE,SELL,MIS,1,28,960.85,2026-09-14 12:35:02.804,405003914120,26903.8
TRD30001816,ORD20000201,C100030,TATAMOTORS,NSE,SELL,MIS,2,14,960.9,2026-09-14 12:35:04.337,672787343372,13452.6
TRD30001817,ORD20000316,C100155,ITC,NSE,SELL,MIS,1,5,431.4,2026-09-14 12:43:44.935,971110921215,2157.0
TRD30001818,ORD20000316,C100155,ITC,NSE,SELL,MIS,2,8,431.4,2026-09-14 12:43:45.518,465778775812,3451.2
TRD30001819,ORD20004804,C100002,NTPC,NSE,BUY,MIS,1,2,360.55,2026-09-14 12:45:49.369,851196138504,721.1
TRD30001820,ORD20004804,C100002,NTPC,NSE,BUY,MIS,2,2,360.55,2026-09-14 12:45:49.605,746061726040,721.1
TRD30001821,ORD20004804,C100002,NTPC,NSE,BUY,MIS,3,1,360.55,2026-09-14 12:45:53.406,735668183778,360.55
TRD30001822,ORD20001968,C100066,ITC,NSE,SELL,CNC,1,66,451.85,2026-09-14 12:46:12.084,314924745666,29822.1
TRD30001823,ORD20001968,C100066,ITC,NSE,SELL,CNC,2,11,453.25,2026-09-14 12:46:14.939,126794974110,4985.75
TRD30001824,ORD20004624,C100152,INFY,NSE,BUY,MIS,1,1,1548.1,2026-09-14 12:46:15.853,522587300513,1548.1
TRD30001825,ORD20003674,C100007,SUNPHARMA,NSE,SELL,CNC,1,31,1655.1,2026-09-14 12:47:22.083,648064901011,51308.1
TRD30001826,ORD20003674,C100007,SUNPHARMA,NSE,SELL,CNC,2,7,1655.1,2026-09-14 12:47:24.990,529852797854,11585.7
TRD30001827,ORD20001756,C100065,KOTAKBANK,NSE,SELL,CNC,1,2,1822.3,2026-09-14 12:51:53.197,445871341507,3644.6
TRD30001828,ORD20001756,C100065,KOTAKBANK,NSE,SELL,CNC,2,1,1822.3,2026-09-14 12:51:56.962,359651819118,1822.3
TRD30001829,ORD20001756,C100065,KOTAKBANK,NSE,SELL,CNC,3,1,1822.3,2026-09-14 12:51:58.079,873450302396,1822.3
TRD30001830,ORD20000698,C100192,AXISBANK,BSE,SELL,MIS,1,2,1164.3,2026-09-14 12:52:12.994,252778233228,2328.6
TRD30001831,ORD20000698,C100192,AXISBANK,BSE,SELL,MIS,2,6,1165.1,2026-09-14 12:52:15.448,104829768753,6990.6
TRD30001832,ORD20002263,C100103,TCS,NSE,BUY,MIS,1,16,3948.15,2026-09-14 12:53:17.898,197353676106,63170.4
TRD30001833,ORD20001585,C100100,RELIANCE,NSE,SELL,CNC,1,51,2879.25,2026-09-14 12:57:03.664,498518758424,146841.75
TRD30001834,ORD20003797,C100179,ICICIBANK,NSE,SELL,CNC,1,6,1280.25,2026-09-14 12:57:09.873,604119127607,7681.5
TRD30001835,ORD20003797,C100179,ICICIBANK,NSE,SELL,CNC,2,43,1281.75,2026-09-14 12:57:10.240,727775843067,55115.25
TRD30001836,ORD20000611,C100159,MARUTI,NSE,SELL,MIS,1,1,11497.35,2026-09-14 12:59:18.694,604793491736,11497.35
TRD30001837,ORD20000611,C100159,MARUTI,NSE,SELL,MIS,2,2,11491.8,2026-09-14 12:59:22.518,671256545971,22983.6
TRD30001838,ORD20000611,C100159,MARUTI,NSE,SELL,MIS,3,1,11499.85,2026-09-14 12:59:26.485,205180066228,11499.85
TRD30001839,ORD20000797,C100049,HINDUNILVR,NSE,SELL,CNC,1,1,2416.7,2026-09-14 13:00:35.420,495171354825,2416.7
TRD30001840,ORD20004104,C100049,TATAMOTORS,NSE,BUY,MIS,1,3,946.45,2026-09-14 13:01:42.248,738652904935,2839.35
TRD30001841,ORD20004104,C100049,TATAMOTORS,NSE,BUY,MIS,2,2,946.45,2026-09-14 13:01:43.660,391815330647,1892.9
TRD30001842,ORD20002204,C100067,INFY,NSE,BUY,MIS,1,14,1495.6,2026-09-14 13:03:02.302,331633185546,20938.4
TRD30001843,ORD20002204,C100067,INFY,NSE,BUY,MIS,2,6,1496.25,2026-09-14 13:03:03.783,348263217989,8977.5
TRD30001844,ORD20002204,C100067,INFY,NSE,BUY,MIS,3,14,1496.25,2026-09-14 13:03:07.765,441270469915,20947.5
TRD30001845,ORD20002642,C100113,TCS,NSE,SELL,MIS,1,1,4155.45,2026-09-14 13:12:08.505,103384158190,4155.45
TRD30001846,ORD20003918,C100095,ICICIBANK,NSE,SELL,CNC,1,27,1127.7,2026-09-14 13:16:10.697,913762664301,30447.9
TRD30001847,ORD20002677,C100160,HINDUNILVR,NSE,SELL,CNC,1,11,2428.95,2026-09-14 13:18:18.550,285328676138,26718.45
TRD30001848,ORD20002677,C100160,HINDUNILVR,NSE,SELL,CNC,2,34,2428.95,2026-09-14 13:18:19.260,871025726439,82584.3
TRD30001849,ORD20002677,C100160,HINDUNILVR,NSE,SELL,CNC,3,4,2428.95,2026-09-14 13:18:19.778,150487397176,9715.8
TRD30001850,ORD20000528,C100068,HINDUNILVR,NSE,SELL,CNC,1,1,2308.6,2026-09-14 13:19:52.599,351251854431,2308.6
TRD30001851,ORD20000528,C100068,HINDUNILVR,NSE,SELL,CNC,2,7,2311.25,2026-09-14 13:19:53.005,589019355530,16178.75
TRD30001852,ORD20000528,C100068,HINDUNILVR,NSE,SELL,CNC,3,1,2314.25,2026-09-14 13:19:53.097,230013174153,2314.25
TRD30001853,ORD20000043,C100008,AXISBANK,NSE,SELL,CNC,1,44,1168.0,2026-09-14 13:20:30.310,988502253774,51392.0
TRD30001854,ORD20004078,C100027,MARUTI,NSE,BUY,CNC,1,3,11883.1,2026-09-14 13:20:35.718,605374409082,35649.3
TRD30001855,ORD20004078,C100027,MARUTI,NSE,BUY,CNC,2,1,11883.1,2026-09-14 13:20:36.718,826278646143,11883.1
TRD30001856,ORD20004078,C100027,MARUTI,NSE,BUY,CNC,3,5,11883.1,2026-09-14 13:20:39.060,349943727352,59415.5
TRD30001857,ORD20001225,C100181,ICICIBANK,BSE,SELL,CNC,1,14,1317.15,2026-09-14 13:23:36.944,271074878070,18440.1
TRD30001858,ORD20001225,C100181,ICICIBANK,BSE,SELL,CNC,2,6,1319.1,2026-09-14 13:23:37.720,862659377289,7914.6
TRD30001859,ORD20001234,C100012,ITC,NSE,SELL,MIS,1,18,434.85,2026-09-14 13:28:19.407,298697153755,7827.3
TRD30001860,ORD20002085,C100009,RELIANCE,NSE,SELL,MIS,1,2,3007.5,2026-09-14 13:28:53.477,444770728349,6015.0
TRD30001861,ORD20002252,C100192,TCS,NSE,SELL,MIS,1,5,3852.25,2026-09-14 13:31:44.848,766469267772,19261.25
TRD30001862,ORD20002252,C100192,TCS,NSE,SELL,MIS,2,6,3852.25,2026-09-14 13:31:45.757,310178945115,23113.5
TRD30001863,ORD20002252,C100192,TCS,NSE,SELL,MIS,3,1,3852.25,2026-09-14 13:31:45.811,689361309576,3852.25
TRD30001864,ORD20002022,C100094,NTPC,NSE,SELL,MIS,1,10,375.25,2026-09-14 13:34:13.524,960441796873,3752.5
TRD30001865,ORD20002022,C100094,NTPC,NSE,SELL,MIS,2,42,375.25,2026-09-14 13:34:17.168,584367086350,15760.5
TRD30001866,ORD20002022,C100094,NTPC,NSE,SELL,MIS,3,31,375.25,2026-09-14 13:34:20.070,343222672289,11632.75
TRD30001867,ORD20003890,C100027,ICICIBANK,NSE,SELL,MIS,1,112,1196.75,2026-09-14 13:35:02.817,946029202209,134036.0
TRD30001868,ORD20003890,C100027,ICICIBANK,NSE,SELL,MIS,2,3,1196.75,2026-09-14 13:35:03.705,924783889709,3590.25
TRD30001869,ORD20001769,C100141,NTPC,NSE,BUY,CNC,1,83,379.65,2026-09-14 13:37:15.218,662023250932,31510.95
TRD30001870,ORD20001769,C100141,NTPC,NSE,BUY,CNC,2,47,379.65,2026-09-14 13:37:15.521,775982762584,17843.55
TRD30001871,ORD20002863,C100009,ITC,NSE,BUY,MIS,1,14,440.9,2026-09-14 13:42:42.698,776790017310,6172.6
TRD30001872,ORD20002863,C100009,ITC,NSE,BUY,MIS,2,14,440.8,2026-09-14 13:42:46.029,500594777892,6171.2
TRD30001873,ORD20002863,C100009,ITC,NSE,BUY,MIS,3,26,440.4,2026-09-14 13:42:46.756,338653804671,11450.4
TRD30001874,ORD20002512,C100187,HINDUNILVR,NSE,SELL,MIS,1,25,2470.4,2026-09-14 13:44:02.218,159994301146,61760.0
TRD30001875,ORD20001838,C100107,SBIN,NSE,SELL,MIS,1,1,813.75,2026-09-14 13:46:17.789,142714025677,813.75
TRD30001876,ORD20001838,C100107,SBIN,NSE,SELL,MIS,2,5,812.15,2026-09-14 13:46:21.413,147824725912,4060.75
TRD30001877,ORD20000459,C100113,NTPC,NSE,SELL,CNC,1,7,349.0,2026-09-14 13:46:23.049,315162580555,2443.0
TRD30001878,ORD20000459,C100113,NTPC,NSE,SELL,CNC,2,15,348.75,2026-09-14 13:46:25.748,201368629270,5231.25
TRD30001879,ORD20000459,C100113,NTPC,NSE,SELL,CNC,3,8,348.35,2026-09-14 13:46:27.165,142856981244,2786.8
TRD30001880,ORD20003196,C100031,TATAMOTORS,NSE,BUY,MIS,1,39,939.4,2026-09-14 13:47:56.431,624937073495,36636.6
TRD30001881,ORD20003196,C100031,TATAMOTORS,NSE,BUY,MIS,2,17,939.3,2026-09-14 13:47:57.459,405865516133,15968.1
TRD30001882,ORD20001379,C100103,KOTAKBANK,NSE,SELL,CNC,1,3,1756.7,2026-09-14 13:49:55.338,999400169016,5270.1
TRD30001883,ORD20001379,C100103,KOTAKBANK,NSE,SELL,CNC,2,2,1756.7,2026-09-14 13:49:55.554,700832072617,3513.4
TRD30001884,ORD20001089,C100025,MARUTI,NSE,BUY,MIS,1,1,11902.75,2026-09-14 13:56:32.713,945087556936,11902.75
TRD30001885,ORD20000207,C100113,NTPC,NSE,BUY,MIS,1,5,355.6,2026-09-14 13:58:22.675,158284552804,1778.0
TRD30001886,ORD20000207,C100113,NTPC,NSE,BUY,MIS,2,4,355.9,2026-09-14 13:58:23.144,335687654050,1423.6
TRD30001887,ORD20001759,C100090,AXISBANK,NSE,BUY,CNC,1,4,1142.65,2026-09-14 14:00:23.687,803147823870,4570.6
TRD30001888,ORD20001759,C100090,AXISBANK,NSE,BUY,CNC,2,1,1144.75,2026-09-14 14:00:25.726,656453746864,1144.75
TRD30001889,ORD20001759,C100090,AXISBANK,NSE,BUY,CNC,3,1,1142.85,2026-09-14 14:00:28.113,425963993255,1142.85
TRD30001890,ORD20001911,C100008,ONGC,NSE,SELL,CNC,1,19,273.8,2026-09-14 14:02:40.088,856658355291,5202.2
TRD30001891,ORD20001911,C100008,ONGC,NSE,SELL,CNC,2,28,273.8,2026-09-14 14:02:43.822,550416453629,7666.4
TRD30001892,ORD20000668,C100021,MARUTI,NSE,SELL,MIS,1,1,12372.05,2026-09-14 14:03:57.615,924795986794,12372.05
TRD30001893,ORD20001762,C100061,KOTAKBANK,NSE,SELL,MIS,1,8,1710.7,2026-09-14 14:05:29.366,592589729838,13685.6
TRD30001894,ORD20001762,C100061,KOTAKBANK,NSE,SELL,MIS,2,1,1710.7,2026-09-14 14:05:33.046,629003525702,1710.7
TRD30001895,ORD20001762,C100061,KOTAKBANK,NSE,SELL,MIS,3,11,1710.7,2026-09-14 14:05:33.317,378747842431,18817.7
TRD30001896,ORD20000138,C100025,BHARTIARTL,NSE,SELL,MIS,1,4,1478.4,2026-09-14 14:06:28.050,171994621921,5913.6
TRD30001897,ORD20000138,C100025,BHARTIARTL,NSE,SELL,MIS,2,4,1478.75,2026-09-14 14:06:31.018,112011655595,5915.0
TRD30001898,ORD20000138,C100025,BHARTIARTL,NSE,SELL,MIS,3,13,1478.1,2026-09-14 14:06:33.287,359830295362,19215.3
TRD30001899,ORD20003552,C100162,SBIN,NSE,SELL,CNC,1,4,788.3,2026-09-14 14:07:28.226,865202885922,3153.2
TRD30001900,ORD20003552,C100162,SBIN,NSE,SELL,CNC,2,5,788.3,2026-09-14 14:07:30.785,404162414732,3941.5
TRD30001901,ORD20003552,C100162,SBIN,NSE,SELL,CNC,3,1,788.3,2026-09-14 14:07:32.845,850313415307,788.3
TRD30001902,ORD20003922,C100174,MARUTI,NSE,BUY,MIS,1,3,12061.85,2026-09-14 14:11:23.428,991922711317,36185.55
TRD30001903,ORD20003922,C100174,MARUTI,NSE,BUY,MIS,2,1,12061.85,2026-09-14 14:11:24.862,487986703221,12061.85
TRD30001904,ORD20003846,C100012,ICICIBANK,NSE,SELL,MIS,1,5,1178.25,2026-09-14 14:13:48.896,492002584023,5891.25
TRD30001905,ORD20003178,C100115,TITAN,NSE,SELL,MIS,1,1,3321.6,2026-09-14 14:15:11.358,866305132645,3321.6
TRD30001906,ORD20000343,C100149,RELIANCE,BSE,BUY,CNC,1,1,2901.65,2026-09-14 14:15:34.452,604171300033,2901.65
TRD30001907,ORD20000343,C100149,RELIANCE,BSE,BUY,CNC,2,8,2901.5,2026-09-14 14:15:35.194,848889688030,23212.0
TRD30001908,ORD20002938,C100040,INFY,NSE,SELL,MIS,1,73,1635.95,2026-09-14 14:20:54.606,731989196309,119424.35
TRD30001909,ORD20000912,C100067,TATAMOTORS,NSE,SELL,MIS,1,23,937.9,2026-09-14 14:23:19.944,437066524606,21571.7
TRD30001910,ORD20000183,C100031,TATAMOTORS,NSE,BUY,MIS,1,6,946.55,2026-09-14 14:25:43.474,680990056148,5679.3
TRD30001911,ORD20003384,C100029,ASIANPAINT,NSE,BUY,MIS,1,1,2904.0,2026-09-14 14:26:28.213,125196307521,2904.0
TRD30001912,ORD20003384,C100029,ASIANPAINT,NSE,BUY,MIS,2,1,2901.0,2026-09-14 14:26:29.239,551200667345,2901.0
TRD30001913,ORD20001767,C100050,NTPC,NSE,SELL,CNC,1,60,352.1,2026-09-14 14:28:24.051,180552105731,21126.0
TRD30001914,ORD20001767,C100050,NTPC,NSE,SELL,CNC,2,40,352.1,2026-09-14 14:28:25.570,596454571987,14084.0
TRD30001915,ORD20004875,C100192,AXISBANK,NSE,BUY,CNC,1,24,1164.3,2026-09-14 14:29:16.851,830946431790,27943.2
TRD30001916,ORD20000807,C100127,ITC,NSE,SELL,MIS,1,3,443.75,2026-09-14 14:30:04.373,244118187287,1331.25
TRD30001917,ORD20000807,C100127,ITC,NSE,SELL,MIS,2,2,443.75,2026-09-14 14:30:07.750,455818164471,887.5
TRD30001918,ORD20000807,C100127,ITC,NSE,SELL,MIS,3,21,443.6,2026-09-14 14:30:08.479,591561722580,9315.6
TRD30001919,ORD20001031,C100057,KOTAKBANK,NSE,SELL,MIS,1,15,1766.6,2026-09-14 14:31:49.724,281804486976,26499.0
TRD30001920,ORD20003454,C100013,NTPC,BSE,BUY,CNC,1,9,370.5,2026-09-14 14:32:57.720,129636840758,3334.5
TRD30001921,ORD20003454,C100013,NTPC,BSE,BUY,CNC,2,3,370.5,2026-09-14 14:32:57.851,101296850998,1111.5
TRD30001922,ORD20001688,C100045,ICICIBANK,NSE,SELL,MIS,1,29,1170.95,2026-09-14 14:35:39.535,329893652828,33957.55
TRD30001923,ORD20001688,C100045,ICICIBANK,NSE,SELL,MIS,2,23,1169.45,2026-09-14 14:35:42.694,376113619164,26897.35
TRD30001924,ORD20001688,C100045,ICICIBANK,NSE,SELL,MIS,3,5,1170.3,2026-09-14 14:35:43.156,518264377759,5851.5
TRD30001925,ORD20000435,C100173,SBIN,NSE,BUY,MIS,1,25,759.4,2026-09-14 14:38:21.969,863559253571,18985.0
TRD30001926,ORD20000642,C100032,SBIN,NSE,BUY,MIS,1,28,812.95,2026-09-14 14:38:29.042,474750365854,22762.6
TRD30001927,ORD20000642,C100032,SBIN,NSE,BUY,MIS,2,54,812.95,2026-09-14 14:38:31.011,175132203053,43899.3
TRD30001928,ORD20002115,C100111,BHARTIARTL,NSE,SELL,MIS,1,17,1425.75,2026-09-14 14:43:16.952,393864667843,24237.75
TRD30001929,ORD20002115,C100111,BHARTIARTL,NSE,SELL,MIS,2,11,1425.75,2026-09-14 14:43:18.702,375405427099,15683.25
TRD30001930,ORD20002115,C100111,BHARTIARTL,NSE,SELL,MIS,3,11,1425.75,2026-09-14 14:43:21.084,612905076793,15683.25
TRD30001931,ORD20004298,C100198,HINDUNILVR,NSE,SELL,CNC,1,1,2310.7,2026-09-14 14:44:50.611,683727878730,2310.7
TRD30001932,ORD20004298,C100198,HINDUNILVR,NSE,SELL,CNC,2,7,2310.35,2026-09-14 14:44:51.110,100453614789,16172.45
TRD30001933,ORD20004298,C100198,HINDUNILVR,NSE,SELL,CNC,3,18,2307.75,2026-09-14 14:44:53.191,585874976124,41539.5
TRD30001934,ORD20000045,C100092,SBIN,NSE,SELL,MIS,1,1,843.45,2026-09-14 14:47:26.598,321637291841,843.45
TRD30001935,ORD20000045,C100092,SBIN,NSE,SELL,MIS,2,2,843.45,2026-09-14 14:47:29.024,785354815013,1686.9
TRD30001936,ORD20000045,C100092,SBIN,NSE,SELL,MIS,3,2,843.45,2026-09-14 14:47:32.659,403700978834,1686.9
TRD30001937,ORD20002016,C100177,KOTAKBANK,NSE,SELL,MIS,1,14,1729.95,2026-09-14 14:47:35.823,924179762295,24219.3
TRD30001938,ORD20003896,C100092,BHARTIARTL,NSE,BUY,MIS,1,3,1326.2,2026-09-14 14:48:02.009,457615971314,3978.6
TRD30001939,ORD20003896,C100092,BHARTIARTL,NSE,BUY,MIS,2,10,1326.2,2026-09-14 14:48:03.248,415400006290,13262.0
TRD30001940,ORD20003896,C100092,BHARTIARTL,NSE,BUY,MIS,3,4,1326.85,2026-09-14 14:48:06.600,220998324153,5307.4
TRD30001941,ORD20001387,C100156,HINDUNILVR,NSE,SELL,MIS,1,3,2298.4,2026-09-14 14:48:26.312,257333806154,6895.2
TRD30001942,ORD20004832,C100002,BHARTIARTL,NSE,SELL,MIS,1,20,1442.1,2026-09-14 14:48:50.734,706684368844,28842.0
TRD30001943,ORD20000312,C100060,KOTAKBANK,NSE,BUY,CNC,1,23,1661.25,2026-09-14 14:52:12.709,614346366067,38208.75
TRD30001944,ORD20002074,C100090,RELIANCE,NSE,SELL,CNC,1,7,2979.25,2026-09-14 14:52:18.810,595172685866,20854.75
TRD30001945,ORD20002074,C100090,RELIANCE,NSE,SELL,CNC,2,3,2979.25,2026-09-14 14:52:22.413,219723924907,8937.75
TRD30001946,ORD20003283,C100121,WIPRO,NSE,SELL,MIS,1,128,473.75,2026-09-14 14:53:08.050,195273771679,60640.0
TRD30001947,ORD20003283,C100121,WIPRO,NSE,SELL,MIS,2,19,473.75,2026-09-14 14:53:10.249,494344854294,9001.25
TRD30001948,ORD20004773,C100141,MARUTI,NSE,BUY,CNC,1,1,12167.45,2026-09-14 14:53:16.612,957992611789,12167.45
TRD30001949,ORD20004705,C100150,KOTAKBANK,NSE,SELL,CNC,1,20,1711.35,2026-09-14 14:53:19.388,478438406069,34227.0
TRD30001950,ORD20004705,C100150,KOTAKBANK,NSE,SELL,CNC,2,10,1711.35,2026-09-14 14:53:20.149,913404218390,17113.5
TRD30001951,ORD20004705,C100150,KOTAKBANK,NSE,SELL,CNC,3,10,1711.35,2026-09-14 14:53:20.218,970803965938,17113.5
TRD30001952,ORD20001705,C100119,MARUTI,NSE,BUY,MIS,1,1,11777.35,2026-09-14 14:54:01.777,199968629053,11777.35
TRD30001953,ORD20001201,C100082,INFY,NSE,BUY,MIS,1,1,1559.05,2026-09-14 14:56:28.125,932008151934,1559.05
TRD30001954,ORD20001201,C100082,INFY,NSE,BUY,MIS,2,1,1559.05,2026-09-14 14:56:29.842,749314281425,1559.05
TRD30001955,ORD20001201,C100082,INFY,NSE,BUY,MIS,3,4,1559.05,2026-09-14 14:56:31.587,185605804737,6236.2
TRD30001956,ORD20004227,C100156,TITAN,NSE,BUY,CNC,1,3,3413.5,2026-09-14 14:56:42.770,755017639416,10240.5
TRD30001957,ORD20004227,C100156,TITAN,NSE,BUY,CNC,2,1,3407.75,2026-09-14 14:56:45.492,543934751067,3407.75
TRD30001958,ORD20004227,C100156,TITAN,NSE,BUY,CNC,3,1,3411.0,2026-09-14 14:56:48.264,225777872702,3411.0
TRD30001960,ORD20003571,C100025,MARUTI,BSE,BUY,CNC,1,3,12391.05,2026-09-14 14:57:52.267,737539320727,37173.15
TRD30001961,ORD20003571,C100025,MARUTI,BSE,BUY,CNC,2,2,12391.05,2026-09-14 14:57:52.628,387238262144,24782.1
TRD30001959,ORD20003102,C100129,INFY,NSE,SELL,MIS,1,13,1625.4,2026-09-14 14:57:53.264,314292800760,21130.2
TRD30001962,ORD20004156,C100056,HINDUNILVR,NSE,SELL,MIS,1,1,2356.85,2026-09-14 14:59:23.193,956770498729,2356.85
TRD30001963,ORD20004156,C100056,HINDUNILVR,NSE,SELL,MIS,2,1,2357.2,2026-09-14 14:59:25.325,838197383663,2357.2
TRD30001964,ORD20004156,C100056,HINDUNILVR,NSE,SELL,MIS,3,1,2359.2,2026-09-14 14:59:29.305,598583350103,2359.2
TRD30001965,ORD20003546,C100095,AXISBANK,NSE,SELL,MIS,1,8,1136.45,2026-09-14 15:00:47.100,663205317807,9091.6
TRD30001966,ORD20003546,C100095,AXISBANK,NSE,SELL,MIS,2,5,1136.8,2026-09-14 15:00:47.384,927055663134,5684.0
TRD30001967,ORD20000025,C100174,HINDUNILVR,NSE,SELL,CNC,1,1,2396.65,2026-09-14 15:01:27.169,388504204441,2396.65
TRD30001968,ORD20000025,C100174,HINDUNILVR,NSE,SELL,CNC,2,1,2399.6,2026-09-14 15:01:29.380,828144595882,2399.6
TRD30001969,ORD20000025,C100174,HINDUNILVR,NSE,SELL,CNC,3,3,2400.05,2026-09-14 15:01:32.569,503906231894,7200.15
TRD30001970,ORD20004405,C100066,BHARTIARTL,NSE,SELL,CNC,1,49,1457.85,2026-09-14 15:01:48.415,884202015938,71434.65
TRD30001971,ORD20004405,C100066,BHARTIARTL,NSE,SELL,CNC,2,11,1459.1,2026-09-14 15:01:52.364,158685784708,16050.1
TRD30001972,ORD20002305,C100176,ICICIBANK,NSE,BUY,MIS,1,8,1186.3,2026-09-14 15:02:57.114,746129534542,9490.4
TRD30001973,ORD20002305,C100176,ICICIBANK,NSE,BUY,MIS,2,6,1184.4,2026-09-14 15:02:59.350,827650186330,7106.4
TRD30001974,ORD20002864,C100043,HDFCBANK,NSE,BUY,CNC,1,32,1615.55,2026-09-14 15:03:14.087,651967395915,51697.6
TRD30001975,ORD20002864,C100043,HDFCBANK,NSE,BUY,CNC,2,5,1615.55,2026-09-14 15:03:17.157,364164899329,8077.75
TRD30001976,ORD20003744,C100134,HDFCBANK,NSE,SELL,CNC,1,28,1672.5,2026-09-14 15:05:28.389,233181991632,46830.0
TRD30001977,ORD20003744,C100134,HDFCBANK,NSE,SELL,CNC,2,6,1673.15,2026-09-14 15:05:30.776,765178443457,10038.9
TRD30001978,ORD20004848,C100166,ITC,NSE,BUY,MIS,1,45,459.95,2026-09-14 15:06:10.677,215315993231,20697.75
TRD30001979,ORD20004848,C100166,ITC,NSE,BUY,MIS,2,3,459.95,2026-09-14 15:06:12.073,859898141421,1379.85
TRD30001980,ORD20004848,C100166,ITC,NSE,BUY,MIS,3,17,459.95,2026-09-14 15:06:12.174,551012105772,7819.15
TRD30001981,ORD20000432,C100125,HINDUNILVR,NSE,BUY,MIS,1,5,2355.8,2026-09-14 15:08:11.501,443861543598,11779.0
TRD30001982,ORD20004268,C100161,HINDUNILVR,NSE,SELL,MIS,1,1,2377.65,2026-09-14 15:08:20.797,313002674901,2377.65
TRD30001983,ORD20004268,C100161,HINDUNILVR,NSE,SELL,MIS,2,4,2380.85,2026-09-14 15:08:24.591,114749102858,9523.4
TRD30001984,ORD20003174,C100068,INFY,BSE,SELL,MIS,1,1,1593.15,2026-09-14 15:09:29.616,914750737013,1593.15
TRD30001985,ORD20003174,C100068,INFY,BSE,SELL,MIS,2,1,1594.25,2026-09-14 15:09:30.078,643949015516,1594.25
TRD30001986,ORD20003174,C100068,INFY,BSE,SELL,MIS,3,6,1593.35,2026-09-14 15:09:30.909,730804794936,9560.1
TRD30001987,ORD20002004,C100001,TATAMOTORS,NSE,BUY,CNC,1,21,1003.6,2026-09-14 15:10:34.677,976329660075,21075.6
TRD30001988,ORD20002004,C100001,TATAMOTORS,NSE,BUY,CNC,2,117,1003.6,2026-09-14 15:10:35.531,296816083801,117421.2
TRD30001989,ORD20002913,C100135,BHARTIARTL,NSE,BUY,CNC,1,1,1408.2,2026-09-14 15:20:05.597,156446095508,1408.2
TRD30001990,ORD20002913,C100135,BHARTIARTL,NSE,BUY,CNC,2,1,1408.2,2026-09-14 15:20:05.694,536245130076,1408.2
TRD30001991,ORD20004892,C100185,RELIANCE,NSE,SELL,MIS,1,1,3073.6,2026-09-14 15:23:46.244,478955464092,3073.6
TRD30001992,ORD20004722,C100197,INFY,NSE,SELL,CNC,1,11,1549.4,2026-09-15 09:15:56.709,157372610853,17043.4
TRD30001993,ORD20004722,C100197,INFY,NSE,SELL,CNC,2,5,1549.4,2026-09-15 09:16:00.604,525077112343,7747.0
TRD30001994,ORD20004722,C100197,INFY,NSE,SELL,CNC,3,1,1549.4,2026-09-15 09:16:01.793,587243119495,1549.4
TRD30001995,ORD20004540,C100103,BHARTIARTL,NSE,BUY,MIS,1,90,1464.7,2026-09-15 09:16:19.709,205116089951,131823.0
TRD30001996,ORD20000235,C100075,KOTAKBANK,NSE,BUY,CNC,1,3,1755.25,2026-09-15 09:22:00.548,725722824326,5265.75
TRD30001997,ORD20000235,C100075,KOTAKBANK,NSE,BUY,CNC,2,5,1754.35,2026-09-15 09:22:00.660,411151104761,8771.75
TRD30001998,ORD20003184,C100184,MARUTI,NSE,SELL,MIS,1,1,11999.2,2026-09-15 09:22:46.961,607909064197,11999.2
TRD30001999,ORD20003184,C100184,MARUTI,NSE,SELL,MIS,2,2,11999.2,2026-09-15 09:22:48.569,673383408626,23998.4
TRD30002000,ORD20001494,C100092,NTPC,NSE,SELL,MIS,1,1,349.65,2026-09-15 09:24:15.141,422386490079,349.65
TRD30002001,ORD20001494,C100092,NTPC,NSE,SELL,MIS,2,25,349.5,2026-09-15 09:24:16.028,761939851787,8737.5
TRD30002002,ORD20001494,C100092,NTPC,NSE,SELL,MIS,3,15,349.45,2026-09-15 09:24:17.378,689758632088,5241.75
TRD30002003,ORD20001212,C100106,RELIANCE,NSE,SELL,CNC,1,9,2905.05,2026-09-15 09:27:56.045,151833650327,26145.45
TRD30002004,ORD20001212,C100106,RELIANCE,NSE,SELL,CNC,2,8,2907.7,2026-09-15 09:27:57.914,220727038732,23261.6
TRD30002005,ORD20003627,C100066,MARUTI,NSE,BUY,MIS,1,2,11526.8,2026-09-15 09:33:21.941,140356953541,23053.6
TRD30002006,ORD20004103,C100005,HINDUNILVR,NSE,SELL,MIS,1,1,2346.35,2026-09-15 09:34:11.225,882727944483,2346.35
TRD30002007,ORD20004103,C100005,HINDUNILVR,NSE,SELL,MIS,2,15,2349.4,2026-09-15 09:34:13.038,414283179499,35241.0
TRD30002008,ORD20004103,C100005,HINDUNILVR,NSE,SELL,MIS,3,2,2348.9,2026-09-15 09:34:14.610,577694018900,4697.8
TRD30002009,ORD20000661,C100151,ITC,NSE,SELL,CNC,1,46,466.0,2026-09-15 09:34:29.035,575481905285,21436.0
TRD30002010,ORD20000661,C100151,ITC,NSE,SELL,CNC,2,76,465.55,2026-09-15 09:34:30.102,525704486707,35381.8
TRD30002011,ORD20000661,C100151,ITC,NSE,SELL,CNC,3,15,466.0,2026-09-15 09:34:34.080,459678161677,6990.0
TRD30002012,ORD20004200,C100009,SBIN,NSE,SELL,MIS,1,36,793.3,2026-09-15 09:35:50.181,410861489269,28558.8
TRD30002013,ORD20004200,C100009,SBIN,NSE,SELL,MIS,2,3,793.3,2026-09-15 09:35:50.244,333244664619,2379.9
TRD30002014,ORD20004409,C100096,BHARTIARTL,NSE,BUY,CNC,1,26,1360.25,2026-09-15 09:36:33.304,312848376571,35366.5
TRD30002015,ORD20004409,C100096,BHARTIARTL,NSE,BUY,CNC,2,77,1360.25,2026-09-15 09:36:33.366,681337107424,104739.25
TRD30002016,ORD20000288,C100119,ONGC,NSE,SELL,MIS,1,21,259.2,2026-09-15 09:37:06.278,732321574713,5443.2
TRD30002017,ORD20000288,C100119,ONGC,NSE,SELL,MIS,2,2,259.2,2026-09-15 09:37:08.619,319231659210,518.4
TRD30002018,ORD20000288,C100119,ONGC,NSE,SELL,MIS,3,2,259.2,2026-09-15 09:37:08.758,223074452551,518.4
TRD30002019,ORD20004607,C100151,RELIANCE,NSE,BUY,CNC,1,3,2980.4,2026-09-15 09:39:03.025,794736283361,8941.2
TRD30002020,ORD20004607,C100151,RELIANCE,NSE,BUY,CNC,2,1,2980.4,2026-09-15 09:39:04.572,166441677724,2980.4
TRD30002021,ORD20000953,C100099,HDFCBANK,NSE,SELL,MIS,1,13,1650.0,2026-09-15 09:40:59.098,596493679194,21450.0
TRD30002022,ORD20000953,C100099,HDFCBANK,NSE,SELL,MIS,2,7,1650.0,2026-09-15 09:41:02.509,537153776587,11550.0
TRD30002023,ORD20002880,C100018,INFY,NSE,BUY,MIS,1,7,1550.85,2026-09-15 09:44:41.907,726727721745,10855.95
TRD30002024,ORD20002880,C100018,INFY,NSE,BUY,MIS,2,5,1550.85,2026-09-15 09:44:43.536,816607487064,7754.25
TRD30002025,ORD20002705,C100174,KOTAKBANK,NSE,BUY,MIS,1,15,1772.6,2026-09-15 09:45:05.128,929838273252,26589.0
TRD30002026,ORD20002705,C100174,KOTAKBANK,NSE,BUY,MIS,2,5,1772.6,2026-09-15 09:45:08.932,346419771372,8863.0
TRD30002027,ORD20004801,C100171,HINDUNILVR,NSE,BUY,MIS,1,20,2305.55,2026-09-15 09:45:13.708,134599537518,46111.0
TRD30002028,ORD20001866,C100008,AXISBANK,NSE,BUY,CNC,1,78,1153.7,2026-09-15 09:45:18.264,612398987772,89988.6
TRD30002029,ORD20000469,C100158,RELIANCE,NSE,BUY,CNC,1,8,2837.75,2026-09-15 09:46:26.742,444696331761,22702.0
TRD30002030,ORD20002746,C100192,SBIN,NSE,SELL,CNC,1,2,768.6,2026-09-15 09:47:34.488,499679278623,1537.2
TRD30002031,ORD20002746,C100192,SBIN,NSE,SELL,CNC,2,3,768.1,2026-09-15 09:47:38.015,856688390604,2304.3
TRD30002032,ORD20001423,C100168,AXISBANK,NSE,BUY,CNC,1,6,1158.8,2026-09-15 09:47:44.132,424905248219,6952.8
TRD30002033,ORD20001423,C100168,AXISBANK,NSE,BUY,CNC,2,10,1158.8,2026-09-15 09:47:47.450,585402567823,11588.0
TRD30002034,ORD20001423,C100168,AXISBANK,NSE,BUY,CNC,3,6,1158.8,2026-09-15 09:47:50.029,222069739351,6952.8
TRD30002035,ORD20000356,C100079,HDFCBANK,NSE,SELL,CNC,1,1,1697.25,2026-09-15 09:50:31.481,813353583025,1697.25
TRD30002036,ORD20000356,C100079,HDFCBANK,NSE,SELL,CNC,2,1,1699.7,2026-09-15 09:50:31.966,540876138735,1699.7
TRD30002037,ORD20004667,C100175,SBIN,NSE,SELL,CNC,1,8,792.8,2026-09-15 09:58:47.380,393446470597,6342.4
TRD30002038,ORD20003150,C100051,TATAMOTORS,NSE,SELL,CNC,1,2,952.05,2026-09-15 10:07:42.691,493439585428,1904.1
TRD30002039,ORD20003150,C100051,TATAMOTORS,NSE,SELL,CNC,2,2,952.05,2026-09-15 10:07:45.606,315901681669,1904.1
TRD30002040,ORD20004549,C100073,ITC,NSE,BUY,MIS,1,241,454.7,2026-09-15 10:07:57.136,606195290037,109582.7
TRD30002044,ORD20004735,C100146,HINDUNILVR,BSE,BUY,MIS,1,2,2282.9,2026-09-15 10:08:18.056,370200684805,4565.8
TRD30002041,ORD20001662,C100009,TATAMOTORS,NSE,BUY,CNC,1,3,944.25,2026-09-15 10:08:18.341,302984610181,2832.75
TRD30002042,ORD20001662,C100009,TATAMOTORS,NSE,BUY,CNC,2,2,944.25,2026-09-15 10:08:21.672,422770151472,1888.5
TRD30002043,ORD20001662,C100009,TATAMOTORS,NSE,BUY,CNC,3,2,944.25,2026-09-15 10:08:23.214,177981798060,1888.5
TRD30002045,ORD20001878,C100004,RELIANCE,NSE,SELL,MIS,1,1,2796.05,2026-09-15 10:10:18.768,443526288519,2796.05
TRD30002046,ORD20001878,C100004,RELIANCE,NSE,SELL,MIS,2,1,2790.0,2026-09-15 10:10:22.416,800353842298,2790.0
TRD30002050,ORD20003333,C100015,ASIANPAINT,NSE,BUY,MIS,1,1,2873.95,2026-09-15 10:15:36.903,498361178023,2873.95
TRD30002047,ORD20003289,C100012,NTPC,NSE,BUY,MIS,1,4,352.3,2026-09-15 10:15:37.204,683697842335,1409.2
TRD30002051,ORD20003333,C100015,ASIANPAINT,NSE,BUY,MIS,2,1,2873.95,2026-09-15 10:15:39.406,474129569355,2873.95
TRD30002048,ORD20003289,C100012,NTPC,NSE,BUY,MIS,2,24,352.65,2026-09-15 10:15:41.140,206258925761,8463.6
TRD30002049,ORD20003289,C100012,NTPC,NSE,BUY,MIS,3,163,352.55,2026-09-15 10:15:43.849,641788384369,57465.65
TRD30002052,ORD20000865,C100127,ITC,BSE,BUY,CNC,1,22,454.1,2026-09-15 10:16:13.917,193666966605,9990.2
TRD30002053,ORD20000865,C100127,ITC,BSE,BUY,CNC,2,14,454.1,2026-09-15 10:16:15.678,626163243986,6357.4
TRD30002054,ORD20000865,C100127,ITC,BSE,BUY,CNC,3,25,454.1,2026-09-15 10:16:17.631,257188175632,11352.5
TRD30002055,ORD20002671,C100163,ONGC,NSE,SELL,MIS,1,5,257.6,2026-09-15 10:16:32.782,351259840071,1288.0
TRD30002056,ORD20000493,C100059,BHARTIARTL,NSE,BUY,MIS,1,2,1382.9,2026-09-15 10:17:19.764,837564700705,2765.8
TRD30002057,ORD20000493,C100059,BHARTIARTL,NSE,BUY,MIS,2,3,1382.9,2026-09-15 10:17:23.217,151616825026,4148.7
TRD30002058,ORD20002854,C100163,ICICIBANK,NSE,BUY,MIS,1,27,1166.5,2026-09-15 10:18:38.846,801684118249,31495.5
TRD30002059,ORD20002854,C100163,ICICIBANK,NSE,BUY,MIS,2,2,1164.9,2026-09-15 10:18:42.766,450716616301,2329.8
TRD30002060,ORD20003945,C100058,SBIN,NSE,BUY,MIS,1,19,802.4,2026-09-15 10:18:55.026,356098753485,15245.6
TRD30002061,ORD20003945,C100058,SBIN,NSE,BUY,MIS,2,44,801.4,2026-09-15 10:18:58.744,553987737011,35261.6
TRD30002062,ORD20003432,C100168,NTPC,NSE,BUY,MIS,1,33,361.9,2026-09-15 10:29:40.641,339118166411,11942.7
TRD30002063,ORD20003432,C100168,NTPC,NSE,BUY,MIS,2,17,361.9,2026-09-15 10:29:41.505,858752485490,6152.3
TRD30002064,ORD20003432,C100168,NTPC,NSE,BUY,MIS,3,25,361.9,2026-09-15 10:29:42.280,140307582618,9047.5
TRD30002065,ORD20000028,C100188,ICICIBANK,NSE,BUY,MIS,1,14,1173.85,2026-09-15 10:31:33.772,703654256633,16433.9
TRD30002066,ORD20000028,C100188,ICICIBANK,NSE,BUY,MIS,2,1,1173.85,2026-09-15 10:31:36.134,825199243566,1173.85
TRD30002067,ORD20003672,C100139,NTPC,NSE,SELL,MIS,1,52,348.2,2026-09-15 10:33:23.373,293154933389,18106.4
TRD30002068,ORD20003832,C100054,ITC,NSE,SELL,MIS,1,10,451.4,2026-09-15 10:36:41.676,793912102661,4514.0
TRD30002069,ORD20003832,C100054,ITC,NSE,SELL,MIS,2,10,450.9,2026-09-15 10:36:43.393,505953944146,4509.0
TRD30002070,ORD20001792,C100187,BHARTIARTL,NSE,SELL,MIS,1,40,1343.45,2026-09-15 10:37:13.748,990117563786,53738.0
TRD30002071,ORD20001792,C100187,BHARTIARTL,NSE,SELL,MIS,2,10,1343.45,2026-09-15 10:37:17.385,439132287262,13434.5
TRD30002072,ORD20000264,C100106,NTPC,NSE,SELL,CNC,1,316,382.2,2026-09-15 10:37:24.708,389765399402,120775.2
TRD30002073,ORD20004431,C100185,ONGC,NSE,BUY,CNC,1,7,272.55,2026-09-15 10:37:37.078,903657295948,1907.85
TRD30002074,ORD20004431,C100185,ONGC,NSE,BUY,CNC,2,5,272.55,2026-09-15 10:37:40.745,693683551855,1362.75
TRD30002075,ORD20004431,C100185,ONGC,NSE,BUY,CNC,3,7,272.55,2026-09-15 10:37:44.590,794686387199,1907.85
TRD30002076,ORD20000579,C100172,HDFCBANK,NSE,SELL,CNC,1,14,1663.4,2026-09-15 10:38:08.994,474242659056,23287.6
TRD30002077,ORD20004113,C100138,NTPC,NSE,BUY,MIS,1,13,343.65,2026-09-15 10:40:58.251,543055466394,4467.45
TRD30002078,ORD20004113,C100138,NTPC,NSE,BUY,MIS,2,29,343.65,2026-09-15 10:41:01.842,984052995449,9965.85
TRD30002079,ORD20003538,C100136,ICICIBANK,NSE,SELL,MIS,1,123,1180.0,2026-09-15 10:42:14.327,586246531839,145140.0
TRD30002080,ORD20002162,C100167,AXISBANK,NSE,BUY,CNC,1,16,1141.95,2026-09-15 10:42:20.015,771988681156,18271.2
TRD30002081,ORD20002162,C100167,AXISBANK,NSE,BUY,CNC,2,3,1141.95,2026-09-15 10:42:20.653,981500420570,3425.85
TRD30002082,ORD20002162,C100167,AXISBANK,NSE,BUY,CNC,3,9,1141.95,2026-09-15 10:42:21.844,753885764136,10277.55
TRD30002083,ORD20004855,C100126,ICICIBANK,NSE,SELL,CNC,1,7,1195.65,2026-09-15 10:42:45.587,743199224728,8369.55
TRD30002084,ORD20004855,C100126,ICICIBANK,NSE,SELL,CNC,2,26,1195.65,2026-09-15 10:42:46.386,204062544761,31086.9
TRD30002085,ORD20004855,C100126,ICICIBANK,NSE,SELL,CNC,3,27,1195.65,2026-09-15 10:42:48.373,290571135083,32282.55
TRD30002086,ORD20000497,C100039,RELIANCE,NSE,BUY,CNC,1,1,2937.8,2026-09-15 10:42:56.929,803783686891,2937.8
TRD30002087,ORD20000497,C100039,RELIANCE,NSE,BUY,CNC,2,2,2937.8,2026-09-15 10:43:00.916,984470751056,5875.6
TRD30002088,ORD20000051,C100027,ITC,NSE,BUY,MIS,1,291,462.45,2026-09-15 10:45:51.107,490380689820,134572.95
TRD30002089,ORD20001599,C100086,RELIANCE,NSE,SELL,CNC,1,2,2884.8,2026-09-15 10:46:03.971,785350886337,5769.6
TRD30002090,ORD20004480,C100125,AXISBANK,NSE,SELL,MIS,1,24,1154.7,2026-09-15 10:47:06.901,109995351969,27712.8
TRD30002091,ORD20004480,C100125,AXISBANK,NSE,SELL,MIS,2,7,1152.8,2026-09-15 10:47:10.022,211714256757,8069.6
TRD30002092,ORD20004777,C100187,ONGC,NSE,SELL,CNC,1,1,266.15,2026-09-15 10:48:18.777,170829607383,266.15
TRD30002093,ORD20004777,C100187,ONGC,NSE,SELL,CNC,2,19,266.3,2026-09-15 10:48:19.783,195477734080,5059.7
TRD30002095,ORD20000854,C100105,INFY,NSE,BUY,CNC,1,43,1616.3,2026-09-15 10:48:20.124,122292507552,69500.9
TRD30002094,ORD20004777,C100187,ONGC,NSE,SELL,CNC,3,2,266.35,2026-09-15 10:48:22.265,151939300690,532.7
TRD30002096,ORD20004685,C100036,NTPC,NSE,BUY,MIS,1,25,356.4,2026-09-15 10:48:25.688,703594435220,8910.0
TRD30002097,ORD20004685,C100036,NTPC,NSE,BUY,MIS,2,12,356.4,2026-09-15 10:48:28.115,495864624568,4276.8
TRD30002098,ORD20001241,C100114,AXISBANK,BSE,SELL,MIS,1,1,1108.35,2026-09-15 10:48:30.976,587950075145,1108.35
TRD30002099,ORD20001241,C100114,AXISBANK,BSE,SELL,MIS,2,1,1108.35,2026-09-15 10:48:32.777,406677068033,1108.35
TRD30002100,ORD20001241,C100114,AXISBANK,BSE,SELL,MIS,3,2,1108.35,2026-09-15 10:48:33.044,460945942025,2216.7
TRD30002101,ORD20002138,C100181,ITC,NSE,BUY,CNC,1,40,469.85,2026-09-15 10:49:53.486,243766350679,18794.0
TRD30002102,ORD20002138,C100181,ITC,NSE,BUY,CNC,2,66,469.85,2026-09-15 10:49:53.655,678043233861,31010.1
TRD30002103,ORD20003433,C100043,ONGC,NSE,SELL,CNC,1,191,279.85,2026-09-15 10:56:28.404,220050699766,53451.35
TRD30002104,ORD20003433,C100043,ONGC,NSE,SELL,CNC,2,106,279.65,2026-09-15 10:56:29.292,893065451947,29642.9
TRD30002105,ORD20003433,C100043,ONGC,NSE,SELL,CNC,3,202,279.75,2026-09-15 10:56:32.597,354213964992,56509.5
TRD30002106,ORD20002277,C100101,ASIANPAINT,NSE,SELL,CNC,1,11,2912.3,2026-09-15 10:59:19.383,334929396651,32035.3
TRD30002107,ORD20001235,C100122,HDFCBANK,NSE,SELL,CNC,1,39,1723.1,2026-09-15 11:00:17.289,277287548801,67200.9
TRD30002108,ORD20001778,C100117,ITC,NSE,SELL,MIS,1,129,472.0,2026-09-15 11:01:24.197,196651670487,60888.0
TRD30002109,ORD20001778,C100117,ITC,NSE,SELL,MIS,2,29,472.25,2026-09-15 11:01:24.866,325801078372,13695.25
TRD30002110,ORD20000398,C100055,RELIANCE,NSE,BUY,CNC,1,2,2956.65,2026-09-15 11:02:51.490,997894377448,5913.3
TRD30002111,ORD20000398,C100055,RELIANCE,NSE,BUY,CNC,2,2,2956.65,2026-09-15 11:02:53.280,121746093734,5913.3
TRD30002112,ORD20000398,C100055,RELIANCE,NSE,BUY,CNC,3,6,2956.65,2026-09-15 11:02:55.726,543713263196,17739.9
TRD30002113,ORD20003233,C100049,ITC,BSE,SELL,MIS,1,43,452.1,2026-09-15 11:03:12.649,418970065909,19440.3
TRD30002114,ORD20003233,C100049,ITC,BSE,SELL,MIS,2,3,452.65,2026-09-15 11:03:16.427,800446051454,1357.95
TRD30002115,ORD20003233,C100049,ITC,BSE,SELL,MIS,3,37,452.5,2026-09-15 11:03:18.765,653756019817,16742.5
TRD30002116,ORD20004433,C100124,ICICIBANK,BSE,BUY,MIS,1,95,1232.75,2026-09-15 11:05:02.023,126925149566,117111.25
TRD30002117,ORD20002527,C100028,NTPC,NSE,BUY,CNC,1,137,369.1,2026-09-15 11:06:15.417,172257110636,50566.7
TRD30002118,ORD20003535,C100187,TCS,NSE,SELL,CNC,1,9,3996.85,2026-09-15 11:06:43.296,692234389913,35971.65
TRD30002119,ORD20000833,C100180,HDFCBANK,NSE,BUY,MIS,1,3,1559.75,2026-09-15 11:06:59.469,721096207972,4679.25
TRD30002120,ORD20000833,C100180,HDFCBANK,NSE,BUY,MIS,2,4,1557.4,2026-09-15 11:07:00.898,673755134279,6229.6
TRD30002121,ORD20000833,C100180,HDFCBANK,NSE,BUY,MIS,3,13,1558.2,2026-09-15 11:07:01.044,689712906289,20256.6
TRD30002122,ORD20004245,C100150,HDFCBANK,NSE,SELL,CNC,1,34,1622.1,2026-09-15 11:08:51.650,851904784450,55151.4
TRD30002123,ORD20004533,C100039,KOTAKBANK,NSE,SELL,MIS,1,1,1751.65,2026-09-15 11:12:57.938,444383250008,1751.65
TRD30002124,ORD20004533,C100039,KOTAKBANK,NSE,SELL,MIS,2,4,1751.65,2026-09-15 11:13:01.080,386716850847,7006.6
TRD30002125,ORD20004533,C100039,KOTAKBANK,NSE,SELL,MIS,3,7,1751.65,2026-09-15 11:13:04.177,838673030047,12261.55
TRD30002126,ORD20004891,C100025,ITC,NSE,SELL,MIS,1,43,457.55,2026-09-15 11:13:57.786,400135743374,19674.65
TRD30002127,ORD20001322,C100050,MARUTI,NSE,BUY,MIS,1,2,12166.3,2026-09-15 11:13:58.911,962954749103,24332.6
TRD30002128,ORD20001322,C100050,MARUTI,NSE,BUY,MIS,2,1,12166.3,2026-09-15 11:14:00.300,748544751045,12166.3
TRD30002129,ORD20001322,C100050,MARUTI,NSE,BUY,MIS,3,3,12166.3,2026-09-15 11:14:01.085,731915453386,36498.9
TRD30002130,ORD20000249,C100086,RELIANCE,NSE,SELL,MIS,1,1,2922.8,2026-09-15 11:15:14.972,916598440602,2922.8
TRD30002131,ORD20003618,C100033,ITC,NSE,SELL,CNC,1,6,446.7,2026-09-15 11:19:24.204,789962033347,2680.2
TRD30002132,ORD20004338,C100120,HINDUNILVR,NSE,BUY,CNC,1,2,2415.5,2026-09-15 11:20:07.091,138612131361,4831.0
TRD30002133,ORD20002289,C100154,MARUTI,NSE,SELL,MIS,1,1,11753.2,2026-09-15 11:20:26.309,512251374624,11753.2
TRD30002134,ORD20004904,C100020,NTPC,NSE,BUY,MIS,1,31,353.8,2026-09-15 11:20:34.119,440125112050,10967.8
TRD30002135,ORD20003882,C100020,SBIN,NSE,BUY,CNC,1,1,826.0,2026-09-15 11:24:07.617,482816532864,826.0
TRD30002136,ORD20003882,C100020,SBIN,NSE,BUY,CNC,2,4,826.0,2026-09-15 11:24:08.325,353404919226,3304.0
TRD30002137,ORD20001727,C100117,TATAMOTORS,BSE,BUY,CNC,1,24,959.3,2026-09-15 11:24:34.693,299234556496,23023.2
TRD30002138,ORD20001727,C100117,TATAMOTORS,BSE,BUY,CNC,2,20,958.2,2026-09-15 11:24:36.961,588641552336,19164.0
TRD30002139,ORD20002953,C100086,KOTAKBANK,NSE,SELL,MIS,1,3,1680.6,2026-09-15 11:25:57.963,768628206703,5041.8
TRD30002140,ORD20002953,C100086,KOTAKBANK,NSE,SELL,MIS,2,1,1682.6,2026-09-15 11:26:00.920,265752661234,1682.6
TRD30002141,ORD20002953,C100086,KOTAKBANK,NSE,SELL,MIS,3,6,1684.75,2026-09-15 11:26:01.919,348427365552,10108.5
TRD30002142,ORD20000936,C100199,HINDUNILVR,NSE,SELL,MIS,1,1,2463.9,2026-09-15 11:26:35.234,698292723479,2463.9
TRD30002143,ORD20000232,C100124,ASIANPAINT,NSE,BUY,MIS,1,10,2903.15,2026-09-15 11:29:16.945,701367329934,29031.5
TRD30002144,ORD20000232,C100124,ASIANPAINT,NSE,BUY,MIS,2,3,2899.35,2026-09-15 11:29:20.337,177519972223,8698.05
TRD30002145,ORD20000232,C100124,ASIANPAINT,NSE,BUY,MIS,3,14,2897.6,2026-09-15 11:29:21.454,169769742726,40566.4
TRD30002146,ORD20004420,C100056,RELIANCE,NSE,SELL,MIS,1,4,2815.75,2026-09-15 11:30:56.322,547622327908,11263.0
TRD30002147,ORD20001809,C100052,ITC,NSE,SELL,MIS,1,7,463.9,2026-09-15 11:32:25.469,853031170335,3247.3
TRD30002148,ORD20000329,C100147,NTPC,NSE,BUY,CNC,1,38,336.15,2026-09-15 11:32:55.793,299752329183,12773.7
TRD30002149,ORD20003481,C100131,TATAMOTORS,NSE,BUY,MIS,1,19,951.75,2026-09-15 11:32:56.936,998503260395,18083.25
TRD30002150,ORD20003481,C100131,TATAMOTORS,NSE,BUY,MIS,2,14,952.35,2026-09-15 11:32:59.929,999119325689,13332.9
TRD30002151,ORD20003428,C100092,SBIN,NSE,BUY,MIS,1,2,780.65,2026-09-15 11:33:08.654,642697918787,1561.3
TRD30002152,ORD20003428,C100092,SBIN,NSE,BUY,MIS,2,1,780.65,2026-09-15 11:33:09.790,964540111281,780.65
TRD30002153,ORD20003428,C100092,SBIN,NSE,BUY,MIS,3,1,780.65,2026-09-15 11:33:13.583,453572319991,780.65
TRD30002154,ORD20003188,C100147,ASIANPAINT,NSE,SELL,CNC,1,1,2946.4,2026-09-15 11:33:37.036,551521616011,2946.4
TRD30002155,ORD20003188,C100147,ASIANPAINT,NSE,SELL,CNC,2,21,2946.4,2026-09-15 11:33:40.203,732919330962,61874.4
TRD30002157,ORD20001527,C100142,HINDUNILVR,BSE,BUY,MIS,1,8,2490.2,2026-09-15 11:33:40.932,792093792731,19921.6
TRD30002156,ORD20003188,C100147,ASIANPAINT,NSE,SELL,CNC,3,16,2946.4,2026-09-15 11:33:42.961,163607202594,47142.4
TRD30002158,ORD20001527,C100142,HINDUNILVR,BSE,BUY,MIS,2,13,2491.9,2026-09-15 11:33:43.466,943010391920,32394.7
TRD30002159,ORD20003997,C100068,ICICIBANK,BSE,SELL,MIS,1,15,1220.6,2026-09-15 11:35:44.549,613174398534,18309.0
TRD30002161,ORD20003158,C100110,ONGC,NSE,SELL,MIS,1,249,261.0,2026-09-15 11:35:44.558,217200733685,64989.0
TRD30002160,ORD20003997,C100068,ICICIBANK,BSE,SELL,MIS,2,7,1219.95,2026-09-15 11:35:46.247,297134462348,8539.65
TRD30002162,ORD20001000,C100195,HINDUNILVR,NSE,BUY,CNC,1,3,2317.1,2026-09-15 11:38:42.889,295983394116,6951.3
TRD30002163,ORD20003966,C100040,TATAMOTORS,BSE,BUY,MIS,1,48,900.45,2026-09-15 11:39:51.698,281267935038,43221.6
TRD30002164,ORD20003241,C100020,HINDUNILVR,NSE,SELL,MIS,1,1,2325.05,2026-09-15 11:41:57.140,874151541702,2325.05
TRD30002165,ORD20001977,C100116,INFY,NSE,SELL,CNC,1,35,1644.2,2026-09-15 11:42:56.819,223290477146,57547.0
TRD30002166,ORD20004666,C100156,TATAMOTORS,NSE,BUY,MIS,1,7,901.25,2026-09-15 11:44:05.268,973072497349,6308.75
TRD30002167,ORD20004666,C100156,TATAMOTORS,NSE,BUY,MIS,2,9,900.85,2026-09-15 11:44:06.364,800882470977,8107.65
TRD30002168,ORD20002301,C100010,MARUTI,NSE,SELL,MIS,1,1,11925.15,2026-09-15 11:44:52.754,759200889195,11925.15
TRD30002169,ORD20002301,C100010,MARUTI,NSE,SELL,MIS,2,1,11925.15,2026-09-15 11:44:56.200,655602011571,11925.15
TRD30002170,ORD20002301,C100010,MARUTI,NSE,SELL,MIS,3,1,11925.15,2026-09-15 11:44:57.443,140404400194,11925.15
TRD30002171,ORD20001310,C100102,ITC,NSE,SELL,CNC,1,11,458.55,2026-09-15 11:46:19.228,746850029403,5044.05
TRD30002172,ORD20001310,C100102,ITC,NSE,SELL,CNC,2,9,458.55,2026-09-15 11:46:22.011,444331376562,4126.95
TRD30002173,ORD20001310,C100102,ITC,NSE,SELL,CNC,3,9,458.55,2026-09-15 11:46:25.188,211255856664,4126.95
TRD30002174,ORD20004772,C100112,BHARTIARTL,NSE,SELL,CNC,1,67,1439.2,2026-09-15 11:48:43.146,848801530851,96426.4
TRD30002175,ORD20004772,C100112,BHARTIARTL,NSE,SELL,CNC,2,9,1440.25,2026-09-15 11:48:45.265,400103837939,12962.25
TRD30002176,ORD20002360,C100161,KOTAKBANK,NSE,BUY,CNC,1,8,1694.75,2026-09-15 11:49:36.423,642171799984,13558.0
TRD30002177,ORD20002427,C100138,ASIANPAINT,NSE,SELL,MIS,1,10,3146.1,2026-09-15 11:49:58.407,240825905103,31461.0
TRD30002178,ORD20001517,C100149,RELIANCE,NSE,BUY,CNC,1,48,2855.4,2026-09-15 11:51:28.703,215119395831,137059.2
TRD30002179,ORD20001517,C100149,RELIANCE,NSE,BUY,CNC,2,3,2852.95,2026-09-15 11:51:29.738,501875301983,8558.85
TRD30002180,ORD20003031,C100086,ICICIBANK,NSE,SELL,CNC,1,5,1141.55,2026-09-15 11:52:59.269,138696920906,5707.75
TRD30002181,ORD20003031,C100086,ICICIBANK,NSE,SELL,CNC,2,12,1141.55,2026-09-15 11:53:00.644,653008995231,13698.6
TRD30002182,ORD20003031,C100086,ICICIBANK,NSE,SELL,CNC,3,2,1141.55,2026-09-15 11:53:01.047,170913643465,2283.1
TRD30002183,ORD20000464,C100197,KOTAKBANK,NSE,BUY,MIS,1,3,1788.35,2026-09-15 11:53:31.842,570454058609,5365.05
TRD30002184,ORD20000464,C100197,KOTAKBANK,NSE,BUY,MIS,2,1,1786.85,2026-09-15 11:53:33.249,424493315666,1786.85
TRD30002185,ORD20000464,C100197,KOTAKBANK,NSE,BUY,MIS,3,1,1790.3,2026-09-15 11:53:33.592,391288145072,1790.3
TRD30002186,ORD20002374,C100050,ITC,NSE,SELL,MIS,1,63,457.25,2026-09-15 11:54:26.712,792245077182,28806.75
TRD30002187,ORD20004117,C100013,TATAMOTORS,NSE,SELL,CNC,1,4,972.65,2026-09-15 11:55:11.925,526851170130,3890.6
TRD30002188,ORD20004117,C100013,TATAMOTORS,NSE,SELL,CNC,2,1,971.15,2026-09-15 11:55:15.599,274204802162,971.15
TRD30002189,ORD20004117,C100013,TATAMOTORS,NSE,SELL,CNC,3,2,972.6,2026-09-15 11:55:19.263,448505090945,1945.2
TRD30002190,ORD20000853,C100026,NTPC,NSE,SELL,MIS,1,79,359.6,2026-09-15 11:55:28.740,447534839662,28408.4
TRD30002191,ORD20001613,C100154,ITC,NSE,SELL,CNC,1,8,437.75,2026-09-15 11:57:38.711,576130920649,3502.0
TRD30002192,ORD20001613,C100154,ITC,NSE,SELL,CNC,2,8,437.75,2026-09-15 11:57:42.666,681920401077,3502.0
TRD30002193,ORD20001613,C100154,ITC,NSE,SELL,CNC,3,12,437.75,2026-09-15 11:57:45.369,375687184114,5253.0
TRD30002194,ORD20004341,C100197,AXISBANK,NSE,SELL,CNC,1,47,1109.2,2026-09-15 11:58:58.455,382795868283,52132.4
TRD30002195,ORD20004341,C100197,AXISBANK,NSE,SELL,CNC,2,2,1107.95,2026-09-15 11:59:01.071,814840634826,2215.9
TRD30002196,ORD20003416,C100041,NTPC,NSE,BUY,MIS,1,2,351.0,2026-09-15 11:59:07.458,262274887958,702.0
TRD30002197,ORD20003416,C100041,NTPC,NSE,BUY,MIS,2,8,351.0,2026-09-15 11:59:08.487,688844990750,2808.0
TRD30002198,ORD20004732,C100163,TATAMOTORS,NSE,SELL,MIS,1,6,991.15,2026-09-15 12:00:54.594,989318656126,5946.9
TRD30002199,ORD20004732,C100163,TATAMOTORS,NSE,SELL,MIS,2,18,991.15,2026-09-15 12:00:55.462,803926891382,17840.7
TRD30002200,ORD20004732,C100163,TATAMOTORS,NSE,SELL,MIS,3,29,991.15,2026-09-15 12:00:57.499,340271147087,28743.35
TRD30002201,ORD20003953,C100017,ONGC,NSE,BUY,MIS,1,44,255.95,2026-09-15 12:00:58.218,130317129209,11261.8
TRD30002202,ORD20003953,C100017,ONGC,NSE,BUY,MIS,2,89,255.95,2026-09-15 12:01:01.134,360051672816,22779.55
TRD30002203,ORD20001474,C100039,AXISBANK,NSE,SELL,CNC,1,25,1170.95,2026-09-15 12:01:42.447,102892085021,29273.75
TRD30002204,ORD20000010,C100186,ICICIBANK,NSE,BUY,CNC,1,2,1203.85,2026-09-15 12:02:15.126,626913072581,2407.7
TRD30002205,ORD20000010,C100186,ICICIBANK,NSE,BUY,CNC,2,1,1203.85,2026-09-15 12:02:15.765,512944338765,1203.85
TRD30002206,ORD20000010,C100186,ICICIBANK,NSE,BUY,CNC,3,2,1203.85,2026-09-15 12:02:18.204,641000126443,2407.7
TRD30002207,ORD20002869,C100129,SBIN,NSE,BUY,CNC,1,153,795.75,2026-09-15 12:02:38.901,812144230729,121749.75
TRD30002208,ORD20004964,C100109,ASIANPAINT,NSE,SELL,CNC,1,1,3101.6,2026-09-15 12:04:44.053,308434910121,3101.6
TRD30002209,ORD20002294,C100184,TCS,NSE,SELL,MIS,1,4,3947.35,2026-09-15 12:05:50.142,434999693763,15789.4
TRD30002210,ORD20002294,C100184,TCS,NSE,SELL,MIS,2,1,3947.35,2026-09-15 12:05:50.512,515037497881,3947.35
TRD30002211,ORD20002294,C100184,TCS,NSE,SELL,MIS,3,3,3947.35,2026-09-15 12:05:52.354,792210718040,11842.05
TRD30002212,ORD20004028,C100112,AXISBANK,NSE,SELL,CNC,1,5,1139.55,2026-09-15 12:05:57.689,509742533870,5697.75
TRD30002213,ORD20003830,C100161,TATAMOTORS,NSE,BUY,MIS,1,14,1004.55,2026-09-15 12:06:51.569,289975444439,14063.7
TRD30002214,ORD20003830,C100161,TATAMOTORS,NSE,BUY,MIS,2,18,1004.55,2026-09-15 12:06:52.033,906295214427,18081.9
TRD30002215,ORD20003830,C100161,TATAMOTORS,NSE,BUY,MIS,3,24,1004.55,2026-09-15 12:06:52.156,156433328164,24109.2
TRD30002216,ORD20004948,C100198,TATAMOTORS,NSE,BUY,CNC,1,38,928.2,2026-09-15 12:07:28.613,675446463172,35271.6
TRD30002217,ORD20003199,C100044,HDFCBANK,NSE,SELL,MIS,1,75,1665.85,2026-09-15 12:09:11.105,374953545294,124938.75
TRD30002218,ORD20001542,C100089,HINDUNILVR,NSE,BUY,MIS,1,12,2359.85,2026-09-15 12:11:54.927,538979395462,28318.2
TRD30002219,ORD20001542,C100089,HINDUNILVR,NSE,BUY,MIS,2,7,2359.85,2026-09-15 12:11:56.520,970122017159,16518.95
TRD30002220,ORD20002729,C100178,ITC,BSE,SELL,MIS,1,91,472.95,2026-09-15 12:11:57.440,634676400448,43038.45
TRD30002221,ORD20002729,C100178,ITC,BSE,SELL,MIS,2,87,473.25,2026-09-15 12:11:59.260,705320507221,41172.75
TRD30002222,ORD20001708,C100002,HINDUNILVR,BSE,SELL,MIS,1,27,2538.15,2026-09-15 12:12:05.310,686474612055,68530.05
TRD30002223,ORD20001708,C100002,HINDUNILVR,BSE,SELL,MIS,2,13,2540.55,2026-09-15 12:12:06.133,746825883346,33027.15
TRD30002224,ORD20003750,C100122,RELIANCE,NSE,BUY,MIS,1,12,2989.0,2026-09-15 12:13:56.097,499619086856,35868.0
TRD30002225,ORD20004236,C100051,TITAN,NSE,BUY,MIS,1,1,3291.6,2026-09-15 12:16:06.192,115474551448,3291.6
TRD30002226,ORD20004236,C100051,TITAN,NSE,BUY,MIS,2,1,3291.6,2026-09-15 12:16:07.381,900836580856,3291.6
TRD30002227,ORD20004236,C100051,TITAN,NSE,BUY,MIS,3,6,3291.6,2026-09-15 12:16:08.614,605277318053,19749.6
TRD30002228,ORD20001363,C100049,ASIANPAINT,NSE,SELL,CNC,1,17,2939.65,2026-09-15 12:18:13.490,921978314128,49974.05
TRD30002229,ORD20004761,C100170,TITAN,NSE,SELL,MIS,1,1,3288.3,2026-09-15 12:19:08.568,762819108531,3288.3
TRD30002230,ORD20002725,C100141,ITC,NSE,BUY,CNC,1,17,435.35,2026-09-15 12:26:52.229,777865047922,7400.95
TRD30002231,ORD20002725,C100141,ITC,NSE,BUY,CNC,2,2,435.3,2026-09-15 12:26:53.493,687288797005,870.6
TRD30002232,ORD20002199,C100032,ASIANPAINT,NSE,BUY,MIS,1,1,2940.15,2026-09-15 12:31:50.403,965457055678,2940.15
TRD30002233,ORD20002199,C100032,ASIANPAINT,NSE,BUY,MIS,2,1,2945.3,2026-09-15 12:31:52.650,814879213527,2945.3
TRD30002234,ORD20004270,C100085,TATAMOTORS,NSE,SELL,CNC,1,6,972.1,2026-09-15 12:32:54.109,491927413978,5832.6
TRD30002235,ORD20004270,C100085,TATAMOTORS,NSE,SELL,CNC,2,1,972.25,2026-09-15 12:32:57.207,346073615749,972.25
TRD30002236,ORD20003516,C100187,HINDUNILVR,BSE,SELL,CNC,1,6,2459.95,2026-09-15 12:35:16.262,455718748783,14759.7
TRD30002237,ORD20003516,C100187,HINDUNILVR,BSE,SELL,CNC,2,3,2459.95,2026-09-15 12:35:17.754,263603825324,7379.85
TRD30002238,ORD20003516,C100187,HINDUNILVR,BSE,SELL,CNC,3,47,2459.9,2026-09-15 12:35:18.981,314368247982,115615.3
TRD30002239,ORD20003543,C100131,RELIANCE,NSE,BUY,MIS,1,10,2852.95,2026-09-15 12:36:42.586,246191301918,28529.5
TRD30002240,ORD20002684,C100133,HINDUNILVR,NSE,BUY,MIS,1,12,2419.95,2026-09-15 12:37:31.922,151340478027,29039.4
TRD30002241,ORD20002684,C100133,HINDUNILVR,NSE,BUY,MIS,2,1,2420.7,2026-09-15 12:37:34.912,453772405282,2420.7
TRD30002242,ORD20003573,C100137,RELIANCE,BSE,BUY,CNC,1,1,2775.9,2026-09-15 12:38:24.717,783382881511,2775.9
TRD30002243,ORD20002559,C100191,HINDUNILVR,NSE,BUY,MIS,1,4,2489.5,2026-09-15 12:39:04.184,162324025321,9958.0
TRD30002244,ORD20002559,C100191,HINDUNILVR,NSE,BUY,MIS,2,19,2489.5,2026-09-15 12:39:04.936,677619803015,47300.5
TRD30002245,ORD20000963,C100120,ONGC,NSE,SELL,CNC,1,47,281.95,2026-09-15 12:40:20.026,981818030796,13251.65
TRD30002246,ORD20002970,C100049,ICICIBANK,BSE,SELL,CNC,1,94,1167.6,2026-09-15 12:40:58.167,508879930314,109754.4
TRD30002247,ORD20003229,C100031,HINDUNILVR,NSE,BUY,MIS,1,33,2489.95,2026-09-15 12:41:53.554,348990051253,82168.35
TRD30002248,ORD20004876,C100132,ITC,NSE,BUY,MIS,1,28,465.15,2026-09-15 12:45:38.041,659980502577,13024.2
TRD30002249,ORD20004876,C100132,ITC,NSE,BUY,MIS,2,53,465.15,2026-09-15 12:45:39.390,715403273496,24652.95
TRD30002250,ORD20004876,C100132,ITC,NSE,BUY,MIS,3,10,465.15,2026-09-15 12:45:40.004,363953808446,4651.5
TRD30002251,ORD20001318,C100007,TITAN,NSE,BUY,MIS,1,2,3403.55,2026-09-15 12:47:15.082,459153126919,6807.1
TRD30002252,ORD20001058,C100187,ITC,NSE,SELL,MIS,1,2,443.35,2026-09-15 12:50:11.903,945495602578,886.7
TRD30002253,ORD20001058,C100187,ITC,NSE,SELL,MIS,2,2,443.95,2026-09-15 12:50:12.794,573992116472,887.9
TRD30002254,ORD20001058,C100187,ITC,NSE,SELL,MIS,3,11,443.2,2026-09-15 12:50:14.960,988173326797,4875.2
TRD30002255,ORD20002855,C100198,BHARTIARTL,NSE,BUY,MIS,1,4,1446.45,2026-09-15 12:50:52.261,557977577482,5785.8
TRD30002256,ORD20003682,C100165,HDFCBANK,NSE,SELL,CNC,1,1,1580.05,2026-09-15 12:51:25.398,247484633120,1580.05
TRD30002257,ORD20003682,C100165,HDFCBANK,NSE,SELL,CNC,2,1,1581.2,2026-09-15 12:51:27.939,818971693748,1581.2
TRD30002258,ORD20003682,C100165,HDFCBANK,NSE,SELL,CNC,3,6,1581.25,2026-09-15 12:51:30.377,872908700246,9487.5
TRD30002259,ORD20000727,C100197,KOTAKBANK,NSE,SELL,CNC,1,19,1759.15,2026-09-15 12:51:48.960,127411228138,33423.85
TRD30002260,ORD20000727,C100197,KOTAKBANK,NSE,SELL,CNC,2,14,1759.15,2026-09-15 12:51:49.484,310216244106,24628.1
TRD30002261,ORD20003530,C100142,ITC,NSE,SELL,MIS,1,78,442.1,2026-09-15 12:53:56.190,505299756409,34483.8
TRD30002262,ORD20000681,C100149,SBIN,NSE,SELL,MIS,1,2,808.05,2026-09-15 12:54:43.654,928279203504,1616.1
TRD30002263,ORD20000681,C100149,SBIN,NSE,SELL,MIS,2,1,810.05,2026-09-15 12:54:46.821,895941889354,810.05
TRD30002264,ORD20000267,C100101,ITC,NSE,SELL,MIS,1,41,446.85,2026-09-15 12:56:30.335,688313482930,18320.85
TRD30002265,ORD20000267,C100101,ITC,NSE,SELL,MIS,2,39,447.35,2026-09-15 12:56:33.345,787235294924,17446.65
TRD30002266,ORD20000279,C100013,RELIANCE,BSE,BUY,MIS,1,17,2880.3,2026-09-15 12:59:14.764,230151961118,48965.1
TRD30002267,ORD20000279,C100013,RELIANCE,BSE,BUY,MIS,2,8,2885.8,2026-09-15 12:59:14.893,610767886330,23086.4
TRD30002268,ORD20003822,C100189,HDFCBANK,NSE,BUY,MIS,1,1,1613.05,2026-09-15 12:59:39.201,804174618897,1613.05
TRD30002269,ORD20003822,C100189,HDFCBANK,NSE,BUY,MIS,2,4,1613.05,2026-09-15 12:59:39.606,311933927436,6452.2
TRD30002270,ORD20003822,C100189,HDFCBANK,NSE,BUY,MIS,3,3,1613.05,2026-09-15 12:59:41.271,212836276258,4839.15
TRD30002271,ORD20001515,C100047,INFY,NSE,BUY,CNC,1,4,1655.9,2026-09-15 13:00:17.184,639889381586,6623.6
TRD30002272,ORD20001515,C100047,INFY,NSE,BUY,CNC,2,5,1655.9,2026-09-15 13:00:18.235,927781820242,8279.5
TRD30002273,ORD20000607,C100092,ASIANPAINT,NSE,SELL,CNC,1,24,2804.25,2026-09-15 13:00:52.328,976309070787,67302.0
TRD30002274,ORD20000607,C100092,ASIANPAINT,NSE,SELL,CNC,2,12,2802.6,2026-09-15 13:00:54.645,483463278735,33631.2
TRD30002275,ORD20000607,C100092,ASIANPAINT,NSE,SELL,CNC,3,16,2805.65,2026-09-15 13:00:56.780,520601459593,44890.4
TRD30002276,ORD20004811,C100175,BHARTIARTL,NSE,BUY,CNC,1,18,1302.25,2026-09-15 13:01:44.006,663648031674,23440.5
TRD30002277,ORD20004811,C100175,BHARTIARTL,NSE,BUY,CNC,2,16,1302.0,2026-09-15 13:01:44.517,133851908746,20832.0
TRD30002278,ORD20004811,C100175,BHARTIARTL,NSE,BUY,CNC,3,49,1302.65,2026-09-15 13:01:47.255,588257287013,63829.85
TRD30002279,ORD20004557,C100124,RELIANCE,NSE,BUY,MIS,1,3,3044.1,2026-09-15 13:05:38.443,664929635986,9132.3
TRD30002280,ORD20004264,C100075,HINDUNILVR,NSE,BUY,MIS,1,19,2489.1,2026-09-15 13:08:06.254,212503208015,47292.9
TRD30002281,ORD20000535,C100086,HDFCBANK,NSE,SELL,CNC,1,1,1538.4,2026-09-15 13:11:33.894,846216002792,1538.4
TRD30002282,ORD20000535,C100086,HDFCBANK,NSE,SELL,CNC,2,6,1538.4,2026-09-15 13:11:35.822,581878100755,9230.4
TRD30002283,ORD20002586,C100036,ITC,NSE,BUY,CNC,1,207,445.1,2026-09-15 13:11:57.402,881640148232,92135.7
TRD30002284,ORD20002586,C100036,ITC,NSE,BUY,CNC,2,3,445.1,2026-09-15 13:12:00.862,599025132264,1335.3
TRD30002285,ORD20002586,C100036,ITC,NSE,BUY,CNC,3,56,445.1,2026-09-15 13:12:02.918,377389300427,24925.6
TRD30002286,ORD20004995,C100056,ONGC,NSE,BUY,CNC,1,211,267.2,2026-09-15 13:16:56.941,437170141823,56379.2
TRD30002287,ORD20001516,C100135,ICICIBANK,NSE,SELL,MIS,1,1,1166.85,2026-09-15 13:21:50.402,959589462485,1166.85
TRD30002288,ORD20001516,C100135,ICICIBANK,NSE,SELL,MIS,2,3,1166.85,2026-09-15 13:21:54.224,505997170405,3500.55
TRD30002289,ORD20001516,C100135,ICICIBANK,NSE,SELL,MIS,3,3,1166.85,2026-09-15 13:21:57.597,557570311064,3500.55
TRD30002290,ORD20004176,C100145,ICICIBANK,NSE,SELL,CNC,1,2,1151.05,2026-09-15 13:28:07.531,782656665275,2302.1
TRD30002291,ORD20004176,C100145,ICICIBANK,NSE,SELL,CNC,2,7,1153.15,2026-09-15 13:28:10.979,833626404983,8072.05
TRD30002292,ORD20004176,C100145,ICICIBANK,NSE,SELL,CNC,3,52,1151.7,2026-09-15 13:28:13.437,928231508813,59888.4
TRD30002293,ORD20004762,C100029,MARUTI,NSE,BUY,MIS,1,9,11943.2,2026-09-15 13:31:08.465,723508735424,107488.8
TRD30002294,ORD20004953,C100137,MARUTI,NSE,SELL,CNC,1,1,11934.1,2026-09-15 13:31:30.900,368183751769,11934.1
TRD30002295,ORD20004953,C100137,MARUTI,NSE,SELL,CNC,2,3,11919.15,2026-09-15 13:31:31.728,234509986651,35757.45
TRD30002296,ORD20002340,C100174,RELIANCE,NSE,BUY,CNC,1,2,2905.2,2026-09-15 13:33:05.202,513232877534,5810.4
TRD30002297,ORD20002340,C100174,RELIANCE,NSE,BUY,CNC,2,3,2905.2,2026-09-15 13:33:07.222,184930640938,8715.6
TRD30002298,ORD20002340,C100174,RELIANCE,NSE,BUY,CNC,3,7,2905.2,2026-09-15 13:33:10.241,922620868572,20336.4
TRD30002299,ORD20001419,C100003,LT,BSE,SELL,MIS,1,6,3403.9,2026-09-15 13:34:19.739,981879769637,20423.4
TRD30002300,ORD20001213,C100003,HINDUNILVR,NSE,SELL,MIS,1,1,2457.45,2026-09-15 13:37:40.515,569031370823,2457.45
TRD30002301,ORD20001213,C100003,HINDUNILVR,NSE,SELL,MIS,2,1,2458.75,2026-09-15 13:37:42.691,134868899993,2458.75
TRD30002302,ORD20001213,C100003,HINDUNILVR,NSE,SELL,MIS,3,2,2457.2,2026-09-15 13:37:44.881,366365386360,4914.4
TRD30002303,ORD20004368,C100135,ITC,NSE,BUY,MIS,1,6,475.0,2026-09-15 13:39:27.533,449559092094,2850.0
TRD30002304,ORD20003185,C100133,HINDUNILVR,NSE,BUY,MIS,1,1,2311.05,2026-09-15 13:42:16.162,451608963095,2311.05
TRD30002305,ORD20003185,C100133,HINDUNILVR,NSE,BUY,MIS,2,4,2307.9,2026-09-15 13:42:19.549,732779323025,9231.6
TRD30002306,ORD20002256,C100145,MARUTI,NSE,BUY,CNC,1,8,12038.05,2026-09-15 13:44:22.825,983298861941,96304.4
TRD30002307,ORD20002256,C100145,MARUTI,NSE,BUY,CNC,2,4,12038.05,2026-09-15 13:44:23.473,122089173742,48152.2
TRD30002308,ORD20000390,C100116,ONGC,NSE,SELL,MIS,1,27,268.8,2026-09-15 13:44:32.973,968983026075,7257.6
TRD30002309,ORD20001891,C100152,TATAMOTORS,BSE,SELL,CNC,1,9,998.45,2026-09-15 13:49:32.301,925286266717,8986.05
TRD30002310,ORD20001891,C100152,TATAMOTORS,BSE,SELL,CNC,2,4,997.85,2026-09-15 13:49:33.765,870517691188,3991.4
TRD30002311,ORD20001417,C100197,HDFCBANK,NSE,BUY,CNC,1,2,1651.25,2026-09-15 13:50:46.482,492632613828,3302.5
TRD30002312,ORD20004003,C100020,HINDUNILVR,NSE,BUY,CNC,1,20,2547.15,2026-09-15 13:51:25.699,452419638564,50943.0
TRD30002313,ORD20004135,C100020,TCS,NSE,SELL,MIS,1,1,3915.85,2026-09-15 13:51:44.560,531531636706,3915.85
TRD30002314,ORD20002380,C100102,KOTAKBANK,NSE,BUY,MIS,1,2,1734.75,2026-09-15 13:52:26.172,688220142218,3469.5
TRD30002315,ORD20002380,C100102,KOTAKBANK,NSE,BUY,MIS,2,3,1734.75,2026-09-15 13:52:26.976,336697447746,5204.25
TRD30002316,ORD20003580,C100107,HINDUNILVR,NSE,BUY,MIS,1,1,2238.95,2026-09-15 13:54:32.479,460170536076,2238.95
TRD30002317,ORD20003580,C100107,HINDUNILVR,NSE,BUY,MIS,2,4,2238.95,2026-09-15 13:54:32.969,963631196570,8955.8
TRD30002318,ORD20003580,C100107,HINDUNILVR,NSE,BUY,MIS,3,4,2238.95,2026-09-15 13:54:33.335,166170586470,8955.8
TRD30002319,ORD20002142,C100039,NTPC,NSE,BUY,MIS,1,51,355.5,2026-09-15 13:58:43.635,282172732733,18130.5
TRD30002320,ORD20000762,C100064,NTPC,NSE,SELL,MIS,1,8,360.35,2026-09-15 13:59:44.451,137296230914,2882.8
TRD30002321,ORD20000762,C100064,NTPC,NSE,SELL,MIS,2,2,360.8,2026-09-15 13:59:45.172,633871923274,721.6
TRD30002322,ORD20000762,C100064,NTPC,NSE,SELL,MIS,3,2,360.4,2026-09-15 13:59:46.554,567700291910,720.8
TRD30002323,ORD20004161,C100131,ASIANPAINT,NSE,BUY,MIS,1,2,2808.5,2026-09-15 14:03:46.841,158864404747,5617.0
TRD30002324,ORD20004161,C100131,ASIANPAINT,NSE,BUY,MIS,2,4,2808.5,2026-09-15 14:03:49.226,515732357750,11234.0
TRD30002325,ORD20000640,C100086,RELIANCE,BSE,SELL,CNC,1,1,3001.1,2026-09-15 14:04:24.796,275831511153,3001.1
TRD30002326,ORD20000461,C100110,ICICIBANK,NSE,BUY,CNC,1,27,1251.0,2026-09-15 14:04:54.680,681466337230,33777.0
TRD30002327,ORD20000461,C100110,ICICIBANK,NSE,BUY,CNC,2,23,1250.9,2026-09-15 14:04:58.105,827490911049,28770.7
TRD30002328,ORD20000037,C100133,INFY,NSE,BUY,MIS,1,11,1606.5,2026-09-15 14:06:10.635,196376208701,17671.5
TRD30002329,ORD20000037,C100133,INFY,NSE,BUY,MIS,2,7,1609.35,2026-09-15 14:06:13.334,779474142436,11265.45
TRD30002330,ORD20003704,C100043,ITC,NSE,BUY,MIS,1,44,456.6,2026-09-15 14:06:39.991,496827835134,20090.4
TRD30002331,ORD20003704,C100043,ITC,NSE,BUY,MIS,2,54,456.6,2026-09-15 14:06:43.211,561722787996,24656.4
TRD30002332,ORD20003704,C100043,ITC,NSE,BUY,MIS,3,6,456.6,2026-09-15 14:06:43.431,504469328263,2739.6
TRD30002333,ORD20000752,C100058,HINDUNILVR,NSE,BUY,MIS,1,1,2498.3,2026-09-15 14:08:01.038,745024013559,2498.3
TRD30002334,ORD20000752,C100058,HINDUNILVR,NSE,BUY,MIS,2,1,2498.3,2026-09-15 14:08:01.852,740943195144,2498.3
TRD30002335,ORD20000287,C100010,TATAMOTORS,NSE,BUY,CNC,1,1,947.35,2026-09-15 14:09:21.300,628355755228,947.35
TRD30002336,ORD20000287,C100010,TATAMOTORS,NSE,BUY,CNC,2,1,948.8,2026-09-15 14:09:21.801,303613098942,948.8
TRD30002337,ORD20000287,C100010,TATAMOTORS,NSE,BUY,CNC,3,1,948.25,2026-09-15 14:09:22.641,442082052317,948.25
TRD30002338,ORD20004210,C100139,TATAMOTORS,NSE,SELL,CNC,1,87,991.55,2026-09-15 14:11:56.259,832727565044,86264.85
TRD30002339,ORD20003931,C100005,TCS,NSE,BUY,MIS,1,31,3765.8,2026-09-15 14:14:05.839,381697481223,116739.8
TRD30002340,ORD20002105,C100119,NTPC,NSE,BUY,CNC,1,6,367.95,2026-09-15 14:14:32.273,926256765858,2207.7
TRD30002341,ORD20002105,C100119,NTPC,NSE,BUY,CNC,2,1,367.95,2026-09-15 14:14:35.116,359140824144,367.95
TRD30002343,ORD20003514,C100031,NTPC,BSE,SELL,CNC,1,215,361.35,2026-09-15 14:14:35.296,650256830934,77690.25
TRD30002344,ORD20003514,C100031,NTPC,BSE,SELL,CNC,2,45,361.35,2026-09-15 14:14:36.197,251816170057,16260.75
TRD30002345,ORD20003514,C100031,NTPC,BSE,SELL,CNC,3,2,361.35,2026-09-15 14:14:37.826,543264403033,722.7
TRD30002342,ORD20002105,C100119,NTPC,NSE,BUY,CNC,3,7,367.95,2026-09-15 14:14:38.826,595332714857,2575.65
TRD30002346,ORD20001766,C100171,ITC,BSE,BUY,MIS,1,3,463.0,2026-09-15 14:15:50.656,335040862269,1389.0
TRD30002347,ORD20001766,C100171,ITC,BSE,BUY,MIS,2,4,463.0,2026-09-15 14:15:54.394,315155725908,1852.0
TRD30002348,ORD20001766,C100171,ITC,BSE,BUY,MIS,3,3,462.5,2026-09-15 14:15:55.216,538901455080,1387.5
TRD30002349,ORD20000237,C100154,ITC,NSE,SELL,MIS,1,8,436.65,2026-09-15 14:17:27.912,368194863859,3493.2
TRD30002350,ORD20000237,C100154,ITC,NSE,SELL,MIS,2,1,436.65,2026-09-15 14:17:29.479,633821268164,436.65
TRD30002351,ORD20000237,C100154,ITC,NSE,SELL,MIS,3,14,436.65,2026-09-15 14:17:31.698,738035515537,6113.1
TRD30002352,ORD20002400,C100103,AXISBANK,NSE,SELL,MIS,1,11,1074.85,2026-09-15 14:18:23.433,755363346983,11823.35
TRD30002353,ORD20000002,C100048,TCS,NSE,SELL,MIS,1,9,3713.15,2026-09-15 14:21:18.108,288081137306,33418.35
TRD30002354,ORD20001624,C100160,RELIANCE,NSE,SELL,CNC,1,47,2832.85,2026-09-15 14:21:59.874,402921950192,133143.95
TRD30002355,ORD20004365,C100101,ICICIBANK,NSE,SELL,CNC,1,9,1278.0,2026-09-15 14:24:35.092,972899024072,11502.0
TRD30002356,ORD20004098,C100079,HDFCBANK,NSE,SELL,MIS,1,1,1594.4,2026-09-15 14:27:52.182,924190596682,1594.4
TRD30002357,ORD20004098,C100079,HDFCBANK,NSE,SELL,MIS,2,1,1594.4,2026-09-15 14:27:55.959,928312779736,1594.4
TRD30002358,ORD20003048,C100168,MARUTI,NSE,BUY,MIS,1,1,12358.6,2026-09-15 14:28:45.490,647574068204,12358.6
TRD30002359,ORD20003048,C100168,MARUTI,NSE,BUY,MIS,2,1,12358.6,2026-09-15 14:28:45.855,603301300173,12358.6
TRD30002360,ORD20001650,C100183,HINDUNILVR,BSE,SELL,MIS,1,1,2321.9,2026-09-15 14:29:49.636,579062576971,2321.9
TRD30002361,ORD20001650,C100183,HINDUNILVR,BSE,SELL,MIS,2,1,2325.6,2026-09-15 14:29:53.143,757173790849,2325.6
TRD30002362,ORD20000015,C100023,ITC,BSE,BUY,CNC,1,26,432.8,2026-09-15 14:34:09.254,141735437080,11252.8
TRD30002363,ORD20000015,C100023,ITC,BSE,BUY,CNC,2,32,432.8,2026-09-15 14:34:11.395,244507104989,13849.6
TRD30002364,ORD20000015,C100023,ITC,BSE,BUY,CNC,3,97,432.8,2026-09-15 14:34:13.167,343685902669,41981.6
TRD30002365,ORD20004749,C100146,AXISBANK,NSE,BUY,CNC,1,29,1140.9,2026-09-15 14:36:17.719,679493756859,33086.1
TRD30002366,ORD20004152,C100143,AXISBANK,NSE,BUY,CNC,1,2,1104.25,2026-09-15 14:40:18.576,337983048499,2208.5
TRD30002367,ORD20004152,C100143,AXISBANK,NSE,BUY,CNC,2,3,1104.25,2026-09-15 14:40:19.784,226385778640,3312.75
TRD30002368,ORD20004152,C100143,AXISBANK,NSE,BUY,CNC,3,1,1104.25,2026-09-15 14:40:21.391,187490951760,1104.25
TRD30002369,ORD20001230,C100157,ITC,NSE,BUY,MIS,1,16,439.35,2026-09-15 14:40:51.351,906535451100,7029.6
TRD30002370,ORD20001230,C100157,ITC,NSE,BUY,MIS,2,13,438.75,2026-09-15 14:40:54.444,708060516154,5703.75
TRD30002371,ORD20001230,C100157,ITC,NSE,BUY,MIS,3,42,439.4,2026-09-15 14:40:58.121,479062432674,18454.8
TRD30002372,ORD20001738,C100152,NTPC,NSE,BUY,MIS,1,77,361.65,2026-09-15 14:41:57.075,188495177764,27847.05
TRD30002373,ORD20002733,C100034,MARUTI,NSE,BUY,MIS,1,1,11402.65,2026-09-15 14:45:16.941,672423249773,11402.65
TRD30002374,ORD20002008,C100198,TITAN,NSE,BUY,MIS,1,1,3378.15,2026-09-15 14:45:28.014,658549627609,3378.15
TRD30002375,ORD20002008,C100198,TITAN,NSE,BUY,MIS,2,1,3377.55,2026-09-15 14:45:29.740,106555025340,3377.55
TRD30002376,ORD20000703,C100147,HINDUNILVR,NSE,SELL,CNC,1,1,2266.5,2026-09-15 14:46:01.982,389147672202,2266.5
TRD30002377,ORD20003895,C100086,ITC,BSE,SELL,MIS,1,26,439.5,2026-09-15 14:46:51.268,789590454636,11427.0
TRD30002378,ORD20003895,C100086,ITC,BSE,SELL,MIS,2,32,439.5,2026-09-15 14:46:53.216,878043564500,14064.0
TRD30002379,ORD20003895,C100086,ITC,BSE,SELL,MIS,3,2,439.5,2026-09-15 14:46:55.763,328361247499,879.0
TRD30002380,ORD20004587,C100012,MARUTI,BSE,BUY,MIS,1,1,12562.15,2026-09-15 14:50:05.247,501737789988,12562.15
TRD30002381,ORD20001674,C100133,HDFCBANK,NSE,SELL,MIS,1,6,1689.35,2026-09-15 14:52:02.606,795692652148,10136.1
TRD30002382,ORD20001674,C100133,HDFCBANK,NSE,SELL,MIS,2,1,1689.35,2026-09-15 14:52:04.359,636821701622,1689.35
TRD30002383,ORD20001674,C100133,HDFCBANK,NSE,SELL,MIS,3,29,1689.35,2026-09-15 14:52:05.889,417873627905,48991.15
TRD30002384,ORD20000917,C100122,TATAMOTORS,NSE,BUY,MIS,1,3,924.1,2026-09-15 14:53:20.808,974438444826,2772.3
TRD30002385,ORD20000917,C100122,TATAMOTORS,NSE,BUY,MIS,2,4,924.1,2026-09-15 14:53:23.299,559288459427,3696.4
TRD30002386,ORD20000917,C100122,TATAMOTORS,NSE,BUY,MIS,3,1,924.1,2026-09-15 14:53:25.876,663466782373,924.1
TRD30002387,ORD20000118,C100197,HINDUNILVR,NSE,SELL,MIS,1,1,2443.8,2026-09-15 14:56:42.577,553271799195,2443.8
TRD30002388,ORD20000118,C100197,HINDUNILVR,NSE,SELL,MIS,2,1,2443.4,2026-09-15 14:56:44.244,215709609516,2443.4
TRD30002389,ORD20000118,C100197,HINDUNILVR,NSE,SELL,MIS,3,1,2442.65,2026-09-15 14:56:45.996,591275592227,2442.65
TRD30002390,ORD20004882,C100083,ITC,NSE,BUY,CNC,1,6,469.4,2026-09-15 14:56:55.436,352020949406,2816.4
TRD30002391,ORD20004882,C100083,ITC,NSE,BUY,CNC,2,4,469.35,2026-09-15 14:56:57.105,121576698028,1877.4
TRD30002392,ORD20000821,C100177,BHARTIARTL,NSE,BUY,MIS,1,15,1352.75,2026-09-15 14:57:01.064,245744784792,20291.25
TRD30002393,ORD20000821,C100177,BHARTIARTL,NSE,BUY,MIS,2,12,1351.7,2026-09-15 14:57:02.752,933477529855,16220.4
TRD30002394,ORD20004448,C100157,ONGC,NSE,BUY,MIS,1,117,264.45,2026-09-15 15:01:29.047,820507718338,30940.65
TRD30002395,ORD20004448,C100157,ONGC,NSE,BUY,MIS,2,151,264.4,2026-09-15 15:01:29.791,119906988514,39924.4
TRD30002396,ORD20002629,C100078,MARUTI,NSE,SELL,CNC,1,1,11761.45,2026-09-15 15:08:27.953,648585511277,11761.45
TRD30002397,ORD20002629,C100078,MARUTI,NSE,SELL,CNC,2,1,11758.05,2026-09-15 15:08:31.883,629654201522,11758.05
TRD30002398,ORD20002547,C100098,HDFCBANK,NSE,BUY,MIS,1,22,1645.9,2026-09-15 15:10:00.708,523764143578,36209.8
TRD30002399,ORD20002547,C100098,HDFCBANK,NSE,BUY,MIS,2,13,1645.15,2026-09-15 15:10:03.192,229637182022,21386.95
TRD30002400,ORD20004372,C100075,HINDUNILVR,NSE,SELL,MIS,1,3,2439.7,2026-09-15 15:12:57.676,942110191063,7319.1
TRD30002401,ORD20004372,C100075,HINDUNILVR,NSE,SELL,MIS,2,12,2439.7,2026-09-15 15:12:59.290,568074001704,29276.4
TRD30002402,ORD20002063,C100050,TATAMOTORS,NSE,BUY,MIS,1,8,986.3,2026-09-15 15:14:26.143,759572565516,7890.4
TRD30002403,ORD20002063,C100050,TATAMOTORS,NSE,BUY,MIS,2,28,986.3,2026-09-15 15:14:30.090,864551063577,27616.4
TRD30002404,ORD20001604,C100152,RELIANCE,NSE,BUY,MIS,1,1,2737.2,2026-09-15 15:16:51.921,966578165436,2737.2
TRD30002405,ORD20003755,C100066,NTPC,NSE,SELL,CNC,1,2,343.8,2026-09-15 15:18:11.558,198390246181,687.6
TRD30002406,ORD20003755,C100066,NTPC,NSE,SELL,CNC,2,15,343.8,2026-09-15 15:18:15.213,445815282543,5157.0
TRD30002407,ORD20003755,C100066,NTPC,NSE,SELL,CNC,3,25,343.8,2026-09-15 15:18:17.935,572904496661,8595.0
TRD30002408,ORD20001008,C100039,HDFCBANK,NSE,SELL,CNC,1,1,1683.1,2026-09-15 15:18:26.946,620361078223,1683.1
TRD30002409,ORD20001008,C100039,HDFCBANK,NSE,SELL,CNC,2,1,1683.1,2026-09-15 15:18:28.911,919249470421,1683.1
TRD30002410,ORD20001246,C100141,TATAMOTORS,NSE,BUY,MIS,1,41,943.5,2026-09-15 15:19:15.896,533217079561,38683.5
TRD30002411,ORD20001246,C100141,TATAMOTORS,NSE,BUY,MIS,2,6,945.1,2026-09-15 15:19:17.480,789696549076,5670.6
TRD30002412,ORD20001246,C100141,TATAMOTORS,NSE,BUY,MIS,3,30,945.2,2026-09-15 15:19:20.529,504796048741,28356.0
TRD30002414,ORD20003008,C100177,TITAN,NSE,SELL,CNC,1,1,3254.35,2026-09-15 15:20:09.327,333994955028,3254.35
TRD30002413,ORD20001935,C100179,KOTAKBANK,NSE,SELL,CNC,1,1,1751.85,2026-09-15 15:20:10.529,445721431910,1751.85
TRD30002415,ORD20003008,C100177,TITAN,NSE,SELL,CNC,2,1,3254.35,2026-09-15 15:20:11.046,373257375953,3254.35
TRD30002416,ORD20003008,C100177,TITAN,NSE,SELL,CNC,3,1,3254.35,2026-09-15 15:20:12.623,672671176123,3254.35
TRD30002417,ORD20002947,C100111,SBIN,NSE,BUY,CNC,1,7,803.15,2026-09-15 15:22:56.905,149890445207,5622.05
TRD30002418,ORD20000042,C100027,TCS,NSE,BUY,MIS,1,1,3859.75,2026-09-16 09:15:23.587,381072947932,3859.75
TRD30002419,ORD20000042,C100027,TCS,NSE,BUY,MIS,2,1,3859.75,2026-09-16 09:15:26.317,707283467851,3859.75
TRD30002420,ORD20003545,C100090,BHARTIARTL,NSE,SELL,CNC,1,1,1403.15,2026-09-16 09:17:13.048,180608253745,1403.15
TRD30002421,ORD20003640,C100188,KOTAKBANK,NSE,BUY,CNC,1,1,1750.45,2026-09-16 09:19:58.132,586427567778,1750.45
TRD30002422,ORD20003640,C100188,KOTAKBANK,NSE,BUY,CNC,2,2,1747.15,2026-09-16 09:20:01.608,513276310879,3494.3
TRD30002423,ORD20003640,C100188,KOTAKBANK,NSE,BUY,CNC,3,1,1748.2,2026-09-16 09:20:04.914,158613841280,1748.2
TRD30002424,ORD20000428,C100011,WIPRO,NSE,SELL,MIS,1,1,454.9,2026-09-16 09:24:48.638,168797610872,454.9
TRD30002425,ORD20000428,C100011,WIPRO,NSE,SELL,MIS,2,52,454.9,2026-09-16 09:24:50.129,640737590422,23654.8
TRD30002426,ORD20000428,C100011,WIPRO,NSE,SELL,MIS,3,20,454.7,2026-09-16 09:24:54.068,575214278215,9094.0
TRD30002427,ORD20002859,C100159,MARUTI,NSE,BUY,CNC,1,1,12074.3,2026-09-16 09:25:58.261,748653967288,12074.3
TRD30002428,ORD20000924,C100123,MARUTI,NSE,BUY,MIS,1,1,11593.1,2026-09-16 09:26:59.084,661865103412,11593.1
TRD30002429,ORD20000388,C100048,TCS,NSE,SELL,CNC,1,1,3698.45,2026-09-16 09:27:03.589,542918376834,3698.45
TRD30002430,ORD20000388,C100048,TCS,NSE,SELL,CNC,2,1,3700.5,2026-09-16 09:27:03.958,488652608684,3700.5
TRD30002431,ORD20004272,C100034,BHARTIARTL,NSE,BUY,MIS,1,4,1469.0,2026-09-16 09:27:24.797,386531943810,5876.0
TRD30002432,ORD20004272,C100034,BHARTIARTL,NSE,BUY,MIS,2,1,1467.15,2026-09-16 09:27:26.736,136096272130,1467.15
TRD30002433,ORD20001336,C100026,ITC,NSE,SELL,MIS,1,12,451.75,2026-09-16 09:32:06.175,170376795259,5421.0
TRD30002434,ORD20004435,C100102,ONGC,BSE,SELL,CNC,1,124,248.85,2026-09-16 09:32:20.612,620268221939,30857.4
TRD30002435,ORD20004435,C100102,ONGC,BSE,SELL,CNC,2,170,248.85,2026-09-16 09:32:23.980,621702283822,42304.5
TRD30002436,ORD20002648,C100078,HINDUNILVR,NSE,BUY,MIS,1,20,2413.95,2026-09-16 09:32:48.326,140665239114,48279.0
TRD30002437,ORD20002648,C100078,HINDUNILVR,NSE,BUY,MIS,2,11,2416.35,2026-09-16 09:32:51.411,491359768562,26579.85
TRD30002438,ORD20004606,C100134,BHARTIARTL,NSE,BUY,CNC,1,1,1399.8,2026-09-16 09:37:53.981,954540127880,1399.8
TRD30002439,ORD20004606,C100134,BHARTIARTL,NSE,BUY,CNC,2,1,1399.8,2026-09-16 09:37:56.785,269242639476,1399.8
TRD30002440,ORD20004606,C100134,BHARTIARTL,NSE,BUY,CNC,3,2,1399.8,2026-09-16 09:37:57.702,791325915175,2799.6
TRD30002441,ORD20003467,C100181,INFY,NSE,SELL,CNC,1,18,1590.4,2026-09-16 09:39:22.132,557324722510,28627.2
TRD30002442,ORD20003467,C100181,INFY,NSE,SELL,CNC,2,2,1590.05,2026-09-16 09:39:25.522,800080398779,3180.1
TRD30002443,ORD20000458,C100090,ITC,NSE,SELL,CNC,1,101,462.9,2026-09-16 09:39:45.187,344612141497,46752.9
TRD30002444,ORD20000263,C100099,BHARTIARTL,NSE,BUY,MIS,1,2,1446.8,2026-09-16 09:41:26.430,986002273477,2893.6
TRD30002445,ORD20000263,C100099,BHARTIARTL,NSE,BUY,MIS,2,8,1446.8,2026-09-16 09:41:28.066,423994016981,11574.4
TRD30002446,ORD20004002,C100038,BHARTIARTL,NSE,SELL,CNC,1,3,1381.15,2026-09-16 09:41:55.696,664119713735,4143.45
TRD30002447,ORD20004002,C100038,BHARTIARTL,NSE,SELL,CNC,2,7,1381.15,2026-09-16 09:41:55.869,715209137293,9668.05
TRD30002448,ORD20004002,C100038,BHARTIARTL,NSE,SELL,CNC,3,4,1381.15,2026-09-16 09:41:58.789,694518863611,5524.6
TRD30002449,ORD20000982,C100117,INFY,NSE,BUY,MIS,1,3,1648.5,2026-09-16 09:44:36.288,576715087967,4945.5
TRD30002450,ORD20003748,C100050,ICICIBANK,NSE,SELL,MIS,1,3,1185.35,2026-09-16 09:46:37.035,708881256131,3556.05
TRD30002451,ORD20003748,C100050,ICICIBANK,NSE,SELL,MIS,2,2,1185.35,2026-09-16 09:46:38.716,711382852479,2370.7
TRD30002452,ORD20002664,C100061,TATAMOTORS,NSE,BUY,MIS,1,73,957.7,2026-09-16 09:47:15.994,763924948363,69912.1
TRD30002453,ORD20003449,C100081,HINDUNILVR,NSE,BUY,CNC,1,1,2417.95,2026-09-16 09:48:06.657,753592289768,2417.95
TRD30002454,ORD20004447,C100162,HINDUNILVR,BSE,SELL,MIS,1,33,2385.9,2026-09-16 09:51:44.537,705869795500,78734.7
TRD30002455,ORD20004447,C100162,HINDUNILVR,BSE,SELL,MIS,2,1,2388.2,2026-09-16 09:51:45.696,919602637708,2388.2
TRD30002456,ORD20004447,C100162,HINDUNILVR,BSE,SELL,MIS,3,25,2393.35,2026-09-16 09:51:46.430,908439790024,59833.75
TRD30002457,ORD20003746,C100170,MARUTI,NSE,SELL,MIS,1,1,11474.35,2026-09-16 09:52:08.640,138358958341,11474.35
TRD30002458,ORD20000369,C100071,ICICIBANK,NSE,SELL,MIS,1,11,1139.45,2026-09-16 09:52:18.646,982943376491,12533.95
TRD30002459,ORD20000369,C100071,ICICIBANK,NSE,SELL,MIS,2,1,1139.45,2026-09-16 09:52:22.594,814700264796,1139.45
TRD30002460,ORD20000369,C100071,ICICIBANK,NSE,SELL,MIS,3,2,1139.45,2026-09-16 09:52:23.014,634138738173,2278.9
TRD30002461,ORD20004206,C100029,KOTAKBANK,BSE,SELL,CNC,1,5,1750.55,2026-09-16 09:53:06.281,647518644030,8752.75
TRD30002462,ORD20004206,C100029,KOTAKBANK,BSE,SELL,CNC,2,11,1750.55,2026-09-16 09:53:06.834,449867918645,19256.05
TRD30002463,ORD20004206,C100029,KOTAKBANK,BSE,SELL,CNC,3,2,1750.55,2026-09-16 09:53:08.353,487369260001,3501.1
TRD30002464,ORD20004475,C100014,SUNPHARMA,NSE,SELL,MIS,1,7,1677.5,2026-09-16 09:57:44.765,441135851389,11742.5
TRD30002465,ORD20000600,C100082,TATAMOTORS,NSE,BUY,MIS,1,10,969.5,2026-09-16 10:01:23.112,954237759993,9695.0
TRD30002466,ORD20003227,C100067,NTPC,NSE,BUY,MIS,1,61,359.3,2026-09-16 10:02:10.614,638247308080,21917.3
TRD30002467,ORD20003227,C100067,NTPC,NSE,BUY,MIS,2,69,358.9,2026-09-16 10:02:14.113,243005418097,24764.1
TRD30002468,ORD20003227,C100067,NTPC,NSE,BUY,MIS,3,21,359.55,2026-09-16 10:02:14.289,793347836370,7550.55
TRD30002469,ORD20004474,C100031,TATAMOTORS,NSE,BUY,MIS,1,6,957.55,2026-09-16 10:04:44.026,724897890889,5745.3
TRD30002470,ORD20003825,C100007,ICICIBANK,NSE,BUY,CNC,1,19,1221.65,2026-09-16 10:05:45.269,669972227198,23211.35
TRD30002471,ORD20003825,C100007,ICICIBANK,NSE,BUY,CNC,2,34,1221.9,2026-09-16 10:05:47.670,337681948115,41544.6
TRD30002472,ORD20003825,C100007,ICICIBANK,NSE,BUY,CNC,3,14,1220.4,2026-09-16 10:05:50.112,656781534123,17085.6
TRD30002473,ORD20000285,C100127,ITC,NSE,SELL,MIS,1,25,444.3,2026-09-16 10:09:59.814,834709508993,11107.5
TRD30002474,ORD20000106,C100187,TATAMOTORS,NSE,SELL,MIS,1,27,934.65,2026-09-16 10:11:34.351,250479551932,25235.55
TRD30002475,ORD20000335,C100149,TITAN,NSE,SELL,MIS,1,3,3319.2,2026-09-16 10:13:24.193,592629113340,9957.6
TRD30002476,ORD20000281,C100118,INFY,NSE,SELL,MIS,1,4,1609.25,2026-09-16 10:13:31.408,288075201207,6437.0
TRD30002477,ORD20001237,C100122,NTPC,NSE,BUY,MIS,1,15,338.3,2026-09-16 10:17:29.568,597133494159,5074.5
TRD30002478,ORD20001237,C100122,NTPC,NSE,BUY,MIS,2,7,338.3,2026-09-16 10:17:31.651,677881648750,2368.1
TRD30002479,ORD20001237,C100122,NTPC,NSE,BUY,MIS,3,2,338.3,2026-09-16 10:17:35.539,829720047241,676.6
TRD30002480,ORD20003548,C100030,HINDUNILVR,NSE,SELL,MIS,1,4,2406.4,2026-09-16 10:18:35.785,548583171391,9625.6
TRD30002481,ORD20003548,C100030,HINDUNILVR,NSE,SELL,MIS,2,3,2406.4,2026-09-16 10:18:37.562,937368891775,7219.2
TRD30002482,ORD20003548,C100030,HINDUNILVR,NSE,SELL,MIS,3,27,2406.4,2026-09-16 10:18:39.301,920220486068,64972.8
TRD30002483,ORD20003440,C100027,HDFCBANK,BSE,SELL,MIS,1,1,1636.1,2026-09-16 10:19:13.767,835194896381,1636.1
TRD30002484,ORD20003440,C100027,HDFCBANK,BSE,SELL,MIS,2,1,1636.1,2026-09-16 10:19:14.191,599651847512,1636.1
TRD30002485,ORD20004887,C100185,ICICIBANK,NSE,SELL,MIS,1,1,1194.4,2026-09-16 10:19:24.054,270471201252,1194.4
TRD30002486,ORD20004887,C100185,ICICIBANK,NSE,SELL,MIS,2,19,1194.4,2026-09-16 10:19:25.220,685760580572,22693.6
TRD30002487,ORD20004887,C100185,ICICIBANK,NSE,SELL,MIS,3,3,1194.4,2026-09-16 10:19:27.649,735374886234,3583.2
TRD30002488,ORD20003036,C100195,NTPC,NSE,BUY,CNC,1,35,357.7,2026-09-16 10:19:30.871,545167972500,12519.5
TRD30002489,ORD20001374,C100041,ICICIBANK,NSE,BUY,CNC,1,2,1178.85,2026-09-16 10:19:37.184,970252395190,2357.7
TRD30002490,ORD20001374,C100041,ICICIBANK,NSE,BUY,CNC,2,6,1178.85,2026-09-16 10:19:40.388,187338881516,7073.1
TRD30002491,ORD20001498,C100020,ICICIBANK,NSE,BUY,MIS,1,8,1164.9,2026-09-16 10:21:46.974,868781934993,9319.2
TRD30002492,ORD20001498,C100020,ICICIBANK,NSE,BUY,MIS,2,49,1164.9,2026-09-16 10:21:50.574,913412050014,57080.1
TRD30002493,ORD20003659,C100134,ONGC,NSE,SELL,MIS,1,180,273.7,2026-09-16 10:22:44.341,665337377374,49266.0
TRD30002494,ORD20003659,C100134,ONGC,NSE,SELL,MIS,2,35,273.75,2026-09-16 10:22:47.158,898987869467,9581.25
TRD30002495,ORD20003659,C100134,ONGC,NSE,SELL,MIS,3,200,273.9,2026-09-16 10:22:49.979,290890163823,54780.0
TRD30002496,ORD20001207,C100185,TITAN,NSE,SELL,CNC,1,2,3344.85,2026-09-16 10:25:28.431,410726396695,6689.7
TRD30002497,ORD20001207,C100185,TITAN,NSE,SELL,CNC,2,2,3344.85,2026-09-16 10:25:30.102,263249489674,6689.7
TRD30002498,ORD20001207,C100185,TITAN,NSE,SELL,CNC,3,3,3344.85,2026-09-16 10:25:31.536,382199030630,10034.55
TRD30002499,ORD20003394,C100115,ICICIBANK,NSE,SELL,CNC,1,72,1133.7,2026-09-16 10:26:54.258,248810398494,81626.4
TRD30002500,ORD20004994,C100087,MARUTI,NSE,BUY,MIS,1,2,12197.2,2026-09-16 10:29:24.946,247459945642,24394.4
TRD30002501,ORD20000785,C100173,ICICIBANK,NSE,SELL,CNC,1,6,1253.25,2026-09-16 10:29:59.558,127720890624,7519.5
TRD30002502,ORD20000785,C100173,ICICIBANK,NSE,SELL,CNC,2,10,1253.25,2026-09-16 10:30:01.529,770224786586,12532.5
TRD30002503,ORD20000785,C100173,ICICIBANK,NSE,SELL,CNC,3,21,1253.25,2026-09-16 10:30:04.158,371927599575,26318.25
TRD30002504,ORD20000732,C100123,SBIN,NSE,BUY,CNC,1,30,804.4,2026-09-16 10:31:05.475,649963692245,24132.0
TRD30002505,ORD20000732,C100123,SBIN,NSE,BUY,CNC,2,21,805.25,2026-09-16 10:31:05.981,725046412545,16910.25
TRD30002506,ORD20000732,C100123,SBIN,NSE,BUY,CNC,3,36,804.35,2026-09-16 10:31:08.722,704011546124,28956.6
TRD30002507,ORD20001697,C100023,ASIANPAINT,BSE,SELL,MIS,1,5,2701.2,2026-09-16 10:31:09.895,937656611823,13506.0
TRD30002508,ORD20001697,C100023,ASIANPAINT,BSE,SELL,MIS,2,6,2701.2,2026-09-16 10:31:11.035,747795597876,16207.2
TRD30002509,ORD20001697,C100023,ASIANPAINT,BSE,SELL,MIS,3,2,2701.2,2026-09-16 10:31:12.122,654321304452,5402.4
TRD30002510,ORD20002491,C100033,ITC,NSE,SELL,CNC,1,91,443.3,2026-09-16 10:31:19.114,219105063977,40340.3
TRD30002511,ORD20001944,C100152,TATAMOTORS,NSE,SELL,MIS,1,3,938.95,2026-09-16 10:31:22.958,119124162674,2816.85
TRD30002512,ORD20001944,C100152,TATAMOTORS,NSE,SELL,MIS,2,7,939.25,2026-09-16 10:31:26.463,752654558417,6574.75
TRD30002513,ORD20001944,C100152,TATAMOTORS,NSE,SELL,MIS,3,9,938.15,2026-09-16 10:31:28.522,880703605336,8443.35
TRD30002514,ORD20004856,C100131,HDFCBANK,NSE,BUY,CNC,1,1,1689.8,2026-09-16 10:31:36.027,638918782515,1689.8
TRD30002515,ORD20004856,C100131,HDFCBANK,NSE,BUY,CNC,2,15,1691.15,2026-09-16 10:31:38.457,991621737794,25367.25
TRD30002516,ORD20002477,C100005,MARUTI,NSE,BUY,CNC,1,1,12020.45,2026-09-16 10:31:53.489,899198057658,12020.45
TRD30002518,ORD20004567,C100112,NTPC,NSE,SELL,CNC,1,55,358.85,2026-09-16 10:32:11.477,757741324894,19736.75
TRD30002517,ORD20004336,C100103,ITC,NSE,SELL,CNC,1,31,443.5,2026-09-16 10:32:12.088,944955315218,13748.5
TRD30002519,ORD20004567,C100112,NTPC,NSE,SELL,CNC,2,1,358.85,2026-09-16 10:32:13.567,967213474958,358.85
TRD30002520,ORD20004567,C100112,NTPC,NSE,SELL,CNC,3,44,358.85,2026-09-16 10:32:14.106,640408491791,15789.4
TRD30002521,ORD20000117,C100089,INFY,NSE,BUY,MIS,1,18,1606.15,2026-09-16 10:32:32.457,521940243209,28910.7
TRD30002522,ORD20000117,C100089,INFY,NSE,BUY,MIS,2,36,1603.35,2026-09-16 10:32:36.172,141209122038,57720.6
TRD30002523,ORD20003914,C100026,BHARTIARTL,NSE,BUY,MIS,1,3,1397.7,2026-09-16 10:33:58.977,929636041209,4193.1
TRD30002524,ORD20003914,C100026,BHARTIARTL,NSE,BUY,MIS,2,1,1397.7,2026-09-16 10:33:59.955,455328874468,1397.7
TRD30002525,ORD20003914,C100026,BHARTIARTL,NSE,BUY,MIS,3,1,1397.7,2026-09-16 10:34:00.387,187297894896,1397.7
TRD30002526,ORD20003335,C100150,TCS,NSE,SELL,MIS,1,7,3913.3,2026-09-16 10:36:15.307,741122797383,27393.1
TRD30002527,ORD20003335,C100150,TCS,NSE,SELL,MIS,2,1,3909.5,2026-09-16 10:36:17.864,399714401129,3909.5
TRD30002528,ORD20003335,C100150,TCS,NSE,SELL,MIS,3,4,3911.85,2026-09-16 10:36:18.352,589432280646,15647.4
TRD30002529,ORD20004778,C100042,TATAMOTORS,NSE,BUY,MIS,1,13,956.35,2026-09-16 10:36:28.502,996812603364,12432.55
TRD30002530,ORD20002620,C100046,NTPC,NSE,BUY,MIS,1,15,353.4,2026-09-16 10:36:42.806,689397909339,5301.0
TRD30002531,ORD20002620,C100046,NTPC,NSE,BUY,MIS,2,23,353.2,2026-09-16 10:36:44.068,122513644193,8123.6
TRD30002532,ORD20000362,C100145,ONGC,NSE,SELL,MIS,1,77,275.35,2026-09-16 10:37:13.349,150103473330,21201.95
TRD30002533,ORD20000362,C100145,ONGC,NSE,SELL,MIS,2,74,275.75,2026-09-16 10:37:14.399,621714996144,20405.5
TRD30002534,ORD20000362,C100145,ONGC,NSE,SELL,MIS,3,24,275.5,2026-09-16 10:37:16.338,145714774831,6612.0
TRD30002535,ORD20002299,C100080,HDFCBANK,NSE,BUY,CNC,1,6,1607.3,2026-09-16 10:38:42.900,105649495856,9643.8
TRD30002536,ORD20002299,C100080,HDFCBANK,NSE,BUY,CNC,2,14,1603.55,2026-09-16 10:38:46.783,389114770470,22449.7
TRD30002537,ORD20002299,C100080,HDFCBANK,NSE,BUY,CNC,3,2,1605.35,2026-09-16 10:38:50.718,151053777383,3210.7
TRD30002538,ORD20002441,C100149,BHARTIARTL,NSE,BUY,MIS,1,1,1330.95,2026-09-16 10:41:20.950,871296490009,1330.95
TRD30002539,ORD20002441,C100149,BHARTIARTL,NSE,BUY,MIS,2,1,1330.95,2026-09-16 10:41:22.061,435740394266,1330.95
TRD30002540,ORD20002441,C100149,BHARTIARTL,NSE,BUY,MIS,3,1,1330.95,2026-09-16 10:41:25.188,531929105433,1330.95
TRD30002541,ORD20004449,C100172,TATAMOTORS,NSE,BUY,CNC,1,1,921.85,2026-09-16 10:43:46.367,782949135600,921.85
TRD30002542,ORD20004449,C100172,TATAMOTORS,NSE,BUY,CNC,2,2,921.25,2026-09-16 10:43:47.731,397939029951,1842.5
TRD30002543,ORD20004449,C100172,TATAMOTORS,NSE,BUY,CNC,3,1,921.1,2026-09-16 10:43:47.784,390370987766,921.1
TRD30002544,ORD20002945,C100005,ONGC,NSE,BUY,MIS,1,4,251.5,2026-09-16 10:46:37.487,341749707753,1006.0
TRD30002545,ORD20002945,C100005,ONGC,NSE,BUY,MIS,2,20,251.5,2026-09-16 10:46:39.139,978716840885,5030.0
TRD30002546,ORD20002010,C100141,ASIANPAINT,NSE,SELL,CNC,1,3,2870.65,2026-09-16 10:48:26.955,288613022573,8611.95
TRD30002547,ORD20002010,C100141,ASIANPAINT,NSE,SELL,CNC,2,3,2870.65,2026-09-16 10:48:29.775,715748773114,8611.95
TRD30002548,ORD20002010,C100141,ASIANPAINT,NSE,SELL,CNC,3,4,2870.65,2026-09-16 10:48:33.182,680339161141,11482.6
TRD30002549,ORD20000498,C100149,BHARTIARTL,NSE,SELL,CNC,1,1,1380.2,2026-09-16 10:49:17.942,515279258133,1380.2
TRD30002550,ORD20000498,C100149,BHARTIARTL,NSE,SELL,CNC,2,3,1379.75,2026-09-16 10:49:19.908,785999046642,4139.25
TRD30002551,ORD20002090,C100053,HINDUNILVR,NSE,BUY,CNC,1,3,2469.6,2026-09-16 10:49:53.388,262316334307,7408.8
TRD30002552,ORD20002090,C100053,HINDUNILVR,NSE,BUY,CNC,2,32,2469.6,2026-09-16 10:49:55.817,171301664214,79027.2
TRD30002553,ORD20002090,C100053,HINDUNILVR,NSE,BUY,CNC,3,5,2469.6,2026-09-16 10:49:58.365,675056905186,12348.0
TRD30002554,ORD20001076,C100034,TATAMOTORS,NSE,SELL,MIS,1,110,936.45,2026-09-16 10:51:24.070,334833070961,103009.5
TRD30002555,ORD20001076,C100034,TATAMOTORS,NSE,SELL,MIS,2,21,936.45,2026-09-16 10:51:27.626,886973246100,19665.45
TRD30002556,ORD20003105,C100197,NTPC,NSE,BUY,MIS,1,68,357.6,2026-09-16 10:55:16.573,613695395076,24316.8
TRD30002557,ORD20003105,C100197,NTPC,NSE,BUY,MIS,2,78,357.6,2026-09-16 10:55:18.442,265946750970,27892.8
TRD30002558,ORD20003130,C100118,HINDUNILVR,BSE,SELL,MIS,1,10,2529.85,2026-09-16 11:06:48.705,356343528553,25298.5
TRD30002559,ORD20003130,C100118,HINDUNILVR,BSE,SELL,MIS,2,1,2533.9,2026-09-16 11:06:50.597,637381275989,2533.9
TRD30002560,ORD20000185,C100041,MARUTI,NSE,SELL,MIS,1,10,12217.9,2026-09-16 11:07:20.436,938618710265,122179.0
TRD30002561,ORD20003714,C100113,HINDUNILVR,NSE,SELL,CNC,1,1,2349.95,2026-09-16 11:09:17.987,443643639642,2349.95
TRD30002562,ORD20000536,C100139,TATAMOTORS,NSE,SELL,CNC,1,1,945.3,2026-09-16 11:09:42.463,153727241865,945.3
TRD30002563,ORD20000536,C100139,TATAMOTORS,NSE,SELL,CNC,2,1,945.8,2026-09-16 11:09:45.384,720743788180,945.8
TRD30002564,ORD20000536,C100139,TATAMOTORS,NSE,SELL,CNC,3,1,945.6,2026-09-16 11:09:46.509,600743265569,945.6
TRD30002565,ORD20002659,C100089,ICICIBANK,NSE,BUY,MIS,1,11,1197.7,2026-09-16 11:10:03.855,778728281354,13174.7
TRD30002566,ORD20002659,C100089,ICICIBANK,NSE,BUY,MIS,2,63,1197.7,2026-09-16 11:10:06.954,551375285715,75455.1
TRD30002567,ORD20001588,C100186,ICICIBANK,NSE,SELL,MIS,1,12,1175.5,2026-09-16 11:14:47.840,458802789394,14106.0
TRD30002568,ORD20001588,C100186,ICICIBANK,NSE,SELL,MIS,2,8,1175.5,2026-09-16 11:14:49.614,487169294386,9404.0
TRD30002569,ORD20003278,C100165,INFY,NSE,BUY,MIS,1,4,1615.3,2026-09-16 11:15:18.127,830699520991,6461.2
TRD30002570,ORD20000380,C100141,ICICIBANK,NSE,SELL,MIS,1,7,1236.5,2026-09-16 11:16:42.002,450850858775,8655.5
TRD30002571,ORD20000380,C100141,ICICIBANK,NSE,SELL,MIS,2,47,1236.5,2026-09-16 11:16:43.463,517643663347,58115.5
TRD30002572,ORD20003134,C100078,RELIANCE,NSE,BUY,MIS,1,1,2785.2,2026-09-16 11:19:06.104,325345870797,2785.2
TRD30002573,ORD20003134,C100078,RELIANCE,NSE,BUY,MIS,2,4,2785.2,2026-09-16 11:19:09.819,112773161116,11140.8
TRD30002574,ORD20003134,C100078,RELIANCE,NSE,BUY,MIS,3,2,2785.2,2026-09-16 11:19:11.009,290486989880,5570.4
TRD30002575,ORD20002207,C100114,ITC,NSE,SELL,MIS,1,14,455.4,2026-09-16 11:19:14.076,826418626580,6375.6
TRD30002576,ORD20002207,C100114,ITC,NSE,SELL,MIS,2,5,455.4,2026-09-16 11:19:15.566,923829321025,2277.0
TRD30002577,ORD20001885,C100040,ICICIBANK,NSE,SELL,MIS,1,18,1162.9,2026-09-16 11:20:07.954,767482001058,20932.2
TRD30002578,ORD20000826,C100194,TATAMOTORS,BSE,BUY,CNC,1,6,935.2,2026-09-16 11:21:54.567,493508919955,5611.2
TRD30002579,ORD20004419,C100110,BHARTIARTL,NSE,SELL,CNC,1,1,1410.3,2026-09-16 11:22:02.239,712009414458,1410.3
TRD30002580,ORD20004419,C100110,BHARTIARTL,NSE,SELL,CNC,2,1,1411.1,2026-09-16 11:22:04.539,211440525963,1411.1
TRD30002581,ORD20004419,C100110,BHARTIARTL,NSE,SELL,CNC,3,1,1411.35,2026-09-16 11:22:06.792,182825566530,1411.35
TRD30002582,ORD20003320,C100093,KOTAKBANK,NSE,BUY,MIS,1,1,1755.05,2026-09-16 11:33:20.565,268899914981,1755.05
TRD30002583,ORD20003320,C100093,KOTAKBANK,NSE,BUY,MIS,2,1,1756.95,2026-09-16 11:33:21.987,643614799495,1756.95
TRD30002584,ORD20003320,C100093,KOTAKBANK,NSE,BUY,MIS,3,1,1753.25,2026-09-16 11:33:25.005,478313079414,1753.25
TRD30002585,ORD20004280,C100016,NTPC,NSE,BUY,MIS,1,20,370.8,2026-09-16 11:39:19.123,264669294085,7416.0
TRD30002586,ORD20004280,C100016,NTPC,NSE,BUY,MIS,2,5,370.5,2026-09-16 11:39:22.414,591092624874,1852.5
TRD30002587,ORD20004280,C100016,NTPC,NSE,BUY,MIS,3,24,371.0,2026-09-16 11:39:22.781,920428171953,8904.0
TRD30002588,ORD20003247,C100108,ICICIBANK,NSE,SELL,CNC,1,35,1200.2,2026-09-16 11:40:38.315,596161446709,42007.0
TRD30002589,ORD20003247,C100108,ICICIBANK,NSE,SELL,CNC,2,22,1200.2,2026-09-16 11:40:40.149,565809339455,26404.4
TRD30002590,ORD20003247,C100108,ICICIBANK,NSE,SELL,CNC,3,2,1200.2,2026-09-16 11:40:40.698,419495146692,2400.4
TRD30002591,ORD20000414,C100036,AXISBANK,NSE,BUY,MIS,1,52,1102.55,2026-09-16 11:40:49.431,111125454514,57332.6
TRD30002592,ORD20000414,C100036,AXISBANK,NSE,BUY,MIS,2,51,1102.55,2026-09-16 11:40:51.390,321310856368,56230.05
TRD30002593,ORD20000838,C100165,TATAMOTORS,NSE,SELL,MIS,1,115,948.5,2026-09-16 11:41:21.679,397146652697,109077.5
TRD30002594,ORD20002761,C100071,HDFCBANK,BSE,BUY,MIS,1,1,1566.0,2026-09-16 11:42:34.308,508925800338,1566.0
TRD30002595,ORD20002761,C100071,HDFCBANK,BSE,BUY,MIS,2,2,1568.25,2026-09-16 11:42:35.291,929984966293,3136.5
TRD30002596,ORD20001043,C100105,SBIN,NSE,SELL,MIS,1,1,776.6,2026-09-16 11:45:14.141,370516856518,776.6
TRD30002597,ORD20001043,C100105,SBIN,NSE,SELL,MIS,2,10,777.55,2026-09-16 11:45:17.736,381736244856,7775.5
TRD30002598,ORD20001043,C100105,SBIN,NSE,SELL,MIS,3,3,777.0,2026-09-16 11:45:20.857,388895563878,2331.0
TRD30002599,ORD20002069,C100174,BHARTIARTL,NSE,SELL,CNC,1,2,1394.25,2026-09-16 11:47:36.700,292760756125,2788.5
TRD30002600,ORD20003189,C100064,HINDUNILVR,NSE,BUY,MIS,1,49,2446.75,2026-09-16 11:49:00.499,489433939952,119890.75
TRD30002601,ORD20003189,C100064,HINDUNILVR,NSE,BUY,MIS,2,9,2446.75,2026-09-16 11:49:01.181,772872868070,22020.75
TRD30002602,ORD20001528,C100083,HDFCBANK,NSE,SELL,CNC,1,14,1671.85,2026-09-16 11:49:09.628,761467010051,23405.9
TRD30002603,ORD20001528,C100083,HDFCBANK,NSE,SELL,CNC,2,20,1671.85,2026-09-16 11:49:10.824,103568400918,33437.0
TRD30002604,ORD20001528,C100083,HDFCBANK,NSE,SELL,CNC,3,3,1671.85,2026-09-16 11:49:14.687,791627621996,5015.55
TRD30002605,ORD20001341,C100027,NTPC,NSE,SELL,CNC,1,6,372.35,2026-09-16 11:49:26.982,453773589074,2234.1
TRD30002606,ORD20001341,C100027,NTPC,NSE,SELL,CNC,2,24,372.4,2026-09-16 11:49:27.391,117559770026,8937.6
TRD30002607,ORD20001341,C100027,NTPC,NSE,SELL,CNC,3,2,372.15,2026-09-16 11:49:30.916,991863175546,744.3
TRD30002608,ORD20000368,C100150,NTPC,BSE,SELL,CNC,1,58,376.35,2026-09-16 11:50:41.691,886420053954,21828.3
TRD30002609,ORD20000368,C100150,NTPC,BSE,SELL,CNC,2,17,376.35,2026-09-16 11:50:42.488,421840122134,6397.95
TRD30002610,ORD20003228,C100137,NTPC,NSE,SELL,MIS,1,10,348.5,2026-09-16 11:53:53.748,713847017643,3485.0
TRD30002611,ORD20003228,C100137,NTPC,NSE,SELL,MIS,2,2,348.5,2026-09-16 11:53:55.588,673984096165,697.0
TRD30002612,ORD20003228,C100137,NTPC,NSE,SELL,MIS,3,6,348.5,2026-09-16 11:53:55.906,986891448212,2091.0
TRD30002613,ORD20002676,C100130,HINDUNILVR,NSE,BUY,MIS,1,29,2401.1,2026-09-16 11:54:59.476,263415043763,69631.9
TRD30002614,ORD20001454,C100176,TITAN,NSE,BUY,MIS,1,1,3526.35,2026-09-16 11:56:33.100,291812700732,3526.35
TRD30002615,ORD20000774,C100168,BHARTIARTL,NSE,BUY,CNC,1,3,1316.15,2026-09-16 11:57:50.410,703036861671,3948.45
TRD30002616,ORD20000774,C100168,BHARTIARTL,NSE,BUY,CNC,2,2,1316.15,2026-09-16 11:57:53.229,167624818924,2632.3
TRD30002617,ORD20000259,C100037,MARUTI,NSE,BUY,MIS,1,2,12140.65,2026-09-16 11:58:09.706,838811592331,24281.3
TRD30002618,ORD20000259,C100037,MARUTI,NSE,BUY,MIS,2,9,12140.65,2026-09-16 11:58:13.534,292668676035,109265.85
TRD30002619,ORD20002049,C100052,MARUTI,NSE,SELL,MIS,1,2,11899.6,2026-09-16 11:59:20.135,790331808404,23799.2
TRD30002620,ORD20002049,C100052,MARUTI,NSE,SELL,MIS,2,2,11899.6,2026-09-16 11:59:21.812,238227176294,23799.2
TRD30002621,ORD20002049,C100052,MARUTI,NSE,SELL,MIS,3,2,11899.6,2026-09-16 11:59:21.929,766273318829,23799.2
TRD30002622,ORD20004252,C100096,AXISBANK,NSE,BUY,MIS,1,1,1151.85,2026-09-16 12:04:18.591,172266438444,1151.85
TRD30002623,ORD20004252,C100096,AXISBANK,NSE,BUY,MIS,2,1,1151.85,2026-09-16 12:04:20.002,193691450145,1151.85
TRD30002624,ORD20000978,C100193,NTPC,NSE,BUY,CNC,1,68,350.0,2026-09-16 12:04:35.750,143661592555,23800.0
TRD30002625,ORD20000978,C100193,NTPC,NSE,BUY,CNC,2,24,350.0,2026-09-16 12:04:37.965,693611299519,8400.0
TRD30002626,ORD20004727,C100030,RELIANCE,NSE,BUY,MIS,1,24,2845.8,2026-09-16 12:09:11.744,248977748642,68299.2
TRD30002627,ORD20003961,C100141,ITC,NSE,SELL,CNC,1,5,467.6,2026-09-16 12:10:00.291,427124537571,2338.0
TRD30002628,ORD20003961,C100141,ITC,NSE,SELL,CNC,2,1,467.6,2026-09-16 12:10:03.214,899896728398,467.6
TRD30002629,ORD20000182,C100063,RELIANCE,NSE,SELL,CNC,1,1,3141.95,2026-09-16 12:11:26.779,385536886720,3141.95
TRD30002630,ORD20000182,C100063,RELIANCE,NSE,SELL,CNC,2,1,3141.95,2026-09-16 12:11:30.237,248027982544,3141.95
TRD30002632,ORD20003705,C100129,AXISBANK,NSE,SELL,MIS,1,4,1155.2,2026-09-16 12:11:31.504,242992133079,4620.8
TRD30002631,ORD20000182,C100063,RELIANCE,NSE,SELL,CNC,3,1,3141.95,2026-09-16 12:11:33.139,702691771253,3141.95
TRD30002633,ORD20000180,C100017,HINDUNILVR,NSE,SELL,CNC,1,3,2401.95,2026-09-16 12:11:53.350,756072812067,7205.85
TRD30002634,ORD20000180,C100017,HINDUNILVR,NSE,SELL,CNC,2,52,2401.95,2026-09-16 12:11:56.707,500716175697,124901.4
TRD30002635,ORD20003142,C100030,HINDUNILVR,NSE,SELL,MIS,1,1,2487.8,2026-09-16 12:12:52.766,940852413451,2487.8
TRD30002636,ORD20003142,C100030,HINDUNILVR,NSE,SELL,MIS,2,1,2487.8,2026-09-16 12:12:53.586,308993104395,2487.8
TRD30002637,ORD20003142,C100030,HINDUNILVR,NSE,SELL,MIS,3,1,2487.8,2026-09-16 12:12:57.542,537865986297,2487.8
TRD30002638,ORD20001874,C100150,RELIANCE,NSE,BUY,MIS,1,44,2857.15,2026-09-16 12:13:34.142,866143250564,125714.6
TRD30002639,ORD20003093,C100021,NTPC,NSE,SELL,CNC,1,2,354.5,2026-09-16 12:15:07.381,684053465768,709.0
TRD30002640,ORD20003093,C100021,NTPC,NSE,SELL,CNC,2,34,354.5,2026-09-16 12:15:11.004,284373395078,12053.0
TRD30002641,ORD20000371,C100095,BHARTIARTL,NSE,BUY,MIS,1,31,1382.95,2026-09-16 12:17:48.018,163657990257,42871.45
TRD30002642,ORD20000371,C100095,BHARTIARTL,NSE,BUY,MIS,2,1,1382.95,2026-09-16 12:17:51.839,604946625384,1382.95
TRD30002643,ORD20000211,C100107,ITC,NSE,SELL,CNC,1,7,447.1,2026-09-16 12:20:01.146,611992746370,3129.7
TRD30002644,ORD20000211,C100107,ITC,NSE,SELL,CNC,2,4,447.45,2026-09-16 12:20:04.397,293205354381,1789.8
TRD30002645,ORD20003039,C100105,MARUTI,NSE,BUY,MIS,1,1,11991.05,2026-09-16 12:21:24.423,811728309618,11991.05
TRD30002646,ORD20001435,C100010,ONGC,NSE,SELL,MIS,1,195,266.3,2026-09-16 12:22:42.574,312669473843,51928.5
TRD30002647,ORD20004748,C100076,ITC,NSE,BUY,CNC,1,14,455.6,2026-09-16 12:25:26.946,974853234829,6378.4
TRD30002648,ORD20004748,C100076,ITC,NSE,BUY,CNC,2,10,455.6,2026-09-16 12:25:27.524,740408101987,4556.0
TRD30002649,ORD20004748,C100076,ITC,NSE,BUY,CNC,3,1,455.6,2026-09-16 12:25:30.540,645132610529,455.6
TRD30002650,ORD20003729,C100000,TATAMOTORS,NSE,BUY,MIS,1,33,958.95,2026-09-16 12:26:57.687,689568824368,31645.35
TRD30002651,ORD20001051,C100040,HINDUNILVR,NSE,SELL,MIS,1,39,2436.95,2026-09-16 12:27:40.702,105880079931,95041.05
TRD30002652,ORD20003115,C100084,KOTAKBANK,NSE,BUY,MIS,1,4,1812.75,2026-09-16 12:29:24.114,424756908719,7251.0
TRD30002653,ORD20003115,C100084,KOTAKBANK,NSE,BUY,MIS,2,4,1812.75,2026-09-16 12:29:27.036,880117608452,7251.0
TRD30002654,ORD20002104,C100061,AXISBANK,BSE,BUY,MIS,1,2,1090.65,2026-09-16 12:31:55.289,929455810611,2181.3
TRD30002655,ORD20004445,C100194,TATAMOTORS,BSE,SELL,MIS,1,23,933.9,2026-09-16 12:36:53.259,272204113878,21479.7
TRD30002656,ORD20004445,C100194,TATAMOTORS,BSE,SELL,MIS,2,3,933.9,2026-09-16 12:36:56.032,908563559399,2801.7
TRD30002657,ORD20004825,C100092,NTPC,BSE,SELL,CNC,1,92,361.1,2026-09-16 12:37:44.261,435855539108,33221.2
TRD30002658,ORD20001568,C100196,HINDUNILVR,NSE,SELL,MIS,1,2,2235.6,2026-09-16 12:38:44.654,726326270245,4471.2
TRD30002659,ORD20001568,C100196,HINDUNILVR,NSE,SELL,MIS,2,1,2235.6,2026-09-16 12:38:45.402,887769803696,2235.6
TRD30002660,ORD20001384,C100147,BHARTIARTL,NSE,BUY,CNC,1,9,1417.6,2026-09-16 12:45:02.279,300079263388,12758.4
TRD30002661,ORD20001384,C100147,BHARTIARTL,NSE,BUY,CNC,2,1,1417.6,2026-09-16 12:45:03.781,222389009123,1417.6
TRD30002662,ORD20001384,C100147,BHARTIARTL,NSE,BUY,CNC,3,34,1417.6,2026-09-16 12:45:07.611,525450594854,48198.4
TRD30002663,ORD20003594,C100007,BHARTIARTL,NSE,BUY,MIS,1,3,1427.65,2026-09-16 12:45:26.498,660600711158,4282.95
TRD30002664,ORD20003594,C100007,BHARTIARTL,NSE,BUY,MIS,2,2,1426.55,2026-09-16 12:45:26.974,611068869461,2853.1
TRD30002665,ORD20003594,C100007,BHARTIARTL,NSE,BUY,MIS,3,2,1424.65,2026-09-16 12:45:28.552,711853604241,2849.3
TRD30002666,ORD20002514,C100113,ICICIBANK,NSE,SELL,CNC,1,23,1198.5,2026-09-16 12:47:35.538,926844496853,27565.5
TRD30002667,ORD20003004,C100151,HINDUNILVR,NSE,BUY,MIS,1,5,2386.35,2026-09-16 12:47:35.597,203158861643,11931.75
TRD30002668,ORD20003795,C100064,TATAMOTORS,NSE,BUY,MIS,1,7,930.25,2026-09-16 12:48:52.422,967196450814,6511.75
TRD30002669,ORD20000786,C100044,HDFCBANK,BSE,SELL,MIS,1,28,1636.95,2026-09-16 12:52:32.207,244702695352,45834.6
TRD30002670,ORD20000786,C100044,HDFCBANK,BSE,SELL,MIS,2,14,1636.95,2026-09-16 12:52:35.209,939371366794,22917.3
TRD30002671,ORD20000786,C100044,HDFCBANK,BSE,SELL,MIS,3,2,1636.95,2026-09-16 12:52:37.823,782708780246,3273.9
TRD30002672,ORD20002602,C100057,HINDUNILVR,NSE,BUY,CNC,1,16,2389.7,2026-09-16 12:52:52.786,830212607943,38235.2
TRD30002673,ORD20002602,C100057,HINDUNILVR,NSE,BUY,CNC,2,10,2389.7,2026-09-16 12:52:53.210,887096012646,23897.0
TRD30002674,ORD20001720,C100052,BHARTIARTL,NSE,SELL,MIS,1,2,1413.05,2026-09-16 12:56:35.040,201482877915,2826.1
TRD30002675,ORD20001720,C100052,BHARTIARTL,NSE,SELL,MIS,2,18,1413.05,2026-09-16 12:56:36.069,697485669457,25434.9
TRD30002676,ORD20001720,C100052,BHARTIARTL,NSE,SELL,MIS,3,2,1413.05,2026-09-16 12:56:37.627,411414187542,2826.1
TRD30002677,ORD20001656,C100010,ASIANPAINT,NSE,BUY,MIS,1,1,2873.7,2026-09-16 12:58:04.312,442252038466,2873.7
TRD30002678,ORD20003314,C100150,SBIN,NSE,SELL,MIS,1,10,819.55,2026-09-16 12:58:19.853,573509677257,8195.5
TRD30002679,ORD20003314,C100150,SBIN,NSE,SELL,MIS,2,6,819.55,2026-09-16 12:58:20.451,638989857353,4917.3
TRD30002680,ORD20002809,C100041,TITAN,NSE,SELL,MIS,1,3,3452.3,2026-09-16 12:59:21.366,732387193654,10356.9
TRD30002681,ORD20002345,C100046,HINDUNILVR,NSE,SELL,CNC,1,5,2450.25,2026-09-16 12:59:57.351,649531087552,12251.25
TRD30002682,ORD20004687,C100018,HINDUNILVR,NSE,BUY,MIS,1,13,2378.25,2026-09-16 12:59:58.678,304237779449,30917.25
TRD30002683,ORD20004687,C100018,HINDUNILVR,NSE,BUY,MIS,2,2,2379.0,2026-09-16 13:00:01.077,425906116580,4758.0
TRD30002684,ORD20004687,C100018,HINDUNILVR,NSE,BUY,MIS,3,9,2377.7,2026-09-16 13:00:04.495,875167247290,21399.3
TRD30002685,ORD20002274,C100183,INFY,NSE,BUY,MIS,1,2,1604.75,2026-09-16 13:00:28.006,742591897906,3209.5
TRD30002686,ORD20002274,C100183,INFY,NSE,BUY,MIS,2,1,1604.75,2026-09-16 13:00:30.620,513930411489,1604.75
TRD30002687,ORD20002274,C100183,INFY,NSE,BUY,MIS,3,12,1604.75,2026-09-16 13:00:34.089,313919400211,19257.0
TRD30002688,ORD20001811,C100125,ICICIBANK,NSE,BUY,CNC,1,9,1128.3,2026-09-16 13:02:57.706,848938519063,10154.7
TRD30002689,ORD20000073,C100126,HINDUNILVR,NSE,SELL,MIS,1,1,2366.3,2026-09-16 13:03:19.105,324565567004,2366.3
TRD30002690,ORD20000073,C100126,HINDUNILVR,NSE,SELL,MIS,2,1,2361.0,2026-09-16 13:03:19.952,913714176308,2361.0
TRD30002691,ORD20004471,C100051,HINDUNILVR,NSE,BUY,MIS,1,1,2472.95,2026-09-16 13:03:34.902,495854955725,2472.95
TRD30002692,ORD20004471,C100051,HINDUNILVR,NSE,BUY,MIS,2,25,2472.95,2026-09-16 13:03:36.946,696240521823,61823.75
TRD30002693,ORD20001290,C100019,HINDUNILVR,NSE,SELL,CNC,1,5,2482.9,2026-09-16 13:03:57.131,300284980507,12414.5
TRD30002694,ORD20001290,C100019,HINDUNILVR,NSE,SELL,CNC,2,1,2482.9,2026-09-16 13:04:00.329,237961371479,2482.9
TRD30002695,ORD20001290,C100019,HINDUNILVR,NSE,SELL,CNC,3,7,2482.9,2026-09-16 13:04:01.661,313329433179,17380.3
TRD30002696,ORD20000811,C100106,BHARTIARTL,NSE,SELL,CNC,1,27,1409.1,2026-09-16 13:06:42.601,601546837405,38045.7
TRD30002697,ORD20002607,C100176,ONGC,NSE,BUY,MIS,1,10,267.45,2026-09-16 13:07:43.798,719092972114,2674.5
TRD30002698,ORD20002607,C100176,ONGC,NSE,BUY,MIS,2,211,267.45,2026-09-16 13:07:45.579,533435988242,56431.95
TRD30002699,ORD20002035,C100030,HDFCBANK,NSE,SELL,CNC,1,23,1680.95,2026-09-16 13:08:18.478,808559482860,38661.85
TRD30002700,ORD20002035,C100030,HDFCBANK,NSE,SELL,CNC,2,6,1682.15,2026-09-16 13:08:19.062,236483205007,10092.9
TRD30002701,ORD20002035,C100030,HDFCBANK,NSE,SELL,CNC,3,2,1679.95,2026-09-16 13:08:22.351,943422905581,3359.9
TRD30002702,ORD20004191,C100064,HINDUNILVR,NSE,SELL,MIS,1,7,2499.75,2026-09-16 13:10:52.196,639928594784,17498.25
TRD30002703,ORD20004191,C100064,HINDUNILVR,NSE,SELL,MIS,2,1,2499.4,2026-09-16 13:10:52.782,398959186798,2499.4
TRD30002704,ORD20004583,C100083,KOTAKBANK,NSE,BUY,MIS,1,17,1729.15,2026-09-16 13:17:41.493,592579320152,29395.55
TRD30002705,ORD20004583,C100083,KOTAKBANK,NSE,BUY,MIS,2,30,1731.6,2026-09-16 13:17:41.987,497845503908,51948.0
TRD30002706,ORD20003673,C100000,ITC,NSE,BUY,MIS,1,26,458.85,2026-09-16 13:18:34.420,827304851009,11930.1
TRD30002707,ORD20003673,C100000,ITC,NSE,BUY,MIS,2,125,458.75,2026-09-16 13:18:35.249,357810105779,57343.75
TRD30002708,ORD20003181,C100112,ITC,NSE,SELL,CNC,1,41,453.2,2026-09-16 13:19:45.944,661669434453,18581.2
TRD30002709,ORD20003181,C100112,ITC,NSE,SELL,CNC,2,21,453.2,2026-09-16 13:19:49.651,757289919427,9517.2
TRD30002710,ORD20001195,C100008,HDFCBANK,NSE,BUY,MIS,1,1,1650.4,2026-09-16 13:24:12.761,975071729381,1650.4
TRD30002711,ORD20001195,C100008,HDFCBANK,NSE,BUY,MIS,2,1,1650.4,2026-09-16 13:24:14.696,181601926280,1650.4
TRD30002712,ORD20001195,C100008,HDFCBANK,NSE,BUY,MIS,3,1,1650.4,2026-09-16 13:24:15.162,659431488890,1650.4
TRD30002713,ORD20001701,C100144,MARUTI,NSE,SELL,CNC,1,1,11999.9,2026-09-16 13:27:06.285,426673483141,11999.9
TRD30002714,ORD20001227,C100194,ITC,NSE,BUY,MIS,1,12,454.6,2026-09-16 13:27:23.782,453522313451,5455.2
TRD30002715,ORD20000218,C100172,TCS,NSE,BUY,MIS,1,2,3810.2,2026-09-16 13:29:08.755,483047044206,7620.4
TRD30002716,ORD20000218,C100172,TCS,NSE,BUY,MIS,2,2,3809.75,2026-09-16 13:29:10.489,402864845745,7619.5
TRD30002717,ORD20003771,C100038,INFY,NSE,SELL,CNC,1,6,1556.1,2026-09-16 13:29:38.607,576123157058,9336.6
TRD30002718,ORD20003771,C100038,INFY,NSE,SELL,CNC,2,2,1557.05,2026-09-16 13:29:40.874,319514623593,3114.1
TRD30002719,ORD20004482,C100117,SBIN,NSE,BUY,MIS,1,1,780.2,2026-09-16 13:33:48.793,864897877412,780.2
TRD30002720,ORD20004482,C100117,SBIN,NSE,BUY,MIS,2,7,780.2,2026-09-16 13:33:51.044,852099222153,5461.4
TRD30002721,ORD20004482,C100117,SBIN,NSE,BUY,MIS,3,7,780.2,2026-09-16 13:33:54.758,183928430679,5461.4
TRD30002722,ORD20003399,C100184,HINDUNILVR,NSE,SELL,CNC,1,2,2437.0,2026-09-16 13:34:00.203,167738656800,4874.0
TRD30002723,ORD20001200,C100032,HINDUNILVR,NSE,BUY,CNC,1,26,2416.3,2026-09-16 13:35:20.111,475835267174,62823.8
TRD30002724,ORD20001200,C100032,HINDUNILVR,NSE,BUY,CNC,2,4,2416.3,2026-09-16 13:35:20.991,701721257628,9665.2
TRD30002725,ORD20001200,C100032,HINDUNILVR,NSE,BUY,CNC,3,21,2416.3,2026-09-16 13:35:23.963,641316829551,50742.3
TRD30002726,ORD20003850,C100195,INFY,BSE,SELL,CNC,1,6,1584.8,2026-09-16 13:40:36.236,286502102465,9508.8
TRD30002727,ORD20003850,C100195,INFY,BSE,SELL,CNC,2,49,1582.7,2026-09-16 13:40:37.532,595726228443,77552.3
TRD30002728,ORD20004136,C100157,TATAMOTORS,NSE,SELL,MIS,1,17,937.3,2026-09-16 13:40:58.404,118345727278,15934.1
TRD30002729,ORD20004136,C100157,TATAMOTORS,NSE,SELL,MIS,2,1,937.3,2026-09-16 13:40:58.979,248810936654,937.3
TRD30002730,ORD20003370,C100169,MARUTI,NSE,BUY,MIS,1,1,11832.2,2026-09-16 13:41:37.283,351528491552,11832.2
TRD30002731,ORD20003540,C100075,TATAMOTORS,NSE,SELL,MIS,1,1,923.75,2026-09-16 13:42:56.359,757742832227,923.75
TRD30002732,ORD20003540,C100075,TATAMOTORS,NSE,SELL,MIS,2,4,923.75,2026-09-16 13:42:57.888,777149402707,3695.0
TRD30002733,ORD20003540,C100075,TATAMOTORS,NSE,SELL,MIS,3,4,923.75,2026-09-16 13:42:59.793,210569440804,3695.0
TRD30002734,ORD20000555,C100007,ONGC,NSE,BUY,MIS,1,12,269.2,2026-09-16 13:46:11.822,251596089249,3230.4
TRD30002735,ORD20000555,C100007,ONGC,NSE,BUY,MIS,2,28,269.05,2026-09-16 13:46:14.027,276496676493,7533.4
TRD30002736,ORD20000555,C100007,ONGC,NSE,BUY,MIS,3,4,269.55,2026-09-16 13:46:14.612,613648974487,1078.2
TRD30002737,ORD20001250,C100036,ICICIBANK,NSE,BUY,MIS,1,7,1213.2,2026-09-16 13:46:52.766,176775968154,8492.4
TRD30002738,ORD20001250,C100036,ICICIBANK,NSE,BUY,MIS,2,21,1213.2,2026-09-16 13:46:53.688,808826714138,25477.2
TRD30002739,ORD20004213,C100065,MARUTI,NSE,BUY,MIS,1,1,12101.6,2026-09-16 13:49:43.229,709101282966,12101.6
TRD30002740,ORD20001055,C100166,ITC,NSE,BUY,MIS,1,5,435.85,2026-09-16 13:50:28.859,740230213066,2179.25
TRD30002741,ORD20001805,C100077,BHARTIARTL,NSE,SELL,CNC,1,1,1397.55,2026-09-16 13:50:43.519,365143986218,1397.55
TRD30002742,ORD20001805,C100077,BHARTIARTL,NSE,SELL,CNC,2,1,1397.55,2026-09-16 13:50:43.599,595783896072,1397.55
TRD30002743,ORD20000347,C100054,ITC,NSE,SELL,MIS,1,42,442.2,2026-09-16 13:52:10.570,374806319558,18572.4
TRD30002744,ORD20000347,C100054,ITC,NSE,SELL,MIS,2,12,442.25,2026-09-16 13:52:13.542,488156326265,5307.0
TRD30002745,ORD20002770,C100061,ITC,NSE,BUY,MIS,1,10,464.65,2026-09-16 13:52:37.669,180178409022,4646.5
TRD30002746,ORD20002770,C100061,ITC,NSE,BUY,MIS,2,10,464.6,2026-09-16 13:52:40.340,276371748920,4646.0
TRD30002747,ORD20003187,C100094,TATAMOTORS,NSE,SELL,MIS,1,115,946.95,2026-09-16 13:54:43.742,174143462374,108899.25
TRD30002748,ORD20003187,C100094,TATAMOTORS,NSE,SELL,MIS,2,1,946.95,2026-09-16 13:54:46.299,657338141805,946.95
TRD30002749,ORD20003187,C100094,TATAMOTORS,NSE,SELL,MIS,3,41,946.95,2026-09-16 13:54:49.618,823644440216,38824.95
TRD30002750,ORD20001999,C100013,ICICIBANK,NSE,SELL,MIS,1,4,1199.3,2026-09-16 13:56:28.095,981491658928,4797.2
TRD30002751,ORD20002932,C100159,ITC,NSE,BUY,MIS,1,2,438.3,2026-09-16 13:56:35.351,716937953770,876.6
TRD30002752,ORD20002932,C100159,ITC,NSE,BUY,MIS,2,8,438.3,2026-09-16 13:56:36.134,872963120203,3506.4
TRD30002753,ORD20002932,C100159,ITC,NSE,BUY,MIS,3,13,438.3,2026-09-16 13:56:37.892,410880341024,5697.9
TRD30002754,ORD20004293,C100041,INFY,BSE,BUY,MIS,1,7,1660.45,2026-09-16 13:58:28.494,822037672122,11623.15
TRD30002755,ORD20002732,C100070,ITC,NSE,SELL,CNC,1,98,436.1,2026-09-16 13:59:30.192,303626148396,42737.8
TRD30002756,ORD20002732,C100070,ITC,NSE,SELL,CNC,2,20,436.1,2026-09-16 13:59:31.168,598858788290,8722.0
TRD30002757,ORD20002732,C100070,ITC,NSE,SELL,CNC,3,34,436.1,2026-09-16 13:59:34.619,439633995621,14827.4
TRD30002758,ORD20001513,C100024,TATAMOTORS,NSE,BUY,MIS,1,1,1008.95,2026-09-16 14:02:22.175,718753596630,1008.95
TRD30002759,ORD20001513,C100024,TATAMOTORS,NSE,BUY,MIS,2,2,1007.45,2026-09-16 14:02:23.714,627637403598,2014.9
TRD30002760,ORD20001513,C100024,TATAMOTORS,NSE,BUY,MIS,3,1,1007.35,2026-09-16 14:02:24.874,800083298712,1007.35
TRD30002761,ORD20004315,C100170,HINDUNILVR,NSE,SELL,MIS,1,36,2509.8,2026-09-16 14:06:19.176,308071713603,90352.8
TRD30002762,ORD20003635,C100062,HINDUNILVR,NSE,SELL,MIS,1,13,2379.45,2026-09-16 14:09:41.801,903939157024,30932.85
TRD30002763,ORD20003329,C100117,ITC,NSE,SELL,CNC,1,18,450.55,2026-09-16 14:10:44.906,382733533461,8109.9
TRD30002764,ORD20003329,C100117,ITC,NSE,SELL,CNC,2,209,450.85,2026-09-16 14:10:46.281,161396949735,94227.65
TRD30002765,ORD20000837,C100066,TATAMOTORS,NSE,SELL,MIS,1,16,972.0,2026-09-16 14:10:51.388,455554133464,15552.0
TRD30002766,ORD20000837,C100066,TATAMOTORS,NSE,SELL,MIS,2,1,972.0,2026-09-16 14:10:52.365,129889131572,972.0
TRD30002767,ORD20000837,C100066,TATAMOTORS,NSE,SELL,MIS,3,7,971.8,2026-09-16 14:10:53.622,691086646886,6802.6
TRD30002768,ORD20004532,C100122,MARUTI,BSE,BUY,MIS,1,2,12195.3,2026-09-16 14:11:15.750,269599971477,24390.6
TRD30002769,ORD20003847,C100045,ICICIBANK,NSE,BUY,CNC,1,1,1197.25,2026-09-16 14:11:47.132,765872143091,1197.25
TRD30002770,ORD20003847,C100045,ICICIBANK,NSE,BUY,CNC,2,1,1197.25,2026-09-16 14:11:50.467,917939626239,1197.25
TRD30002771,ORD20000239,C100108,HINDUNILVR,NSE,BUY,MIS,1,2,2373.4,2026-09-16 14:11:59.708,630737024732,4746.8
TRD30002772,ORD20000239,C100108,HINDUNILVR,NSE,BUY,MIS,2,1,2371.6,2026-09-16 14:12:00.952,697900049142,2371.6
TRD30002773,ORD20000239,C100108,HINDUNILVR,NSE,BUY,MIS,3,1,2376.5,2026-09-16 14:12:03.628,484869091989,2376.5
TRD30002774,ORD20003838,C100031,WIPRO,BSE,SELL,CNC,1,3,481.2,2026-09-16 14:12:23.570,179635777696,1443.6
TRD30002775,ORD20003838,C100031,WIPRO,BSE,SELL,CNC,2,5,480.85,2026-09-16 14:12:24.678,487441779707,2404.25
TRD30002776,ORD20003838,C100031,WIPRO,BSE,SELL,CNC,3,1,481.0,2026-09-16 14:12:26.424,469120727947,481.0
TRD30002777,ORD20003741,C100158,RELIANCE,NSE,BUY,CNC,1,3,2880.0,2026-09-16 14:13:34.653,447440820438,8640.0
TRD30002778,ORD20004130,C100073,ITC,NSE,BUY,CNC,1,32,438.3,2026-09-16 14:14:18.932,662248921239,14025.6
TRD30002779,ORD20004130,C100073,ITC,NSE,BUY,CNC,2,40,438.15,2026-09-16 14:14:21.365,561193174683,17526.0
TRD30002781,ORD20000220,C100130,HDFCBANK,NSE,SELL,MIS,1,2,1604.05,2026-09-16 14:14:21.712,781481028234,3208.1
TRD30002782,ORD20000220,C100130,HDFCBANK,NSE,SELL,MIS,2,7,1603.35,2026-09-16 14:14:22.367,741506101937,11223.45
TRD30002783,ORD20000220,C100130,HDFCBANK,NSE,SELL,MIS,3,68,1602.35,2026-09-16 14:14:22.444,914349778325,108959.8
TRD30002780,ORD20004130,C100073,ITC,NSE,BUY,CNC,3,27,438.3,2026-09-16 14:14:22.528,918466372602,11834.1
TRD30002784,ORD20004577,C100021,BHARTIARTL,NSE,BUY,CNC,1,17,1426.9,2026-09-16 14:16:00.612,531575860659,24257.3
TRD30002785,ORD20004577,C100021,BHARTIARTL,NSE,BUY,CNC,2,25,1426.9,2026-09-16 14:16:04.182,927124608374,35672.5
TRD30002786,ORD20004577,C100021,BHARTIARTL,NSE,BUY,CNC,3,42,1426.9,2026-09-16 14:16:04.729,473068049661,59929.8
TRD30002787,ORD20003215,C100175,BHARTIARTL,NSE,SELL,CNC,1,4,1431.3,2026-09-16 14:17:33.864,359434408770,5725.2
TRD30002788,ORD20003215,C100175,BHARTIARTL,NSE,SELL,CNC,2,2,1429.35,2026-09-16 14:17:34.376,811923346587,2858.7
TRD30002789,ORD20003215,C100175,BHARTIARTL,NSE,SELL,CNC,3,1,1429.15,2026-09-16 14:17:34.822,820763375733,1429.15
TRD30002790,ORD20002496,C100170,HDFCBANK,NSE,BUY,CNC,1,1,1677.35,2026-09-16 14:19:06.746,469868305646,1677.35
TRD30002791,ORD20002496,C100170,HDFCBANK,NSE,BUY,CNC,2,1,1677.35,2026-09-16 14:19:07.588,670698744566,1677.35
TRD30002792,ORD20004359,C100173,TITAN,NSE,BUY,CNC,1,1,3384.7,2026-09-16 14:19:19.883,880049927400,3384.7
TRD30002793,ORD20002575,C100048,HDFCBANK,NSE,SELL,CNC,1,5,1675.4,2026-09-16 14:20:54.902,125822438158,8377.0
TRD30002794,ORD20004386,C100059,TATAMOTORS,NSE,BUY,CNC,1,3,973.1,2026-09-16 14:21:04.178,787885986351,2919.3
TRD30002795,ORD20001141,C100180,HDFCBANK,NSE,SELL,MIS,1,19,1741.75,2026-09-16 14:22:51.725,413799971066,33093.25
TRD30002796,ORD20001141,C100180,HDFCBANK,NSE,SELL,MIS,2,24,1741.75,2026-09-16 14:22:53.954,937405210992,41802.0
TRD30002797,ORD20002801,C100034,ICICIBANK,NSE,SELL,MIS,1,12,1157.35,2026-09-16 14:24:00.758,225063272137,13888.2
TRD30002798,ORD20003955,C100062,TATAMOTORS,NSE,BUY,CNC,1,5,888.95,2026-09-16 14:24:05.082,679490528158,4444.75
TRD30002799,ORD20003955,C100062,TATAMOTORS,NSE,BUY,CNC,2,35,889.3,2026-09-16 14:24:07.541,783135347065,31125.5
TRD30002800,ORD20003955,C100062,TATAMOTORS,NSE,BUY,CNC,3,37,886.65,2026-09-16 14:24:08.116,230469053650,32806.05
TRD30002801,ORD20002949,C100056,ICICIBANK,NSE,SELL,MIS,1,1,1236.65,2026-09-16 14:24:12.976,887693992516,1236.65
TRD30002802,ORD20002949,C100056,ICICIBANK,NSE,SELL,MIS,2,1,1236.65,2026-09-16 14:24:13.430,464474106029,1236.65
TRD30002803,ORD20002949,C100056,ICICIBANK,NSE,SELL,MIS,3,2,1236.65,2026-09-16 14:24:15.555,127654884745,2473.3
TRD30002804,ORD20003482,C100060,ONGC,NSE,BUY,CNC,1,19,277.95,2026-09-16 14:27:45.243,691114139636,5281.05
TRD30002805,ORD20003482,C100060,ONGC,NSE,BUY,CNC,2,7,278.2,2026-09-16 14:27:49.064,104117216355,1947.4
TRD30002806,ORD20003382,C100076,MARUTI,NSE,SELL,MIS,1,8,12160.2,2026-09-16 14:27:52.352,943865569403,97281.6
TRD30002807,ORD20001666,C100121,RELIANCE,NSE,BUY,CNC,1,1,2869.45,2026-09-16 14:28:20.220,561469096724,2869.45
TRD30002808,ORD20004327,C100113,INFY,NSE,SELL,CNC,1,2,1551.05,2026-09-16 14:29:25.463,889776294146,3102.1
TRD30002809,ORD20004327,C100113,INFY,NSE,SELL,CNC,2,2,1551.3,2026-09-16 14:29:27.016,700986182588,3102.6
TRD30002810,ORD20004327,C100113,INFY,NSE,SELL,CNC,3,8,1551.4,2026-09-16 14:29:30.170,944414674177,12411.2
TRD30002811,ORD20003639,C100192,TATAMOTORS,NSE,BUY,MIS,1,95,955.4,2026-09-16 14:29:30.881,587619768753,90763.0
TRD30002812,ORD20003639,C100192,TATAMOTORS,NSE,BUY,MIS,2,9,955.4,2026-09-16 14:29:32.164,392922500344,8598.6
TRD30002813,ORD20003692,C100028,ICICIBANK,NSE,BUY,CNC,1,47,1171.4,2026-09-16 14:30:06.506,172327390360,55055.8
TRD30002814,ORD20000225,C100069,NTPC,NSE,SELL,CNC,1,49,380.0,2026-09-16 14:30:13.967,328289277308,18620.0
TRD30002815,ORD20000225,C100069,NTPC,NSE,SELL,CNC,2,8,379.9,2026-09-16 14:30:14.336,914986381243,3039.2
TRD30002816,ORD20003610,C100013,INFY,NSE,SELL,MIS,1,3,1579.1,2026-09-16 14:34:11.189,985029966915,4737.3
TRD30002817,ORD20003610,C100013,INFY,NSE,SELL,MIS,2,32,1579.1,2026-09-16 14:34:14.814,133204714547,50531.2
TRD30002818,ORD20003610,C100013,INFY,NSE,SELL,MIS,3,4,1579.1,2026-09-16 14:34:15.778,331067216164,6316.4
TRD30002819,ORD20002529,C100122,AXISBANK,NSE,SELL,MIS,1,64,1133.95,2026-09-16 14:36:58.944,282762276845,72572.8
TRD30002820,ORD20002529,C100122,AXISBANK,NSE,SELL,MIS,2,64,1133.6,2026-09-16 14:37:02.439,563866579682,72550.4
TRD30002821,ORD20003070,C100028,NTPC,BSE,BUY,MIS,1,38,376.2,2026-09-16 14:37:14.662,512855810093,14295.6
TRD30002822,ORD20003070,C100028,NTPC,BSE,BUY,MIS,2,173,376.2,2026-09-16 14:37:16.195,983340098377,65082.6
TRD30002823,ORD20003070,C100028,NTPC,BSE,BUY,MIS,3,1,376.2,2026-09-16 14:37:19.210,418543225866,376.2
TRD30002824,ORD20003671,C100072,NTPC,NSE,BUY,CNC,1,6,337.45,2026-09-16 14:37:39.563,633537361307,2024.7
TRD30002825,ORD20003028,C100092,NTPC,NSE,SELL,CNC,1,13,347.7,2026-09-16 14:42:13.329,816043192495,4520.1
TRD30002826,ORD20003028,C100092,NTPC,NSE,SELL,CNC,2,48,347.55,2026-09-16 14:42:16.652,113574359859,16682.4
TRD30002827,ORD20003041,C100063,RELIANCE,BSE,BUY,CNC,1,4,2917.8,2026-09-16 14:43:38.606,811396407526,11671.2
TRD30002828,ORD20003041,C100063,RELIANCE,BSE,BUY,CNC,2,5,2917.8,2026-09-16 14:43:40.934,723543715926,14589.0
TRD30002829,ORD20003041,C100063,RELIANCE,BSE,BUY,CNC,3,7,2917.8,2026-09-16 14:43:43.317,918066720204,20424.6
TRD30002830,ORD20002257,C100089,BHARTIARTL,NSE,SELL,CNC,1,4,1412.3,2026-09-16 14:45:12.016,967550232855,5649.2
TRD30002831,ORD20002257,C100089,BHARTIARTL,NSE,SELL,CNC,2,10,1411.7,2026-09-16 14:45:14.938,609907195914,14117.0
TRD30002832,ORD20002257,C100089,BHARTIARTL,NSE,SELL,CNC,3,2,1410.7,2026-09-16 14:45:15.761,760635941783,2821.4
TRD30002833,ORD20004717,C100176,TATAMOTORS,NSE,SELL,MIS,1,9,947.65,2026-09-16 14:45:45.321,988051034383,8528.85
TRD30002834,ORD20004717,C100176,TATAMOTORS,NSE,SELL,MIS,2,60,947.65,2026-09-16 14:45:45.854,859042707045,56859.0
TRD30002835,ORD20004717,C100176,TATAMOTORS,NSE,SELL,MIS,3,25,947.65,2026-09-16 14:45:46.543,623569571983,23691.25
TRD30002836,ORD20004747,C100166,MARUTI,NSE,BUY,MIS,1,4,11553.35,2026-09-16 14:46:21.027,232022552625,46213.4
TRD30002837,ORD20001156,C100174,ICICIBANK,NSE,BUY,CNC,1,1,1145.5,2026-09-16 14:48:10.113,434158529091,1145.5
TRD30002838,ORD20001156,C100174,ICICIBANK,NSE,BUY,CNC,2,3,1145.25,2026-09-16 14:48:13.622,889051532504,3435.75
TRD30002839,ORD20002912,C100106,ITC,NSE,SELL,CNC,1,30,453.25,2026-09-16 14:49:09.454,174983002605,13597.5
TRD30002840,ORD20002912,C100106,ITC,NSE,SELL,CNC,2,12,453.1,2026-09-16 14:49:12.034,898195776454,5437.2
TRD30002841,ORD20002912,C100106,ITC,NSE,SELL,CNC,3,8,453.55,2026-09-16 14:49:15.490,667778269841,3628.4
TRD30002842,ORD20004680,C100198,TCS,NSE,SELL,MIS,1,1,3836.8,2026-09-16 14:50:06.318,828734496871,3836.8
TRD30002843,ORD20004680,C100198,TCS,NSE,SELL,MIS,2,1,3832.35,2026-09-16 14:50:08.371,461942228228,3832.35
TRD30002844,ORD20004680,C100198,TCS,NSE,SELL,MIS,3,1,3835.35,2026-09-16 14:50:10.324,376041726172,3835.35
TRD30002845,ORD20003567,C100038,HINDUNILVR,NSE,SELL,MIS,1,3,2313.85,2026-09-16 14:50:51.778,972608537394,6941.55
TRD30002846,ORD20003567,C100038,HINDUNILVR,NSE,SELL,MIS,2,4,2311.45,2026-09-16 14:50:54.809,630651673660,9245.8
TRD30002847,ORD20004027,C100071,NTPC,NSE,SELL,CNC,1,100,366.95,2026-09-16 14:54:21.487,716837922272,36695.0
TRD30002848,ORD20004027,C100071,NTPC,NSE,SELL,CNC,2,146,366.95,2026-09-16 14:54:24.403,934482124133,53574.7
TRD30002849,ORD20004027,C100071,NTPC,NSE,SELL,CNC,3,6,366.95,2026-09-16 14:54:27.675,527271844444,2201.7
TRD30002850,ORD20003066,C100176,TITAN,NSE,BUY,CNC,1,36,3225.65,2026-09-16 14:55:08.756,173940292735,116123.4
TRD30002851,ORD20001045,C100127,NTPC,NSE,SELL,CNC,1,80,357.15,2026-09-16 14:56:43.311,323525363727,28572.0
TRD30002852,ORD20000146,C100184,TITAN,NSE,SELL,MIS,1,3,3355.45,2026-09-16 14:57:50.694,661012987763,10066.35
TRD30002853,ORD20004812,C100152,ICICIBANK,NSE,SELL,CNC,1,5,1148.45,2026-09-16 15:01:09.496,786674667981,5742.25
TRD30002854,ORD20000815,C100089,BHARTIARTL,NSE,BUY,MIS,1,33,1344.7,2026-09-16 15:02:27.787,555420686245,44375.1
TRD30002855,ORD20000815,C100089,BHARTIARTL,NSE,BUY,MIS,2,21,1344.7,2026-09-16 15:02:29.758,677308973743,28238.7
TRD30002856,ORD20000815,C100089,BHARTIARTL,NSE,BUY,MIS,3,1,1344.7,2026-09-16 15:02:32.741,713394109796,1344.7
TRD30002857,ORD20002464,C100074,NTPC,NSE,BUY,CNC,1,104,343.45,2026-09-16 15:03:48.309,137589317463,35718.8
TRD30002858,ORD20000385,C100013,HDFCBANK,NSE,BUY,MIS,1,2,1634.95,2026-09-16 15:03:48.546,527950139391,3269.9
TRD30002859,ORD20000385,C100013,HDFCBANK,NSE,BUY,MIS,2,4,1634.95,2026-09-16 15:03:49.384,889378298703,6539.8
TRD30002860,ORD20004353,C100108,ITC,NSE,BUY,MIS,1,11,446.2,2026-09-16 15:04:55.520,153713024287,4908.2
TRD30002861,ORD20004353,C100108,ITC,NSE,BUY,MIS,2,10,446.0,2026-09-16 15:04:57.389,707243371161,4460.0
TRD30002862,ORD20002990,C100098,HINDUNILVR,NSE,BUY,CNC,1,1,2318.55,2026-09-16 15:09:06.848,596352401880,2318.55
TRD30002863,ORD20002990,C100098,HINDUNILVR,NSE,BUY,CNC,2,3,2316.35,2026-09-16 15:09:08.559,747331965073,6949.05
TRD30002864,ORD20001875,C100129,WIPRO,NSE,SELL,CNC,1,109,507.7,2026-09-16 15:09:45.249,902169816722,55339.3
TRD30002865,ORD20004556,C100101,TITAN,NSE,SELL,MIS,1,1,3462.7,2026-09-16 15:10:03.684,899496412446,3462.7
TRD30002866,ORD20001376,C100028,HINDUNILVR,NSE,BUY,CNC,1,11,2299.25,2026-09-16 15:10:22.869,840422028427,25291.75
TRD30002867,ORD20001732,C100094,ICICIBANK,NSE,BUY,MIS,1,6,1221.95,2026-09-16 15:10:53.224,489412865851,7331.7
TRD30002868,ORD20004231,C100180,ITC,NSE,BUY,MIS,1,12,444.55,2026-09-16 15:14:19.481,260272878551,5334.6
TRD30002869,ORD20004231,C100180,ITC,NSE,BUY,MIS,2,77,444.3,2026-09-16 15:14:23.031,746745681968,34211.1
TRD30002870,ORD20003684,C100005,RELIANCE,NSE,SELL,CNC,1,1,3017.25,2026-09-16 15:15:02.621,778254377008,3017.25
TRD30002871,ORD20003684,C100005,RELIANCE,NSE,SELL,CNC,2,2,3017.25,2026-09-16 15:15:03.557,233853901036,6034.5
TRD30002872,ORD20003317,C100165,HDFCBANK,BSE,SELL,CNC,1,15,1662.85,2026-09-16 15:20:30.726,766740439947,24942.75
TRD30002873,ORD20000717,C100183,NTPC,NSE,BUY,MIS,1,33,361.65,2026-09-16 15:21:50.620,766956382900,11934.45
TRD30002874,ORD20000717,C100183,NTPC,NSE,BUY,MIS,2,102,361.2,2026-09-16 15:21:51.043,587996694223,36842.4
TRD30002875,ORD20000717,C100183,NTPC,NSE,BUY,MIS,3,101,361.4,2026-09-16 15:21:52.620,870590294919,36501.4
TRD30002876,ORD20004436,C100104,TATAMOTORS,NSE,BUY,CNC,1,1,931.4,2026-09-16 15:22:45.145,912010362349,931.4
TRD30002877,ORD20004051,C100129,HDFCBANK,NSE,BUY,CNC,1,19,1669.5,2026-09-16 15:23:57.275,260546424881,31720.5
TRD30002878,ORD20003820,C100082,MARUTI,NSE,BUY,CNC,1,2,12227.8,2026-09-17 09:16:24.034,258243538365,24455.6
TRD30002879,ORD20003820,C100082,MARUTI,NSE,BUY,CNC,2,1,12237.8,2026-09-17 09:16:27.249,183346418644,12237.8
TRD30002880,ORD20004623,C100040,ITC,NSE,BUY,CNC,1,237,470.45,2026-09-17 09:18:02.760,928104820127,111496.65
TRD30002881,ORD20004623,C100040,ITC,NSE,BUY,CNC,2,59,470.45,2026-09-17 09:18:03.405,248078927579,27756.55
TRD30002882,ORD20004243,C100057,RELIANCE,NSE,BUY,MIS,1,9,2859.15,2026-09-17 09:18:33.320,581472411021,25732.35
TRD30002883,ORD20004243,C100057,RELIANCE,NSE,BUY,MIS,2,1,2859.15,2026-09-17 09:18:34.003,183538817876,2859.15
TRD30002884,ORD20000273,C100097,HINDUNILVR,NSE,BUY,MIS,1,1,2289.75,2026-09-17 09:19:55.266,632400440364,2289.75
TRD30002885,ORD20000273,C100097,HINDUNILVR,NSE,BUY,MIS,2,13,2289.75,2026-09-17 09:19:58.035,480809496666,29766.75
TRD30002886,ORD20004696,C100137,BHARTIARTL,NSE,SELL,CNC,1,45,1404.85,2026-09-17 09:25:39.502,309731329448,63218.25
TRD30002887,ORD20004696,C100137,BHARTIARTL,NSE,SELL,CNC,2,4,1404.85,2026-09-17 09:25:42.403,712504855913,5619.4
TRD30002888,ORD20003696,C100058,BHARTIARTL,NSE,SELL,CNC,1,1,1395.5,2026-09-17 09:27:54.993,522627639837,1395.5
TRD30002889,ORD20003696,C100058,BHARTIARTL,NSE,SELL,CNC,2,4,1395.5,2026-09-17 09:27:58.872,540200192526,5582.0
TRD30002890,ORD20004614,C100086,TATAMOTORS,NSE,SELL,MIS,1,5,948.1,2026-09-17 09:28:34.905,970793016508,4740.5
TRD30002891,ORD20004614,C100086,TATAMOTORS,NSE,SELL,MIS,2,6,948.1,2026-09-17 09:28:35.902,383306150214,5688.6
TRD30002892,ORD20002952,C100050,MARUTI,NSE,SELL,MIS,1,1,11397.25,2026-09-17 09:28:39.575,993420244631,11397.25
TRD30002893,ORD20004463,C100089,BHARTIARTL,NSE,SELL,CNC,1,11,1402.05,2026-09-17 09:29:55.713,854807211430,15422.55
TRD30002894,ORD20004463,C100089,BHARTIARTL,NSE,SELL,CNC,2,5,1402.05,2026-09-17 09:29:57.035,244690697843,7010.25
TRD30002895,ORD20004463,C100089,BHARTIARTL,NSE,SELL,CNC,3,19,1402.05,2026-09-17 09:29:58.141,416762017616,26638.95
TRD30002896,ORD20004632,C100134,HINDUNILVR,NSE,SELL,MIS,1,1,2396.45,2026-09-17 09:29:59.872,382961790964,2396.45
TRD30002897,ORD20004632,C100134,HINDUNILVR,NSE,SELL,MIS,2,4,2396.45,2026-09-17 09:30:00.099,757782912237,9585.8
TRD30002898,ORD20000620,C100023,ICICIBANK,NSE,SELL,MIS,1,18,1189.1,2026-09-17 09:30:55.487,339248040699,21403.8
TRD30002899,ORD20000620,C100023,ICICIBANK,NSE,SELL,MIS,2,65,1189.1,2026-09-17 09:30:58.557,351602704629,77291.5
TRD30002900,ORD20000620,C100023,ICICIBANK,NSE,SELL,MIS,3,29,1189.1,2026-09-17 09:30:59.125,762551871652,34483.9
TRD30002901,ORD20003898,C100124,ITC,NSE,BUY,MIS,1,124,441.85,2026-09-17 09:32:28.015,798006736138,54789.4
TRD30002902,ORD20003898,C100124,ITC,NSE,BUY,MIS,2,92,441.85,2026-09-17 09:32:31.431,761319113653,40650.2
TRD30002903,ORD20001281,C100170,KOTAKBANK,NSE,SELL,CNC,1,1,1766.55,2026-09-17 09:33:53.737,546485626671,1766.55
TRD30002904,ORD20001281,C100170,KOTAKBANK,NSE,SELL,CNC,2,1,1766.2,2026-09-17 09:33:54.384,769391157893,1766.2
TRD30002905,ORD20001281,C100170,KOTAKBANK,NSE,SELL,CNC,3,1,1767.55,2026-09-17 09:33:56.076,631949267265,1767.55
TRD30002906,ORD20000517,C100182,ONGC,NSE,BUY,MIS,1,63,271.9,2026-09-17 09:34:56.774,871684119985,17129.7
TRD30002907,ORD20000517,C100182,ONGC,NSE,BUY,MIS,2,77,272.0,2026-09-17 09:35:00.446,736469695827,20944.0
TRD30002908,ORD20000517,C100182,ONGC,NSE,BUY,MIS,3,218,272.45,2026-09-17 09:35:04.082,651770162709,59394.1
TRD30002909,ORD20004527,C100000,BHARTIARTL,NSE,BUY,MIS,1,5,1364.75,2026-09-17 09:36:33.295,657028092593,6823.75
TRD30002910,ORD20004527,C100000,BHARTIARTL,NSE,BUY,MIS,2,3,1364.95,2026-09-17 09:36:34.700,363654092568,4094.85
TRD30002911,ORD20004527,C100000,BHARTIARTL,NSE,BUY,MIS,3,2,1365.1,2026-09-17 09:36:37.483,632496760283,2730.2
TRD30002912,ORD20003734,C100196,TATAMOTORS,NSE,SELL,MIS,1,5,984.05,2026-09-17 09:36:52.727,977584802860,4920.25
TRD30002913,ORD20003734,C100196,TATAMOTORS,NSE,SELL,MIS,2,3,984.05,2026-09-17 09:36:53.829,951657514706,2952.15
TRD30002914,ORD20004912,C100128,BHARTIARTL,NSE,BUY,CNC,1,1,1413.35,2026-09-17 09:38:46.102,208676295622,1413.35
TRD30002915,ORD20004912,C100128,BHARTIARTL,NSE,BUY,CNC,2,2,1413.35,2026-09-17 09:38:47.937,454389076952,2826.7
TRD30002916,ORD20004912,C100128,BHARTIARTL,NSE,BUY,CNC,3,1,1413.35,2026-09-17 09:38:49.681,304550041397,1413.35
TRD30002917,ORD20004134,C100144,SBIN,NSE,SELL,MIS,1,38,783.15,2026-09-17 09:40:19.867,795044761523,29759.7
TRD30002918,ORD20000926,C100111,HINDUNILVR,NSE,BUY,CNC,1,5,2407.5,2026-09-17 09:43:34.025,604123654763,12037.5
TRD30002919,ORD20000926,C100111,HINDUNILVR,NSE,BUY,CNC,2,32,2407.5,2026-09-17 09:43:35.559,898427304735,77040.0
TRD30002920,ORD20000926,C100111,HINDUNILVR,NSE,BUY,CNC,3,2,2407.5,2026-09-17 09:43:38.706,215573848440,4815.0
TRD30002921,ORD20001056,C100044,TATAMOTORS,NSE,BUY,MIS,1,134,970.2,2026-09-17 09:44:53.268,658965760412,130006.8
TRD30002922,ORD20003637,C100196,TATAMOTORS,NSE,SELL,MIS,1,143,937.95,2026-09-17 09:45:21.051,536151641610,134126.85
TRD30002923,ORD20004039,C100069,ASIANPAINT,NSE,BUY,CNC,1,1,2884.75,2026-09-17 09:46:55.905,627352825408,2884.75
TRD30002924,ORD20004039,C100069,ASIANPAINT,NSE,BUY,CNC,2,1,2884.75,2026-09-17 09:46:59.053,834707224494,2884.75
TRD30002925,ORD20004039,C100069,ASIANPAINT,NSE,BUY,CNC,3,1,2884.75,2026-09-17 09:47:00.990,860426623518,2884.75
TRD30002926,ORD20002634,C100152,RELIANCE,NSE,SELL,CNC,1,1,2918.85,2026-09-17 09:49:04.807,100141172460,2918.85
TRD30002927,ORD20002634,C100152,RELIANCE,NSE,SELL,CNC,2,3,2918.85,2026-09-17 09:49:08.404,869122082505,8756.55
TRD30002928,ORD20002634,C100152,RELIANCE,NSE,SELL,CNC,3,1,2918.85,2026-09-17 09:49:09.004,982370295788,2918.85
TRD30002929,ORD20004828,C100096,AXISBANK,NSE,SELL,MIS,1,113,1105.25,2026-09-17 09:53:55.496,789637910162,124893.25
TRD30002930,ORD20002541,C100098,ONGC,NSE,BUY,MIS,1,100,274.85,2026-09-17 09:55:34.774,276741745929,27485.0
TRD30002931,ORD20002541,C100098,ONGC,NSE,BUY,MIS,2,38,275.1,2026-09-17 09:55:38.282,367105672908,10453.8
TRD30002932,ORD20002541,C100098,ONGC,NSE,BUY,MIS,3,87,275.0,2026-09-17 09:55:41.489,188773326145,23925.0
TRD30002933,ORD20003292,C100186,HINDUNILVR,NSE,BUY,MIS,1,1,2327.85,2026-09-17 09:59:13.091,990162392615,2327.85
TRD30002934,ORD20003292,C100186,HINDUNILVR,NSE,BUY,MIS,2,2,2327.85,2026-09-17 09:59:16.481,472969268400,4655.7
TRD30002935,ORD20000377,C100061,NTPC,NSE,BUY,MIS,1,86,349.75,2026-09-17 09:59:27.906,912291669544,30078.5
TRD30002936,ORD20000377,C100061,NTPC,NSE,BUY,MIS,2,89,349.75,2026-09-17 09:59:30.980,792843688448,31127.75
TRD30002937,ORD20000119,C100012,BHARTIARTL,NSE,BUY,MIS,1,1,1321.5,2026-09-17 09:59:36.691,419069220471,1321.5
TRD30002938,ORD20000119,C100012,BHARTIARTL,NSE,BUY,MIS,2,1,1321.5,2026-09-17 09:59:40.414,333268491785,1321.5
TRD30002939,ORD20002832,C100105,NTPC,NSE,BUY,MIS,1,211,364.8,2026-09-17 10:05:41.843,509852762328,76972.8
TRD30002940,ORD20002832,C100105,NTPC,NSE,BUY,MIS,2,69,364.8,2026-09-17 10:05:43.036,401133400175,25171.2
TRD30002941,ORD20002832,C100105,NTPC,NSE,BUY,MIS,3,102,364.8,2026-09-17 10:05:44.939,601029734707,37209.6
TRD30002942,ORD20003989,C100104,NTPC,NSE,BUY,CNC,1,178,372.2,2026-09-17 10:06:35.064,126643933570,66251.6
TRD30002943,ORD20002587,C100085,BHARTIARTL,NSE,BUY,MIS,1,10,1382.4,2026-09-17 10:07:30.126,660836915408,13824.0
TRD30002944,ORD20002587,C100085,BHARTIARTL,NSE,BUY,MIS,2,4,1382.4,2026-09-17 10:07:33.426,898733472187,5529.6
TRD30002945,ORD20003905,C100097,MARUTI,NSE,SELL,MIS,1,1,12908.8,2026-09-17 10:08:35.189,302424517330,12908.8
TRD30002946,ORD20003905,C100097,MARUTI,NSE,SELL,MIS,2,1,12901.45,2026-09-17 10:08:38.455,409483098687,12901.45
TRD30002947,ORD20004495,C100058,BHARTIARTL,NSE,SELL,MIS,1,2,1340.45,2026-09-17 10:09:18.384,920923297191,2680.9
TRD30002948,ORD20004495,C100058,BHARTIARTL,NSE,SELL,MIS,2,3,1340.45,2026-09-17 10:09:21.130,727030527510,4021.35
TRD30002949,ORD20004618,C100188,TATAMOTORS,NSE,BUY,MIS,1,11,942.9,2026-09-17 10:15:35.612,112219156591,10371.9
TRD30002950,ORD20004618,C100188,TATAMOTORS,NSE,BUY,MIS,2,9,942.9,2026-09-17 10:15:35.926,469543962929,8486.1
TRD30002951,ORD20002787,C100092,NTPC,NSE,BUY,MIS,1,14,364.9,2026-09-17 10:16:18.480,209195042152,5108.6
TRD30002952,ORD20002787,C100092,NTPC,NSE,BUY,MIS,2,12,364.9,2026-09-17 10:16:18.701,312080858529,4378.8
TRD30002953,ORD20000675,C100105,HINDUNILVR,NSE,BUY,MIS,1,1,2309.05,2026-09-17 10:18:21.210,790839185477,2309.05
TRD30002954,ORD20000675,C100105,HINDUNILVR,NSE,BUY,MIS,2,1,2309.05,2026-09-17 10:18:24.721,178719894025,2309.05
TRD30002955,ORD20000319,C100192,HINDUNILVR,NSE,SELL,CNC,1,1,2513.8,2026-09-17 10:19:49.341,398864436197,2513.8
TRD30002956,ORD20000319,C100192,HINDUNILVR,NSE,SELL,CNC,2,1,2512.25,2026-09-17 10:19:49.753,243014853272,2512.25
TRD30002957,ORD20004895,C100139,ICICIBANK,NSE,SELL,MIS,1,2,1221.3,2026-09-17 10:21:13.389,791830390733,2442.6
TRD30002958,ORD20004895,C100139,ICICIBANK,NSE,SELL,MIS,2,3,1221.3,2026-09-17 10:21:14.860,449495360234,3663.9
TRD30002959,ORD20003351,C100018,ITC,NSE,BUY,MIS,1,197,436.85,2026-09-17 10:24:31.284,533903279053,86059.45
TRD30002960,ORD20003351,C100018,ITC,NSE,BUY,MIS,2,144,437.1,2026-09-17 10:24:34.708,222167149713,62942.4
TRD30002961,ORD20000648,C100049,ITC,NSE,SELL,MIS,1,40,446.05,2026-09-17 10:28:35.486,916896042511,17842.0
TRD30002962,ORD20000648,C100049,ITC,NSE,SELL,MIS,2,2,446.05,2026-09-17 10:28:36.178,881474627672,892.1
TRD30002963,ORD20004186,C100030,TCS,NSE,SELL,CNC,1,1,3897.4,2026-09-17 10:28:41.083,810072128330,3897.4
TRD30002964,ORD20004186,C100030,TCS,NSE,SELL,CNC,2,2,3897.4,2026-09-17 10:28:43.898,848425902659,7794.8
TRD30002965,ORD20003234,C100136,HINDUNILVR,NSE,BUY,CNC,1,24,2387.4,2026-09-17 10:29:29.474,996050413390,57297.6
TRD30002966,ORD20004484,C100079,NTPC,NSE,BUY,CNC,1,207,342.75,2026-09-17 10:31:51.334,585180541789,70949.25
TRD30002967,ORD20000476,C100023,SBIN,NSE,SELL,CNC,1,2,816.65,2026-09-17 10:34:41.019,881174057505,1633.3
TRD30002968,ORD20000476,C100023,SBIN,NSE,SELL,CNC,2,1,816.65,2026-09-17 10:34:43.401,888998173527,816.65
TRD30002969,ORD20000476,C100023,SBIN,NSE,SELL,CNC,3,5,816.65,2026-09-17 10:34:44.151,531949940292,4083.25
TRD30002970,ORD20002598,C100165,ITC,NSE,BUY,MIS,1,56,447.85,2026-09-17 10:36:11.352,258972509947,25079.6
TRD30002971,ORD20004917,C100003,HDFCBANK,NSE,BUY,CNC,1,18,1649.7,2026-09-17 10:36:44.649,611047740064,29694.6
TRD30002972,ORD20004015,C100078,HINDUNILVR,NSE,SELL,CNC,1,5,2424.55,2026-09-17 10:37:16.090,806445566762,12122.75
TRD30002973,ORD20003569,C100108,ONGC,NSE,SELL,CNC,1,102,279.5,2026-09-17 10:37:56.808,704098976002,28509.0
TRD30002974,ORD20001040,C100001,MARUTI,NSE,BUY,MIS,1,2,11594.75,2026-09-17 10:40:23.571,745381482784,23189.5
TRD30002975,ORD20001040,C100001,MARUTI,NSE,BUY,MIS,2,1,11594.75,2026-09-17 10:40:25.972,269328813337,11594.75
TRD30002976,ORD20004063,C100032,HDFCBANK,NSE,BUY,MIS,1,2,1671.75,2026-09-17 10:43:02.283,193997361631,3343.5
TRD30002977,ORD20000828,C100025,HDFCBANK,NSE,BUY,MIS,1,1,1634.3,2026-09-17 10:43:21.078,376590967765,1634.3
TRD30002978,ORD20000828,C100025,HDFCBANK,NSE,BUY,MIS,2,1,1634.3,2026-09-17 10:43:23.944,587844262683,1634.3
TRD30002979,ORD20001992,C100111,KOTAKBANK,NSE,BUY,MIS,1,4,1789.3,2026-09-17 10:43:32.532,293168470497,7157.2
TRD30002980,ORD20001992,C100111,KOTAKBANK,NSE,BUY,MIS,2,2,1789.3,2026-09-17 10:43:34.417,273224951618,3578.6
TRD30002981,ORD20001992,C100111,KOTAKBANK,NSE,BUY,MIS,3,5,1789.3,2026-09-17 10:43:35.462,986819742806,8946.5
TRD30002982,ORD20003401,C100152,RELIANCE,NSE,SELL,MIS,1,32,3062.1,2026-09-17 10:43:54.270,779968809788,97987.2
TRD30002983,ORD20003401,C100152,RELIANCE,NSE,SELL,MIS,2,6,3059.7,2026-09-17 10:43:57.138,423906243867,18358.2
TRD30002984,ORD20003401,C100152,RELIANCE,NSE,SELL,MIS,3,10,3060.8,2026-09-17 10:43:58.615,210553829356,30608.0
TRD30002985,ORD20001411,C100109,RELIANCE,NSE,BUY,MIS,1,1,2893.75,2026-09-17 10:44:31.550,235499399447,2893.75
TRD30002986,ORD20001411,C100109,RELIANCE,NSE,BUY,MIS,2,8,2893.75,2026-09-17 10:44:34.189,457115672749,23150.0
TRD30002987,ORD20001411,C100109,RELIANCE,NSE,BUY,MIS,3,11,2893.75,2026-09-17 10:44:35.280,289832488035,31831.25
TRD30002988,ORD20003476,C100047,ITC,NSE,BUY,MIS,1,29,445.65,2026-09-17 10:48:51.697,121478721649,12923.85
TRD30002989,ORD20003476,C100047,ITC,NSE,BUY,MIS,2,68,445.65,2026-09-17 10:48:52.486,826693796548,30304.2
TRD30002990,ORD20003476,C100047,ITC,NSE,BUY,MIS,3,129,445.65,2026-09-17 10:48:55.071,334381115765,57488.85
TRD30002991,ORD20004918,C100054,MARUTI,NSE,SELL,MIS,1,1,11752.7,2026-09-17 10:49:18.632,874597979128,11752.7
TRD30002992,ORD20001258,C100185,KOTAKBANK,BSE,SELL,MIS,1,16,1800.65,2026-09-17 10:50:36.980,946894152142,28810.4
TRD30002993,ORD20001258,C100185,KOTAKBANK,BSE,SELL,MIS,2,8,1800.65,2026-09-17 10:50:38.839,535476612708,14405.2
TRD30002994,ORD20001258,C100185,KOTAKBANK,BSE,SELL,MIS,3,18,1800.65,2026-09-17 10:50:41.434,327236555314,32411.7
TRD30002995,ORD20003055,C100007,ASIANPAINT,NSE,SELL,CNC,1,1,2935.5,2026-09-17 10:51:51.569,677272640768,2935.5
TRD30002996,ORD20003857,C100191,KOTAKBANK,NSE,BUY,CNC,1,10,1825.3,2026-09-17 10:52:12.302,953998962207,18253.0
TRD30002997,ORD20003857,C100191,KOTAKBANK,NSE,BUY,CNC,2,13,1825.3,2026-09-17 10:52:14.074,777352903694,23728.9
TRD30002998,ORD20003857,C100191,KOTAKBANK,NSE,BUY,CNC,3,8,1825.3,2026-09-17 10:52:16.512,238365323661,14602.4
TRD30002999,ORD20000696,C100166,HDFCBANK,NSE,SELL,MIS,1,6,1630.35,2026-09-17 10:52:49.089,841193602240,9782.1
TRD30003000,ORD20000696,C100166,HDFCBANK,NSE,SELL,MIS,2,2,1630.35,2026-09-17 10:52:49.901,606841737660,3260.7
TRD30003001,ORD20000696,C100166,HDFCBANK,NSE,SELL,MIS,3,9,1630.35,2026-09-17 10:52:50.394,511789703580,14673.15
TRD30003002,ORD20001989,C100173,HINDUNILVR,NSE,BUY,MIS,1,16,2256.45,2026-09-17 10:55:50.441,263910765537,36103.2
TRD30003003,ORD20002272,C100032,INFY,NSE,BUY,MIS,1,5,1655.4,2026-09-17 10:55:55.848,585749205699,8277.0
TRD30003004,ORD20004548,C100088,NTPC,NSE,BUY,MIS,1,66,366.2,2026-09-17 10:56:34.461,764897368016,24169.2
TRD30003005,ORD20004548,C100088,NTPC,NSE,BUY,MIS,2,102,366.15,2026-09-17 10:56:37.168,440393205996,37347.3
TRD30003006,ORD20004548,C100088,NTPC,NSE,BUY,MIS,3,112,366.5,2026-09-17 10:56:40.847,957675227416,41048.0
TRD30003007,ORD20003209,C100064,HINDUNILVR,NSE,BUY,MIS,1,25,2289.4,2026-09-17 11:00:16.984,252546552759,57235.0
TRD30003008,ORD20003209,C100064,HINDUNILVR,NSE,BUY,MIS,2,1,2289.4,2026-09-17 11:00:20.321,119430586237,2289.4
TRD30003009,ORD20001765,C100179,MARUTI,BSE,SELL,MIS,1,1,11380.75,2026-09-17 11:02:05.274,556451652464,11380.75
TRD30003010,ORD20003421,C100129,ASIANPAINT,NSE,SELL,CNC,1,1,2972.25,2026-09-17 11:04:40.357,253802464730,2972.25
TRD30003011,ORD20003421,C100129,ASIANPAINT,NSE,SELL,CNC,2,4,2968.65,2026-09-17 11:04:42.736,677814739782,11874.6
TRD30003012,ORD20003421,C100129,ASIANPAINT,NSE,SELL,CNC,3,5,2972.65,2026-09-17 11:04:44.099,490084811528,14863.25
TRD30003013,ORD20002243,C100118,RELIANCE,BSE,SELL,MIS,1,1,2847.85,2026-09-17 11:07:40.592,469949095232,2847.85
TRD30003014,ORD20002243,C100118,RELIANCE,BSE,SELL,MIS,2,5,2849.4,2026-09-17 11:07:41.418,509355651834,14247.0
TRD30003015,ORD20002243,C100118,RELIANCE,BSE,SELL,MIS,3,4,2848.2,2026-09-17 11:07:44.497,208993943863,11392.8
TRD30003016,ORD20003430,C100039,ASIANPAINT,NSE,BUY,MIS,1,1,2909.15,2026-09-17 11:09:49.150,347234945249,2909.15
TRD30003017,ORD20003430,C100039,ASIANPAINT,NSE,BUY,MIS,2,1,2909.15,2026-09-17 11:09:51.089,502929538279,2909.15
TRD30003018,ORD20003508,C100053,AXISBANK,NSE,BUY,MIS,1,40,1095.3,2026-09-17 11:12:39.525,787808262038,43812.0
TRD30003019,ORD20003508,C100053,AXISBANK,NSE,BUY,MIS,2,21,1095.3,2026-09-17 11:12:39.796,896186543937,23001.3
TRD30003020,ORD20003508,C100053,AXISBANK,NSE,BUY,MIS,3,22,1095.3,2026-09-17 11:12:41.827,344192563851,24096.6
TRD30003021,ORD20002604,C100052,NTPC,NSE,BUY,MIS,1,115,367.0,2026-09-17 11:14:16.805,241496070446,42205.0
TRD30003022,ORD20002604,C100052,NTPC,NSE,BUY,MIS,2,157,366.9,2026-09-17 11:14:18.155,428952813515,57603.3
TRD30003023,ORD20002604,C100052,NTPC,NSE,BUY,MIS,3,1,366.4,2026-09-17 11:14:20.413,431601689367,366.4
TRD30003024,ORD20001871,C100043,NTPC,NSE,SELL,CNC,1,30,361.8,2026-09-17 11:14:38.435,508043767408,10854.0
TRD30003025,ORD20004939,C100027,HDFCBANK,BSE,SELL,MIS,1,1,1601.15,2026-09-17 11:14:51.661,650892240944,1601.15
TRD30003026,ORD20004939,C100027,HDFCBANK,BSE,SELL,MIS,2,1,1601.7,2026-09-17 11:14:52.343,480630410512,1601.7
TRD30003027,ORD20004939,C100027,HDFCBANK,BSE,SELL,MIS,3,1,1602.85,2026-09-17 11:14:53.743,328592537025,1602.85
TRD30003028,ORD20004316,C100180,HINDUNILVR,NSE,SELL,MIS,1,1,2504.2,2026-09-17 11:16:19.418,172979971777,2504.2
TRD30003029,ORD20003983,C100048,HDFCBANK,NSE,SELL,CNC,1,10,1621.25,2026-09-17 11:18:44.495,823221112819,16212.5
TRD30003030,ORD20003983,C100048,HDFCBANK,NSE,SELL,CNC,2,2,1620.2,2026-09-17 11:18:46.605,765030708754,3240.4
TRD30003031,ORD20000419,C100087,TATAMOTORS,NSE,SELL,MIS,1,3,934.6,2026-09-17 11:18:59.439,869913122290,2803.8
TRD30003032,ORD20000419,C100087,TATAMOTORS,NSE,SELL,MIS,2,1,934.6,2026-09-17 11:19:03.329,270284979474,934.6
TRD30003033,ORD20000419,C100087,TATAMOTORS,NSE,SELL,MIS,3,3,934.6,2026-09-17 11:19:05.883,865052527954,2803.8
TRD30003034,ORD20003429,C100123,TATAMOTORS,NSE,BUY,MIS,1,9,966.6,2026-09-17 11:19:26.668,913120950647,8699.4
TRD30003035,ORD20003429,C100123,TATAMOTORS,NSE,BUY,MIS,2,12,968.5,2026-09-17 11:19:28.505,860838511802,11622.0
TRD30003036,ORD20003291,C100109,INFY,NSE,BUY,MIS,1,7,1551.1,2026-09-17 11:20:11.096,134491189276,10857.7
TRD30003037,ORD20003291,C100109,INFY,NSE,BUY,MIS,2,2,1551.1,2026-09-17 11:20:14.148,411613980041,3102.2
TRD30003038,ORD20004501,C100161,ICICIBANK,NSE,SELL,CNC,1,18,1187.5,2026-09-17 11:21:00.758,970796761852,21375.0
TRD30003039,ORD20001823,C100117,NTPC,NSE,SELL,CNC,1,7,381.2,2026-09-17 11:23:46.255,584804388464,2668.4
TRD30003040,ORD20001823,C100117,NTPC,NSE,SELL,CNC,2,6,381.2,2026-09-17 11:23:48.452,792589506051,2287.2
TRD30003041,ORD20001355,C100074,ICICIBANK,NSE,BUY,MIS,1,104,1112.75,2026-09-17 11:28:17.001,378090755983,115726.0
TRD30003042,ORD20002635,C100045,ITC,NSE,BUY,MIS,1,18,480.75,2026-09-17 11:29:44.118,502472414413,8653.5
TRD30003043,ORD20002635,C100045,ITC,NSE,BUY,MIS,2,10,480.75,2026-09-17 11:29:45.647,444973893522,4807.5
TRD30003044,ORD20002922,C100090,HINDUNILVR,BSE,SELL,CNC,1,51,2459.35,2026-09-17 11:31:12.264,816712347806,125426.85
TRD30003045,ORD20002822,C100021,HINDUNILVR,NSE,SELL,MIS,1,6,2388.05,2026-09-17 11:31:20.985,234410481831,14328.3
TRD30003046,ORD20002822,C100021,HINDUNILVR,NSE,SELL,MIS,2,4,2388.05,2026-09-17 11:31:23.513,514041610373,9552.2
TRD30003047,ORD20002822,C100021,HINDUNILVR,NSE,SELL,MIS,3,15,2388.05,2026-09-17 11:31:25.747,898404056823,35820.75
TRD30003048,ORD20002917,C100199,HINDUNILVR,NSE,SELL,CNC,1,1,2431.95,2026-09-17 11:35:34.553,877852208588,2431.95
TRD30003049,ORD20003585,C100144,HDFCBANK,NSE,BUY,CNC,1,6,1628.05,2026-09-17 11:42:18.133,833176454426,9768.3
TRD30003050,ORD20003585,C100144,HDFCBANK,NSE,BUY,CNC,2,1,1631.05,2026-09-17 11:42:21.996,195176144406,1631.05
TRD30003051,ORD20003585,C100144,HDFCBANK,NSE,BUY,CNC,3,1,1628.95,2026-09-17 11:42:22.733,622280945871,1628.95
TRD30003052,ORD20000655,C100173,ITC,NSE,BUY,CNC,1,144,452.2,2026-09-17 11:46:43.013,390206088145,65116.8
TRD30003053,ORD20002322,C100099,TATAMOTORS,NSE,BUY,MIS,1,3,921.45,2026-09-17 11:48:04.605,974096487992,2764.35
TRD30003054,ORD20002322,C100099,TATAMOTORS,NSE,BUY,MIS,2,1,921.45,2026-09-17 11:48:06.485,619850002925,921.45
TRD30003055,ORD20002322,C100099,TATAMOTORS,NSE,BUY,MIS,3,3,921.45,2026-09-17 11:48:08.915,911063674844,2764.35
TRD30003056,ORD20004597,C100055,HDFCBANK,NSE,BUY,MIS,1,1,1667.6,2026-09-17 11:50:52.860,262070698607,1667.6
TRD30003057,ORD20004597,C100055,HDFCBANK,NSE,BUY,MIS,2,1,1667.6,2026-09-17 11:50:54.455,844225527305,1667.6
TRD30003058,ORD20004597,C100055,HDFCBANK,NSE,BUY,MIS,3,1,1667.6,2026-09-17 11:50:54.830,473215203542,1667.6
TRD30003059,ORD20004907,C100130,ITC,NSE,BUY,CNC,1,184,468.3,2026-09-17 11:53:21.183,536877987707,86167.2
TRD30003060,ORD20000905,C100181,MARUTI,NSE,BUY,MIS,1,1,12132.95,2026-09-17 11:56:29.750,840386319809,12132.95
TRD30003061,ORD20002283,C100067,HINDUNILVR,NSE,SELL,CNC,1,19,2370.3,2026-09-17 11:57:13.189,279267459354,45035.7
TRD30003062,ORD20004768,C100171,HDFCBANK,NSE,SELL,CNC,1,17,1613.0,2026-09-17 11:59:09.702,246640826799,27421.0
TRD30003063,ORD20000682,C100124,ONGC,NSE,SELL,CNC,1,2,252.75,2026-09-17 12:02:22.346,146539841651,505.5
TRD30003064,ORD20000682,C100124,ONGC,NSE,SELL,CNC,2,39,252.75,2026-09-17 12:02:25.668,585854041055,9857.25
TRD30003065,ORD20000682,C100124,ONGC,NSE,SELL,CNC,3,7,252.75,2026-09-17 12:02:27.574,728633165841,1769.25
TRD30003066,ORD20000034,C100115,ASIANPAINT,NSE,BUY,MIS,1,14,2972.15,2026-09-17 12:03:06.319,935545389026,41610.1
TRD30003067,ORD20004490,C100022,BHARTIARTL,NSE,BUY,CNC,1,1,1366.2,2026-09-17 12:06:05.983,791605554116,1366.2
TRD30003068,ORD20004490,C100022,BHARTIARTL,NSE,BUY,CNC,2,5,1368.35,2026-09-17 12:06:08.989,656634876601,6841.75
TRD30003069,ORD20004490,C100022,BHARTIARTL,NSE,BUY,CNC,3,7,1367.4,2026-09-17 12:06:12.559,557537130110,9571.8
TRD30003070,ORD20000798,C100159,HDFCBANK,NSE,SELL,MIS,1,5,1674.35,2026-09-17 12:06:56.477,511016603981,8371.75
TRD30003071,ORD20000798,C100159,HDFCBANK,NSE,SELL,MIS,2,1,1674.35,2026-09-17 12:07:00.142,493448433945,1674.35
TRD30003072,ORD20003147,C100030,AXISBANK,NSE,SELL,MIS,1,29,1070.25,2026-09-17 12:08:18.919,825248981733,31037.25
TRD30003073,ORD20003147,C100030,AXISBANK,NSE,SELL,MIS,2,3,1070.25,2026-09-17 12:08:22.470,420811930050,3210.75
TRD30003074,ORD20001437,C100189,ONGC,BSE,SELL,CNC,1,163,277.9,2026-09-17 12:08:46.882,382929827887,45297.7
TRD30003075,ORD20001437,C100189,ONGC,BSE,SELL,CNC,2,37,277.9,2026-09-17 12:08:47.246,903412252247,10282.3
TRD30003076,ORD20003757,C100054,MARUTI,NSE,BUY,CNC,1,1,11902.4,2026-09-17 12:09:51.159,884375284944,11902.4
TRD30003077,ORD20003757,C100054,MARUTI,NSE,BUY,CNC,2,2,11887.15,2026-09-17 12:09:52.565,762926705455,23774.3
TRD30003078,ORD20004301,C100171,ICICIBANK,NSE,BUY,MIS,1,22,1173.7,2026-09-17 12:15:26.138,689157324723,25821.4
TRD30003079,ORD20000001,C100096,MARUTI,NSE,SELL,MIS,1,1,11321.3,2026-09-17 12:15:34.777,427488900819,11321.3
TRD30003080,ORD20000001,C100096,MARUTI,NSE,SELL,MIS,2,1,11321.3,2026-09-17 12:15:34.890,789672619312,11321.3
TRD30003081,ORD20000001,C100096,MARUTI,NSE,SELL,MIS,3,1,11321.3,2026-09-17 12:15:35.308,806930881683,11321.3
TRD30003082,ORD20004160,C100054,HINDUNILVR,NSE,SELL,MIS,1,2,2372.65,2026-09-17 12:16:04.072,554650075900,4745.3
TRD30003083,ORD20004160,C100054,HINDUNILVR,NSE,SELL,MIS,2,3,2372.65,2026-09-17 12:16:06.885,449129259616,7117.95
TRD30003084,ORD20001414,C100158,MARUTI,NSE,SELL,CNC,1,1,12330.35,2026-09-17 12:18:53.276,206658533071,12330.35
TRD30003085,ORD20001414,C100158,MARUTI,NSE,SELL,CNC,2,5,12320.35,2026-09-17 12:18:56.953,621015373696,61601.75
TRD30003086,ORD20001414,C100158,MARUTI,NSE,SELL,CNC,3,3,12312.75,2026-09-17 12:18:58.330,568766159040,36938.25
TRD30003087,ORD20000029,C100104,HDFCBANK,NSE,BUY,MIS,1,1,1651.9,2026-09-17 12:19:01.563,673482886749,1651.9
TRD30003088,ORD20000029,C100104,HDFCBANK,NSE,BUY,MIS,2,1,1651.9,2026-09-17 12:19:04.021,112091938448,1651.9
TRD30003089,ORD20000029,C100104,HDFCBANK,NSE,BUY,MIS,3,1,1651.9,2026-09-17 12:19:06.675,662095473950,1651.9
TRD30003090,ORD20000641,C100156,HINDUNILVR,NSE,BUY,CNC,1,1,2349.45,2026-09-17 12:19:56.991,840192465493,2349.45
TRD30003091,ORD20000641,C100156,HINDUNILVR,NSE,BUY,CNC,2,8,2349.45,2026-09-17 12:19:57.376,630015009045,18795.6
TRD30003092,ORD20000857,C100116,RELIANCE,NSE,SELL,CNC,1,1,2864.7,2026-09-17 12:23:01.952,506720118398,2864.7
TRD30003093,ORD20001745,C100184,HINDUNILVR,BSE,BUY,MIS,1,2,2269.8,2026-09-17 12:23:42.348,996151816544,4539.6
TRD30003094,ORD20002927,C100048,INFY,NSE,BUY,MIS,1,8,1617.1,2026-09-17 12:24:50.055,652522777316,12936.8
TRD30003095,ORD20004042,C100172,AXISBANK,NSE,BUY,MIS,1,14,1154.6,2026-09-17 12:24:56.069,818181101561,16164.4
TRD30003096,ORD20004042,C100172,AXISBANK,NSE,BUY,MIS,2,38,1154.6,2026-09-17 12:24:56.923,299871885794,43874.8
TRD30003097,ORD20004042,C100172,AXISBANK,NSE,BUY,MIS,3,12,1154.6,2026-09-17 12:24:59.112,274587958238,13855.2
TRD30003098,ORD20002651,C100014,HDFCBANK,NSE,SELL,CNC,1,2,1700.35,2026-09-17 12:27:11.634,931212907686,3400.7
TRD30003099,ORD20002651,C100014,HDFCBANK,NSE,SELL,CNC,2,3,1700.35,2026-09-17 12:27:14.323,934624790356,5101.05
TRD30003100,ORD20002651,C100014,HDFCBANK,NSE,SELL,CNC,3,32,1700.35,2026-09-17 12:27:18.212,215469184844,54411.2
TRD30003101,ORD20004019,C100023,AXISBANK,NSE,SELL,CNC,1,1,1111.8,2026-09-17 12:28:24.316,967255795301,1111.8
TRD30003102,ORD20004019,C100023,AXISBANK,NSE,SELL,CNC,2,5,1108.65,2026-09-17 12:28:27.619,756177816681,5543.25
TRD30003103,ORD20004019,C100023,AXISBANK,NSE,SELL,CNC,3,4,1109.3,2026-09-17 12:28:29.123,369171517646,4437.2
TRD30003104,ORD20001804,C100132,KOTAKBANK,NSE,BUY,CNC,1,31,1793.5,2026-09-17 12:30:14.014,296140602478,55598.5
TRD30003105,ORD20001080,C100082,HINDUNILVR,NSE,BUY,CNC,1,2,2262.55,2026-09-17 12:31:56.190,686319405602,4525.1
TRD30003106,ORD20001080,C100082,HINDUNILVR,NSE,BUY,CNC,2,3,2262.55,2026-09-17 12:31:59.439,187693509091,6787.65
TRD30003107,ORD20004505,C100008,HDFCBANK,NSE,SELL,CNC,1,1,1729.3,2026-09-17 12:33:12.182,739555926594,1729.3
TRD30003108,ORD20004505,C100008,HDFCBANK,NSE,SELL,CNC,2,2,1729.3,2026-09-17 12:33:12.628,839949007457,3458.6
TRD30003109,ORD20004109,C100014,MARUTI,NSE,SELL,CNC,1,1,11568.9,2026-09-17 12:35:34.523,558092559044,11568.9
TRD30003110,ORD20004109,C100014,MARUTI,NSE,SELL,CNC,2,1,11568.9,2026-09-17 12:35:37.259,843028209671,11568.9
TRD30003111,ORD20004109,C100014,MARUTI,NSE,SELL,CNC,3,1,11568.9,2026-09-17 12:35:40.027,707125021272,11568.9
TRD30003112,ORD20003062,C100086,ITC,NSE,BUY,MIS,1,115,424.65,2026-09-17 12:37:44.166,620714505942,48834.75
TRD30003113,ORD20000643,C100042,HINDUNILVR,NSE,SELL,CNC,1,21,2409.7,2026-09-17 12:37:47.219,484030774885,50603.7
TRD30003114,ORD20000643,C100042,HINDUNILVR,NSE,SELL,CNC,2,5,2409.7,2026-09-17 12:37:50.588,687147534938,12048.5
TRD30003115,ORD20003960,C100159,ICICIBANK,NSE,BUY,MIS,1,11,1180.15,2026-09-17 12:41:33.189,976904968312,12981.65
TRD30003116,ORD20000216,C100101,INFY,NSE,BUY,MIS,1,47,1585.2,2026-09-17 12:42:05.059,206037747527,74504.4
TRD30003117,ORD20000216,C100101,INFY,NSE,BUY,MIS,2,13,1585.2,2026-09-17 12:42:06.257,251848303813,20607.6
TRD30003118,ORD20004406,C100130,INFY,NSE,SELL,MIS,1,2,1608.65,2026-09-17 12:43:58.536,696714718529,3217.3
TRD30003119,ORD20004406,C100130,INFY,NSE,SELL,MIS,2,1,1609.95,2026-09-17 12:44:00.258,986111267876,1609.95
TRD30003120,ORD20004406,C100130,INFY,NSE,SELL,MIS,3,40,1609.15,2026-09-17 12:44:02.232,549628806469,64366.0
TRD30003121,ORD20002326,C100169,ICICIBANK,NSE,BUY,CNC,1,54,1207.85,2026-09-17 12:44:18.538,456427127083,65223.9
TRD30003122,ORD20004407,C100094,AXISBANK,NSE,BUY,CNC,1,15,1179.55,2026-09-17 12:44:41.799,964346229182,17693.25
TRD30003123,ORD20004407,C100094,AXISBANK,NSE,BUY,CNC,2,5,1180.55,2026-09-17 12:44:43.563,350954055011,5902.75
TRD30003124,ORD20004407,C100094,AXISBANK,NSE,BUY,CNC,3,28,1179.05,2026-09-17 12:44:46.809,395969608756,33013.4
TRD30003125,ORD20004296,C100058,RELIANCE,NSE,BUY,MIS,1,13,2915.3,2026-09-17 12:44:46.987,479763380822,37898.9
TRD30003126,ORD20004650,C100066,INFY,NSE,BUY,MIS,1,2,1651.7,2026-09-17 12:44:52.989,567394398706,3303.4
TRD30003127,ORD20004650,C100066,INFY,NSE,BUY,MIS,2,1,1652.05,2026-09-17 12:44:55.676,148631225903,1652.05
TRD30003128,ORD20004906,C100023,RELIANCE,NSE,BUY,MIS,1,4,3026.95,2026-09-17 12:45:43.447,462325372697,12107.8
TRD30003129,ORD20004906,C100023,RELIANCE,NSE,BUY,MIS,2,8,3026.95,2026-09-17 12:45:47.236,624414645968,24215.6
TRD30003130,ORD20004906,C100023,RELIANCE,NSE,BUY,MIS,3,3,3026.95,2026-09-17 12:45:50.094,211304459863,9080.85
TRD30003131,ORD20001831,C100158,KOTAKBANK,NSE,SELL,MIS,1,1,1735.05,2026-09-17 12:49:10.191,515016370919,1735.05
TRD30003132,ORD20001831,C100158,KOTAKBANK,NSE,SELL,MIS,2,3,1734.1,2026-09-17 12:49:13.755,376559384794,5202.3
TRD30003133,ORD20001831,C100158,KOTAKBANK,NSE,SELL,MIS,3,3,1735.65,2026-09-17 12:49:16.229,200370107096,5206.95
TRD30003134,ORD20003193,C100048,MARUTI,NSE,SELL,MIS,1,5,12175.5,2026-09-17 12:51:30.958,924413164822,60877.5
TRD30003135,ORD20003193,C100048,MARUTI,NSE,SELL,MIS,2,1,12167.8,2026-09-17 12:51:31.086,422173166832,12167.8
TRD30003136,ORD20004314,C100083,SUNPHARMA,NSE,SELL,MIS,1,22,1682.25,2026-09-17 12:51:35.198,543609471103,37009.5
TRD30003137,ORD20004314,C100083,SUNPHARMA,NSE,SELL,MIS,2,2,1681.35,2026-09-17 12:51:37.978,572278020034,3362.7
TRD30003138,ORD20002328,C100119,TITAN,NSE,SELL,MIS,1,2,3349.5,2026-09-17 12:53:16.574,249334147920,6699.0
TRD30003139,ORD20004513,C100190,RELIANCE,NSE,BUY,MIS,1,11,2865.8,2026-09-17 12:59:59.546,609840685073,31523.8
TRD30003140,ORD20004513,C100190,RELIANCE,NSE,BUY,MIS,2,3,2865.8,2026-09-17 13:00:00.762,321262478995,8597.4
TRD30003141,ORD20001269,C100092,MARUTI,NSE,BUY,MIS,1,1,12377.25,2026-09-17 13:03:42.360,644555691133,12377.25
TRD30003142,ORD20001465,C100077,HINDUNILVR,NSE,SELL,MIS,1,11,2432.55,2026-09-17 13:07:58.069,205589701534,26758.05
TRD30003143,ORD20001465,C100077,HINDUNILVR,NSE,SELL,MIS,2,2,2432.55,2026-09-17 13:07:59.631,812802610273,4865.1
TRD30003144,ORD20002902,C100044,BHARTIARTL,NSE,BUY,MIS,1,2,1298.2,2026-09-17 13:08:11.746,877116095411,2596.4
TRD30003145,ORD20001532,C100097,MARUTI,NSE,SELL,CNC,1,1,11565.9,2026-09-17 13:12:17.511,982370456875,11565.9
TRD30003146,ORD20000520,C100059,MARUTI,NSE,SELL,CNC,1,5,12285.1,2026-09-17 13:13:09.212,905945861239,61425.5
TRD30003147,ORD20001333,C100030,AXISBANK,NSE,SELL,CNC,1,5,1119.95,2026-09-17 13:13:52.016,697757802090,5599.75
TRD30003148,ORD20000623,C100027,HDFCBANK,NSE,SELL,CNC,1,58,1607.35,2026-09-17 13:14:12.448,230153375494,93226.3
TRD30003149,ORD20000623,C100027,HDFCBANK,NSE,SELL,CNC,2,22,1607.35,2026-09-17 13:14:14.242,178589170836,35361.7
TRD30003150,ORD20000623,C100027,HDFCBANK,NSE,SELL,CNC,3,8,1607.35,2026-09-17 13:14:16.918,171158651118,12858.8
TRD30003151,ORD20003963,C100160,NTPC,NSE,SELL,MIS,1,341,350.05,2026-09-17 13:14:51.485,855963263140,119367.05
TRD30003152,ORD20004255,C100193,ITC,NSE,SELL,MIS,1,9,468.0,2026-09-17 13:15:03.211,788374431701,4212.0
TRD30003153,ORD20003803,C100059,HINDUNILVR,NSE,BUY,CNC,1,3,2355.85,2026-09-17 13:18:15.351,300286834891,7067.55
TRD30003154,ORD20003803,C100059,HINDUNILVR,NSE,BUY,CNC,2,21,2355.85,2026-09-17 13:18:18.575,312852464572,49472.85
TRD30003155,ORD20003803,C100059,HINDUNILVR,NSE,BUY,CNC,3,2,2355.85,2026-09-17 13:18:19.879,186945762722,4711.7
TRD30003156,ORD20004007,C100134,NTPC,NSE,SELL,MIS,1,30,362.65,2026-09-17 13:20:17.640,974668546285,10879.5
TRD30003157,ORD20004007,C100134,NTPC,NSE,SELL,MIS,2,1,362.65,2026-09-17 13:20:19.809,326036024905,362.65
TRD30003158,ORD20000814,C100024,TATAMOTORS,NSE,SELL,CNC,1,3,957.35,2026-09-17 13:20:43.832,862941397304,2872.05
TRD30003159,ORD20000814,C100024,TATAMOTORS,NSE,SELL,CNC,2,12,957.35,2026-09-17 13:20:47.540,788653860269,11488.2
TRD30003160,ORD20000814,C100024,TATAMOTORS,NSE,SELL,CNC,3,40,957.35,2026-09-17 13:20:48.762,821924024900,38294.0
TRD30003161,ORD20001158,C100111,HINDUNILVR,NSE,BUY,CNC,1,1,2470.2,2026-09-17 13:20:49.055,665751797116,2470.2
TRD30003162,ORD20000352,C100160,HINDUNILVR,NSE,SELL,CNC,1,37,2453.5,2026-09-17 13:21:36.528,291846462216,90779.5
TRD30003163,ORD20000352,C100160,HINDUNILVR,NSE,SELL,CNC,2,5,2453.5,2026-09-17 13:21:39.460,298256303531,12267.5
TRD30003164,ORD20000577,C100095,ITC,BSE,BUY,CNC,1,11,426.85,2026-09-17 13:24:07.364,940243980133,4695.35
TRD30003165,ORD20004091,C100188,HDFCBANK,NSE,SELL,MIS,1,1,1632.9,2026-09-17 13:24:40.809,598098000874,1632.9
TRD30003166,ORD20004091,C100188,HDFCBANK,NSE,SELL,MIS,2,1,1630.85,2026-09-17 13:24:41.162,703620611020,1630.85
TRD30003167,ORD20004091,C100188,HDFCBANK,NSE,SELL,MIS,3,1,1631.05,2026-09-17 13:24:44.853,577395859256,1631.05
TRD30003168,ORD20003555,C100054,HINDUNILVR,NSE,SELL,CNC,1,2,2292.8,2026-09-17 13:26:15.095,408223986688,4585.6
TRD30003169,ORD20003555,C100054,HINDUNILVR,NSE,SELL,CNC,2,5,2292.8,2026-09-17 13:26:18.943,734060897289,11464.0
TRD30003170,ORD20003555,C100054,HINDUNILVR,NSE,SELL,CNC,3,6,2292.8,2026-09-17 13:26:19.636,873550669444,13756.8
TRD30003171,ORD20001772,C100118,MARUTI,NSE,SELL,MIS,1,1,12553.7,2026-09-17 13:26:51.157,310395125199,12553.7
TRD30003172,ORD20004302,C100105,MARUTI,NSE,SELL,CNC,1,1,11880.5,2026-09-17 13:30:16.076,246300102636,11880.5
TRD30003173,ORD20003052,C100059,HDFCBANK,NSE,BUY,CNC,1,9,1671.5,2026-09-17 13:32:20.279,159322351648,15043.5
TRD30003174,ORD20003052,C100059,HDFCBANK,NSE,BUY,CNC,2,12,1669.95,2026-09-17 13:32:21.634,912848385009,20039.4
TRD30003175,ORD20002318,C100125,NTPC,NSE,BUY,MIS,1,9,360.15,2026-09-17 13:33:22.662,718563291228,3241.35
TRD30003176,ORD20002318,C100125,NTPC,NSE,BUY,MIS,2,13,360.15,2026-09-17 13:33:23.521,739579688804,4681.95
TRD30003177,ORD20002549,C100039,MARUTI,NSE,SELL,CNC,1,1,12692.95,2026-09-17 13:35:18.415,148912422713,12692.95
TRD30003178,ORD20004046,C100137,NTPC,NSE,SELL,CNC,1,5,350.25,2026-09-17 13:39:40.999,458754906852,1751.25
TRD30003179,ORD20004046,C100137,NTPC,NSE,SELL,CNC,2,19,350.35,2026-09-17 13:39:44.308,151574235101,6656.65
TRD30003180,ORD20000190,C100076,MARUTI,NSE,BUY,CNC,1,1,11578.75,2026-09-17 13:42:33.661,720053887554,11578.75
TRD30003181,ORD20001768,C100095,AXISBANK,NSE,BUY,CNC,1,9,1165.0,2026-09-17 13:43:22.513,408168387596,10485.0
TRD30003182,ORD20002868,C100131,HDFCBANK,NSE,BUY,CNC,1,10,1711.1,2026-09-17 13:43:42.502,982636936968,17111.0
TRD30003183,ORD20002868,C100131,HDFCBANK,NSE,BUY,CNC,2,2,1710.65,2026-09-17 13:43:44.604,748777845901,3421.3
TRD30003184,ORD20002868,C100131,HDFCBANK,NSE,BUY,CNC,3,6,1710.05,2026-09-17 13:43:46.323,228424801849,10260.3
TRD30003185,ORD20001391,C100004,INFY,NSE,BUY,CNC,1,3,1630.7,2026-09-17 13:48:34.738,263916237919,4892.1
TRD30003186,ORD20001391,C100004,INFY,NSE,BUY,CNC,2,3,1630.7,2026-09-17 13:48:37.920,209699005605,4892.1
TRD30003187,ORD20002590,C100123,BHARTIARTL,NSE,SELL,MIS,1,2,1431.2,2026-09-17 13:50:11.739,324550817872,2862.4
TRD30003188,ORD20002590,C100123,BHARTIARTL,NSE,SELL,MIS,2,3,1431.2,2026-09-17 13:50:13.561,974059416261,4293.6
TRD30003189,ORD20002590,C100123,BHARTIARTL,NSE,SELL,MIS,3,5,1431.2,2026-09-17 13:50:16.948,986830762579,7156.0
TRD30003190,ORD20002599,C100151,TATAMOTORS,NSE,SELL,CNC,1,2,897.5,2026-09-17 13:52:49.484,358214038630,1795.0
TRD30003191,ORD20002599,C100151,TATAMOTORS,NSE,SELL,CNC,2,3,897.5,2026-09-17 13:52:52.043,319784688919,2692.5
TRD30003192,ORD20001167,C100009,INFY,NSE,BUY,MIS,1,13,1692.55,2026-09-17 13:56:10.003,330928563903,22003.15
TRD30003193,ORD20000351,C100191,RELIANCE,NSE,SELL,CNC,1,12,2859.45,2026-09-17 14:01:38.262,555268134857,34313.4
TRD30003194,ORD20000351,C100191,RELIANCE,NSE,SELL,CNC,2,1,2859.45,2026-09-17 14:01:41.158,533535679693,2859.45
TRD30003195,ORD20003222,C100093,ICICIBANK,NSE,SELL,CNC,1,29,1128.7,2026-09-17 14:02:38.210,503593833460,32732.3
TRD30003196,ORD20003222,C100093,ICICIBANK,NSE,SELL,CNC,2,9,1128.7,2026-09-17 14:02:39.206,171640265437,10158.3
TRD30003197,ORD20003222,C100093,ICICIBANK,NSE,SELL,CNC,3,89,1128.7,2026-09-17 14:02:41.086,332529007560,100454.3
TRD30003198,ORD20001147,C100040,BHARTIARTL,NSE,SELL,MIS,1,3,1418.75,2026-09-17 14:03:29.215,508773159519,4256.25
TRD30003199,ORD20001286,C100095,TATAMOTORS,NSE,BUY,MIS,1,111,940.5,2026-09-17 14:04:06.689,294077052590,104395.5
TRD30003200,ORD20003562,C100158,ITC,BSE,BUY,MIS,1,7,452.15,2026-09-17 14:08:27.855,662093892527,3165.05
TRD30003201,ORD20001872,C100031,BHARTIARTL,NSE,SELL,CNC,1,20,1458.9,2026-09-17 14:10:22.956,238586453884,29178.0
TRD30003202,ORD20001872,C100031,BHARTIARTL,NSE,SELL,CNC,2,6,1458.9,2026-09-17 14:10:24.335,423256246014,8753.4
TRD30003203,ORD20001524,C100045,ITC,NSE,SELL,MIS,1,5,448.4,2026-09-17 14:10:29.658,783066690153,2242.0
TRD30003204,ORD20001524,C100045,ITC,NSE,SELL,MIS,2,22,448.15,2026-09-17 14:10:30.811,632467354317,9859.3
TRD30003205,ORD20000427,C100152,ONGC,NSE,SELL,MIS,1,95,281.55,2026-09-17 14:10:39.138,921145160086,26747.25
TRD30003206,ORD20000427,C100152,ONGC,NSE,SELL,MIS,2,167,281.55,2026-09-17 14:10:39.879,359535816223,47018.85
TRD30003207,ORD20001170,C100096,HDFCBANK,NSE,SELL,MIS,1,4,1709.9,2026-09-17 14:12:36.913,109278125317,6839.6
TRD30003208,ORD20001170,C100096,HDFCBANK,NSE,SELL,MIS,2,1,1709.9,2026-09-17 14:12:37.790,555640272594,1709.9
TRD30003209,ORD20001170,C100096,HDFCBANK,NSE,SELL,MIS,3,3,1709.9,2026-09-17 14:12:38.559,299127055324,5129.7
TRD30003210,ORD20002396,C100063,RELIANCE,NSE,BUY,MIS,1,3,2889.15,2026-09-17 14:15:26.069,210914873686,8667.45
TRD30003211,ORD20002396,C100063,RELIANCE,NSE,BUY,MIS,2,1,2889.15,2026-09-17 14:15:29.874,116027467074,2889.15
TRD30003212,ORD20001719,C100187,ICICIBANK,NSE,SELL,CNC,1,8,1097.2,2026-09-17 14:17:24.019,627918212904,8777.6
TRD30003213,ORD20001719,C100187,ICICIBANK,NSE,SELL,CNC,2,24,1098.6,2026-09-17 14:17:25.232,447624856070,26366.4
TRD30003214,ORD20002171,C100138,MARUTI,NSE,BUY,MIS,1,1,11897.0,2026-09-17 14:19:23.368,390976684355,11897.0
TRD30003215,ORD20000321,C100074,INFY,NSE,SELL,MIS,1,3,1539.0,2026-09-17 14:23:00.898,443287609061,4617.0
TRD30003216,ORD20000984,C100085,HDFCBANK,NSE,SELL,CNC,1,3,1650.7,2026-09-17 14:23:57.097,786845057293,4952.1
TRD30003217,ORD20000984,C100085,HDFCBANK,NSE,SELL,CNC,2,1,1648.25,2026-09-17 14:23:58.050,308921316775,1648.25
TRD30003218,ORD20002495,C100080,ICICIBANK,NSE,SELL,MIS,1,5,1210.2,2026-09-17 14:24:17.148,558710355993,6051.0
TRD30003219,ORD20003597,C100060,TATAMOTORS,NSE,SELL,MIS,1,100,986.4,2026-09-17 14:24:38.429,994595128318,98640.0
TRD30003220,ORD20002841,C100020,RELIANCE,BSE,SELL,CNC,1,1,2877.1,2026-09-17 14:26:06.709,144932094663,2877.1
TRD30003221,ORD20003754,C100014,HINDUNILVR,BSE,BUY,MIS,1,1,2464.2,2026-09-17 14:27:32.505,691883061873,2464.2
TRD30003222,ORD20001104,C100195,MARUTI,NSE,BUY,CNC,1,1,11707.8,2026-09-17 14:29:17.838,714522528591,11707.8
TRD30003223,ORD20001909,C100145,INFY,NSE,SELL,CNC,1,21,1582.4,2026-09-17 14:32:51.812,480467479082,33230.4
TRD30003224,ORD20000976,C100111,ITC,NSE,SELL,CNC,1,3,450.65,2026-09-17 14:34:40.933,826483531956,1351.95
TRD30003225,ORD20000976,C100111,ITC,NSE,SELL,CNC,2,17,450.65,2026-09-17 14:34:43.683,704267093418,7661.05
TRD30003226,ORD20000691,C100101,ITC,NSE,BUY,CNC,1,26,436.85,2026-09-17 14:35:35.469,741049552850,11358.1
TRD30003227,ORD20004273,C100186,TATAMOTORS,NSE,BUY,CNC,1,19,961.15,2026-09-17 14:37:41.639,216469710641,18261.85
TRD30003228,ORD20003468,C100131,INFY,NSE,SELL,CNC,1,4,1631.2,2026-09-17 14:39:46.549,592624612148,6524.8
TRD30003229,ORD20002050,C100165,ITC,NSE,BUY,MIS,1,6,467.55,2026-09-17 14:40:57.408,250597592527,2805.3
TRD30003230,ORD20002214,C100151,BHARTIARTL,NSE,SELL,CNC,1,9,1360.65,2026-09-17 14:42:48.986,171711650759,12245.85
TRD30003231,ORD20002994,C100122,AXISBANK,NSE,BUY,MIS,1,1,1126.15,2026-09-17 14:44:54.637,482062803578,1126.15
TRD30003232,ORD20002994,C100122,AXISBANK,NSE,BUY,MIS,2,1,1126.15,2026-09-17 14:44:57.038,188830009091,1126.15
TRD30003233,ORD20000711,C100159,NTPC,NSE,SELL,MIS,1,2,343.05,2026-09-17 14:52:23.943,100351720960,686.1
TRD30003234,ORD20000711,C100159,NTPC,NSE,SELL,MIS,2,1,343.95,2026-09-17 14:52:27.673,974007584049,343.95
TRD30003235,ORD20000711,C100159,NTPC,NSE,SELL,MIS,3,8,343.5,2026-09-17 14:52:30.014,889208759485,2748.0
TRD30003236,ORD20000789,C100177,ITC,BSE,BUY,CNC,1,29,431.75,2026-09-17 14:53:52.021,267298974105,12520.75
TRD30003237,ORD20004514,C100047,NTPC,NSE,BUY,CNC,1,6,363.7,2026-09-17 14:53:53.877,234897541131,2182.2
TRD30003238,ORD20004514,C100047,NTPC,NSE,BUY,CNC,2,5,363.9,2026-09-17 14:53:55.288,408755503799,1819.5
TRD30003239,ORD20002698,C100077,TATAMOTORS,NSE,SELL,CNC,1,4,945.7,2026-09-17 14:58:48.315,201366253905,3782.8
TRD30003240,ORD20002698,C100077,TATAMOTORS,NSE,SELL,CNC,2,1,945.7,2026-09-17 14:58:51.341,405039731130,945.7
TRD30003241,ORD20001151,C100144,ICICIBANK,NSE,BUY,MIS,1,42,1175.95,2026-09-17 15:00:35.886,734820420774,49389.9
TRD30003242,ORD20001151,C100144,ICICIBANK,NSE,BUY,MIS,2,25,1176.05,2026-09-17 15:00:38.486,315483100951,29401.25
TRD30003243,ORD20001151,C100144,ICICIBANK,NSE,BUY,MIS,3,3,1177.3,2026-09-17 15:00:41.734,800749094248,3531.9
TRD30003244,ORD20004896,C100002,RELIANCE,BSE,BUY,MIS,1,28,2776.9,2026-09-17 15:02:34.613,930599120619,77753.2
TRD30003245,ORD20004896,C100002,RELIANCE,BSE,BUY,MIS,2,16,2776.9,2026-09-17 15:02:36.463,134226456857,44430.4
TRD30003246,ORD20002804,C100172,BHARTIARTL,NSE,SELL,CNC,1,52,1355.8,2026-09-17 15:06:58.410,586529523144,70501.6
TRD30003247,ORD20002321,C100190,KOTAKBANK,BSE,BUY,MIS,1,14,1744.8,2026-09-17 15:08:56.434,168826851852,24427.2
TRD30003248,ORD20002321,C100190,KOTAKBANK,BSE,BUY,MIS,2,23,1744.8,2026-09-17 15:08:57.678,596024021430,40130.4
TRD30003249,ORD20002321,C100190,KOTAKBANK,BSE,BUY,MIS,3,4,1744.8,2026-09-17 15:08:59.981,133493666254,6979.2
TRD30003250,ORD20001539,C100106,NTPC,NSE,BUY,CNC,1,2,367.95,2026-09-17 15:13:52.083,547546520155,735.9
TRD30003251,ORD20001539,C100106,NTPC,NSE,BUY,CNC,2,26,367.95,2026-09-17 15:13:54.237,484297796219,9566.7
TRD30003252,ORD20004132,C100175,RELIANCE,NSE,SELL,CNC,1,13,2877.9,2026-09-17 15:16:31.922,961879656663,37412.7
TRD30003253,ORD20004132,C100175,RELIANCE,NSE,SELL,CNC,2,11,2877.9,2026-09-17 15:16:34.817,263542728419,31656.9
TRD30003254,ORD20001693,C100052,ONGC,NSE,BUY,MIS,1,172,257.8,2026-09-17 15:18:00.568,197585228611,44341.6
TRD30003255,ORD20001392,C100195,NTPC,NSE,BUY,MIS,1,32,369.45,2026-09-17 15:23:38.805,165737889301,11822.4
TRD30003256,ORD20001392,C100195,NTPC,NSE,BUY,MIS,2,9,369.65,2026-09-17 15:23:40.272,225683190171,3326.85
TRD30003257,ORD20001392,C100195,NTPC,NSE,BUY,MIS,3,47,369.25,2026-09-17 15:23:43.505,627645500214,17354.75
TRD30003258,ORD20003197,C100197,TATAMOTORS,NSE,SELL,CNC,1,94,922.85,2026-09-18 09:18:39.729,976010609354,86747.9
TRD30003259,ORD20000085,C100191,RELIANCE,BSE,BUY,CNC,1,5,2950.25,2026-09-18 09:18:45.476,636176434617,14751.25
TRD30003260,ORD20000085,C100191,RELIANCE,BSE,BUY,CNC,2,3,2954.85,2026-09-18 09:18:48.031,686757009622,8864.55
TRD30003261,ORD20003766,C100157,ICICIBANK,NSE,SELL,MIS,1,7,1188.15,2026-09-18 09:23:40.453,653855175790,8317.05
TRD30003262,ORD20003766,C100157,ICICIBANK,NSE,SELL,MIS,2,15,1188.0,2026-09-18 09:23:41.474,257822412639,17820.0
TRD30003263,ORD20002538,C100184,NTPC,NSE,SELL,CNC,1,9,348.55,2026-09-18 09:24:04.622,950124338030,3136.95
TRD30003264,ORD20002538,C100184,NTPC,NSE,SELL,CNC,2,79,348.55,2026-09-18 09:24:07.270,992645959987,27535.45
TRD30003265,ORD20002538,C100184,NTPC,NSE,SELL,CNC,3,11,348.55,2026-09-18 09:24:08.378,240536154008,3834.05
TRD30003266,ORD20001854,C100166,BHARTIARTL,NSE,SELL,MIS,1,4,1417.7,2026-09-18 09:28:48.576,323956933909,5670.8
TRD30003267,ORD20000379,C100025,ASIANPAINT,NSE,BUY,MIS,1,23,2917.25,2026-09-18 09:29:37.695,613248429122,67096.75
TRD30003268,ORD20001956,C100168,MARUTI,BSE,BUY,MIS,1,1,11986.95,2026-09-18 09:32:24.596,927163277006,11986.95
TRD30003269,ORD20001956,C100168,MARUTI,BSE,BUY,MIS,2,2,11986.95,2026-09-18 09:32:26.705,622887819361,23973.9
TRD30003270,ORD20001956,C100168,MARUTI,BSE,BUY,MIS,3,1,11986.95,2026-09-18 09:32:29.650,439507379531,11986.95
TRD30003271,ORD20002963,C100191,RELIANCE,NSE,SELL,CNC,1,7,2922.1,2026-09-18 09:34:31.380,441947661023,20454.7
TRD30003272,ORD20002963,C100191,RELIANCE,NSE,SELL,CNC,2,2,2923.0,2026-09-18 09:34:34.553,460110422692,5846.0
TRD30003273,ORD20002963,C100191,RELIANCE,NSE,SELL,CNC,3,3,2921.05,2026-09-18 09:34:35.871,937631556441,8763.15
TRD30003274,ORD20004081,C100184,KOTAKBANK,NSE,BUY,CNC,1,62,1732.9,2026-09-18 09:35:53.973,793957140489,107439.8
TRD30003275,ORD20004081,C100184,KOTAKBANK,NSE,BUY,CNC,2,14,1732.9,2026-09-18 09:35:55.738,820536399756,24260.6
TRD30003276,ORD20002300,C100038,BHARTIARTL,NSE,BUY,CNC,1,15,1464.4,2026-09-18 09:38:03.838,138837752659,21966.0
TRD30003277,ORD20002300,C100038,BHARTIARTL,NSE,BUY,CNC,2,6,1465.3,2026-09-18 09:38:06.722,378557795834,8791.8
TRD30003278,ORD20000848,C100012,ITC,NSE,SELL,CNC,1,224,457.8,2026-09-18 09:40:31.360,805206210382,102547.2
TRD30003279,ORD20000848,C100012,ITC,NSE,SELL,CNC,2,29,457.8,2026-09-18 09:40:34.933,206704792699,13276.2
TRD30003280,ORD20003053,C100186,BHARTIARTL,NSE,SELL,CNC,1,31,1419.75,2026-09-18 09:40:54.275,335357169649,44012.25
TRD30003281,ORD20002184,C100184,HDFCBANK,NSE,SELL,CNC,1,1,1697.85,2026-09-18 09:42:54.192,840571467089,1697.85
TRD30003282,ORD20002184,C100184,HDFCBANK,NSE,SELL,CNC,2,1,1697.85,2026-09-18 09:42:57.620,602671969687,1697.85
TRD30003283,ORD20001533,C100068,NTPC,NSE,BUY,MIS,1,244,359.45,2026-09-18 09:43:55.737,589678324426,87705.8
TRD30003284,ORD20003354,C100087,BHARTIARTL,NSE,SELL,CNC,1,43,1496.15,2026-09-18 09:44:19.096,365646283922,64334.45
TRD30003285,ORD20003354,C100087,BHARTIARTL,NSE,SELL,CNC,2,48,1496.15,2026-09-18 09:44:21.138,183413350259,71815.2
TRD30003286,ORD20002444,C100135,ITC,BSE,BUY,CNC,1,47,445.5,2026-09-18 09:50:16.784,878540005675,20938.5
TRD30003287,ORD20002759,C100161,BHARTIARTL,NSE,BUY,MIS,1,1,1442.0,2026-09-18 09:53:02.479,263431213307,1442.0
TRD30003288,ORD20002759,C100161,BHARTIARTL,NSE,BUY,MIS,2,2,1442.0,2026-09-18 09:53:06.306,573990175225,2884.0
TRD30003289,ORD20002759,C100161,BHARTIARTL,NSE,BUY,MIS,3,1,1442.0,2026-09-18 09:53:08.496,633199244698,1442.0
TRD30003290,ORD20002509,C100017,TATAMOTORS,NSE,BUY,MIS,1,21,916.45,2026-09-18 09:55:12.492,529307863877,19245.45
TRD30003291,ORD20002509,C100017,TATAMOTORS,NSE,BUY,MIS,2,7,916.45,2026-09-18 09:55:15.217,832151783201,6415.15
TRD30003292,ORD20002509,C100017,TATAMOTORS,NSE,BUY,MIS,3,4,916.45,2026-09-18 09:55:16.670,104506275633,3665.8
TRD30003293,ORD20000248,C100032,BHARTIARTL,NSE,BUY,CNC,1,5,1348.7,2026-09-18 09:57:49.483,426298074162,6743.5
TRD30003294,ORD20004966,C100073,TATAMOTORS,NSE,SELL,MIS,1,10,954.05,2026-09-18 10:01:36.411,730191202925,9540.5
TRD30003295,ORD20001098,C100020,SBIN,NSE,SELL,CNC,1,1,787.7,2026-09-18 10:06:16.688,143405318420,787.7
TRD30003296,ORD20001098,C100020,SBIN,NSE,SELL,CNC,2,2,787.7,2026-09-18 10:06:18.865,928843359190,1575.4
TRD30003297,ORD20001098,C100020,SBIN,NSE,SELL,CNC,3,1,787.7,2026-09-18 10:06:20.483,441003850316,787.7
TRD30003298,ORD20003114,C100112,HINDUNILVR,NSE,BUY,MIS,1,7,2462.75,2026-09-18 10:08:13.403,635636831382,17239.25
TRD30003299,ORD20004172,C100138,ASIANPAINT,NSE,BUY,MIS,1,4,3001.1,2026-09-18 10:11:20.551,108514960477,12004.4
TRD30003300,ORD20000113,C100113,MARUTI,NSE,SELL,CNC,1,1,11574.85,2026-09-18 10:11:58.692,585408964909,11574.85
TRD30003301,ORD20000894,C100176,NTPC,NSE,SELL,CNC,1,6,381.75,2026-09-18 10:16:03.308,285863110948,2290.5
TRD30003302,ORD20000894,C100176,NTPC,NSE,SELL,CNC,2,15,381.75,2026-09-18 10:16:06.463,402211445630,5726.25
TRD30003303,ORD20000894,C100176,NTPC,NSE,SELL,CNC,3,6,381.75,2026-09-18 10:16:07.459,944097139226,2290.5
TRD30003304,ORD20003551,C100134,ONGC,NSE,BUY,MIS,1,12,265.0,2026-09-18 10:16:36.843,746100175865,3180.0
TRD30003305,ORD20000766,C100094,BHARTIARTL,BSE,SELL,MIS,1,5,1332.3,2026-09-18 10:18:31.337,681440228578,6661.5
TRD30003306,ORD20001915,C100145,ITC,NSE,BUY,MIS,1,9,453.6,2026-09-18 10:22:01.709,989869178060,4082.4
TRD30003307,ORD20001915,C100145,ITC,NSE,BUY,MIS,2,45,453.9,2026-09-18 10:22:02.341,260898224668,20425.5
TRD30003308,ORD20003177,C100118,KOTAKBANK,NSE,BUY,MIS,1,4,1768.0,2026-09-18 10:22:37.817,154808611856,7072.0
TRD30003309,ORD20003177,C100118,KOTAKBANK,NSE,BUY,MIS,2,19,1768.0,2026-09-18 10:22:38.593,791706873673,33592.0
TRD30003310,ORD20001220,C100174,HINDUNILVR,NSE,SELL,MIS,1,15,2366.7,2026-09-18 10:24:37.269,120762770339,35500.5
TRD30003311,ORD20001220,C100174,HINDUNILVR,NSE,SELL,MIS,2,23,2366.4,2026-09-18 10:24:40.454,801277813850,54427.2
TRD30003312,ORD20003817,C100194,KOTAKBANK,NSE,BUY,CNC,1,20,1738.05,2026-09-18 10:26:27.348,555499932209,34761.0
TRD30003313,ORD20001393,C100120,MARUTI,NSE,SELL,CNC,1,2,11923.4,2026-09-18 10:28:24.301,304227692732,23846.8
TRD30003314,ORD20002910,C100170,RELIANCE,NSE,BUY,CNC,1,8,2831.85,2026-09-18 10:29:50.698,676299481215,22654.8
TRD30003315,ORD20002354,C100198,RELIANCE,NSE,SELL,MIS,1,9,2888.4,2026-09-18 10:31:33.193,544707062199,25995.6
TRD30003316,ORD20004819,C100102,HINDUNILVR,NSE,BUY,CNC,1,6,2518.7,2026-09-18 10:31:55.688,270417549895,15112.2
TRD30003317,ORD20004819,C100102,HINDUNILVR,NSE,BUY,CNC,2,23,2518.7,2026-09-18 10:31:56.457,825314222728,57930.1
TRD30003318,ORD20004588,C100113,ASIANPAINT,BSE,SELL,CNC,1,4,3010.35,2026-09-18 10:32:10.799,360309076527,12041.4
TRD30003319,ORD20004588,C100113,ASIANPAINT,BSE,SELL,CNC,2,10,3012.2,2026-09-18 10:32:14.170,320513318723,30122.0
TRD30003320,ORD20004588,C100113,ASIANPAINT,BSE,SELL,CNC,3,12,3009.05,2026-09-18 10:32:15.515,726095984182,36108.6
TRD30003321,ORD20002982,C100040,KOTAKBANK,NSE,BUY,MIS,1,35,1800.45,2026-09-18 10:33:47.862,477621379947,63015.75
TRD30003322,ORD20003531,C100129,RELIANCE,NSE,BUY,MIS,1,42,2816.0,2026-09-18 10:34:37.515,409285338394,118272.0
TRD30003323,ORD20001777,C100067,AXISBANK,NSE,BUY,MIS,1,64,1163.7,2026-09-18 10:36:18.655,604049704389,74476.8
TRD30003325,ORD20002093,C100149,KOTAKBANK,NSE,BUY,CNC,1,12,1801.4,2026-09-18 10:36:20.599,211957606029,21616.8
TRD30003324,ORD20001777,C100067,AXISBANK,NSE,BUY,MIS,2,34,1162.65,2026-09-18 10:36:21.150,693553249090,39530.1
TRD30003326,ORD20002417,C100108,HINDUNILVR,NSE,SELL,MIS,1,10,2400.25,2026-09-18 10:53:49.624,905778960303,24002.5
TRD30003327,ORD20002417,C100108,HINDUNILVR,NSE,SELL,MIS,2,1,2400.25,2026-09-18 10:53:51.577,435130411967,2400.25
TRD30003328,ORD20003248,C100067,ITC,NSE,BUY,CNC,1,27,448.75,2026-09-18 10:54:05.058,275829304343,12116.25
TRD30003329,ORD20003248,C100067,ITC,NSE,BUY,CNC,2,1,448.75,2026-09-18 10:54:08.927,216482411195,448.75
TRD30003330,ORD20003248,C100067,ITC,NSE,BUY,CNC,3,55,448.75,2026-09-18 10:54:12.297,909221513574,24681.25
TRD30003331,ORD20004730,C100048,RELIANCE,BSE,BUY,CNC,1,12,2883.15,2026-09-18 10:54:33.423,157218925403,34597.8
TRD30003332,ORD20004836,C100030,RELIANCE,NSE,SELL,MIS,1,1,2784.25,2026-09-18 10:56:04.700,737800515293,2784.25
TRD30003333,ORD20004759,C100102,AXISBANK,NSE,BUY,CNC,1,72,1108.6,2026-09-18 10:56:35.640,118369035736,79819.2
TRD30003334,ORD20004789,C100051,ITC,NSE,SELL,CNC,1,7,459.2,2026-09-18 10:57:13.592,890896638454,3214.4
TRD30003335,ORD20004789,C100051,ITC,NSE,SELL,CNC,2,57,459.2,2026-09-18 10:57:16.633,919364819536,26174.4
TRD30003336,ORD20000960,C100191,AXISBANK,NSE,BUY,CNC,1,1,1155.05,2026-09-18 10:57:59.989,340559167307,1155.05
TRD30003337,ORD20000960,C100191,AXISBANK,NSE,BUY,CNC,2,2,1155.05,2026-09-18 10:58:02.628,155925215899,2310.1
TRD30003338,ORD20000960,C100191,AXISBANK,NSE,BUY,CNC,3,2,1155.05,2026-09-18 10:58:05.405,135288419451,2310.1
TRD30003339,ORD20004126,C100163,BHARTIARTL,NSE,BUY,MIS,1,1,1377.6,2026-09-18 10:59:12.515,962250282769,1377.6
TRD30003340,ORD20004126,C100163,BHARTIARTL,NSE,BUY,MIS,2,1,1377.6,2026-09-18 10:59:12.878,677208008709,1377.6
TRD30003341,ORD20003622,C100161,TCS,NSE,SELL,MIS,1,11,3789.8,2026-09-18 11:04:24.238,957290545942,41687.8
TRD30003342,ORD20003622,C100161,TCS,NSE,SELL,MIS,2,9,3788.85,2026-09-18 11:04:25.042,532336643605,34099.65
TRD30003343,ORD20003622,C100161,TCS,NSE,SELL,MIS,3,6,3788.8,2026-09-18 11:04:28.569,821916026717,22732.8
TRD30003344,ORD20000193,C100187,INFY,NSE,SELL,CNC,1,2,1619.1,2026-09-18 11:05:11.762,953732083596,3238.2
TRD30003345,ORD20000193,C100187,INFY,NSE,SELL,CNC,2,2,1619.75,2026-09-18 11:05:13.865,326010157695,3239.5
TRD30003346,ORD20001914,C100191,HDFCBANK,NSE,BUY,CNC,1,3,1582.9,2026-09-18 11:12:46.713,180716823176,4748.7
TRD30003347,ORD20001914,C100191,HDFCBANK,NSE,BUY,CNC,2,4,1582.85,2026-09-18 11:12:48.176,352687351681,6331.4
TRD30003348,ORD20003568,C100055,RELIANCE,NSE,SELL,MIS,1,26,2756.9,2026-09-18 11:13:02.675,593203162556,71679.4
TRD30003349,ORD20004644,C100078,TATAMOTORS,NSE,SELL,MIS,1,14,947.65,2026-09-18 11:15:22.109,725904998559,13267.1
TRD30003350,ORD20004644,C100078,TATAMOTORS,NSE,SELL,MIS,2,17,947.65,2026-09-18 11:15:25.533,978106608089,16110.05
TRD30003351,ORD20003418,C100097,TATAMOTORS,NSE,SELL,MIS,1,27,961.05,2026-09-18 11:20:06.957,806257963562,25948.35
TRD30003352,ORD20003238,C100131,RELIANCE,NSE,SELL,CNC,1,6,2988.6,2026-09-18 11:21:41.398,178738155353,17931.6
TRD30003353,ORD20003238,C100131,RELIANCE,NSE,SELL,CNC,2,7,2988.6,2026-09-18 11:21:41.736,928513042564,20920.2
TRD30003354,ORD20003238,C100131,RELIANCE,NSE,SELL,CNC,3,4,2988.6,2026-09-18 11:21:45.265,860457391731,11954.4
TRD30003355,ORD20001496,C100130,RELIANCE,NSE,SELL,MIS,1,2,2883.75,2026-09-18 11:21:46.428,293660046925,5767.5
TRD30003356,ORD20002673,C100149,ITC,NSE,SELL,MIS,1,121,449.25,2026-09-18 11:23:15.815,903088884955,54359.25
TRD30003357,ORD20004672,C100059,INFY,NSE,BUY,MIS,1,5,1558.3,2026-09-18 11:28:51.370,304456607080,7791.5
TRD30003358,ORD20004672,C100059,INFY,NSE,BUY,MIS,2,8,1558.3,2026-09-18 11:28:53.825,572039250727,12466.4
TRD30003359,ORD20004672,C100059,INFY,NSE,BUY,MIS,3,1,1558.3,2026-09-18 11:28:54.091,792124656216,1558.3
TRD30003360,ORD20001106,C100022,MARUTI,NSE,SELL,MIS,1,8,11491.65,2026-09-18 11:30:29.076,186200695678,91933.2
TRD30003361,ORD20000003,C100112,ITC,NSE,BUY,MIS,1,14,455.8,2026-09-18 11:35:47.133,736632351354,6381.2
TRD30003362,ORD20000003,C100112,ITC,NSE,BUY,MIS,2,7,455.8,2026-09-18 11:35:47.812,565984107338,3190.6
TRD30003363,ORD20000003,C100112,ITC,NSE,BUY,MIS,3,19,455.8,2026-09-18 11:35:48.494,558657861234,8660.2
TRD30003364,ORD20003981,C100005,HINDUNILVR,NSE,SELL,CNC,1,1,2484.7,2026-09-18 11:36:08.198,656879491424,2484.7
TRD30003365,ORD20003981,C100005,HINDUNILVR,NSE,SELL,CNC,2,1,2482.25,2026-09-18 11:36:10.854,168130711761,2482.25
TRD30003366,ORD20000747,C100154,TATAMOTORS,NSE,BUY,MIS,1,34,967.1,2026-09-18 11:37:17.541,214550826424,32881.4
TRD30003367,ORD20000747,C100154,TATAMOTORS,NSE,BUY,MIS,2,32,967.1,2026-09-18 11:37:19.840,258937958733,30947.2
TRD30003368,ORD20002665,C100116,AXISBANK,NSE,BUY,CNC,1,11,1127.85,2026-09-18 11:37:32.334,236467406088,12406.35
TRD30003369,ORD20002665,C100116,AXISBANK,NSE,BUY,CNC,2,22,1127.85,2026-09-18 11:37:33.103,504289024675,24812.7
TRD30003371,ORD20004929,C100133,TCS,NSE,BUY,MIS,1,1,3906.6,2026-09-18 11:40:13.654,220441354787,3906.6
TRD30003370,ORD20000887,C100168,INFY,BSE,BUY,CNC,1,7,1566.9,2026-09-18 11:40:15.839,640159388559,10968.3
TRD30003372,ORD20002185,C100139,BHARTIARTL,NSE,SELL,MIS,1,4,1463.75,2026-09-18 11:45:06.179,770415684096,5855.0
TRD30003373,ORD20004500,C100045,NTPC,NSE,BUY,CNC,1,15,352.3,2026-09-18 11:48:47.728,863766266321,5284.5
TRD30003374,ORD20004500,C100045,NTPC,NSE,BUY,CNC,2,6,352.3,2026-09-18 11:48:49.407,186976198760,2113.8
TRD30003375,ORD20004500,C100045,NTPC,NSE,BUY,CNC,3,12,352.3,2026-09-18 11:48:52.196,251458147656,4227.6
TRD30003376,ORD20000305,C100085,NTPC,NSE,SELL,CNC,1,7,364.85,2026-09-18 11:48:59.203,432385709367,2553.95
TRD30003377,ORD20000305,C100085,NTPC,NSE,SELL,CNC,2,8,364.85,2026-09-18 11:49:00.843,691339180793,2918.8
TRD30003378,ORD20001325,C100023,ONGC,NSE,SELL,MIS,1,8,269.1,2026-09-18 11:50:38.004,176888597825,2152.8
TRD30003379,ORD20001325,C100023,ONGC,NSE,SELL,MIS,2,44,269.1,2026-09-18 11:50:38.942,412570647952,11840.4
TRD30003380,ORD20003451,C100036,HDFCBANK,NSE,BUY,MIS,1,7,1630.0,2026-09-18 11:54:05.561,991755576552,11410.0
TRD30003381,ORD20001686,C100111,TCS,NSE,BUY,MIS,1,1,3934.2,2026-09-18 11:58:07.591,568189195870,3934.2
TRD30003382,ORD20004693,C100123,HINDUNILVR,NSE,BUY,CNC,1,1,2390.2,2026-09-18 11:58:36.623,255949846367,2390.2
TRD30003383,ORD20004693,C100123,HINDUNILVR,NSE,BUY,CNC,2,1,2390.2,2026-09-18 11:58:38.529,650447792041,2390.2
TRD30003384,ORD20001663,C100030,ICICIBANK,NSE,SELL,CNC,1,6,1203.4,2026-09-18 12:00:01.390,420808853656,7220.4
TRD30003385,ORD20001663,C100030,ICICIBANK,NSE,SELL,CNC,2,9,1203.25,2026-09-18 12:00:01.493,900726873005,10829.25
TRD30003386,ORD20004219,C100111,HINDUNILVR,BSE,BUY,MIS,1,1,2506.7,2026-09-18 12:03:54.623,955521308831,2506.7
TRD30003387,ORD20004219,C100111,HINDUNILVR,BSE,BUY,MIS,2,1,2506.7,2026-09-18 12:03:55.758,311745718442,2506.7
TRD30003388,ORD20000030,C100101,BHARTIARTL,NSE,SELL,CNC,1,2,1343.75,2026-09-18 12:04:12.302,926982626156,2687.5
TRD30003389,ORD20000030,C100101,BHARTIARTL,NSE,SELL,CNC,2,2,1343.55,2026-09-18 12:04:15.178,798220081399,2687.1
TRD30003390,ORD20001526,C100030,RELIANCE,NSE,BUY,CNC,1,1,3000.9,2026-09-18 12:05:49.204,240059101151,3000.9
TRD30003391,ORD20000629,C100044,HINDUNILVR,NSE,BUY,CNC,1,15,2438.45,2026-09-18 12:06:37.926,843575257233,36576.75
TRD30003392,ORD20000629,C100044,HINDUNILVR,NSE,BUY,CNC,2,7,2438.45,2026-09-18 12:06:38.242,260000455919,17069.15
TRD30003393,ORD20000629,C100044,HINDUNILVR,NSE,BUY,CNC,3,8,2438.45,2026-09-18 12:06:41.200,108731140500,19507.6
TRD30003394,ORD20000574,C100112,ITC,NSE,SELL,MIS,1,6,469.0,2026-09-18 12:07:08.771,800129319351,2814.0
TRD30003395,ORD20000574,C100112,ITC,NSE,SELL,MIS,2,37,469.15,2026-09-18 12:07:12.601,411523753445,17358.55
TRD30003396,ORD20000574,C100112,ITC,NSE,SELL,MIS,3,150,469.2,2026-09-18 12:07:12.745,929483577320,70380.0
TRD30003397,ORD20001614,C100007,HDFCBANK,NSE,SELL,CNC,1,13,1634.0,2026-09-18 12:13:07.640,498599150992,21242.0
TRD30003398,ORD20001733,C100031,BHARTIARTL,NSE,BUY,MIS,1,4,1434.95,2026-09-18 12:13:40.566,649398140481,5739.8
TRD30003399,ORD20000701,C100049,ITC,NSE,SELL,MIS,1,313,447.8,2026-09-18 12:15:15.071,771243382224,140161.4
TRD30003400,ORD20004154,C100012,BHARTIARTL,NSE,SELL,MIS,1,7,1330.25,2026-09-18 12:16:11.374,859962000028,9311.75
TRD30003401,ORD20004154,C100012,BHARTIARTL,NSE,SELL,MIS,2,14,1329.1,2026-09-18 12:16:15.147,259686824152,18607.4
TRD30003402,ORD20001448,C100146,ICICIBANK,NSE,SELL,CNC,1,4,1214.05,2026-09-18 12:18:36.866,283704418129,4856.2
TRD30003403,ORD20001448,C100146,ICICIBANK,NSE,SELL,CNC,2,14,1214.05,2026-09-18 12:18:38.978,899053294466,16996.7
TRD30003404,ORD20002461,C100150,HDFCBANK,NSE,BUY,CNC,1,1,1659.15,2026-09-18 12:19:37.624,362769924198,1659.15
TRD30003405,ORD20002461,C100150,HDFCBANK,NSE,BUY,CNC,2,4,1659.15,2026-09-18 12:19:37.991,673525971014,6636.6
TRD30003406,ORD20001562,C100054,KOTAKBANK,NSE,SELL,MIS,1,40,1748.1,2026-09-18 12:20:31.514,163802915944,69924.0
TRD30003407,ORD20001295,C100030,AXISBANK,NSE,BUY,MIS,1,2,1076.65,2026-09-18 12:23:23.086,700987745403,2153.3
TRD30003408,ORD20001295,C100030,AXISBANK,NSE,BUY,MIS,2,5,1076.65,2026-09-18 12:23:25.132,267590840816,5383.25
TRD30003409,ORD20001295,C100030,AXISBANK,NSE,BUY,MIS,3,5,1076.65,2026-09-18 12:23:25.473,818032996719,5383.25
TRD30003410,ORD20004416,C100091,ONGC,NSE,BUY,CNC,1,5,264.9,2026-09-18 12:24:01.559,767776646383,1324.5
TRD30003411,ORD20004416,C100091,ONGC,NSE,BUY,CNC,2,34,264.95,2026-09-18 12:24:02.697,629215695055,9008.3
TRD30003412,ORD20003707,C100077,ASIANPAINT,NSE,BUY,MIS,1,15,2884.05,2026-09-18 12:27:56.785,235452373750,43260.75
TRD30003413,ORD20003707,C100077,ASIANPAINT,NSE,BUY,MIS,2,16,2884.05,2026-09-18 12:28:00.661,338691929733,46144.8
TRD30003414,ORD20003707,C100077,ASIANPAINT,NSE,BUY,MIS,3,4,2884.05,2026-09-18 12:28:02.500,137966488960,11536.2
TRD30003415,ORD20000709,C100037,NTPC,NSE,BUY,MIS,1,88,373.1,2026-09-18 12:31:28.411,383525375658,32832.8
TRD30003416,ORD20004084,C100103,HDFCBANK,NSE,BUY,MIS,1,22,1543.7,2026-09-18 12:34:01.031,442601665605,33961.4
TRD30003417,ORD20004084,C100103,HDFCBANK,NSE,BUY,MIS,2,53,1543.25,2026-09-18 12:34:01.130,518711988832,81792.25
TRD30003418,ORD20002875,C100027,SBIN,NSE,BUY,MIS,1,10,825.1,2026-09-18 12:37:21.415,997085724958,8251.0
TRD30003419,ORD20002875,C100027,SBIN,NSE,BUY,MIS,2,2,826.7,2026-09-18 12:37:22.739,752767575457,1653.4
TRD30003420,ORD20002875,C100027,SBIN,NSE,BUY,MIS,3,5,825.25,2026-09-18 12:37:26.036,453633643643,4126.25
TRD30003421,ORD20004990,C100197,BHARTIARTL,NSE,SELL,MIS,1,37,1439.3,2026-09-18 12:38:17.359,861109209205,53254.1
TRD30003422,ORD20004990,C100197,BHARTIARTL,NSE,SELL,MIS,2,4,1439.4,2026-09-18 12:38:18.590,429832101142,5757.6
TRD30003423,ORD20002102,C100112,AXISBANK,BSE,BUY,CNC,1,6,1112.55,2026-09-18 12:41:55.517,426193686730,6675.3
TRD30003424,ORD20001590,C100006,MARUTI,NSE,SELL,CNC,1,1,12182.95,2026-09-18 12:42:35.161,157328092789,12182.95
TRD30003425,ORD20002012,C100015,AXISBANK,NSE,SELL,CNC,1,11,1135.2,2026-09-18 12:44:34.634,761682125916,12487.2
TRD30003426,ORD20002012,C100015,AXISBANK,NSE,SELL,CNC,2,10,1135.2,2026-09-18 12:44:38.494,282095192216,11352.0
TRD30003427,ORD20001629,C100019,AXISBANK,NSE,BUY,CNC,1,2,1142.0,2026-09-18 12:44:54.653,311623778883,2284.0
TRD30003428,ORD20001629,C100019,AXISBANK,NSE,BUY,CNC,2,16,1142.0,2026-09-18 12:44:58.175,411655005666,18272.0
TRD30003429,ORD20000298,C100160,INFY,NSE,BUY,CNC,1,7,1674.6,2026-09-18 12:47:59.816,839741554624,11722.2
TRD30003430,ORD20000298,C100160,INFY,NSE,BUY,CNC,2,4,1674.6,2026-09-18 12:48:00.753,874575588140,6698.4
TRD30003431,ORD20000298,C100160,INFY,NSE,BUY,CNC,3,4,1674.6,2026-09-18 12:48:01.990,595824559611,6698.4
TRD30003432,ORD20002790,C100011,TATAMOTORS,NSE,BUY,CNC,1,6,912.05,2026-09-18 12:49:46.809,933029949322,5472.3
TRD30003433,ORD20002790,C100011,TATAMOTORS,NSE,BUY,CNC,2,23,912.05,2026-09-18 12:49:48.220,484489466171,20977.15
TRD30003434,ORD20002790,C100011,TATAMOTORS,NSE,BUY,CNC,3,11,912.05,2026-09-18 12:49:48.333,644381312037,10032.55
TRD30003435,ORD20000585,C100196,BHARTIARTL,NSE,BUY,CNC,1,6,1359.05,2026-09-18 12:50:23.786,936318702220,8154.3
TRD30003436,ORD20000543,C100075,TATAMOTORS,NSE,SELL,CNC,1,17,940.95,2026-09-18 12:52:21.547,569173234209,15996.15
TRD30003437,ORD20000543,C100075,TATAMOTORS,NSE,SELL,CNC,2,51,940.85,2026-09-18 12:52:23.702,514870776542,47983.35
TRD30003438,ORD20000543,C100075,TATAMOTORS,NSE,SELL,CNC,3,3,938.3,2026-09-18 12:52:26.908,126073396335,2814.9
TRD30003439,ORD20003322,C100056,TATAMOTORS,NSE,SELL,MIS,1,1,969.55,2026-09-18 12:53:16.828,892480278205,969.55
TRD30003440,ORD20003322,C100056,TATAMOTORS,NSE,SELL,MIS,2,12,967.55,2026-09-18 12:53:19.734,270092702237,11610.6
TRD30003441,ORD20002435,C100006,MARUTI,NSE,SELL,MIS,1,2,11486.05,2026-09-18 12:53:30.746,511325462433,22972.1
TRD30003442,ORD20003359,C100148,ICICIBANK,NSE,BUY,CNC,1,4,1231.4,2026-09-18 12:54:40.793,814645076741,4925.6
TRD30003443,ORD20003359,C100148,ICICIBANK,NSE,BUY,CNC,2,4,1231.4,2026-09-18 12:54:43.686,561390788846,4925.6
TRD30003444,ORD20003359,C100148,ICICIBANK,NSE,BUY,CNC,3,4,1231.4,2026-09-18 12:54:44.699,802885760533,4925.6
TRD30003445,ORD20000158,C100152,NTPC,NSE,SELL,MIS,1,33,359.35,2026-09-18 12:56:02.271,853055102746,11858.55
TRD30003446,ORD20000128,C100039,TCS,NSE,SELL,MIS,1,1,3909.0,2026-09-18 12:57:17.892,869765619439,3909.0
TRD30003447,ORD20001851,C100101,SBIN,NSE,SELL,CNC,1,6,749.15,2026-09-18 12:59:36.493,171616583896,4494.9
TRD30003448,ORD20001960,C100005,ONGC,NSE,BUY,CNC,1,394,270.65,2026-09-18 13:00:53.667,285902269721,106636.1
TRD30003449,ORD20002533,C100133,HDFCBANK,NSE,SELL,CNC,1,1,1604.4,2026-09-18 13:01:24.504,918527303168,1604.4
TRD30003450,ORD20002533,C100133,HDFCBANK,NSE,SELL,CNC,2,1,1604.4,2026-09-18 13:01:27.828,336486737551,1604.4
TRD30003451,ORD20001824,C100053,HINDUNILVR,NSE,SELL,CNC,1,50,2511.6,2026-09-18 13:03:38.761,735991540378,125580.0
TRD30003452,ORD20002048,C100152,TCS,NSE,BUY,MIS,1,1,3748.7,2026-09-18 13:03:42.698,576146370066,3748.7
TRD30003453,ORD20000621,C100050,TCS,NSE,BUY,MIS,1,1,3946.25,2026-09-18 13:04:31.620,943283641521,3946.25
TRD30003454,ORD20001929,C100104,TATAMOTORS,NSE,BUY,MIS,1,1,971.75,2026-09-18 13:06:39.251,329870032733,971.75
TRD30003455,ORD20001929,C100104,TATAMOTORS,NSE,BUY,MIS,2,2,971.75,2026-09-18 13:06:42.864,825623698729,1943.5
TRD30003456,ORD20001929,C100104,TATAMOTORS,NSE,BUY,MIS,3,14,971.75,2026-09-18 13:06:45.798,468686124506,13604.5
TRD30003457,ORD20004455,C100061,HINDUNILVR,NSE,BUY,MIS,1,4,2315.3,2026-09-18 13:07:20.700,316375000495,9261.2
TRD30003458,ORD20004455,C100061,HINDUNILVR,NSE,BUY,MIS,2,7,2315.3,2026-09-18 13:07:22.567,541775603704,16207.1
TRD30003459,ORD20001182,C100104,MARUTI,NSE,SELL,CNC,1,1,12053.0,2026-09-18 13:08:07.939,586832803866,12053.0
TRD30003460,ORD20003959,C100086,RELIANCE,NSE,SELL,CNC,1,5,2831.45,2026-09-18 13:09:20.780,199199894047,14157.25
TRD30003461,ORD20003959,C100086,RELIANCE,NSE,SELL,CNC,2,5,2831.45,2026-09-18 13:09:21.741,272980197217,14157.25
TRD30003462,ORD20003959,C100086,RELIANCE,NSE,SELL,CNC,3,6,2831.45,2026-09-18 13:09:21.832,918316016750,16988.7
TRD30003463,ORD20000915,C100124,TITAN,NSE,SELL,MIS,1,20,3284.85,2026-09-18 13:12:31.598,699135028811,65697.0
TRD30003464,ORD20002644,C100036,HINDUNILVR,BSE,SELL,CNC,1,1,2263.2,2026-09-18 13:13:05.477,733720022159,2263.2
TRD30003465,ORD20002644,C100036,HINDUNILVR,BSE,SELL,CNC,2,1,2263.2,2026-09-18 13:13:07.822,418567963853,2263.2
TRD30003466,ORD20000284,C100143,ITC,NSE,BUY,MIS,1,278,445.9,2026-09-18 13:13:36.808,585791978352,123960.2
TRD30003467,ORD20002436,C100163,ONGC,NSE,SELL,MIS,1,109,277.7,2026-09-18 13:15:23.786,134680423346,30269.3
TRD30003468,ORD20002436,C100163,ONGC,NSE,SELL,MIS,2,7,277.7,2026-09-18 13:15:25.008,228928175731,1943.9
TRD30003469,ORD20002436,C100163,ONGC,NSE,SELL,MIS,3,54,277.7,2026-09-18 13:15:27.301,977970523464,14995.8
TRD30003470,ORD20002485,C100000,KOTAKBANK,NSE,SELL,CNC,1,3,1769.5,2026-09-18 13:17:53.129,288613617240,5308.5
TRD30003471,ORD20002485,C100000,KOTAKBANK,NSE,SELL,CNC,2,8,1769.5,2026-09-18 13:17:56.832,541799683902,14156.0
TRD30003472,ORD20002485,C100000,KOTAKBANK,NSE,SELL,CNC,3,5,1769.5,2026-09-18 13:17:57.534,937359236220,8847.5
TRD30003473,ORD20001865,C100173,SBIN,NSE,SELL,MIS,1,1,801.05,2026-09-18 13:19:00.357,688001898590,801.05
TRD30003474,ORD20001865,C100173,SBIN,NSE,SELL,MIS,2,1,800.4,2026-09-18 13:19:02.944,249543196762,800.4
TRD30003475,ORD20001865,C100173,SBIN,NSE,SELL,MIS,3,3,801.2,2026-09-18 13:19:03.771,504355144845,2403.6
TRD30003476,ORD20004998,C100172,HDFCBANK,NSE,SELL,CNC,1,8,1647.95,2026-09-18 13:25:26.173,516422005104,13183.6
TRD30003479,ORD20002847,C100188,ITC,NSE,SELL,MIS,1,1,451.25,2026-09-18 13:26:49.479,600123049277,451.25
TRD30003477,ORD20004659,C100122,RELIANCE,NSE,SELL,MIS,1,11,2788.05,2026-09-18 13:26:51.272,528008612723,30668.55
TRD30003480,ORD20002847,C100188,ITC,NSE,SELL,MIS,2,4,451.25,2026-09-18 13:26:51.519,789212955507,1805.0
TRD30003478,ORD20004659,C100122,RELIANCE,NSE,SELL,MIS,2,12,2788.05,2026-09-18 13:26:52.559,857272230032,33456.6
TRD30003481,ORD20002847,C100188,ITC,NSE,SELL,MIS,3,5,451.25,2026-09-18 13:26:54.350,428691914416,2256.25
TRD30003482,ORD20003796,C100131,KOTAKBANK,NSE,SELL,MIS,1,10,1722.55,2026-09-18 13:31:12.236,726295165201,17225.5
TRD30003483,ORD20003680,C100163,ITC,BSE,SELL,CNC,1,115,451.5,2026-09-18 13:33:06.979,485405736423,51922.5
TRD30003484,ORD20003544,C100000,KOTAKBANK,NSE,SELL,MIS,1,2,1657.9,2026-09-18 13:38:30.936,790670397348,3315.8
TRD30003485,ORD20003544,C100000,KOTAKBANK,NSE,SELL,MIS,2,7,1660.55,2026-09-18 13:38:33.202,761899122923,11623.85
TRD30003486,ORD20000291,C100093,ITC,NSE,SELL,MIS,1,9,436.9,2026-09-18 13:40:16.942,406326990888,3932.1
TRD30003487,ORD20002683,C100116,WIPRO,NSE,BUY,CNC,1,170,468.0,2026-09-18 13:40:50.259,420795172497,79560.0
TRD30003488,ORD20002683,C100116,WIPRO,NSE,BUY,CNC,2,32,468.15,2026-09-18 13:40:52.009,840657238823,14980.8
TRD30003489,ORD20001434,C100041,KOTAKBANK,NSE,BUY,MIS,1,8,1733.75,2026-09-18 13:40:59.897,637802261310,13870.0
TRD30003490,ORD20000523,C100162,BHARTIARTL,NSE,SELL,CNC,1,2,1380.35,2026-09-18 13:42:43.990,654272447094,2760.7
TRD30003491,ORD20000523,C100162,BHARTIARTL,NSE,SELL,CNC,2,6,1378.8,2026-09-18 13:42:46.838,962696900532,8272.8
TRD30003492,ORD20004694,C100070,BHARTIARTL,NSE,BUY,MIS,1,1,1377.45,2026-09-18 13:42:47.579,301002697827,1377.45
TRD30003493,ORD20004694,C100070,BHARTIARTL,NSE,BUY,MIS,2,1,1377.4,2026-09-18 13:42:48.524,569769359793,1377.4
TRD30003494,ORD20001982,C100061,ICICIBANK,NSE,BUY,MIS,1,4,1262.45,2026-09-18 13:43:52.268,276149155338,5049.8
TRD30003495,ORD20002271,C100038,TATAMOTORS,NSE,SELL,CNC,1,14,963.25,2026-09-18 13:43:59.820,315633804755,13485.5
TRD30003496,ORD20002271,C100038,TATAMOTORS,NSE,SELL,CNC,2,4,963.25,2026-09-18 13:44:00.617,648122190771,3853.0
TRD30003497,ORD20001573,C100017,ITC,BSE,BUY,CNC,1,127,450.25,2026-09-18 13:44:19.947,203646456635,57181.75
TRD30003498,ORD20001573,C100017,ITC,BSE,BUY,CNC,2,156,450.25,2026-09-18 13:44:20.090,234166716701,70239.0
TRD30003499,ORD20002475,C100185,NTPC,NSE,SELL,MIS,1,139,354.8,2026-09-18 13:44:57.553,319116698779,49317.2
TRD30003500,ORD20002475,C100185,NTPC,NSE,SELL,MIS,2,53,354.0,2026-09-18 13:44:59.763,557266898062,18762.0
TRD30003501,ORD20000260,C100164,KOTAKBANK,NSE,SELL,CNC,1,20,1750.4,2026-09-18 13:50:33.625,963185876239,35008.0
TRD30003502,ORD20000260,C100164,KOTAKBANK,NSE,SELL,CNC,2,10,1750.4,2026-09-18 13:50:35.937,712829168101,17504.0
TRD30003503,ORD20003279,C100055,ASIANPAINT,NSE,BUY,CNC,1,30,2979.2,2026-09-18 13:50:46.241,687955775413,89376.0
TRD30003504,ORD20002762,C100133,ONGC,NSE,SELL,MIS,1,31,265.5,2026-09-18 13:54:14.564,432857935595,8230.5
TRD30003505,ORD20002762,C100133,ONGC,NSE,SELL,MIS,2,41,265.85,2026-09-18 13:54:16.087,180395820292,10899.85
TRD30003506,ORD20003425,C100122,MARUTI,NSE,BUY,MIS,1,1,11699.25,2026-09-18 13:54:53.829,816008950485,11699.25
TRD30003507,ORD20004767,C100159,HDFCBANK,NSE,SELL,CNC,1,33,1603.2,2026-09-18 13:56:01.912,135005764993,52905.6
TRD30003508,ORD20004201,C100008,ITC,NSE,BUY,CNC,1,20,430.55,2026-09-18 13:57:04.871,765092637488,8611.0
TRD30003509,ORD20004201,C100008,ITC,NSE,BUY,CNC,2,1,430.55,2026-09-18 13:57:05.154,426806864162,430.55
TRD30003510,ORD20004201,C100008,ITC,NSE,BUY,CNC,3,45,430.55,2026-09-18 13:57:08.459,528670454646,19374.75
TRD30003511,ORD20001707,C100163,ITC,NSE,SELL,CNC,1,121,438.3,2026-09-18 13:57:17.875,568064146187,53034.3
TRD30003512,ORD20001408,C100073,ITC,NSE,SELL,MIS,1,53,457.95,2026-09-18 13:57:31.784,321068053319,24271.35
TRD30003513,ORD20002110,C100079,ITC,NSE,SELL,CNC,1,50,436.5,2026-09-18 13:57:42.382,701306073481,21825.0
TRD30003514,ORD20003462,C100107,ITC,NSE,SELL,CNC,1,294,455.25,2026-09-18 14:00:19.567,351186751067,133843.5
TRD30003515,ORD20002261,C100144,RELIANCE,NSE,BUY,MIS,1,12,2979.85,2026-09-18 14:01:24.399,231320836502,35758.2
TRD30003516,ORD20002261,C100144,RELIANCE,NSE,BUY,MIS,2,6,2979.85,2026-09-18 14:01:25.884,423997328202,17879.1
TRD30003517,ORD20002261,C100144,RELIANCE,NSE,BUY,MIS,3,5,2979.85,2026-09-18 14:01:27.508,851400735351,14899.25
TRD30003518,ORD20004902,C100165,KOTAKBANK,NSE,BUY,MIS,1,27,1686.1,2026-09-18 14:01:30.129,474640023499,45524.7
TRD30003519,ORD20004902,C100165,KOTAKBANK,NSE,BUY,MIS,2,49,1686.1,2026-09-18 14:01:32.798,967127438527,82618.9
TRD30003520,ORD20004996,C100071,HDFCBANK,NSE,BUY,MIS,1,38,1561.9,2026-09-18 14:05:07.856,133468816376,59352.2
TRD30003521,ORD20004996,C100071,HDFCBANK,NSE,BUY,MIS,2,1,1561.85,2026-09-18 14:05:09.647,116505253288,1561.85
TRD30003522,ORD20004996,C100071,HDFCBANK,NSE,BUY,MIS,3,5,1561.5,2026-09-18 14:05:13.375,906654590530,7807.5
TRD30003523,ORD20003865,C100140,ITC,NSE,BUY,MIS,1,80,436.6,2026-09-18 14:06:05.043,272876796696,34928.0
TRD30003524,ORD20003865,C100140,ITC,NSE,BUY,MIS,2,115,436.6,2026-09-18 14:06:07.511,294818867010,50209.0
TRD30003525,ORD20001183,C100162,MARUTI,NSE,SELL,MIS,1,1,12737.1,2026-09-18 14:07:09.780,803677748052,12737.1
TRD30003526,ORD20000615,C100160,KOTAKBANK,NSE,BUY,CNC,1,6,1797.6,2026-09-18 14:09:02.183,262684289756,10785.6
TRD30003527,ORD20000615,C100160,KOTAKBANK,NSE,BUY,CNC,2,3,1797.6,2026-09-18 14:09:05.086,652869928227,5392.8
TRD30003528,ORD20000615,C100160,KOTAKBANK,NSE,BUY,CNC,3,11,1797.6,2026-09-18 14:09:07.170,140255228726,19773.6
TRD30003529,ORD20000666,C100031,ONGC,NSE,SELL,MIS,1,409,274.5,2026-09-18 14:09:56.842,888309750716,112270.5
TRD30003530,ORD20000666,C100031,ONGC,NSE,SELL,MIS,2,28,274.5,2026-09-18 14:09:58.874,613710742798,7686.0
TRD30003531,ORD20002728,C100101,NTPC,NSE,SELL,MIS,1,12,349.25,2026-09-18 14:11:12.959,504118678535,4191.0
TRD30003532,ORD20002707,C100033,HINDUNILVR,NSE,BUY,MIS,1,3,2432.8,2026-09-18 14:14:12.837,426733343490,7298.4
TRD30003533,ORD20002707,C100033,HINDUNILVR,NSE,BUY,MIS,2,6,2432.8,2026-09-18 14:14:14.220,381330833983,14596.8
TRD30003534,ORD20002707,C100033,HINDUNILVR,NSE,BUY,MIS,3,3,2432.8,2026-09-18 14:14:14.361,337712453096,7298.4
TRD30003535,ORD20001657,C100083,HINDUNILVR,NSE,BUY,MIS,1,1,2514.8,2026-09-18 14:14:22.821,977647952719,2514.8
TRD30003536,ORD20001657,C100083,HINDUNILVR,NSE,BUY,MIS,2,9,2514.8,2026-09-18 14:14:23.446,374617424255,22633.2
TRD30003537,ORD20003475,C100053,TCS,NSE,BUY,CNC,1,6,3965.15,2026-09-18 14:14:46.893,313897935211,23790.9
TRD30003538,ORD20003475,C100053,TCS,NSE,BUY,CNC,2,12,3965.15,2026-09-18 14:14:50.832,512079730968,47581.8
TRD30003539,ORD20002344,C100140,ONGC,BSE,SELL,CNC,1,47,262.55,2026-09-18 14:19:13.221,331679256425,12339.85
TRD30003540,ORD20002120,C100138,ITC,BSE,SELL,MIS,1,8,458.8,2026-09-18 14:20:22.804,344378278931,3670.4
TRD30003541,ORD20002120,C100138,ITC,BSE,SELL,MIS,2,4,458.95,2026-09-18 14:20:22.959,338840691757,1835.8
TRD30003542,ORD20002510,C100074,RELIANCE,NSE,BUY,CNC,1,1,2841.8,2026-09-18 14:20:36.851,224058509356,2841.8
TRD30003543,ORD20002510,C100074,RELIANCE,NSE,BUY,CNC,2,1,2839.4,2026-09-18 14:20:38.140,898191871877,2839.4
TRD30003544,ORD20002269,C100028,INFY,NSE,SELL,MIS,1,1,1531.0,2026-09-18 14:22:28.130,265763465403,1531.0
TRD30003545,ORD20003372,C100000,RELIANCE,NSE,BUY,MIS,1,1,2840.4,2026-09-18 14:22:34.426,119707311393,2840.4
TRD30003546,ORD20003372,C100000,RELIANCE,NSE,BUY,MIS,2,4,2840.4,2026-09-18 14:22:37.282,799843888504,11361.6
TRD30003547,ORD20003372,C100000,RELIANCE,NSE,BUY,MIS,3,6,2840.4,2026-09-18 14:22:40.621,506395387634,17042.4
TRD30003548,ORD20003424,C100121,HINDUNILVR,NSE,BUY,CNC,1,3,2308.7,2026-09-18 14:26:23.940,418741634466,6926.1
TRD30003549,ORD20003424,C100121,HINDUNILVR,NSE,BUY,CNC,2,1,2310.2,2026-09-18 14:26:27.462,579733120085,2310.2
TRD30003550,ORD20004319,C100114,KOTAKBANK,NSE,SELL,MIS,1,1,1801.35,2026-09-18 14:26:35.862,601074381234,1801.35
TRD30003551,ORD20004319,C100114,KOTAKBANK,NSE,SELL,MIS,2,1,1801.35,2026-09-18 14:26:37.466,446397108860,1801.35
TRD30003552,ORD20004319,C100114,KOTAKBANK,NSE,SELL,MIS,3,1,1801.35,2026-09-18 14:26:40.701,866354220313,1801.35
TRD30003553,ORD20004786,C100145,INFY,NSE,BUY,MIS,1,4,1578.3,2026-09-18 14:28:20.208,858515183640,6313.2
TRD30003554,ORD20004786,C100145,INFY,NSE,BUY,MIS,2,5,1580.2,2026-09-18 14:28:23.649,428819175609,7901.0
TRD30003555,ORD20004786,C100145,INFY,NSE,BUY,MIS,3,8,1579.5,2026-09-18 14:28:25.612,299892193627,12636.0
TRD30003557,ORD20002060,C100139,BHARTIARTL,NSE,SELL,MIS,1,3,1404.0,2026-09-18 14:29:01.874,240573438118,4212.0
TRD30003556,ORD20004312,C100068,MARUTI,NSE,BUY,CNC,1,1,12455.2,2026-09-18 14:29:02.844,537826727155,12455.2
TRD30003558,ORD20002060,C100139,BHARTIARTL,NSE,SELL,MIS,2,13,1404.0,2026-09-18 14:29:04.317,354089078881,18252.0
TRD30003559,ORD20002060,C100139,BHARTIARTL,NSE,SELL,MIS,3,9,1404.0,2026-09-18 14:29:07.034,444842879546,12636.0
TRD30003560,ORD20002505,C100059,ONGC,NSE,SELL,CNC,1,26,274.6,2026-09-18 14:29:53.860,444549670457,7139.6
TRD30003561,ORD20002505,C100059,ONGC,NSE,SELL,CNC,2,86,274.1,2026-09-18 14:29:54.439,261475855084,23572.6
TRD30003562,ORD20001129,C100088,BHARTIARTL,NSE,SELL,CNC,1,1,1364.45,2026-09-18 14:30:59.183,558536569044,1364.45
TRD30003563,ORD20001129,C100088,BHARTIARTL,NSE,SELL,CNC,2,2,1364.45,2026-09-18 14:31:00.680,652429724496,2728.9
TRD30003564,ORD20001129,C100088,BHARTIARTL,NSE,SELL,CNC,3,2,1364.45,2026-09-18 14:31:01.312,650507431407,2728.9
TRD30003565,ORD20003510,C100064,TCS,NSE,SELL,MIS,1,18,3899.85,2026-09-18 14:32:09.211,822039431671,70197.3
TRD30003566,ORD20000474,C100133,TATAMOTORS,NSE,SELL,MIS,1,7,909.9,2026-09-18 14:36:16.790,169447959281,6369.3
TRD30003567,ORD20000139,C100195,ITC,NSE,BUY,MIS,1,71,453.85,2026-09-18 14:36:36.239,241202024936,32223.35
TRD30003568,ORD20000139,C100195,ITC,NSE,BUY,MIS,2,9,453.85,2026-09-18 14:36:37.776,493271362260,4084.65
TRD30003569,ORD20001222,C100143,TATAMOTORS,NSE,BUY,MIS,1,35,960.2,2026-09-18 14:40:29.483,534536178435,33607.0
TRD30003570,ORD20002925,C100023,ITC,NSE,SELL,MIS,1,75,446.1,2026-09-18 14:40:55.434,284918847235,33457.5
TRD30003571,ORD20002925,C100023,ITC,NSE,SELL,MIS,2,9,446.1,2026-09-18 14:40:58.162,369415620734,4014.9
TRD30003572,ORD20002478,C100057,HINDUNILVR,NSE,SELL,CNC,1,36,2365.4,2026-09-18 14:41:40.394,243455477449,85154.4
TRD30003573,ORD20002478,C100057,HINDUNILVR,NSE,SELL,CNC,2,8,2363.85,2026-09-18 14:41:44.101,588461094751,18910.8
TRD30003574,ORD20001807,C100039,HDFCBANK,NSE,BUY,MIS,1,17,1636.9,2026-09-18 14:42:40.670,529446782073,27827.3
TRD30003575,ORD20001807,C100039,HDFCBANK,NSE,BUY,MIS,2,15,1636.9,2026-09-18 14:42:42.537,719144322177,24553.5
TRD30003576,ORD20002026,C100057,BHARTIARTL,NSE,BUY,MIS,1,1,1320.1,2026-09-18 14:44:38.794,667451620296,1320.1
TRD30003577,ORD20003138,C100174,TCS,NSE,SELL,MIS,1,1,3822.35,2026-09-18 14:46:55.484,343800258888,3822.35
TRD30003578,ORD20003138,C100174,TCS,NSE,SELL,MIS,2,1,3820.15,2026-09-18 14:46:56.616,784203484167,3820.15
TRD30003579,ORD20003138,C100174,TCS,NSE,SELL,MIS,3,1,3822.35,2026-09-18 14:46:59.724,236644610499,3822.35
TRD30003580,ORD20004093,C100087,HINDUNILVR,NSE,BUY,MIS,1,1,2455.55,2026-09-18 14:49:08.221,667353426743,2455.55
TRD30003581,ORD20004093,C100087,HINDUNILVR,NSE,BUY,MIS,2,8,2455.55,2026-09-18 14:49:10.375,658050924532,19644.4
TRD30003582,ORD20004138,C100199,INFY,NSE,SELL,CNC,1,3,1548.1,2026-09-18 14:54:38.677,311865015615,4644.3
TRD30003583,ORD20002722,C100146,ITC,NSE,SELL,CNC,1,81,434.45,2026-09-18 14:55:03.729,275840273577,35190.45
TRD30003584,ORD20002722,C100146,ITC,NSE,SELL,CNC,2,8,434.45,2026-09-18 14:55:04.077,196075712582,3475.6
TRD30003585,ORD20000596,C100017,HINDUNILVR,NSE,BUY,MIS,1,16,2490.2,2026-09-18 14:58:00.699,658335196676,39843.2
TRD30003586,ORD20000596,C100017,HINDUNILVR,NSE,BUY,MIS,2,2,2490.2,2026-09-18 14:58:00.880,427577091121,4980.4
TRD30003587,ORD20000596,C100017,HINDUNILVR,NSE,BUY,MIS,3,13,2490.2,2026-09-18 14:58:02.738,998844325734,32372.6
TRD30003588,ORD20001785,C100149,RELIANCE,NSE,SELL,CNC,1,1,2919.3,2026-09-18 15:00:49.974,671448526571,2919.3
TRD30003589,ORD20001260,C100026,ASIANPAINT,BSE,SELL,MIS,1,9,3088.95,2026-09-18 15:03:24.948,108910348837,27800.55
TRD30003590,ORD20001276,C100189,AXISBANK,NSE,BUY,MIS,1,5,1183.7,2026-09-18 15:04:45.555,436435688229,5918.5
TRD30003591,ORD20001276,C100189,AXISBANK,NSE,BUY,MIS,2,2,1182.75,2026-09-18 15:04:46.307,112784863466,2365.5
TRD30003592,ORD20001276,C100189,AXISBANK,NSE,BUY,MIS,3,1,1183.6,2026-09-18 15:04:49.072,663890938270,1183.6
TRD30003593,ORD20000856,C100146,ITC,NSE,BUY,MIS,1,6,446.25,2026-09-18 15:05:39.596,925858143932,2677.5
TRD30003594,ORD20000856,C100146,ITC,NSE,BUY,MIS,2,4,445.95,2026-09-18 15:05:40.658,770438621682,1783.8
TRD30003595,ORD20000856,C100146,ITC,NSE,BUY,MIS,3,1,445.65,2026-09-18 15:05:40.877,338804743755,445.65
TRD30003596,ORD20000869,C100142,HINDUNILVR,NSE,SELL,MIS,1,9,2290.85,2026-09-18 15:06:34.634,260846640383,20617.65
TRD30003597,ORD20000869,C100142,HINDUNILVR,NSE,SELL,MIS,2,20,2294.25,2026-09-18 15:06:36.982,889646136739,45885.0
TRD30003598,ORD20000869,C100142,HINDUNILVR,NSE,SELL,MIS,3,18,2294.45,2026-09-18 15:06:37.261,207405879060,41300.1
TRD30003599,ORD20003101,C100123,MARUTI,NSE,SELL,MIS,1,4,11759.9,2026-09-18 15:07:54.484,738857794851,47039.6
TRD30003600,ORD20003581,C100019,ITC,NSE,BUY,MIS,1,165,434.25,2026-09-18 15:09:20.928,319912367259,71651.25
TRD30003601,ORD20004278,C100068,ICICIBANK,NSE,SELL,CNC,1,2,1239.85,2026-09-18 15:09:52.942,371419796538,2479.7
TRD30003602,ORD20004278,C100068,ICICIBANK,NSE,SELL,CNC,2,2,1239.85,2026-09-18 15:09:55.891,142063961939,2479.7
TRD30003603,ORD20000947,C100109,NTPC,NSE,SELL,MIS,1,110,365.45,2026-09-18 15:10:24.507,252910581093,40199.5
TRD30003604,ORD20000947,C100109,NTPC,NSE,SELL,MIS,2,25,365.45,2026-09-18 15:10:27.677,135378983652,9136.25
TRD30003605,ORD20002888,C100047,RELIANCE,NSE,BUY,MIS,1,6,2960.25,2026-09-18 15:12:06.937,568441870387,17761.5
TRD30003606,ORD20002888,C100047,RELIANCE,NSE,BUY,MIS,2,4,2960.25,2026-09-18 15:12:07.079,504906554450,11841.0
TRD30003607,ORD20002888,C100047,RELIANCE,NSE,BUY,MIS,3,9,2960.25,2026-09-18 15:12:07.474,579181636914,26642.25
TRD30003608,ORD20003811,C100160,AXISBANK,NSE,SELL,MIS,1,124,1147.8,2026-09-18 15:13:48.809,158806715188,142327.2
TRD30003609,ORD20003913,C100095,TATAMOTORS,NSE,SELL,MIS,1,3,991.55,2026-09-18 15:16:35.897,825491560476,2974.65
TRD30003610,ORD20001172,C100071,HDFCBANK,BSE,BUY,MIS,1,7,1575.1,2026-09-18 15:16:41.647,211738043178,11025.7
TRD30003611,ORD20001172,C100071,HDFCBANK,BSE,BUY,MIS,2,39,1577.0,2026-09-18 15:16:45.454,848709735100,61503.0
TRD30003612,ORD20001054,C100133,HINDUNILVR,NSE,BUY,CNC,1,15,2434.3,2026-09-18 15:18:49.697,389897981198,36514.5
TRD30003613,ORD20000348,C100112,BHARTIARTL,NSE,BUY,CNC,1,17,1342.35,2026-09-18 15:22:47.882,499550422269,22819.95
TRD30003614,ORD20001421,C100090,TATAMOTORS,NSE,BUY,CNC,1,1,910.0,2026-09-18 15:24:08.718,687374569887,910.0
TRD30003615,ORD20001421,C100090,TATAMOTORS,NSE,BUY,CNC,2,3,911.1,2026-09-18 15:24:09.188,644862086187,2733.3
TRD30003616,ORD20000659,C100123,ITC,NSE,SELL,MIS,1,24,452.95,2026-09-18 15:24:23.457,609228014519,10870.8
TRD30003617,ORD20000345,C100178,BHARTIARTL,NSE,BUY,CNC,1,2,1426.05,2026-09-21 09:15:50.858,460135702859,2852.1
TRD30003618,ORD20000345,C100178,BHARTIARTL,NSE,BUY,CNC,2,1,1426.05,2026-09-21 09:15:52.705,531861407568,1426.05
TRD30003619,ORD20002763,C100082,BHARTIARTL,NSE,BUY,CNC,1,5,1405.2,2026-09-21 09:16:56.511,158976412791,7026.0
TRD30003620,ORD20002574,C100133,ITC,NSE,BUY,CNC,1,22,448.55,2026-09-21 09:17:17.855,245871544262,9868.1
TRD30003621,ORD20002574,C100133,ITC,NSE,BUY,CNC,2,64,448.55,2026-09-21 09:17:20.738,759489487094,28707.2
TRD30003622,ORD20002574,C100133,ITC,NSE,BUY,CNC,3,40,448.55,2026-09-21 09:17:23.288,705032773921,17942.0
TRD30003623,ORD20001169,C100070,ITC,NSE,BUY,CNC,1,86,469.4,2026-09-21 09:23:18.774,403128444607,40368.4
TRD30003624,ORD20001169,C100070,ITC,NSE,BUY,CNC,2,205,469.15,2026-09-21 09:23:19.739,813147440163,96175.75
TRD30003625,ORD20001169,C100070,ITC,NSE,BUY,CNC,3,26,469.1,2026-09-21 09:23:23.159,825543851684,12196.6
TRD30003626,ORD20004938,C100168,MARUTI,NSE,SELL,CNC,1,1,11806.35,2026-09-21 09:27:59.924,574753436299,11806.35
TRD30003627,ORD20000594,C100198,RELIANCE,NSE,BUY,CNC,1,9,2916.4,2026-09-21 09:29:00.411,981863363710,26247.6
TRD30003628,ORD20000027,C100004,ITC,NSE,SELL,MIS,1,9,459.1,2026-09-21 09:29:18.000,339886872095,4131.9
TRD30003629,ORD20000027,C100004,ITC,NSE,SELL,MIS,2,23,459.1,2026-09-21 09:29:19.666,365264454873,10559.3
TRD30003630,ORD20002150,C100195,TCS,NSE,BUY,MIS,1,22,3952.9,2026-09-21 09:29:50.435,108393734240,86963.8
TRD30003631,ORD20001087,C100066,HINDUNILVR,NSE,BUY,CNC,1,40,2498.4,2026-09-21 09:32:05.181,234872660791,99936.0
TRD30003632,ORD20001087,C100066,HINDUNILVR,NSE,BUY,CNC,2,14,2498.0,2026-09-21 09:32:07.141,836165775129,34972.0
TRD30003633,ORD20002419,C100099,BHARTIARTL,NSE,SELL,MIS,1,2,1438.85,2026-09-21 09:33:03.064,666327791601,2877.7
TRD30003634,ORD20002419,C100099,BHARTIARTL,NSE,SELL,MIS,2,6,1438.85,2026-09-21 09:33:06.752,271125461865,8633.1
TRD30003635,ORD20002419,C100099,BHARTIARTL,NSE,SELL,MIS,3,41,1438.85,2026-09-21 09:33:09.327,709563918106,58992.85
TRD30003636,ORD20003285,C100013,ITC,NSE,SELL,MIS,1,48,463.35,2026-09-21 09:35:43.497,247201437237,22240.8
TRD30003637,ORD20003471,C100122,MARUTI,NSE,SELL,CNC,1,1,11854.3,2026-09-21 09:36:14.891,466025222891,11854.3
TRD30003638,ORD20003471,C100122,MARUTI,NSE,SELL,CNC,2,1,11840.0,2026-09-21 09:36:17.565,998262557977,11840.0
TRD30003639,ORD20004066,C100145,ITC,NSE,SELL,MIS,1,110,456.95,2026-09-21 09:39:00.970,384670093434,50264.5
TRD30003640,ORD20004066,C100145,ITC,NSE,SELL,MIS,2,103,456.95,2026-09-21 09:39:04.655,711322535389,47065.85
TRD30003641,ORD20004066,C100145,ITC,NSE,SELL,MIS,3,98,456.95,2026-09-21 09:39:05.714,105457707082,44781.1
TRD30003642,ORD20004392,C100162,TATAMOTORS,NSE,SELL,CNC,1,3,942.65,2026-09-21 09:40:15.987,369560423475,2827.95
TRD30003643,ORD20004392,C100162,TATAMOTORS,NSE,SELL,CNC,2,2,942.65,2026-09-21 09:40:16.894,375053007223,1885.3
TRD30003644,ORD20000423,C100073,ITC,NSE,SELL,CNC,1,42,464.7,2026-09-21 09:41:26.340,854169213535,19517.4
TRD30003645,ORD20000423,C100073,ITC,NSE,SELL,CNC,2,37,464.7,2026-09-21 09:41:29.222,253410138923,17193.9
TRD30003646,ORD20000317,C100134,HDFCBANK,NSE,SELL,MIS,1,3,1664.1,2026-09-21 09:44:42.625,389901733678,4992.3
TRD30003647,ORD20003423,C100156,AXISBANK,NSE,SELL,CNC,1,1,1127.65,2026-09-21 09:45:24.576,246728021647,1127.65
TRD30003648,ORD20003423,C100156,AXISBANK,NSE,SELL,CNC,2,1,1127.65,2026-09-21 09:45:26.712,528778051597,1127.65
TRD30003649,ORD20003423,C100156,AXISBANK,NSE,SELL,CNC,3,1,1127.65,2026-09-21 09:45:27.043,344769890442,1127.65
TRD30003650,ORD20001202,C100016,HINDUNILVR,NSE,SELL,MIS,1,1,2283.2,2026-09-21 09:46:04.429,260340274265,2283.2
TRD30003651,ORD20001202,C100016,HINDUNILVR,NSE,SELL,MIS,2,1,2281.75,2026-09-21 09:46:04.990,488375596310,2281.75
TRD30003652,ORD20003084,C100093,HINDUNILVR,NSE,SELL,MIS,1,6,2269.85,2026-09-21 09:46:25.239,525600739796,13619.1
TRD30003653,ORD20003892,C100007,RELIANCE,NSE,SELL,CNC,1,17,2852.65,2026-09-21 09:48:04.751,378142162654,48495.05
TRD30003654,ORD20003892,C100007,RELIANCE,NSE,SELL,CNC,2,20,2857.2,2026-09-21 09:48:07.673,970159811794,57144.0
TRD30003655,ORD20003892,C100007,RELIANCE,NSE,SELL,CNC,3,6,2855.75,2026-09-21 09:48:10.206,231038534000,17134.5
TRD30003656,ORD20001449,C100100,ITC,NSE,BUY,CNC,1,10,460.25,2026-09-21 09:51:53.585,742489015166,4602.5
TRD30003657,ORD20004092,C100104,MARUTI,BSE,BUY,MIS,1,1,11970.1,2026-09-21 09:52:09.952,574608416610,11970.1
TRD30003658,ORD20004092,C100104,MARUTI,BSE,BUY,MIS,2,1,11970.1,2026-09-21 09:52:12.647,446231737010,11970.1
TRD30003659,ORD20001801,C100073,ICICIBANK,BSE,BUY,MIS,1,16,1178.9,2026-09-21 09:52:19.176,706714764141,18862.4
TRD30003660,ORD20001801,C100073,ICICIBANK,BSE,BUY,MIS,2,1,1178.9,2026-09-21 09:52:19.709,238345497366,1178.9
TRD30003661,ORD20001801,C100073,ICICIBANK,BSE,BUY,MIS,3,1,1178.9,2026-09-21 09:52:20.750,937076716957,1178.9
TRD30003662,ORD20003937,C100186,NTPC,NSE,BUY,CNC,1,4,347.0,2026-09-21 09:53:08.461,849834114121,1388.0
TRD30003663,ORD20003937,C100186,NTPC,NSE,BUY,CNC,2,5,347.0,2026-09-21 09:53:11.660,769576633051,1735.0
TRD30003664,ORD20003500,C100035,TATAMOTORS,NSE,BUY,MIS,1,48,922.55,2026-09-21 09:59:20.592,962448124750,44282.4
TRD30003665,ORD20003500,C100035,TATAMOTORS,NSE,BUY,MIS,2,9,922.55,2026-09-21 09:59:24.027,946661835521,8302.95
TRD30003666,ORD20003500,C100035,TATAMOTORS,NSE,BUY,MIS,3,10,922.55,2026-09-21 09:59:24.574,281745944556,9225.5
TRD30003667,ORD20003991,C100176,NTPC,NSE,BUY,MIS,1,147,352.2,2026-09-21 09:59:53.428,897917480781,51773.4
TRD30003668,ORD20003991,C100176,NTPC,NSE,BUY,MIS,2,41,352.2,2026-09-21 09:59:56.728,812119267667,14440.2
TRD30003669,ORD20002389,C100156,ITC,BSE,SELL,MIS,1,12,452.15,2026-09-21 10:01:59.153,490396874911,5425.8
TRD30003670,ORD20002389,C100156,ITC,BSE,SELL,MIS,2,170,452.3,2026-09-21 10:01:59.749,578160177773,76891.0
TRD30003671,ORD20002389,C100156,ITC,BSE,SELL,MIS,3,17,452.2,2026-09-21 10:02:01.815,605869733703,7687.4
TRD30003672,ORD20002987,C100128,ONGC,NSE,SELL,MIS,1,116,267.1,2026-09-21 10:02:21.086,566214262911,30983.6
TRD30003673,ORD20000405,C100093,ASIANPAINT,NSE,BUY,MIS,1,5,2856.75,2026-09-21 10:05:52.882,482036321102,14283.75
TRD30003674,ORD20000058,C100102,HDFCBANK,NSE,BUY,CNC,1,21,1642.65,2026-09-21 10:05:57.564,660201548304,34495.65
TRD30003675,ORD20000058,C100102,HDFCBANK,NSE,BUY,CNC,2,41,1643.55,2026-09-21 10:05:58.314,841185013351,67385.55
TRD30003676,ORD20001740,C100062,ICICIBANK,NSE,SELL,MIS,1,5,1107.3,2026-09-21 10:07:25.010,957951546944,5536.5
TRD30003677,ORD20001490,C100080,HINDUNILVR,NSE,BUY,MIS,1,4,2268.0,2026-09-21 10:11:50.046,699406905790,9072.0
TRD30003678,ORD20001490,C100080,HINDUNILVR,NSE,BUY,MIS,2,2,2268.7,2026-09-21 10:11:50.114,951952123599,4537.4
TRD30003679,ORD20001490,C100080,HINDUNILVR,NSE,BUY,MIS,3,1,2267.85,2026-09-21 10:11:53.079,966273135727,2267.85
TRD30003680,ORD20004664,C100184,KOTAKBANK,NSE,SELL,CNC,1,1,1804.5,2026-09-21 10:11:57.384,685317667125,1804.5
TRD30003681,ORD20004664,C100184,KOTAKBANK,NSE,SELL,CNC,2,1,1800.75,2026-09-21 10:12:01.160,354844189105,1800.75
TRD30003683,ORD20001797,C100059,KOTAKBANK,NSE,BUY,MIS,1,2,1711.25,2026-09-21 10:12:01.332,913721295514,3422.5
TRD30003682,ORD20004664,C100184,KOTAKBANK,NSE,SELL,CNC,3,1,1803.65,2026-09-21 10:12:01.570,566732572241,1803.65
TRD30003684,ORD20003967,C100169,AXISBANK,NSE,SELL,MIS,1,31,1122.7,2026-09-21 10:15:08.083,214324932825,34803.7
TRD30003685,ORD20003967,C100169,AXISBANK,NSE,SELL,MIS,2,21,1122.7,2026-09-21 10:15:11.068,768221600714,23576.7
TRD30003686,ORD20002687,C100147,BHARTIARTL,NSE,BUY,MIS,1,8,1322.4,2026-09-21 10:16:16.057,951535964605,10579.2
TRD30003687,ORD20002687,C100147,BHARTIARTL,NSE,BUY,MIS,2,5,1324.8,2026-09-21 10:16:17.188,745968477628,6624.0
TRD30003688,ORD20002687,C100147,BHARTIARTL,NSE,BUY,MIS,3,17,1324.0,2026-09-21 10:16:19.868,953354553433,22508.0
TRD30003689,ORD20004149,C100124,TATAMOTORS,NSE,BUY,MIS,1,5,943.55,2026-09-21 10:16:58.433,750057308912,4717.75
TRD30003690,ORD20003700,C100049,MARUTI,NSE,BUY,CNC,1,8,11809.0,2026-09-21 10:19:43.886,987733961205,94472.0
TRD30003691,ORD20000311,C100126,ITC,BSE,BUY,CNC,1,30,437.8,2026-09-21 10:22:57.375,964853576878,13134.0
TRD30003692,ORD20000311,C100126,ITC,BSE,BUY,CNC,2,97,437.8,2026-09-21 10:22:58.486,664769810419,42466.6
TRD30003693,ORD20001343,C100088,SBIN,NSE,BUY,CNC,1,1,780.4,2026-09-21 10:23:36.762,640074333620,780.4
TRD30003694,ORD20001343,C100088,SBIN,NSE,BUY,CNC,2,1,780.4,2026-09-21 10:23:40.080,907179369193,780.4
TRD30003695,ORD20002760,C100050,HINDUNILVR,NSE,BUY,CNC,1,12,2323.3,2026-09-21 10:24:04.014,793318062872,27879.6
TRD30003696,ORD20002760,C100050,HINDUNILVR,NSE,BUY,CNC,2,1,2322.6,2026-09-21 10:24:06.322,638087178943,2322.6
TRD30003697,ORD20003790,C100048,TATAMOTORS,BSE,BUY,MIS,1,3,909.2,2026-09-21 10:25:46.806,742558632428,2727.6
TRD30003698,ORD20003790,C100048,TATAMOTORS,BSE,BUY,MIS,2,1,909.2,2026-09-21 10:25:49.136,163503133221,909.2
TRD30003699,ORD20003790,C100048,TATAMOTORS,BSE,BUY,MIS,3,2,909.2,2026-09-21 10:25:51.223,959693058096,1818.4
TRD30003700,ORD20003328,C100131,ITC,NSE,SELL,CNC,1,47,440.05,2026-09-21 10:26:08.815,482533865659,20682.35
TRD30003701,ORD20004294,C100123,KOTAKBANK,NSE,BUY,CNC,1,2,1712.85,2026-09-21 10:26:28.344,180701366843,3425.7
TRD30003702,ORD20004294,C100123,KOTAKBANK,NSE,BUY,CNC,2,1,1712.05,2026-09-21 10:26:29.026,440971407568,1712.05
TRD30003703,ORD20000068,C100116,ITC,NSE,SELL,MIS,1,160,455.7,2026-09-21 10:26:32.935,562550560347,72912.0
TRD30003704,ORD20000586,C100032,HINDUNILVR,NSE,BUY,MIS,1,3,2418.1,2026-09-21 10:26:39.589,997023852075,7254.3
TRD30003705,ORD20004880,C100055,ONGC,NSE,SELL,MIS,1,58,269.7,2026-09-21 10:27:12.934,640027542099,15642.6
TRD30003706,ORD20004880,C100055,ONGC,NSE,SELL,MIS,2,196,269.7,2026-09-21 10:27:13.580,140779825097,52861.2
TRD30003707,ORD20004880,C100055,ONGC,NSE,SELL,MIS,3,129,269.7,2026-09-21 10:27:15.809,165015861246,34791.3
TRD30003708,ORD20001340,C100090,ASIANPAINT,NSE,SELL,CNC,1,3,2930.35,2026-09-21 10:29:58.667,467099050534,8791.05
TRD30003709,ORD20001340,C100090,ASIANPAINT,NSE,SELL,CNC,2,1,2931.5,2026-09-21 10:29:59.669,877874642734,2931.5
TRD30003710,ORD20004799,C100037,TITAN,NSE,BUY,CNC,1,1,3306.05,2026-09-21 10:41:29.978,424181753153,3306.05
TRD30003711,ORD20001090,C100086,RELIANCE,NSE,SELL,MIS,1,31,2877.7,2026-09-21 10:45:08.599,985977352591,89208.7
TRD30003712,ORD20002939,C100174,INFY,NSE,SELL,MIS,1,8,1583.55,2026-09-21 10:45:13.348,112860446565,12668.4
TRD30003713,ORD20002939,C100174,INFY,NSE,SELL,MIS,2,11,1583.55,2026-09-21 10:45:14.147,592584554816,17419.05
TRD30003714,ORD20002939,C100174,INFY,NSE,SELL,MIS,3,3,1583.55,2026-09-21 10:45:14.937,979027736200,4750.65
TRD30003715,ORD20000769,C100069,HINDUNILVR,NSE,BUY,CNC,1,4,2458.3,2026-09-21 10:47:18.215,535049482337,9833.2
TRD30003716,ORD20004086,C100112,ASIANPAINT,NSE,SELL,MIS,1,2,2942.45,2026-09-21 10:47:43.520,557027323392,5884.9
TRD30003717,ORD20004086,C100112,ASIANPAINT,NSE,SELL,MIS,2,2,2942.45,2026-09-21 10:47:47.049,387478427041,5884.9
TRD30003718,ORD20002080,C100087,ONGC,NSE,BUY,MIS,1,425,270.15,2026-09-21 10:50:29.401,820236345654,114813.75
TRD30003719,ORD20002136,C100107,HDFCBANK,NSE,BUY,MIS,1,3,1675.95,2026-09-21 10:53:29.725,937239200753,5027.85
TRD30003720,ORD20002136,C100107,HDFCBANK,NSE,BUY,MIS,2,30,1675.4,2026-09-21 10:53:32.428,484396884178,50262.0
TRD30003721,ORD20002136,C100107,HDFCBANK,NSE,BUY,MIS,3,22,1676.7,2026-09-21 10:53:36.013,921538503280,36887.4
TRD30003722,ORD20003436,C100046,MARUTI,NSE,BUY,MIS,1,1,11774.6,2026-09-21 10:54:13.685,225652452183,11774.6
TRD30003723,ORD20002678,C100116,TCS,NSE,SELL,CNC,1,3,3888.1,2026-09-21 10:56:46.519,707416054212,11664.3
TRD30003724,ORD20002678,C100116,TCS,NSE,SELL,CNC,2,1,3888.1,2026-09-21 10:56:48.834,376744533267,3888.1
TRD30003725,ORD20002678,C100116,TCS,NSE,SELL,CNC,3,5,3888.1,2026-09-21 10:56:49.195,195356308856,19440.5
TRD30003726,ORD20004056,C100000,TCS,NSE,SELL,MIS,1,28,4023.25,2026-09-21 10:58:28.820,655345666232,112651.0
TRD30003727,ORD20004056,C100000,TCS,NSE,SELL,MIS,2,1,4023.25,2026-09-21 10:58:32.791,589064031477,4023.25
TRD30003728,ORD20001510,C100112,MARUTI,NSE,SELL,MIS,1,2,11930.45,2026-09-21 10:59:37.098,610558489881,23860.9
TRD30003729,ORD20001487,C100052,ICICIBANK,NSE,BUY,CNC,1,87,1203.6,2026-09-21 11:02:59.975,763808031650,104713.2
TRD30003730,ORD20004610,C100047,HDFCBANK,NSE,SELL,MIS,1,2,1665.15,2026-09-21 11:04:25.315,528119125142,3330.3
TRD30003731,ORD20004610,C100047,HDFCBANK,NSE,SELL,MIS,2,38,1664.45,2026-09-21 11:04:25.699,442840992207,63249.1
TRD30003732,ORD20004610,C100047,HDFCBANK,NSE,SELL,MIS,3,4,1665.85,2026-09-21 11:04:29.374,767094962544,6663.4
TRD30003733,ORD20004325,C100143,TCS,NSE,SELL,CNC,1,1,3914.9,2026-09-21 11:04:53.862,751120005048,3914.9
TRD30003734,ORD20004325,C100143,TCS,NSE,SELL,CNC,2,6,3914.9,2026-09-21 11:04:55.376,574259668615,23489.4
TRD30003735,ORD20004325,C100143,TCS,NSE,SELL,CNC,3,2,3914.9,2026-09-21 11:04:58.645,657916196339,7829.8
TRD30003736,ORD20002999,C100086,TITAN,NSE,BUY,CNC,1,1,3312.95,2026-09-21 11:07:23.099,557736445299,3312.95
TRD30003737,ORD20004187,C100112,MARUTI,NSE,SELL,MIS,1,1,12102.9,2026-09-21 11:08:35.817,663425037480,12102.9
TRD30003738,ORD20002820,C100106,BHARTIARTL,NSE,BUY,MIS,1,9,1387.65,2026-09-21 11:09:19.355,459600297941,12488.85
TRD30003739,ORD20002775,C100178,SBIN,NSE,SELL,MIS,1,34,768.1,2026-09-21 11:11:27.543,832476663135,26115.4
TRD30003740,ORD20002775,C100178,SBIN,NSE,SELL,MIS,2,16,768.05,2026-09-21 11:11:29.517,736190879639,12288.8
TRD30003741,ORD20004863,C100163,INFY,NSE,BUY,CNC,1,2,1580.5,2026-09-21 11:14:59.076,741674028087,3161.0
TRD30003742,ORD20002616,C100013,ITC,NSE,SELL,CNC,1,12,431.5,2026-09-21 11:15:09.098,982916530165,5178.0
TRD30003743,ORD20002921,C100012,NTPC,NSE,BUY,MIS,1,76,370.2,2026-09-21 11:18:03.050,554006783034,28135.2
TRD30003744,ORD20002921,C100012,NTPC,NSE,BUY,MIS,2,53,370.2,2026-09-21 11:18:04.172,955440543152,19620.6
TRD30003745,ORD20002921,C100012,NTPC,NSE,BUY,MIS,3,49,370.2,2026-09-21 11:18:06.873,456753371176,18139.8
TRD30003746,ORD20002164,C100030,MARUTI,NSE,SELL,MIS,1,1,12187.0,2026-09-21 11:19:09.962,918897438193,12187.0
TRD30003747,ORD20004833,C100185,ONGC,BSE,BUY,CNC,1,123,266.1,2026-09-21 11:21:57.498,609376534675,32730.3
TRD30003748,ORD20000726,C100014,KOTAKBANK,NSE,BUY,CNC,1,31,1686.3,2026-09-21 11:30:49.369,613091453471,52275.3
TRD30003749,ORD20000726,C100014,KOTAKBANK,NSE,BUY,CNC,2,6,1687.3,2026-09-21 11:30:53.184,887062716615,10123.8
TRD30003750,ORD20000726,C100014,KOTAKBANK,NSE,BUY,CNC,3,7,1684.8,2026-09-21 11:30:56.014,959015548178,11793.6
TRD30003751,ORD20004774,C100020,KOTAKBANK,NSE,BUY,MIS,1,40,1767.5,2026-09-21 11:36:50.165,279608708004,70700.0
TRD30003752,ORD20003986,C100037,RELIANCE,NSE,BUY,MIS,1,2,3014.05,2026-09-21 11:37:13.892,216874581579,6028.1
TRD30003753,ORD20003986,C100037,RELIANCE,NSE,BUY,MIS,2,2,3015.25,2026-09-21 11:37:14.251,799391640865,6030.5
TRD30003754,ORD20003609,C100147,HINDUNILVR,NSE,BUY,MIS,1,1,2373.2,2026-09-21 11:38:16.043,422386081465,2373.2
TRD30003755,ORD20003609,C100147,HINDUNILVR,NSE,BUY,MIS,2,1,2373.2,2026-09-21 11:38:19.271,224355872442,2373.2
TRD30003756,ORD20000710,C100067,ASIANPAINT,NSE,BUY,MIS,1,7,2837.05,2026-09-21 11:40:11.875,307783977803,19859.35
TRD30003757,ORD20002415,C100058,BHARTIARTL,NSE,BUY,CNC,1,1,1381.45,2026-09-21 11:45:41.602,413665928842,1381.45
TRD30003758,ORD20002415,C100058,BHARTIARTL,NSE,BUY,CNC,2,6,1383.85,2026-09-21 11:45:44.162,795683811314,8303.1
TRD30003759,ORD20002415,C100058,BHARTIARTL,NSE,BUY,CNC,3,12,1383.15,2026-09-21 11:45:47.280,166348833211,16597.8
TRD30003760,ORD20002029,C100097,HINDUNILVR,NSE,SELL,MIS,1,6,2316.0,2026-09-21 11:45:59.534,555972110195,13896.0
TRD30003761,ORD20002335,C100128,ICICIBANK,NSE,SELL,CNC,1,2,1173.75,2026-09-21 11:46:56.334,115776039366,2347.5
TRD30003762,ORD20003717,C100152,TATAMOTORS,NSE,SELL,CNC,1,25,945.6,2026-09-21 11:46:57.706,728789497078,23640.0
TRD30003763,ORD20001181,C100155,MARUTI,BSE,SELL,MIS,1,11,11800.35,2026-09-21 11:54:08.696,966997629604,129803.85
TRD30003764,ORD20004865,C100158,AXISBANK,NSE,BUY,MIS,1,1,1142.5,2026-09-21 11:54:08.867,421162094846,1142.5
TRD30003765,ORD20004865,C100158,AXISBANK,NSE,BUY,MIS,2,1,1142.5,2026-09-21 11:54:10.129,930697062596,1142.5
TRD30003766,ORD20004865,C100158,AXISBANK,NSE,BUY,MIS,3,10,1142.5,2026-09-21 11:54:12.015,896255795222,11425.0
TRD30003767,ORD20004446,C100064,ICICIBANK,NSE,BUY,MIS,1,116,1213.8,2026-09-21 11:54:17.930,413434542383,140800.8
TRD30003768,ORD20004927,C100031,BHARTIARTL,NSE,SELL,CNC,1,2,1390.25,2026-09-21 11:57:36.228,287445109253,2780.5
TRD30003769,ORD20004927,C100031,BHARTIARTL,NSE,SELL,CNC,2,51,1390.25,2026-09-21 11:57:38.867,397118670561,70902.75
TRD30003770,ORD20004927,C100031,BHARTIARTL,NSE,SELL,CNC,3,39,1390.25,2026-09-21 11:57:40.311,923971404808,54219.75
TRD30003771,ORD20002330,C100131,INFY,NSE,BUY,MIS,1,7,1624.65,2026-09-21 12:03:16.224,483028696037,11372.55
TRD30003772,ORD20002330,C100131,INFY,NSE,BUY,MIS,2,2,1623.9,2026-09-21 12:03:16.875,548508963809,3247.8
TRD30003773,ORD20002716,C100170,TATAMOTORS,NSE,BUY,CNC,1,4,960.55,2026-09-21 12:08:39.195,231757109274,3842.2
TRD30003774,ORD20001782,C100159,ASIANPAINT,NSE,BUY,MIS,1,4,3006.85,2026-09-21 12:08:58.174,305382550646,12027.4
TRD30003775,ORD20001782,C100159,ASIANPAINT,NSE,BUY,MIS,2,17,3006.85,2026-09-21 12:09:02.122,933613023527,51116.45
TRD30003776,ORD20004574,C100028,TATAMOTORS,NSE,BUY,MIS,1,14,958.0,2026-09-21 12:09:18.677,922901834422,13412.0
TRD30003777,ORD20004971,C100065,TCS,NSE,BUY,MIS,1,8,3859.85,2026-09-21 12:11:33.231,366724510165,30878.8
TRD30003778,ORD20004971,C100065,TCS,NSE,BUY,MIS,2,9,3862.9,2026-09-21 12:11:35.676,730175663205,34766.1
TRD30003779,ORD20004516,C100136,TATAMOTORS,NSE,BUY,MIS,1,8,933.7,2026-09-21 12:12:17.423,718032916324,7469.6
TRD30003780,ORD20004516,C100136,TATAMOTORS,NSE,BUY,MIS,2,4,933.7,2026-09-21 12:12:20.164,479588465215,3734.8
TRD30003781,ORD20002438,C100123,RELIANCE,NSE,SELL,MIS,1,12,2815.9,2026-09-21 12:13:58.519,742418544271,33790.8
TRD30003782,ORD20002438,C100123,RELIANCE,NSE,SELL,MIS,2,3,2815.9,2026-09-21 12:14:00.334,905705549867,8447.7
TRD30003783,ORD20002438,C100123,RELIANCE,NSE,SELL,MIS,3,4,2815.9,2026-09-21 12:14:03.959,797051919497,11263.6
TRD30003784,ORD20000549,C100000,ONGC,NSE,BUY,MIS,1,166,268.5,2026-09-21 12:14:11.016,595544230826,44571.0
TRD30003785,ORD20000549,C100000,ONGC,NSE,BUY,MIS,2,26,268.0,2026-09-21 12:14:12.937,671732738248,6968.0
TRD30003786,ORD20001199,C100090,HDFCBANK,NSE,SELL,MIS,1,1,1498.4,2026-09-21 12:15:40.227,853995290320,1498.4
TRD30003787,ORD20000102,C100056,HDFCBANK,NSE,BUY,MIS,1,14,1587.4,2026-09-21 12:16:29.727,774764014742,22223.6
TRD30003788,ORD20000102,C100056,HDFCBANK,NSE,BUY,MIS,2,9,1587.4,2026-09-21 12:16:31.841,945118699322,14286.6
TRD30003789,ORD20000102,C100056,HDFCBANK,NSE,BUY,MIS,3,28,1587.4,2026-09-21 12:16:32.449,855665971352,44447.2
TRD30003790,ORD20003665,C100135,SBIN,NSE,BUY,CNC,1,3,780.95,2026-09-21 12:21:50.516,151549031037,2342.85
TRD30003791,ORD20003665,C100135,SBIN,NSE,BUY,CNC,2,9,780.95,2026-09-21 12:21:53.394,744901817960,7028.55
TRD30003792,ORD20003665,C100135,SBIN,NSE,BUY,CNC,3,18,780.95,2026-09-21 12:21:54.984,220507927952,14057.1
TRD30003793,ORD20004047,C100066,MARUTI,NSE,BUY,MIS,1,2,12090.85,2026-09-21 12:26:06.681,850365851955,24181.7
TRD30003794,ORD20000129,C100192,HDFCBANK,NSE,BUY,MIS,1,8,1685.7,2026-09-21 12:27:52.835,190062769628,13485.6
TRD30003795,ORD20000129,C100192,HDFCBANK,NSE,BUY,MIS,2,9,1685.7,2026-09-21 12:27:53.708,358848206974,15171.3
TRD30003796,ORD20000129,C100192,HDFCBANK,NSE,BUY,MIS,3,5,1685.7,2026-09-21 12:27:54.593,383223976693,8428.5
TRD30003797,ORD20002405,C100105,TCS,NSE,BUY,MIS,1,1,3899.65,2026-09-21 12:29:00.501,939549815323,3899.65
TRD30003798,ORD20002833,C100134,BHARTIARTL,NSE,SELL,CNC,1,1,1421.8,2026-09-21 12:33:28.003,989343095524,1421.8
TRD30003799,ORD20002833,C100134,BHARTIARTL,NSE,SELL,CNC,2,1,1421.8,2026-09-21 12:33:29.358,584875916104,1421.8
TRD30003800,ORD20002792,C100051,RELIANCE,NSE,SELL,MIS,1,13,2943.5,2026-09-21 12:35:45.673,569848622364,38265.5
TRD30003801,ORD20002792,C100051,RELIANCE,NSE,SELL,MIS,2,6,2948.5,2026-09-21 12:35:47.221,586276332017,17691.0
TRD30003802,ORD20002610,C100184,ITC,NSE,BUY,CNC,1,9,468.85,2026-09-21 12:37:29.768,676107771115,4219.65
TRD30003803,ORD20002610,C100184,ITC,NSE,BUY,CNC,2,16,467.8,2026-09-21 12:37:32.343,161961238622,7484.8
TRD30003804,ORD20000554,C100176,HDFCBANK,NSE,SELL,MIS,1,51,1626.1,2026-09-21 12:39:21.188,366819308765,82931.1
TRD30003805,ORD20002018,C100108,MARUTI,NSE,BUY,MIS,1,3,11928.5,2026-09-21 12:39:25.922,650658410671,35785.5
TRD30003806,ORD20002018,C100108,MARUTI,NSE,BUY,MIS,2,1,11931.15,2026-09-21 12:39:27.339,311252621250,11931.15
TRD30003807,ORD20002018,C100108,MARUTI,NSE,BUY,MIS,3,1,11929.35,2026-09-21 12:39:28.248,648377735453,11929.35
TRD30003808,ORD20002333,C100106,TITAN,NSE,SELL,CNC,1,3,3290.95,2026-09-21 12:40:28.874,910637051795,9872.85
TRD30003809,ORD20001861,C100150,ONGC,NSE,SELL,CNC,1,474,275.95,2026-09-21 12:40:42.630,791604165241,130800.3
TRD30003810,ORD20000413,C100062,BHARTIARTL,NSE,SELL,MIS,1,16,1508.3,2026-09-21 12:40:52.549,580285632884,24132.8
TRD30003811,ORD20000413,C100062,BHARTIARTL,NSE,SELL,MIS,2,3,1508.3,2026-09-21 12:40:53.561,350995027096,4524.9
TRD30003812,ORD20000413,C100062,BHARTIARTL,NSE,SELL,MIS,3,4,1508.3,2026-09-21 12:40:55.390,470450196729,6033.2
TRD30003813,ORD20000550,C100114,ITC,NSE,BUY,MIS,1,14,436.3,2026-09-21 12:41:05.220,177346970944,6108.2
TRD30003814,ORD20000550,C100114,ITC,NSE,BUY,MIS,2,2,435.85,2026-09-21 12:41:05.901,230561489770,871.7
TRD30003815,ORD20000550,C100114,ITC,NSE,BUY,MIS,3,12,435.9,2026-09-21 12:41:08.845,998720894420,5230.8
TRD30003816,ORD20000570,C100047,ONGC,NSE,BUY,MIS,1,22,268.8,2026-09-21 12:41:44.619,925126059541,5913.6
TRD30003817,ORD20003752,C100163,MARUTI,NSE,SELL,MIS,1,1,12053.95,2026-09-21 12:44:52.921,655789093540,12053.95
TRD30003818,ORD20002407,C100075,INFY,NSE,SELL,CNC,1,61,1617.5,2026-09-21 12:46:57.713,666239335678,98667.5
TRD30003819,ORD20002114,C100078,ITC,BSE,SELL,MIS,1,119,455.4,2026-09-21 12:47:40.559,352559273898,54192.6
TRD30003820,ORD20002114,C100078,ITC,BSE,SELL,MIS,2,51,455.4,2026-09-21 12:47:40.918,452334877981,23225.4
TRD30003821,ORD20002114,C100078,ITC,BSE,SELL,MIS,3,117,455.4,2026-09-21 12:47:43.861,284570185283,53281.8
TRD30003822,ORD20000170,C100144,TATAMOTORS,NSE,SELL,MIS,1,29,964.2,2026-09-21 12:47:57.646,955309298469,27961.8
TRD30003823,ORD20000170,C100144,TATAMOTORS,NSE,SELL,MIS,2,5,962.25,2026-09-21 12:48:00.999,833637908555,4811.25
TRD30003824,ORD20001270,C100118,ONGC,NSE,SELL,MIS,1,250,271.9,2026-09-21 12:48:26.365,364330112157,67975.0
TRD30003825,ORD20001270,C100118,ONGC,NSE,SELL,MIS,2,140,271.9,2026-09-21 12:48:30.326,426304785073,38066.0
TRD30003826,ORD20001270,C100118,ONGC,NSE,SELL,MIS,3,3,271.9,2026-09-21 12:48:32.996,109959980871,815.7
TRD30003827,ORD20000327,C100101,ITC,NSE,SELL,MIS,1,1,448.9,2026-09-21 12:48:40.584,341089474143,448.9
TRD30003828,ORD20000327,C100101,ITC,NSE,SELL,MIS,2,7,448.9,2026-09-21 12:48:43.253,338783109364,3142.3
TRD30003829,ORD20004949,C100085,SBIN,NSE,SELL,MIS,1,40,808.15,2026-09-21 12:50:38.821,238310700333,32326.0
TRD30003830,ORD20004949,C100085,SBIN,NSE,SELL,MIS,2,1,808.15,2026-09-21 12:50:41.314,923852122103,808.15
TRD30003831,ORD20004949,C100085,SBIN,NSE,SELL,MIS,3,7,808.15,2026-09-21 12:50:43.808,120844629999,5657.05
TRD30003832,ORD20001320,C100160,BHARTIARTL,NSE,SELL,MIS,1,22,1475.8,2026-09-21 12:54:29.936,604583023418,32467.6
TRD30003833,ORD20001320,C100160,BHARTIARTL,NSE,SELL,MIS,2,2,1475.8,2026-09-21 12:54:33.289,475569366759,2951.6
TRD30003834,ORD20004585,C100117,HINDUNILVR,NSE,SELL,MIS,1,29,2445.05,2026-09-21 12:56:14.720,460289371728,70906.45
TRD30003835,ORD20004585,C100117,HINDUNILVR,NSE,SELL,MIS,2,17,2440.85,2026-09-21 12:56:16.886,235486230513,41494.45
TRD30003836,ORD20001063,C100197,KOTAKBANK,NSE,SELL,CNC,1,2,1748.8,2026-09-21 12:57:59.586,813833991766,3497.6
TRD30003837,ORD20001063,C100197,KOTAKBANK,NSE,SELL,CNC,2,4,1748.8,2026-09-21 12:58:00.195,391697366421,6995.2
TRD30003838,ORD20001063,C100197,KOTAKBANK,NSE,SELL,CNC,3,1,1748.8,2026-09-21 12:58:00.730,715934045074,1748.8
TRD30003839,ORD20002565,C100114,HINDUNILVR,NSE,BUY,CNC,1,40,2354.5,2026-09-21 13:04:20.645,384254648193,94180.0
TRD30003840,ORD20002565,C100114,HINDUNILVR,NSE,BUY,CNC,2,15,2354.5,2026-09-21 13:04:22.024,917628830139,35317.5
TRD30003841,ORD20002565,C100114,HINDUNILVR,NSE,BUY,CNC,3,7,2354.5,2026-09-21 13:04:25.360,304672257801,16481.5
TRD30003842,ORD20003261,C100025,AXISBANK,NSE,SELL,CNC,1,23,1166.45,2026-09-21 13:04:29.849,849024350459,26828.35
TRD30003843,ORD20003261,C100025,AXISBANK,NSE,SELL,CNC,2,3,1166.45,2026-09-21 13:04:30.375,769171144867,3499.35
TRD30003844,ORD20003261,C100025,AXISBANK,NSE,SELL,CNC,3,28,1166.45,2026-09-21 13:04:31.131,883096150061,32660.6
TRD30003845,ORD20000896,C100176,BHARTIARTL,NSE,BUY,MIS,1,23,1430.0,2026-09-21 13:04:47.175,988070800040,32890.0
TRD30003846,ORD20000896,C100176,BHARTIARTL,NSE,BUY,MIS,2,54,1430.0,2026-09-21 13:04:51.134,619984363984,77220.0
TRD30003847,ORD20000896,C100176,BHARTIARTL,NSE,BUY,MIS,3,7,1430.0,2026-09-21 13:04:51.456,756936463269,10010.0
TRD30003848,ORD20003706,C100151,BHARTIARTL,NSE,SELL,CNC,1,22,1413.6,2026-09-21 13:09:29.728,613478273188,31099.2
TRD30003849,ORD20003706,C100151,BHARTIARTL,NSE,SELL,CNC,2,15,1413.6,2026-09-21 13:09:32.011,904880322619,21204.0
TRD30003850,ORD20001162,C100154,AXISBANK,NSE,BUY,MIS,1,14,1220.25,2026-09-21 13:10:31.549,655244608677,17083.5
TRD30003851,ORD20001162,C100154,AXISBANK,NSE,BUY,MIS,2,15,1220.25,2026-09-21 13:10:34.955,861542875739,18303.75
TRD30003852,ORD20004443,C100036,HDFCBANK,NSE,BUY,MIS,1,3,1591.15,2026-09-21 13:11:46.882,338127136233,4773.45
TRD30003853,ORD20001240,C100127,INFY,NSE,BUY,CNC,1,1,1598.7,2026-09-21 13:13:17.531,140486555576,1598.7
TRD30003854,ORD20001240,C100127,INFY,NSE,BUY,CNC,2,2,1598.7,2026-09-21 13:13:19.771,188946372208,3197.4
TRD30003855,ORD20003870,C100083,ITC,NSE,SELL,MIS,1,7,452.1,2026-09-21 13:15:23.116,687330762339,3164.7
TRD30003856,ORD20003870,C100083,ITC,NSE,SELL,MIS,2,4,452.1,2026-09-21 13:15:25.860,851829395062,1808.4
TRD30003857,ORD20003870,C100083,ITC,NSE,SELL,MIS,3,4,452.1,2026-09-21 13:15:29.793,317991372720,1808.4
TRD30003858,ORD20004060,C100173,TATAMOTORS,NSE,SELL,MIS,1,13,1009.55,2026-09-21 13:16:42.567,631243955932,13124.15
TRD30003859,ORD20003923,C100199,ASIANPAINT,NSE,BUY,CNC,1,8,3006.8,2026-09-21 13:16:46.729,572768403588,24054.4
TRD30003860,ORD20003395,C100127,MARUTI,NSE,BUY,MIS,1,1,11955.2,2026-09-21 13:19:05.232,693028340100,11955.2
TRD30003861,ORD20003395,C100127,MARUTI,NSE,BUY,MIS,2,3,11975.3,2026-09-21 13:19:08.758,307433224846,35925.9
TRD30003862,ORD20004840,C100080,RELIANCE,NSE,BUY,MIS,1,4,2771.8,2026-09-21 13:22:24.059,299886723588,11087.2
TRD30003863,ORD20002392,C100065,ICICIBANK,NSE,SELL,MIS,1,6,1217.5,2026-09-21 13:22:27.980,801597426946,7305.0
TRD30003864,ORD20002392,C100065,ICICIBANK,NSE,SELL,MIS,2,16,1218.8,2026-09-21 13:22:28.798,143650824580,19500.8
TRD30003865,ORD20001256,C100108,RELIANCE,NSE,SELL,MIS,1,3,3028.6,2026-09-21 13:25:01.750,724590122019,9085.8
TRD30003866,ORD20001256,C100108,RELIANCE,NSE,SELL,MIS,2,2,3028.6,2026-09-21 13:25:01.929,164378915785,6057.2
TRD30003867,ORD20004958,C100083,HDFCBANK,NSE,BUY,CNC,1,1,1651.1,2026-09-21 13:25:40.721,192853698477,1651.1
TRD30003868,ORD20004958,C100083,HDFCBANK,NSE,BUY,CNC,2,2,1651.1,2026-09-21 13:25:41.437,318575230423,3302.2
TRD30003869,ORD20004958,C100083,HDFCBANK,NSE,BUY,CNC,3,2,1651.1,2026-09-21 13:25:43.929,407315768209,3302.2
TRD30003870,ORD20003590,C100112,NTPC,NSE,BUY,CNC,1,291,351.1,2026-09-21 13:28:14.226,988102273978,102170.1
TRD30003871,ORD20001019,C100181,TATAMOTORS,NSE,SELL,MIS,1,38,903.7,2026-09-21 13:29:04.056,510757508052,34340.6
TRD30003872,ORD20001019,C100181,TATAMOTORS,NSE,SELL,MIS,2,21,904.2,2026-09-21 13:29:06.189,486077848655,18988.2
TRD30003873,ORD20001019,C100181,TATAMOTORS,NSE,SELL,MIS,3,82,903.35,2026-09-21 13:29:09.374,793756579006,74074.7
TRD30003874,ORD20003113,C100124,ITC,NSE,BUY,MIS,1,201,438.2,2026-09-21 13:32:15.705,342740901425,88078.2
TRD30003875,ORD20003113,C100124,ITC,NSE,BUY,MIS,2,75,438.2,2026-09-21 13:32:16.021,637289772015,32865.0
TRD30003876,ORD20002903,C100197,BHARTIARTL,NSE,SELL,CNC,1,45,1323.5,2026-09-21 13:37:35.953,729848015626,59557.5
TRD30003877,ORD20002903,C100197,BHARTIARTL,NSE,SELL,CNC,2,5,1326.15,2026-09-21 13:37:38.231,870547238318,6630.75
TRD30003878,ORD20003061,C100004,HINDUNILVR,NSE,SELL,CNC,1,1,2436.8,2026-09-21 13:44:26.775,210156771879,2436.8
TRD30003879,ORD20000996,C100141,BHARTIARTL,NSE,SELL,MIS,1,2,1343.4,2026-09-21 13:44:38.766,689346210811,2686.8
TRD30003880,ORD20000996,C100141,BHARTIARTL,NSE,SELL,MIS,2,1,1343.4,2026-09-21 13:44:42.030,104293899545,1343.4
TRD30003881,ORD20000996,C100141,BHARTIARTL,NSE,SELL,MIS,3,5,1343.4,2026-09-21 13:44:43.058,547116929606,6717.0
TRD30003882,ORD20002132,C100174,TCS,NSE,SELL,CNC,1,1,3873.25,2026-09-21 13:45:45.422,424575062796,3873.25
TRD30003883,ORD20002132,C100174,TCS,NSE,SELL,CNC,2,1,3872.2,2026-09-21 13:45:48.901,833253595993,3872.2
TRD30003884,ORD20002695,C100102,LT,NSE,SELL,MIS,1,6,3658.1,2026-09-21 13:45:50.309,754477377841,21948.6
TRD30003885,ORD20002695,C100102,LT,NSE,SELL,MIS,2,13,3658.1,2026-09-21 13:45:54.069,722357048779,47555.3
TRD30003886,ORD20004783,C100115,AXISBANK,NSE,BUY,CNC,1,64,1141.95,2026-09-21 13:46:20.280,252582948952,73084.8
TRD30003887,ORD20003954,C100158,HINDUNILVR,NSE,SELL,CNC,1,27,2365.35,2026-09-21 13:46:44.759,379106512619,63864.45
TRD30003888,ORD20001934,C100126,NTPC,NSE,BUY,MIS,1,61,372.6,2026-09-21 13:46:48.559,358880584043,22728.6
TRD30003889,ORD20001934,C100126,NTPC,NSE,BUY,MIS,2,130,372.6,2026-09-21 13:46:51.623,274611443349,48438.0
TRD30003890,ORD20003214,C100129,SBIN,NSE,SELL,CNC,1,2,805.0,2026-09-21 13:51:43.101,479150702671,1610.0
TRD30003891,ORD20003214,C100129,SBIN,NSE,SELL,CNC,2,2,804.1,2026-09-21 13:51:43.506,482673405526,1608.2
TRD30003892,ORD20001390,C100064,INFY,NSE,BUY,CNC,1,88,1514.95,2026-09-21 13:52:42.244,414908348516,133315.6
TRD30003893,ORD20004679,C100034,ICICIBANK,NSE,BUY,MIS,1,22,1175.2,2026-09-21 13:52:51.354,814677432436,25854.4
TRD30003894,ORD20003599,C100034,RELIANCE,NSE,BUY,CNC,1,2,2952.9,2026-09-21 13:53:29.132,721519663702,5905.8
TRD30003895,ORD20003599,C100034,RELIANCE,NSE,BUY,CNC,2,1,2952.9,2026-09-21 13:53:31.159,815449729305,2952.9
TRD30003896,ORD20001776,C100020,MARUTI,BSE,BUY,CNC,1,1,11965.7,2026-09-21 13:55:12.952,827429421562,11965.7
TRD30003897,ORD20004803,C100102,INFY,NSE,BUY,MIS,1,1,1631.65,2026-09-21 13:56:15.086,298634576546,1631.65
TRD30003898,ORD20004803,C100102,INFY,NSE,BUY,MIS,2,5,1630.55,2026-09-21 13:56:15.209,951611775291,8152.75
TRD30003899,ORD20002317,C100006,TATAMOTORS,NSE,SELL,MIS,1,6,914.8,2026-09-21 13:56:56.012,685438802577,5488.8
TRD30003900,ORD20002317,C100006,TATAMOTORS,NSE,SELL,MIS,2,1,915.2,2026-09-21 13:56:57.629,818449425456,915.2
TRD30003901,ORD20000473,C100198,MARUTI,BSE,BUY,MIS,1,1,11694.3,2026-09-21 13:57:10.249,935512314188,11694.3
TRD30003902,ORD20000991,C100086,ONGC,NSE,BUY,MIS,1,19,280.1,2026-09-21 13:57:54.914,833727974926,5321.9
TRD30003903,ORD20000991,C100086,ONGC,NSE,BUY,MIS,2,26,279.95,2026-09-21 13:57:58.845,603652170901,7278.7
TRD30003904,ORD20002230,C100155,ASIANPAINT,NSE,BUY,CNC,1,1,2971.0,2026-09-21 13:59:04.886,531900745971,2971.0
TRD30003905,ORD20002230,C100155,ASIANPAINT,NSE,BUY,CNC,2,1,2970.7,2026-09-21 13:59:08.602,593148720987,2970.7
TRD30003906,ORD20004438,C100120,ITC,NSE,BUY,MIS,1,128,449.95,2026-09-21 14:00:00.756,887027552419,57593.6
TRD30003907,ORD20001965,C100052,RELIANCE,NSE,BUY,CNC,1,9,2807.15,2026-09-21 14:01:45.430,159541756740,25264.35
TRD30003908,ORD20001965,C100052,RELIANCE,NSE,BUY,CNC,2,1,2807.15,2026-09-21 14:01:49.008,448252443869,2807.15
TRD30003909,ORD20001965,C100052,RELIANCE,NSE,BUY,CNC,3,2,2807.15,2026-09-21 14:01:50.479,355881186971,5614.3
TRD30003910,ORD20003402,C100088,ITC,NSE,SELL,CNC,1,5,457.4,2026-09-21 14:07:08.168,501863563922,2287.0
TRD30003911,ORD20001694,C100033,HINDUNILVR,NSE,BUY,MIS,1,1,2358.6,2026-09-21 14:09:05.076,641939520117,2358.6
TRD30003912,ORD20001694,C100033,HINDUNILVR,NSE,BUY,MIS,2,4,2358.6,2026-09-21 14:09:05.485,795220761611,9434.4
TRD30003913,ORD20000934,C100087,ITC,NSE,SELL,MIS,1,94,456.2,2026-09-21 14:13:34.947,107643258515,42882.8
TRD30003914,ORD20004731,C100134,INFY,NSE,SELL,CNC,1,11,1545.7,2026-09-21 14:17:50.304,488425258434,17002.7
TRD30003915,ORD20004731,C100134,INFY,NSE,SELL,CNC,2,7,1545.7,2026-09-21 14:17:52.988,361289996922,10819.9
TRD30003916,ORD20004731,C100134,INFY,NSE,SELL,CNC,3,5,1545.7,2026-09-21 14:17:55.843,762597429533,7728.5
TRD30003917,ORD20004377,C100009,RELIANCE,NSE,BUY,MIS,1,4,2912.75,2026-09-21 14:18:40.136,346990532495,11651.0
TRD30003918,ORD20004377,C100009,RELIANCE,NSE,BUY,MIS,2,18,2912.75,2026-09-21 14:18:42.097,310738887437,52429.5
TRD30003919,ORD20004257,C100087,TATAMOTORS,NSE,BUY,MIS,1,3,983.6,2026-09-21 14:20:05.302,255581716744,2950.8
TRD30003920,ORD20004257,C100087,TATAMOTORS,NSE,BUY,MIS,2,5,983.3,2026-09-21 14:20:06.371,552872914736,4916.5
TRD30003921,ORD20003836,C100000,TATAMOTORS,NSE,SELL,MIS,1,8,895.25,2026-09-21 14:20:47.877,146886497228,7162.0
TRD30003922,ORD20003836,C100000,TATAMOTORS,NSE,SELL,MIS,2,1,895.25,2026-09-21 14:20:49.877,727953025415,895.25
TRD30003923,ORD20004097,C100027,MARUTI,NSE,SELL,MIS,1,3,12098.7,2026-09-21 14:22:20.794,895840576339,36296.1
TRD30003924,ORD20004097,C100027,MARUTI,NSE,SELL,MIS,2,1,12098.7,2026-09-21 14:22:24.141,276323865437,12098.7
TRD30003925,ORD20004628,C100100,ITC,NSE,BUY,MIS,1,5,453.35,2026-09-21 14:22:39.927,545535803169,2266.75
TRD30003926,ORD20004628,C100100,ITC,NSE,BUY,MIS,2,7,453.65,2026-09-21 14:22:41.213,892216057044,3175.55
TRD30003927,ORD20003452,C100028,MARUTI,NSE,BUY,MIS,1,1,11503.2,2026-09-21 14:25:46.219,867243568181,11503.2
TRD30003928,ORD20001849,C100150,BHARTIARTL,NSE,BUY,MIS,1,17,1393.1,2026-09-21 14:27:27.640,803758294710,23682.7
TRD30003929,ORD20001233,C100169,HINDUNILVR,NSE,SELL,CNC,1,12,2272.65,2026-09-21 14:28:36.452,267933049355,27271.8
TRD30003930,ORD20000410,C100181,HDFCBANK,NSE,SELL,MIS,1,21,1722.5,2026-09-21 14:31:19.387,493318136883,36172.5
TRD30003931,ORD20000410,C100181,HDFCBANK,NSE,SELL,MIS,2,28,1722.5,2026-09-21 14:31:20.482,984938935873,48230.0
TRD30003932,ORD20000410,C100181,HDFCBANK,NSE,SELL,MIS,3,25,1722.5,2026-09-21 14:31:22.357,317847761325,43062.5
TRD30003933,ORD20000035,C100032,TCS,NSE,BUY,MIS,1,30,3753.6,2026-09-21 14:31:57.481,220010878815,112608.0
TRD30003934,ORD20002666,C100045,MARUTI,NSE,SELL,CNC,1,1,11772.05,2026-09-21 14:35:58.190,471878149672,11772.05
TRD30003935,ORD20002666,C100045,MARUTI,NSE,SELL,CNC,2,1,11772.05,2026-09-21 14:36:01.674,236049405776,11772.05
TRD30003936,ORD20004442,C100177,BHARTIARTL,BSE,SELL,MIS,1,33,1357.15,2026-09-21 14:36:58.290,523700865504,44785.95
TRD30003937,ORD20004442,C100177,BHARTIARTL,BSE,SELL,MIS,2,4,1357.15,2026-09-21 14:37:01.444,657235697619,5428.6
TRD30003938,ORD20004442,C100177,BHARTIARTL,BSE,SELL,MIS,3,64,1357.15,2026-09-21 14:37:01.829,455573704054,86857.6
TRD30003939,ORD20000227,C100018,HDFCBANK,NSE,SELL,MIS,1,1,1669.9,2026-09-21 14:38:28.919,327511296415,1669.9
TRD30003940,ORD20000227,C100018,HDFCBANK,NSE,SELL,MIS,2,20,1669.9,2026-09-21 14:38:31.828,514361952326,33398.0
TRD30003941,ORD20003670,C100147,AXISBANK,NSE,SELL,MIS,1,11,1197.7,2026-09-21 14:39:54.675,811690779779,13174.7
TRD30003942,ORD20003670,C100147,AXISBANK,NSE,SELL,MIS,2,2,1199.9,2026-09-21 14:39:55.730,835869041391,2399.8
TRD30003943,ORD20000544,C100147,HINDUNILVR,NSE,SELL,CNC,1,1,2410.85,2026-09-21 14:42:59.336,105560872238,2410.85
TRD30003944,ORD20000544,C100147,HINDUNILVR,NSE,SELL,CNC,2,2,2410.85,2026-09-21 14:43:01.319,140476738740,4821.7
TRD30003945,ORD20000544,C100147,HINDUNILVR,NSE,SELL,CNC,3,11,2410.85,2026-09-21 14:43:02.784,925544178473,26519.35
TRD30003946,ORD20001636,C100131,KOTAKBANK,NSE,BUY,MIS,1,28,1752.8,2026-09-21 14:44:03.928,305011704040,49078.4
TRD30003947,ORD20001636,C100131,KOTAKBANK,NSE,BUY,MIS,2,14,1750.4,2026-09-21 14:44:07.131,465687719920,24505.6
TRD30003948,ORD20000048,C100186,HDFCBANK,NSE,SELL,MIS,1,8,1648.75,2026-09-21 14:52:23.001,201181626432,13190.0
TRD30003949,ORD20003022,C100082,ITC,NSE,SELL,CNC,1,157,467.85,2026-09-21 14:55:22.297,401074724399,73452.45
TRD30003950,ORD20001394,C100049,HDFCBANK,NSE,SELL,MIS,1,6,1530.1,2026-09-21 14:55:34.282,785085519380,9180.6
TRD30003951,ORD20002253,C100118,ICICIBANK,NSE,BUY,MIS,1,1,1223.05,2026-09-21 14:56:15.324,147689789579,1223.05
TRD30003952,ORD20002253,C100118,ICICIBANK,NSE,BUY,MIS,2,5,1223.05,2026-09-21 14:56:18.884,503536565754,6115.25
TRD30003953,ORD20004232,C100006,TITAN,NSE,BUY,MIS,1,1,3354.45,2026-09-21 14:56:34.340,654208000663,3354.45
TRD30003954,ORD20004232,C100006,TITAN,NSE,BUY,MIS,2,4,3354.45,2026-09-21 14:56:36.740,357876733974,13417.8
TRD30003955,ORD20003490,C100092,ICICIBANK,NSE,BUY,MIS,1,3,1163.35,2026-09-21 14:56:38.790,839087537371,3490.05
TRD30003956,ORD20003490,C100092,ICICIBANK,NSE,BUY,MIS,2,4,1163.35,2026-09-21 14:56:39.347,103300503211,4653.4
TRD30003957,ORD20003490,C100092,ICICIBANK,NSE,BUY,MIS,3,10,1163.35,2026-09-21 14:56:41.891,484428916752,11633.5
TRD30003958,ORD20001846,C100006,RELIANCE,NSE,BUY,CNC,1,2,2902.05,2026-09-21 14:58:33.781,866786728959,5804.1
TRD30003959,ORD20001846,C100006,RELIANCE,NSE,BUY,CNC,2,1,2902.05,2026-09-21 14:58:36.078,204986335965,2902.05
TRD30003960,ORD20002426,C100109,AXISBANK,NSE,SELL,CNC,1,1,1150.8,2026-09-21 14:59:20.095,272799980854,1150.8
TRD30003961,ORD20002426,C100109,AXISBANK,NSE,SELL,CNC,2,8,1150.8,2026-09-21 14:59:20.430,689672787869,9206.4
TRD30003962,ORD20002426,C100109,AXISBANK,NSE,SELL,CNC,3,3,1150.8,2026-09-21 14:59:22.361,383042769977,3452.4
TRD30003963,ORD20004543,C100178,INFY,NSE,BUY,MIS,1,1,1578.15,2026-09-21 15:00:28.902,322273131918,1578.15
TRD30003964,ORD20004543,C100178,INFY,NSE,BUY,MIS,2,1,1578.15,2026-09-21 15:00:31.608,569873148402,1578.15
TRD30003965,ORD20002593,C100164,INFY,NSE,SELL,CNC,1,1,1620.95,2026-09-21 15:01:17.054,668879190989,1620.95
TRD30003966,ORD20002593,C100164,INFY,NSE,SELL,CNC,2,1,1620.95,2026-09-21 15:01:19.267,743571556359,1620.95
TRD30003967,ORD20003698,C100121,TATAMOTORS,NSE,SELL,MIS,1,4,890.25,2026-09-21 15:02:49.731,443915143278,3561.0
TRD30003968,ORD20002127,C100049,RELIANCE,NSE,SELL,MIS,1,3,2868.15,2026-09-21 15:05:50.663,630231645206,8604.45
TRD30003969,ORD20003536,C100056,ITC,NSE,SELL,MIS,1,11,440.1,2026-09-21 15:06:24.067,926129919547,4841.1
TRD30003970,ORD20003536,C100056,ITC,NSE,SELL,MIS,2,3,440.1,2026-09-21 15:06:27.067,955420399072,1320.3
TRD30003971,ORD20003470,C100001,INFY,NSE,BUY,CNC,1,3,1584.15,2026-09-21 15:07:47.754,669262957708,4752.45
TRD30003972,ORD20003470,C100001,INFY,NSE,BUY,CNC,2,1,1584.15,2026-09-21 15:07:49.389,584125664492,1584.15
TRD30003973,ORD20003505,C100093,ITC,NSE,BUY,CNC,1,1,457.45,2026-09-21 15:09:21.978,768178015644,457.45
TRD30003974,ORD20003505,C100093,ITC,NSE,BUY,CNC,2,149,457.45,2026-09-21 15:09:25.423,917681514957,68160.05
TRD30003975,ORD20003505,C100093,ITC,NSE,BUY,CNC,3,71,457.45,2026-09-21 15:09:26.427,302529156468,32478.95
TRD30003976,ORD20001016,C100030,ASIANPAINT,NSE,BUY,CNC,1,15,2893.05,2026-09-21 15:11:14.149,435370051642,43395.75
TRD30003977,ORD20001016,C100030,ASIANPAINT,NSE,BUY,CNC,2,2,2893.05,2026-09-21 15:11:14.722,119983706597,5786.1
TRD30003978,ORD20004637,C100042,RELIANCE,BSE,BUY,CNC,1,3,2870.45,2026-09-21 15:11:15.162,970555964829,8611.35
TRD30003979,ORD20004637,C100042,RELIANCE,BSE,BUY,CNC,2,1,2870.45,2026-09-21 15:11:17.100,835838646597,2870.45
TRD30003980,ORD20004637,C100042,RELIANCE,BSE,BUY,CNC,3,4,2870.45,2026-09-21 15:11:18.557,168895247739,11481.8
TRD30003981,ORD20003502,C100078,HINDUNILVR,NSE,BUY,MIS,1,2,2324.7,2026-09-21 15:12:41.395,882116859132,4649.4
TRD30003982,ORD20004375,C100096,KOTAKBANK,NSE,BUY,CNC,1,6,1853.25,2026-09-21 15:20:18.945,736648904243,11119.5
TRD30003983,ORD20004375,C100096,KOTAKBANK,NSE,BUY,CNC,2,4,1853.25,2026-09-21 15:20:20.177,876454734096,7413.0
TRD30003984,ORD20004375,C100096,KOTAKBANK,NSE,BUY,CNC,3,1,1853.25,2026-09-21 15:20:23.325,866012594536,1853.25
TRD30003985,ORD20004872,C100161,ASIANPAINT,NSE,SELL,MIS,1,4,2807.0,2026-09-21 15:20:51.512,322754768517,11228.0
TRD30003986,ORD20004872,C100161,ASIANPAINT,NSE,SELL,MIS,2,8,2807.0,2026-09-21 15:20:52.005,362521569005,22456.0
TRD30003987,ORD20002535,C100070,TATAMOTORS,NSE,BUY,MIS,1,9,972.05,2026-09-21 15:24:10.502,404333118876,8748.45
TRD30003988,ORD20002535,C100070,TATAMOTORS,NSE,BUY,MIS,2,47,972.05,2026-09-21 15:24:13.277,725902931575,45686.35
TRD30003989,ORD20001839,C100197,ICICIBANK,NSE,BUY,CNC,1,7,1233.5,2026-09-22 09:17:04.973,693926910118,8634.5
TRD30003990,ORD20001839,C100197,ICICIBANK,NSE,BUY,CNC,2,46,1234.0,2026-09-22 09:17:05.388,539238532498,56764.0
TRD30003991,ORD20001839,C100197,ICICIBANK,NSE,BUY,CNC,3,1,1235.3,2026-09-22 09:17:07.703,589844248593,1235.3
TRD30003992,ORD20004478,C100125,AXISBANK,NSE,SELL,MIS,1,1,1150.05,2026-09-22 09:17:57.684,505805214891,1150.05
TRD30003993,ORD20004478,C100125,AXISBANK,NSE,SELL,MIS,2,3,1150.05,2026-09-22 09:17:59.455,392427509499,3450.15
TRD30003994,ORD20001262,C100004,RELIANCE,NSE,BUY,CNC,1,1,2937.45,2026-09-22 09:24:35.885,832668912376,2937.45
TRD30003995,ORD20002088,C100035,TITAN,NSE,SELL,CNC,1,8,3322.2,2026-09-22 09:24:51.306,614194585176,26577.6
TRD30003996,ORD20004468,C100028,TATAMOTORS,NSE,BUY,MIS,1,3,931.8,2026-09-22 09:28:52.018,789069328864,2795.4
TRD30003997,ORD20004468,C100028,TATAMOTORS,NSE,BUY,MIS,2,1,931.8,2026-09-22 09:28:55.243,243233223679,931.8
TRD30003998,ORD20004468,C100028,TATAMOTORS,NSE,BUY,MIS,3,2,931.8,2026-09-22 09:28:56.742,321964853317,1863.6
TRD30003999,ORD20004509,C100173,TATAMOTORS,NSE,SELL,MIS,1,5,934.8,2026-09-22 09:33:29.221,464909612979,4674.0
TRD30004000,ORD20004643,C100135,RELIANCE,NSE,BUY,MIS,1,2,2852.05,2026-09-22 09:38:32.066,301934517775,5704.1
TRD30004001,ORD20001268,C100145,HDFCBANK,NSE,BUY,CNC,1,1,1714.85,2026-09-22 09:38:54.145,649226490236,1714.85
TRD30004002,ORD20001268,C100145,HDFCBANK,NSE,BUY,CNC,2,1,1714.85,2026-09-22 09:38:57.876,742948527682,1714.85
TRD30004003,ORD20001268,C100145,HDFCBANK,NSE,BUY,CNC,3,1,1714.85,2026-09-22 09:39:01.229,304356323479,1714.85
TRD30004004,ORD20002169,C100013,NTPC,NSE,BUY,CNC,1,308,340.05,2026-09-22 09:39:33.693,111757789028,104735.4
TRD30004005,ORD20002169,C100013,NTPC,NSE,BUY,CNC,2,107,340.05,2026-09-22 09:39:37.432,645973128704,36385.35
TRD30004006,ORD20002873,C100051,SBIN,NSE,BUY,MIS,1,24,765.0,2026-09-22 09:40:23.340,983040801446,18360.0
TRD30004007,ORD20002873,C100051,SBIN,NSE,BUY,MIS,2,24,764.95,2026-09-22 09:40:23.843,394580935539,18358.8
TRD30004008,ORD20002873,C100051,SBIN,NSE,BUY,MIS,3,45,765.15,2026-09-22 09:40:25.718,670888134556,34431.75
TRD30004009,ORD20001282,C100157,KOTAKBANK,NSE,BUY,CNC,1,3,1784.15,2026-09-22 09:40:39.687,143153829360,5352.45
TRD30004010,ORD20004849,C100102,ICICIBANK,NSE,BUY,CNC,1,1,1175.45,2026-09-22 09:41:43.660,611922414417,1175.45
TRD30004011,ORD20004849,C100102,ICICIBANK,NSE,BUY,CNC,2,3,1175.45,2026-09-22 09:41:44.028,604007951778,3526.35
TRD30004012,ORD20001059,C100087,HINDUNILVR,NSE,BUY,MIS,1,6,2396.95,2026-09-22 09:42:24.705,610545918363,14381.7
TRD30004013,ORD20001059,C100087,HINDUNILVR,NSE,BUY,MIS,2,3,2394.4,2026-09-22 09:42:27.194,537163482168,7183.2
TRD30004014,ORD20001059,C100087,HINDUNILVR,NSE,BUY,MIS,3,1,2394.15,2026-09-22 09:42:28.461,505486309846,2394.15
TRD30004015,ORD20001899,C100141,MARUTI,NSE,SELL,CNC,1,2,12008.2,2026-09-22 09:42:40.424,878429908974,24016.4
TRD30004016,ORD20001899,C100141,MARUTI,NSE,SELL,CNC,2,4,12019.4,2026-09-22 09:42:42.982,111937661857,48077.6
TRD30004017,ORD20001671,C100164,ICICIBANK,NSE,BUY,MIS,1,11,1261.25,2026-09-22 09:48:29.312,437231635464,13873.75
TRD30004018,ORD20001671,C100164,ICICIBANK,NSE,BUY,MIS,2,45,1261.25,2026-09-22 09:48:29.362,475018484437,56756.25
TRD30004019,ORD20001712,C100058,MARUTI,NSE,SELL,MIS,1,1,11887.65,2026-09-22 09:51:06.440,845948578242,11887.65
TRD30004020,ORD20001712,C100058,MARUTI,NSE,SELL,MIS,2,1,11887.65,2026-09-22 09:51:09.332,450689323950,11887.65
TRD30004021,ORD20002766,C100050,BHARTIARTL,NSE,BUY,MIS,1,1,1352.7,2026-09-22 09:52:18.914,180353617116,1352.7
TRD30004022,ORD20002766,C100050,BHARTIARTL,NSE,BUY,MIS,2,1,1352.7,2026-09-22 09:52:22.711,210282991053,1352.7
TRD30004023,ORD20000466,C100142,TATAMOTORS,NSE,BUY,CNC,1,44,927.85,2026-09-22 09:52:37.089,208299643754,40825.4
TRD30004024,ORD20000466,C100142,TATAMOTORS,NSE,BUY,CNC,2,11,927.85,2026-09-22 09:52:38.038,643478801850,10206.35
TRD30004025,ORD20001155,C100190,ITC,NSE,BUY,CNC,1,1,441.75,2026-09-22 09:53:20.151,577126456286,441.75
TRD30004026,ORD20001155,C100190,ITC,NSE,BUY,CNC,2,6,441.75,2026-09-22 09:53:24.145,324390783643,2650.5
TRD30004027,ORD20000908,C100196,HDFCBANK,BSE,BUY,MIS,1,18,1677.15,2026-09-22 09:53:30.894,270044286149,30188.7
TRD30004028,ORD20002302,C100193,MARUTI,NSE,SELL,CNC,1,9,12240.7,2026-09-22 09:53:55.914,918594024435,110166.3
TRD30004029,ORD20003072,C100066,ONGC,BSE,SELL,MIS,1,3,271.9,2026-09-22 09:59:08.750,627351602033,815.7
TRD30004030,ORD20003072,C100066,ONGC,BSE,SELL,MIS,2,8,271.85,2026-09-22 09:59:11.525,859004493951,2174.8
TRD30004031,ORD20003072,C100066,ONGC,BSE,SELL,MIS,3,11,272.5,2026-09-22 09:59:14.954,338097337905,2997.5
TRD30004032,ORD20000672,C100011,BHARTIARTL,NSE,SELL,MIS,1,1,1432.1,2026-09-22 10:00:01.416,527215968815,1432.1
TRD30004033,ORD20000672,C100011,BHARTIARTL,NSE,SELL,MIS,2,1,1432.1,2026-09-22 10:00:03.050,331293944431,1432.1
TRD30004034,ORD20004646,C100050,RELIANCE,NSE,SELL,MIS,1,9,2864.5,2026-09-22 10:00:48.177,243615612095,25780.5
TRD30004035,ORD20004646,C100050,RELIANCE,NSE,SELL,MIS,2,7,2864.5,2026-09-22 10:00:49.072,450273890813,20051.5
TRD30004036,ORD20000004,C100127,ONGC,NSE,SELL,CNC,1,42,273.45,2026-09-22 10:01:08.935,102798702573,11484.9
TRD30004037,ORD20000004,C100127,ONGC,NSE,SELL,CNC,2,12,273.8,2026-09-22 10:01:10.950,900960088628,3285.6
TRD30004038,ORD20001327,C100177,ICICIBANK,NSE,SELL,MIS,1,23,1165.95,2026-09-22 10:07:29.270,504868170498,26816.85
TRD30004039,ORD20000396,C100087,ITC,NSE,SELL,MIS,1,31,451.3,2026-09-22 10:08:25.656,211220205079,13990.3
TRD30004040,ORD20000396,C100087,ITC,NSE,SELL,MIS,2,6,451.3,2026-09-22 10:08:27.043,520290370668,2707.8
TRD30004041,ORD20002688,C100072,HINDUNILVR,NSE,SELL,CNC,1,5,2397.6,2026-09-22 10:09:01.929,883470462036,11988.0
TRD30004042,ORD20001936,C100123,ONGC,NSE,SELL,MIS,1,17,253.05,2026-09-22 10:12:56.352,961604677618,4301.85
TRD30004043,ORD20001936,C100123,ONGC,NSE,SELL,MIS,2,50,253.05,2026-09-22 10:12:58.374,101570313510,12652.5
TRD30004044,ORD20001936,C100123,ONGC,NSE,SELL,MIS,3,7,253.05,2026-09-22 10:12:59.495,977241408434,1771.35
TRD30004045,ORD20001337,C100009,ITC,NSE,BUY,CNC,1,213,455.55,2026-09-22 10:15:02.837,391245575281,97032.15
TRD30004046,ORD20004559,C100055,HDFCBANK,NSE,BUY,CNC,1,2,1740.5,2026-09-22 10:16:39.323,736299912417,3481.0
TRD30004047,ORD20004559,C100055,HDFCBANK,NSE,BUY,CNC,2,18,1738.3,2026-09-22 10:16:41.647,777491327814,31289.4
TRD30004048,ORD20002543,C100154,TATAMOTORS,NSE,BUY,MIS,1,30,1004.15,2026-09-22 10:18:13.395,915821156307,30124.5
TRD30004049,ORD20004111,C100022,AXISBANK,NSE,BUY,CNC,1,2,1143.0,2026-09-22 10:20:16.365,468777598331,2286.0
TRD30004050,ORD20004111,C100022,AXISBANK,NSE,BUY,CNC,2,8,1143.0,2026-09-22 10:20:17.873,789658805744,9144.0
TRD30004051,ORD20004111,C100022,AXISBANK,NSE,BUY,CNC,3,5,1143.0,2026-09-22 10:20:20.856,716717384577,5715.0
TRD30004052,ORD20001660,C100074,BHARTIARTL,NSE,BUY,MIS,1,36,1426.0,2026-09-22 10:20:38.324,392859055220,51336.0
TRD30004053,ORD20001660,C100074,BHARTIARTL,NSE,BUY,MIS,2,28,1426.0,2026-09-22 10:20:42.066,843529243246,39928.0
TRD30004054,ORD20004612,C100054,HDFCBANK,NSE,SELL,MIS,1,1,1653.35,2026-09-22 10:21:21.041,902613692457,1653.35
TRD30004055,ORD20004612,C100054,HDFCBANK,NSE,SELL,MIS,2,1,1652.15,2026-09-22 10:21:23.230,610177502584,1652.15
TRD30004056,ORD20001637,C100089,WIPRO,NSE,BUY,CNC,1,12,470.65,2026-09-22 10:22:23.941,837200548612,5647.8
TRD30004057,ORD20001637,C100089,WIPRO,NSE,BUY,CNC,2,1,470.65,2026-09-22 10:22:25.304,662345387240,470.65
TRD30004058,ORD20001637,C100089,WIPRO,NSE,BUY,CNC,3,1,470.65,2026-09-22 10:22:26.000,810212405999,470.65
TRD30004059,ORD20000612,C100042,ITC,NSE,SELL,MIS,1,32,471.2,2026-09-22 10:23:11.682,656338482218,15078.4
TRD30004060,ORD20000612,C100042,ITC,NSE,SELL,MIS,2,94,471.2,2026-09-22 10:23:14.313,723690959242,44292.8
TRD30004061,ORD20000604,C100034,INFY,NSE,SELL,MIS,1,8,1608.7,2026-09-22 10:23:25.270,133818943260,12869.6
TRD30004062,ORD20002640,C100182,SBIN,NSE,SELL,MIS,1,182,819.25,2026-09-22 10:25:51.633,186732543254,149103.5
TRD30004063,ORD20002014,C100060,KOTAKBANK,NSE,SELL,MIS,1,1,1766.9,2026-09-22 10:26:30.954,472118429455,1766.9
TRD30004064,ORD20002014,C100060,KOTAKBANK,NSE,SELL,MIS,2,1,1766.9,2026-09-22 10:26:33.471,810444053417,1766.9
TRD30004065,ORD20004736,C100143,MARUTI,NSE,SELL,MIS,1,1,11969.25,2026-09-22 10:29:12.358,157314275536,11969.25
TRD30004066,ORD20004736,C100143,MARUTI,NSE,SELL,MIS,2,3,11969.25,2026-09-22 10:29:14.850,112297402657,35907.75
TRD30004067,ORD20002239,C100135,AXISBANK,NSE,SELL,CNC,1,11,1169.5,2026-09-22 10:29:36.359,296267593823,12864.5
TRD30004068,ORD20001488,C100101,RELIANCE,NSE,SELL,MIS,1,7,2908.95,2026-09-22 10:31:06.701,874296246185,20362.65
TRD30004069,ORD20001488,C100101,RELIANCE,NSE,SELL,MIS,2,1,2904.3,2026-09-22 10:31:08.291,898443417757,2904.3
TRD30004071,ORD20003563,C100090,ASIANPAINT,NSE,SELL,CNC,1,6,2858.85,2026-09-22 10:31:08.546,713631257331,17153.1
TRD30004070,ORD20001488,C100101,RELIANCE,NSE,SELL,MIS,3,1,2908.65,2026-09-22 10:31:08.640,364939275828,2908.65
TRD30004072,ORD20003563,C100090,ASIANPAINT,NSE,SELL,CNC,2,18,2858.85,2026-09-22 10:31:09.376,733064843667,51459.3
TRD30004073,ORD20004945,C100086,MARUTI,NSE,BUY,CNC,1,1,12493.7,2026-09-22 10:33:38.378,100836990216,12493.7
TRD30004074,ORD20003641,C100028,RELIANCE,NSE,SELL,CNC,1,11,2901.95,2026-09-22 10:33:39.302,436712804735,31921.45
TRD30004075,ORD20001304,C100083,TATAMOTORS,NSE,SELL,CNC,1,1,995.75,2026-09-22 10:36:32.133,235080493669,995.75
TRD30004076,ORD20001304,C100083,TATAMOTORS,NSE,SELL,CNC,2,3,995.0,2026-09-22 10:36:33.298,411544835928,2985.0
TRD30004077,ORD20001304,C100083,TATAMOTORS,NSE,SELL,CNC,3,2,995.8,2026-09-22 10:36:34.981,338695654916,1991.6
TRD30004078,ORD20003818,C100102,INFY,BSE,BUY,CNC,1,4,1648.15,2026-09-22 10:39:53.990,168658205574,6592.6
TRD30004079,ORD20000712,C100090,HINDUNILVR,NSE,SELL,MIS,1,2,2328.75,2026-09-22 10:45:40.590,987430638879,4657.5
TRD30004080,ORD20002103,C100002,HINDUNILVR,BSE,BUY,MIS,1,2,2292.85,2026-09-22 10:47:04.259,551033856192,4585.7
TRD30004081,ORD20002047,C100137,BHARTIARTL,NSE,BUY,CNC,1,12,1366.1,2026-09-22 10:47:31.161,230517987257,16393.2
TRD30004082,ORD20002047,C100137,BHARTIARTL,NSE,BUY,CNC,2,80,1366.1,2026-09-22 10:47:31.892,310959745764,109288.0
TRD30004083,ORD20000956,C100144,SBIN,NSE,SELL,CNC,1,11,828.45,2026-09-22 10:47:35.494,133116029005,9112.95
TRD30004084,ORD20000956,C100144,SBIN,NSE,SELL,CNC,2,5,828.35,2026-09-22 10:47:35.830,370062118513,4141.75
TRD30004085,ORD20000956,C100144,SBIN,NSE,SELL,CNC,3,1,827.3,2026-09-22 10:47:39.048,157978260512,827.3
TRD30004086,ORD20004410,C100194,ONGC,NSE,SELL,MIS,1,7,265.85,2026-09-22 10:50:10.660,322812912371,1860.95
TRD30004087,ORD20004410,C100194,ONGC,NSE,SELL,MIS,2,8,265.85,2026-09-22 10:50:14.403,491814363746,2126.8
TRD30004088,ORD20004410,C100194,ONGC,NSE,SELL,MIS,3,2,265.65,2026-09-22 10:50:15.541,704504413296,531.3
TRD30004089,ORD20003521,C100191,RELIANCE,NSE,BUY,CNC,1,4,2896.05,2026-09-22 10:51:04.934,849269867901,11584.2
TRD30004090,ORD20002056,C100052,ITC,NSE,BUY,CNC,1,99,458.6,2026-09-22 10:53:48.101,149584975870,45401.4
TRD30004091,ORD20003439,C100088,BHARTIARTL,BSE,SELL,CNC,1,47,1434.9,2026-09-22 10:55:02.610,321961689071,67440.3
TRD30004092,ORD20001196,C100172,TATAMOTORS,NSE,BUY,MIS,1,1,958.25,2026-09-22 10:55:14.128,222076282852,958.25
TRD30004093,ORD20001196,C100172,TATAMOTORS,NSE,BUY,MIS,2,4,958.9,2026-09-22 10:55:16.922,413292188027,3835.6
TRD30004094,ORD20003137,C100140,NTPC,NSE,SELL,MIS,1,68,354.35,2026-09-22 10:56:14.253,258692225493,24095.8
TRD30004095,ORD20003137,C100140,NTPC,NSE,SELL,MIS,2,2,354.35,2026-09-22 10:56:16.441,311678757404,708.7
TRD30004096,ORD20003137,C100140,NTPC,NSE,SELL,MIS,3,19,354.35,2026-09-22 10:56:17.585,925747706418,6732.65
TRD30004097,ORD20002518,C100167,ICICIBANK,NSE,BUY,MIS,1,75,1203.8,2026-09-22 10:56:46.802,677275517692,90285.0
TRD30004098,ORD20004401,C100177,ICICIBANK,NSE,BUY,CNC,1,17,1174.6,2026-09-22 10:56:59.830,879851133867,19968.2
TRD30004099,ORD20001253,C100094,KOTAKBANK,NSE,SELL,MIS,1,1,1681.75,2026-09-22 10:58:50.087,589156276063,1681.75
TRD30004100,ORD20001253,C100094,KOTAKBANK,NSE,SELL,MIS,2,1,1681.75,2026-09-22 10:58:50.783,837808533827,1681.75
TRD30004101,ORD20001253,C100094,KOTAKBANK,NSE,SELL,MIS,3,1,1681.75,2026-09-22 10:58:51.435,414718810146,1681.75
TRD30004104,ORD20000683,C100057,KOTAKBANK,NSE,SELL,CNC,1,1,1688.2,2026-09-22 10:59:49.413,947929018543,1688.2
TRD30004102,ORD20000448,C100152,BHARTIARTL,NSE,SELL,MIS,1,36,1389.3,2026-09-22 10:59:49.618,320010084722,50014.8
TRD30004103,ORD20000448,C100152,BHARTIARTL,NSE,SELL,MIS,2,49,1389.3,2026-09-22 10:59:50.967,593919666983,68075.7
TRD30004105,ORD20004668,C100074,HINDUNILVR,NSE,SELL,CNC,1,13,2445.8,2026-09-22 10:59:51.977,851545779227,31795.4
TRD30004106,ORD20004668,C100074,HINDUNILVR,NSE,SELL,CNC,2,3,2445.8,2026-09-22 10:59:54.516,318827920122,7337.4
TRD30004107,ORD20004668,C100074,HINDUNILVR,NSE,SELL,CNC,3,12,2445.8,2026-09-22 10:59:56.007,959249266249,29349.6
TRD30004108,ORD20000809,C100148,RELIANCE,NSE,BUY,MIS,1,2,2741.55,2026-09-22 11:00:56.460,572492027086,5483.1
TRD30004109,ORD20000809,C100148,RELIANCE,NSE,BUY,MIS,2,14,2741.55,2026-09-22 11:00:58.483,478848323490,38381.7
TRD30004110,ORD20000809,C100148,RELIANCE,NSE,BUY,MIS,3,1,2741.55,2026-09-22 11:00:59.869,359354072368,2741.55
TRD30004111,ORD20000874,C100033,ICICIBANK,NSE,SELL,CNC,1,23,1205.8,2026-09-22 11:03:26.890,664411149237,27733.4
TRD30004112,ORD20002089,C100197,HINDUNILVR,NSE,BUY,CNC,1,1,2465.25,2026-09-22 11:09:53.884,620968366236,2465.25
TRD30004113,ORD20002089,C100197,HINDUNILVR,NSE,BUY,CNC,2,1,2462.25,2026-09-22 11:09:55.651,842512973124,2462.25
TRD30004114,ORD20002089,C100197,HINDUNILVR,NSE,BUY,CNC,3,3,2463.1,2026-09-22 11:09:59.570,923293722536,7389.3
TRD30004115,ORD20002032,C100177,HDFCBANK,BSE,SELL,MIS,1,9,1688.45,2026-09-22 11:12:39.818,771816659901,15196.05
TRD30004116,ORD20003083,C100065,HDFCBANK,NSE,SELL,MIS,1,1,1674.0,2026-09-22 11:13:12.391,266498639364,1674.0
TRD30004117,ORD20003083,C100065,HDFCBANK,NSE,SELL,MIS,2,4,1674.0,2026-09-22 11:13:12.802,219214000431,6696.0
TRD30004118,ORD20003083,C100065,HDFCBANK,NSE,SELL,MIS,3,2,1674.0,2026-09-22 11:13:12.879,582460105540,3348.0
TRD30004119,ORD20001068,C100192,BHARTIARTL,NSE,BUY,MIS,1,4,1402.5,2026-09-22 11:13:13.871,238234520123,5610.0
TRD30004120,ORD20003165,C100011,AXISBANK,NSE,BUY,CNC,1,52,1131.55,2026-09-22 11:13:53.714,655395018627,58840.6
TRD30004121,ORD20003165,C100011,AXISBANK,NSE,BUY,CNC,2,14,1131.55,2026-09-22 11:13:57.375,245489355693,15841.7
TRD30004122,ORD20003049,C100082,ICICIBANK,NSE,BUY,CNC,1,5,1237.6,2026-09-22 11:15:17.526,309019946359,6188.0
TRD30004123,ORD20004764,C100144,HINDUNILVR,NSE,SELL,MIS,1,3,2392.45,2026-09-22 11:18:02.880,175345147488,7177.35
TRD30004125,ORD20002936,C100004,ICICIBANK,NSE,BUY,CNC,1,1,1224.6,2026-09-22 11:18:04.680,630596308331,1224.6
TRD30004124,ORD20004764,C100144,HINDUNILVR,NSE,SELL,MIS,2,1,2392.45,2026-09-22 11:18:06.256,853387282710,2392.45
TRD30004126,ORD20002936,C100004,ICICIBANK,NSE,BUY,CNC,2,2,1224.15,2026-09-22 11:18:07.124,411829296077,2448.3
TRD30004127,ORD20000206,C100029,ICICIBANK,BSE,BUY,MIS,1,3,1143.35,2026-09-22 11:20:25.253,457013047187,3430.05
TRD30004128,ORD20000206,C100029,ICICIBANK,BSE,BUY,MIS,2,4,1143.35,2026-09-22 11:20:27.791,221204233068,4573.4
TRD30004129,ORD20000206,C100029,ICICIBANK,BSE,BUY,MIS,3,2,1143.35,2026-09-22 11:20:28.659,863154972397,2286.7
TRD30004130,ORD20001548,C100121,KOTAKBANK,NSE,BUY,MIS,1,21,1790.4,2026-09-22 11:24:27.934,374579734692,37598.4
TRD30004131,ORD20001548,C100121,KOTAKBANK,NSE,BUY,MIS,2,38,1790.4,2026-09-22 11:24:30.521,164131085742,68035.2
TRD30004132,ORD20003091,C100188,NTPC,NSE,SELL,MIS,1,281,370.5,2026-09-22 11:28:10.683,423240857543,104110.5
TRD30004133,ORD20004244,C100146,TATAMOTORS,NSE,BUY,CNC,1,14,936.2,2026-09-22 11:28:28.337,318740266373,13106.8
TRD30004134,ORD20004244,C100146,TATAMOTORS,NSE,BUY,CNC,2,7,934.55,2026-09-22 11:28:28.671,466828015527,6541.85
TRD30004135,ORD20004244,C100146,TATAMOTORS,NSE,BUY,CNC,3,3,934.75,2026-09-22 11:28:32.258,874255761948,2804.25
TRD30004138,ORD20000124,C100158,ITC,NSE,BUY,CNC,1,3,451.45,2026-09-22 11:29:36.248,389250885584,1354.35
TRD30004139,ORD20000124,C100158,ITC,NSE,BUY,CNC,2,1,451.45,2026-09-22 11:29:37.187,489775997610,451.45
TRD30004136,ORD20003875,C100021,RELIANCE,NSE,SELL,MIS,1,1,2981.95,2026-09-22 11:29:38.021,770412267829,2981.95
TRD30004137,ORD20003875,C100021,RELIANCE,NSE,SELL,MIS,2,1,2981.95,2026-09-22 11:29:40.296,319284565401,2981.95
TRD30004140,ORD20002401,C100067,RELIANCE,NSE,BUY,MIS,1,5,3004.3,2026-09-22 11:30:29.931,245331550265,15021.5
TRD30004141,ORD20002401,C100067,RELIANCE,NSE,BUY,MIS,2,3,3004.3,2026-09-22 11:30:30.000,356506458196,9012.9
TRD30004142,ORD20002401,C100067,RELIANCE,NSE,BUY,MIS,3,2,3004.3,2026-09-22 11:30:33.527,377595969071,6008.6
TRD30004143,ORD20002931,C100146,TCS,NSE,BUY,MIS,1,1,4011.25,2026-09-22 11:31:37.004,269987689902,4011.25
TRD30004144,ORD20000017,C100158,BHARTIARTL,NSE,SELL,CNC,1,1,1355.55,2026-09-22 11:34:13.700,346067073746,1355.55
TRD30004145,ORD20004105,C100148,INFY,NSE,SELL,MIS,1,11,1607.45,2026-09-22 11:37:06.972,482202348815,17681.95
TRD30004146,ORD20004105,C100148,INFY,NSE,SELL,MIS,2,17,1607.45,2026-09-22 11:37:08.177,863015709349,27326.65
TRD30004147,ORD20000929,C100014,INFY,NSE,SELL,MIS,1,3,1573.85,2026-09-22 11:39:59.242,711984065811,4721.55
TRD30004148,ORD20000929,C100014,INFY,NSE,SELL,MIS,2,2,1574.1,2026-09-22 11:40:00.478,160270346986,3148.2
TRD30004149,ORD20000929,C100014,INFY,NSE,SELL,MIS,3,4,1571.75,2026-09-22 11:40:00.569,557535564753,6287.0
TRD30004150,ORD20003350,C100049,KOTAKBANK,NSE,BUY,MIS,1,6,1688.5,2026-09-22 11:41:18.074,311352843000,10131.0
TRD30004151,ORD20003350,C100049,KOTAKBANK,NSE,BUY,MIS,2,2,1688.5,2026-09-22 11:41:21.564,101142613788,3377.0
TRD30004152,ORD20004202,C100176,TATAMOTORS,BSE,SELL,CNC,1,16,954.45,2026-09-22 11:41:57.612,608921904367,15271.2
TRD30004153,ORD20004202,C100176,TATAMOTORS,BSE,SELL,CNC,2,11,954.25,2026-09-22 11:42:00.885,279201940107,10496.75
TRD30004154,ORD20004202,C100176,TATAMOTORS,BSE,SELL,CNC,3,4,955.9,2026-09-22 11:42:02.028,682279838809,3823.6
TRD30004155,ORD20002044,C100022,HINDUNILVR,NSE,SELL,MIS,1,1,2504.25,2026-09-22 11:45:33.849,334633468137,2504.25
TRD30004156,ORD20002612,C100000,NTPC,NSE,BUY,CNC,1,162,353.55,2026-09-22 11:47:04.751,317878967481,57275.1
TRD30004157,ORD20000107,C100031,HINDUNILVR,NSE,BUY,CNC,1,10,2349.15,2026-09-22 11:49:17.389,631737191509,23491.5
TRD30004158,ORD20003776,C100033,ONGC,NSE,SELL,MIS,1,10,277.05,2026-09-22 11:51:08.679,631592709164,2770.5
TRD30004159,ORD20003776,C100033,ONGC,NSE,SELL,MIS,2,12,277.05,2026-09-22 11:51:12.366,863878643047,3324.6
TRD30004160,ORD20000630,C100080,MARUTI,NSE,BUY,MIS,1,1,12212.4,2026-09-22 11:51:22.191,278488335129,12212.4
TRD30004161,ORD20000114,C100141,TITAN,NSE,BUY,MIS,1,3,3295.65,2026-09-22 11:51:45.634,988248099267,9886.95
TRD30004162,ORD20000114,C100141,TITAN,NSE,BUY,MIS,2,36,3295.65,2026-09-22 11:51:47.676,432338700687,118643.4
TRD30004163,ORD20001371,C100075,TATAMOTORS,NSE,SELL,CNC,1,8,924.25,2026-09-22 11:52:29.373,972980937927,7394.0
TRD30004164,ORD20001371,C100075,TATAMOTORS,NSE,SELL,CNC,2,25,924.25,2026-09-22 11:52:31.131,239849225342,23106.25
TRD30004165,ORD20004678,C100000,MARUTI,NSE,BUY,MIS,1,1,11858.7,2026-09-22 11:53:13.986,957442707958,11858.7
TRD30004166,ORD20004963,C100006,KOTAKBANK,NSE,SELL,MIS,1,2,1749.4,2026-09-22 11:54:33.526,967684920684,3498.8
TRD30004167,ORD20004963,C100006,KOTAKBANK,NSE,SELL,MIS,2,3,1749.9,2026-09-22 11:54:36.826,361371324736,5249.7
TRD30004168,ORD20004963,C100006,KOTAKBANK,NSE,SELL,MIS,3,2,1749.3,2026-09-22 11:54:39.972,282844154713,3498.6
TRD30004169,ORD20001358,C100151,HINDUNILVR,NSE,BUY,MIS,1,2,2347.95,2026-09-22 11:57:59.058,642693319903,4695.9
TRD30004170,ORD20001358,C100151,HINDUNILVR,NSE,BUY,MIS,2,20,2348.2,2026-09-22 11:58:01.992,223575526213,46964.0
TRD30004171,ORD20001358,C100151,HINDUNILVR,NSE,BUY,MIS,3,5,2347.4,2026-09-22 11:58:03.311,365612377411,11737.0
TRD30004172,ORD20004755,C100095,MARUTI,NSE,BUY,MIS,1,1,11792.35,2026-09-22 12:02:18.445,984636432641,11792.35
TRD30004173,ORD20003612,C100029,TCS,NSE,BUY,MIS,1,2,3912.45,2026-09-22 12:04:48.474,788456365325,7824.9
TRD30004174,ORD20003612,C100029,TCS,NSE,BUY,MIS,2,1,3912.45,2026-09-22 12:04:48.903,816401690049,3912.45
TRD30004175,ORD20002954,C100021,RELIANCE,NSE,SELL,CNC,1,19,2899.75,2026-09-22 12:05:14.699,886104586270,55095.25
TRD30004176,ORD20003683,C100034,HINDUNILVR,NSE,BUY,CNC,1,29,2405.45,2026-09-22 12:10:29.936,720439406934,69758.05
TRD30004177,ORD20003683,C100034,HINDUNILVR,NSE,BUY,CNC,2,5,2405.45,2026-09-22 12:10:32.998,744972687503,12027.25
TRD30004178,ORD20001100,C100196,MARUTI,NSE,SELL,MIS,1,1,12066.05,2026-09-22 12:12:28.787,759281823821,12066.05
TRD30004179,ORD20002040,C100058,RELIANCE,NSE,BUY,CNC,1,5,2861.95,2026-09-22 12:15:49.504,452303118477,14309.75
TRD30004180,ORD20002040,C100058,RELIANCE,NSE,BUY,CNC,2,2,2856.65,2026-09-22 12:15:53.418,190134511929,5713.3
TRD30004181,ORD20002040,C100058,RELIANCE,NSE,BUY,CNC,3,6,2858.35,2026-09-22 12:15:53.585,649007039529,17150.1
TRD30004182,ORD20000159,C100096,ICICIBANK,NSE,SELL,CNC,1,1,1133.35,2026-09-22 12:17:00.021,819910679251,1133.35
TRD30004183,ORD20000159,C100096,ICICIBANK,NSE,SELL,CNC,2,5,1133.35,2026-09-22 12:17:01.163,310999379489,5666.75
TRD30004184,ORD20004591,C100043,MARUTI,NSE,SELL,MIS,1,1,12266.9,2026-09-22 12:17:24.345,264127267485,12266.9
TRD30004185,ORD20002219,C100144,INFY,NSE,BUY,MIS,1,3,1612.3,2026-09-22 12:21:18.902,961303112218,4836.9
TRD30004186,ORD20002219,C100144,INFY,NSE,BUY,MIS,2,12,1612.3,2026-09-22 12:21:22.679,224598551933,19347.6
TRD30004187,ORD20000289,C100196,MARUTI,NSE,SELL,CNC,1,3,12347.1,2026-09-22 12:24:42.624,593895116553,37041.3
TRD30004188,ORD20000289,C100196,MARUTI,NSE,SELL,CNC,2,1,12348.7,2026-09-22 12:24:45.374,767024358920,12348.7
TRD30004189,ORD20003649,C100019,WIPRO,NSE,SELL,MIS,1,81,464.6,2026-09-22 12:25:33.675,185516796682,37632.6
TRD30004190,ORD20003649,C100019,WIPRO,NSE,SELL,MIS,2,64,464.45,2026-09-22 12:25:35.529,604523736906,29724.8
TRD30004191,ORD20001608,C100098,ASIANPAINT,NSE,BUY,CNC,1,1,3039.35,2026-09-22 12:26:24.788,712164127788,3039.35
TRD30004192,ORD20000526,C100192,HDFCBANK,NSE,SELL,CNC,1,26,1606.4,2026-09-22 12:28:55.715,139323582201,41766.4
TRD30004193,ORD20000526,C100192,HDFCBANK,NSE,SELL,CNC,2,8,1605.6,2026-09-22 12:28:59.446,477846401723,12844.8
TRD30004194,ORD20000526,C100192,HDFCBANK,NSE,SELL,CNC,3,24,1607.6,2026-09-22 12:28:59.624,526863446769,38582.4
TRD30004195,ORD20004858,C100074,HINDUNILVR,NSE,SELL,MIS,1,1,2394.9,2026-09-22 12:31:01.691,600308807610,2394.9
TRD30004196,ORD20002948,C100104,ICICIBANK,NSE,SELL,MIS,1,32,1186.45,2026-09-22 12:34:25.393,135727303462,37966.4
TRD30004197,ORD20004310,C100149,KOTAKBANK,NSE,BUY,MIS,1,4,1790.7,2026-09-22 12:35:49.652,904155559651,7162.8
TRD30004200,ORD20000460,C100152,WIPRO,NSE,SELL,CNC,1,174,487.55,2026-09-22 12:35:49.892,567682865608,84833.7
TRD30004198,ORD20004310,C100149,KOTAKBANK,NSE,BUY,MIS,2,2,1795.05,2026-09-22 12:35:52.403,874485428564,3590.1
TRD30004199,ORD20004310,C100149,KOTAKBANK,NSE,BUY,MIS,3,13,1791.7,2026-09-22 12:35:52.975,867939275828,23292.1
TRD30004201,ORD20003446,C100014,KOTAKBANK,BSE,BUY,MIS,1,3,1752.7,2026-09-22 12:37:12.453,809282722269,5258.1
TRD30004202,ORD20004182,C100089,HINDUNILVR,NSE,SELL,MIS,1,61,2425.65,2026-09-22 12:40:27.502,821112963210,147964.65
TRD30004203,ORD20001583,C100185,MARUTI,NSE,BUY,CNC,1,1,12120.6,2026-09-22 12:41:13.150,966834071863,12120.6
TRD30004204,ORD20004675,C100010,HDFCBANK,NSE,SELL,MIS,1,22,1623.9,2026-09-22 12:42:05.841,834604622865,35725.8
TRD30004205,ORD20004675,C100010,HDFCBANK,NSE,SELL,MIS,2,32,1623.9,2026-09-22 12:42:09.298,207461891714,51964.8
TRD30004206,ORD20004675,C100010,HDFCBANK,NSE,SELL,MIS,3,4,1623.9,2026-09-22 12:42:10.396,228411207604,6495.6
TRD30004207,ORD20000944,C100169,HINDUNILVR,NSE,SELL,MIS,1,32,2499.1,2026-09-22 12:43:06.098,557707888430,79971.2
TRD30004208,ORD20004729,C100066,TATAMOTORS,NSE,SELL,CNC,1,7,923.55,2026-09-22 12:43:23.064,738498468975,6464.85
TRD30004209,ORD20000525,C100047,MARUTI,NSE,SELL,CNC,1,3,11542.95,2026-09-22 12:45:36.580,851790121274,34628.85
TRD30004210,ORD20000525,C100047,MARUTI,NSE,SELL,CNC,2,1,11542.95,2026-09-22 12:45:37.263,110659228923,11542.95
TRD30004211,ORD20001742,C100051,NTPC,NSE,SELL,CNC,1,97,358.05,2026-09-22 12:46:37.681,490245590394,34730.85
TRD30004212,ORD20001742,C100051,NTPC,NSE,SELL,CNC,2,53,358.05,2026-09-22 12:46:41.656,481143337517,18976.65
TRD30004213,ORD20001742,C100051,NTPC,NSE,SELL,CNC,3,168,358.05,2026-09-22 12:46:43.530,725036708078,60152.4
TRD30004214,ORD20004304,C100073,HINDUNILVR,BSE,SELL,MIS,1,1,2433.55,2026-09-22 12:46:43.780,598838552198,2433.55
TRD30004215,ORD20003019,C100086,TATAMOTORS,BSE,SELL,CNC,1,16,926.15,2026-09-22 12:47:02.065,822471108187,14818.4
TRD30004216,ORD20003303,C100109,ONGC,NSE,SELL,MIS,1,143,271.8,2026-09-22 12:49:47.961,730058313508,38867.4
TRD30004217,ORD20003303,C100109,ONGC,NSE,SELL,MIS,2,21,271.8,2026-09-22 12:49:50.571,532517984532,5707.8
TRD30004218,ORD20002223,C100158,SUNPHARMA,NSE,SELL,CNC,1,16,1787.05,2026-09-22 12:50:32.519,313999221973,28592.8
TRD30004219,ORD20002223,C100158,SUNPHARMA,NSE,SELL,CNC,2,1,1788.0,2026-09-22 12:50:33.422,679852637609,1788.0
TRD30004220,ORD20004947,C100078,RELIANCE,NSE,SELL,MIS,1,14,2840.6,2026-09-22 12:52:16.846,304188486522,39768.4
TRD30004221,ORD20004947,C100078,RELIANCE,NSE,SELL,MIS,2,1,2844.3,2026-09-22 12:52:18.278,682794386006,2844.3
TRD30004222,ORD20004947,C100078,RELIANCE,NSE,SELL,MIS,3,3,2844.9,2026-09-22 12:52:20.046,236110630249,8534.7
TRD30004223,ORD20002071,C100120,HINDUNILVR,NSE,SELL,CNC,1,1,2367.2,2026-09-22 12:52:20.076,290816841977,2367.2
TRD30004224,ORD20002071,C100120,HINDUNILVR,NSE,SELL,CNC,2,1,2367.2,2026-09-22 12:52:20.735,486685539839,2367.2
TRD30004225,ORD20000229,C100045,MARUTI,NSE,SELL,CNC,1,1,11984.8,2026-09-22 12:53:11.523,566902833997,11984.8
TRD30004226,ORD20001813,C100077,HDFCBANK,NSE,SELL,MIS,1,19,1666.65,2026-09-22 12:55:05.488,958322714253,31666.35
TRD30004227,ORD20002989,C100129,MARUTI,NSE,SELL,CNC,1,1,12205.25,2026-09-22 12:56:39.116,646807291144,12205.25
TRD30004228,ORD20002432,C100051,AXISBANK,NSE,BUY,MIS,1,2,1116.65,2026-09-22 12:58:09.178,482259073089,2233.3
TRD30004229,ORD20002432,C100051,AXISBANK,NSE,BUY,MIS,2,1,1116.65,2026-09-22 12:58:11.392,845245042611,1116.65
TRD30004230,ORD20002432,C100051,AXISBANK,NSE,BUY,MIS,3,4,1116.65,2026-09-22 12:58:14.289,225346233937,4466.6
TRD30004231,ORD20002144,C100183,AXISBANK,NSE,SELL,CNC,1,33,1116.75,2026-09-22 12:58:17.154,113296187031,36852.75
TRD30004232,ORD20001293,C100197,ITC,NSE,SELL,MIS,1,13,446.4,2026-09-22 13:00:42.972,330042709381,5803.2
TRD30004233,ORD20003586,C100101,MARUTI,BSE,SELL,CNC,1,2,11729.7,2026-09-22 13:01:15.369,579527219565,23459.4
TRD30004234,ORD20003586,C100101,MARUTI,BSE,SELL,CNC,2,2,11729.7,2026-09-22 13:01:19.284,672759285466,23459.4
TRD30004235,ORD20003936,C100023,HDFCBANK,NSE,BUY,MIS,1,1,1684.4,2026-09-22 13:03:52.290,821378384821,1684.4
TRD30004236,ORD20003936,C100023,HDFCBANK,NSE,BUY,MIS,2,1,1684.5,2026-09-22 13:03:53.388,642966588666,1684.5
TRD30004237,ORD20003211,C100159,ITC,NSE,BUY,MIS,1,2,437.05,2026-09-22 13:04:08.536,204523280398,874.1
TRD30004238,ORD20003211,C100159,ITC,NSE,BUY,MIS,2,7,437.05,2026-09-22 13:04:09.584,812336341975,3059.35
TRD30004239,ORD20003211,C100159,ITC,NSE,BUY,MIS,3,4,437.05,2026-09-22 13:04:11.172,111217950885,1748.2
TRD30004240,ORD20004905,C100112,SBIN,NSE,BUY,MIS,1,3,791.1,2026-09-22 13:08:14.302,734833754926,2373.3
TRD30004241,ORD20004905,C100112,SBIN,NSE,BUY,MIS,2,7,791.1,2026-09-22 13:08:15.602,569226485719,5537.7
TRD30004242,ORD20001247,C100015,HINDUNILVR,NSE,SELL,MIS,1,12,2292.65,2026-09-22 13:08:30.219,545637842810,27511.8
TRD30004243,ORD20001247,C100015,HINDUNILVR,NSE,SELL,MIS,2,12,2290.0,2026-09-22 13:08:32.391,770692885384,27480.0
TRD30004244,ORD20000040,C100158,NTPC,NSE,BUY,MIS,1,17,351.15,2026-09-22 13:10:25.198,139714701692,5969.55
TRD30004245,ORD20000040,C100158,NTPC,NSE,BUY,MIS,2,10,351.1,2026-09-22 13:10:27.448,469579733406,3511.0
TRD30004246,ORD20002614,C100033,ITC,NSE,SELL,CNC,1,123,445.1,2026-09-22 13:12:35.538,947355601085,54747.3
TRD30004247,ORD20000558,C100179,RELIANCE,NSE,BUY,CNC,1,5,2979.9,2026-09-22 13:13:41.032,112392493090,14899.5
TRD30004248,ORD20000558,C100179,RELIANCE,NSE,BUY,CNC,2,5,2975.6,2026-09-22 13:13:44.668,889637204307,14878.0
TRD30004249,ORD20000272,C100019,RELIANCE,NSE,BUY,MIS,1,1,2884.6,2026-09-22 13:14:14.593,683696523475,2884.6
TRD30004250,ORD20000272,C100019,RELIANCE,NSE,BUY,MIS,2,12,2885.55,2026-09-22 13:14:16.675,917275657711,34626.6
TRD30004251,ORD20000552,C100072,ICICIBANK,NSE,SELL,MIS,1,1,1202.85,2026-09-22 13:15:52.211,141334453590,1202.85
TRD30004252,ORD20000552,C100072,ICICIBANK,NSE,SELL,MIS,2,2,1202.85,2026-09-22 13:15:52.720,826584057895,2405.7
TRD30004253,ORD20000552,C100072,ICICIBANK,NSE,SELL,MIS,3,1,1202.85,2026-09-22 13:15:53.256,578237992446,1202.85
TRD30004254,ORD20004534,C100050,ONGC,NSE,SELL,CNC,1,149,272.15,2026-09-22 13:17:40.206,323625564847,40550.35
TRD30004255,ORD20004534,C100050,ONGC,NSE,SELL,CNC,2,182,272.15,2026-09-22 13:17:42.097,523922750515,49531.3
TRD30004256,ORD20004534,C100050,ONGC,NSE,SELL,CNC,3,140,272.15,2026-09-22 13:17:43.058,930797916143,38101.0
TRD30004257,ORD20003301,C100061,BHARTIARTL,NSE,BUY,MIS,1,1,1376.55,2026-09-22 13:18:53.594,495459297333,1376.55
TRD30004258,ORD20003301,C100061,BHARTIARTL,NSE,BUY,MIS,2,1,1376.55,2026-09-22 13:18:55.238,223175922581,1376.55
TRD30004259,ORD20002739,C100049,MARUTI,NSE,SELL,CNC,1,1,12093.65,2026-09-22 13:19:10.831,158956344838,12093.65
TRD30004260,ORD20001009,C100065,ONGC,NSE,SELL,CNC,1,341,274.4,2026-09-22 13:19:45.396,112897719662,93570.4
TRD30004261,ORD20001144,C100136,MARUTI,NSE,SELL,CNC,1,1,12081.1,2026-09-22 13:19:50.580,290108147369,12081.1
TRD30004262,ORD20003326,C100079,ITC,NSE,SELL,CNC,1,4,461.55,2026-09-22 13:23:41.072,594419339564,1846.2
TRD30004263,ORD20003326,C100079,ITC,NSE,SELL,CNC,2,28,461.55,2026-09-22 13:23:43.195,415272166639,12923.4
TRD30004264,ORD20003326,C100079,ITC,NSE,SELL,CNC,3,46,461.55,2026-09-22 13:23:45.938,887532699106,21231.3
TRD30004265,ORD20004387,C100159,MARUTI,NSE,SELL,MIS,1,4,12327.55,2026-09-22 13:24:10.454,807428202084,49310.2
TRD30004266,ORD20003349,C100189,HINDUNILVR,NSE,BUY,MIS,1,1,2411.35,2026-09-22 13:24:26.341,518310124186,2411.35
TRD30004267,ORD20003349,C100189,HINDUNILVR,NSE,BUY,MIS,2,1,2411.35,2026-09-22 13:24:27.046,307296493736,2411.35
TRD30004268,ORD20003273,C100143,TATAMOTORS,NSE,SELL,MIS,1,3,1014.6,2026-09-22 13:28:37.316,473267258104,3043.8
TRD30004269,ORD20003273,C100143,TATAMOTORS,NSE,SELL,MIS,2,1,1014.6,2026-09-22 13:28:37.862,674123936904,1014.6
TRD30004270,ORD20003273,C100143,TATAMOTORS,NSE,SELL,MIS,3,4,1014.6,2026-09-22 13:28:39.526,120897508942,4058.4
TRD30004271,ORD20002968,C100011,HDFCBANK,BSE,SELL,CNC,1,6,1624.65,2026-09-22 13:36:29.864,900304024460,9747.9
TRD30004272,ORD20002968,C100011,HDFCBANK,BSE,SELL,CNC,2,12,1624.65,2026-09-22 13:36:32.311,689264687960,19495.8
TRD30004273,ORD20002968,C100011,HDFCBANK,BSE,SELL,CNC,3,14,1624.65,2026-09-22 13:36:36.290,966298272641,22745.1
TRD30004274,ORD20003203,C100033,TCS,NSE,SELL,MIS,1,32,3815.75,2026-09-22 13:36:43.086,697792789486,122104.0
TRD30004275,ORD20003203,C100033,TCS,NSE,SELL,MIS,2,2,3815.75,2026-09-22 13:36:46.592,426439494409,7631.5
TRD30004276,ORD20000296,C100143,NTPC,NSE,BUY,MIS,1,13,365.05,2026-09-22 13:38:36.601,494250567146,4745.65
TRD30004277,ORD20000095,C100009,MARUTI,NSE,BUY,CNC,1,1,12279.05,2026-09-22 13:38:37.923,106264533028,12279.05
TRD30004278,ORD20000095,C100009,MARUTI,NSE,BUY,CNC,2,3,12279.05,2026-09-22 13:38:39.030,151506325536,36837.15
TRD30004279,ORD20003077,C100032,MARUTI,NSE,BUY,CNC,1,1,12648.0,2026-09-22 13:42:39.019,192687159129,12648.0
TRD30004280,ORD20003316,C100123,HDFCBANK,NSE,SELL,MIS,1,9,1624.65,2026-09-22 13:43:17.567,454149775047,14621.85
TRD30004281,ORD20002836,C100087,AXISBANK,NSE,SELL,MIS,1,22,1152.55,2026-09-22 13:45:00.305,358222496340,25356.1
TRD30004282,ORD20003363,C100114,INFY,NSE,SELL,CNC,1,1,1618.6,2026-09-22 13:47:20.648,460645454041,1618.6
TRD30004283,ORD20003363,C100114,INFY,NSE,SELL,CNC,2,1,1619.15,2026-09-22 13:47:22.424,465489887929,1619.15
TRD30004284,ORD20003363,C100114,INFY,NSE,SELL,CNC,3,1,1618.3,2026-09-22 13:47:26.356,415830858977,1618.3
TRD30004285,ORD20004170,C100174,NTPC,BSE,BUY,CNC,1,3,359.25,2026-09-22 13:47:59.437,562410870147,1077.75
TRD30004288,ORD20003624,C100079,HINDUNILVR,NSE,BUY,CNC,1,1,2378.4,2026-09-22 13:48:00.269,838186316153,2378.4
TRD30004286,ORD20004170,C100174,NTPC,BSE,BUY,CNC,2,1,359.25,2026-09-22 13:48:02.944,942032852601,359.25
TRD30004287,ORD20004170,C100174,NTPC,BSE,BUY,CNC,3,8,359.25,2026-09-22 13:48:03.766,570533094114,2874.0
TRD30004289,ORD20000295,C100095,SBIN,NSE,SELL,CNC,1,42,806.15,2026-09-22 13:49:09.812,801543566353,33858.3
TRD30004290,ORD20000295,C100095,SBIN,NSE,SELL,CNC,2,93,806.15,2026-09-22 13:49:09.905,475704811026,74971.95
TRD30004291,ORD20002785,C100054,KOTAKBANK,BSE,SELL,CNC,1,11,1820.05,2026-09-22 13:54:46.623,315686042498,20020.55
TRD30004292,ORD20002296,C100180,HDFCBANK,NSE,BUY,MIS,1,8,1591.35,2026-09-22 13:55:57.291,128505027751,12730.8
TRD30004293,ORD20000064,C100082,RELIANCE,NSE,BUY,MIS,1,19,2746.1,2026-09-22 13:57:33.800,150114706866,52175.9
TRD30004294,ORD20000064,C100082,RELIANCE,NSE,BUY,MIS,2,13,2746.1,2026-09-22 13:57:36.805,297157830323,35699.3
TRD30004295,ORD20000064,C100082,RELIANCE,NSE,BUY,MIS,3,15,2746.1,2026-09-22 13:57:37.522,889443489574,41191.5
TRD30004296,ORD20004108,C100170,MARUTI,NSE,SELL,CNC,1,1,12120.6,2026-09-22 13:59:09.107,194879184331,12120.6
TRD30004297,ORD20000089,C100141,LT,NSE,SELL,MIS,1,1,3572.45,2026-09-22 13:59:14.245,842869184317,3572.45
TRD30004298,ORD20000089,C100141,LT,NSE,SELL,MIS,2,1,3572.45,2026-09-22 13:59:15.407,511501022344,3572.45
TRD30004299,ORD20001178,C100049,TATAMOTORS,NSE,SELL,CNC,1,3,946.95,2026-09-22 13:59:16.347,681000791416,2840.85
TRD30004300,ORD20001178,C100049,TATAMOTORS,NSE,SELL,CNC,2,4,945.55,2026-09-22 13:59:19.679,229437439318,3782.2
TRD30004301,ORD20003975,C100044,MARUTI,NSE,BUY,MIS,1,1,11646.25,2026-09-22 13:59:28.763,814617537235,11646.25
TRD30004302,ORD20002038,C100189,HINDUNILVR,NSE,BUY,MIS,1,40,2588.2,2026-09-22 14:00:20.723,180753957265,103528.0
TRD30004303,ORD20001892,C100016,HDFCBANK,NSE,SELL,MIS,1,13,1632.25,2026-09-22 14:00:34.208,570710012804,21219.25
TRD30004304,ORD20001892,C100016,HDFCBANK,NSE,SELL,MIS,2,4,1629.0,2026-09-22 14:00:36.148,192758887124,6516.0
TRD30004305,ORD20000439,C100122,ICICIBANK,BSE,BUY,MIS,1,4,1219.05,2026-09-22 14:06:15.553,869571912833,4876.2
TRD30004306,ORD20000439,C100122,ICICIBANK,BSE,BUY,MIS,2,1,1219.05,2026-09-22 14:06:18.073,629569102924,1219.05
TRD30004307,ORD20000439,C100122,ICICIBANK,BSE,BUY,MIS,3,4,1219.05,2026-09-22 14:06:21.291,591085926535,4876.2
TRD30004308,ORD20003813,C100175,RELIANCE,NSE,SELL,CNC,1,1,2971.9,2026-09-22 14:07:15.878,345412556890,2971.9
TRD30004309,ORD20002497,C100153,NTPC,NSE,BUY,MIS,1,6,353.65,2026-09-22 14:08:32.159,559929208982,2121.9
TRD30004310,ORD20002497,C100153,NTPC,NSE,BUY,MIS,2,4,353.65,2026-09-22 14:08:34.241,118586575866,1414.6
TRD30004311,ORD20002497,C100153,NTPC,NSE,BUY,MIS,3,4,353.65,2026-09-22 14:08:34.352,532764457743,1414.6
TRD30004312,ORD20001561,C100055,HDFCBANK,NSE,SELL,MIS,1,9,1582.3,2026-09-22 14:08:59.141,292918106666,14240.7
TRD30004313,ORD20001561,C100055,HDFCBANK,NSE,SELL,MIS,2,4,1582.3,2026-09-22 14:09:00.862,902882229265,6329.2
TRD30004314,ORD20001561,C100055,HDFCBANK,NSE,SELL,MIS,3,5,1582.3,2026-09-22 14:09:03.667,345092044284,7911.5
TRD30004315,ORD20000684,C100084,ONGC,NSE,SELL,MIS,1,262,271.45,2026-09-22 14:10:46.189,560150859331,71119.9
TRD30004316,ORD20004715,C100086,ONGC,BSE,BUY,MIS,1,13,274.4,2026-09-22 14:11:23.391,102827784860,3567.2
TRD30004317,ORD20004715,C100086,ONGC,BSE,BUY,MIS,2,7,274.4,2026-09-22 14:11:25.709,768584467899,1920.8
TRD30004318,ORD20004715,C100086,ONGC,BSE,BUY,MIS,3,93,274.4,2026-09-22 14:11:28.479,244621209832,25519.2
TRD30004319,ORD20001953,C100099,MARUTI,NSE,SELL,MIS,1,1,12400.35,2026-09-22 14:11:54.383,998899091345,12400.35
TRD30004320,ORD20000715,C100144,ONGC,NSE,SELL,CNC,1,8,265.95,2026-09-22 14:19:24.503,363539199004,2127.6
TRD30004321,ORD20000715,C100144,ONGC,NSE,SELL,CNC,2,14,266.05,2026-09-22 14:19:27.748,698893629260,3724.7
TRD30004322,ORD20000715,C100144,ONGC,NSE,SELL,CNC,3,2,265.95,2026-09-22 14:19:31.174,963950080551,531.9
TRD30004323,ORD20004903,C100030,INFY,NSE,SELL,CNC,1,16,1673.7,2026-09-22 14:20:03.277,780678913949,26779.2
TRD30004324,ORD20004903,C100030,INFY,NSE,SELL,CNC,2,13,1674.0,2026-09-22 14:20:07.265,414752665499,21762.0
TRD30004325,ORD20001616,C100055,HDFCBANK,NSE,BUY,CNC,1,14,1556.45,2026-09-22 14:23:30.414,928699433351,21790.3
TRD30004326,ORD20001616,C100055,HDFCBANK,NSE,BUY,CNC,2,15,1556.45,2026-09-22 14:23:31.664,291409139794,23346.75
TRD30004327,ORD20001616,C100055,HDFCBANK,NSE,BUY,CNC,3,10,1556.45,2026-09-22 14:23:35.525,671026148846,15564.5
TRD30004328,ORD20003763,C100139,TITAN,NSE,BUY,MIS,1,1,3406.75,2026-09-22 14:27:20.687,770533536743,3406.75
TRD30004329,ORD20003503,C100192,ITC,NSE,BUY,CNC,1,3,449.35,2026-09-22 14:27:30.871,421209813543,1348.05
TRD30004330,ORD20003503,C100192,ITC,NSE,BUY,CNC,2,1,449.35,2026-09-22 14:27:34.176,848143602876,449.35
TRD30004331,ORD20003503,C100192,ITC,NSE,BUY,CNC,3,19,449.35,2026-09-22 14:27:37.017,525278195733,8537.65
TRD30004332,ORD20003712,C100113,NTPC,BSE,BUY,MIS,1,111,363.05,2026-09-22 14:30:14.280,875369008361,40298.55
TRD30004333,ORD20002503,C100024,MARUTI,NSE,BUY,MIS,1,1,11065.3,2026-09-22 14:30:29.872,293108742384,11065.3
TRD30004334,ORD20001078,C100115,INFY,NSE,BUY,MIS,1,27,1603.85,2026-09-22 14:33:12.450,906077303412,43303.95
TRD30004335,ORD20003173,C100073,TCS,NSE,BUY,MIS,1,3,3891.05,2026-09-22 14:34:25.563,579755622925,11673.15
TRD30004336,ORD20003173,C100073,TCS,NSE,BUY,MIS,2,10,3891.05,2026-09-22 14:34:27.324,485832686253,38910.5
TRD30004337,ORD20000101,C100023,MARUTI,NSE,BUY,MIS,1,1,11741.5,2026-09-22 14:35:04.859,311823715260,11741.5
TRD30004338,ORD20004082,C100133,SBIN,BSE,SELL,MIS,1,6,808.5,2026-09-22 14:39:48.293,192774904630,4851.0
TRD30004339,ORD20002188,C100011,ICICIBANK,NSE,SELL,CNC,1,15,1157.35,2026-09-22 14:41:53.398,362090034544,17360.25
TRD30004340,ORD20002188,C100011,ICICIBANK,NSE,SELL,CNC,2,22,1157.35,2026-09-22 14:41:56.247,457889225217,25461.7
TRD30004341,ORD20002188,C100011,ICICIBANK,NSE,SELL,CNC,3,20,1157.35,2026-09-22 14:41:56.845,639210978364,23147.0
TRD30004342,ORD20002241,C100018,BHARTIARTL,NSE,SELL,CNC,1,2,1420.5,2026-09-22 14:42:11.123,750993548556,2841.0
TRD30004343,ORD20002241,C100018,BHARTIARTL,NSE,SELL,CNC,2,1,1419.45,2026-09-22 14:42:11.358,138484143179,1419.45
TRD30004344,ORD20001365,C100091,TATAMOTORS,NSE,SELL,MIS,1,32,958.0,2026-09-22 14:46:23.445,956297012869,30656.0
TRD30004345,ORD20001365,C100091,TATAMOTORS,NSE,SELL,MIS,2,3,958.0,2026-09-22 14:46:25.380,323771787273,2874.0
TRD30004346,ORD20001165,C100044,MARUTI,BSE,SELL,MIS,1,1,12564.35,2026-09-22 14:47:53.130,710751758138,12564.35
TRD30004347,ORD20004851,C100067,AXISBANK,NSE,BUY,MIS,1,17,1084.35,2026-09-22 14:50:22.803,826024888803,18433.95
TRD30004348,ORD20002942,C100083,MARUTI,NSE,BUY,CNC,1,1,11792.35,2026-09-22 14:51:10.959,475581309948,11792.35
TRD30004349,ORD20000337,C100026,TATAMOTORS,NSE,BUY,MIS,1,28,916.45,2026-09-22 14:51:33.438,493943525909,25660.6
TRD30004350,ORD20000337,C100026,TATAMOTORS,NSE,BUY,MIS,2,52,916.45,2026-09-22 14:51:33.529,143036724625,47655.4
TRD30004351,ORD20000950,C100192,HINDUNILVR,NSE,SELL,CNC,1,6,2385.05,2026-09-22 14:51:54.236,467326712320,14310.3
TRD30004352,ORD20000950,C100192,HINDUNILVR,NSE,SELL,CNC,2,12,2385.2,2026-09-22 14:51:56.179,943424655895,28622.4
TRD30004353,ORD20000950,C100192,HINDUNILVR,NSE,SELL,CNC,3,10,2387.65,2026-09-22 14:51:56.732,432302720996,23876.5
TRD30004354,ORD20000980,C100102,MARUTI,NSE,BUY,MIS,1,1,12381.0,2026-09-22 14:52:22.182,907567811274,12381.0
TRD30004355,ORD20004521,C100100,ICICIBANK,BSE,SELL,CNC,1,31,1179.35,2026-09-22 14:52:27.650,730803224707,36559.85
TRD30004356,ORD20003691,C100172,AXISBANK,NSE,BUY,MIS,1,1,1196.05,2026-09-22 14:54:03.456,896386279776,1196.05
TRD30004357,ORD20003691,C100172,AXISBANK,NSE,BUY,MIS,2,1,1194.85,2026-09-22 14:54:03.975,276281587637,1194.85
TRD30004358,ORD20000823,C100162,INFY,NSE,BUY,MIS,1,5,1624.75,2026-09-22 14:55:47.246,701851825768,8123.75
TRD30004359,ORD20000823,C100162,INFY,NSE,BUY,MIS,2,40,1623.55,2026-09-22 14:55:50.161,189494443903,64942.0
TRD30004360,ORD20001653,C100065,HINDUNILVR,NSE,SELL,CNC,1,11,2478.65,2026-09-22 15:01:31.522,538654406924,27265.15
TRD30004361,ORD20002177,C100165,TATAMOTORS,NSE,SELL,MIS,1,3,925.15,2026-09-22 15:01:36.543,751834780950,2775.45
TRD30004362,ORD20002177,C100165,TATAMOTORS,NSE,SELL,MIS,2,2,924.85,2026-09-22 15:01:36.870,245570437957,1849.7
TRD30004363,ORD20002177,C100165,TATAMOTORS,NSE,SELL,MIS,3,2,925.1,2026-09-22 15:01:38.137,962881947194,1850.2
TRD30004364,ORD20004853,C100132,ITC,NSE,SELL,MIS,1,149,462.25,2026-09-22 15:08:00.288,522838049394,68875.25
TRD30004365,ORD20002553,C100164,ONGC,NSE,BUY,MIS,1,38,286.6,2026-09-22 15:08:19.719,502794331633,10890.8
TRD30004366,ORD20002553,C100164,ONGC,NSE,BUY,MIS,2,7,286.6,2026-09-22 15:08:21.688,897379760603,2006.2
TRD30004367,ORD20004209,C100135,ONGC,NSE,BUY,CNC,1,6,262.5,2026-09-22 15:10:01.471,874176386102,1575.0
TRD30004368,ORD20004209,C100135,ONGC,NSE,BUY,CNC,2,438,262.75,2026-09-22 15:10:03.290,925094727439,115084.5
TRD30004369,ORD20004209,C100135,ONGC,NSE,BUY,CNC,3,13,262.8,2026-09-22 15:10:06.398,702818600242,3416.4
TRD30004370,ORD20004581,C100119,TCS,NSE,BUY,MIS,1,16,3907.25,2026-09-22 15:11:34.429,695780000530,62516.0
TRD30004371,ORD20000049,C100042,MARUTI,NSE,SELL,CNC,1,2,12110.4,2026-09-22 15:11:47.152,306755876083,24220.8
TRD30004372,ORD20000049,C100042,MARUTI,NSE,SELL,CNC,2,4,12125.05,2026-09-22 15:11:49.764,768041967525,48500.2
TRD30004373,ORD20000093,C100180,HINDUNILVR,BSE,BUY,CNC,1,15,2350.05,2026-09-22 15:12:37.798,659365112215,35250.75
TRD30004374,ORD20004570,C100041,MARUTI,NSE,SELL,CNC,1,1,11739.7,2026-09-22 15:12:44.203,408766148549,11739.7
TRD30004375,ORD20004570,C100041,MARUTI,NSE,SELL,CNC,2,5,11747.2,2026-09-22 15:12:44.455,969930424661,58736.0
TRD30004376,ORD20004570,C100041,MARUTI,NSE,SELL,CNC,3,4,11749.3,2026-09-22 15:12:45.057,537584117370,46997.2
TRD30004377,ORD20003379,C100012,HDFCBANK,NSE,BUY,CNC,1,2,1587.05,2026-09-22 15:22:11.774,751031045549,3174.1
TRD30004378,ORD20003379,C100012,HDFCBANK,NSE,BUY,CNC,2,4,1587.05,2026-09-22 15:22:12.901,699369981425,6348.2
TRD30004379,ORD20003379,C100012,HDFCBANK,NSE,BUY,CNC,3,5,1587.05,2026-09-22 15:22:14.398,109479347011,7935.25
TRD30004380,ORD20001549,C100052,INFY,BSE,BUY,CNC,1,7,1615.2,2026-09-22 15:22:25.710,511059809550,11306.4
TRD30004381,ORD20001549,C100052,INFY,BSE,BUY,CNC,2,15,1615.2,2026-09-22 15:22:26.210,646283362101,24228.0
TRD30004382,ORD20000700,C100159,TITAN,NSE,SELL,CNC,1,3,3430.85,2026-09-22 15:23:07.720,999923853249,10292.55
TRD30004383,ORD20000700,C100159,TITAN,NSE,SELL,CNC,2,1,3430.85,2026-09-22 15:23:09.449,238900667553,3430.85
TRD30004384,ORD20001521,C100161,TATAMOTORS,NSE,SELL,MIS,1,5,956.05,2026-09-22 15:24:15.575,713755772723,4780.25
TRD30004385,ORD20001521,C100161,TATAMOTORS,NSE,SELL,MIS,2,25,956.05,2026-09-22 15:24:17.650,492953958820,23901.25
TRD30004386,ORD20001521,C100161,TATAMOTORS,NSE,SELL,MIS,3,2,956.05,2026-09-22 15:24:17.960,523463614751,1912.1
TRD30004387,ORD20004720,C100084,SBIN,NSE,BUY,MIS,1,1,817.4,2026-09-22 15:24:25.979,242507743685,817.4
TRD30004388,ORD20004720,C100084,SBIN,NSE,BUY,MIS,2,3,817.4,2026-09-22 15:24:29.483,577111270698,2452.2
TRD30004389,ORD20004195,C100119,ITC,NSE,SELL,CNC,1,14,450.6,2026-09-23 09:21:19.981,141260509464,6308.4
TRD30004390,ORD20004217,C100138,TATAMOTORS,NSE,SELL,CNC,1,34,996.55,2026-09-23 09:23:15.112,472695099375,33882.7
TRD30004391,ORD20000844,C100037,HINDUNILVR,NSE,BUY,MIS,1,10,2522.45,2026-09-23 09:23:25.542,464967157808,25224.5
TRD30004392,ORD20000844,C100037,HINDUNILVR,NSE,BUY,MIS,2,16,2522.45,2026-09-23 09:23:27.561,256168870066,40359.2
TRD30004393,ORD20001049,C100186,HINDUNILVR,NSE,BUY,CNC,1,1,2314.75,2026-09-23 09:24:11.595,997886080404,2314.75
TRD30004394,ORD20001049,C100186,HINDUNILVR,NSE,BUY,CNC,2,2,2314.75,2026-09-23 09:24:12.056,741181369263,4629.5
TRD30004395,ORD20001049,C100186,HINDUNILVR,NSE,BUY,CNC,3,6,2314.75,2026-09-23 09:24:13.726,960084039881,13888.5
TRD30004397,ORD20000364,C100033,HDFCBANK,NSE,SELL,MIS,1,18,1680.05,2026-09-23 09:24:51.797,544525560956,30240.9
TRD30004396,ORD20003629,C100014,RELIANCE,NSE,BUY,MIS,1,2,2848.15,2026-09-23 09:24:53.117,768241333520,5696.3
TRD30004398,ORD20000364,C100033,HDFCBANK,NSE,SELL,MIS,2,12,1680.05,2026-09-23 09:24:54.475,651471503803,20160.6
TRD30004399,ORD20003644,C100015,HINDUNILVR,NSE,SELL,MIS,1,2,2325.85,2026-09-23 09:27:23.623,251116071311,4651.7
TRD30004400,ORD20004870,C100123,RELIANCE,BSE,BUY,CNC,1,2,2887.1,2026-09-23 09:32:11.564,237636293657,5774.2
TRD30004401,ORD20004870,C100123,RELIANCE,BSE,BUY,CNC,2,5,2887.1,2026-09-23 09:32:15.443,537706413854,14435.5
TRD30004402,ORD20004870,C100123,RELIANCE,BSE,BUY,CNC,3,3,2887.1,2026-09-23 09:32:18.711,282750660826,8661.3
TRD30004403,ORD20004950,C100015,ICICIBANK,NSE,SELL,MIS,1,15,1229.75,2026-09-23 09:35:54.869,793016315084,18446.25
TRD30004404,ORD20004950,C100015,ICICIBANK,NSE,SELL,MIS,2,33,1229.75,2026-09-23 09:35:55.826,367258611526,40581.75
TRD30004405,ORD20002581,C100177,RELIANCE,NSE,BUY,CNC,1,1,2864.8,2026-09-23 09:37:11.648,178611012731,2864.8
TRD30004406,ORD20000662,C100120,BHARTIARTL,NSE,SELL,CNC,1,1,1380.9,2026-09-23 09:37:35.344,626863144219,1380.9
TRD30004407,ORD20000662,C100120,BHARTIARTL,NSE,SELL,CNC,2,94,1380.9,2026-09-23 09:37:35.921,599903697848,129804.6
TRD30004408,ORD20004698,C100047,HDFCBANK,NSE,SELL,CNC,1,5,1657.3,2026-09-23 09:38:05.648,335038131620,8286.5
TRD30004409,ORD20004698,C100047,HDFCBANK,NSE,SELL,CNC,2,1,1656.2,2026-09-23 09:38:05.706,215885488636,1656.2
TRD30004410,ORD20004698,C100047,HDFCBANK,NSE,SELL,CNC,3,1,1656.4,2026-09-23 09:38:06.300,665693139005,1656.4
TRD30004411,ORD20000253,C100144,ICICIBANK,NSE,BUY,MIS,1,2,1194.15,2026-09-23 09:40:27.892,766317338435,2388.3
TRD30004412,ORD20001744,C100154,KOTAKBANK,NSE,BUY,MIS,1,1,1772.0,2026-09-23 09:42:24.638,270175405433,1772.0
TRD30004413,ORD20004622,C100108,MARUTI,NSE,SELL,MIS,1,2,12358.2,2026-09-23 09:42:59.601,771309277739,24716.4
TRD30004414,ORD20002755,C100111,HINDUNILVR,NSE,BUY,MIS,1,64,2307.15,2026-09-23 09:43:20.668,689982492613,147657.6
TRD30004415,ORD20000893,C100171,ONGC,NSE,BUY,MIS,1,38,269.45,2026-09-23 09:48:41.620,797067660602,10239.1
TRD30004416,ORD20000893,C100171,ONGC,NSE,BUY,MIS,2,53,269.45,2026-09-23 09:48:44.849,157511777866,14280.85
TRD30004417,ORD20000893,C100171,ONGC,NSE,BUY,MIS,3,162,269.45,2026-09-23 09:48:47.819,969447867519,43650.9
TRD30004418,ORD20000230,C100081,INFY,NSE,BUY,CNC,1,25,1516.25,2026-09-23 09:49:27.185,693598278101,37906.25
TRD30004419,ORD20000230,C100081,INFY,NSE,BUY,CNC,2,21,1516.95,2026-09-23 09:49:30.804,332893163221,31855.95
TRD30004420,ORD20000331,C100091,HINDUNILVR,NSE,SELL,MIS,1,1,2436.65,2026-09-23 09:49:41.324,889437535780,2436.65
TRD30004421,ORD20000331,C100091,HINDUNILVR,NSE,SELL,MIS,2,1,2437.55,2026-09-23 09:49:43.756,622667819620,2437.55
TRD30004422,ORD20002406,C100177,MARUTI,NSE,BUY,MIS,1,4,12313.45,2026-09-23 09:50:18.977,244482425562,49253.8
TRD30004423,ORD20002406,C100177,MARUTI,NSE,BUY,MIS,2,1,12330.05,2026-09-23 09:50:22.919,867326857885,12330.05
TRD30004424,ORD20002406,C100177,MARUTI,NSE,BUY,MIS,3,1,12321.1,2026-09-23 09:50:23.384,749964832816,12321.1
TRD30004425,ORD20002285,C100163,ASIANPAINT,NSE,BUY,MIS,1,21,2854.8,2026-09-23 09:53:00.911,352297338830,59950.8
TRD30004426,ORD20001731,C100088,SBIN,NSE,SELL,CNC,1,3,855.6,2026-09-23 09:54:02.171,589402492416,2566.8
TRD30004427,ORD20001731,C100088,SBIN,NSE,SELL,CNC,2,54,855.6,2026-09-23 09:54:02.414,459270571457,46202.4
TRD30004428,ORD20001731,C100088,SBIN,NSE,SELL,CNC,3,22,855.6,2026-09-23 09:54:03.584,106130406926,18823.2
TRD30004429,ORD20002680,C100054,AXISBANK,NSE,SELL,MIS,1,6,1164.95,2026-09-23 09:57:05.247,529966202457,6989.7
TRD30004430,ORD20004094,C100028,HINDUNILVR,NSE,BUY,MIS,1,2,2491.6,2026-09-23 09:57:31.192,312049089863,4983.2
TRD30004431,ORD20004094,C100028,HINDUNILVR,NSE,BUY,MIS,2,2,2494.0,2026-09-23 09:57:31.767,238975327286,4988.0
TRD30004432,ORD20001194,C100035,TATAMOTORS,NSE,SELL,MIS,1,62,974.75,2026-09-23 09:59:21.029,183379314075,60434.5
TRD30004433,ORD20002397,C100101,KOTAKBANK,NSE,SELL,CNC,1,6,1722.9,2026-09-23 09:59:24.204,301084062023,10337.4
TRD30004434,ORD20002397,C100101,KOTAKBANK,NSE,SELL,CNC,2,11,1722.9,2026-09-23 09:59:27.441,783554010952,18951.9
TRD30004435,ORD20002397,C100101,KOTAKBANK,NSE,SELL,CNC,3,1,1722.9,2026-09-23 09:59:29.222,422869197706,1722.9
TRD30004436,ORD20000053,C100037,MARUTI,NSE,SELL,MIS,1,2,12186.95,2026-09-23 10:04:58.379,225156312702,24373.9
TRD30004437,ORD20000053,C100037,MARUTI,NSE,SELL,MIS,2,1,12186.95,2026-09-23 10:04:59.900,252614662629,12186.95
TRD30004438,ORD20004432,C100102,HINDUNILVR,NSE,BUY,MIS,1,1,2341.45,2026-09-23 10:06:09.872,687093259177,2341.45
TRD30004439,ORD20003324,C100013,ONGC,NSE,BUY,CNC,1,21,270.25,2026-09-23 10:06:35.434,463058423177,5675.25
TRD30004440,ORD20003324,C100013,ONGC,NSE,BUY,CNC,2,56,270.25,2026-09-23 10:06:36.408,659791523798,15134.0
TRD30004441,ORD20003324,C100013,ONGC,NSE,BUY,CNC,3,178,270.25,2026-09-23 10:06:36.607,146974972454,48104.5
TRD30004442,ORD20004737,C100173,HDFCBANK,NSE,BUY,MIS,1,1,1627.35,2026-09-23 10:06:57.260,755627250490,1627.35
TRD30004443,ORD20004737,C100173,HDFCBANK,NSE,BUY,MIS,2,2,1627.35,2026-09-23 10:07:01.253,966459379095,3254.7
TRD30004444,ORD20004737,C100173,HDFCBANK,NSE,BUY,MIS,3,6,1627.35,2026-09-23 10:07:04.384,807880151299,9764.1
TRD30004445,ORD20000748,C100041,HINDUNILVR,NSE,SELL,MIS,1,3,2398.5,2026-09-23 10:08:43.056,749559809688,7195.5
TRD30004446,ORD20000748,C100041,HINDUNILVR,NSE,SELL,MIS,2,2,2398.5,2026-09-23 10:08:45.433,278754071216,4797.0
TRD30004447,ORD20002027,C100159,HDFCBANK,BSE,SELL,CNC,1,13,1603.6,2026-09-23 10:09:31.396,465055172579,20846.8
TRD30004448,ORD20002027,C100159,HDFCBANK,BSE,SELL,CNC,2,4,1603.6,2026-09-23 10:09:34.975,240122511813,6414.4
TRD30004449,ORD20002027,C100159,HDFCBANK,BSE,SELL,CNC,3,18,1603.6,2026-09-23 10:09:36.764,785874765521,28864.8
TRD30004450,ORD20002094,C100021,HINDUNILVR,NSE,SELL,MIS,1,5,2480.4,2026-09-23 10:10:43.978,767973291217,12402.0
TRD30004451,ORD20002094,C100021,HINDUNILVR,NSE,SELL,MIS,2,4,2480.4,2026-09-23 10:10:44.445,210877505787,9921.6
TRD30004452,ORD20004090,C100187,AXISBANK,NSE,BUY,CNC,1,9,1195.1,2026-09-23 10:12:15.538,770699659767,10755.9
TRD30004453,ORD20004090,C100187,AXISBANK,NSE,BUY,CNC,2,1,1196.45,2026-09-23 10:12:16.794,614000897926,1196.45
TRD30004454,ORD20001864,C100104,TATAMOTORS,BSE,SELL,CNC,1,5,946.6,2026-09-23 10:12:31.866,982653254591,4733.0
TRD30004455,ORD20000145,C100025,ITC,BSE,SELL,MIS,1,7,455.65,2026-09-23 10:13:34.396,990634917288,3189.55
TRD30004456,ORD20000145,C100025,ITC,BSE,SELL,MIS,2,5,455.65,2026-09-23 10:13:35.704,172667896125,2278.25
TRD30004457,ORD20000957,C100185,ONGC,NSE,SELL,MIS,1,4,278.05,2026-09-23 10:18:24.522,853136931554,1112.2
TRD30004458,ORD20000957,C100185,ONGC,NSE,SELL,MIS,2,17,278.55,2026-09-23 10:18:24.832,244471028023,4735.35
TRD30004459,ORD20003027,C100187,KOTAKBANK,NSE,SELL,MIS,1,2,1838.2,2026-09-23 10:18:36.003,594883300564,3676.4
TRD30004460,ORD20003027,C100187,KOTAKBANK,NSE,SELL,MIS,2,5,1838.2,2026-09-23 10:18:38.349,554618686140,9191.0
TRD30004461,ORD20003027,C100187,KOTAKBANK,NSE,SELL,MIS,3,21,1838.2,2026-09-23 10:18:41.470,346489045086,38602.2
TRD30004462,ORD20000733,C100175,HDFCBANK,NSE,BUY,MIS,1,20,1738.1,2026-09-23 10:22:14.449,749897907819,34762.0
TRD30004463,ORD20004418,C100129,ICICIBANK,NSE,SELL,CNC,1,86,1185.05,2026-09-23 10:24:25.654,582266166446,101914.3
TRD30004464,ORD20002099,C100151,MARUTI,BSE,SELL,MIS,1,1,11461.9,2026-09-23 10:24:29.962,659887888305,11461.9
TRD30004465,ORD20002463,C100165,BHARTIARTL,NSE,SELL,MIS,1,4,1343.4,2026-09-23 10:24:55.161,722015373766,5373.6
TRD30004466,ORD20002825,C100176,ITC,NSE,SELL,CNC,1,24,467.35,2026-09-23 10:27:41.835,464031087252,11216.4
TRD30004467,ORD20004021,C100007,ITC,NSE,SELL,MIS,1,5,474.65,2026-09-23 10:36:23.254,137306112676,2373.25
TRD30004468,ORD20004021,C100007,ITC,NSE,SELL,MIS,2,4,474.65,2026-09-23 10:36:23.728,331929741583,1898.6
TRD30004469,ORD20004021,C100007,ITC,NSE,SELL,MIS,3,11,474.65,2026-09-23 10:36:25.791,258059359030,5221.15
TRD30004470,ORD20001018,C100049,ITC,NSE,BUY,MIS,1,56,452.55,2026-09-23 10:40:13.599,778010302212,25342.8
TRD30004471,ORD20001018,C100049,ITC,NSE,BUY,MIS,2,87,452.55,2026-09-23 10:40:15.961,324667826269,39371.85
TRD30004472,ORD20001018,C100049,ITC,NSE,BUY,MIS,3,17,452.55,2026-09-23 10:40:19.604,428711177534,7693.35
TRD30004473,ORD20002487,C100089,HINDUNILVR,BSE,BUY,MIS,1,22,2323.55,2026-09-23 10:44:14.582,501484721884,51118.1
TRD30004474,ORD20002718,C100134,ITC,NSE,SELL,MIS,1,72,444.05,2026-09-23 10:44:57.574,851731860909,31971.6
TRD30004475,ORD20002718,C100134,ITC,NSE,SELL,MIS,2,66,443.1,2026-09-23 10:44:57.961,860036221656,29244.6
TRD30004476,ORD20003912,C100172,ITC,BSE,BUY,MIS,1,32,436.65,2026-09-23 10:47:41.408,297924454140,13972.8
TRD30004477,ORD20003912,C100172,ITC,BSE,BUY,MIS,2,44,436.65,2026-09-23 10:47:43.995,467514484758,19212.6
TRD30004478,ORD20004373,C100167,AXISBANK,NSE,SELL,CNC,1,1,1120.0,2026-09-23 10:49:13.880,319997583970,1120.0
TRD30004479,ORD20004373,C100167,AXISBANK,NSE,SELL,CNC,2,5,1120.0,2026-09-23 10:49:15.090,978424796716,5600.0
TRD30004480,ORD20002663,C100094,AXISBANK,NSE,SELL,MIS,1,10,1184.95,2026-09-23 10:50:35.894,579828929714,11849.5
TRD30004481,ORD20002663,C100094,AXISBANK,NSE,SELL,MIS,2,1,1184.95,2026-09-23 10:50:37.144,100723385791,1184.95
TRD30004482,ORD20003512,C100123,ITC,NSE,SELL,CNC,1,22,466.5,2026-09-23 10:50:48.394,181561897972,10263.0
TRD30004483,ORD20003512,C100123,ITC,NSE,SELL,CNC,2,52,466.5,2026-09-23 10:50:51.925,870392927258,24258.0
TRD30004484,ORD20002293,C100022,HINDUNILVR,BSE,SELL,MIS,1,1,2502.1,2026-09-23 10:51:44.200,458254234359,2502.1
TRD30004485,ORD20002293,C100022,HINDUNILVR,BSE,SELL,MIS,2,1,2503.2,2026-09-23 10:51:45.319,914813342359,2503.2
TRD30004486,ORD20002689,C100047,TITAN,NSE,BUY,MIS,1,1,3292.3,2026-09-23 10:52:25.174,696919961531,3292.3
TRD30004487,ORD20002689,C100047,TITAN,NSE,BUY,MIS,2,1,3292.3,2026-09-23 10:52:26.620,579918974751,3292.3
TRD30004488,ORD20004251,C100060,TITAN,NSE,BUY,MIS,1,5,3262.5,2026-09-23 10:52:31.677,833463474401,16312.5
TRD30004489,ORD20004251,C100060,TITAN,NSE,BUY,MIS,2,3,3262.5,2026-09-23 10:52:35.320,757322551096,9787.5
TRD30004490,ORD20004251,C100060,TITAN,NSE,BUY,MIS,3,8,3262.5,2026-09-23 10:52:35.658,623653877764,26100.0
TRD30004491,ORD20003791,C100056,KOTAKBANK,NSE,SELL,MIS,1,8,1750.65,2026-09-23 10:55:45.933,176473549319,14005.2
TRD30004492,ORD20003791,C100056,KOTAKBANK,NSE,SELL,MIS,2,3,1747.95,2026-09-23 10:55:49.246,822230964507,5243.85
TRD30004493,ORD20003791,C100056,KOTAKBANK,NSE,SELL,MIS,3,21,1747.45,2026-09-23 10:55:50.597,848203427823,36696.45
TRD30004494,ORD20002001,C100145,KOTAKBANK,NSE,BUY,CNC,1,1,1761.4,2026-09-23 10:57:42.433,904379847025,1761.4
TRD30004495,ORD20004190,C100088,KOTAKBANK,NSE,BUY,MIS,1,1,1705.05,2026-09-23 11:01:04.696,191496128839,1705.05
TRD30004496,ORD20004190,C100088,KOTAKBANK,NSE,BUY,MIS,2,1,1705.05,2026-09-23 11:01:08.074,974934869549,1705.05
TRD30004497,ORD20002583,C100126,ASIANPAINT,NSE,BUY,MIS,1,9,3061.65,2026-09-23 11:01:28.190,493751532811,27554.85
TRD30004498,ORD20002216,C100069,RELIANCE,BSE,SELL,CNC,1,1,2928.65,2026-09-23 11:11:23.181,296059784917,2928.65
TRD30004499,ORD20002216,C100069,RELIANCE,BSE,SELL,CNC,2,11,2928.25,2026-09-23 11:11:25.453,739688887587,32210.75
TRD30004500,ORD20002216,C100069,RELIANCE,BSE,SELL,CNC,3,9,2929.1,2026-09-23 11:11:25.738,797057915890,26361.9
TRD30004501,ORD20000471,C100169,RELIANCE,NSE,BUY,CNC,1,13,2834.9,2026-09-23 11:12:52.186,100489708245,36853.7
TRD30004502,ORD20000471,C100169,RELIANCE,NSE,BUY,CNC,2,27,2834.9,2026-09-23 11:12:54.896,392573440573,76542.3
TRD30004503,ORD20000471,C100169,RELIANCE,NSE,BUY,CNC,3,9,2834.9,2026-09-23 11:12:58.386,521525762478,25514.1
TRD30004504,ORD20000016,C100176,NTPC,NSE,BUY,MIS,1,7,372.25,2026-09-23 11:13:51.310,864172275231,2605.75
TRD30004505,ORD20000016,C100176,NTPC,NSE,BUY,MIS,2,3,372.25,2026-09-23 11:13:54.647,117929132569,1116.75
TRD30004506,ORD20000016,C100176,NTPC,NSE,BUY,MIS,3,8,372.25,2026-09-23 11:13:58.078,776541161637,2978.0
TRD30004507,ORD20004347,C100151,RELIANCE,NSE,SELL,CNC,1,12,2998.5,2026-09-23 11:15:32.987,938253429520,35982.0
TRD30004508,ORD20001820,C100003,ITC,BSE,SELL,MIS,1,63,441.75,2026-09-23 11:18:29.293,947434068437,27830.25
TRD30004509,ORD20001820,C100003,ITC,BSE,SELL,MIS,2,212,441.75,2026-09-23 11:18:33.112,302646323131,93651.0
TRD30004510,ORD20001834,C100142,HDFCBANK,NSE,SELL,CNC,1,7,1705.95,2026-09-23 11:19:03.483,655695158968,11941.65
TRD30004511,ORD20001834,C100142,HDFCBANK,NSE,SELL,CNC,2,4,1705.3,2026-09-23 11:19:04.979,529033203829,6821.2
TRD30004512,ORD20002886,C100152,ONGC,NSE,SELL,CNC,1,18,276.7,2026-09-23 11:21:40.232,654554027715,4980.6
TRD30004513,ORD20002886,C100152,ONGC,NSE,SELL,CNC,2,18,276.9,2026-09-23 11:21:42.570,591820056116,4984.2
TRD30004514,ORD20003662,C100111,ITC,NSE,BUY,MIS,1,51,451.25,2026-09-23 11:22:22.834,914168506788,23013.75
TRD30004515,ORD20001244,C100132,RELIANCE,NSE,BUY,CNC,1,2,2988.75,2026-09-23 11:24:32.538,759392587509,5977.5
TRD30004516,ORD20001244,C100132,RELIANCE,NSE,BUY,CNC,2,3,2986.05,2026-09-23 11:24:33.758,591425417048,8958.15
TRD30004517,ORD20001244,C100132,RELIANCE,NSE,BUY,CNC,3,1,2985.05,2026-09-23 11:24:36.431,997622961246,2985.05
TRD30004518,ORD20002851,C100135,RELIANCE,NSE,BUY,CNC,1,36,2827.5,2026-09-23 11:24:49.027,944866041931,101790.0
TRD30004519,ORD20004703,C100108,ITC,NSE,SELL,CNC,1,24,454.5,2026-09-23 11:24:52.691,234748551969,10908.0
TRD30004520,ORD20004192,C100088,ASIANPAINT,NSE,BUY,MIS,1,1,2787.95,2026-09-23 11:28:50.548,672209128010,2787.95
TRD30004521,ORD20000386,C100084,KOTAKBANK,NSE,SELL,CNC,1,35,1761.15,2026-09-23 11:30:02.343,942255915032,61640.25
TRD30004522,ORD20000386,C100084,KOTAKBANK,NSE,SELL,CNC,2,25,1761.2,2026-09-23 11:30:05.093,860527491367,44030.0
TRD30004523,ORD20003802,C100157,NTPC,NSE,BUY,MIS,1,15,339.9,2026-09-23 11:30:31.450,904636485372,5098.5
TRD30004524,ORD20003802,C100157,NTPC,NSE,BUY,MIS,2,1,339.9,2026-09-23 11:30:34.495,655037676556,339.9
TRD30004525,ORD20003802,C100157,NTPC,NSE,BUY,MIS,3,21,339.9,2026-09-23 11:30:38.008,170286100394,7137.9
TRD30004526,ORD20001984,C100147,NTPC,NSE,BUY,CNC,1,15,361.1,2026-09-23 11:31:15.650,115315266173,5416.5
TRD30004527,ORD20001610,C100185,ONGC,NSE,SELL,MIS,1,6,259.2,2026-09-23 11:32:12.914,371466284598,1555.2
TRD30004528,ORD20001610,C100185,ONGC,NSE,SELL,MIS,2,6,259.2,2026-09-23 11:32:13.632,654688903869,1555.2
TRD30004529,ORD20002701,C100175,ITC,NSE,SELL,MIS,1,2,425.85,2026-09-23 11:32:21.097,932928388406,851.7
TRD30004530,ORD20002701,C100175,ITC,NSE,SELL,MIS,2,4,426.0,2026-09-23 11:32:23.262,454802181974,1704.0
TRD30004531,ORD20002701,C100175,ITC,NSE,SELL,MIS,3,20,426.5,2026-09-23 11:32:24.079,664134105545,8530.0
TRD30004532,ORD20003461,C100163,ITC,NSE,BUY,MIS,1,11,450.2,2026-09-23 11:36:42.257,580249730501,4952.2
TRD30004533,ORD20003636,C100155,ITC,BSE,SELL,MIS,1,13,456.1,2026-09-23 11:37:37.861,312404745528,5929.3
TRD30004534,ORD20003636,C100155,ITC,BSE,SELL,MIS,2,137,456.1,2026-09-23 11:37:40.320,382293111734,62485.7
TRD30004535,ORD20003636,C100155,ITC,BSE,SELL,MIS,3,1,455.3,2026-09-23 11:37:43.114,435852323989,455.3
TRD30004536,ORD20001478,C100112,BHARTIARTL,NSE,SELL,MIS,1,40,1385.1,2026-09-23 11:38:36.179,788101572603,55404.0
TRD30004537,ORD20001997,C100034,HDFCBANK,NSE,SELL,CNC,1,4,1674.55,2026-09-23 11:38:39.980,701694530622,6698.2
TRD30004538,ORD20002723,C100162,NTPC,NSE,SELL,CNC,1,21,343.95,2026-09-23 11:40:25.902,526999872043,7222.95
TRD30004539,ORD20002723,C100162,NTPC,NSE,SELL,CNC,2,13,343.8,2026-09-23 11:40:29.312,992203735524,4469.4
TRD30004540,ORD20002723,C100162,NTPC,NSE,SELL,CNC,3,3,343.95,2026-09-23 11:40:32.525,368620722410,1031.85
TRD30004541,ORD20002561,C100045,ITC,NSE,SELL,MIS,1,62,459.45,2026-09-23 11:40:38.484,759857443491,28485.9
TRD30004542,ORD20002561,C100045,ITC,NSE,SELL,MIS,2,156,459.45,2026-09-23 11:40:39.821,199565719222,71674.2
TRD30004543,ORD20002561,C100045,ITC,NSE,SELL,MIS,3,42,459.45,2026-09-23 11:40:42.682,506506258327,19296.9
TRD30004544,ORD20001529,C100142,WIPRO,NSE,BUY,MIS,1,2,490.0,2026-09-23 11:42:30.486,800357023768,980.0
TRD30004545,ORD20001529,C100142,WIPRO,NSE,BUY,MIS,2,2,490.35,2026-09-23 11:42:30.807,530337924014,980.7
TRD30004546,ORD20001529,C100142,WIPRO,NSE,BUY,MIS,3,1,489.4,2026-09-23 11:42:34.413,627243541681,489.4
TRD30004547,ORD20002511,C100081,ITC,NSE,SELL,CNC,1,4,450.35,2026-09-23 11:44:37.907,530009859419,1801.4
TRD30004548,ORD20002511,C100081,ITC,NSE,SELL,CNC,2,8,450.35,2026-09-23 11:44:38.703,303154967704,3602.8
TRD30004549,ORD20002566,C100029,MARUTI,NSE,SELL,MIS,1,9,12189.05,2026-09-23 11:45:50.594,884020307151,109701.45
TRD30004550,ORD20002375,C100126,NTPC,NSE,BUY,CNC,1,34,356.85,2026-09-23 11:46:47.850,697443672273,12132.9
TRD30004551,ORD20002375,C100126,NTPC,NSE,BUY,CNC,2,99,356.85,2026-09-23 11:46:51.226,768903319421,35328.15
TRD30004553,ORD20004334,C100092,MARUTI,NSE,BUY,MIS,1,5,12258.7,2026-09-23 11:49:00.798,723170234786,61293.5
TRD30004552,ORD20002977,C100044,TCS,NSE,SELL,CNC,1,2,3634.3,2026-09-23 11:49:01.373,954203603268,7268.6
TRD30004554,ORD20002654,C100077,ITC,NSE,SELL,CNC,1,5,443.1,2026-09-23 11:49:04.219,158474387887,2215.5
TRD30004555,ORD20002654,C100077,ITC,NSE,SELL,CNC,2,4,443.1,2026-09-23 11:49:06.538,666450321141,1772.4
TRD30004556,ORD20002654,C100077,ITC,NSE,SELL,CNC,3,4,443.1,2026-09-23 11:49:07.563,554559529068,1772.4
TRD30004557,ORD20004982,C100113,TATAMOTORS,NSE,BUY,CNC,1,1,910.3,2026-09-23 11:49:51.180,299362031653,910.3
TRD30004558,ORD20004982,C100113,TATAMOTORS,NSE,BUY,CNC,2,1,910.95,2026-09-23 11:49:54.388,633944008286,910.95
TRD30004559,ORD20004982,C100113,TATAMOTORS,NSE,BUY,CNC,3,1,910.15,2026-09-23 11:49:54.574,705733545600,910.15
TRD30004562,ORD20001835,C100085,KOTAKBANK,NSE,BUY,CNC,1,2,1652.55,2026-09-23 11:53:53.203,671544137547,3305.1
TRD30004560,ORD20001947,C100057,ITC,NSE,SELL,MIS,1,95,461.5,2026-09-23 11:53:53.645,603230433734,43842.5
TRD30004561,ORD20001947,C100057,ITC,NSE,SELL,MIS,2,49,461.5,2026-09-23 11:53:54.344,237904647279,22613.5
TRD30004563,ORD20001835,C100085,KOTAKBANK,NSE,BUY,CNC,2,3,1652.55,2026-09-23 11:53:57.088,122346218109,4957.65
TRD30004564,ORD20001835,C100085,KOTAKBANK,NSE,BUY,CNC,3,2,1652.55,2026-09-23 11:53:58.869,243489457672,3305.1
TRD30004565,ORD20002621,C100162,HINDUNILVR,NSE,BUY,CNC,1,10,2338.65,2026-09-23 11:54:28.441,818388804326,23386.5
TRD30004566,ORD20002621,C100162,HINDUNILVR,NSE,BUY,CNC,2,4,2338.85,2026-09-23 11:54:31.930,540857769144,9355.4
TRD30004567,ORD20004946,C100062,ICICIBANK,NSE,SELL,MIS,1,25,1195.3,2026-09-23 11:56:27.347,631506292486,29882.5
TRD30004568,ORD20004946,C100062,ICICIBANK,NSE,SELL,MIS,2,4,1195.3,2026-09-23 11:56:27.780,405279838281,4781.2
TRD30004569,ORD20004034,C100034,MARUTI,NSE,BUY,MIS,1,5,12034.9,2026-09-23 11:57:39.405,609476310895,60174.5
TRD30004570,ORD20004034,C100034,MARUTI,NSE,BUY,MIS,2,5,12034.9,2026-09-23 11:57:41.348,134093657517,60174.5
TRD30004571,ORD20001627,C100171,BHARTIARTL,NSE,BUY,MIS,1,21,1372.8,2026-09-23 11:59:33.687,121489138902,28828.8
TRD30004572,ORD20001627,C100171,BHARTIARTL,NSE,BUY,MIS,2,1,1372.8,2026-09-23 11:59:34.229,913496297233,1372.8
TRD30004573,ORD20001642,C100170,TATAMOTORS,NSE,BUY,CNC,1,2,1025.25,2026-09-23 12:01:21.173,357692283675,2050.5
TRD30004574,ORD20001642,C100170,TATAMOTORS,NSE,BUY,CNC,2,2,1025.95,2026-09-23 12:01:22.937,823239555264,2051.9
TRD30004575,ORD20001642,C100170,TATAMOTORS,NSE,BUY,CNC,3,1,1025.6,2026-09-23 12:01:24.045,564673959185,1025.6
TRD30004576,ORD20003861,C100128,MARUTI,NSE,BUY,CNC,1,1,11940.05,2026-09-23 12:04:09.542,167735251147,11940.05
TRD30004577,ORD20002984,C100151,ASIANPAINT,NSE,SELL,MIS,1,2,2987.9,2026-09-23 12:05:09.696,156467874467,5975.8
TRD30004578,ORD20002984,C100151,ASIANPAINT,NSE,SELL,MIS,2,25,2987.9,2026-09-23 12:05:10.522,155828471026,74697.5
TRD30004579,ORD20002984,C100151,ASIANPAINT,NSE,SELL,MIS,3,7,2987.9,2026-09-23 12:05:10.815,552177018587,20915.3
TRD30004580,ORD20004578,C100150,HINDUNILVR,NSE,SELL,MIS,1,7,2439.0,2026-09-23 12:07:26.230,400274408004,17073.0
TRD30004581,ORD20002343,C100019,ONGC,NSE,BUY,MIS,1,120,285.55,2026-09-23 12:11:36.444,980174197620,34266.0
TRD30004582,ORD20002343,C100019,ONGC,NSE,BUY,MIS,2,226,285.65,2026-09-23 12:11:36.896,196755755630,64556.9
TRD30004583,ORD20000801,C100005,AXISBANK,NSE,SELL,MIS,1,24,1217.1,2026-09-23 12:13:33.966,457088669070,29210.4
TRD30004584,ORD20000801,C100005,AXISBANK,NSE,SELL,MIS,2,3,1217.1,2026-09-23 12:13:35.088,112530409741,3651.3
TRD30004585,ORD20000801,C100005,AXISBANK,NSE,SELL,MIS,3,36,1217.1,2026-09-23 12:13:35.517,652454586920,43815.6
TRD30004586,ORD20004118,C100105,HDFCBANK,NSE,BUY,MIS,1,1,1645.7,2026-09-23 12:18:48.698,185045665716,1645.7
TRD30004587,ORD20004118,C100105,HDFCBANK,NSE,BUY,MIS,2,4,1646.25,2026-09-23 12:18:52.023,712661844330,6585.0
TRD30004588,ORD20002143,C100107,ICICIBANK,NSE,BUY,CNC,1,1,1181.85,2026-09-23 12:19:20.841,746905803177,1181.85
TRD30004589,ORD20002143,C100107,ICICIBANK,NSE,BUY,CNC,2,1,1182.3,2026-09-23 12:19:22.224,987454752077,1182.3
TRD30004590,ORD20003033,C100149,ITC,NSE,BUY,CNC,1,13,468.0,2026-09-23 12:19:47.589,299047707120,6084.0
TRD30004591,ORD20003033,C100149,ITC,NSE,BUY,CNC,2,14,468.0,2026-09-23 12:19:47.990,690847926182,6552.0
TRD30004592,ORD20003781,C100103,BHARTIARTL,NSE,SELL,MIS,1,2,1428.8,2026-09-23 12:20:08.864,375200828802,2857.6
TRD30004593,ORD20000916,C100089,AXISBANK,NSE,BUY,CNC,1,6,1104.85,2026-09-23 12:21:47.872,373987205615,6629.1
TRD30004594,ORD20000858,C100017,TITAN,NSE,SELL,MIS,1,3,3232.6,2026-09-23 12:22:42.262,870958686489,9697.8
TRD30004595,ORD20004145,C100059,TATAMOTORS,NSE,BUY,MIS,1,2,956.95,2026-09-23 12:22:55.788,901371379507,1913.9
TRD30004596,ORD20004145,C100059,TATAMOTORS,NSE,BUY,MIS,2,2,956.95,2026-09-23 12:22:58.802,342083438463,1913.9
TRD30004597,ORD20004145,C100059,TATAMOTORS,NSE,BUY,MIS,3,1,956.95,2026-09-23 12:23:02.416,638469101023,956.95
TRD30004598,ORD20001429,C100195,TATAMOTORS,NSE,SELL,CNC,1,15,906.1,2026-09-23 12:24:05.996,766174505586,13591.5
TRD30004599,ORD20004143,C100010,HDFCBANK,NSE,BUY,CNC,1,3,1668.1,2026-09-23 12:24:29.272,405394888415,5004.3
TRD30004600,ORD20001537,C100103,RELIANCE,NSE,SELL,MIS,1,1,2753.55,2026-09-23 12:24:57.839,238579520060,2753.55
TRD30004601,ORD20001537,C100103,RELIANCE,NSE,SELL,MIS,2,1,2752.6,2026-09-23 12:25:01.424,834759159038,2752.6
TRD30004602,ORD20001537,C100103,RELIANCE,NSE,SELL,MIS,3,1,2754.0,2026-09-23 12:25:03.338,570662583719,2754.0
TRD30004603,ORD20001791,C100064,BHARTIARTL,NSE,SELL,CNC,1,2,1398.0,2026-09-23 12:25:46.345,350022817992,2796.0
TRD30004604,ORD20001791,C100064,BHARTIARTL,NSE,SELL,CNC,2,1,1398.0,2026-09-23 12:25:49.735,124822433442,1398.0
TRD30004605,ORD20000688,C100061,RELIANCE,NSE,BUY,MIS,1,1,2998.5,2026-09-23 12:26:13.484,872041649953,2998.5
TRD30004606,ORD20000688,C100061,RELIANCE,NSE,BUY,MIS,2,1,2998.5,2026-09-23 12:26:13.866,500352163992,2998.5
TRD30004607,ORD20003156,C100155,SBIN,NSE,BUY,MIS,1,7,800.45,2026-09-23 12:30:06.616,599190186866,5603.15
TRD30004608,ORD20004307,C100163,BHARTIARTL,NSE,SELL,MIS,1,66,1459.2,2026-09-23 12:32:20.798,220729191919,96307.2
TRD30004609,ORD20004307,C100163,BHARTIARTL,NSE,SELL,MIS,2,26,1459.2,2026-09-23 12:32:22.251,174428933777,37939.2
TRD30004610,ORD20003724,C100105,AXISBANK,NSE,BUY,MIS,1,15,1156.0,2026-09-23 12:34:20.522,420391648946,17340.0
TRD30004611,ORD20003724,C100105,AXISBANK,NSE,BUY,MIS,2,96,1156.0,2026-09-23 12:34:21.082,306211183601,110976.0
TRD30004612,ORD20003724,C100105,AXISBANK,NSE,BUY,MIS,3,13,1156.0,2026-09-23 12:34:21.479,130887164065,15028.0
TRD30004613,ORD20004541,C100123,HINDUNILVR,NSE,SELL,MIS,1,13,2443.3,2026-09-23 12:34:39.612,258511741520,31762.9
TRD30004614,ORD20004519,C100026,TATAMOTORS,NSE,SELL,CNC,1,22,928.6,2026-09-23 12:38:45.146,688397324820,20429.2
TRD30004615,ORD20004519,C100026,TATAMOTORS,NSE,SELL,CNC,2,11,928.6,2026-09-23 12:38:45.863,325814820007,10214.6
TRD30004616,ORD20004519,C100026,TATAMOTORS,NSE,SELL,CNC,3,3,928.6,2026-09-23 12:38:46.575,969249278998,2785.8
TRD30004617,ORD20004711,C100009,NTPC,BSE,SELL,MIS,1,58,364.4,2026-09-23 12:43:16.919,910775383417,21135.2
TRD30004618,ORD20004711,C100009,NTPC,BSE,SELL,MIS,2,5,364.4,2026-09-23 12:43:20.298,411150142270,1822.0
TRD30004619,ORD20004711,C100009,NTPC,BSE,SELL,MIS,3,7,364.4,2026-09-23 12:43:20.541,812186567011,2550.8
TRD30004620,ORD20000092,C100104,ITC,NSE,SELL,CNC,1,9,457.1,2026-09-23 12:47:05.591,261748175278,4113.9
TRD30004621,ORD20003319,C100118,ITC,NSE,SELL,MIS,1,15,455.45,2026-09-23 12:49:32.075,518723157333,6831.75
TRD30004622,ORD20001109,C100131,ONGC,BSE,SELL,MIS,1,41,286.75,2026-09-23 12:50:47.377,486197675947,11756.75
TRD30004623,ORD20001109,C100131,ONGC,BSE,SELL,MIS,2,6,286.75,2026-09-23 12:50:50.523,885658854975,1720.5
TRD30004624,ORD20002742,C100165,ITC,NSE,SELL,MIS,1,2,432.8,2026-09-23 12:59:41.432,464581219662,865.6
TRD30004625,ORD20002742,C100165,ITC,NSE,SELL,MIS,2,29,433.1,2026-09-23 12:59:45.318,246338509533,12559.9
TRD30004626,ORD20002742,C100165,ITC,NSE,SELL,MIS,3,3,432.75,2026-09-23 12:59:45.526,728872837688,1298.25
TRD30004627,ORD20003869,C100096,RELIANCE,NSE,BUY,CNC,1,11,2732.45,2026-09-23 13:01:08.597,676386866401,30056.95
TRD30004628,ORD20001353,C100122,TCS,BSE,SELL,CNC,1,1,3924.9,2026-09-23 13:06:19.259,389820172782,3924.9
TRD30004629,ORD20001353,C100122,TCS,BSE,SELL,CNC,2,1,3924.9,2026-09-23 13:06:21.445,767605540945,3924.9
TRD30004630,ORD20004925,C100004,TITAN,NSE,SELL,MIS,1,1,3462.1,2026-09-23 13:11:14.191,676193211469,3462.1
TRD30004631,ORD20003529,C100066,SBIN,NSE,BUY,MIS,1,8,832.3,2026-09-23 13:16:27.497,239112754587,6658.4
TRD30004632,ORD20001385,C100020,ASIANPAINT,NSE,SELL,CNC,1,9,3089.35,2026-09-23 13:18:01.730,281891560300,27804.15
TRD30004633,ORD20001385,C100020,ASIANPAINT,NSE,SELL,CNC,2,9,3089.35,2026-09-23 13:18:04.882,696042346890,27804.15
TRD30004634,ORD20004885,C100104,ICICIBANK,NSE,BUY,MIS,1,9,1175.75,2026-09-23 13:22:20.889,640163420961,10581.75
TRD30004635,ORD20004885,C100104,ICICIBANK,NSE,BUY,MIS,2,19,1175.75,2026-09-23 13:22:24.469,131364743230,22339.25
TRD30004636,ORD20002842,C100117,HINDUNILVR,NSE,BUY,MIS,1,2,2402.65,2026-09-23 13:22:45.147,330166025550,4805.3
TRD30004637,ORD20002842,C100117,HINDUNILVR,NSE,BUY,MIS,2,1,2396.95,2026-09-23 13:22:47.393,183449518181,2396.95
TRD30004638,ORD20002842,C100117,HINDUNILVR,NSE,BUY,MIS,3,2,2401.6,2026-09-23 13:22:50.543,976639358042,4803.2
TRD30004639,ORD20004035,C100133,RELIANCE,NSE,SELL,MIS,1,9,2938.75,2026-09-23 13:26:35.976,534833176167,26448.75
TRD30004640,ORD20002082,C100114,KOTAKBANK,NSE,SELL,CNC,1,1,1751.75,2026-09-23 13:27:12.566,556163424190,1751.75
TRD30004641,ORD20002082,C100114,KOTAKBANK,NSE,SELL,CNC,2,6,1751.75,2026-09-23 13:27:16.376,231829059146,10510.5
TRD30004642,ORD20001175,C100087,ITC,NSE,SELL,MIS,1,105,457.6,2026-09-23 13:28:22.817,521680507851,48048.0
TRD30004643,ORD20001175,C100087,ITC,NSE,SELL,MIS,2,48,458.25,2026-09-23 13:28:25.791,967280000997,21996.0
TRD30004644,ORD20004673,C100055,KOTAKBANK,NSE,SELL,MIS,1,1,1721.45,2026-09-23 13:28:25.982,878413091064,1721.45
TRD30004645,ORD20004673,C100055,KOTAKBANK,NSE,SELL,MIS,2,6,1721.45,2026-09-23 13:28:27.324,533507485690,10328.7
TRD30004646,ORD20002641,C100078,ONGC,NSE,BUY,MIS,1,28,282.2,2026-09-23 13:29:41.491,892605568177,7901.6
TRD30004647,ORD20002641,C100078,ONGC,NSE,BUY,MIS,2,6,282.3,2026-09-23 13:29:44.294,479521763779,1693.8
TRD30004648,ORD20002641,C100078,ONGC,NSE,BUY,MIS,3,6,282.3,2026-09-23 13:29:46.091,651234501263,1693.8
TRD30004649,ORD20003325,C100016,HDFCBANK,BSE,BUY,CNC,1,2,1658.7,2026-09-23 13:30:36.505,444121557121,3317.4
TRD30004650,ORD20003325,C100016,HDFCBANK,BSE,BUY,CNC,2,1,1658.7,2026-09-23 13:30:38.801,712622150268,1658.7
TRD30004651,ORD20000751,C100121,HDFCBANK,NSE,SELL,MIS,1,4,1610.35,2026-09-23 13:31:02.187,731732726966,6441.4
TRD30004652,ORD20000751,C100121,HDFCBANK,NSE,SELL,MIS,2,7,1609.45,2026-09-23 13:31:03.546,193464098252,11266.15
TRD30004653,ORD20004466,C100119,ICICIBANK,NSE,BUY,CNC,1,7,1217.85,2026-09-23 13:33:20.199,908709709209,8524.95
TRD30004654,ORD20004466,C100119,ICICIBANK,NSE,BUY,CNC,2,1,1216.95,2026-09-23 13:33:20.393,325571657178,1216.95
TRD30004655,ORD20000425,C100047,RELIANCE,NSE,SELL,MIS,1,1,2911.0,2026-09-23 13:33:58.456,785762791483,2911.0
TRD30004656,ORD20000425,C100047,RELIANCE,NSE,SELL,MIS,2,3,2911.0,2026-09-23 13:34:02.065,947946234382,8733.0
TRD30004657,ORD20000567,C100149,HDFCBANK,NSE,SELL,CNC,1,36,1608.0,2026-09-23 13:35:24.080,363895312966,57888.0
TRD30004658,ORD20000567,C100149,HDFCBANK,NSE,SELL,CNC,2,3,1608.0,2026-09-23 13:35:26.129,977624430841,4824.0
TRD30004659,ORD20002073,C100026,MARUTI,BSE,BUY,MIS,1,1,11867.4,2026-09-23 13:36:01.076,796854772465,11867.4
TRD30004660,ORD20004271,C100181,ONGC,NSE,BUY,MIS,1,102,261.55,2026-09-23 13:37:46.789,760109795023,26678.1
TRD30004661,ORD20004271,C100181,ONGC,NSE,BUY,MIS,2,387,261.55,2026-09-23 13:37:50.772,195387204707,101219.85
TRD30004662,ORD20003242,C100148,MARUTI,NSE,SELL,MIS,1,1,11618.6,2026-09-23 13:40:08.428,517059112190,11618.6
TRD30004663,ORD20002504,C100163,TCS,NSE,BUY,CNC,1,3,3996.3,2026-09-23 13:41:03.358,526092106639,11988.9
TRD30004664,ORD20002828,C100181,ICICIBANK,NSE,SELL,MIS,1,7,1207.75,2026-09-23 13:42:11.696,905556605489,8454.25
TRD30004665,ORD20002828,C100181,ICICIBANK,NSE,SELL,MIS,2,3,1207.75,2026-09-23 13:42:11.760,541320182681,3623.25
TRD30004666,ORD20001116,C100184,ICICIBANK,NSE,SELL,MIS,1,3,1237.05,2026-09-23 13:47:35.775,447154556395,3711.15
TRD30004667,ORD20000919,C100124,ITC,NSE,SELL,MIS,1,3,444.2,2026-09-23 13:49:33.533,481936521373,1332.6
TRD30004668,ORD20000919,C100124,ITC,NSE,SELL,MIS,2,9,443.4,2026-09-23 13:49:35.703,967337789005,3990.6
TRD30004669,ORD20000919,C100124,ITC,NSE,SELL,MIS,3,4,443.9,2026-09-23 13:49:39.439,652459488388,1775.6
TRD30004670,ORD20003907,C100193,RELIANCE,NSE,BUY,MIS,1,12,3029.45,2026-09-23 13:51:50.748,548252374153,36353.4
TRD30004671,ORD20003907,C100193,RELIANCE,NSE,BUY,MIS,2,8,3024.4,2026-09-23 13:51:54.309,787500936324,24195.2
TRD30004672,ORD20003907,C100193,RELIANCE,NSE,BUY,MIS,3,1,3026.4,2026-09-23 13:51:54.421,352787728153,3026.4
TRD30004673,ORD20002646,C100112,ASIANPAINT,NSE,BUY,MIS,1,12,2965.65,2026-09-23 14:03:21.862,869879586627,35587.8
TRD30004674,ORD20002646,C100112,ASIANPAINT,NSE,BUY,MIS,2,11,2969.4,2026-09-23 14:03:24.537,660825543749,32663.4
TRD30004675,ORD20003711,C100018,HINDUNILVR,NSE,BUY,CNC,1,2,2434.25,2026-09-23 14:04:50.812,337890078194,4868.5
TRD30004676,ORD20000669,C100145,ITC,NSE,SELL,MIS,1,153,460.65,2026-09-23 14:05:20.692,187790974913,70479.45
TRD30004677,ORD20003887,C100127,HDFCBANK,NSE,BUY,CNC,1,17,1667.45,2026-09-23 14:06:13.143,552248118087,28346.65
TRD30004678,ORD20003067,C100043,ICICIBANK,NSE,SELL,MIS,1,1,1295.8,2026-09-23 14:12:55.707,786275508757,1295.8
TRD30004679,ORD20003067,C100043,ICICIBANK,NSE,SELL,MIS,2,2,1295.8,2026-09-23 14:12:56.346,394648887829,2591.6
TRD30004680,ORD20003067,C100043,ICICIBANK,NSE,SELL,MIS,3,1,1295.8,2026-09-23 14:12:57.002,966759299861,1295.8
TRD30004681,ORD20003556,C100130,WIPRO,NSE,SELL,MIS,1,160,462.0,2026-09-23 14:14:14.192,582162868315,73920.0
TRD30004682,ORD20003556,C100130,WIPRO,NSE,SELL,MIS,2,50,462.0,2026-09-23 14:14:16.355,865601071931,23100.0
TRD30004683,ORD20003556,C100130,WIPRO,NSE,SELL,MIS,3,83,462.0,2026-09-23 14:14:18.274,211407173776,38346.0
TRD30004684,ORD20001951,C100152,BHARTIARTL,BSE,BUY,CNC,1,3,1412.1,2026-09-23 14:15:32.978,590844771497,4236.3
TRD30004685,ORD20001951,C100152,BHARTIARTL,BSE,BUY,CNC,2,34,1411.5,2026-09-23 14:15:36.050,980192864421,47991.0
TRD30004686,ORD20001951,C100152,BHARTIARTL,BSE,BUY,CNC,3,8,1411.85,2026-09-23 14:15:36.942,491080080259,11294.8
TRD30004687,ORD20001633,C100082,BHARTIARTL,NSE,SELL,CNC,1,1,1352.85,2026-09-23 14:15:49.115,800403618832,1352.85
TRD30004688,ORD20001633,C100082,BHARTIARTL,NSE,SELL,CNC,2,6,1356.2,2026-09-23 14:15:49.446,734591743092,8137.2
TRD30004689,ORD20001633,C100082,BHARTIARTL,NSE,SELL,CNC,3,63,1354.3,2026-09-23 14:15:49.582,406737130573,85320.9
TRD30004690,ORD20004057,C100178,HINDUNILVR,NSE,BUY,MIS,1,6,2378.3,2026-09-23 14:21:18.997,847194896671,14269.8
TRD30004691,ORD20004057,C100178,HINDUNILVR,NSE,BUY,MIS,2,1,2378.25,2026-09-23 14:21:21.939,498352570525,2378.25
TRD30004692,ORD20004057,C100178,HINDUNILVR,NSE,BUY,MIS,3,3,2376.05,2026-09-23 14:21:23.688,446128342826,7128.15
TRD30004693,ORD20003572,C100124,MARUTI,NSE,SELL,MIS,1,1,11948.05,2026-09-23 14:24:14.518,697073202791,11948.05
TRD30004694,ORD20004601,C100163,INFY,NSE,SELL,MIS,1,15,1627.0,2026-09-23 14:25:00.055,292410494547,24405.0
TRD30004695,ORD20003549,C100031,ASIANPAINT,NSE,BUY,CNC,1,3,2951.0,2026-09-23 14:26:34.934,916693372506,8853.0
TRD30004696,ORD20002152,C100027,KOTAKBANK,NSE,BUY,MIS,1,3,1910.15,2026-09-23 14:29:10.321,160099928876,5730.45
TRD30004697,ORD20002152,C100027,KOTAKBANK,NSE,BUY,MIS,2,14,1910.15,2026-09-23 14:29:10.856,907662802089,26742.1
TRD30004698,ORD20000649,C100169,SBIN,BSE,SELL,CNC,1,2,817.65,2026-09-23 14:30:54.603,587148837316,1635.3
TRD30004699,ORD20000649,C100169,SBIN,BSE,SELL,CNC,2,2,816.85,2026-09-23 14:30:55.457,702092089988,1633.7
TRD30004700,ORD20000628,C100185,TATAMOTORS,NSE,BUY,MIS,1,61,990.25,2026-09-23 14:33:22.980,961469317861,60405.25
TRD30004701,ORD20003690,C100029,INFY,NSE,BUY,CNC,1,11,1628.55,2026-09-23 14:33:45.695,964833270329,17914.05
TRD30004702,ORD20003690,C100029,INFY,NSE,BUY,CNC,2,44,1628.55,2026-09-23 14:33:47.471,867370938571,71656.2
TRD30004703,ORD20004395,C100060,ITC,NSE,SELL,CNC,1,4,444.4,2026-09-23 14:35:16.270,787412030500,1777.6
TRD30004704,ORD20004395,C100060,ITC,NSE,SELL,CNC,2,10,445.1,2026-09-23 14:35:16.474,612176396222,4451.0
TRD30004705,ORD20002062,C100153,ITC,NSE,SELL,MIS,1,4,434.7,2026-09-23 14:35:26.913,303161523044,1738.8
TRD30004706,ORD20002062,C100153,ITC,NSE,SELL,MIS,2,51,434.7,2026-09-23 14:35:27.020,496188291645,22169.7
TRD30004707,ORD20002062,C100153,ITC,NSE,SELL,MIS,3,13,434.7,2026-09-23 14:35:28.664,620786922789,5651.1
TRD30004708,ORD20002976,C100025,BHARTIARTL,NSE,SELL,MIS,1,3,1459.15,2026-09-23 14:38:22.604,319076696378,4377.45
TRD30004709,ORD20002976,C100025,BHARTIARTL,NSE,SELL,MIS,2,2,1456.65,2026-09-23 14:38:24.668,642329118909,2913.3
TRD30004710,ORD20002753,C100002,ICICIBANK,NSE,BUY,MIS,1,20,1174.85,2026-09-23 14:38:51.129,606556009737,23497.0
TRD30004711,ORD20002702,C100047,HINDUNILVR,NSE,SELL,MIS,1,18,2344.6,2026-09-23 14:42:17.102,746199469636,42202.8
TRD30004712,ORD20002702,C100047,HINDUNILVR,NSE,SELL,MIS,2,9,2344.6,2026-09-23 14:42:20.201,667782300928,21101.4
TRD30004713,ORD20002166,C100185,RELIANCE,NSE,SELL,MIS,1,10,2979.9,2026-09-23 14:43:01.597,878276155012,29799.0
TRD30004714,ORD20002166,C100185,RELIANCE,NSE,SELL,MIS,2,1,2979.9,2026-09-23 14:43:03.546,477642595400,2979.9
TRD30004715,ORD20003604,C100054,MARUTI,NSE,BUY,MIS,1,7,11700.5,2026-09-23 14:49:34.491,618945071545,81903.5
TRD30004716,ORD20003604,C100054,MARUTI,NSE,BUY,MIS,2,2,11700.5,2026-09-23 14:49:35.739,644593258283,23401.0
TRD30004717,ORD20002111,C100037,AXISBANK,NSE,BUY,MIS,1,44,1157.1,2026-09-23 14:54:34.236,413050463285,50912.4
TRD30004718,ORD20001261,C100146,MARUTI,NSE,BUY,CNC,1,1,12729.0,2026-09-23 14:55:26.334,695708375171,12729.0
TRD30004719,ORD20001126,C100045,AXISBANK,NSE,SELL,CNC,1,82,1112.55,2026-09-23 14:55:54.850,397329619746,91229.1
TRD30004720,ORD20002107,C100198,MARUTI,NSE,SELL,MIS,1,1,12196.3,2026-09-23 14:56:54.525,800157053570,12196.3
TRD30004721,ORD20000862,C100081,BHARTIARTL,NSE,BUY,MIS,1,36,1393.4,2026-09-23 14:56:56.256,917060896192,50162.4
TRD30004722,ORD20000862,C100081,BHARTIARTL,NSE,BUY,MIS,2,36,1393.4,2026-09-23 14:56:56.783,327257491842,50162.4
TRD30004723,ORD20000862,C100081,BHARTIARTL,NSE,BUY,MIS,3,26,1393.4,2026-09-23 14:56:58.310,626706938124,36228.4
TRD30004724,ORD20004699,C100120,ASIANPAINT,BSE,SELL,MIS,1,26,2962.15,2026-09-23 14:57:13.604,874970646556,77015.9
TRD30004725,ORD20002172,C100169,BHARTIARTL,BSE,SELL,CNC,1,5,1374.85,2026-09-23 14:58:06.811,625681376867,6874.25
TRD30004726,ORD20002172,C100169,BHARTIARTL,BSE,SELL,CNC,2,3,1374.85,2026-09-23 14:58:07.880,478585636605,4124.55
TRD30004727,ORD20002172,C100169,BHARTIARTL,BSE,SELL,CNC,3,1,1374.85,2026-09-23 14:58:10.158,724450780305,1374.85
TRD30004728,ORD20004537,C100131,INFY,NSE,SELL,CNC,1,1,1616.3,2026-09-23 15:01:08.190,462102019016,1616.3
TRD30004729,ORD20001146,C100179,TATAMOTORS,NSE,BUY,MIS,1,1,952.15,2026-09-23 15:01:56.324,530544718454,952.15
TRD30004730,ORD20001146,C100179,TATAMOTORS,NSE,BUY,MIS,2,5,953.35,2026-09-23 15:01:58.373,993469844988,4766.75
TRD30004731,ORD20000397,C100164,MARUTI,BSE,BUY,CNC,1,4,11744.0,2026-09-23 15:05:31.502,441551607718,46976.0
TRD30004732,ORD20000397,C100164,MARUTI,BSE,BUY,CNC,2,4,11752.5,2026-09-23 15:05:33.658,916684643771,47010.0
TRD30004733,ORD20004979,C100124,INFY,NSE,SELL,MIS,1,40,1635.9,2026-09-23 15:06:57.348,767865040246,65436.0
TRD30004734,ORD20004975,C100124,RELIANCE,NSE,BUY,MIS,1,2,2923.7,2026-09-23 15:09:54.182,478307056834,5847.4
TRD30004735,ORD20004975,C100124,RELIANCE,NSE,BUY,MIS,2,5,2923.7,2026-09-23 15:09:55.328,911938203080,14618.5
TRD30004736,ORD20003642,C100010,HINDUNILVR,NSE,SELL,CNC,1,21,2503.3,2026-09-23 15:13:08.841,235547617137,52569.3
TRD30004737,ORD20003642,C100010,HINDUNILVR,NSE,SELL,CNC,2,5,2502.5,2026-09-23 15:13:10.626,958210509148,12512.5
TRD30004738,ORD20000468,C100039,ITC,NSE,BUY,MIS,1,3,460.1,2026-09-23 15:13:55.107,735884626275,1380.3
TRD30004739,ORD20000468,C100039,ITC,NSE,BUY,MIS,2,12,460.1,2026-09-23 15:13:56.789,591921526565,5521.2
TRD30004740,ORD20004417,C100172,KOTAKBANK,NSE,SELL,MIS,1,64,1764.85,2026-09-23 15:19:26.841,502838390141,112950.4
TRD30004741,ORD20000781,C100149,TATAMOTORS,NSE,SELL,MIS,1,3,948.4,2026-09-23 15:21:10.626,936950232366,2845.2
TRD30004742,ORD20000781,C100149,TATAMOTORS,NSE,SELL,MIS,2,2,948.4,2026-09-23 15:21:14.551,828825525621,1896.8
TRD30004743,ORD20002850,C100017,TATAMOTORS,NSE,SELL,CNC,1,14,972.1,2026-09-23 15:23:44.459,594568473148,13609.4
TRD30004744,ORD20002843,C100063,ICICIBANK,NSE,SELL,CNC,1,4,1155.25,2026-09-23 15:24:49.519,833737908821,4621.0
TRD30004745,ORD20002843,C100063,ICICIBANK,NSE,SELL,CNC,2,1,1155.25,2026-09-23 15:24:51.845,602799526286,1155.25
TRD30004746,ORD20000646,C100122,HINDUNILVR,BSE,BUY,MIS,1,25,2374.0,2026-09-24 09:15:31.010,754893870226,59350.0
TRD30004747,ORD20002264,C100052,TITAN,NSE,BUY,CNC,1,7,3462.65,2026-09-24 09:15:49.122,673307693953,24238.55
TRD30004748,ORD20003088,C100081,HINDUNILVR,NSE,SELL,MIS,1,42,2425.7,2026-09-24 09:18:45.181,275338691950,101879.4
TRD30004749,ORD20003088,C100081,HINDUNILVR,NSE,SELL,MIS,2,12,2425.7,2026-09-24 09:18:48.944,295726344990,29108.4
TRD30004750,ORD20003088,C100081,HINDUNILVR,NSE,SELL,MIS,3,2,2425.7,2026-09-24 09:18:49.211,749756387055,4851.4
TRD30004751,ORD20003074,C100107,ICICIBANK,NSE,BUY,MIS,1,1,1215.8,2026-09-24 09:20:03.832,352231439063,1215.8
TRD30004752,ORD20003074,C100107,ICICIBANK,NSE,BUY,MIS,2,3,1216.45,2026-09-24 09:20:05.021,904054730708,3649.35
TRD30004753,ORD20003074,C100107,ICICIBANK,NSE,BUY,MIS,3,1,1216.95,2026-09-24 09:20:05.314,579128171595,1216.95
TRD30004754,ORD20003480,C100049,INFY,NSE,SELL,CNC,1,3,1644.35,2026-09-24 09:22:28.365,224772822105,4933.05
TRD30004755,ORD20003480,C100049,INFY,NSE,SELL,CNC,2,5,1644.35,2026-09-24 09:22:29.901,789614443961,8221.75
TRD30004756,ORD20004282,C100180,TATAMOTORS,BSE,BUY,CNC,1,2,972.95,2026-09-24 09:22:51.168,774273889846,1945.9
TRD30004757,ORD20004282,C100180,TATAMOTORS,BSE,BUY,CNC,2,4,974.55,2026-09-24 09:22:53.132,685727493332,3898.2
TRD30004758,ORD20004282,C100180,TATAMOTORS,BSE,BUY,CNC,3,1,974.1,2026-09-24 09:22:56.056,918061049318,974.1
TRD30004759,ORD20000677,C100148,HINDUNILVR,NSE,SELL,MIS,1,1,2343.65,2026-09-24 09:27:12.479,771493355497,2343.65
TRD30004760,ORD20000948,C100007,ITC,NSE,SELL,MIS,1,17,469.7,2026-09-24 09:29:35.738,794904027468,7984.9
TRD30004761,ORD20000948,C100007,ITC,NSE,SELL,MIS,2,3,469.7,2026-09-24 09:29:37.006,553947295417,1409.1
TRD30004762,ORD20000948,C100007,ITC,NSE,SELL,MIS,3,13,469.7,2026-09-24 09:29:38.053,787868422042,6106.1
TRD30004763,ORD20000863,C100176,HINDUNILVR,NSE,BUY,CNC,1,2,2475.9,2026-09-24 09:30:09.521,484503771156,4951.8
TRD30004764,ORD20000863,C100176,HINDUNILVR,NSE,BUY,CNC,2,2,2478.05,2026-09-24 09:30:09.830,504318547771,4956.1
TRD30004765,ORD20000863,C100176,HINDUNILVR,NSE,BUY,CNC,3,1,2477.35,2026-09-24 09:30:11.346,640628276103,2477.35
TRD30004766,ORD20001540,C100156,RELIANCE,NSE,SELL,MIS,1,1,2841.85,2026-09-24 09:33:15.042,781243494608,2841.85
TRD30004767,ORD20001540,C100156,RELIANCE,NSE,SELL,MIS,2,2,2843.3,2026-09-24 09:33:18.737,182263969629,5686.6
TRD30004769,ORD20004083,C100111,HDFCBANK,NSE,BUY,MIS,1,7,1691.8,2026-09-24 09:33:21.841,112055082351,11842.6
TRD30004768,ORD20001540,C100156,RELIANCE,NSE,SELL,MIS,3,1,2837.5,2026-09-24 09:33:22.179,535952648855,2837.5
TRD30004770,ORD20004083,C100111,HDFCBANK,NSE,BUY,MIS,2,4,1689.9,2026-09-24 09:33:23.813,551585982821,6759.6
TRD30004771,ORD20003626,C100096,RELIANCE,NSE,SELL,MIS,1,13,3003.1,2026-09-24 09:38:54.300,489732408917,39040.3
TRD30004772,ORD20001898,C100032,ONGC,BSE,SELL,MIS,1,6,264.05,2026-09-24 09:39:50.191,155681690930,1584.3
TRD30004773,ORD20001898,C100032,ONGC,BSE,SELL,MIS,2,3,263.9,2026-09-24 09:39:52.781,419080319022,791.7
TRD30004774,ORD20003262,C100052,HINDUNILVR,NSE,BUY,MIS,1,2,2340.35,2026-09-24 09:42:36.315,353819235199,4680.7
TRD30004775,ORD20003262,C100052,HINDUNILVR,NSE,BUY,MIS,2,2,2341.35,2026-09-24 09:42:38.643,903739461423,4682.7
TRD30004776,ORD20000240,C100084,ONGC,NSE,BUY,CNC,1,35,267.05,2026-09-24 09:43:31.512,494251846773,9346.75
TRD30004777,ORD20000240,C100084,ONGC,NSE,BUY,CNC,2,97,267.05,2026-09-24 09:43:33.492,178767894912,25903.85
TRD30004778,ORD20000737,C100157,BHARTIARTL,NSE,BUY,MIS,1,50,1451.8,2026-09-24 09:43:45.888,460195691530,72590.0
TRD30004779,ORD20000737,C100157,BHARTIARTL,NSE,BUY,MIS,2,5,1451.8,2026-09-24 09:43:48.224,677979190524,7259.0
TRD30004780,ORD20000737,C100157,BHARTIARTL,NSE,BUY,MIS,3,33,1451.8,2026-09-24 09:43:51.426,924751095515,47909.4
TRD30004781,ORD20001135,C100178,HINDUNILVR,NSE,SELL,MIS,1,5,2341.45,2026-09-24 09:43:55.896,885404881464,11707.25
TRD30004782,ORD20000599,C100019,HINDUNILVR,BSE,SELL,MIS,1,1,2283.0,2026-09-24 09:44:04.762,495327455585,2283.0
TRD30004783,ORD20000599,C100019,HINDUNILVR,BSE,SELL,MIS,2,1,2283.15,2026-09-24 09:44:05.688,669759105808,2283.15
TRD30004784,ORD20000599,C100019,HINDUNILVR,BSE,SELL,MIS,3,1,2284.6,2026-09-24 09:44:05.924,970686739349,2284.6
TRD30004785,ORD20001704,C100067,TCS,NSE,SELL,CNC,1,1,3856.05,2026-09-24 09:44:38.031,234084640401,3856.05
TRD30004786,ORD20001704,C100067,TCS,NSE,SELL,CNC,2,1,3856.05,2026-09-24 09:44:41.659,894851651704,3856.05
TRD30004787,ORD20000891,C100137,HINDUNILVR,NSE,SELL,CNC,1,5,2476.25,2026-09-24 09:44:43.071,861881883495,12381.25
TRD30004788,ORD20000891,C100137,HINDUNILVR,NSE,SELL,CNC,2,14,2476.25,2026-09-24 09:44:43.936,923180458795,34667.5
TRD30004789,ORD20000891,C100137,HINDUNILVR,NSE,SELL,CNC,3,9,2476.25,2026-09-24 09:44:46.978,970163802313,22286.25
TRD30004790,ORD20002978,C100172,MARUTI,NSE,BUY,MIS,1,2,12032.7,2026-09-24 09:44:51.574,248246844639,24065.4
TRD30004791,ORD20002978,C100172,MARUTI,NSE,BUY,MIS,2,2,12042.4,2026-09-24 09:44:53.026,604548232051,24084.8
TRD30004792,ORD20002978,C100172,MARUTI,NSE,BUY,MIS,3,1,12045.15,2026-09-24 09:44:55.198,248981032020,12045.15
TRD30004793,ORD20004972,C100160,TATAMOTORS,NSE,SELL,MIS,1,10,942.95,2026-09-24 09:47:56.135,343452151088,9429.5
TRD30004794,ORD20004388,C100121,HINDUNILVR,NSE,BUY,MIS,1,3,2499.8,2026-09-24 09:48:27.330,814934809913,7499.4
TRD30004795,ORD20004388,C100121,HINDUNILVR,NSE,BUY,MIS,2,5,2499.8,2026-09-24 09:48:27.702,891309284205,12499.0
TRD30004796,ORD20002372,C100189,HINDUNILVR,NSE,SELL,CNC,1,1,2482.0,2026-09-24 09:49:21.328,511517062586,2482.0
TRD30004797,ORD20004363,C100076,ICICIBANK,NSE,BUY,MIS,1,1,1233.7,2026-09-24 09:49:42.923,772940734244,1233.7
TRD30004798,ORD20004363,C100076,ICICIBANK,NSE,BUY,MIS,2,1,1233.7,2026-09-24 09:49:45.240,284062269612,1233.7
TRD30004799,ORD20004363,C100076,ICICIBANK,NSE,BUY,MIS,3,2,1233.7,2026-09-24 09:49:49.013,507279455731,2467.4
TRD30004800,ORD20002838,C100150,MARUTI,NSE,BUY,MIS,1,5,12355.25,2026-09-24 09:50:08.822,103739762720,61776.25
TRD30004801,ORD20003381,C100050,BHARTIARTL,NSE,BUY,MIS,1,43,1470.2,2026-09-24 09:50:33.093,800840160661,63218.6
TRD30004802,ORD20003554,C100199,INFY,NSE,BUY,CNC,1,4,1635.9,2026-09-24 09:51:10.809,339836994455,6543.6
TRD30004803,ORD20003493,C100109,TATAMOTORS,NSE,SELL,MIS,1,71,948.35,2026-09-24 09:51:56.612,130783597670,67332.85
TRD30004804,ORD20003493,C100109,TATAMOTORS,NSE,SELL,MIS,2,53,948.35,2026-09-24 09:51:57.972,416489651418,50262.55
TRD30004805,ORD20003493,C100109,TATAMOTORS,NSE,SELL,MIS,3,31,948.35,2026-09-24 09:51:58.554,422081362680,29398.85
TRD30004806,ORD20001443,C100018,BHARTIARTL,NSE,BUY,MIS,1,47,1410.5,2026-09-24 09:55:58.010,747588601935,66293.5
TRD30004807,ORD20003000,C100108,ONGC,NSE,BUY,MIS,1,53,260.85,2026-09-24 09:59:21.887,429703262867,13825.05
TRD30004808,ORD20000951,C100094,TCS,NSE,SELL,MIS,1,32,3944.65,2026-09-24 10:00:31.339,370850913035,126228.8
TRD30004809,ORD20000951,C100094,TCS,NSE,SELL,MIS,2,1,3944.65,2026-09-24 10:00:34.943,107320946250,3944.65
TRD30004810,ORD20004843,C100049,BHARTIARTL,NSE,BUY,MIS,1,17,1424.0,2026-09-24 10:01:30.095,803492856591,24208.0
TRD30004811,ORD20004843,C100049,BHARTIARTL,NSE,BUY,MIS,2,54,1424.65,2026-09-24 10:01:31.370,165836603571,76931.1
TRD30004812,ORD20002849,C100089,AXISBANK,NSE,SELL,MIS,1,32,1110.9,2026-09-24 10:02:22.255,408419788654,35548.8
TRD30004813,ORD20002849,C100089,AXISBANK,NSE,SELL,MIS,2,21,1111.15,2026-09-24 10:02:25.826,321694466587,23334.15
TRD30004814,ORD20002849,C100089,AXISBANK,NSE,SELL,MIS,3,17,1110.45,2026-09-24 10:02:28.642,959563149984,18877.65
TRD30004815,ORD20003473,C100121,HDFCBANK,NSE,SELL,MIS,1,11,1574.2,2026-09-24 10:04:08.193,645660621536,17316.2
TRD30004816,ORD20001525,C100121,RELIANCE,NSE,SELL,MIS,1,1,2840.85,2026-09-24 10:04:55.766,126185207732,2840.85
TRD30004817,ORD20000294,C100056,ITC,NSE,SELL,CNC,1,58,449.55,2026-09-24 10:06:48.769,707972409435,26073.9
TRD30004818,ORD20000294,C100056,ITC,NSE,SELL,CNC,2,3,450.05,2026-09-24 10:06:51.128,894490235619,1350.15
TRD30004819,ORD20004370,C100186,NTPC,NSE,BUY,MIS,1,306,339.75,2026-09-24 10:09:37.819,701340106041,103963.5
TRD30004820,ORD20001675,C100193,HDFCBANK,NSE,SELL,CNC,1,2,1611.4,2026-09-24 10:10:48.161,571243015595,3222.8
TRD30004821,ORD20001675,C100193,HDFCBANK,NSE,SELL,CNC,2,11,1611.2,2026-09-24 10:10:51.791,394046254799,17723.2
TRD30004822,ORD20001675,C100193,HDFCBANK,NSE,SELL,CNC,3,5,1608.5,2026-09-24 10:10:53.669,657234576146,8042.5
TRD30004823,ORD20001279,C100075,HINDUNILVR,NSE,SELL,MIS,1,2,2393.1,2026-09-24 10:11:39.293,137093235692,4786.2
TRD30004824,ORD20000879,C100159,ITC,BSE,BUY,CNC,1,2,467.25,2026-09-24 10:11:56.458,302379739515,934.5
TRD30004825,ORD20000879,C100159,ITC,BSE,BUY,CNC,2,2,467.45,2026-09-24 10:11:58.759,928371436267,934.9
TRD30004826,ORD20000879,C100159,ITC,BSE,BUY,CNC,3,2,468.1,2026-09-24 10:12:00.090,739637628170,936.2
TRD30004827,ORD20001620,C100133,BHARTIARTL,NSE,SELL,CNC,1,23,1400.3,2026-09-24 10:15:33.923,185207466290,32206.9
TRD30004828,ORD20001620,C100133,BHARTIARTL,NSE,SELL,CNC,2,1,1400.8,2026-09-24 10:15:34.877,703456366436,1400.8
TRD30004829,ORD20001620,C100133,BHARTIARTL,NSE,SELL,CNC,3,23,1402.45,2026-09-24 10:15:35.276,909651942850,32256.35
TRD30004830,ORD20003902,C100109,RELIANCE,NSE,BUY,CNC,1,1,2923.55,2026-09-24 10:19:16.605,703663564464,2923.55
TRD30004831,ORD20003902,C100109,RELIANCE,NSE,BUY,CNC,2,1,2923.55,2026-09-24 10:19:18.512,631653974014,2923.55
TRD30004832,ORD20003902,C100109,RELIANCE,NSE,BUY,CNC,3,1,2923.55,2026-09-24 10:19:19.284,545254841790,2923.55
TRD30004833,ORD20004942,C100044,ONGC,NSE,BUY,MIS,1,136,271.55,2026-09-24 10:20:43.941,631959322295,36930.8
TRD30004834,ORD20000213,C100125,SBIN,BSE,BUY,MIS,1,7,787.95,2026-09-24 10:21:11.710,883988972245,5515.65
TRD30004835,ORD20002852,C100011,ITC,NSE,SELL,MIS,1,8,440.85,2026-09-24 10:22:57.946,384357214888,3526.8
TRD30004836,ORD20002852,C100011,ITC,NSE,SELL,MIS,2,1,440.85,2026-09-24 10:22:58.494,795057234021,440.85
TRD30004837,ORD20002852,C100011,ITC,NSE,SELL,MIS,3,3,440.85,2026-09-24 10:23:01.848,676949465589,1322.55
TRD30004838,ORD20001309,C100057,BHARTIARTL,NSE,SELL,MIS,1,42,1457.95,2026-09-24 10:24:18.652,217593568585,61233.9
TRD30004839,ORD20000617,C100053,RELIANCE,BSE,BUY,MIS,1,5,2924.1,2026-09-24 10:28:32.878,314810897493,14620.5
TRD30004840,ORD20000617,C100053,RELIANCE,BSE,BUY,MIS,2,7,2924.1,2026-09-24 10:28:34.864,895305460533,20468.7
TRD30004841,ORD20000539,C100155,HINDUNILVR,NSE,BUY,CNC,1,1,2527.25,2026-09-24 10:34:28.926,391850431656,2527.25
TRD30004842,ORD20000539,C100155,HINDUNILVR,NSE,BUY,CNC,2,1,2529.55,2026-09-24 10:34:30.432,468323033039,2529.55
TRD30004843,ORD20002331,C100187,ITC,BSE,BUY,CNC,1,6,441.85,2026-09-24 10:36:34.984,399459223762,2651.1
TRD30004844,ORD20002331,C100187,ITC,BSE,BUY,CNC,2,5,441.85,2026-09-24 10:36:37.893,600397620517,2209.25
TRD30004845,ORD20002331,C100187,ITC,BSE,BUY,CNC,3,7,441.85,2026-09-24 10:36:41.464,159459560864,3092.95
TRD30004846,ORD20004522,C100197,KOTAKBANK,NSE,BUY,CNC,1,1,1711.5,2026-09-24 10:38:28.364,497470628256,1711.5
TRD30004847,ORD20000238,C100024,ICICIBANK,NSE,BUY,MIS,1,1,1256.1,2026-09-24 10:40:22.469,549796090083,1256.1
TRD30004848,ORD20000238,C100024,ICICIBANK,NSE,BUY,MIS,2,4,1256.1,2026-09-24 10:40:26.359,832798687437,5024.4
TRD30004849,ORD20000238,C100024,ICICIBANK,NSE,BUY,MIS,3,2,1256.1,2026-09-24 10:40:27.224,291414599769,2512.2
TRD30004850,ORD20003286,C100149,SBIN,NSE,BUY,CNC,1,6,836.05,2026-09-24 10:43:06.837,449294957516,5016.3
TRD30004851,ORD20003286,C100149,SBIN,NSE,BUY,CNC,2,1,836.05,2026-09-24 10:43:07.382,574141932071,836.05
TRD30004852,ORD20003286,C100149,SBIN,NSE,BUY,CNC,3,2,836.05,2026-09-24 10:43:08.650,828696680263,1672.1
TRD30004853,ORD20000839,C100033,AXISBANK,NSE,SELL,CNC,1,3,1117.7,2026-09-24 10:45:15.832,731733676048,3353.1
TRD30004854,ORD20000839,C100033,AXISBANK,NSE,SELL,CNC,2,1,1117.7,2026-09-24 10:45:18.644,140534084687,1117.7
TRD30004855,ORD20002608,C100067,HINDUNILVR,NSE,SELL,MIS,1,13,2324.35,2026-09-24 10:47:39.526,414330438889,30216.55
TRD30004856,ORD20002608,C100067,HINDUNILVR,NSE,SELL,MIS,2,2,2324.35,2026-09-24 10:47:40.411,295698270141,4648.7
TRD30004857,ORD20002812,C100154,ITC,NSE,BUY,MIS,1,22,472.45,2026-09-24 10:47:56.667,210555355452,10393.9
TRD30004858,ORD20002812,C100154,ITC,NSE,BUY,MIS,2,38,472.45,2026-09-24 10:47:57.051,347886394570,17953.1
TRD30004859,ORD20004197,C100052,RELIANCE,BSE,SELL,MIS,1,1,2751.05,2026-09-24 10:49:17.732,614297224453,2751.05
TRD30004860,ORD20001920,C100042,ONGC,NSE,BUY,MIS,1,151,267.6,2026-09-24 10:49:34.942,835227741411,40407.6
TRD30004861,ORD20001920,C100042,ONGC,NSE,BUY,MIS,2,37,267.6,2026-09-24 10:49:36.720,896517522803,9901.2
TRD30004862,ORD20001920,C100042,ONGC,NSE,BUY,MIS,3,45,267.6,2026-09-24 10:49:38.453,401982409786,12042.0
TRD30004863,ORD20004441,C100180,ITC,NSE,BUY,CNC,1,5,442.9,2026-09-24 10:51:31.311,307405351101,2214.5
TRD30004864,ORD20002694,C100097,BHARTIARTL,NSE,BUY,MIS,1,1,1463.15,2026-09-24 10:52:06.458,616407920796,1463.15
TRD30004865,ORD20002694,C100097,BHARTIARTL,NSE,BUY,MIS,2,1,1463.9,2026-09-24 10:52:09.881,699783307386,1463.9
TRD30004866,ORD20002694,C100097,BHARTIARTL,NSE,BUY,MIS,3,1,1462.85,2026-09-24 10:52:11.730,597490634498,1462.85
TRD30004867,ORD20001534,C100105,HINDUNILVR,NSE,SELL,CNC,1,8,2385.55,2026-09-24 10:53:19.546,846963373550,19084.4
TRD30004869,ORD20002956,C100150,KOTAKBANK,NSE,BUY,MIS,1,1,1732.0,2026-09-24 10:53:21.331,398547515058,1732.0
TRD30004870,ORD20002956,C100150,KOTAKBANK,NSE,BUY,MIS,2,1,1730.1,2026-09-24 10:53:22.173,610087675353,1730.1
TRD30004868,ORD20001534,C100105,HINDUNILVR,NSE,SELL,CNC,2,6,2385.55,2026-09-24 10:53:22.638,456222520647,14313.3
TRD30004871,ORD20002956,C100150,KOTAKBANK,NSE,BUY,MIS,3,1,1728.9,2026-09-24 10:53:23.518,693938990334,1728.9
TRD30004872,ORD20001700,C100076,MARUTI,NSE,BUY,CNC,1,1,11921.05,2026-09-24 10:53:29.130,400946553964,11921.05
TRD30004873,ORD20003442,C100032,TATAMOTORS,NSE,SELL,MIS,1,8,1009.85,2026-09-24 10:54:56.122,328332215535,8078.8
TRD30004874,ORD20001646,C100037,INFY,BSE,BUY,MIS,1,95,1517.65,2026-09-24 10:54:57.562,970031569413,144176.75
TRD30004875,ORD20000850,C100017,ONGC,NSE,SELL,CNC,1,13,268.5,2026-09-24 11:01:22.565,737028840582,3490.5
TRD30004876,ORD20000850,C100017,ONGC,NSE,SELL,CNC,2,196,268.7,2026-09-24 11:01:24.434,651770224012,52665.2
TRD30004877,ORD20001837,C100139,ICICIBANK,NSE,SELL,MIS,1,29,1263.9,2026-09-24 11:01:43.665,356314712051,36653.1
TRD30004878,ORD20001453,C100051,KOTAKBANK,NSE,BUY,MIS,1,38,1650.3,2026-09-24 11:03:24.350,929360632173,62711.4
TRD30004879,ORD20001453,C100051,KOTAKBANK,NSE,BUY,MIS,2,32,1650.3,2026-09-24 11:03:25.801,575821051088,52809.6
TRD30004880,ORD20001015,C100151,MARUTI,NSE,BUY,CNC,1,1,12222.3,2026-09-24 11:07:37.184,343047661978,12222.3
TRD30004881,ORD20001747,C100017,MARUTI,NSE,SELL,MIS,1,1,11714.3,2026-09-24 11:09:54.329,425332813712,11714.3
TRD30004882,ORD20002778,C100141,RELIANCE,NSE,SELL,CNC,1,1,2951.75,2026-09-24 11:11:08.782,434976345598,2951.75
TRD30004883,ORD20001668,C100110,BHARTIARTL,NSE,BUY,MIS,1,52,1410.45,2026-09-24 11:11:28.099,130726425902,73343.4
TRD30004884,ORD20004286,C100039,MARUTI,NSE,SELL,MIS,1,5,12107.6,2026-09-24 11:13:05.734,468140116578,60538.0
TRD30004885,ORD20001440,C100157,TITAN,NSE,SELL,CNC,1,1,3480.5,2026-09-24 11:17:17.094,334650799119,3480.5
TRD30004886,ORD20001440,C100157,TITAN,NSE,SELL,CNC,2,1,3481.85,2026-09-24 11:17:18.438,507058485408,3481.85
TRD30004887,ORD20000989,C100000,HINDUNILVR,NSE,SELL,CNC,1,2,2352.5,2026-09-24 11:18:31.920,604585692084,4705.0
TRD30004888,ORD20003901,C100115,TATAMOTORS,NSE,SELL,CNC,1,39,982.75,2026-09-24 11:19:19.978,402073860421,38327.25
TRD30004889,ORD20003901,C100115,TATAMOTORS,NSE,SELL,CNC,2,2,982.75,2026-09-24 11:19:21.155,127476090632,1965.5
TRD30004890,ORD20003901,C100115,TATAMOTORS,NSE,SELL,CNC,3,30,982.75,2026-09-24 11:19:25.116,934780515387,29482.5
TRD30004891,ORD20001446,C100001,HINDUNILVR,NSE,SELL,CNC,1,1,2384.55,2026-09-24 11:19:27.131,205819897645,2384.55
TRD30004892,ORD20003871,C100106,HINDUNILVR,NSE,BUY,MIS,1,5,2290.7,2026-09-24 11:20:15.070,415565061563,11453.5
TRD30004893,ORD20003871,C100106,HINDUNILVR,NSE,BUY,MIS,2,1,2290.7,2026-09-24 11:20:15.513,754502432162,2290.7
TRD30004894,ORD20003871,C100106,HINDUNILVR,NSE,BUY,MIS,3,3,2290.7,2026-09-24 11:20:17.527,891472753973,6872.1
TRD30004895,ORD20001264,C100193,HDFCBANK,NSE,BUY,MIS,1,30,1635.05,2026-09-24 11:24:13.722,681545318550,49051.5
TRD30004896,ORD20004596,C100129,TATAMOTORS,NSE,BUY,MIS,1,16,956.25,2026-09-24 11:25:02.479,316351980182,15300.0
TRD30004897,ORD20004596,C100129,TATAMOTORS,NSE,BUY,MIS,2,2,956.2,2026-09-24 11:25:05.801,697130021839,1912.4
TRD30004898,ORD20004596,C100129,TATAMOTORS,NSE,BUY,MIS,3,25,956.45,2026-09-24 11:25:06.255,462190718790,23911.25
TRD30004899,ORD20004962,C100111,RELIANCE,NSE,BUY,MIS,1,49,2814.8,2026-09-24 11:26:28.776,770318220525,137925.2
TRD30004900,ORD20003139,C100029,TCS,NSE,BUY,MIS,1,1,3838.5,2026-09-24 11:27:09.631,455917849350,3838.5
TRD30004901,ORD20002893,C100186,TCS,NSE,SELL,CNC,1,7,3777.05,2026-09-24 11:27:18.571,179020621984,26439.35
TRD30004902,ORD20002893,C100186,TCS,NSE,SELL,CNC,2,9,3777.05,2026-09-24 11:27:18.635,574015694760,33993.45
TRD30004903,ORD20000355,C100039,TATAMOTORS,NSE,BUY,CNC,1,1,920.85,2026-09-24 11:27:21.444,138015798731,920.85
TRD30004904,ORD20000355,C100039,TATAMOTORS,NSE,BUY,CNC,2,11,920.85,2026-09-24 11:27:23.005,661032174944,10129.35
TRD30004905,ORD20000355,C100039,TATAMOTORS,NSE,BUY,CNC,3,5,920.85,2026-09-24 11:27:26.767,385600045105,4604.25
TRD30004906,ORD20000653,C100010,ICICIBANK,NSE,SELL,MIS,1,1,1233.1,2026-09-24 11:34:29.586,893928100928,1233.1
TRD30004907,ORD20000653,C100010,ICICIBANK,NSE,SELL,MIS,2,7,1233.1,2026-09-24 11:34:31.898,550806965304,8631.7
TRD30004908,ORD20000653,C100010,ICICIBANK,NSE,SELL,MIS,3,2,1233.1,2026-09-24 11:34:34.567,130627960939,2466.2
TRD30004909,ORD20003455,C100089,BHARTIARTL,NSE,BUY,CNC,1,6,1342.1,2026-09-24 11:40:42.188,674664640681,8052.6
TRD30004910,ORD20003455,C100089,BHARTIARTL,NSE,BUY,CNC,2,20,1339.4,2026-09-24 11:40:45.157,847989895257,26788.0
TRD30004911,ORD20003058,C100178,ICICIBANK,NSE,BUY,MIS,1,1,1184.5,2026-09-24 11:41:39.084,140387337970,1184.5
TRD30004912,ORD20003058,C100178,ICICIBANK,NSE,BUY,MIS,2,11,1184.5,2026-09-24 11:41:39.368,770413936646,13029.5
TRD30004913,ORD20003058,C100178,ICICIBANK,NSE,BUY,MIS,3,2,1184.5,2026-09-24 11:41:42.729,785358190863,2369.0
TRD30004914,ORD20004756,C100033,ITC,NSE,BUY,CNC,1,3,424.45,2026-09-24 11:46:41.808,712536273883,1273.35
TRD30004915,ORD20004756,C100033,ITC,NSE,BUY,CNC,2,6,424.45,2026-09-24 11:46:45.155,541097993894,2546.7
TRD30004916,ORD20004756,C100033,ITC,NSE,BUY,CNC,3,4,424.45,2026-09-24 11:46:45.817,682697514432,1697.8
TRD30004917,ORD20002649,C100179,MARUTI,NSE,BUY,MIS,1,1,11825.95,2026-09-24 11:47:09.715,540629499008,11825.95
TRD30004918,ORD20002649,C100179,MARUTI,NSE,BUY,MIS,2,1,11825.95,2026-09-24 11:47:10.063,438679560843,11825.95
TRD30004919,ORD20002649,C100179,MARUTI,NSE,BUY,MIS,3,1,11825.95,2026-09-24 11:47:12.045,144728224572,11825.95
TRD30004920,ORD20004025,C100099,HDFCBANK,NSE,BUY,CNC,1,54,1722.5,2026-09-24 11:48:42.816,546670269629,93015.0
TRD30004921,ORD20004025,C100099,HDFCBANK,NSE,BUY,CNC,2,12,1722.5,2026-09-24 11:48:45.152,804713328048,20670.0
TRD30004922,ORD20004025,C100099,HDFCBANK,NSE,BUY,CNC,3,15,1722.5,2026-09-24 11:48:48.863,145825907280,25837.5
TRD30004923,ORD20002791,C100105,KOTAKBANK,NSE,BUY,CNC,1,71,1742.65,2026-09-24 11:50:33.204,133519868094,123728.15
TRD30004924,ORD20002897,C100167,ICICIBANK,NSE,SELL,CNC,1,20,1161.9,2026-09-24 11:52:48.601,252407693234,23238.0
TRD30004925,ORD20002897,C100167,ICICIBANK,NSE,SELL,CNC,2,8,1160.45,2026-09-24 11:52:49.582,365644956494,9283.6
TRD30004926,ORD20002897,C100167,ICICIBANK,NSE,SELL,CNC,3,26,1161.05,2026-09-24 11:52:50.626,550026961959,30187.3
TRD30004927,ORD20001306,C100150,TATAMOTORS,NSE,BUY,MIS,1,5,958.05,2026-09-24 11:55:33.191,845789749657,4790.25
TRD30004928,ORD20001306,C100150,TATAMOTORS,NSE,BUY,MIS,2,2,957.6,2026-09-24 11:55:35.176,126693637371,1915.2
TRD30004929,ORD20000269,C100087,RELIANCE,NSE,BUY,MIS,1,15,2661.45,2026-09-24 11:55:36.166,803697103050,39921.75
TRD30004930,ORD20000269,C100087,RELIANCE,NSE,BUY,MIS,2,10,2660.7,2026-09-24 11:55:36.393,742981653740,26607.0
TRD30004931,ORD20001077,C100101,INFY,NSE,BUY,CNC,1,2,1637.9,2026-09-24 11:56:21.707,549310289920,3275.8
TRD30004932,ORD20001077,C100101,INFY,NSE,BUY,CNC,2,2,1637.7,2026-09-24 11:56:22.670,273119695728,3275.4
TRD30004933,ORD20000486,C100125,SBIN,NSE,SELL,MIS,1,16,812.3,2026-09-24 11:56:57.967,176535397553,12996.8
TRD30004934,ORD20000486,C100125,SBIN,NSE,SELL,MIS,2,16,812.3,2026-09-24 11:56:59.061,242363610697,12996.8
TRD30004935,ORD20002824,C100113,RELIANCE,NSE,SELL,MIS,1,18,2905.4,2026-09-24 12:00:56.184,399554393543,52297.2
TRD30004936,ORD20001476,C100080,INFY,BSE,BUY,MIS,1,1,1584.2,2026-09-24 12:01:49.297,577752473519,1584.2
TRD30004937,ORD20001476,C100080,INFY,BSE,BUY,MIS,2,1,1586.7,2026-09-24 12:01:50.923,414473345686,1586.7
TRD30004938,ORD20001476,C100080,INFY,BSE,BUY,MIS,3,1,1586.15,2026-09-24 12:01:53.214,602896486097,1586.15
TRD30004939,ORD20002187,C100191,HDFCBANK,BSE,BUY,CNC,1,2,1664.25,2026-09-24 12:04:54.604,893285487057,3328.5
TRD30004940,ORD20003479,C100022,AXISBANK,NSE,SELL,MIS,1,32,1123.15,2026-09-24 12:05:00.547,216782454306,35940.8
TRD30004941,ORD20000667,C100187,ICICIBANK,NSE,SELL,CNC,1,2,1235.15,2026-09-24 12:06:10.566,904977948411,2470.3
TRD30004942,ORD20000667,C100187,ICICIBANK,NSE,SELL,CNC,2,3,1235.15,2026-09-24 12:06:13.972,274885723718,3705.45
TRD30004943,ORD20002800,C100106,HDFCBANK,NSE,BUY,MIS,1,3,1646.5,2026-09-24 12:06:49.034,543262344001,4939.5
TRD30004944,ORD20002736,C100160,TCS,NSE,BUY,CNC,1,5,3901.8,2026-09-24 12:09:36.135,760278968191,19509.0
TRD30004945,ORD20003780,C100026,BHARTIARTL,NSE,SELL,MIS,1,17,1310.5,2026-09-24 12:11:52.182,727169335640,22278.5
TRD30004946,ORD20003780,C100026,BHARTIARTL,NSE,SELL,MIS,2,30,1310.5,2026-09-24 12:11:52.420,782339891337,39315.0
TRD30004947,ORD20000658,C100019,ASIANPAINT,NSE,BUY,CNC,1,19,2855.0,2026-09-24 12:11:53.438,742276220729,54245.0
TRD30004948,ORD20002240,C100066,KOTAKBANK,NSE,SELL,MIS,1,16,1736.1,2026-09-24 12:12:18.439,114404643009,27777.6
TRD30004949,ORD20000349,C100022,ONGC,NSE,SELL,MIS,1,13,276.3,2026-09-24 12:13:22.089,546376800283,3591.9
TRD30004950,ORD20000349,C100022,ONGC,NSE,SELL,MIS,2,23,276.15,2026-09-24 12:13:22.981,441230526690,6351.45
TRD30004951,ORD20001896,C100038,TATAMOTORS,NSE,BUY,CNC,1,37,917.75,2026-09-24 12:19:44.682,935149744113,33956.75
TRD30004952,ORD20001179,C100122,SBIN,NSE,SELL,CNC,1,27,832.6,2026-09-24 12:21:21.614,959232662344,22480.2
TRD30004953,ORD20001179,C100122,SBIN,NSE,SELL,CNC,2,30,832.6,2026-09-24 12:21:25.343,330641247277,24978.0
TRD30004954,ORD20001179,C100122,SBIN,NSE,SELL,CNC,3,15,832.6,2026-09-24 12:21:26.337,740839654479,12489.0
TRD30004955,ORD20000433,C100128,AXISBANK,NSE,SELL,MIS,1,52,1174.4,2026-09-24 12:22:31.669,313416439514,61068.8
TRD30004956,ORD20001597,C100179,HDFCBANK,NSE,SELL,MIS,1,5,1643.25,2026-09-24 12:24:46.538,773723814330,8216.25
TRD30004957,ORD20004900,C100001,HDFCBANK,NSE,BUY,MIS,1,2,1735.1,2026-09-24 12:27:43.382,369200212180,3470.2
TRD30004958,ORD20004900,C100001,HDFCBANK,NSE,BUY,MIS,2,1,1735.8,2026-09-24 12:27:47.176,757539088386,1735.8
TRD30004959,ORD20004999,C100128,BHARTIARTL,NSE,BUY,MIS,1,32,1379.95,2026-09-24 12:28:36.973,124400554185,44158.4
TRD30004961,ORD20002425,C100057,RELIANCE,NSE,BUY,MIS,1,1,2757.2,2026-09-24 12:28:38.608,478684334636,2757.2
TRD30004960,ORD20004999,C100128,BHARTIARTL,NSE,BUY,MIS,2,61,1379.95,2026-09-24 12:28:39.341,732465781017,84176.95
TRD30004963,ORD20001645,C100175,HDFCBANK,NSE,SELL,MIS,1,31,1620.15,2026-09-24 12:31:33.329,182425863829,50224.65
TRD30004962,ORD20003564,C100012,TCS,NSE,BUY,CNC,1,1,4039.05,2026-09-24 12:31:33.858,764747105471,4039.05
TRD30004964,ORD20001645,C100175,HDFCBANK,NSE,SELL,MIS,2,1,1618.65,2026-09-24 12:31:34.643,881218469158,1618.65
TRD30004965,ORD20004690,C100074,HDFCBANK,NSE,BUY,MIS,1,6,1699.4,2026-09-24 12:32:13.072,698905044050,10196.4
TRD30004966,ORD20004690,C100074,HDFCBANK,NSE,BUY,MIS,2,3,1699.4,2026-09-24 12:32:13.165,433762960538,5098.2
TRD30004967,ORD20004690,C100074,HDFCBANK,NSE,BUY,MIS,3,4,1699.4,2026-09-24 12:32:16.305,407388174750,6797.6
TRD30004968,ORD20002769,C100156,HINDUNILVR,NSE,BUY,MIS,1,7,2359.15,2026-09-24 12:32:44.971,365918116771,16514.05
TRD30004969,ORD20002769,C100156,HINDUNILVR,NSE,BUY,MIS,2,5,2359.15,2026-09-24 12:32:47.783,629876278482,11795.75
TRD30004970,ORD20002769,C100156,HINDUNILVR,NSE,BUY,MIS,3,5,2359.15,2026-09-24 12:32:50.844,135430297433,11795.75
TRD30004971,ORD20002428,C100198,ITC,NSE,SELL,MIS,1,31,429.7,2026-09-24 12:34:41.532,740757917295,13320.7
TRD30004972,ORD20002428,C100198,ITC,NSE,SELL,MIS,2,24,429.7,2026-09-24 12:34:42.062,808041231974,10312.8
TRD30004973,ORD20004283,C100112,ICICIBANK,NSE,BUY,MIS,1,50,1205.7,2026-09-24 12:35:32.743,328003946270,60285.0
TRD30004974,ORD20004283,C100112,ICICIBANK,NSE,BUY,MIS,2,1,1205.7,2026-09-24 12:35:36.170,225959630511,1205.7
TRD30004975,ORD20004283,C100112,ICICIBANK,NSE,BUY,MIS,3,46,1205.7,2026-09-24 12:35:39.135,974346354675,55462.2
TRD30004976,ORD20001546,C100014,ITC,NSE,SELL,MIS,1,67,446.75,2026-09-24 12:35:47.852,670586957722,29932.25
TRD30004977,ORD20001546,C100014,ITC,NSE,SELL,MIS,2,22,446.75,2026-09-24 12:35:48.373,724538097941,9828.5
TRD30004978,ORD20001546,C100014,ITC,NSE,SELL,MIS,3,7,446.75,2026-09-24 12:35:50.317,669136113513,3127.25
TRD30004979,ORD20001130,C100076,HINDUNILVR,BSE,BUY,CNC,1,61,2331.15,2026-09-24 12:50:21.675,324319700946,142200.15
TRD30004980,ORD20000105,C100166,BHARTIARTL,NSE,BUY,MIS,1,1,1420.05,2026-09-24 12:51:45.244,821497062380,1420.05
TRD30004981,ORD20000105,C100166,BHARTIARTL,NSE,BUY,MIS,2,1,1420.05,2026-09-24 12:51:45.729,533288222240,1420.05
TRD30004982,ORD20000780,C100071,MARUTI,BSE,SELL,CNC,1,4,12493.1,2026-09-24 12:53:12.220,337076810932,49972.4
TRD30004983,ORD20000080,C100040,ICICIBANK,NSE,BUY,CNC,1,20,1142.2,2026-09-24 12:55:00.544,634141255178,22844.0
TRD30004984,ORD20000179,C100122,HDFCBANK,BSE,BUY,MIS,1,45,1552.35,2026-09-24 12:55:12.088,895265951764,69855.75
TRD30004985,ORD20002209,C100009,ITC,NSE,BUY,MIS,1,2,437.2,2026-09-24 12:55:51.770,798619909916,874.4
TRD30004986,ORD20002209,C100009,ITC,NSE,BUY,MIS,2,14,437.2,2026-09-24 12:55:54.287,740465375380,6120.8
TRD30004987,ORD20002459,C100111,ITC,BSE,SELL,MIS,1,4,453.6,2026-09-24 12:56:39.119,340690718547,1814.4
TRD30004988,ORD20002459,C100111,ITC,BSE,SELL,MIS,2,6,454.2,2026-09-24 12:56:40.028,351088910255,2725.2
TRD30004989,ORD20001551,C100007,ITC,NSE,SELL,CNC,1,10,450.2,2026-09-24 12:58:54.407,847842570989,4502.0
TRD30004990,ORD20001551,C100007,ITC,NSE,SELL,CNC,2,40,450.2,2026-09-24 12:58:56.022,819752984923,18008.0
TRD30004991,ORD20003397,C100075,SBIN,NSE,BUY,MIS,1,1,791.85,2026-09-24 12:59:43.411,875082865767,791.85
TRD30004992,ORD20003397,C100075,SBIN,NSE,BUY,MIS,2,1,791.85,2026-09-24 12:59:45.717,953795322996,791.85
TRD30004993,ORD20003397,C100075,SBIN,NSE,BUY,MIS,3,2,791.85,2026-09-24 12:59:48.809,428925547697,1583.7
TRD30004994,ORD20001948,C100054,RELIANCE,BSE,SELL,CNC,1,6,2977.55,2026-09-24 13:01:28.497,639907990166,17865.3
TRD30004995,ORD20003398,C100047,KOTAKBANK,NSE,BUY,MIS,1,24,1728.6,2026-09-24 13:03:15.369,607888433957,41486.4
TRD30004996,ORD20003398,C100047,KOTAKBANK,NSE,BUY,MIS,2,11,1728.6,2026-09-24 13:03:19.321,373238852449,19014.6
TRD30004997,ORD20003398,C100047,KOTAKBANK,NSE,BUY,MIS,3,3,1728.6,2026-09-24 13:03:23.120,591485858057,5185.8
TRD30004998,ORD20003598,C100119,TATAMOTORS,NSE,BUY,MIS,1,2,939.95,2026-09-24 13:05:00.055,985823477780,1879.9
TRD30004999,ORD20003598,C100119,TATAMOTORS,NSE,BUY,MIS,2,5,939.95,2026-09-24 13:05:00.300,942057867228,4699.75
TRD30005000,ORD20003598,C100119,TATAMOTORS,NSE,BUY,MIS,3,4,939.95,2026-09-24 13:05:00.946,567347583127,3759.8
TRD30005001,ORD20000782,C100107,BHARTIARTL,NSE,SELL,MIS,1,2,1352.2,2026-09-24 13:07:08.260,320318750096,2704.4
TRD30005002,ORD20000782,C100107,BHARTIARTL,NSE,SELL,MIS,2,4,1352.9,2026-09-24 13:07:10.254,851577395747,5411.6
TRD30005003,ORD20000782,C100107,BHARTIARTL,NSE,SELL,MIS,3,17,1353.15,2026-09-24 13:07:13.375,871189782944,23003.55
TRD30005004,ORD20003979,C100054,KOTAKBANK,NSE,BUY,CNC,1,3,1893.4,2026-09-24 13:07:20.645,606651970354,5680.2
TRD30005005,ORD20003979,C100054,KOTAKBANK,NSE,BUY,CNC,2,4,1896.05,2026-09-24 13:07:23.079,521147655407,7584.2
TRD30005006,ORD20001160,C100184,RELIANCE,NSE,BUY,MIS,1,4,2696.95,2026-09-24 13:08:26.679,263732288843,10787.8
TRD30005007,ORD20002507,C100182,NTPC,BSE,BUY,MIS,1,35,365.4,2026-09-24 13:10:31.042,396847479487,12789.0
TRD30005008,ORD20001572,C100065,ONGC,NSE,BUY,MIS,1,29,268.85,2026-09-24 13:10:52.437,113091275253,7796.65
TRD30005009,ORD20001572,C100065,ONGC,NSE,BUY,MIS,2,7,268.85,2026-09-24 13:10:54.752,494661484375,1881.95
TRD30005010,ORD20001572,C100065,ONGC,NSE,BUY,MIS,3,19,268.85,2026-09-24 13:10:56.341,215309651859,5108.15
TRD30005011,ORD20004653,C100075,ITC,NSE,SELL,MIS,1,5,443.35,2026-09-24 13:11:49.054,565677905296,2216.75
TRD30005012,ORD20004653,C100075,ITC,NSE,SELL,MIS,2,7,443.35,2026-09-24 13:11:49.329,323374298094,3103.45
TRD30005013,ORD20004653,C100075,ITC,NSE,SELL,MIS,3,2,443.35,2026-09-24 13:11:49.946,898043329878,886.7
TRD30005014,ORD20002779,C100059,HINDUNILVR,NSE,BUY,MIS,1,2,2463.95,2026-09-24 13:12:06.493,210926426677,4927.9
TRD30005015,ORD20002779,C100059,HINDUNILVR,NSE,BUY,MIS,2,4,2465.35,2026-09-24 13:12:08.407,495653515717,9861.4
TRD30005016,ORD20002779,C100059,HINDUNILVR,NSE,BUY,MIS,3,13,2464.3,2026-09-24 13:12:11.902,224958100628,32035.9
TRD30005017,ORD20001690,C100060,ITC,NSE,BUY,MIS,1,6,446.8,2026-09-24 13:16:19.242,612723570617,2680.8
TRD30005018,ORD20001690,C100060,ITC,NSE,BUY,MIS,2,2,446.75,2026-09-24 13:16:22.871,383711458120,893.5
TRD30005019,ORD20002531,C100046,NTPC,BSE,SELL,MIS,1,10,380.3,2026-09-24 13:26:33.820,194082488027,3803.0
TRD30005020,ORD20000673,C100175,HINDUNILVR,BSE,SELL,MIS,1,5,2267.4,2026-09-24 13:29:54.780,640414884351,11337.0
TRD30005021,ORD20000673,C100175,HINDUNILVR,BSE,SELL,MIS,2,7,2267.4,2026-09-24 13:29:55.654,584320708554,15871.8
TRD30005022,ORD20000673,C100175,HINDUNILVR,BSE,SELL,MIS,3,21,2267.4,2026-09-24 13:29:57.434,289262458903,47615.4
TRD30005023,ORD20000514,C100195,TATAMOTORS,BSE,BUY,MIS,1,4,924.7,2026-09-24 13:38:50.079,970110019565,3698.8
TRD30005024,ORD20000514,C100195,TATAMOTORS,BSE,BUY,MIS,2,7,924.25,2026-09-24 13:38:51.043,809500856454,6469.75
TRD30005025,ORD20002145,C100097,ICICIBANK,BSE,SELL,MIS,1,3,1141.1,2026-09-24 13:39:11.568,655539484643,3423.3
TRD30005026,ORD20002145,C100097,ICICIBANK,BSE,SELL,MIS,2,1,1141.3,2026-09-24 13:39:12.480,949104840383,1141.3
TRD30005027,ORD20004641,C100178,KOTAKBANK,NSE,SELL,MIS,1,27,1712.75,2026-09-24 13:39:19.968,772178027990,46244.25
TRD30005028,ORD20004641,C100178,KOTAKBANK,NSE,SELL,MIS,2,37,1715.35,2026-09-24 13:39:22.776,534474949435,63467.95
TRD30005029,ORD20004641,C100178,KOTAKBANK,NSE,SELL,MIS,3,5,1714.75,2026-09-24 13:39:25.154,966852864111,8573.75
TRD30005030,ORD20003621,C100070,TATAMOTORS,NSE,BUY,CNC,1,1,959.4,2026-09-24 13:40:24.066,677813999170,959.4
TRD30005031,ORD20003621,C100070,TATAMOTORS,NSE,BUY,CNC,2,2,959.4,2026-09-24 13:40:25.295,222814898234,1918.8
TRD30005032,ORD20001709,C100013,AXISBANK,NSE,BUY,MIS,1,2,1137.95,2026-09-24 13:44:50.747,188700251436,2275.9
TRD30005033,ORD20001709,C100013,AXISBANK,NSE,BUY,MIS,2,3,1139.15,2026-09-24 13:44:51.556,183032070976,3417.45
TRD30005035,ORD20001840,C100160,HDFCBANK,NSE,BUY,MIS,1,6,1651.8,2026-09-24 13:44:52.785,107533553333,9910.8
TRD30005034,ORD20001709,C100013,AXISBANK,NSE,BUY,MIS,3,2,1137.8,2026-09-24 13:44:53.898,419896914269,2275.6
TRD30005036,ORD20001840,C100160,HDFCBANK,NSE,BUY,MIS,2,1,1651.8,2026-09-24 13:44:55.746,602943556341,1651.8
TRD30005037,ORD20004175,C100164,NTPC,NSE,BUY,CNC,1,210,378.65,2026-09-24 13:45:01.323,492757132646,79516.5
TRD30005038,ORD20004175,C100164,NTPC,NSE,BUY,CNC,2,183,377.85,2026-09-24 13:45:04.062,427514532954,69146.55
TRD30005039,ORD20001412,C100107,ONGC,NSE,BUY,MIS,1,18,276.65,2026-09-24 13:48:17.416,486581276733,4979.7
TRD30005040,ORD20001412,C100107,ONGC,NSE,BUY,MIS,2,6,276.65,2026-09-24 13:48:20.673,481977152269,1659.9
TRD30005041,ORD20001412,C100107,ONGC,NSE,BUY,MIS,3,2,276.65,2026-09-24 13:48:24.121,989385401248,553.3
TRD30005042,ORD20002669,C100094,HDFCBANK,BSE,BUY,MIS,1,19,1649.7,2026-09-24 13:52:49.403,476808818863,31344.3
TRD30005043,ORD20002669,C100094,HDFCBANK,BSE,BUY,MIS,2,20,1649.7,2026-09-24 13:52:50.349,929856178276,32994.0
TRD30005044,ORD20002669,C100094,HDFCBANK,BSE,BUY,MIS,3,14,1649.7,2026-09-24 13:52:51.131,868347839469,23095.8
TRD30005045,ORD20003932,C100094,NTPC,NSE,SELL,MIS,1,22,383.75,2026-09-24 13:53:02.851,484984569780,8442.5
TRD30005046,ORD20003932,C100094,NTPC,NSE,SELL,MIS,2,91,383.75,2026-09-24 13:53:03.724,138062706161,34921.25
TRD30005047,ORD20003932,C100094,NTPC,NSE,SELL,MIS,3,6,383.75,2026-09-24 13:53:03.905,863414667636,2302.5
TRD30005048,ORD20003866,C100111,ICICIBANK,NSE,SELL,MIS,1,85,1190.0,2026-09-24 13:55:52.966,291057562678,101150.0
TRD30005049,ORD20003866,C100111,ICICIBANK,NSE,SELL,MIS,2,18,1191.1,2026-09-24 13:55:55.321,152633408488,21439.8
TRD30005050,ORD20001962,C100149,ITC,NSE,SELL,MIS,1,44,448.05,2026-09-24 13:57:08.015,883960445682,19714.2
TRD30005051,ORD20001962,C100149,ITC,NSE,SELL,MIS,2,5,448.05,2026-09-24 13:57:09.279,692507318464,2240.25
TRD30005052,ORD20001962,C100149,ITC,NSE,SELL,MIS,3,2,448.05,2026-09-24 13:57:10.461,260279879144,896.1
TRD30005053,ORD20002003,C100057,TATAMOTORS,NSE,BUY,CNC,1,9,937.7,2026-09-24 13:57:54.181,360085921190,8439.3
TRD30005054,ORD20002003,C100057,TATAMOTORS,NSE,BUY,CNC,2,9,937.7,2026-09-24 13:57:54.657,771126420202,8439.3
TRD30005055,ORD20002003,C100057,TATAMOTORS,NSE,BUY,CNC,3,18,937.7,2026-09-24 13:57:55.271,211063123010,16878.6
TRD30005056,ORD20000868,C100187,RELIANCE,NSE,BUY,MIS,1,1,2887.25,2026-09-24 14:00:41.080,750381218893,2887.25
TRD30005057,ORD20000868,C100187,RELIANCE,NSE,BUY,MIS,2,3,2887.25,2026-09-24 14:00:43.652,512597222616,8661.75
TRD30005058,ORD20000868,C100187,RELIANCE,NSE,BUY,MIS,3,1,2887.25,2026-09-24 14:00:44.740,853440977282,2887.25
TRD30005059,ORD20003258,C100039,ICICIBANK,NSE,BUY,CNC,1,17,1173.3,2026-09-24 14:03:38.128,678729626879,19946.1
TRD30005060,ORD20002181,C100117,TATAMOTORS,NSE,SELL,CNC,1,30,958.2,2026-09-24 14:03:48.069,983864262506,28746.0
TRD30005061,ORD20002181,C100117,TATAMOTORS,NSE,SELL,CNC,2,28,958.2,2026-09-24 14:03:51.758,871375324679,26829.6
TRD30005062,ORD20003681,C100098,HDFCBANK,NSE,BUY,MIS,1,2,1702.2,2026-09-24 14:04:05.123,409336505360,3404.4
TRD30005063,ORD20003681,C100098,HDFCBANK,NSE,BUY,MIS,2,1,1702.2,2026-09-24 14:04:06.622,533423107210,1702.2
TRD30005064,ORD20000900,C100150,RELIANCE,NSE,SELL,MIS,1,15,2896.55,2026-09-24 14:04:27.616,945542820538,43448.25
TRD30005065,ORD20000900,C100150,RELIANCE,NSE,SELL,MIS,2,6,2896.55,2026-09-24 14:04:30.802,236924689470,17379.3
TRD30005066,ORD20000472,C100154,ASIANPAINT,NSE,SELL,MIS,1,37,2999.9,2026-09-24 14:06:09.365,475448218167,110996.3
TRD30005067,ORD20000472,C100154,ASIANPAINT,NSE,SELL,MIS,2,9,2999.9,2026-09-24 14:06:11.579,618686316473,26999.1
TRD30005068,ORD20001190,C100124,AXISBANK,NSE,BUY,CNC,1,11,1149.6,2026-09-24 14:07:11.449,416073752724,12645.6
TRD30005069,ORD20001190,C100124,AXISBANK,NSE,BUY,CNC,2,10,1149.6,2026-09-24 14:07:12.839,184742970673,11496.0
TRD30005070,ORD20004728,C100132,MARUTI,NSE,SELL,CNC,1,1,12191.75,2026-09-24 14:07:22.049,285769458574,12191.75
TRD30005071,ORD20004335,C100055,KOTAKBANK,NSE,BUY,MIS,1,2,1866.7,2026-09-24 14:07:30.862,489688354174,3733.4
TRD30005072,ORD20004335,C100055,KOTAKBANK,NSE,BUY,MIS,2,5,1866.7,2026-09-24 14:07:33.990,884995615484,9333.5
TRD30005073,ORD20003161,C100032,ITC,BSE,SELL,MIS,1,10,444.05,2026-09-24 14:07:50.752,614822613504,4440.5
TRD30005074,ORD20003161,C100032,ITC,BSE,SELL,MIS,2,79,444.45,2026-09-24 14:07:54.253,368636442430,35111.55
TRD30005075,ORD20003161,C100032,ITC,BSE,SELL,MIS,3,8,444.4,2026-09-24 14:07:57.046,251215458010,3555.2
TRD30005076,ORD20004860,C100080,HINDUNILVR,NSE,SELL,MIS,1,2,2329.7,2026-09-24 14:08:21.085,656493870467,4659.4
TRD30005077,ORD20001647,C100054,ONGC,NSE,SELL,MIS,1,519,264.1,2026-09-24 14:08:23.931,262594381116,137067.9
TRD30005078,ORD20004261,C100110,ONGC,NSE,BUY,CNC,1,17,281.05,2026-09-24 14:10:59.321,163666240932,4777.85
TRD30005079,ORD20004261,C100110,ONGC,NSE,BUY,CNC,2,16,280.75,2026-09-24 14:10:59.914,129721553344,4492.0
TRD30005080,ORD20004261,C100110,ONGC,NSE,BUY,CNC,3,11,280.95,2026-09-24 14:11:00.659,727925156170,3090.45
TRD30005081,ORD20000527,C100055,ITC,NSE,SELL,CNC,1,44,449.6,2026-09-24 14:14:43.558,897736466014,19782.4
TRD30005082,ORD20000527,C100055,ITC,NSE,SELL,CNC,2,27,449.6,2026-09-24 14:14:46.032,577131370976,12139.2
TRD30005083,ORD20000054,C100098,HINDUNILVR,NSE,BUY,CNC,1,41,2509.1,2026-09-24 14:18:15.550,351229341558,102873.1
TRD30005084,ORD20003353,C100065,TCS,NSE,SELL,CNC,1,7,4064.85,2026-09-24 14:24:52.732,283915860936,28453.95
TRD30005085,ORD20003353,C100065,TCS,NSE,SELL,CNC,2,5,4056.6,2026-09-24 14:24:55.098,348706990505,20283.0
TRD30005086,ORD20003353,C100065,TCS,NSE,SELL,CNC,3,16,4064.2,2026-09-24 14:24:56.467,374655215866,65027.2
TRD30005087,ORD20002715,C100174,HDFCBANK,BSE,SELL,MIS,1,1,1628.25,2026-09-24 14:26:39.033,643527063049,1628.25
TRD30005088,ORD20002715,C100174,HDFCBANK,BSE,SELL,MIS,2,1,1628.25,2026-09-24 14:26:39.674,931131872729,1628.25
TRD30005089,ORD20002715,C100174,HDFCBANK,BSE,SELL,MIS,3,1,1628.25,2026-09-24 14:26:43.397,301699175978,1628.25
TRD30005090,ORD20000964,C100199,INFY,NSE,BUY,MIS,1,3,1567.7,2026-09-24 14:28:47.587,423363514818,4703.1
TRD30005091,ORD20000964,C100199,INFY,NSE,BUY,MIS,2,2,1567.7,2026-09-24 14:28:47.832,635085726203,3135.4
TRD30005092,ORD20001587,C100106,MARUTI,NSE,SELL,MIS,1,10,11480.4,2026-09-24 14:28:54.727,498786167177,114804.0
TRD30005093,ORD20001794,C100173,HINDUNILVR,BSE,SELL,MIS,1,36,2382.4,2026-09-24 14:33:02.248,204966548859,85766.4
TRD30005094,ORD20001794,C100173,HINDUNILVR,BSE,SELL,MIS,2,9,2382.4,2026-09-24 14:33:02.694,240908904304,21441.6
TRD30005095,ORD20004640,C100095,RELIANCE,NSE,BUY,CNC,1,1,2785.3,2026-09-24 14:33:47.979,620663297517,2785.3
TRD30005096,ORD20000081,C100106,TATAMOTORS,NSE,SELL,MIS,1,17,972.85,2026-09-24 14:38:34.918,647701860272,16538.45
TRD30005097,ORD20000081,C100106,TATAMOTORS,NSE,SELL,MIS,2,72,972.85,2026-09-24 14:38:37.695,629710196662,70045.2
TRD30005098,ORD20003063,C100049,RELIANCE,NSE,BUY,MIS,1,5,2840.5,2026-09-24 14:38:50.871,833676106994,14202.5
TRD30005099,ORD20003063,C100049,RELIANCE,NSE,BUY,MIS,2,4,2840.5,2026-09-24 14:38:53.947,273187739874,11362.0
TRD30005100,ORD20002273,C100074,RELIANCE,NSE,BUY,MIS,1,5,2765.65,2026-09-24 14:39:57.054,505819089241,13828.25
TRD30005101,ORD20002706,C100035,ONGC,NSE,BUY,MIS,1,6,279.3,2026-09-24 14:40:19.602,518956936790,1675.8
TRD30005102,ORD20002706,C100035,ONGC,NSE,BUY,MIS,2,12,279.3,2026-09-24 14:40:20.610,293660667844,3351.6
TRD30005103,ORD20004345,C100183,INFY,NSE,SELL,CNC,1,3,1569.8,2026-09-24 14:40:32.671,738619956108,4709.4
TRD30005104,ORD20001883,C100140,TATAMOTORS,BSE,BUY,CNC,1,16,950.6,2026-09-24 14:40:58.405,381042467835,15209.6
TRD30005105,ORD20001883,C100140,TATAMOTORS,BSE,BUY,CNC,2,5,950.15,2026-09-24 14:41:00.860,657132750401,4750.75
TRD30005106,ORD20002740,C100060,ONGC,NSE,BUY,CNC,1,269,274.9,2026-09-24 14:41:38.836,479135914188,73948.1
TRD30005107,ORD20000755,C100165,HDFCBANK,NSE,BUY,MIS,1,48,1692.0,2026-09-24 14:41:47.828,316022130927,81216.0
TRD30005108,ORD20002382,C100105,ITC,NSE,BUY,CNC,1,78,448.15,2026-09-24 14:46:55.636,286197133868,34955.7
TRD30005109,ORD20003602,C100014,AXISBANK,NSE,SELL,MIS,1,2,1067.25,2026-09-24 14:47:02.519,542707353644,2134.5
TRD30005110,ORD20003602,C100014,AXISBANK,NSE,SELL,MIS,2,2,1067.9,2026-09-24 14:47:02.906,316449946879,2135.8
TRD30005111,ORD20001284,C100117,ITC,NSE,SELL,MIS,1,4,448.75,2026-09-24 14:47:52.363,706691814316,1795.0
TRD30005112,ORD20001284,C100117,ITC,NSE,SELL,MIS,2,11,449.1,2026-09-24 14:47:52.619,655372668390,4940.1
TRD30005113,ORD20001284,C100117,ITC,NSE,SELL,MIS,3,5,448.9,2026-09-24 14:47:53.062,810959585702,2244.5
TRD30005114,ORD20002378,C100123,ITC,NSE,BUY,MIS,1,52,425.55,2026-09-24 14:53:17.082,219882713461,22128.6
TRD30005115,ORD20002378,C100123,ITC,NSE,BUY,MIS,2,142,425.55,2026-09-24 14:53:18.911,893961694479,60428.1
TRD30005116,ORD20000802,C100068,HINDUNILVR,NSE,BUY,MIS,1,26,2402.55,2026-09-24 14:53:36.301,570846912620,62466.3
TRD30005117,ORD20003608,C100006,HINDUNILVR,NSE,BUY,MIS,1,2,2330.9,2026-09-24 14:53:45.822,686124316074,4661.8
TRD30005118,ORD20001505,C100180,ONGC,NSE,BUY,CNC,1,74,265.75,2026-09-24 14:54:53.219,981195548561,19665.5
TRD30005119,ORD20001505,C100180,ONGC,NSE,BUY,CNC,2,151,266.2,2026-09-24 14:54:55.740,567217487349,40196.2
TRD30005120,ORD20001505,C100180,ONGC,NSE,BUY,CNC,3,108,266.05,2026-09-24 14:54:57.254,891918221597,28733.4
TRD30005121,ORD20003799,C100112,TATAMOTORS,NSE,SELL,MIS,1,9,980.65,2026-09-24 14:55:40.143,392353322314,8825.85
TRD30005122,ORD20003799,C100112,TATAMOTORS,NSE,SELL,MIS,2,47,980.65,2026-09-24 14:55:43.153,847054648177,46090.55
TRD30005123,ORD20003799,C100112,TATAMOTORS,NSE,SELL,MIS,3,16,980.65,2026-09-24 14:55:46.314,942001097478,15690.4
TRD30005124,ORD20004017,C100006,ONGC,NSE,SELL,MIS,1,118,277.35,2026-09-24 14:59:50.642,268700820589,32727.3
TRD30005125,ORD20004017,C100006,ONGC,NSE,SELL,MIS,2,19,277.5,2026-09-24 14:59:52.173,548560611857,5272.5
TRD30005126,ORD20004980,C100156,MARUTI,NSE,SELL,MIS,1,2,11717.5,2026-09-24 15:00:28.091,905677503729,23435.0
TRD30005127,ORD20004980,C100156,MARUTI,NSE,SELL,MIS,2,1,11716.35,2026-09-24 15:00:30.990,420733547163,11716.35
TRD30005128,ORD20004980,C100156,MARUTI,NSE,SELL,MIS,3,2,11705.7,2026-09-24 15:00:31.855,726436966225,23411.4
TRD30005129,ORD20004026,C100059,MARUTI,NSE,SELL,CNC,1,1,11839.2,2026-09-24 15:01:55.777,191526850025,11839.2
TRD30005130,ORD20003718,C100061,TATAMOTORS,NSE,BUY,CNC,1,5,976.4,2026-09-24 15:06:51.336,370753517080,4882.0
TRD30005131,ORD20003718,C100061,TATAMOTORS,NSE,BUY,CNC,2,8,976.7,2026-09-24 15:06:52.855,693500247594,7813.6
TRD30005132,ORD20001827,C100104,RELIANCE,NSE,BUY,MIS,1,21,2737.8,2026-09-24 15:07:40.562,497662893823,57493.8
TRD30005133,ORD20004542,C100003,HDFCBANK,NSE,SELL,CNC,1,1,1629.4,2026-09-24 15:09:48.820,692615454722,1629.4
TRD30005134,ORD20004542,C100003,HDFCBANK,NSE,SELL,CNC,2,1,1630.45,2026-09-24 15:09:52.129,597414117367,1630.45
TRD30005135,ORD20004542,C100003,HDFCBANK,NSE,SELL,CNC,3,1,1629.35,2026-09-24 15:09:55.916,936430169304,1629.35
TRD30005136,ORD20003506,C100180,HINDUNILVR,BSE,BUY,CNC,1,2,2460.55,2026-09-24 15:11:51.990,208148767241,4921.1
TRD30005137,ORD20003506,C100180,HINDUNILVR,BSE,BUY,CNC,2,1,2458.05,2026-09-24 15:11:54.934,661187778310,2458.05
TRD30005138,ORD20003506,C100180,HINDUNILVR,BSE,BUY,CNC,3,12,2461.8,2026-09-24 15:11:55.365,510455677589,29541.6
TRD30005139,ORD20001223,C100194,ITC,BSE,SELL,CNC,1,28,465.95,2026-09-24 15:12:14.197,934081550253,13046.6
TRD30005140,ORD20004394,C100046,TATAMOTORS,NSE,SELL,CNC,1,4,983.4,2026-09-24 15:13:27.595,870855288378,3933.6
TRD30005141,ORD20004394,C100046,TATAMOTORS,NSE,SELL,CNC,2,19,983.4,2026-09-24 15:13:28.423,384992770284,18684.6
TRD30005142,ORD20004394,C100046,TATAMOTORS,NSE,SELL,CNC,3,9,983.4,2026-09-24 15:13:29.609,850540250501,8850.6
TRD30005143,ORD20000955,C100123,ITC,NSE,BUY,MIS,1,29,457.05,2026-09-24 15:14:13.602,617758168352,13254.45
TRD30005144,ORD20000955,C100123,ITC,NSE,BUY,MIS,2,34,457.05,2026-09-24 15:14:16.287,361564874436,15539.7
TRD30005145,ORD20001073,C100109,RELIANCE,NSE,BUY,CNC,1,26,2876.15,2026-09-24 15:16:01.489,182323629385,74779.9
TRD30005146,ORD20001257,C100062,SBIN,NSE,BUY,MIS,1,37,813.05,2026-09-24 15:16:17.456,250113222756,30082.85
TRD30005147,ORD20001052,C100075,NTPC,NSE,BUY,CNC,1,1,365.55,2026-09-24 15:17:31.692,666057051112,365.55
TRD30005148,ORD20001052,C100075,NTPC,NSE,BUY,CNC,2,7,365.55,2026-09-24 15:17:35.140,548066108738,2558.85
TRD30005149,ORD20001052,C100075,NTPC,NSE,BUY,CNC,3,10,365.55,2026-09-24 15:17:35.463,220447335252,3655.5
TRD30005150,ORD20000465,C100021,ICICIBANK,BSE,SELL,MIS,1,1,1153.35,2026-09-24 15:19:44.002,904173758645,1153.35
TRD30005151,ORD20000465,C100021,ICICIBANK,BSE,SELL,MIS,2,27,1154.15,2026-09-24 15:19:44.647,620412374199,31162.05
TRD30005152,ORD20000465,C100021,ICICIBANK,BSE,SELL,MIS,3,2,1154.1,2026-09-24 15:19:45.493,968975528323,2308.2
TRD30005153,ORD20004921,C100062,NTPC,NSE,BUY,MIS,1,158,374.3,2026-09-24 15:20:06.418,347767150141,59139.4
TRD30005154,ORD20004921,C100062,NTPC,NSE,BUY,MIS,2,29,374.3,2026-09-24 15:20:07.243,265469328781,10854.7
TRD30005155,ORD20004921,C100062,NTPC,NSE,BUY,MIS,3,42,374.3,2026-09-24 15:20:10.304,884931359238,15720.6
TRD30005156,ORD20001028,C100161,ITC,NSE,SELL,MIS,1,264,459.8,2026-09-24 15:22:06.094,775812560055,121387.2
TRD30005157,ORD20001399,C100157,HINDUNILVR,NSE,SELL,MIS,1,8,2370.3,2026-09-24 15:22:22.140,290750529892,18962.4
TRD30005158,ORD20001399,C100157,HINDUNILVR,NSE,SELL,MIS,2,5,2370.3,2026-09-24 15:22:25.477,416189202739,11851.5
TRD30005159,ORD20001399,C100157,HINDUNILVR,NSE,SELL,MIS,3,11,2370.3,2026-09-24 15:22:29.161,386411336375,26073.3
TRD30005160,ORD20004814,C100115,HDFCBANK,BSE,SELL,CNC,1,1,1637.5,2026-09-24 15:23:04.590,734522568783,1637.5
TRD30005161,ORD20004814,C100115,HDFCBANK,BSE,SELL,CNC,2,1,1637.5,2026-09-24 15:23:06.185,293830326913,1637.5
TRD30005162,ORD20004814,C100115,HDFCBANK,BSE,SELL,CNC,3,1,1637.5,2026-09-24 15:23:06.936,169262976980,1637.5
TRD30005163,ORD20004602,C100131,SBIN,NSE,SELL,MIS,1,137,777.75,2026-09-24 15:23:07.162,836400005814,106551.75
TRD30005164,ORD20004004,C100139,ITC,NSE,SELL,CNC,1,14,448.2,2026-09-24 15:24:23.392,110389193210,6274.8
TRD30005165,ORD20004004,C100139,ITC,NSE,SELL,CNC,2,55,448.2,2026-09-24 15:24:24.415,647371750609,24651.0
TRD30005166,ORD20004004,C100139,ITC,NSE,SELL,CNC,3,171,448.2,2026-09-24 15:24:27.027,377700533266,76642.2
TRD30005167,ORD20002933,C100036,INFY,NSE,SELL,MIS,1,1,1670.85,2026-09-25 09:15:13.530,480894529251,1670.85
TRD30005168,ORD20000639,C100127,MARUTI,NSE,SELL,MIS,1,1,11945.85,2026-09-25 09:15:18.978,160624939305,11945.85
TRD30005169,ORD20000639,C100127,MARUTI,NSE,SELL,MIS,2,1,11945.85,2026-09-25 09:15:21.451,249010509511,11945.85
TRD30005170,ORD20004181,C100196,INFY,NSE,SELL,CNC,1,3,1538.05,2026-09-25 09:16:03.597,551120675904,4614.15
TRD30005171,ORD20004181,C100196,INFY,NSE,SELL,CNC,2,1,1535.85,2026-09-25 09:16:04.102,445024211460,1535.85
TRD30005172,ORD20000979,C100192,HINDUNILVR,NSE,SELL,MIS,1,1,2369.2,2026-09-25 09:16:38.589,505474514029,2369.2
TRD30005173,ORD20000979,C100192,HINDUNILVR,NSE,SELL,MIS,2,1,2368.95,2026-09-25 09:16:38.868,104700643880,2368.95
TRD30005174,ORD20000767,C100011,TCS,NSE,SELL,MIS,1,1,4063.8,2026-09-25 09:17:01.707,935243008302,4063.8
TRD30005175,ORD20004734,C100176,ASIANPAINT,NSE,SELL,MIS,1,12,2765.4,2026-09-25 09:20:22.689,567895724690,33184.8
TRD30005176,ORD20003243,C100118,ONGC,NSE,BUY,MIS,1,164,266.65,2026-09-25 09:21:17.018,491647595185,43730.6
TRD30005177,ORD20003243,C100118,ONGC,NSE,BUY,MIS,2,151,266.65,2026-09-25 09:21:19.642,881022804632,40264.15
TRD30005178,ORD20003243,C100118,ONGC,NSE,BUY,MIS,3,44,266.65,2026-09-25 09:21:22.148,156334803795,11732.6
TRD30005179,ORD20002672,C100138,HDFCBANK,NSE,BUY,MIS,1,3,1611.0,2026-09-25 09:22:21.727,501993385025,4833.0
TRD30005180,ORD20002672,C100138,HDFCBANK,NSE,BUY,MIS,2,1,1612.25,2026-09-25 09:22:24.303,618612187117,1612.25
TRD30005181,ORD20004248,C100014,ICICIBANK,NSE,SELL,CNC,1,4,1238.45,2026-09-25 09:23:39.870,349705685166,4953.8
TRD30005182,ORD20004291,C100149,RELIANCE,NSE,BUY,CNC,1,7,2850.95,2026-09-25 09:29:18.622,333620569539,19956.65
TRD30005183,ORD20004291,C100149,RELIANCE,NSE,BUY,CNC,2,5,2850.95,2026-09-25 09:29:19.371,245399358336,14254.75
TRD30005184,ORD20000090,C100109,ITC,NSE,SELL,MIS,1,4,458.5,2026-09-25 09:30:47.560,735414101881,1834.0
TRD30005185,ORD20000090,C100109,ITC,NSE,SELL,MIS,2,9,458.5,2026-09-25 09:30:49.496,701656676390,4126.5
TRD30005186,ORD20001115,C100010,HINDUNILVR,NSE,BUY,MIS,1,1,2474.55,2026-09-25 09:33:17.403,468351130999,2474.55
TRD30005187,ORD20001115,C100010,HINDUNILVR,NSE,BUY,MIS,2,1,2474.55,2026-09-25 09:33:21.252,190089866546,2474.55
TRD30005188,ORD20000394,C100041,INFY,NSE,SELL,CNC,1,2,1566.75,2026-09-25 09:34:48.609,266902041923,3133.5
TRD30005189,ORD20000394,C100041,INFY,NSE,SELL,CNC,2,2,1566.75,2026-09-25 09:34:50.885,463136516889,3133.5
TRD30005190,ORD20004959,C100125,HINDUNILVR,NSE,BUY,MIS,1,2,2440.95,2026-09-25 09:35:33.054,323381266680,4881.9
TRD30005191,ORD20003159,C100001,TATAMOTORS,NSE,BUY,MIS,1,26,957.2,2026-09-25 09:36:18.912,762921088731,24887.2
TRD30005192,ORD20003159,C100001,TATAMOTORS,NSE,BUY,MIS,2,10,957.2,2026-09-25 09:36:20.069,171375185172,9572.0
TRD30005193,ORD20003159,C100001,TATAMOTORS,NSE,BUY,MIS,3,2,957.2,2026-09-25 09:36:23.160,451613231890,1914.4
TRD30005194,ORD20002290,C100160,ONGC,NSE,BUY,MIS,1,17,264.65,2026-09-25 09:37:09.153,898843280775,4499.05
TRD30005195,ORD20002290,C100160,ONGC,NSE,BUY,MIS,2,33,264.65,2026-09-25 09:37:10.433,404286442291,8733.45
TRD30005196,ORD20000692,C100101,ITC,NSE,SELL,CNC,1,254,462.55,2026-09-25 09:37:23.668,785304165958,117487.7
TRD30005197,ORD20000692,C100101,ITC,NSE,SELL,CNC,2,58,462.55,2026-09-25 09:37:27.013,370444427441,26827.9
TRD30005198,ORD20002737,C100194,TCS,NSE,BUY,MIS,1,4,3662.85,2026-09-25 09:37:59.362,681158252605,14651.4
TRD30005199,ORD20003302,C100182,SBIN,NSE,SELL,CNC,1,63,804.3,2026-09-25 09:38:08.115,602213406174,50670.9
TRD30005200,ORD20003302,C100182,SBIN,NSE,SELL,CNC,2,67,804.85,2026-09-25 09:38:10.945,569795655185,53924.95
TRD30005201,ORD20003302,C100182,SBIN,NSE,SELL,CNC,3,35,804.4,2026-09-25 09:38:13.963,232928725676,28154.0
TRD30005202,ORD20003360,C100118,ASIANPAINT,NSE,SELL,MIS,1,1,3018.5,2026-09-25 09:39:53.218,146086530756,3018.5
TRD30005203,ORD20003360,C100118,ASIANPAINT,NSE,SELL,MIS,2,7,3018.5,2026-09-25 09:39:55.277,219884790548,21129.5
TRD30005204,ORD20003360,C100118,ASIANPAINT,NSE,SELL,MIS,3,2,3018.5,2026-09-25 09:39:56.954,779197606781,6037.0
TRD30005205,ORD20000282,C100048,WIPRO,NSE,SELL,MIS,1,196,466.85,2026-09-25 09:41:50.243,998123666948,91502.6
TRD30005206,ORD20000282,C100048,WIPRO,NSE,SELL,MIS,2,59,466.85,2026-09-25 09:41:52.682,333672615838,27544.15
TRD30005207,ORD20001750,C100116,KOTAKBANK,NSE,SELL,MIS,1,2,1717.4,2026-09-25 09:44:20.670,338103817750,3434.8
TRD30005208,ORD20002086,C100059,TATAMOTORS,NSE,BUY,MIS,1,9,943.4,2026-09-25 09:45:56.948,445809511796,8490.6
TRD30005209,ORD20002750,C100105,ITC,NSE,BUY,MIS,1,28,462.7,2026-09-25 09:49:45.506,424435718600,12955.6
TRD30005210,ORD20000286,C100122,RELIANCE,NSE,SELL,MIS,1,1,2787.15,2026-09-25 09:50:19.819,673980039526,2787.15
TRD30005211,ORD20002934,C100180,INFY,NSE,SELL,MIS,1,28,1552.6,2026-09-25 09:50:34.374,502708319716,43472.8
TRD30005212,ORD20002934,C100180,INFY,NSE,SELL,MIS,2,9,1552.6,2026-09-25 09:50:36.064,662520185077,13973.4
TRD30005213,ORD20004684,C100018,RELIANCE,NSE,BUY,CNC,1,2,3176.55,2026-09-25 09:55:01.492,187613214687,6353.1
TRD30005214,ORD20002578,C100117,ICICIBANK,NSE,SELL,CNC,1,98,1126.75,2026-09-25 09:56:00.863,767615970992,110421.5
TRD30005215,ORD20003244,C100022,ONGC,NSE,BUY,MIS,1,82,272.35,2026-09-25 09:56:07.576,793800578214,22332.7
TRD30005216,ORD20000198,C100112,ITC,NSE,SELL,MIS,1,5,459.2,2026-09-25 09:57:09.440,955013882138,2296.0
TRD30005217,ORD20000198,C100112,ITC,NSE,SELL,MIS,2,15,459.2,2026-09-25 09:57:13.033,689294172999,6888.0
TRD30005218,ORD20001884,C100061,MARUTI,NSE,BUY,MIS,1,1,11891.75,2026-09-25 09:57:34.933,618310900979,11891.75
TRD30005219,ORD20004974,C100127,SBIN,NSE,SELL,CNC,1,14,775.3,2026-09-25 09:58:57.250,623151695149,10854.2
TRD30005220,ORD20004974,C100127,SBIN,NSE,SELL,CNC,2,17,776.8,2026-09-25 09:59:00.460,182576514628,13205.6
TRD30005221,ORD20004974,C100127,SBIN,NSE,SELL,CNC,3,5,775.45,2026-09-25 09:59:02.976,396596777992,3877.25
TRD30005222,ORD20000097,C100187,BHARTIARTL,BSE,SELL,CNC,1,1,1390.25,2026-09-25 09:59:04.178,901440293774,1390.25
TRD30005223,ORD20000097,C100187,BHARTIARTL,BSE,SELL,CNC,2,1,1390.25,2026-09-25 09:59:04.381,895755849355,1390.25
TRD30005224,ORD20000261,C100021,HINDUNILVR,NSE,SELL,CNC,1,3,2599.0,2026-09-25 10:00:29.082,959106213669,7797.0
TRD30005225,ORD20000261,C100021,HINDUNILVR,NSE,SELL,CNC,2,2,2599.0,2026-09-25 10:00:31.450,704231029202,5198.0
TRD30005226,ORD20001985,C100085,HINDUNILVR,NSE,SELL,CNC,1,2,2417.3,2026-09-25 10:00:59.133,300948383862,4834.6
TRD30005227,ORD20001985,C100085,HINDUNILVR,NSE,SELL,CNC,2,3,2417.3,2026-09-25 10:01:00.740,847723099490,7251.9
TRD30005228,ORD20001985,C100085,HINDUNILVR,NSE,SELL,CNC,3,7,2417.3,2026-09-25 10:01:03.912,620940489016,16921.1
TRD30005229,ORD20003218,C100018,HDFCBANK,NSE,SELL,MIS,1,2,1746.85,2026-09-25 10:03:51.618,186549559820,3493.7
TRD30005230,ORD20001736,C100144,SBIN,NSE,SELL,MIS,1,3,764.15,2026-09-25 10:06:50.038,152817008211,2292.45
TRD30005231,ORD20001736,C100144,SBIN,NSE,SELL,MIS,2,2,765.35,2026-09-25 10:06:50.088,661153542761,1530.7
TRD30005232,ORD20001736,C100144,SBIN,NSE,SELL,MIS,3,1,764.45,2026-09-25 10:06:52.544,692836357771,764.45
TRD30005233,ORD20001634,C100170,HINDUNILVR,NSE,BUY,CNC,1,18,2452.75,2026-09-25 10:09:23.430,377976438210,44149.5
TRD30005234,ORD20003591,C100011,BHARTIARTL,BSE,BUY,CNC,1,84,1326.35,2026-09-25 10:09:24.724,942480818613,111413.4
TRD30005235,ORD20000205,C100039,HINDUNILVR,NSE,SELL,MIS,1,55,2434.7,2026-09-25 10:10:41.029,258905154421,133908.5
TRD30005236,ORD20000446,C100071,TITAN,NSE,BUY,MIS,1,5,3246.0,2026-09-25 10:12:43.573,239196558210,16230.0
TRD30005237,ORD20000446,C100071,TITAN,NSE,BUY,MIS,2,7,3246.0,2026-09-25 10:12:46.949,432512690696,22722.0
TRD30005238,ORD20000446,C100071,TITAN,NSE,BUY,MIS,3,5,3246.0,2026-09-25 10:12:47.739,548524591528,16230.0
TRD30005239,ORD20002780,C100039,ASIANPAINT,NSE,SELL,MIS,1,1,2755.55,2026-09-25 10:13:37.423,519340723203,2755.55
TRD30005240,ORD20002780,C100039,ASIANPAINT,NSE,SELL,MIS,2,1,2755.55,2026-09-25 10:13:38.778,722519047459,2755.55
TRD30005241,ORD20002780,C100039,ASIANPAINT,NSE,SELL,MIS,3,3,2755.55,2026-09-25 10:13:39.575,278998596248,8266.65
TRD30005242,ORD20001442,C100009,HDFCBANK,NSE,BUY,CNC,1,1,1675.2,2026-09-25 10:24:40.100,567172662208,1675.2
TRD30005243,ORD20001091,C100037,HINDUNILVR,NSE,BUY,MIS,1,3,2405.8,2026-09-25 10:28:37.581,552101199620,7217.4
TRD30005244,ORD20004806,C100022,ITC,NSE,BUY,MIS,1,23,435.55,2026-09-25 10:30:35.143,914519595038,10017.65
TRD30005245,ORD20004806,C100022,ITC,NSE,BUY,MIS,2,312,435.55,2026-09-25 10:30:38.808,824677165536,135891.6
TRD30005246,ORD20002211,C100080,HINDUNILVR,NSE,SELL,CNC,1,10,2414.45,2026-09-25 10:31:50.258,891565280661,24144.5
TRD30005247,ORD20004965,C100144,RELIANCE,NSE,BUY,MIS,1,6,3038.1,2026-09-25 10:32:05.597,887799007808,18228.6
TRD30005248,ORD20004965,C100144,RELIANCE,NSE,BUY,MIS,2,2,3038.1,2026-09-25 10:32:06.179,190502442898,6076.2
TRD30005249,ORD20004965,C100144,RELIANCE,NSE,BUY,MIS,3,13,3038.1,2026-09-25 10:32:08.090,553952520963,39495.3
TRD30005250,ORD20002068,C100161,TCS,NSE,SELL,MIS,1,1,3929.4,2026-09-25 10:32:16.599,883819479543,3929.4
TRD30005251,ORD20002068,C100161,TCS,NSE,SELL,MIS,2,1,3929.4,2026-09-25 10:32:19.686,842654252840,3929.4
TRD30005252,ORD20002068,C100161,TCS,NSE,SELL,MIS,3,4,3929.4,2026-09-25 10:32:19.792,923946558982,15717.6
TRD30005253,ORD20004782,C100132,ICICIBANK,NSE,BUY,MIS,1,4,1222.2,2026-09-25 10:33:27.957,138133990237,4888.8
TRD30005254,ORD20001396,C100180,ITC,NSE,SELL,CNC,1,8,442.15,2026-09-25 10:34:36.970,477987246863,3537.2
TRD30005255,ORD20000510,C100147,MARUTI,NSE,SELL,CNC,1,1,11867.3,2026-09-25 10:35:59.082,204254411104,11867.3
TRD30005256,ORD20004830,C100056,TITAN,NSE,BUY,CNC,1,10,3301.1,2026-09-25 10:36:49.282,210270709711,33011.0
TRD30005257,ORD20004830,C100056,TITAN,NSE,BUY,CNC,2,15,3301.1,2026-09-25 10:36:49.527,602732308188,49516.5
TRD30005258,ORD20004830,C100056,TITAN,NSE,BUY,CNC,3,15,3301.1,2026-09-25 10:36:52.136,987215811323,49516.5
TRD30005259,ORD20003560,C100160,ICICIBANK,NSE,BUY,CNC,1,1,1228.3,2026-09-25 10:36:53.338,780470666503,1228.3
TRD30005260,ORD20003560,C100160,ICICIBANK,NSE,BUY,CNC,2,21,1228.3,2026-09-25 10:36:53.911,583797539172,25794.3
TRD30005261,ORD20003561,C100066,ITC,NSE,BUY,CNC,1,44,455.4,2026-09-25 10:39:07.240,852526644702,20037.6
TRD30005262,ORD20003561,C100066,ITC,NSE,BUY,CNC,2,2,455.4,2026-09-25 10:39:08.738,668129376437,910.8
TRD30005263,ORD20003561,C100066,ITC,NSE,BUY,CNC,3,141,455.4,2026-09-25 10:39:10.130,176841420269,64211.4
TRD30005264,ORD20000300,C100143,AXISBANK,NSE,SELL,MIS,1,29,1105.05,2026-09-25 10:39:12.126,664186717840,32046.45
TRD30005265,ORD20000300,C100143,AXISBANK,NSE,SELL,MIS,2,12,1105.05,2026-09-25 10:39:12.672,169671143773,13260.6
TRD30005266,ORD20000793,C100106,AXISBANK,NSE,SELL,CNC,1,26,1241.25,2026-09-25 10:39:31.808,435551937283,32272.5
TRD30005267,ORD20000793,C100106,AXISBANK,NSE,SELL,CNC,2,23,1240.75,2026-09-25 10:39:34.190,430637956300,28537.25
TRD30005268,ORD20002386,C100181,ITC,NSE,BUY,MIS,1,326,444.45,2026-09-25 10:46:52.764,987514827018,144890.7
TRD30005269,ORD20002985,C100136,SBIN,NSE,BUY,MIS,1,67,830.0,2026-09-25 10:48:20.830,214691590730,55610.0
TRD30005270,ORD20003738,C100034,HINDUNILVR,NSE,BUY,MIS,1,1,2322.05,2026-09-25 10:50:06.239,862701333954,2322.05
TRD30005271,ORD20003738,C100034,HINDUNILVR,NSE,BUY,MIS,2,1,2322.25,2026-09-25 10:50:09.421,373249026713,2322.25
TRD30005272,ORD20002709,C100163,HINDUNILVR,NSE,SELL,CNC,1,1,2410.45,2026-09-25 10:50:35.345,532436224094,2410.45
TRD30005273,ORD20002709,C100163,HINDUNILVR,NSE,SELL,CNC,2,2,2410.45,2026-09-25 10:50:39.021,898216640074,4820.9
TRD30005274,ORD20002709,C100163,HINDUNILVR,NSE,SELL,CNC,3,1,2410.45,2026-09-25 10:50:39.791,478333570098,2410.45
TRD30005275,ORD20003833,C100113,ITC,NSE,BUY,MIS,1,6,450.9,2026-09-25 10:51:35.613,708887520116,2705.4
TRD30005276,ORD20003833,C100113,ITC,NSE,BUY,MIS,2,56,450.9,2026-09-25 10:51:39.587,895486581918,25250.4
TRD30005277,ORD20003833,C100113,ITC,NSE,BUY,MIS,3,60,450.9,2026-09-25 10:51:43.410,278951408515,27054.0
TRD30005278,ORD20001926,C100018,ICICIBANK,NSE,BUY,MIS,1,1,1201.55,2026-09-25 10:55:00.037,397333104934,1201.55
TRD30005279,ORD20001926,C100018,ICICIBANK,NSE,BUY,MIS,2,6,1198.65,2026-09-25 10:55:02.577,646895232525,7191.9
TRD30005281,ORD20000959,C100098,HINDUNILVR,NSE,SELL,CNC,1,2,2396.2,2026-09-25 10:55:06.077,498009562634,4792.4
TRD30005280,ORD20001926,C100018,ICICIBANK,NSE,BUY,MIS,3,10,1199.3,2026-09-25 10:55:06.239,435806979821,11993.0
TRD30005282,ORD20000959,C100098,HINDUNILVR,NSE,SELL,CNC,2,2,2396.2,2026-09-25 10:55:06.408,743193564329,4792.4
TRD30005283,ORD20000959,C100098,HINDUNILVR,NSE,SELL,CNC,3,7,2396.2,2026-09-25 10:55:06.818,881084459479,16773.4
TRD30005284,ORD20001070,C100007,INFY,NSE,SELL,MIS,1,13,1593.55,2026-09-25 10:59:49.208,439247147929,20716.15
TRD30005285,ORD20001070,C100007,INFY,NSE,SELL,MIS,2,4,1593.55,2026-09-25 10:59:52.565,339530172786,6374.2
TRD30005286,ORD20004968,C100057,RELIANCE,NSE,SELL,MIS,1,1,2706.3,2026-09-25 10:59:53.800,758735155695,2706.3
TRD30005287,ORD20004572,C100182,BHARTIARTL,NSE,BUY,CNC,1,1,1438.7,2026-09-25 11:02:11.840,637296989183,1438.7
TRD30005288,ORD20004572,C100182,BHARTIARTL,NSE,BUY,CNC,2,1,1438.7,2026-09-25 11:02:12.565,768645824793,1438.7
TRD30005289,ORD20004572,C100182,BHARTIARTL,NSE,BUY,CNC,3,2,1438.7,2026-09-25 11:02:16.440,946044390671,2877.4
TRD30005290,ORD20001208,C100087,HINDUNILVR,NSE,SELL,MIS,1,1,2333.85,2026-09-25 11:05:40.989,306448488083,2333.85
TRD30005291,ORD20001208,C100087,HINDUNILVR,NSE,SELL,MIS,2,1,2333.85,2026-09-25 11:05:41.074,782572079363,2333.85
TRD30005292,ORD20004322,C100122,INFY,NSE,BUY,MIS,1,1,1605.15,2026-09-25 11:06:09.624,344669886165,1605.15
TRD30005293,ORD20004322,C100122,INFY,NSE,BUY,MIS,2,36,1605.15,2026-09-25 11:06:09.845,321188734762,57785.4
TRD30005294,ORD20004322,C100122,INFY,NSE,BUY,MIS,3,3,1605.15,2026-09-25 11:06:13.014,748060683432,4815.45
TRD30005295,ORD20003016,C100124,HINDUNILVR,NSE,BUY,MIS,1,1,2317.55,2026-09-25 11:07:18.474,357869440795,2317.55
TRD30005296,ORD20003016,C100124,HINDUNILVR,NSE,BUY,MIS,2,2,2317.95,2026-09-25 11:07:20.463,111509186706,4635.9
TRD30005297,ORD20003016,C100124,HINDUNILVR,NSE,BUY,MIS,3,1,2317.45,2026-09-25 11:07:22.812,479719484835,2317.45
TRD30005298,ORD20000328,C100009,TCS,NSE,SELL,CNC,1,17,3839.6,2026-09-25 11:07:58.583,425651916288,65273.2
TRD30005299,ORD20001640,C100194,ICICIBANK,NSE,SELL,MIS,1,13,1201.35,2026-09-25 11:09:16.681,121659317684,15617.55
TRD30005300,ORD20000994,C100107,BHARTIARTL,NSE,SELL,CNC,1,1,1438.8,2026-09-25 11:10:30.056,414497998400,1438.8
TRD30005301,ORD20000994,C100107,BHARTIARTL,NSE,SELL,CNC,2,1,1439.9,2026-09-25 11:10:31.865,425135842728,1439.9
TRD30005302,ORD20000994,C100107,BHARTIARTL,NSE,SELL,CNC,3,1,1439.35,2026-09-25 11:10:34.745,578665369731,1439.35
TRD30005303,ORD20001879,C100037,AXISBANK,NSE,BUY,MIS,1,12,1193.7,2026-09-25 11:11:00.692,543050918366,14324.4
TRD30005304,ORD20001879,C100037,AXISBANK,NSE,BUY,MIS,2,3,1193.7,2026-09-25 11:11:01.509,247604057326,3581.1
TRD30005306,ORD20001606,C100013,ITC,NSE,SELL,CNC,1,17,449.9,2026-09-25 11:11:03.687,922062866221,7648.3
TRD30005305,ORD20001879,C100037,AXISBANK,NSE,BUY,MIS,3,8,1193.7,2026-09-25 11:11:03.774,727219753475,9549.6
TRD30005307,ORD20001606,C100013,ITC,NSE,SELL,CNC,2,1,450.15,2026-09-25 11:11:05.684,815165436801,450.15
TRD30005308,ORD20001606,C100013,ITC,NSE,SELL,CNC,3,8,450.6,2026-09-25 11:11:07.246,242786670488,3604.8
TRD30005309,ORD20000290,C100003,ITC,NSE,SELL,CNC,1,41,464.45,2026-09-25 11:15:11.955,597370065193,19042.45
TRD30005310,ORD20000290,C100003,ITC,NSE,SELL,CNC,2,20,464.45,2026-09-25 11:15:12.404,269762483421,9289.0
TRD30005311,ORD20003826,C100055,MARUTI,NSE,BUY,MIS,1,1,11703.4,2026-09-25 11:15:50.015,459036844691,11703.4
TRD30005312,ORD20003826,C100055,MARUTI,NSE,BUY,MIS,2,1,11703.4,2026-09-25 11:15:53.703,889255477971,11703.4
TRD30005313,ORD20004196,C100063,BHARTIARTL,NSE,SELL,MIS,1,1,1441.5,2026-09-25 11:22:21.979,205247436888,1441.5
TRD30005314,ORD20004196,C100063,BHARTIARTL,NSE,SELL,MIS,2,1,1441.5,2026-09-25 11:22:23.965,946802675792,1441.5
TRD30005315,ORD20004196,C100063,BHARTIARTL,NSE,SELL,MIS,3,1,1441.5,2026-09-25 11:22:24.846,403434993499,1441.5
TRD30005316,ORD20002341,C100023,MARUTI,NSE,BUY,MIS,1,1,12357.7,2026-09-25 11:26:11.415,657174073821,12357.7
TRD30005317,ORD20001741,C100174,NTPC,NSE,BUY,MIS,1,16,360.1,2026-09-25 11:29:29.391,544379164198,5761.6
TRD30005318,ORD20001741,C100174,NTPC,NSE,BUY,MIS,2,2,360.25,2026-09-25 11:29:30.481,598114698187,720.5
TRD30005319,ORD20001741,C100174,NTPC,NSE,BUY,MIS,3,1,360.0,2026-09-25 11:29:33.022,664326387492,360.0
TRD30005320,ORD20001012,C100061,BHARTIARTL,NSE,SELL,MIS,1,3,1371.85,2026-09-25 11:31:41.686,179960889741,4115.55
TRD30005321,ORD20001012,C100061,BHARTIARTL,NSE,SELL,MIS,2,1,1373.0,2026-09-25 11:31:43.784,280198593572,1373.0
TRD30005322,ORD20001012,C100061,BHARTIARTL,NSE,SELL,MIS,3,1,1371.7,2026-09-25 11:31:44.708,777841094407,1371.7
TRD30005323,ORD20003477,C100044,ICICIBANK,NSE,SELL,CNC,1,1,1181.05,2026-09-25 11:33:36.266,775178686828,1181.05
TRD30005324,ORD20003477,C100044,ICICIBANK,NSE,SELL,CNC,2,1,1181.5,2026-09-25 11:33:36.616,599691742369,1181.5
TRD30005325,ORD20000872,C100140,KOTAKBANK,NSE,SELL,MIS,1,4,1737.85,2026-09-25 11:37:33.460,951352584778,6951.4
TRD30005326,ORD20003003,C100049,BHARTIARTL,NSE,BUY,CNC,1,20,1425.5,2026-09-25 11:37:58.615,139513367153,28510.0
TRD30005327,ORD20001569,C100067,RELIANCE,NSE,SELL,MIS,1,2,2807.35,2026-09-25 11:40:42.651,912119424759,5614.7
TRD30005328,ORD20001569,C100067,RELIANCE,NSE,SELL,MIS,2,1,2806.65,2026-09-25 11:40:44.616,489969944738,2806.65
TRD30005329,ORD20001569,C100067,RELIANCE,NSE,SELL,MIS,3,9,2808.7,2026-09-25 11:40:46.975,921116507925,25278.3
TRD30005330,ORD20001641,C100078,ICICIBANK,NSE,BUY,MIS,1,5,1194.7,2026-09-25 11:40:47.056,519538057035,5973.5
TRD30005331,ORD20001641,C100078,ICICIBANK,NSE,BUY,MIS,2,2,1194.0,2026-09-25 11:40:49.097,793186537747,2388.0
TRD30005332,ORD20002896,C100107,RELIANCE,NSE,SELL,MIS,1,5,2895.85,2026-09-25 11:42:18.106,985580639570,14479.25
TRD30005333,ORD20002896,C100107,RELIANCE,NSE,SELL,MIS,2,2,2896.4,2026-09-25 11:42:21.010,886706589883,5792.8
TRD30005334,ORD20002896,C100107,RELIANCE,NSE,SELL,MIS,3,5,2897.9,2026-09-25 11:42:23.833,180391439995,14489.5
TRD30005335,ORD20002469,C100139,SBIN,NSE,SELL,CNC,1,8,795.75,2026-09-25 11:43:30.540,806325434882,6366.0
TRD30005336,ORD20000280,C100146,TATAMOTORS,NSE,BUY,CNC,1,69,976.3,2026-09-25 11:46:33.940,516856284598,67364.7
TRD30005337,ORD20000280,C100146,TATAMOTORS,NSE,BUY,CNC,2,2,976.7,2026-09-25 11:46:35.180,360194997729,1953.4
TRD30005338,ORD20000593,C100049,KOTAKBANK,NSE,SELL,CNC,1,2,1754.85,2026-09-25 11:47:00.648,740928935345,3509.7
TRD30005339,ORD20002342,C100050,HDFCBANK,NSE,BUY,MIS,1,1,1667.95,2026-09-25 11:47:25.962,490558444457,1667.95
TRD30005340,ORD20002342,C100050,HDFCBANK,NSE,BUY,MIS,2,1,1667.25,2026-09-25 11:47:28.610,629171747461,1667.25
TRD30005341,ORD20002342,C100050,HDFCBANK,NSE,BUY,MIS,3,1,1667.85,2026-09-25 11:47:32.181,804108087887,1667.85
TRD30005342,ORD20000714,C100001,RELIANCE,NSE,BUY,MIS,1,1,2805.3,2026-09-25 11:48:04.084,840341014770,2805.3
TRD30005343,ORD20000714,C100001,RELIANCE,NSE,BUY,MIS,2,11,2803.45,2026-09-25 11:48:07.156,520454958087,30837.95
TRD30005344,ORD20000714,C100001,RELIANCE,NSE,BUY,MIS,3,12,2800.3,2026-09-25 11:48:07.368,496399636717,33603.6
TRD30005345,ORD20002141,C100083,ICICIBANK,NSE,BUY,MIS,1,7,1174.2,2026-09-25 11:50:16.430,471808019592,8219.4
TRD30005346,ORD20002141,C100083,ICICIBANK,NSE,BUY,MIS,2,3,1174.2,2026-09-25 11:50:17.557,709068232478,3522.6
TRD30005347,ORD20000072,C100176,INFY,NSE,SELL,CNC,1,1,1563.25,2026-09-25 11:50:41.381,952895869482,1563.25
TRD30005348,ORD20000072,C100176,INFY,NSE,SELL,CNC,2,15,1562.55,2026-09-25 11:50:42.547,341179430384,23438.25
TRD30005349,ORD20001503,C100042,AXISBANK,NSE,SELL,CNC,1,50,1175.45,2026-09-25 11:51:11.076,357207724279,58772.5
TRD30005350,ORD20001503,C100042,AXISBANK,NSE,SELL,CNC,2,17,1178.1,2026-09-25 11:51:15.002,683096397200,20027.7
TRD30005351,ORD20002980,C100109,ITC,NSE,SELL,MIS,1,8,447.75,2026-09-25 11:52:36.066,503155606927,3582.0
TRD30005352,ORD20002980,C100109,ITC,NSE,SELL,MIS,2,9,447.75,2026-09-25 11:52:37.764,142492758695,4029.75
TRD30005353,ORD20003038,C100136,AXISBANK,NSE,BUY,CNC,1,3,1177.05,2026-09-25 11:53:02.829,165194750640,3531.15
TRD30005354,ORD20003962,C100028,HINDUNILVR,NSE,BUY,MIS,1,23,2548.6,2026-09-25 11:54:51.687,644073544713,58617.8
TRD30005355,ORD20003962,C100028,HINDUNILVR,NSE,BUY,MIS,2,8,2548.6,2026-09-25 11:54:54.389,440023240666,20388.8
TRD30005356,ORD20000151,C100108,ICICIBANK,NSE,BUY,CNC,1,4,1237.25,2026-09-25 12:00:39.296,661858292318,4949.0
TRD30005357,ORD20000151,C100108,ICICIBANK,NSE,BUY,CNC,2,1,1237.25,2026-09-25 12:00:40.202,777520057388,1237.25
TRD30005358,ORD20000422,C100172,NTPC,NSE,SELL,MIS,1,101,373.55,2026-09-25 12:01:58.455,407382251758,37728.55
TRD30005359,ORD20000422,C100172,NTPC,NSE,SELL,MIS,2,34,373.5,2026-09-25 12:02:00.987,623487235261,12699.0
TRD30005360,ORD20000120,C100034,NTPC,NSE,SELL,CNC,1,30,348.05,2026-09-25 12:04:31.569,480258404528,10441.5
TRD30005362,ORD20003120,C100061,KOTAKBANK,NSE,BUY,MIS,1,46,1714.9,2026-09-25 12:04:34.676,968565187218,78885.4
TRD30005361,ORD20000120,C100034,NTPC,NSE,SELL,CNC,2,15,348.05,2026-09-25 12:04:35.212,930478913773,5220.75
TRD30005363,ORD20003120,C100061,KOTAKBANK,NSE,BUY,MIS,2,12,1714.9,2026-09-25 12:04:38.617,708122649971,20578.8
TRD30005364,ORD20000652,C100104,HINDUNILVR,NSE,BUY,CNC,1,9,2358.2,2026-09-25 12:07:22.111,443377923088,21223.8
TRD30005365,ORD20000652,C100104,HINDUNILVR,NSE,BUY,CNC,2,48,2358.2,2026-09-25 12:07:23.568,954210557683,113193.6
TRD30005366,ORD20000652,C100104,HINDUNILVR,NSE,BUY,CNC,3,4,2358.2,2026-09-25 12:07:23.957,401946548544,9432.8
TRD30005367,ORD20002786,C100118,HDFCBANK,NSE,BUY,MIS,1,2,1674.7,2026-09-25 12:08:52.374,576570375185,3349.4
TRD30005368,ORD20002786,C100118,HDFCBANK,NSE,BUY,MIS,2,4,1675.3,2026-09-25 12:08:53.303,946319394719,6701.2
TRD30005369,ORD20004453,C100167,INFY,NSE,SELL,CNC,1,1,1632.3,2026-09-25 12:15:51.434,647579274630,1632.3
TRD30005370,ORD20004453,C100167,INFY,NSE,SELL,CNC,2,1,1632.3,2026-09-25 12:15:54.247,460886904025,1632.3
TRD30005371,ORD20000233,C100189,INFY,NSE,BUY,MIS,1,31,1653.0,2026-09-25 12:17:16.564,128896900393,51243.0
TRD30005372,ORD20000233,C100189,INFY,NSE,BUY,MIS,2,56,1653.0,2026-09-25 12:17:18.585,811301948160,92568.0
TRD30005373,ORD20002877,C100023,ITC,BSE,BUY,MIS,1,17,482.7,2026-09-25 12:24:24.784,177915972913,8205.9
TRD30005374,ORD20002877,C100023,ITC,BSE,BUY,MIS,2,63,482.7,2026-09-25 12:24:26.630,181139087957,30410.1
TRD30005375,ORD20002877,C100023,ITC,BSE,BUY,MIS,3,24,482.7,2026-09-25 12:24:26.716,304577534503,11584.8
TRD30005376,ORD20004954,C100160,ITC,NSE,BUY,MIS,1,11,451.75,2026-09-25 12:29:02.593,667517171601,4969.25
TRD30005377,ORD20004954,C100160,ITC,NSE,BUY,MIS,2,36,451.75,2026-09-25 12:29:05.119,903948928272,16263.0
TRD30005378,ORD20004954,C100160,ITC,NSE,BUY,MIS,3,4,451.75,2026-09-25 12:29:06.608,107486693388,1807.0
TRD30005379,ORD20003498,C100033,ITC,NSE,SELL,MIS,1,96,441.3,2026-09-25 12:29:33.873,710207552670,42364.8
TRD30005380,ORD20003498,C100033,ITC,NSE,SELL,MIS,2,32,441.3,2026-09-25 12:29:37.622,569428378671,14121.6
TRD30005381,ORD20001652,C100151,SBIN,NSE,BUY,MIS,1,6,799.75,2026-09-25 12:30:43.332,659007216261,4798.5
TRD30005382,ORD20001652,C100151,SBIN,NSE,BUY,MIS,2,89,798.0,2026-09-25 12:30:45.143,721075469377,71022.0
TRD30005383,ORD20004424,C100056,TATAMOTORS,NSE,BUY,MIS,1,2,955.15,2026-09-25 12:31:14.783,693131359856,1910.3
TRD30005384,ORD20004424,C100056,TATAMOTORS,NSE,BUY,MIS,2,2,955.3,2026-09-25 12:31:15.056,847485537458,1910.6
TRD30005385,ORD20004424,C100056,TATAMOTORS,NSE,BUY,MIS,3,1,955.25,2026-09-25 12:31:15.323,198137423043,955.25
TRD30005386,ORD20003693,C100028,TCS,BSE,SELL,MIS,1,1,3682.9,2026-09-25 12:32:00.672,301052729128,3682.9
TRD30005387,ORD20001022,C100031,MARUTI,NSE,BUY,CNC,1,1,11187.85,2026-09-25 12:32:26.643,860101261109,11187.85
TRD30005388,ORD20001022,C100031,MARUTI,NSE,BUY,CNC,2,1,11187.85,2026-09-25 12:32:27.232,164050948622,11187.85
TRD30005389,ORD20001022,C100031,MARUTI,NSE,BUY,CNC,3,1,11187.85,2026-09-25 12:32:28.084,982480349767,11187.85
TRD30005390,ORD20001890,C100142,NTPC,NSE,BUY,CNC,1,15,341.1,2026-09-25 12:32:51.217,509209905690,5116.5
TRD30005391,ORD20001890,C100142,NTPC,NSE,BUY,CNC,2,2,340.7,2026-09-25 12:32:51.878,418102441634,681.4
TRD30005393,ORD20002881,C100127,BHARTIARTL,NSE,BUY,CNC,1,4,1369.9,2026-09-25 12:32:54.096,356693413358,5479.6
TRD30005392,ORD20001890,C100142,NTPC,NSE,BUY,CNC,3,1,340.65,2026-09-25 12:32:54.630,499284691214,340.65
TRD30005394,ORD20002881,C100127,BHARTIARTL,NSE,BUY,CNC,2,1,1367.7,2026-09-25 12:32:55.069,843161718648,1367.7
TRD30005395,ORD20002445,C100120,TCS,BSE,BUY,MIS,1,2,3896.85,2026-09-25 12:39:20.951,654478549473,7793.7
TRD30005396,ORD20002445,C100120,TCS,BSE,BUY,MIS,2,1,3898.3,2026-09-25 12:39:23.174,359236864162,3898.3
TRD30005397,ORD20001036,C100127,INFY,NSE,BUY,MIS,1,5,1645.75,2026-09-25 12:40:24.975,801900479417,8228.75
TRD30005398,ORD20001036,C100127,INFY,NSE,BUY,MIS,2,4,1646.15,2026-09-25 12:40:25.774,737757093087,6584.6
TRD30005399,ORD20001036,C100127,INFY,NSE,BUY,MIS,3,9,1642.8,2026-09-25 12:40:27.703,628422323135,14785.2
TRD30005400,ORD20004173,C100184,HINDUNILVR,NSE,SELL,MIS,1,42,2355.1,2026-09-25 12:44:22.643,499180850766,98914.2
TRD30005401,ORD20004168,C100135,TCS,NSE,SELL,MIS,1,1,3960.2,2026-09-25 12:48:41.053,862894316190,3960.2
TRD30005402,ORD20004168,C100135,TCS,NSE,SELL,MIS,2,1,3955.05,2026-09-25 12:48:42.352,286735724448,3955.05
TRD30005403,ORD20002588,C100048,INFY,NSE,SELL,CNC,1,10,1673.75,2026-09-25 12:54:59.419,915790042616,16737.5
TRD30005404,ORD20002588,C100048,INFY,NSE,SELL,CNC,2,4,1673.75,2026-09-25 12:55:02.155,636851800989,6695.0
TRD30005405,ORD20002588,C100048,INFY,NSE,SELL,CNC,3,5,1673.75,2026-09-25 12:55:03.317,950357029839,8368.75
TRD30005406,ORD20000168,C100022,HINDUNILVR,NSE,SELL,MIS,1,2,2364.05,2026-09-25 12:55:22.911,941940273075,4728.1
TRD30005407,ORD20002829,C100173,HINDUNILVR,NSE,SELL,MIS,1,12,2426.95,2026-09-25 12:56:03.375,175229571771,29123.4
TRD30005408,ORD20002829,C100173,HINDUNILVR,NSE,SELL,MIS,2,10,2426.95,2026-09-25 12:56:05.018,401036763245,24269.5
TRD30005409,ORD20002829,C100173,HINDUNILVR,NSE,SELL,MIS,3,3,2426.95,2026-09-25 12:56:07.316,689737073963,7280.85
TRD30005410,ORD20004899,C100064,MARUTI,NSE,BUY,CNC,1,1,12345.45,2026-09-25 12:56:24.192,216037486089,12345.45
TRD30005411,ORD20000591,C100184,ICICIBANK,NSE,SELL,MIS,1,1,1204.05,2026-09-25 12:58:31.073,592248526845,1204.05
TRD30005412,ORD20000591,C100184,ICICIBANK,NSE,SELL,MIS,2,3,1203.7,2026-09-25 12:58:34.930,407237808611,3611.1
TRD30005413,ORD20000326,C100073,ITC,NSE,SELL,CNC,1,11,461.3,2026-09-25 12:59:31.795,999482505827,5074.3
TRD30005414,ORD20000326,C100073,ITC,NSE,SELL,CNC,2,18,461.25,2026-09-25 12:59:35.584,280348038562,8302.5
TRD30005415,ORD20004428,C100187,ITC,NSE,BUY,MIS,1,67,458.45,2026-09-25 13:00:24.396,199578630060,30716.15
TRD30005416,ORD20004428,C100187,ITC,NSE,BUY,MIS,2,259,458.45,2026-09-25 13:00:24.852,509987588173,118738.55
TRD30005417,ORD20003045,C100082,HINDUNILVR,NSE,SELL,CNC,1,9,2424.25,2026-09-25 13:03:13.297,319514327531,21818.25
TRD30005418,ORD20003045,C100082,HINDUNILVR,NSE,SELL,CNC,2,19,2424.25,2026-09-25 13:03:16.082,828026682897,46060.75
TRD30005419,ORD20003909,C100151,HINDUNILVR,NSE,BUY,CNC,1,11,2363.95,2026-09-25 13:08:27.723,115642806744,26003.45
TRD30005420,ORD20003515,C100033,HDFCBANK,NSE,SELL,MIS,1,2,1658.1,2026-09-25 13:09:09.131,687048823921,3316.2
TRD30005421,ORD20004220,C100127,ITC,NSE,SELL,CNC,1,75,444.85,2026-09-25 13:09:09.953,466803500915,33363.75
TRD30005422,ORD20004220,C100127,ITC,NSE,SELL,CNC,2,108,444.45,2026-09-25 13:09:11.475,938437243785,48000.6
TRD30005423,ORD20001163,C100071,ITC,NSE,BUY,MIS,1,6,425.6,2026-09-25 13:09:14.239,922292838981,2553.6
TRD30005426,ORD20001829,C100181,SBIN,NSE,BUY,MIS,1,30,838.9,2026-09-25 13:09:15.481,483705397884,25167.0
TRD30005424,ORD20001163,C100071,ITC,NSE,BUY,MIS,2,1,425.6,2026-09-25 13:09:17.013,820605333636,425.6
TRD30005425,ORD20001163,C100071,ITC,NSE,BUY,MIS,3,8,425.6,2026-09-25 13:09:19.349,486650779269,3404.8
TRD30005427,ORD20000676,C100196,RELIANCE,NSE,BUY,CNC,1,2,3010.5,2026-09-25 13:09:50.716,119131677657,6021.0
TRD30005428,ORD20000676,C100196,RELIANCE,NSE,BUY,CNC,2,7,3010.5,2026-09-25 13:09:53.027,934883923708,21073.5
TRD30005429,ORD20001382,C100170,ITC,NSE,SELL,CNC,1,70,435.85,2026-09-25 13:10:34.892,979507512769,30509.5
TRD30005430,ORD20000940,C100166,TATAMOTORS,NSE,SELL,MIS,1,76,969.6,2026-09-25 13:11:55.607,289721730425,73689.6
TRD30005431,ORD20000940,C100166,TATAMOTORS,NSE,SELL,MIS,2,59,969.6,2026-09-25 13:11:58.572,525558111259,57206.4
TRD30005432,ORD20000831,C100194,HINDUNILVR,NSE,BUY,MIS,1,54,2363.8,2026-09-25 13:14:21.740,620631196077,127645.2
TRD30005433,ORD20002840,C100122,MARUTI,NSE,BUY,MIS,1,3,12133.7,2026-09-25 13:19:26.845,585813168486,36401.1
TRD30005434,ORD20002202,C100138,ITC,NSE,SELL,CNC,1,10,432.3,2026-09-25 13:21:39.447,531679595135,4323.0
TRD30005435,ORD20002202,C100138,ITC,NSE,SELL,CNC,2,5,432.3,2026-09-25 13:21:42.336,645662472798,2161.5
TRD30005436,ORD20000537,C100050,ASIANPAINT,NSE,BUY,CNC,1,11,2795.8,2026-09-25 13:24:41.823,810457596265,30753.8
TRD30005437,ORD20000537,C100050,ASIANPAINT,NSE,BUY,CNC,2,1,2795.8,2026-09-25 13:24:43.504,472757133398,2795.8
TRD30005438,ORD20000777,C100189,ITC,NSE,BUY,CNC,1,5,440.55,2026-09-25 13:24:56.293,167081942084,2202.75
TRD30005439,ORD20000777,C100189,ITC,NSE,BUY,CNC,2,39,440.55,2026-09-25 13:24:58.660,348150525373,17181.45
TRD30005440,ORD20002158,C100019,ITC,NSE,SELL,MIS,1,20,445.45,2026-09-25 13:26:46.739,207514678837,8909.0
TRD30005441,ORD20002158,C100019,ITC,NSE,SELL,MIS,2,47,445.9,2026-09-25 13:26:49.378,643587069960,20957.3
TRD30005443,ORD20003057,C100124,TATAMOTORS,BSE,BUY,CNC,1,2,962.2,2026-09-25 13:26:51.492,234829652329,1924.4
TRD30005444,ORD20003057,C100124,TATAMOTORS,BSE,BUY,CNC,2,8,962.2,2026-09-25 13:26:52.113,405820849505,7697.6
TRD30005442,ORD20002158,C100019,ITC,NSE,SELL,MIS,3,91,445.55,2026-09-25 13:26:52.131,558153226000,40545.05
TRD30005445,ORD20003057,C100124,TATAMOTORS,BSE,BUY,CNC,3,2,962.2,2026-09-25 13:26:55.412,921669005568,1924.4
TRD30005446,ORD20000616,C100127,AXISBANK,NSE,SELL,CNC,1,1,1184.05,2026-09-25 13:28:40.967,884451050799,1184.05
TRD30005447,ORD20000616,C100127,AXISBANK,NSE,SELL,CNC,2,19,1184.05,2026-09-25 13:28:43.314,628064368693,22496.95
TRD30005448,ORD20000616,C100127,AXISBANK,NSE,SELL,CNC,3,3,1184.05,2026-09-25 13:28:47.033,115386887942,3552.15
TRD30005449,ORD20004391,C100118,MARUTI,NSE,SELL,MIS,1,1,11986.75,2026-09-25 13:28:51.236,810057147700,11986.75
TRD30005450,ORD20003831,C100061,INFY,NSE,BUY,CNC,1,2,1648.9,2026-09-25 13:30:18.703,146509471442,3297.8
TRD30005451,ORD20002808,C100035,MARUTI,NSE,BUY,CNC,1,5,12562.8,2026-09-25 13:31:12.090,923886770807,62814.0
TRD30005452,ORD20002808,C100035,MARUTI,NSE,BUY,CNC,2,1,12562.8,2026-09-25 13:31:13.799,624213216135,12562.8
TRD30005453,ORD20001512,C100110,TATAMOTORS,NSE,BUY,MIS,1,2,984.7,2026-09-25 13:32:59.811,328967481589,1969.4
TRD30005454,ORD20001512,C100110,TATAMOTORS,NSE,BUY,MIS,2,2,984.7,2026-09-25 13:33:01.338,185804883648,1969.4
TRD30005455,ORD20001512,C100110,TATAMOTORS,NSE,BUY,MIS,3,11,984.7,2026-09-25 13:33:02.013,763197710833,10831.7
TRD30005456,ORD20003497,C100174,TATAMOTORS,NSE,BUY,MIS,1,47,935.1,2026-09-25 13:34:32.306,219792840567,43949.7
TRD30005457,ORD20003020,C100062,BHARTIARTL,NSE,BUY,MIS,1,4,1379.65,2026-09-25 13:35:10.641,519211970719,5518.6
TRD30005458,ORD20003020,C100062,BHARTIARTL,NSE,BUY,MIS,2,2,1379.65,2026-09-25 13:35:14.135,119326564987,2759.3
TRD30005459,ORD20003020,C100062,BHARTIARTL,NSE,BUY,MIS,3,11,1379.65,2026-09-25 13:35:15.133,922078100817,15176.15
TRD30005460,ORD20004320,C100077,HINDUNILVR,NSE,SELL,MIS,1,2,2504.5,2026-09-25 13:37:18.769,795257163741,5009.0
TRD30005461,ORD20004320,C100077,HINDUNILVR,NSE,SELL,MIS,2,22,2501.7,2026-09-25 13:37:21.514,242226034787,55037.4
TRD30005462,ORD20003593,C100155,ITC,NSE,SELL,MIS,1,190,448.0,2026-09-25 13:37:37.299,674764123194,85120.0
TRD30005463,ORD20003943,C100123,TCS,NSE,BUY,CNC,1,25,3894.45,2026-09-25 13:43:39.430,529759079568,97361.25
TRD30005464,ORD20002312,C100149,INFY,NSE,BUY,MIS,1,1,1624.95,2026-09-25 13:45:35.597,178085352611,1624.95
TRD30005465,ORD20002312,C100149,INFY,NSE,BUY,MIS,2,1,1624.95,2026-09-25 13:45:37.823,519280857581,1624.95
TRD30005466,ORD20001609,C100018,KOTAKBANK,NSE,SELL,MIS,1,3,1751.45,2026-09-25 13:46:44.802,433637548371,5254.35
TRD30005467,ORD20003775,C100096,NTPC,NSE,BUY,MIS,1,33,354.45,2026-09-25 13:47:09.257,307609188919,11696.85
TRD30005468,ORD20003775,C100096,NTPC,NSE,BUY,MIS,2,161,354.05,2026-09-25 13:47:10.070,942476007547,57002.05
TRD30005469,ORD20003775,C100096,NTPC,NSE,BUY,MIS,3,55,353.6,2026-09-25 13:47:13.782,304394141611,19448.0
TRD30005470,ORD20004854,C100058,HDFCBANK,NSE,BUY,MIS,1,3,1701.8,2026-09-25 13:51:10.845,698705577467,5105.4
TRD30005471,ORD20003155,C100141,INFY,NSE,SELL,MIS,1,1,1614.0,2026-09-25 13:51:13.133,976038171465,1614.0
TRD30005472,ORD20000408,C100143,ICICIBANK,NSE,SELL,MIS,1,8,1197.75,2026-09-25 13:53:43.924,118360838458,9582.0
TRD30005473,ORD20000408,C100143,ICICIBANK,NSE,SELL,MIS,2,3,1197.75,2026-09-25 13:53:44.057,225746981860,3593.25
TRD30005475,ORD20003034,C100001,ASIANPAINT,NSE,SELL,CNC,1,1,3026.45,2026-09-25 13:53:44.792,594232297492,3026.45
TRD30005476,ORD20003034,C100001,ASIANPAINT,NSE,SELL,CNC,2,10,3026.45,2026-09-25 13:53:46.456,833199537464,30264.5
TRD30005474,ORD20000408,C100143,ICICIBANK,NSE,SELL,MIS,3,4,1197.75,2026-09-25 13:53:47.873,731785163965,4791.0
TRD30005477,ORD20000962,C100128,RELIANCE,NSE,SELL,MIS,1,32,2973.6,2026-09-25 13:55:36.438,531054193922,95155.2
TRD30005478,ORD20000060,C100039,NTPC,NSE,SELL,MIS,1,36,353.4,2026-09-25 13:55:51.266,924195349857,12722.4
TRD30005479,ORD20000060,C100039,NTPC,NSE,SELL,MIS,2,40,352.9,2026-09-25 13:55:54.076,290767227792,14116.0
TRD30005480,ORD20003655,C100120,ITC,NSE,SELL,CNC,1,79,470.9,2026-09-25 13:56:52.304,538039632249,37201.1
TRD30005481,ORD20003655,C100120,ITC,NSE,SELL,CNC,2,51,470.9,2026-09-25 13:56:53.072,873112635858,24015.9
TRD30005482,ORD20002161,C100153,HDFCBANK,BSE,BUY,CNC,1,5,1615.7,2026-09-25 13:58:43.142,222205293778,8078.5
TRD30005483,ORD20002161,C100153,HDFCBANK,BSE,BUY,CNC,2,1,1615.7,2026-09-25 13:58:43.855,620479300701,1615.7
TRD30005484,ORD20003294,C100041,BHARTIARTL,NSE,SELL,CNC,1,5,1436.95,2026-09-25 13:58:52.338,466589894061,7184.75
TRD30005485,ORD20003294,C100041,BHARTIARTL,NSE,SELL,CNC,2,2,1436.65,2026-09-25 13:58:56.312,630337638340,2873.3
TRD30005486,ORD20003294,C100041,BHARTIARTL,NSE,SELL,CNC,3,8,1435.9,2026-09-25 13:58:59.048,237145542336,11487.2
TRD30005487,ORD20004189,C100065,ICICIBANK,NSE,SELL,CNC,1,24,1223.75,2026-09-25 14:00:21.910,620995948818,29370.0
TRD30005488,ORD20003127,C100129,KOTAKBANK,NSE,SELL,MIS,1,23,1716.55,2026-09-25 14:01:10.745,627314529800,39480.65
TRD30005489,ORD20003127,C100129,KOTAKBANK,NSE,SELL,MIS,2,13,1716.55,2026-09-25 14:01:14.647,628343962334,22315.15
TRD30005490,ORD20002357,C100032,TITAN,NSE,BUY,CNC,1,8,3368.2,2026-09-25 14:01:59.741,260475434852,26945.6
TRD30005491,ORD20002357,C100032,TITAN,NSE,BUY,CNC,2,4,3368.2,2026-09-25 14:02:02.147,451007758109,13472.8
TRD30005492,ORD20002357,C100032,TITAN,NSE,BUY,CNC,3,7,3368.2,2026-09-25 14:02:03.672,508612546535,23577.4
TRD30005493,ORD20001683,C100028,TATAMOTORS,NSE,SELL,CNC,1,17,977.6,2026-09-25 14:04:24.674,691240272068,16619.2
TRD30005494,ORD20001683,C100028,TATAMOTORS,NSE,SELL,CNC,2,4,978.4,2026-09-25 14:04:27.223,954264242167,3913.6
TRD30005495,ORD20001683,C100028,TATAMOTORS,NSE,SELL,CNC,3,4,978.55,2026-09-25 14:04:29.517,173818028875,3914.2
TRD30005496,ORD20000966,C100024,ITC,NSE,SELL,MIS,1,130,445.7,2026-09-25 14:09:51.419,953574454202,57941.0
TRD30005497,ORD20000966,C100024,ITC,NSE,SELL,MIS,2,51,445.35,2026-09-25 14:09:55.240,872821595419,22712.85
TRD30005498,ORD20001622,C100147,AXISBANK,NSE,SELL,MIS,1,89,1111.7,2026-09-25 14:10:50.201,449955582752,98941.3
TRD30005499,ORD20002517,C100082,ITC,NSE,SELL,MIS,1,182,464.15,2026-09-25 14:11:32.175,603658892952,84475.3
TRD30005500,ORD20002517,C100082,ITC,NSE,SELL,MIS,2,99,464.15,2026-09-25 14:11:32.490,337029532479,45950.85
TRD30005501,ORD20003456,C100063,TATAMOTORS,NSE,BUY,MIS,1,3,954.85,2026-09-25 14:13:16.100,546067948262,2864.55
TRD30005502,ORD20003456,C100063,TATAMOTORS,NSE,BUY,MIS,2,2,954.85,2026-09-25 14:13:17.855,834643308357,1909.7
TRD30005503,ORD20003456,C100063,TATAMOTORS,NSE,BUY,MIS,3,11,954.85,2026-09-25 14:13:20.417,106713354273,10503.35
TRD30005504,ORD20000344,C100044,BHARTIARTL,NSE,BUY,CNC,1,2,1447.55,2026-09-25 14:14:00.923,902357121142,2895.1
TRD30005505,ORD20000344,C100044,BHARTIARTL,NSE,BUY,CNC,2,4,1445.0,2026-09-25 14:14:04.403,578119202510,5780.0
TRD30005506,ORD20000344,C100044,BHARTIARTL,NSE,BUY,CNC,3,1,1446.4,2026-09-25 14:14:07.411,652304163759,1446.4
TRD30005507,ORD20000115,C100079,TATAMOTORS,NSE,BUY,MIS,1,1,935.8,2026-09-25 14:14:40.840,528492925469,935.8
TRD30005508,ORD20000115,C100079,TATAMOTORS,NSE,BUY,MIS,2,1,935.8,2026-09-25 14:14:43.729,319200773086,935.8
TRD30005509,ORD20000115,C100079,TATAMOTORS,NSE,BUY,MIS,3,1,935.8,2026-09-25 14:14:45.703,440027450194,935.8
TRD30005510,ORD20004481,C100080,TATAMOTORS,BSE,BUY,MIS,1,27,906.4,2026-09-25 14:15:00.688,552064055181,24472.8
TRD30005512,ORD20001226,C100046,HINDUNILVR,NSE,BUY,MIS,1,40,2352.95,2026-09-25 14:15:02.009,626271180669,94118.0
TRD30005511,ORD20004481,C100080,TATAMOTORS,BSE,BUY,MIS,2,2,906.4,2026-09-25 14:15:04.271,484351351093,1812.8
TRD30005513,ORD20001226,C100046,HINDUNILVR,NSE,BUY,MIS,2,3,2351.95,2026-09-25 14:15:05.223,128322273530,7055.85
TRD30005514,ORD20002437,C100123,AXISBANK,NSE,BUY,CNC,1,4,1173.45,2026-09-25 14:16:44.664,742170487121,4693.8
TRD30005515,ORD20002437,C100123,AXISBANK,NSE,BUY,CNC,2,1,1172.2,2026-09-25 14:16:45.072,592675335320,1172.2
TRD30005516,ORD20001360,C100082,HDFCBANK,NSE,SELL,CNC,1,1,1639.95,2026-09-25 14:24:15.012,921285846627,1639.95
TRD30005517,ORD20001360,C100082,HDFCBANK,NSE,SELL,CNC,2,5,1639.95,2026-09-25 14:24:17.741,544617038114,8199.75
TRD30005518,ORD20001228,C100038,HINDUNILVR,NSE,BUY,MIS,1,1,2401.1,2026-09-25 14:26:11.232,133178206761,2401.1
TRD30005519,ORD20001228,C100038,HINDUNILVR,NSE,BUY,MIS,2,13,2399.6,2026-09-25 14:26:14.269,830878517572,31194.8
TRD30005520,ORD20001228,C100038,HINDUNILVR,NSE,BUY,MIS,3,3,2398.7,2026-09-25 14:26:17.542,947432572498,7196.1
TRD30005521,ORD20000483,C100053,KOTAKBANK,NSE,SELL,MIS,1,1,1720.4,2026-09-25 14:28:00.759,652210896847,1720.4
TRD30005522,ORD20001067,C100159,HINDUNILVR,NSE,SELL,MIS,1,8,2319.4,2026-09-25 14:28:24.425,444124074299,18555.2
TRD30005523,ORD20001067,C100159,HINDUNILVR,NSE,SELL,MIS,2,1,2319.25,2026-09-25 14:28:25.169,593906635101,2319.25
TRD30005524,ORD20002730,C100062,MARUTI,NSE,SELL,CNC,1,1,12472.65,2026-09-25 14:29:45.125,881607144162,12472.65
TRD30005525,ORD20004932,C100123,NTPC,NSE,SELL,MIS,1,5,364.0,2026-09-25 14:30:21.061,175629151731,1820.0
TRD30005526,ORD20004932,C100123,NTPC,NSE,SELL,MIS,2,102,364.0,2026-09-25 14:30:24.192,150212259253,37128.0
TRD30005527,ORD20002465,C100109,SBIN,NSE,BUY,MIS,1,65,807.75,2026-09-25 14:33:26.584,850242398531,52503.75
TRD30005528,ORD20002743,C100027,HINDUNILVR,BSE,BUY,MIS,1,11,2473.6,2026-09-25 14:33:48.493,251267770202,27209.6
TRD30005529,ORD20000147,C100159,WIPRO,NSE,BUY,MIS,1,1,483.6,2026-09-25 14:33:59.760,733737662645,483.6
TRD30005530,ORD20000147,C100159,WIPRO,NSE,BUY,MIS,2,2,483.6,2026-09-25 14:34:00.983,922880072301,967.2
TRD30005531,ORD20000147,C100159,WIPRO,NSE,BUY,MIS,3,1,483.6,2026-09-25 14:34:03.790,316779826799,483.6
TRD30005532,ORD20004233,C100004,ITC,NSE,SELL,CNC,1,14,430.9,2026-09-25 14:35:11.265,942444396635,6032.6
TRD30005533,ORD20004233,C100004,ITC,NSE,SELL,CNC,2,20,430.9,2026-09-25 14:35:13.480,828530861179,8618.0
TRD30005534,ORD20001292,C100128,TATAMOTORS,NSE,SELL,CNC,1,29,908.6,2026-09-25 14:38:10.387,716161508127,26349.4
TRD30005535,ORD20001292,C100128,TATAMOTORS,NSE,SELL,CNC,2,37,908.6,2026-09-25 14:38:13.162,580065283727,33618.2
TRD30005536,ORD20001292,C100128,TATAMOTORS,NSE,SELL,CNC,3,5,908.6,2026-09-25 14:38:14.810,300465929415,4543.0
TRD30005537,ORD20001598,C100033,BHARTIARTL,NSE,BUY,CNC,1,17,1394.1,2026-09-25 14:38:21.043,624252197322,23699.7
TRD30005538,ORD20000597,C100150,HINDUNILVR,NSE,SELL,MIS,1,1,2370.8,2026-09-25 14:38:33.496,141307876510,2370.8
TRD30005539,ORD20002329,C100188,ITC,NSE,BUY,CNC,1,99,451.5,2026-09-25 14:39:26.762,469928581677,44698.5
TRD30005540,ORD20000429,C100186,ITC,NSE,SELL,MIS,1,4,459.35,2026-09-25 14:40:30.132,677914998823,1837.4
TRD30005541,ORD20000429,C100186,ITC,NSE,SELL,MIS,2,2,459.45,2026-09-25 14:40:33.181,899424231437,918.9
TRD30005542,ORD20000221,C100172,LT,NSE,BUY,CNC,1,11,3584.85,2026-09-25 14:43:54.196,275479066831,39433.35
TRD30005543,ORD20001482,C100092,HDFCBANK,NSE,SELL,CNC,1,2,1705.95,2026-09-25 14:44:25.438,137611870752,3411.9
TRD30005544,ORD20001482,C100092,HDFCBANK,NSE,SELL,CNC,2,1,1705.95,2026-09-25 14:44:27.331,103220174687,1705.95
TRD30005545,ORD20001482,C100092,HDFCBANK,NSE,SELL,CNC,3,2,1705.95,2026-09-25 14:44:27.568,834033326175,3411.9
TRD30005546,ORD20002334,C100156,NTPC,NSE,SELL,MIS,1,16,348.9,2026-09-25 14:44:50.907,425616967145,5582.4
TRD30005547,ORD20004634,C100107,RELIANCE,NSE,SELL,MIS,1,7,2910.05,2026-09-25 14:46:17.792,204719764991,20370.35
TRD30005548,ORD20000812,C100020,INFY,NSE,BUY,MIS,1,9,1591.1,2026-09-25 14:47:07.407,823854734905,14319.9
TRD30005549,ORD20000812,C100020,INFY,NSE,BUY,MIS,2,1,1591.1,2026-09-25 14:47:10.266,189786812476,1591.1
TRD30005550,ORD20002227,C100107,BHARTIARTL,NSE,BUY,CNC,1,23,1409.95,2026-09-25 14:48:55.399,601761981661,32428.85
TRD30005551,ORD20002227,C100107,BHARTIARTL,NSE,BUY,CNC,2,34,1409.95,2026-09-25 14:48:58.145,682516134998,47938.3
TRD30005552,ORD20003973,C100101,HINDUNILVR,NSE,SELL,MIS,1,36,2516.85,2026-09-25 14:51:18.598,911517854520,90606.6
TRD30005553,ORD20003973,C100101,HINDUNILVR,NSE,SELL,MIS,2,3,2513.35,2026-09-25 14:51:22.002,489918498261,7540.05
TRD30005554,ORD20002446,C100064,ICICIBANK,NSE,BUY,MIS,1,10,1204.15,2026-09-25 14:52:36.602,711171592134,12041.5
TRD30005555,ORD20002446,C100064,ICICIBANK,NSE,BUY,MIS,2,21,1204.15,2026-09-25 14:52:38.245,113162709308,25287.15
TRD30005556,ORD20002446,C100064,ICICIBANK,NSE,BUY,MIS,3,14,1204.15,2026-09-25 14:52:38.537,567986659010,16858.1
TRD30005557,ORD20001775,C100130,RELIANCE,NSE,BUY,CNC,1,3,3105.9,2026-09-25 14:54:23.283,499242321806,9317.7
TRD30005558,ORD20001775,C100130,RELIANCE,NSE,BUY,CNC,2,10,3105.25,2026-09-25 14:54:23.886,367467020220,31052.5
TRD30005559,ORD20003995,C100104,ONGC,NSE,BUY,MIS,1,287,262.55,2026-09-25 14:59:15.834,927736604284,75351.85
TRD30005560,ORD20000749,C100067,ITC,NSE,SELL,CNC,1,42,469.55,2026-09-25 14:59:35.552,693273041259,19721.1
TRD30005561,ORD20000749,C100067,ITC,NSE,SELL,CNC,2,67,469.3,2026-09-25 14:59:36.283,608880194204,31443.1
TRD30005562,ORD20000551,C100114,MARUTI,NSE,SELL,MIS,1,1,12073.5,2026-09-25 15:01:10.681,218025259351,12073.5
TRD30005563,ORD20000551,C100114,MARUTI,NSE,SELL,MIS,2,1,12049.4,2026-09-25 15:01:13.085,712633263279,12049.4
TRD30005564,ORD20004940,C100175,TCS,NSE,BUY,MIS,1,1,3999.5,2026-09-25 15:01:45.622,511562834126,3999.5
TRD30005565,ORD20003112,C100173,NTPC,NSE,SELL,MIS,1,154,366.7,2026-09-25 15:02:24.215,730432290797,56471.8
TRD30005566,ORD20001403,C100185,MARUTI,NSE,SELL,MIS,1,1,11715.6,2026-09-25 15:05:33.513,762718428953,11715.6
TRD30005567,ORD20001403,C100185,MARUTI,NSE,SELL,MIS,2,3,11715.6,2026-09-25 15:05:37.295,841164822044,35146.8
TRD30005568,ORD20001403,C100185,MARUTI,NSE,SELL,MIS,3,1,11715.6,2026-09-25 15:05:40.053,500748500968,11715.6
TRD30005569,ORD20002238,C100110,HDFCBANK,NSE,BUY,MIS,1,49,1670.8,2026-09-25 15:07:56.650,889153517563,81869.2
TRD30005570,ORD20000859,C100154,ITC,NSE,SELL,CNC,1,6,464.6,2026-09-25 15:08:19.648,428849591511,2787.6
TRD30005571,ORD20000859,C100154,ITC,NSE,SELL,CNC,2,14,464.6,2026-09-25 15:08:23.164,697005391733,6504.4
TRD30005572,ORD20000859,C100154,ITC,NSE,SELL,CNC,3,1,464.6,2026-09-25 15:08:23.627,422485807860,464.6
TRD30005573,ORD20002231,C100020,HDFCBANK,NSE,BUY,CNC,1,4,1713.5,2026-09-25 15:09:35.548,903262437053,6854.0
TRD30005574,ORD20000695,C100079,SBIN,NSE,SELL,MIS,1,8,819.9,2026-09-25 15:11:30.096,481605475350,6559.2
TRD30005575,ORD20000695,C100079,SBIN,NSE,SELL,MIS,2,17,819.9,2026-09-25 15:11:33.782,288977889247,13938.3
TRD30005576,ORD20000695,C100079,SBIN,NSE,SELL,MIS,3,25,819.9,2026-09-25 15:11:36.224,985412530752,20497.5
TRD30005577,ORD20004808,C100040,ICICIBANK,NSE,SELL,MIS,1,3,1180.0,2026-09-25 15:14:00.548,370909306204,3540.0
TRD30005578,ORD20004595,C100106,RELIANCE,NSE,SELL,MIS,1,1,2948.65,2026-09-25 15:17:13.446,917926136605,2948.65
TRD30005579,ORD20001046,C100144,INFY,NSE,SELL,MIS,1,3,1551.25,2026-09-25 15:17:47.532,855364684032,4653.75
TRD30005580,ORD20001046,C100144,INFY,NSE,SELL,MIS,2,3,1551.9,2026-09-25 15:17:49.888,583837738917,4655.7
TRD30005581,ORD20001046,C100144,INFY,NSE,SELL,MIS,3,1,1553.1,2026-09-25 15:17:53.734,356198448675,1553.1
TRD30005582,ORD20001079,C100127,HDFCBANK,NSE,SELL,CNC,1,1,1655.1,2026-09-25 15:22:54.315,162492733892,1655.1
TRD30005583,ORD20003195,C100002,ONGC,NSE,BUY,CNC,1,10,271.0,2026-09-28 09:17:56.495,327858201591,2710.0
TRD30005584,ORD20004861,C100136,ICICIBANK,NSE,BUY,MIS,1,44,1215.35,2026-09-28 09:20:49.905,898553453202,53475.4
TRD30005585,ORD20004275,C100112,ICICIBANK,BSE,BUY,MIS,1,5,1217.65,2026-09-28 09:22:26.786,355060879459,6088.25
TRD30005586,ORD20004275,C100112,ICICIBANK,BSE,BUY,MIS,2,5,1217.65,2026-09-28 09:22:29.546,309952201804,6088.25
TRD30005587,ORD20000883,C100030,ICICIBANK,NSE,SELL,MIS,1,1,1197.65,2026-09-28 09:23:29.421,151305023292,1197.65
TRD30005588,ORD20000883,C100030,ICICIBANK,NSE,SELL,MIS,2,25,1198.45,2026-09-28 09:23:30.627,565744195159,29961.25
TRD30005589,ORD20000883,C100030,ICICIBANK,NSE,SELL,MIS,3,5,1198.8,2026-09-28 09:23:33.999,590333179993,5994.0
TRD30005590,ORD20000178,C100167,HINDUNILVR,NSE,SELL,CNC,1,13,2407.65,2026-09-28 09:23:43.822,719044334258,31299.45
TRD30005591,ORD20000575,C100082,ASIANPAINT,NSE,SELL,MIS,1,1,2782.2,2026-09-28 09:24:13.459,880469792286,2782.2
TRD30005592,ORD20000939,C100088,WIPRO,NSE,SELL,CNC,1,56,490.65,2026-09-28 09:27:39.234,194518221667,27476.4
TRD30005593,ORD20002848,C100101,ITC,NSE,BUY,MIS,1,124,431.45,2026-09-28 09:27:43.622,435482457193,53499.8
TRD30005594,ORD20002806,C100094,TATAMOTORS,NSE,SELL,MIS,1,3,961.35,2026-09-28 09:28:57.846,653694042425,2884.05
TRD30005595,ORD20002806,C100094,TATAMOTORS,NSE,SELL,MIS,2,2,961.35,2026-09-28 09:29:00.677,272042863997,1922.7
TRD30005596,ORD20003169,C100136,TCS,NSE,BUY,MIS,1,13,3956.9,2026-09-28 09:29:27.631,343877256885,51439.7
TRD30005597,ORD20002288,C100167,HINDUNILVR,NSE,BUY,CNC,1,16,2449.3,2026-09-28 09:30:26.406,815694358954,39188.8
TRD30005598,ORD20002471,C100171,HDFCBANK,NSE,SELL,MIS,1,2,1693.8,2026-09-28 09:32:47.863,130917750230,3387.6
TRD30005599,ORD20002471,C100171,HDFCBANK,NSE,SELL,MIS,2,2,1691.85,2026-09-28 09:32:49.869,904062207006,3383.7
TRD30005600,ORD20002471,C100171,HDFCBANK,NSE,SELL,MIS,3,2,1693.3,2026-09-28 09:32:53.765,806044792496,3386.6
TRD30005601,ORD20001278,C100131,MARUTI,NSE,BUY,CNC,1,1,12993.4,2026-09-28 09:34:45.948,392181643446,12993.4
TRD30005602,ORD20001278,C100131,MARUTI,NSE,BUY,CNC,2,1,12997.1,2026-09-28 09:34:47.042,412232109551,12997.1
TRD30005603,ORD20004022,C100004,ONGC,NSE,SELL,MIS,1,161,267.75,2026-09-28 09:35:44.820,319039037783,43107.75
TRD30005604,ORD20003021,C100163,ICICIBANK,NSE,BUY,MIS,1,1,1201.9,2026-09-28 09:37:17.103,106650186313,1201.9
TRD30005607,ORD20004671,C100114,TCS,NSE,BUY,MIS,1,8,3786.75,2026-09-28 09:37:20.910,265028175109,30294.0
TRD30005605,ORD20003021,C100163,ICICIBANK,NSE,BUY,MIS,2,1,1201.9,2026-09-28 09:37:21.061,735949190445,1201.9
TRD30005606,ORD20003021,C100163,ICICIBANK,NSE,BUY,MIS,3,1,1201.9,2026-09-28 09:37:22.252,816083884160,1201.9
TRD30005608,ORD20003900,C100145,RELIANCE,NSE,BUY,CNC,1,4,2814.8,2026-09-28 09:38:33.390,458603448338,11259.2
TRD30005609,ORD20003900,C100145,RELIANCE,NSE,BUY,CNC,2,1,2815.1,2026-09-28 09:38:34.698,508924723988,2815.1
TRD30005610,ORD20000083,C100198,KOTAKBANK,NSE,BUY,MIS,1,2,1803.95,2026-09-28 09:40:51.037,180415162684,3607.9
TRD30005611,ORD20000083,C100198,KOTAKBANK,NSE,BUY,MIS,2,1,1803.95,2026-09-28 09:40:53.800,360975533036,1803.95
TRD30005612,ORD20004877,C100016,AXISBANK,NSE,BUY,MIS,1,1,1118.45,2026-09-28 09:49:30.484,360582721398,1118.45
TRD30005613,ORD20004877,C100016,AXISBANK,NSE,BUY,MIS,2,2,1118.45,2026-09-28 09:49:33.600,871250737103,2236.9
TRD30005614,ORD20004877,C100016,AXISBANK,NSE,BUY,MIS,3,1,1118.45,2026-09-28 09:49:37.301,195582947158,1118.45
TRD30005615,ORD20000671,C100088,BHARTIARTL,NSE,SELL,CNC,1,1,1425.6,2026-09-28 09:49:41.975,312924615122,1425.6
TRD30005616,ORD20000671,C100088,BHARTIARTL,NSE,SELL,CNC,2,1,1425.6,2026-09-28 09:49:44.139,508772510927,1425.6
TRD30005617,ORD20002611,C100159,HINDUNILVR,NSE,BUY,MIS,1,1,2498.8,2026-09-28 09:53:21.169,224734486649,2498.8
TRD30005618,ORD20002611,C100159,HINDUNILVR,NSE,BUY,MIS,2,4,2499.3,2026-09-28 09:53:22.684,282129784784,9997.2
TRD30005619,ORD20003044,C100082,ITC,BSE,SELL,CNC,1,128,435.4,2026-09-28 09:54:06.773,959322971879,55731.2
TRD30005620,ORD20003999,C100164,HINDUNILVR,NSE,BUY,CNC,1,21,2378.85,2026-09-28 09:54:13.418,881614473027,49955.85
TRD30005621,ORD20003999,C100164,HINDUNILVR,NSE,BUY,CNC,2,5,2378.85,2026-09-28 09:54:14.438,215016522170,11894.25
TRD30005622,ORD20004194,C100118,ITC,BSE,SELL,CNC,1,2,438.85,2026-09-28 09:56:03.958,344728957945,877.7
TRD30005623,ORD20004194,C100118,ITC,BSE,SELL,CNC,2,2,438.85,2026-09-28 09:56:05.309,883124182293,877.7
TRD30005624,ORD20004194,C100118,ITC,BSE,SELL,CNC,3,13,438.85,2026-09-28 09:56:08.167,415890544154,5705.05
TRD30005625,ORD20002570,C100069,ITC,NSE,SELL,CNC,1,320,455.1,2026-09-28 09:58:36.706,497586549482,145632.0
TRD30005626,ORD20002595,C100039,HINDUNILVR,NSE,SELL,MIS,1,12,2533.15,2026-09-28 09:59:08.150,264267133467,30397.8
TRD30005627,ORD20003448,C100182,ICICIBANK,NSE,SELL,MIS,1,63,1188.5,2026-09-28 10:01:22.959,592233236252,74875.5
TRD30005628,ORD20002451,C100019,TITAN,NSE,SELL,MIS,1,1,3367.4,2026-09-28 10:03:57.186,230666735816,3367.4
TRD30005629,ORD20001410,C100191,HINDUNILVR,NSE,SELL,MIS,1,9,2368.15,2026-09-28 10:06:17.679,571376276215,21313.35
TRD30005630,ORD20001410,C100191,HINDUNILVR,NSE,SELL,MIS,2,4,2368.15,2026-09-28 10:06:18.614,926862871183,9472.6
TRD30005631,ORD20001410,C100191,HINDUNILVR,NSE,SELL,MIS,3,2,2368.15,2026-09-28 10:06:22.126,529489675847,4736.3
TRD30005632,ORD20001081,C100081,TATAMOTORS,NSE,BUY,MIS,1,4,939.35,2026-09-28 10:08:26.580,839198803170,3757.4
TRD30005633,ORD20003816,C100024,HDFCBANK,BSE,BUY,MIS,1,1,1693.1,2026-09-28 10:09:15.987,616693681381,1693.1
TRD30005634,ORD20002356,C100070,ITC,NSE,BUY,CNC,1,16,452.15,2026-09-28 10:09:24.280,430510276242,7234.4
TRD30005635,ORD20002356,C100070,ITC,NSE,BUY,CNC,2,8,452.15,2026-09-28 10:09:26.894,947887498315,3617.2
TRD30005636,ORD20002356,C100070,ITC,NSE,BUY,CNC,3,7,452.15,2026-09-28 10:09:28.611,997171982896,3165.05
TRD30005637,ORD20004279,C100141,KOTAKBANK,NSE,BUY,MIS,1,20,1631.65,2026-09-28 10:10:11.204,392738938626,32633.0
TRD30005638,ORD20000055,C100068,INFY,NSE,BUY,CNC,1,2,1599.3,2026-09-28 10:10:13.301,989891464104,3198.6
TRD30005639,ORD20000055,C100068,INFY,NSE,BUY,CNC,2,1,1599.35,2026-09-28 10:10:16.908,985693680588,1599.35
TRD30005640,ORD20000055,C100068,INFY,NSE,BUY,CNC,3,1,1601.0,2026-09-28 10:10:20.810,386925077002,1601.0
TRD30005641,ORD20004308,C100046,ITC,NSE,SELL,MIS,1,2,446.8,2026-09-28 10:10:23.452,510162660001,893.6
TRD30005642,ORD20004308,C100046,ITC,NSE,SELL,MIS,2,3,446.8,2026-09-28 10:10:25.175,136803853451,1340.4
TRD30005643,ORD20004308,C100046,ITC,NSE,SELL,MIS,3,23,446.8,2026-09-28 10:10:26.363,114442414612,10276.4
TRD30005644,ORD20001242,C100100,TATAMOTORS,NSE,BUY,CNC,1,1,975.4,2026-09-28 10:11:05.896,242360423925,975.4
TRD30005645,ORD20001242,C100100,TATAMOTORS,NSE,BUY,CNC,2,5,975.4,2026-09-28 10:11:09.881,341579979046,4877.0
TRD30005646,ORD20000573,C100039,RELIANCE,NSE,SELL,CNC,1,25,2898.35,2026-09-28 10:12:56.883,902557874340,72458.75
TRD30005647,ORD20003043,C100020,TCS,NSE,BUY,MIS,1,1,3965.25,2026-09-28 10:18:00.782,394641079939,3965.25
TRD30005648,ORD20003613,C100171,ITC,NSE,SELL,CNC,1,17,452.15,2026-09-28 10:21:55.565,745329832808,7686.55
TRD30005649,ORD20003613,C100171,ITC,NSE,SELL,CNC,2,4,452.15,2026-09-28 10:21:56.776,952050535013,1808.6
TRD30005650,ORD20000757,C100004,INFY,NSE,SELL,MIS,1,71,1533.8,2026-09-28 10:24:52.164,573672000370,108899.8
TRD30005651,ORD20000031,C100092,BHARTIARTL,NSE,SELL,MIS,1,18,1454.3,2026-09-28 10:26:54.090,855438735707,26177.4
TRD30005652,ORD20000031,C100092,BHARTIARTL,NSE,SELL,MIS,2,25,1454.35,2026-09-28 10:26:54.693,474120720159,36358.75
TRD30005653,ORD20000031,C100092,BHARTIARTL,NSE,SELL,MIS,3,7,1454.8,2026-09-28 10:26:57.243,329688384709,10183.6
TRD30005654,ORD20003862,C100138,ITC,NSE,SELL,CNC,1,35,449.75,2026-09-28 10:27:29.402,795153968067,15741.25
TRD30005655,ORD20000467,C100045,MARUTI,NSE,BUY,CNC,1,6,11634.7,2026-09-28 10:29:49.546,679111914336,69808.2
TRD30005656,ORD20000467,C100045,MARUTI,NSE,BUY,CNC,2,1,11634.7,2026-09-28 10:29:51.389,695078610451,11634.7
TRD30005657,ORD20000467,C100045,MARUTI,NSE,BUY,CNC,3,1,11634.7,2026-09-28 10:29:51.500,397031434368,11634.7
TRD30005658,ORD20002738,C100014,RELIANCE,NSE,SELL,MIS,1,5,2774.45,2026-09-28 10:30:58.794,546766004406,13872.25
TRD30005659,ORD20002738,C100014,RELIANCE,NSE,SELL,MIS,2,1,2773.9,2026-09-28 10:31:00.674,450908729633,2773.9
TRD30005660,ORD20002738,C100014,RELIANCE,NSE,SELL,MIS,3,35,2773.15,2026-09-28 10:31:03.094,913142676590,97060.25
TRD30005661,ORD20004897,C100044,MARUTI,NSE,BUY,MIS,1,2,11219.3,2026-09-28 10:33:13.469,938346662713,22438.6
TRD30005662,ORD20004897,C100044,MARUTI,NSE,BUY,MIS,2,2,11216.95,2026-09-28 10:33:14.081,201836967862,22433.9
TRD30005663,ORD20004016,C100178,SBIN,NSE,BUY,CNC,1,8,793.2,2026-09-28 10:34:47.662,737557424678,6345.6
TRD30005664,ORD20004016,C100178,SBIN,NSE,BUY,CNC,2,3,793.2,2026-09-28 10:34:48.210,336289739994,2379.6
TRD30005665,ORD20004016,C100178,SBIN,NSE,BUY,CNC,3,24,793.0,2026-09-28 10:34:49.792,743519914553,19032.0
TRD30005666,ORD20002781,C100111,ITC,NSE,SELL,CNC,1,13,458.9,2026-09-28 10:35:43.768,330137482777,5965.7
TRD30005667,ORD20002781,C100111,ITC,NSE,SELL,CNC,2,3,458.9,2026-09-28 10:35:46.171,500529255433,1376.7
TRD30005668,ORD20003620,C100060,AXISBANK,NSE,SELL,MIS,1,2,1126.1,2026-09-28 10:36:54.475,469046792166,2252.2
TRD30005669,ORD20003620,C100060,AXISBANK,NSE,SELL,MIS,2,2,1125.65,2026-09-28 10:36:54.972,835011017959,2251.3
TRD30005670,ORD20003620,C100060,AXISBANK,NSE,SELL,MIS,3,1,1124.75,2026-09-28 10:36:56.870,416907166829,1124.75
TRD30005671,ORD20001618,C100026,NTPC,BSE,SELL,CNC,1,2,369.3,2026-09-28 10:37:31.246,922018938537,738.6
TRD30005672,ORD20001618,C100026,NTPC,BSE,SELL,CNC,2,9,369.25,2026-09-28 10:37:33.731,193536572070,3323.25
TRD30005673,ORD20001618,C100026,NTPC,BSE,SELL,CNC,3,3,369.1,2026-09-28 10:37:37.008,311323594258,1107.3
TRD30005674,ORD20001557,C100054,AXISBANK,NSE,BUY,MIS,1,15,1086.7,2026-09-28 10:37:53.867,312604495191,16300.5
TRD30005675,ORD20001557,C100054,AXISBANK,NSE,BUY,MIS,2,6,1086.7,2026-09-28 10:37:57.211,330167647467,6520.2
TRD30005676,ORD20003343,C100139,INFY,NSE,SELL,MIS,1,85,1638.4,2026-09-28 10:39:53.550,638342518643,139264.0
TRD30005677,ORD20004228,C100059,ITC,NSE,SELL,CNC,1,31,447.85,2026-09-28 10:40:06.011,450582819270,13883.35
TRD30005678,ORD20004228,C100059,ITC,NSE,SELL,CNC,2,6,447.5,2026-09-28 10:40:08.139,511953315419,2685.0
TRD30005679,ORD20004228,C100059,ITC,NSE,SELL,CNC,3,33,447.25,2026-09-28 10:40:08.826,989883757599,14759.25
TRD30005680,ORD20003667,C100008,KOTAKBANK,NSE,BUY,CNC,1,37,1775.4,2026-09-28 10:43:36.099,842616288995,65689.8
TRD30005681,ORD20003151,C100170,ITC,NSE,SELL,MIS,1,7,444.7,2026-09-28 10:48:59.198,489311077592,3112.9
TRD30005682,ORD20003151,C100170,ITC,NSE,SELL,MIS,2,5,444.7,2026-09-28 10:49:00.072,773477988114,2223.5
TRD30005683,ORD20003151,C100170,ITC,NSE,SELL,MIS,3,16,444.7,2026-09-28 10:49:01.199,216308161406,7115.2
TRD30005684,ORD20001111,C100055,TITAN,NSE,BUY,CNC,1,8,3333.2,2026-09-28 10:50:04.859,390097218150,26665.6
TRD30005685,ORD20001111,C100055,TITAN,NSE,BUY,CNC,2,13,3333.2,2026-09-28 10:50:06.085,939589443670,43331.6
TRD30005686,ORD20000088,C100040,ITC,NSE,SELL,CNC,1,256,437.65,2026-09-28 10:50:23.728,981067551184,112038.4
TRD30005687,ORD20002904,C100161,MARUTI,NSE,BUY,MIS,1,1,12289.35,2026-09-28 10:53:28.673,874431063478,12289.35
TRD30005688,ORD20002904,C100161,MARUTI,NSE,BUY,MIS,2,1,12289.35,2026-09-28 10:53:29.762,680059901022,12289.35
TRD30005689,ORD20001069,C100053,ITC,NSE,BUY,MIS,1,36,471.35,2026-09-28 10:55:00.162,830512121073,16968.6
TRD30005690,ORD20001069,C100053,ITC,NSE,BUY,MIS,2,22,471.35,2026-09-28 10:55:02.838,227966057243,10369.7
TRD30005691,ORD20001069,C100053,ITC,NSE,BUY,MIS,3,3,471.35,2026-09-28 10:55:06.247,462497920075,1414.05
TRD30005692,ORD20004146,C100123,NTPC,NSE,SELL,MIS,1,143,359.05,2026-09-28 10:55:09.270,637351915401,51344.15
TRD30005693,ORD20004146,C100123,NTPC,NSE,SELL,MIS,2,10,359.05,2026-09-28 10:55:12.397,635359405052,3590.5
TRD30005694,ORD20001191,C100120,ITC,NSE,BUY,MIS,1,6,470.5,2026-09-28 10:55:47.437,345157280489,2823.0
TRD30005695,ORD20001191,C100120,ITC,NSE,BUY,MIS,2,3,470.5,2026-09-28 10:55:49.411,668230985870,1411.5
TRD30005696,ORD20001191,C100120,ITC,NSE,BUY,MIS,3,1,470.5,2026-09-28 10:55:53.199,355717543079,470.5
TRD30005697,ORD20001933,C100119,AXISBANK,NSE,SELL,CNC,1,1,1105.75,2026-09-28 10:56:36.855,777471202048,1105.75
TRD30005698,ORD20001933,C100119,AXISBANK,NSE,SELL,CNC,2,7,1105.75,2026-09-28 10:56:39.871,530911557283,7740.25
TRD30005699,ORD20004215,C100164,HINDUNILVR,NSE,BUY,MIS,1,7,2298.7,2026-09-28 11:00:02.322,586560914021,16090.9
TRD30005700,ORD20004215,C100164,HINDUNILVR,NSE,BUY,MIS,2,1,2298.7,2026-09-28 11:00:05.762,949745326825,2298.7
TRD30005701,ORD20001317,C100168,HINDUNILVR,NSE,BUY,CNC,1,1,2473.3,2026-09-28 11:13:10.793,978719425814,2473.3
TRD30005702,ORD20003566,C100136,MARUTI,NSE,SELL,MIS,1,1,11480.1,2026-09-28 11:13:19.149,825192952454,11480.1
TRD30005703,ORD20004357,C100104,HDFCBANK,NSE,BUY,MIS,1,1,1668.85,2026-09-28 11:13:20.153,491235238007,1668.85
TRD30005704,ORD20004357,C100104,HDFCBANK,NSE,BUY,MIS,2,6,1668.85,2026-09-28 11:13:23.386,505766704658,10013.1
TRD30005705,ORD20004566,C100068,TATAMOTORS,NSE,BUY,CNC,1,10,934.3,2026-09-28 11:13:33.911,564700010748,9343.0
TRD30005706,ORD20004566,C100068,TATAMOTORS,NSE,BUY,CNC,2,104,933.15,2026-09-28 11:13:34.725,791896966928,97047.6
TRD30005707,ORD20004566,C100068,TATAMOTORS,NSE,BUY,CNC,3,9,932.95,2026-09-28 11:13:37.343,757486590021,8396.55
TRD30005708,ORD20000453,C100095,INFY,NSE,SELL,MIS,1,5,1620.05,2026-09-28 11:15:17.951,350364375940,8100.25
TRD30005709,ORD20000453,C100095,INFY,NSE,SELL,MIS,2,13,1620.05,2026-09-28 11:15:20.309,508972517952,21060.65
TRD30005710,ORD20003334,C100151,BHARTIARTL,NSE,SELL,CNC,1,63,1402.0,2026-09-28 11:18:33.190,709420531838,88326.0
TRD30005711,ORD20000122,C100057,ICICIBANK,NSE,SELL,MIS,1,16,1176.7,2026-09-28 11:20:43.714,167484349818,18827.2
TRD30005712,ORD20000771,C100173,ITC,NSE,BUY,MIS,1,142,463.85,2026-09-28 11:22:36.140,196373938285,65866.7
TRD30005713,ORD20003484,C100163,TCS,NSE,SELL,CNC,1,4,3960.35,2026-09-28 11:23:51.773,841803741172,15841.4
TRD30005714,ORD20003484,C100163,TCS,NSE,SELL,CNC,2,15,3962.6,2026-09-28 11:23:54.314,936471078743,59439.0
TRD30005715,ORD20004005,C100100,HINDUNILVR,NSE,BUY,CNC,1,1,2409.8,2026-09-28 11:23:57.223,261014620914,2409.8
TRD30005716,ORD20004005,C100100,HINDUNILVR,NSE,BUY,CNC,2,1,2409.8,2026-09-28 11:23:58.173,925067887658,2409.8
TRD30005717,ORD20004973,C100187,HINDUNILVR,BSE,SELL,MIS,1,4,2444.8,2026-09-28 11:25:06.415,869952290195,9779.2
TRD30005718,ORD20004973,C100187,HINDUNILVR,BSE,SELL,MIS,2,7,2444.8,2026-09-28 11:25:08.006,232096887240,17113.6
TRD30005719,ORD20004973,C100187,HINDUNILVR,BSE,SELL,MIS,3,2,2444.8,2026-09-28 11:25:08.870,231727781491,4889.6
TRD30005720,ORD20001057,C100060,RELIANCE,BSE,SELL,MIS,1,2,2802.0,2026-09-28 11:27:33.585,541775137463,5604.0
TRD30005721,ORD20001057,C100060,RELIANCE,BSE,SELL,MIS,2,2,2802.0,2026-09-28 11:27:37.063,808327876074,5604.0
TRD30005722,ORD20000904,C100130,ITC,NSE,BUY,CNC,1,25,470.25,2026-09-28 11:29:01.884,542166806307,11756.25
TRD30005723,ORD20000904,C100130,ITC,NSE,BUY,CNC,2,34,469.95,2026-09-28 11:29:03.594,839749136864,15978.3
TRD30005724,ORD20000904,C100130,ITC,NSE,BUY,CNC,3,7,469.85,2026-09-28 11:29:05.233,219486493523,3288.95
TRD30005725,ORD20004536,C100071,INFY,NSE,SELL,MIS,1,4,1555.55,2026-09-28 11:29:42.793,322602381756,6222.2
TRD30005726,ORD20002501,C100130,ITC,NSE,BUY,MIS,1,58,450.05,2026-09-28 11:30:51.286,755698809237,26102.9
TRD30005727,ORD20004285,C100139,NTPC,NSE,BUY,MIS,1,60,360.15,2026-09-28 11:31:58.627,558176720103,21609.0
TRD30005728,ORD20004285,C100139,NTPC,NSE,BUY,MIS,2,43,360.15,2026-09-28 11:32:02.442,468759188267,15486.45
TRD30005729,ORD20004608,C100055,TATAMOTORS,NSE,BUY,CNC,1,1,982.05,2026-09-28 11:33:31.575,852157378707,982.05
TRD30005730,ORD20004608,C100055,TATAMOTORS,NSE,BUY,CNC,2,1,982.05,2026-09-28 11:33:31.736,225918780665,982.05
TRD30005731,ORD20003619,C100119,KOTAKBANK,NSE,BUY,CNC,1,1,1738.55,2026-09-28 11:33:51.653,467355358007,1738.55
TRD30005732,ORD20003619,C100119,KOTAKBANK,NSE,BUY,CNC,2,1,1738.4,2026-09-28 11:33:55.105,913003216532,1738.4
TRD30005733,ORD20004362,C100119,HINDUNILVR,NSE,BUY,CNC,1,1,2557.1,2026-09-28 11:34:57.231,919262910052,2557.1
TRD30005734,ORD20004362,C100119,HINDUNILVR,NSE,BUY,CNC,2,2,2557.1,2026-09-28 11:35:00.648,430356266750,5114.2
TRD30005735,ORD20004362,C100119,HINDUNILVR,NSE,BUY,CNC,3,1,2557.1,2026-09-28 11:35:04.065,483974996654,2557.1
TRD30005736,ORD20000400,C100067,ITC,NSE,SELL,CNC,1,11,480.25,2026-09-28 11:35:37.481,168581309416,5282.75
TRD30005737,ORD20004089,C100109,KOTAKBANK,NSE,BUY,CNC,1,2,1823.5,2026-09-28 11:36:54.169,292646770525,3647.0
TRD30005738,ORD20004089,C100109,KOTAKBANK,NSE,BUY,CNC,2,2,1825.0,2026-09-28 11:36:57.333,115901849732,3650.0
TRD30005739,ORD20004089,C100109,KOTAKBANK,NSE,BUY,CNC,3,5,1824.8,2026-09-28 11:37:00.515,580079145841,9124.0
TRD30005740,ORD20002308,C100198,RELIANCE,NSE,BUY,MIS,1,1,2906.35,2026-09-28 11:38:25.597,989441285577,2906.35
TRD30005741,ORD20002308,C100198,RELIANCE,NSE,BUY,MIS,2,1,2906.6,2026-09-28 11:38:25.797,231801008184,2906.6
TRD30005742,ORD20002576,C100198,TATAMOTORS,NSE,BUY,MIS,1,35,993.05,2026-09-28 11:42:33.769,955047449557,34756.75
TRD30005743,ORD20001324,C100037,ICICIBANK,NSE,BUY,MIS,1,4,1152.1,2026-09-28 11:45:53.746,466416659386,4608.4
TRD30005744,ORD20001324,C100037,ICICIBANK,NSE,BUY,MIS,2,10,1152.1,2026-09-28 11:45:55.453,145280556650,11521.0
TRD30005745,ORD20001324,C100037,ICICIBANK,NSE,BUY,MIS,3,15,1152.1,2026-09-28 11:45:58.544,244298513226,17281.5
TRD30005746,ORD20001406,C100147,BHARTIARTL,NSE,SELL,MIS,1,29,1292.45,2026-09-28 11:46:22.318,507824193188,37481.05
TRD30005747,ORD20001406,C100147,BHARTIARTL,NSE,SELL,MIS,2,19,1291.7,2026-09-28 11:46:24.857,284316990951,24542.3
TRD30005748,ORD20000324,C100125,ASIANPAINT,NSE,SELL,CNC,1,3,2800.9,2026-09-28 11:48:19.921,701762507741,8402.7
TRD30005749,ORD20000324,C100125,ASIANPAINT,NSE,SELL,CNC,2,21,2796.7,2026-09-28 11:48:21.556,312898046331,58730.7
TRD30005750,ORD20003463,C100144,ITC,NSE,SELL,MIS,1,330,437.6,2026-09-28 11:48:41.676,797396420841,144408.0
TRD30005751,ORD20003312,C100170,RELIANCE,NSE,SELL,MIS,1,1,3025.95,2026-09-28 11:49:38.942,288523593752,3025.95
TRD30005752,ORD20004714,C100007,NTPC,NSE,SELL,CNC,1,22,366.45,2026-09-28 11:49:51.887,628591309993,8061.9
TRD30005753,ORD20004714,C100007,NTPC,NSE,SELL,CNC,2,114,366.45,2026-09-28 11:49:55.110,570293116976,41775.3
TRD30005754,ORD20004714,C100007,NTPC,NSE,SELL,CNC,3,215,366.45,2026-09-28 11:49:57.464,823145335085,78786.75
TRD30005755,ORD20002884,C100062,AXISBANK,NSE,SELL,CNC,1,2,1127.1,2026-09-28 11:50:11.171,647268193084,2254.2
TRD30005756,ORD20002884,C100062,AXISBANK,NSE,SELL,CNC,2,1,1127.1,2026-09-28 11:50:13.123,563609626816,1127.1
TRD30005757,ORD20002884,C100062,AXISBANK,NSE,SELL,CNC,3,9,1127.1,2026-09-28 11:50:14.426,914911111875,10143.9
TRD30005758,ORD20002154,C100170,KOTAKBANK,NSE,SELL,CNC,1,3,1878.35,2026-09-28 11:50:39.612,893189450036,5635.05
TRD30005759,ORD20001354,C100061,ITC,NSE,SELL,MIS,1,7,463.55,2026-09-28 11:51:13.430,894089564271,3244.85
TRD30005760,ORD20001354,C100061,ITC,NSE,SELL,MIS,2,2,463.55,2026-09-28 11:51:15.663,313172266487,927.1
TRD30005761,ORD20001354,C100061,ITC,NSE,SELL,MIS,3,3,463.55,2026-09-28 11:51:16.355,746619559997,1390.65
TRD30005762,ORD20003122,C100085,BHARTIARTL,NSE,SELL,MIS,1,25,1393.25,2026-09-28 11:51:55.904,676144608616,34831.25
TRD30005763,ORD20003122,C100085,BHARTIARTL,NSE,SELL,MIS,2,2,1393.25,2026-09-28 11:51:58.962,864128143006,2786.5
TRD30005764,ORD20003122,C100085,BHARTIARTL,NSE,SELL,MIS,3,47,1393.25,2026-09-28 11:52:01.277,668697622629,65482.75
TRD30005765,ORD20001335,C100137,ASIANPAINT,NSE,BUY,CNC,1,2,2852.85,2026-09-28 11:52:52.277,272772773446,5705.7
TRD30005766,ORD20001335,C100137,ASIANPAINT,NSE,BUY,CNC,2,3,2854.3,2026-09-28 11:52:55.100,358482206297,8562.9
TRD30005767,ORD20001335,C100137,ASIANPAINT,NSE,BUY,CNC,3,4,2856.0,2026-09-28 11:52:56.311,536295292584,11424.0
TRD30005768,ORD20001102,C100035,ITC,NSE,SELL,MIS,1,1,461.75,2026-09-28 11:55:59.652,598196532589,461.75
TRD30005769,ORD20001102,C100035,ITC,NSE,SELL,MIS,2,2,461.75,2026-09-28 11:56:00.646,484241901412,923.5
TRD30005770,ORD20001102,C100035,ITC,NSE,SELL,MIS,3,3,461.75,2026-09-28 11:56:03.405,875617470902,1385.25
TRD30005771,ORD20003494,C100159,MARUTI,NSE,SELL,MIS,1,1,12138.75,2026-09-28 11:57:31.016,867004481114,12138.75
TRD30005772,ORD20003494,C100159,MARUTI,NSE,SELL,MIS,2,3,12138.75,2026-09-28 11:57:32.266,774245011162,36416.25
TRD30005773,ORD20003494,C100159,MARUTI,NSE,SELL,MIS,3,1,12138.75,2026-09-28 11:57:32.807,500840239938,12138.75
TRD30005774,ORD20002568,C100142,ASIANPAINT,NSE,BUY,CNC,1,3,2945.15,2026-09-28 11:58:02.674,786081978877,8835.45
TRD30005775,ORD20001214,C100060,KOTAKBANK,NSE,SELL,CNC,1,4,1711.7,2026-09-28 11:59:36.909,872932123231,6846.8
TRD30005776,ORD20001214,C100060,KOTAKBANK,NSE,SELL,CNC,2,1,1711.05,2026-09-28 11:59:40.225,645372670217,1711.05
TRD30005777,ORD20002721,C100077,TATAMOTORS,NSE,BUY,MIS,1,2,981.15,2026-09-28 12:02:54.548,645218797954,1962.3
TRD30005778,ORD20002721,C100077,TATAMOTORS,NSE,BUY,MIS,2,34,981.85,2026-09-28 12:02:55.603,311230770611,33382.9
TRD30005780,ORD20000383,C100141,SUNPHARMA,NSE,SELL,MIS,1,14,1657.8,2026-09-28 12:02:57.012,716662772874,23209.2
TRD30005781,ORD20000383,C100141,SUNPHARMA,NSE,SELL,MIS,2,2,1657.8,2026-09-28 12:02:57.155,911853569894,3315.6
TRD30005779,ORD20002721,C100077,TATAMOTORS,NSE,BUY,MIS,3,3,980.8,2026-09-28 12:02:57.953,419579494892,2942.4
TRD30005782,ORD20000383,C100141,SUNPHARMA,NSE,SELL,MIS,3,19,1657.8,2026-09-28 12:02:59.420,718676219392,31498.2
TRD30005783,ORD20001691,C100116,ICICIBANK,NSE,SELL,MIS,1,95,1191.7,2026-09-28 12:03:09.535,407864436198,113211.5
TRD30005784,ORD20001743,C100096,TATAMOTORS,NSE,SELL,MIS,1,6,970.3,2026-09-28 12:03:48.863,807889096621,5821.8
TRD30005787,ORD20002409,C100193,HDFCBANK,NSE,SELL,MIS,1,9,1694.3,2026-09-28 12:04:01.163,416749289964,15248.7
TRD30005785,ORD20000304,C100180,AXISBANK,NSE,BUY,CNC,1,19,1157.1,2026-09-28 12:04:02.129,532797439219,21984.9
TRD30005786,ORD20000304,C100180,AXISBANK,NSE,BUY,CNC,2,10,1157.1,2026-09-28 12:04:04.190,423978063687,11571.0
TRD30005788,ORD20002409,C100193,HDFCBANK,NSE,SELL,MIS,2,4,1695.3,2026-09-28 12:04:04.793,819773604836,6781.2
TRD30005789,ORD20002409,C100193,HDFCBANK,NSE,SELL,MIS,3,4,1695.45,2026-09-28 12:04:07.655,870153045657,6781.8
TRD30005790,ORD20001996,C100064,ITC,NSE,SELL,CNC,1,14,450.95,2026-09-28 12:08:05.261,394209985611,6313.3
TRD30005791,ORD20001996,C100064,ITC,NSE,SELL,CNC,2,4,450.95,2026-09-28 12:08:05.605,284824193981,1803.8
TRD30005792,ORD20004639,C100181,HDFCBANK,NSE,BUY,CNC,1,5,1696.7,2026-09-28 12:08:31.896,582867179933,8483.5
TRD30005793,ORD20003226,C100039,ITC,NSE,BUY,MIS,1,160,463.85,2026-09-28 12:10:11.514,859287068012,74216.0
TRD30005794,ORD20004779,C100181,MARUTI,NSE,SELL,MIS,1,2,11385.0,2026-09-28 12:11:09.225,195540694851,22770.0
TRD30005795,ORD20004779,C100181,MARUTI,NSE,SELL,MIS,2,2,11396.5,2026-09-28 12:11:09.937,538884092578,22793.0
TRD30005796,ORD20004779,C100181,MARUTI,NSE,SELL,MIS,3,2,11397.2,2026-09-28 12:11:13.746,100409642928,22794.4
TRD30005797,ORD20002033,C100197,ITC,NSE,SELL,MIS,1,40,447.05,2026-09-28 12:12:06.692,633052858958,17882.0
TRD30005798,ORD20002033,C100197,ITC,NSE,SELL,MIS,2,33,447.0,2026-09-28 12:12:06.857,332957530027,14751.0
TRD30005799,ORD20004960,C100021,BHARTIARTL,NSE,BUY,MIS,1,39,1418.5,2026-09-28 12:13:52.875,435094787427,55321.5
TRD30005800,ORD20004976,C100122,RELIANCE,NSE,SELL,MIS,1,9,2890.4,2026-09-28 12:13:56.160,389022816536,26013.6
TRD30005801,ORD20003180,C100182,ICICIBANK,NSE,BUY,CNC,1,17,1179.6,2026-09-28 12:18:47.402,542529975070,20053.2
TRD30005802,ORD20003180,C100182,ICICIBANK,NSE,BUY,CNC,2,21,1177.75,2026-09-28 12:18:49.729,712470868889,24732.75
TRD30005803,ORD20000256,C100143,NTPC,NSE,SELL,MIS,1,78,355.8,2026-09-28 12:22:14.186,189775773348,27752.4
TRD30005804,ORD20003445,C100074,BHARTIARTL,NSE,SELL,MIS,1,1,1453.1,2026-09-28 12:27:14.307,688849833859,1453.1
TRD30005805,ORD20003445,C100074,BHARTIARTL,NSE,SELL,MIS,2,1,1453.1,2026-09-28 12:27:17.447,350725690602,1453.1
TRD30005806,ORD20003445,C100074,BHARTIARTL,NSE,SELL,MIS,3,2,1453.1,2026-09-28 12:27:18.149,775056745174,2906.2
TRD30005807,ORD20003758,C100107,WIPRO,NSE,SELL,CNC,1,17,461.45,2026-09-28 12:30:20.791,195973404798,7844.65
TRD30005808,ORD20003758,C100107,WIPRO,NSE,SELL,CNC,2,15,461.0,2026-09-28 12:30:22.460,816882817335,6915.0
TRD30005809,ORD20002675,C100068,MARUTI,NSE,SELL,CNC,1,1,12305.9,2026-09-28 12:30:35.928,721890495277,12305.9
TRD30005810,ORD20004822,C100031,BHARTIARTL,NSE,BUY,MIS,1,4,1464.6,2026-09-28 12:30:53.411,188295902485,5858.4
TRD30005811,ORD20004822,C100031,BHARTIARTL,NSE,BUY,MIS,2,1,1464.6,2026-09-28 12:30:55.066,898660282349,1464.6
TRD30005812,ORD20002860,C100043,TITAN,NSE,BUY,MIS,1,4,3250.75,2026-09-28 12:31:00.060,167615756100,13003.0
TRD30005813,ORD20002860,C100043,TITAN,NSE,BUY,MIS,2,3,3250.75,2026-09-28 12:31:03.375,223222175358,9752.25
TRD30005814,ORD20002860,C100043,TITAN,NSE,BUY,MIS,3,2,3250.75,2026-09-28 12:31:03.930,268641807745,6501.5
TRD30005815,ORD20003369,C100053,RELIANCE,NSE,SELL,CNC,1,13,2947.8,2026-09-28 12:31:39.073,271893153239,38321.4
TRD30005816,ORD20003369,C100053,RELIANCE,NSE,SELL,CNC,2,1,2947.8,2026-09-28 12:31:40.148,924063807588,2947.8
TRD30005817,ORD20003369,C100053,RELIANCE,NSE,SELL,CNC,3,13,2947.8,2026-09-28 12:31:40.959,468581509654,38321.4
TRD30005818,ORD20002092,C100067,HINDUNILVR,NSE,BUY,MIS,1,39,2404.8,2026-09-28 12:31:59.710,245135084647,93787.2
TRD30005819,ORD20004651,C100025,TATAMOTORS,NSE,SELL,CNC,1,2,944.95,2026-09-28 12:32:02.974,593228536548,1889.9
TRD30005820,ORD20004651,C100025,TATAMOTORS,NSE,SELL,CNC,2,1,944.95,2026-09-28 12:32:03.776,769012479868,944.95
TRD30005823,ORD20001509,C100007,ONGC,NSE,SELL,MIS,1,35,283.1,2026-09-28 12:32:34.753,206587287436,9908.5
TRD30005821,ORD20004770,C100121,MARUTI,NSE,BUY,CNC,1,1,12441.9,2026-09-28 12:32:35.573,980601495385,12441.9
TRD30005822,ORD20004770,C100121,MARUTI,NSE,BUY,CNC,2,1,12441.9,2026-09-28 12:32:37.326,638322774920,12441.9
TRD30005824,ORD20001509,C100007,ONGC,NSE,SELL,MIS,2,9,283.15,2026-09-28 12:32:37.628,213721801439,2548.35
TRD30005825,ORD20001319,C100089,TATAMOTORS,NSE,BUY,MIS,1,17,941.15,2026-09-28 12:34:44.914,933404403558,15999.55
TRD30005826,ORD20001066,C100116,NTPC,NSE,BUY,CNC,1,10,373.65,2026-09-28 12:36:47.122,789454984808,3736.5
TRD30005827,ORD20001005,C100033,MARUTI,NSE,BUY,CNC,1,4,12044.1,2026-09-28 12:39:25.945,233066487959,48176.4
TRD30005828,ORD20001005,C100033,MARUTI,NSE,BUY,CNC,2,1,12035.75,2026-09-28 12:39:27.822,812696652398,12035.75
TRD30005829,ORD20000452,C100116,RELIANCE,NSE,BUY,MIS,1,1,2804.3,2026-09-28 12:39:47.207,187639521612,2804.3
TRD30005830,ORD20003201,C100162,HINDUNILVR,NSE,BUY,MIS,1,1,2390.65,2026-09-28 12:41:40.850,437017943465,2390.65
TRD30005831,ORD20003201,C100162,HINDUNILVR,NSE,BUY,MIS,2,6,2390.65,2026-09-28 12:41:43.440,118959734881,14343.9
TRD30005832,ORD20000436,C100124,HINDUNILVR,NSE,SELL,MIS,1,3,2392.0,2026-09-28 12:44:32.889,977428566248,7176.0
TRD30005833,ORD20000436,C100124,HINDUNILVR,NSE,SELL,MIS,2,5,2393.3,2026-09-28 12:44:34.422,405916918229,11966.5
TRD30005834,ORD20004023,C100065,ITC,NSE,SELL,MIS,1,241,441.4,2026-09-28 12:44:42.901,212215885524,106377.4
TRD30005835,ORD20002287,C100076,BHARTIARTL,NSE,BUY,MIS,1,1,1436.5,2026-09-28 12:47:59.330,830260728961,1436.5
TRD30005836,ORD20002287,C100076,BHARTIARTL,NSE,BUY,MIS,2,2,1436.5,2026-09-28 12:48:00.336,475584062706,2873.0
TRD30005837,ORD20002287,C100076,BHARTIARTL,NSE,BUY,MIS,3,1,1436.5,2026-09-28 12:48:02.579,658554339847,1436.5
TRD30005838,ORD20000742,C100096,NTPC,NSE,SELL,MIS,1,20,343.4,2026-09-28 12:48:53.374,875790809773,6868.0
TRD30005839,ORD20004866,C100071,AXISBANK,BSE,SELL,CNC,1,1,1178.05,2026-09-28 12:52:54.358,334591190202,1178.05
TRD30005840,ORD20004866,C100071,AXISBANK,BSE,SELL,CNC,2,1,1176.45,2026-09-28 12:52:54.982,584471516133,1176.45
TRD30005841,ORD20004866,C100071,AXISBANK,BSE,SELL,CNC,3,2,1177.55,2026-09-28 12:52:58.145,249308162743,2355.1
TRD30005842,ORD20003140,C100103,HINDUNILVR,NSE,BUY,CNC,1,6,2443.25,2026-09-28 12:53:10.794,865839890969,14659.5
TRD30005843,ORD20003140,C100103,HINDUNILVR,NSE,BUY,CNC,2,4,2447.2,2026-09-28 12:53:11.071,388395923662,9788.8
TRD30005844,ORD20003183,C100176,ITC,NSE,BUY,MIS,1,6,449.5,2026-09-28 12:54:26.793,538352488813,2697.0
TRD30005845,ORD20002885,C100043,HINDUNILVR,NSE,BUY,CNC,1,2,2402.4,2026-09-28 12:54:30.895,751702905099,4804.8
TRD30005846,ORD20000389,C100156,AXISBANK,NSE,BUY,CNC,1,28,1218.7,2026-09-28 12:56:32.669,913321287056,34123.6
TRD30005847,ORD20000389,C100156,AXISBANK,NSE,BUY,CNC,2,12,1218.7,2026-09-28 12:56:34.912,413150951746,14624.4
TRD30005848,ORD20000389,C100156,AXISBANK,NSE,BUY,CNC,3,3,1218.7,2026-09-28 12:56:35.948,176433514213,3656.1
TRD30005849,ORD20000258,C100152,HINDUNILVR,NSE,BUY,MIS,1,1,2312.35,2026-09-28 12:57:38.859,571365771010,2312.35
TRD30005850,ORD20000258,C100152,HINDUNILVR,NSE,BUY,MIS,2,2,2312.35,2026-09-28 12:57:42.231,111881621535,4624.7
TRD30005851,ORD20000258,C100152,HINDUNILVR,NSE,BUY,MIS,3,1,2312.35,2026-09-28 12:57:43.582,453308886927,2312.35
TRD30005852,ORD20004165,C100030,RELIANCE,NSE,BUY,MIS,1,12,3040.95,2026-09-28 12:59:02.340,467376659365,36491.4
TRD30005853,ORD20003485,C100152,ITC,NSE,BUY,CNC,1,38,443.45,2026-09-28 13:00:12.239,519377313321,16851.1
TRD30005854,ORD20000176,C100038,BHARTIARTL,NSE,BUY,MIS,1,19,1464.8,2026-09-28 13:02:10.517,467518489890,27831.2
TRD30005855,ORD20000176,C100038,BHARTIARTL,NSE,BUY,MIS,2,12,1467.1,2026-09-28 13:02:10.922,764294300597,17605.2
TRD30005856,ORD20000176,C100038,BHARTIARTL,NSE,BUY,MIS,3,9,1465.05,2026-09-28 13:02:13.852,313243866551,13185.45
TRD30005857,ORD20001615,C100018,MARUTI,NSE,BUY,CNC,1,4,11848.3,2026-09-28 13:05:52.973,567416807938,47393.2
TRD30005858,ORD20001615,C100018,MARUTI,NSE,BUY,CNC,2,2,11852.2,2026-09-28 13:05:54.722,392464579343,23704.4
TRD30005859,ORD20001833,C100011,TATAMOTORS,NSE,BUY,CNC,1,4,971.5,2026-09-28 13:09:18.007,659139391408,3886.0
TRD30005860,ORD20001833,C100011,TATAMOTORS,NSE,BUY,CNC,2,23,971.5,2026-09-28 13:09:21.137,479763973572,22344.5
TRD30005861,ORD20002622,C100078,KOTAKBANK,NSE,BUY,MIS,1,1,1693.0,2026-09-28 13:10:42.104,285649067844,1693.0
TRD30005862,ORD20000805,C100142,HINDUNILVR,NSE,SELL,MIS,1,12,2349.75,2026-09-28 13:11:46.498,634409079660,28197.0
TRD30005863,ORD20000805,C100142,HINDUNILVR,NSE,SELL,MIS,2,17,2349.75,2026-09-28 13:11:49.757,322978863662,39945.75
TRD30005864,ORD20004120,C100088,NTPC,NSE,BUY,MIS,1,32,359.2,2026-09-28 13:14:56.679,456817460920,11494.4
TRD30005865,ORD20004120,C100088,NTPC,NSE,BUY,MIS,2,1,359.2,2026-09-28 13:14:59.969,474184275019,359.2
TRD30005866,ORD20002381,C100138,HDFCBANK,NSE,SELL,CNC,1,8,1624.6,2026-09-28 13:16:33.258,908546637445,12996.8
TRD30005867,ORD20003327,C100154,ASIANPAINT,NSE,BUY,MIS,1,10,3067.75,2026-09-28 13:18:04.451,765415049244,30677.5
TRD30005868,ORD20003327,C100154,ASIANPAINT,NSE,BUY,MIS,2,7,3067.75,2026-09-28 13:18:05.186,666411051263,21474.25
TRD30005869,ORD20003327,C100154,ASIANPAINT,NSE,BUY,MIS,3,17,3067.75,2026-09-28 13:18:08.840,201154813260,52151.75
TRD30005870,ORD20000184,C100172,MARUTI,NSE,SELL,MIS,1,1,12120.55,2026-09-28 13:18:50.921,378195587616,12120.55
TRD30005871,ORD20000609,C100057,TCS,NSE,SELL,MIS,1,3,3793.1,2026-09-28 13:22:48.798,144784984946,11379.3
TRD30005872,ORD20000609,C100057,TCS,NSE,SELL,MIS,2,2,3793.1,2026-09-28 13:22:50.601,585163168485,7586.2
TRD30005873,ORD20000609,C100057,TCS,NSE,SELL,MIS,3,3,3793.1,2026-09-28 13:22:52.853,206037845812,11379.3
TRD30005874,ORD20001289,C100051,HDFCBANK,NSE,BUY,CNC,1,4,1669.6,2026-09-28 13:23:16.771,126145141851,6678.4
TRD30005875,ORD20001294,C100108,AXISBANK,NSE,BUY,MIS,1,6,1121.5,2026-09-28 13:25:22.503,421077027652,6729.0
TRD30005876,ORD20001149,C100131,SBIN,NSE,BUY,MIS,1,7,826.55,2026-09-28 13:27:43.470,769686998946,5785.85
TRD30005877,ORD20002053,C100073,RELIANCE,BSE,SELL,CNC,1,11,2851.1,2026-09-28 13:29:19.459,483193616424,31362.1
TRD30005878,ORD20002053,C100073,RELIANCE,BSE,SELL,CNC,2,33,2846.1,2026-09-28 13:29:21.170,177952384823,93921.3
TRD30005879,ORD20004913,C100083,HINDUNILVR,NSE,SELL,CNC,1,2,2344.0,2026-09-28 13:34:40.207,585993546881,4688.0
TRD30005880,ORD20004913,C100083,HINDUNILVR,NSE,SELL,CNC,2,1,2344.0,2026-09-28 13:34:42.428,504547429842,2344.0
TRD30005881,ORD20004913,C100083,HINDUNILVR,NSE,SELL,CNC,3,3,2344.0,2026-09-28 13:34:44.265,964854809825,7032.0
TRD30005882,ORD20003223,C100182,RELIANCE,NSE,BUY,MIS,1,25,2941.2,2026-09-28 13:36:03.455,223511693143,73530.0
TRD30005883,ORD20003840,C100059,ITC,NSE,BUY,MIS,1,7,421.7,2026-09-28 13:36:40.553,714521293752,2951.9
TRD30005884,ORD20000876,C100013,ITC,NSE,BUY,CNC,1,7,445.75,2026-09-28 13:37:11.583,748506670375,3120.25
TRD30005885,ORD20000876,C100013,ITC,NSE,BUY,CNC,2,1,445.75,2026-09-28 13:37:12.141,863637643915,445.75
TRD30005886,ORD20000876,C100013,ITC,NSE,BUY,CNC,3,7,445.75,2026-09-28 13:37:13.881,861958078584,3120.25
TRD30005887,ORD20002552,C100111,MARUTI,NSE,BUY,MIS,1,3,12251.95,2026-09-28 13:37:48.218,463825107269,36755.85
TRD30005888,ORD20000026,C100013,MARUTI,NSE,BUY,MIS,1,1,11582.45,2026-09-28 13:38:00.539,772748390570,11582.45
TRD30005889,ORD20002773,C100078,BHARTIARTL,NSE,SELL,MIS,1,4,1445.15,2026-09-28 13:38:34.443,452471953391,5780.6
TRD30005890,ORD20002773,C100078,BHARTIARTL,NSE,SELL,MIS,2,7,1446.5,2026-09-28 13:38:38.290,905232179092,10125.5
TRD30005891,ORD20002773,C100078,BHARTIARTL,NSE,SELL,MIS,3,12,1444.9,2026-09-28 13:38:40.687,734450695913,17338.8
TRD30005892,ORD20003526,C100011,TATAMOTORS,NSE,SELL,MIS,1,2,976.8,2026-09-28 13:39:06.924,138087882011,1953.6
TRD30005893,ORD20003526,C100011,TATAMOTORS,NSE,SELL,MIS,2,6,976.8,2026-09-28 13:39:07.845,269625570521,5860.8
TRD30005894,ORD20003526,C100011,TATAMOTORS,NSE,SELL,MIS,3,3,976.8,2026-09-28 13:39:10.483,913736559853,2930.4
TRD30005895,ORD20000509,C100038,AXISBANK,NSE,SELL,MIS,1,1,1063.25,2026-09-28 13:39:14.843,607014439202,1063.25
TRD30005896,ORD20000509,C100038,AXISBANK,NSE,SELL,MIS,2,45,1063.25,2026-09-28 13:39:14.900,799385010086,47846.25
TRD30005897,ORD20000223,C100189,RELIANCE,NSE,SELL,CNC,1,41,2812.0,2026-09-28 13:40:10.753,865883896660,115292.0
TRD30005898,ORD20002795,C100115,NTPC,NSE,SELL,CNC,1,12,370.55,2026-09-28 13:40:45.701,143038500342,4446.6
TRD30005899,ORD20002795,C100115,NTPC,NSE,SELL,CNC,2,9,371.05,2026-09-28 13:40:45.881,198228216573,3339.45
TRD30005900,ORD20002795,C100115,NTPC,NSE,SELL,CNC,3,16,370.15,2026-09-28 13:40:46.553,943831391242,5922.4
TRD30005901,ORD20003742,C100195,KOTAKBANK,NSE,BUY,MIS,1,9,1777.55,2026-09-28 13:44:01.972,647798562331,15997.95
TRD30005902,ORD20002617,C100198,NTPC,NSE,BUY,MIS,1,6,348.4,2026-09-28 13:45:22.556,747462402505,2090.4
TRD30005903,ORD20002617,C100198,NTPC,NSE,BUY,MIS,2,4,348.4,2026-09-28 13:45:23.619,455163333647,1393.6
TRD30005904,ORD20002617,C100198,NTPC,NSE,BUY,MIS,3,2,348.4,2026-09-28 13:45:27.572,317721820663,696.8
TRD30005905,ORD20002247,C100146,ONGC,NSE,BUY,MIS,1,24,249.9,2026-09-28 13:47:36.997,189892087558,5997.6
TRD30005906,ORD20001969,C100041,BHARTIARTL,NSE,SELL,CNC,1,24,1355.45,2026-09-28 13:48:32.799,292690598664,32530.8
TRD30005907,ORD20000339,C100039,BHARTIARTL,NSE,SELL,MIS,1,17,1374.9,2026-09-28 13:48:50.266,192416585216,23373.3
TRD30005908,ORD20000339,C100039,BHARTIARTL,NSE,SELL,MIS,2,2,1374.9,2026-09-28 13:48:53.989,934844614773,2749.8
TRD30005909,ORD20000339,C100039,BHARTIARTL,NSE,SELL,MIS,3,6,1374.9,2026-09-28 13:48:54.487,884139876606,8249.4
TRD30005910,ORD20002771,C100027,BHARTIARTL,NSE,SELL,MIS,1,17,1409.65,2026-09-28 13:49:46.852,779224784337,23964.05
TRD30005911,ORD20002521,C100091,BHARTIARTL,NSE,BUY,CNC,1,1,1366.35,2026-09-28 13:50:36.860,119892490656,1366.35
TRD30005912,ORD20002521,C100091,BHARTIARTL,NSE,BUY,CNC,2,1,1366.35,2026-09-28 13:50:40.839,569382761325,1366.35
TRD30005913,ORD20002521,C100091,BHARTIARTL,NSE,BUY,CNC,3,2,1366.35,2026-09-28 13:50:42.144,315747661121,2732.7
TRD30005914,ORD20000067,C100016,RELIANCE,NSE,BUY,MIS,1,1,2954.8,2026-09-28 13:50:54.567,167876156657,2954.8
TRD30005915,ORD20000067,C100016,RELIANCE,NSE,BUY,MIS,2,1,2954.8,2026-09-28 13:50:55.468,118837433633,2954.8
TRD30005916,ORD20002201,C100040,WIPRO,NSE,BUY,MIS,1,16,494.15,2026-09-28 13:51:53.535,745092265970,7906.4
TRD30005917,ORD20002201,C100040,WIPRO,NSE,BUY,MIS,2,40,493.95,2026-09-28 13:51:56.873,441098532886,19758.0
TRD30005918,ORD20002201,C100040,WIPRO,NSE,BUY,MIS,3,4,494.1,2026-09-28 13:51:59.792,629892502993,1976.4
TRD30005919,ORD20004050,C100065,BHARTIARTL,NSE,SELL,MIS,1,1,1413.6,2026-09-28 13:52:00.447,797001638137,1413.6
TRD30005920,ORD20004050,C100065,BHARTIARTL,NSE,SELL,MIS,2,11,1413.6,2026-09-28 13:52:03.370,503464585679,15549.6
TRD30005921,ORD20004050,C100065,BHARTIARTL,NSE,SELL,MIS,3,1,1413.6,2026-09-28 13:52:04.868,216298303476,1413.6
TRD30005922,ORD20003081,C100109,ITC,NSE,SELL,CNC,1,40,448.5,2026-09-28 13:53:03.615,949016566655,17940.0
TRD30005923,ORD20003081,C100109,ITC,NSE,SELL,CNC,2,30,448.5,2026-09-28 13:53:03.747,682133473466,13455.0
TRD30005924,ORD20003081,C100109,ITC,NSE,SELL,CNC,3,1,448.5,2026-09-28 13:53:05.527,279109847589,448.5
TRD30005925,ORD20003491,C100090,MARUTI,NSE,SELL,MIS,1,1,12020.55,2026-09-28 13:53:18.031,714484537896,12020.55
TRD30005926,ORD20001450,C100197,SBIN,NSE,SELL,MIS,1,18,829.25,2026-09-28 13:54:16.823,485508166196,14926.5
TRD30005927,ORD20004290,C100061,RELIANCE,NSE,BUY,CNC,1,18,2785.45,2026-09-28 13:54:23.110,813234806808,50138.1
TRD30005928,ORD20000387,C100096,HINDUNILVR,NSE,BUY,MIS,1,2,2479.85,2026-09-28 13:54:35.888,748022628123,4959.7
TRD30005929,ORD20000744,C100155,ITC,NSE,SELL,MIS,1,53,441.75,2026-09-28 13:55:15.780,335011286009,23412.75
TRD30005930,ORD20002324,C100143,MARUTI,NSE,SELL,MIS,1,1,10957.7,2026-09-28 13:56:39.509,766508789146,10957.7
TRD30005931,ORD20002324,C100143,MARUTI,NSE,SELL,MIS,2,2,10933.9,2026-09-28 13:56:40.255,595411695290,21867.8
TRD30005932,ORD20001420,C100015,HDFCBANK,NSE,BUY,MIS,1,22,1609.9,2026-09-28 13:56:53.230,705515677884,35417.8
TRD30005933,ORD20001420,C100015,HDFCBANK,NSE,BUY,MIS,2,10,1609.9,2026-09-28 13:56:54.022,455710614473,16099.0
TRD30005934,ORD20001420,C100015,HDFCBANK,NSE,BUY,MIS,3,6,1609.9,2026-09-28 13:56:55.516,193188451038,9659.4
TRD30005935,ORD20004222,C100006,TATAMOTORS,NSE,SELL,MIS,1,2,901.4,2026-09-28 14:00:00.273,132360118304,1802.8
TRD30005936,ORD20004222,C100006,TATAMOTORS,NSE,SELL,MIS,2,3,903.0,2026-09-28 14:00:03.371,812648262692,2709.0
TRD30005937,ORD20004615,C100171,TATAMOTORS,NSE,BUY,CNC,1,6,987.25,2026-09-28 14:02:13.474,352933060209,5923.5
TRD30005938,ORD20002045,C100133,HDFCBANK,NSE,BUY,MIS,1,8,1641.6,2026-09-28 14:08:03.694,630294060350,13132.8
TRD30005939,ORD20004510,C100148,RELIANCE,NSE,SELL,MIS,1,43,2927.55,2026-09-28 14:08:12.794,856915186962,125884.65
TRD30005940,ORD20004510,C100148,RELIANCE,NSE,SELL,MIS,2,6,2927.55,2026-09-28 14:08:14.418,955190859258,17565.3
TRD30005941,ORD20001248,C100140,INFY,NSE,BUY,CNC,1,10,1550.55,2026-09-28 14:10:04.102,972910842654,15505.5
TRD30005942,ORD20001248,C100140,INFY,NSE,BUY,CNC,2,4,1550.55,2026-09-28 14:10:07.821,825036871183,6202.2
TRD30005943,ORD20000524,C100084,ITC,NSE,SELL,MIS,1,9,429.1,2026-09-28 14:12:41.375,569803151931,3861.9
TRD30005944,ORD20001925,C100087,MARUTI,NSE,SELL,MIS,1,1,12409.4,2026-09-28 14:12:52.365,339610475391,12409.4
TRD30005945,ORD20004141,C100102,TCS,NSE,SELL,CNC,1,2,3817.6,2026-09-28 14:14:45.394,115672656333,7635.2
TRD30005946,ORD20004141,C100102,TCS,NSE,SELL,CNC,2,1,3814.25,2026-09-28 14:14:48.136,303075740578,3814.25
TRD30005947,ORD20001013,C100082,TATAMOTORS,NSE,SELL,MIS,1,2,941.95,2026-09-28 14:15:05.522,312839396581,1883.9
TRD30005948,ORD20001013,C100082,TATAMOTORS,NSE,SELL,MIS,2,18,941.95,2026-09-28 14:15:05.986,573568988615,16955.1
TRD30005949,ORD20001013,C100082,TATAMOTORS,NSE,SELL,MIS,3,20,941.95,2026-09-28 14:15:08.321,664681439590,18839.0
TRD30005950,ORD20000816,C100012,KOTAKBANK,BSE,BUY,MIS,1,10,1765.15,2026-09-28 14:16:47.466,982123794868,17651.5
TRD30005951,ORD20002065,C100073,MARUTI,NSE,BUY,CNC,1,1,11871.45,2026-09-28 14:20:42.155,451624318025,11871.45
TRD30005952,ORD20002065,C100073,MARUTI,NSE,BUY,CNC,2,2,11880.55,2026-09-28 14:20:43.042,944621863467,23761.1
TRD30005953,ORD20002191,C100132,ASIANPAINT,NSE,BUY,CNC,1,2,2844.65,2026-09-28 14:21:09.959,826518024242,5689.3
TRD30005954,ORD20002191,C100132,ASIANPAINT,NSE,BUY,CNC,2,2,2844.65,2026-09-28 14:21:10.305,736277306831,5689.3
TRD30005955,ORD20002191,C100132,ASIANPAINT,NSE,BUY,CNC,3,1,2844.65,2026-09-28 14:21:14.086,257477558988,2844.65
TRD30005956,ORD20004167,C100105,LT,NSE,BUY,CNC,1,2,3421.0,2026-09-28 14:21:21.097,656160849192,6842.0
TRD30005957,ORD20004425,C100058,HDFCBANK,NSE,BUY,MIS,1,2,1694.25,2026-09-28 14:22:10.773,633578534802,3388.5
TRD30005958,ORD20004425,C100058,HDFCBANK,NSE,BUY,MIS,2,1,1690.8,2026-09-28 14:22:13.751,811394201718,1690.8
TRD30005959,ORD20002235,C100105,ICICIBANK,NSE,BUY,MIS,1,42,1136.75,2026-09-28 14:22:52.946,621285328881,47743.5
TRD30005960,ORD20004629,C100031,RELIANCE,NSE,SELL,MIS,1,16,2854.85,2026-09-28 14:23:26.640,967122085424,45677.6
TRD30005961,ORD20004629,C100031,RELIANCE,NSE,SELL,MIS,2,13,2854.85,2026-09-28 14:23:27.700,279152385494,37113.05
TRD30005962,ORD20004629,C100031,RELIANCE,NSE,SELL,MIS,3,21,2854.85,2026-09-28 14:23:30.917,248951657353,59951.85
TRD30005963,ORD20003736,C100125,ASIANPAINT,NSE,SELL,MIS,1,5,2986.75,2026-09-28 14:23:31.869,753919291012,14933.75
TRD30005964,ORD20003736,C100125,ASIANPAINT,NSE,SELL,MIS,2,2,2986.75,2026-09-28 14:23:35.657,996175368626,5973.5
TRD30005965,ORD20003736,C100125,ASIANPAINT,NSE,SELL,MIS,3,1,2986.75,2026-09-28 14:23:37.118,314158883488,2986.75
TRD30005966,ORD20002178,C100178,TITAN,NSE,BUY,CNC,1,34,3306.35,2026-09-28 14:24:40.640,148456065558,112415.9
TRD30005967,ORD20002178,C100178,TITAN,NSE,BUY,CNC,2,3,3306.35,2026-09-28 14:24:42.490,691592926997,9919.05
TRD30005968,ORD20003469,C100067,HINDUNILVR,NSE,BUY,CNC,1,1,2478.7,2026-09-28 14:25:09.539,772557245481,2478.7
TRD30005969,ORD20003469,C100067,HINDUNILVR,NSE,BUY,CNC,2,2,2477.6,2026-09-28 14:25:10.633,559371544333,4955.2
TRD30005970,ORD20003469,C100067,HINDUNILVR,NSE,BUY,CNC,3,1,2480.1,2026-09-28 14:25:12.332,305088706246,2480.1
TRD30005971,ORD20004254,C100158,BHARTIARTL,NSE,BUY,CNC,1,4,1446.9,2026-09-28 14:26:38.605,546618708255,5787.6
TRD30005972,ORD20002200,C100001,RELIANCE,NSE,BUY,CNC,1,11,2858.5,2026-09-28 14:26:46.598,376898905072,31443.5
TRD30005973,ORD20004916,C100026,INFY,NSE,BUY,MIS,1,15,1673.35,2026-09-28 14:28:18.913,295901774323,25100.25
TRD30005974,ORD20004916,C100026,INFY,NSE,BUY,MIS,2,13,1673.35,2026-09-28 14:28:19.627,551048228836,21753.55
TRD30005975,ORD20004155,C100170,ITC,NSE,SELL,CNC,1,72,443.95,2026-09-28 14:29:18.432,142954700405,31964.4
TRD30005976,ORD20004155,C100170,ITC,NSE,SELL,CNC,2,8,443.3,2026-09-28 14:29:21.755,745156091989,3546.4
TRD30005977,ORD20004155,C100170,ITC,NSE,SELL,CNC,3,6,443.65,2026-09-28 14:29:23.249,789045623420,2661.9
TRD30005978,ORD20001480,C100142,SBIN,NSE,BUY,CNC,1,68,794.3,2026-09-28 14:29:38.221,986736161142,54012.4
TRD30005979,ORD20001480,C100142,SBIN,NSE,BUY,CNC,2,3,794.3,2026-09-28 14:29:39.220,890864304667,2382.9
TRD30005980,ORD20001480,C100142,SBIN,NSE,BUY,CNC,3,13,794.3,2026-09-28 14:29:41.485,365216784015,10325.9
TRD30005981,ORD20003086,C100066,HINDUNILVR,NSE,BUY,MIS,1,1,2453.65,2026-09-28 14:33:25.757,373781308284,2453.65
TRD30005982,ORD20003086,C100066,HINDUNILVR,NSE,BUY,MIS,2,2,2448.9,2026-09-28 14:33:28.161,499456849342,4897.8
TRD30005983,ORD20004041,C100117,NTPC,NSE,BUY,MIS,1,12,341.25,2026-09-28 14:34:50.777,751797613856,4095.0
TRD30005984,ORD20004041,C100117,NTPC,NSE,BUY,MIS,2,22,341.35,2026-09-28 14:34:53.092,136877370138,7509.7
TRD30005985,ORD20003230,C100104,HINDUNILVR,NSE,BUY,CNC,1,1,2400.15,2026-09-28 14:35:53.330,965566890504,2400.15
TRD30005986,ORD20003230,C100104,HINDUNILVR,NSE,BUY,CNC,2,1,2400.15,2026-09-28 14:35:54.496,732388716852,2400.15
TRD30005987,ORD20002379,C100127,HINDUNILVR,NSE,BUY,MIS,1,17,2464.5,2026-09-28 14:38:46.277,865581011841,41896.5
TRD30005988,ORD20004930,C100157,NTPC,NSE,BUY,MIS,1,137,354.9,2026-09-28 14:42:39.133,721069887887,48621.3
TRD30005989,ORD20000314,C100086,TATAMOTORS,NSE,SELL,CNC,1,17,986.1,2026-09-28 14:44:25.994,928751148413,16763.7
TRD30005990,ORD20000314,C100086,TATAMOTORS,NSE,SELL,CNC,2,47,986.1,2026-09-28 14:44:29.634,835332326157,46346.7
TRD30005991,ORD20001093,C100170,HDFCBANK,NSE,BUY,CNC,1,2,1577.1,2026-09-28 14:45:04.157,492361855171,3154.2
TRD30005992,ORD20001093,C100170,HDFCBANK,NSE,BUY,CNC,2,35,1577.1,2026-09-28 14:45:05.383,737985420907,55198.5
TRD30005993,ORD20001093,C100170,HDFCBANK,NSE,BUY,CNC,3,9,1577.1,2026-09-28 14:45:08.902,947906923796,14193.9
TRD30005994,ORD20001881,C100067,TATAMOTORS,NSE,SELL,MIS,1,9,960.65,2026-09-28 14:45:52.704,950515893482,8645.85
TRD30005996,ORD20001344,C100138,ASIANPAINT,NSE,BUY,MIS,1,1,2957.3,2026-09-28 14:47:51.486,775092544413,2957.3
TRD30005995,ORD20001035,C100052,NTPC,NSE,BUY,CNC,1,90,340.4,2026-09-28 14:47:52.929,910192382619,30636.0
TRD30005997,ORD20000842,C100026,WIPRO,NSE,BUY,MIS,1,261,466.6,2026-09-28 14:48:50.327,671235117070,121782.6
TRD30005998,ORD20003308,C100164,KOTAKBANK,NSE,SELL,CNC,1,2,1722.75,2026-09-28 14:48:57.583,594860656813,3445.5
TRD30005999,ORD20003308,C100164,KOTAKBANK,NSE,SELL,CNC,2,12,1722.75,2026-09-28 14:49:00.044,271098059329,20673.0
TRD30006000,ORD20003308,C100164,KOTAKBANK,NSE,SELL,CNC,3,4,1722.75,2026-09-28 14:49:01.689,512788873569,6891.0
TRD30006001,ORD20003208,C100025,TITAN,NSE,BUY,CNC,1,1,3363.85,2026-09-28 14:55:00.826,221268242776,3363.85
TRD30006002,ORD20003208,C100025,TITAN,NSE,BUY,CNC,2,14,3363.85,2026-09-28 14:55:00.876,238225394199,47093.9
TRD30006003,ORD20003208,C100025,TITAN,NSE,BUY,CNC,3,1,3363.85,2026-09-28 14:55:01.295,241957067476,3363.85
TRD30006004,ORD20003192,C100182,HDFCBANK,NSE,BUY,MIS,1,4,1600.55,2026-09-28 14:55:36.116,525495300947,6402.2
TRD30006005,ORD20003192,C100182,HDFCBANK,NSE,BUY,MIS,2,3,1600.55,2026-09-28 14:55:39.495,178288550538,4801.65
TRD30006006,ORD20003380,C100074,ITC,NSE,BUY,MIS,1,40,432.7,2026-09-28 15:03:06.930,873233509323,17308.0
TRD30006007,ORD20003380,C100074,ITC,NSE,BUY,MIS,2,25,432.7,2026-09-28 15:03:09.707,915861280805,10817.5
TRD30006008,ORD20000847,C100014,ONGC,NSE,SELL,MIS,1,130,271.85,2026-09-28 15:04:08.827,708352345069,35340.5
TRD30006009,ORD20000847,C100014,ONGC,NSE,SELL,MIS,2,100,271.85,2026-09-28 15:04:11.506,566402127799,27185.0
TRD30006010,ORD20000255,C100033,MARUTI,NSE,BUY,MIS,1,1,12462.9,2026-09-28 15:06:12.712,958405809812,12462.9
TRD30006011,ORD20003444,C100063,RELIANCE,NSE,SELL,CNC,1,8,3159.5,2026-09-28 15:07:25.893,389597366834,25276.0
TRD30006012,ORD20003727,C100083,TCS,NSE,SELL,MIS,1,10,4107.65,2026-09-28 15:10:00.214,643663661967,41076.5
TRD30006013,ORD20003727,C100083,TCS,NSE,SELL,MIS,2,3,4098.7,2026-09-28 15:10:02.796,818335332456,12296.1
TRD30006014,ORD20003727,C100083,TCS,NSE,SELL,MIS,3,2,4102.35,2026-09-28 15:10:06.515,762683021331,8204.7
TRD30006015,ORD20003764,C100037,RELIANCE,NSE,SELL,MIS,1,4,2945.95,2026-09-28 15:17:53.841,859516658570,11783.8
TRD30006016,ORD20002046,C100183,SBIN,NSE,SELL,MIS,1,19,805.75,2026-09-28 15:18:33.612,309716088304,15309.25
TRD30006017,ORD20000588,C100130,HINDUNILVR,NSE,BUY,MIS,1,47,2451.4,2026-09-28 15:20:22.141,821572875571,115215.8
TRD30006018,ORD20000588,C100130,HINDUNILVR,NSE,BUY,MIS,2,2,2451.4,2026-09-28 15:20:23.815,131885142498,4902.8
TRD30006019,ORD20003958,C100194,HDFCBANK,BSE,SELL,MIS,1,2,1664.75,2026-09-28 15:21:27.209,596258456427,3329.5
TRD30006020,ORD20003958,C100194,HDFCBANK,BSE,SELL,MIS,2,1,1663.95,2026-09-28 15:21:28.319,108682537143,1663.95
TRD30006021,ORD20003958,C100194,HDFCBANK,BSE,SELL,MIS,3,1,1664.2,2026-09-28 15:21:29.755,414375732150,1664.2
TRD30006022,ORD20002734,C100111,ITC,NSE,BUY,MIS,1,2,448.85,2026-09-28 15:22:08.296,621389422596,897.7
TRD30006023,ORD20002734,C100111,ITC,NSE,BUY,MIS,2,11,448.85,2026-09-28 15:22:12.049,739351693258,4937.35
TRD30006024,ORD20004065,C100101,RELIANCE,NSE,SELL,MIS,1,1,3077.15,2026-09-28 15:23:04.920,548260759968,3077.15
TRD30006025,ORD20004102,C100129,MARUTI,NSE,SELL,CNC,1,4,12553.1,2026-09-28 15:23:41.984,953324858955,50212.4
TRD30006026,ORD20004393,C100030,BHARTIARTL,NSE,SELL,MIS,1,3,1334.45,2026-09-28 15:23:56.878,560248179894,4003.35
TRD30006027,ORD20004393,C100030,BHARTIARTL,NSE,SELL,MIS,2,14,1333.0,2026-09-28 15:23:59.429,164531124262,18662.0
TRD30006028,ORD20004393,C100030,BHARTIARTL,NSE,SELL,MIS,3,9,1335.0,2026-09-28 15:23:59.869,263421243890,12015.0
TRD30006029,ORD20003891,C100084,HINDUNILVR,NSE,BUY,MIS,1,7,2256.4,2026-09-28 15:25:00.808,860799492215,15794.8
TRD30006030,ORD20003891,C100084,HINDUNILVR,NSE,BUY,MIS,2,25,2256.4,2026-09-28 15:25:04.642,950675895255,56410.0
TRD30006031,ORD20003268,C100038,TCS,NSE,SELL,MIS,1,1,3876.3,2026-09-29 09:17:59.869,702153736034,3876.3
TRD30006032,ORD20003268,C100038,TCS,NSE,SELL,MIS,2,1,3876.3,2026-09-29 09:18:02.783,769694896748,3876.3
TRD30006033,ORD20003268,C100038,TCS,NSE,SELL,MIS,3,1,3876.3,2026-09-29 09:18:05.840,657039861546,3876.3
TRD30006034,ORD20003282,C100143,HINDUNILVR,BSE,BUY,MIS,1,10,2329.8,2026-09-29 09:18:06.296,674761948002,23298.0
TRD30006035,ORD20003282,C100143,HINDUNILVR,BSE,BUY,MIS,2,18,2329.1,2026-09-29 09:18:10.271,923156951098,41923.8
TRD30006036,ORD20003607,C100127,ITC,NSE,BUY,CNC,1,53,439.15,2026-09-29 09:19:01.144,492145396776,23274.95
TRD30006037,ORD20003607,C100127,ITC,NSE,BUY,CNC,2,83,439.15,2026-09-29 09:19:03.599,700319130034,36449.45
TRD30006038,ORD20003607,C100127,ITC,NSE,BUY,CNC,3,67,439.15,2026-09-29 09:19:07.391,706312521178,29423.05
TRD30006039,ORD20003405,C100149,HDFCBANK,NSE,BUY,MIS,1,9,1699.25,2026-09-29 09:21:16.669,456595208639,15293.25
TRD30006040,ORD20001060,C100048,HDFCBANK,NSE,BUY,CNC,1,1,1641.55,2026-09-29 09:22:06.399,503821561838,1641.55
TRD30006041,ORD20001904,C100121,HDFCBANK,NSE,SELL,MIS,1,19,1646.0,2026-09-29 09:23:24.488,388252275742,31274.0
TRD30006042,ORD20003257,C100093,ASIANPAINT,NSE,SELL,MIS,1,1,2949.2,2026-09-29 09:28:01.059,958412156608,2949.2
TRD30006043,ORD20003257,C100093,ASIANPAINT,NSE,SELL,MIS,2,1,2949.2,2026-09-29 09:28:03.727,218510420105,2949.2
TRD30006044,ORD20003315,C100019,TCS,NSE,SELL,MIS,1,1,4045.2,2026-09-29 09:34:14.327,328313816553,4045.2
TRD30006045,ORD20000262,C100117,TATAMOTORS,NSE,SELL,MIS,1,1,983.55,2026-09-29 09:36:58.514,795377113818,983.55
TRD30006046,ORD20000262,C100117,TATAMOTORS,NSE,SELL,MIS,2,10,983.55,2026-09-29 09:37:00.410,408446884822,9835.5
TRD30006047,ORD20002955,C100184,HDFCBANK,NSE,BUY,CNC,1,27,1573.15,2026-09-29 09:41:30.468,723631054029,42475.05
TRD30006048,ORD20002955,C100184,HDFCBANK,NSE,BUY,CNC,2,3,1573.95,2026-09-29 09:41:33.369,754194762356,4721.85
TRD30006049,ORD20002955,C100184,HDFCBANK,NSE,BUY,CNC,3,16,1570.35,2026-09-29 09:41:34.445,597559273020,25125.6
TRD30006050,ORD20001907,C100007,TCS,NSE,BUY,CNC,1,1,3989.35,2026-09-29 09:41:43.664,467662860071,3989.35
TRD30006051,ORD20001907,C100007,TCS,NSE,BUY,CNC,2,1,3989.35,2026-09-29 09:41:46.637,731051150055,3989.35
TRD30006052,ORD20001821,C100075,BHARTIARTL,NSE,SELL,MIS,1,5,1361.35,2026-09-29 09:42:43.022,109229761889,6806.75
TRD30006053,ORD20001880,C100179,AXISBANK,NSE,SELL,MIS,1,2,1201.85,2026-09-29 09:43:01.192,737601786707,2403.7
TRD30006054,ORD20001880,C100179,AXISBANK,NSE,SELL,MIS,2,2,1201.85,2026-09-29 09:43:03.949,618594536557,2403.7
TRD30006055,ORD20001880,C100179,AXISBANK,NSE,SELL,MIS,3,6,1201.85,2026-09-29 09:43:04.006,859210295172,7211.1
TRD30006056,ORD20003988,C100066,TCS,NSE,SELL,CNC,1,9,3982.0,2026-09-29 09:44:39.319,766810683458,35838.0
TRD30006057,ORD20003988,C100066,TCS,NSE,SELL,CNC,2,6,3982.0,2026-09-29 09:44:40.289,605712086605,23892.0
TRD30006058,ORD20003988,C100066,TCS,NSE,SELL,CNC,3,2,3982.0,2026-09-29 09:44:41.755,802815943026,7964.0
TRD30006059,ORD20003154,C100055,ONGC,NSE,SELL,MIS,1,22,274.0,2026-09-29 09:45:12.679,252876012596,6028.0
TRD30006060,ORD20003154,C100055,ONGC,NSE,SELL,MIS,2,201,274.0,2026-09-29 09:45:15.876,456767011617,55074.0
TRD30006061,ORD20003154,C100055,ONGC,NSE,SELL,MIS,3,212,274.0,2026-09-29 09:45:18.631,578500349258,58088.0
TRD30006062,ORD20003375,C100075,NTPC,NSE,SELL,MIS,1,76,356.45,2026-09-29 09:46:20.554,794340918473,27090.2
TRD30006063,ORD20001037,C100116,ICICIBANK,NSE,SELL,CNC,1,28,1208.3,2026-09-29 09:46:50.609,277921519713,33832.4
TRD30006064,ORD20001037,C100116,ICICIBANK,NSE,SELL,CNC,2,29,1208.45,2026-09-29 09:46:51.845,735110125647,35045.05
TRD30006065,ORD20000606,C100080,KOTAKBANK,NSE,SELL,CNC,1,1,1775.2,2026-09-29 09:48:58.927,348454832036,1775.2
TRD30006066,ORD20000606,C100080,KOTAKBANK,NSE,SELL,CNC,2,1,1775.2,2026-09-29 09:49:00.945,278711648310,1775.2
TRD30006067,ORD20003939,C100187,HINDUNILVR,NSE,SELL,MIS,1,19,2529.4,2026-09-29 09:49:14.154,459135693354,48058.6
TRD30006068,ORD20000927,C100136,NTPC,NSE,BUY,MIS,1,11,368.45,2026-09-29 09:49:26.597,277085103327,4052.95
TRD30006069,ORD20004813,C100061,HINDUNILVR,NSE,SELL,MIS,1,43,2511.45,2026-09-29 09:50:07.668,492714128982,107992.35
TRD30006070,ORD20001863,C100168,INFY,NSE,BUY,CNC,1,24,1662.0,2026-09-29 09:50:51.159,588048323542,39888.0
TRD30006071,ORD20001863,C100168,INFY,NSE,BUY,CNC,2,9,1658.65,2026-09-29 09:50:52.925,434244860745,14927.85
TRD30006072,ORD20002466,C100031,ICICIBANK,NSE,SELL,CNC,1,4,1228.55,2026-09-29 09:52:03.229,946440459152,4914.2
TRD30006073,ORD20002466,C100031,ICICIBANK,NSE,SELL,CNC,2,1,1228.55,2026-09-29 09:52:07.182,706637928166,1228.55
TRD30006074,ORD20002466,C100031,ICICIBANK,NSE,SELL,CNC,3,3,1228.55,2026-09-29 09:52:08.973,463334728280,3685.65
TRD30006075,ORD20002030,C100005,BHARTIARTL,NSE,BUY,MIS,1,3,1332.05,2026-09-29 09:53:49.922,952065114628,3996.15
TRD30006076,ORD20002030,C100005,BHARTIARTL,NSE,BUY,MIS,2,3,1336.25,2026-09-29 09:53:52.999,385933719923,4008.75
TRD30006077,ORD20002332,C100011,ITC,NSE,SELL,MIS,1,47,430.3,2026-09-29 09:56:08.536,675405521004,20224.1
TRD30006078,ORD20002332,C100011,ITC,NSE,SELL,MIS,2,49,430.3,2026-09-29 09:56:10.399,523277982713,21084.7
TRD30006079,ORD20002332,C100011,ITC,NSE,SELL,MIS,3,149,430.3,2026-09-29 09:56:11.205,885357768288,64114.7
TRD30006080,ORD20000851,C100014,SBIN,NSE,BUY,MIS,1,8,796.75,2026-09-29 09:57:31.585,494680743071,6374.0
TRD30006081,ORD20000851,C100014,SBIN,NSE,BUY,MIS,2,5,798.4,2026-09-29 09:57:35.177,135592667319,3992.0
TRD30006082,ORD20003129,C100193,ICICIBANK,NSE,SELL,MIS,1,94,1183.5,2026-09-29 09:58:45.326,377064049435,111249.0
TRD30006083,ORD20000734,C100019,RELIANCE,NSE,SELL,CNC,1,1,2983.1,2026-09-29 10:01:13.292,384206575189,2983.1
TRD30006084,ORD20001763,C100038,KOTAKBANK,NSE,BUY,CNC,1,41,1853.25,2026-09-29 10:03:27.908,455435798102,75983.25
TRD30006085,ORD20001763,C100038,KOTAKBANK,NSE,BUY,CNC,2,19,1853.25,2026-09-29 10:03:29.165,757658116793,35211.75
TRD30006086,ORD20004852,C100044,RELIANCE,NSE,BUY,CNC,1,11,2999.55,2026-09-29 10:04:26.348,737311424776,32995.05
TRD30006087,ORD20004852,C100044,RELIANCE,NSE,BUY,CNC,2,6,3003.85,2026-09-29 10:04:29.994,197546070098,18023.1
TRD30006088,ORD20000534,C100197,ONGC,BSE,BUY,MIS,1,23,279.1,2026-09-29 10:06:28.755,150870116555,6419.3
TRD30006089,ORD20000534,C100197,ONGC,BSE,BUY,MIS,2,8,279.05,2026-09-29 10:06:29.977,270530439856,2232.4
TRD30006090,ORD20001921,C100094,TATAMOTORS,NSE,BUY,CNC,1,25,933.75,2026-09-29 10:08:18.463,504483004144,23343.75
TRD30006091,ORD20004012,C100176,HINDUNILVR,BSE,SELL,MIS,1,36,2484.5,2026-09-29 10:08:40.688,617938810466,89442.0
TRD30006092,ORD20000019,C100167,ASIANPAINT,NSE,SELL,MIS,1,1,2869.45,2026-09-29 10:10:25.254,513824099019,2869.45
TRD30006093,ORD20000208,C100072,TATAMOTORS,NSE,BUY,MIS,1,5,940.7,2026-09-29 10:11:12.912,830816969521,4703.5
TRD30006094,ORD20000208,C100072,TATAMOTORS,NSE,BUY,MIS,2,4,943.95,2026-09-29 10:11:16.822,557043077019,3775.8
TRD30006095,ORD20000923,C100138,HINDUNILVR,NSE,SELL,CNC,1,3,2489.7,2026-09-29 10:12:23.565,765886599820,7469.1
TRD30006096,ORD20000923,C100138,HINDUNILVR,NSE,SELL,CNC,2,19,2490.5,2026-09-29 10:12:27.056,989719290220,47319.5
TRD30006097,ORD20000923,C100138,HINDUNILVR,NSE,SELL,CNC,3,4,2491.4,2026-09-29 10:12:29.891,690948643356,9965.6
TRD30006098,ORD20001564,C100182,ICICIBANK,NSE,BUY,MIS,1,7,1265.6,2026-09-29 10:14:17.217,656503346018,8859.2
TRD30006099,ORD20001564,C100182,ICICIBANK,NSE,BUY,MIS,2,13,1265.6,2026-09-29 10:14:20.329,788085565529,16452.8
TRD30006100,ORD20000974,C100066,HINDUNILVR,NSE,SELL,MIS,1,25,2365.45,2026-09-29 10:14:24.547,554183237211,59136.25
TRD30006101,ORD20000974,C100066,HINDUNILVR,NSE,SELL,MIS,2,2,2365.45,2026-09-29 10:14:25.374,925676148990,4730.9
TRD30006102,ORD20000974,C100066,HINDUNILVR,NSE,SELL,MIS,3,4,2365.45,2026-09-29 10:14:27.715,669656645749,9461.8
TRD30006103,ORD20001913,C100000,MARUTI,NSE,BUY,MIS,1,1,12516.9,2026-09-29 10:16:52.580,910847660242,12516.9
TRD30006104,ORD20000203,C100012,HINDUNILVR,NSE,BUY,CNC,1,1,2393.45,2026-09-29 10:17:15.913,538441863833,2393.45
TRD30006105,ORD20001659,C100051,ITC,NSE,SELL,MIS,1,16,439.45,2026-09-29 10:17:21.822,307261447761,7031.2
TRD30006106,ORD20001659,C100051,ITC,NSE,SELL,MIS,2,19,439.45,2026-09-29 10:17:25.171,857600455064,8349.55
TRD30006107,ORD20001659,C100051,ITC,NSE,SELL,MIS,3,44,439.45,2026-09-29 10:17:26.258,262123296105,19335.8
TRD30006108,ORD20002070,C100042,ITC,NSE,BUY,MIS,1,47,449.9,2026-09-29 10:17:59.842,966266789810,21145.3
TRD30006109,ORD20001974,C100084,HINDUNILVR,NSE,BUY,CNC,1,1,2314.55,2026-09-29 10:18:23.372,923857102121,2314.55
TRD30006110,ORD20001974,C100084,HINDUNILVR,NSE,BUY,CNC,2,1,2314.55,2026-09-29 10:18:25.733,442942516480,2314.55
TRD30006111,ORD20001466,C100065,HDFCBANK,NSE,SELL,CNC,1,9,1690.8,2026-09-29 10:23:04.514,877430944911,15217.2
TRD30006112,ORD20000829,C100028,HINDUNILVR,BSE,BUY,MIS,1,1,2412.55,2026-09-29 10:23:31.433,918654889913,2412.55
TRD30006113,ORD20000829,C100028,HINDUNILVR,BSE,BUY,MIS,2,1,2412.55,2026-09-29 10:23:33.820,439559406887,2412.55
TRD30006114,ORD20000829,C100028,HINDUNILVR,BSE,BUY,MIS,3,3,2412.55,2026-09-29 10:23:35.353,900323018686,7237.65
TRD30006115,ORD20002359,C100112,ITC,NSE,SELL,MIS,1,1,464.95,2026-09-29 10:26:49.606,702731331129,464.95
TRD30006116,ORD20002359,C100112,ITC,NSE,SELL,MIS,2,2,465.25,2026-09-29 10:26:51.686,384258458464,930.5
TRD30006117,ORD20002359,C100112,ITC,NSE,SELL,MIS,3,3,464.55,2026-09-29 10:26:52.774,517398880100,1393.65
TRD30006118,ORD20000167,C100078,MARUTI,NSE,SELL,CNC,1,4,11933.05,2026-09-29 10:32:39.342,926547999487,47732.2
TRD30006119,ORD20001617,C100131,AXISBANK,NSE,BUY,CNC,1,14,1161.6,2026-09-29 10:33:35.185,675106605515,16262.4
TRD30006120,ORD20004943,C100012,HINDUNILVR,NSE,BUY,CNC,1,1,2374.55,2026-09-29 10:34:01.037,683216345344,2374.55
TRD30006121,ORD20003876,C100127,RELIANCE,NSE,BUY,MIS,1,18,2680.65,2026-09-29 10:36:36.262,753943912492,48251.7
TRD30006122,ORD20003876,C100127,RELIANCE,NSE,BUY,MIS,2,7,2681.2,2026-09-29 10:36:38.468,772213397617,18768.4
TRD30006123,ORD20003876,C100127,RELIANCE,NSE,BUY,MIS,3,17,2678.8,2026-09-29 10:36:40.857,403091816095,45539.6
TRD30006124,ORD20004592,C100052,RELIANCE,NSE,SELL,CNC,1,1,2836.3,2026-09-29 10:38:38.691,864872735641,2836.3
TRD30006125,ORD20004592,C100052,RELIANCE,NSE,SELL,CNC,2,1,2830.1,2026-09-29 10:38:40.458,629032246976,2830.1
TRD30006126,ORD20004561,C100090,RELIANCE,NSE,BUY,CNC,1,2,2820.9,2026-09-29 10:40:42.220,976716085689,5641.8
TRD30006127,ORD20002754,C100084,HINDUNILVR,NSE,BUY,CNC,1,5,2383.25,2026-09-29 10:40:46.891,599013293585,11916.25
TRD30006128,ORD20001252,C100104,TITAN,NSE,SELL,MIS,1,2,3424.95,2026-09-29 10:41:02.932,274748019355,6849.9
TRD30006129,ORD20001418,C100038,MARUTI,NSE,BUY,CNC,1,2,12382.75,2026-09-29 10:45:01.543,162181793999,24765.5
TRD30006130,ORD20000937,C100044,MARUTI,NSE,BUY,MIS,1,1,11405.85,2026-09-29 10:51:12.899,719092461265,11405.85
TRD30006131,ORD20003779,C100022,ONGC,NSE,BUY,MIS,1,8,279.75,2026-09-29 10:51:42.694,606776660037,2238.0
TRD30006132,ORD20003779,C100022,ONGC,NSE,BUY,MIS,2,40,279.75,2026-09-29 10:51:46.422,881272710056,11190.0
TRD30006133,ORD20003779,C100022,ONGC,NSE,BUY,MIS,3,4,279.75,2026-09-29 10:51:47.504,865509285758,1119.0
TRD30006134,ORD20001611,C100198,HDFCBANK,NSE,BUY,MIS,1,3,1729.0,2026-09-29 10:53:07.109,440739823239,5187.0
TRD30006135,ORD20001611,C100198,HDFCBANK,NSE,BUY,MIS,2,17,1728.75,2026-09-29 10:53:07.825,993886868854,29388.75
TRD30006136,ORD20003828,C100017,TITAN,NSE,SELL,MIS,1,25,3273.85,2026-09-29 10:53:34.730,863648093983,81846.25
TRD30006137,ORD20003828,C100017,TITAN,NSE,SELL,MIS,2,8,3273.85,2026-09-29 10:53:36.532,163943773153,26190.8
TRD30006138,ORD20000866,C100087,HDFCBANK,NSE,SELL,MIS,1,85,1587.9,2026-09-29 10:54:22.957,403958539130,134971.5
TRD30006139,ORD20002486,C100120,INFY,NSE,BUY,MIS,1,2,1628.25,2026-09-29 10:55:46.937,685159464279,3256.5
TRD30006140,ORD20002486,C100120,INFY,NSE,BUY,MIS,2,1,1628.25,2026-09-29 10:55:47.729,139895651476,1628.25
TRD30006141,ORD20002991,C100054,TCS,NSE,SELL,MIS,1,3,3927.5,2026-09-29 10:57:00.235,360119048612,11782.5
TRD30006142,ORD20002991,C100054,TCS,NSE,SELL,MIS,2,29,3927.75,2026-09-29 10:57:01.160,596666510875,113904.75
TRD30006143,ORD20002128,C100105,INFY,NSE,BUY,CNC,1,22,1593.15,2026-09-29 10:58:26.326,962244637526,35049.3
TRD30006144,ORD20002128,C100105,INFY,NSE,BUY,CNC,2,35,1591.4,2026-09-29 10:58:29.235,882174055704,55699.0
TRD30006145,ORD20002128,C100105,INFY,NSE,BUY,CNC,3,4,1590.35,2026-09-29 10:58:32.483,131768965005,6361.4
TRD30006146,ORD20003092,C100079,MARUTI,NSE,SELL,MIS,1,2,11489.8,2026-09-29 10:59:11.914,813171321722,22979.6
TRD30006147,ORD20003092,C100079,MARUTI,NSE,SELL,MIS,2,2,11481.0,2026-09-29 10:59:11.986,232709304781,22962.0
TRD30006148,ORD20003092,C100079,MARUTI,NSE,SELL,MIS,3,7,11497.4,2026-09-29 10:59:15.001,929641343045,80481.8
TRD30006149,ORD20004992,C100152,INFY,NSE,BUY,MIS,1,5,1567.95,2026-09-29 10:59:18.063,698593882401,7839.75
TRD30006150,ORD20004992,C100152,INFY,NSE,BUY,MIS,2,2,1567.95,2026-09-29 10:59:19.018,230012096748,3135.9
TRD30006151,ORD20004992,C100152,INFY,NSE,BUY,MIS,3,4,1567.95,2026-09-29 10:59:21.635,985977392824,6271.8
TRD30006152,ORD20004850,C100044,ASIANPAINT,NSE,SELL,MIS,1,10,2780.75,2026-09-29 11:08:30.825,197495472670,27807.5
TRD30006153,ORD20004850,C100044,ASIANPAINT,NSE,SELL,MIS,2,11,2780.7,2026-09-29 11:08:32.659,277931658018,30587.7
TRD30006154,ORD20004850,C100044,ASIANPAINT,NSE,SELL,MIS,3,25,2783.3,2026-09-29 11:08:33.088,167700530357,69582.5
TRD30006155,ORD20003388,C100143,HINDUNILVR,NSE,BUY,CNC,1,3,2517.4,2026-09-29 11:12:19.837,436176060233,7552.2
TRD30006156,ORD20003388,C100143,HINDUNILVR,NSE,BUY,CNC,2,2,2515.85,2026-09-29 11:12:20.116,256756967043,5031.7
TRD30006157,ORD20003259,C100130,HINDUNILVR,NSE,SELL,MIS,1,5,2381.1,2026-09-29 11:18:19.318,992727820814,11905.5
TRD30006158,ORD20003259,C100130,HINDUNILVR,NSE,SELL,MIS,2,2,2384.6,2026-09-29 11:18:20.371,581395890997,4769.2
TRD30006159,ORD20003259,C100130,HINDUNILVR,NSE,SELL,MIS,3,14,2382.15,2026-09-29 11:18:22.086,798954938497,33350.1
TRD30006160,ORD20000323,C100085,HINDUNILVR,NSE,BUY,MIS,1,5,2345.35,2026-09-29 11:23:13.401,367689909970,11726.75
TRD30006161,ORD20003339,C100177,ITC,NSE,BUY,MIS,1,1,460.6,2026-09-29 11:27:08.298,336445547947,460.6
TRD30006162,ORD20003339,C100177,ITC,NSE,BUY,MIS,2,4,460.6,2026-09-29 11:27:10.657,543496513410,1842.4
TRD30006163,ORD20001173,C100003,HINDUNILVR,NSE,SELL,MIS,1,2,2327.9,2026-09-29 11:29:23.765,799657273988,4655.8
TRD30006164,ORD20003026,C100054,MARUTI,NSE,BUY,MIS,1,1,12277.1,2026-09-29 11:31:45.651,666829912540,12277.1
TRD30006165,ORD20004444,C100058,INFY,NSE,BUY,MIS,1,5,1564.35,2026-09-29 11:32:37.303,531856738778,7821.75
TRD30006166,ORD20004444,C100058,INFY,NSE,BUY,MIS,2,22,1564.35,2026-09-29 11:32:39.669,228686472124,34415.7
TRD30006167,ORD20004444,C100058,INFY,NSE,BUY,MIS,3,4,1564.35,2026-09-29 11:32:42.084,546876647783,6257.4
TRD30006168,ORD20004631,C100083,ASIANPAINT,NSE,BUY,CNC,1,1,3047.05,2026-09-29 11:35:26.982,676759352574,3047.05
TRD30006169,ORD20004631,C100083,ASIANPAINT,NSE,BUY,CNC,2,1,3046.9,2026-09-29 11:35:30.007,158267134597,3046.9
TRD30006170,ORD20004631,C100083,ASIANPAINT,NSE,BUY,CNC,3,1,3049.6,2026-09-29 11:35:31.850,662782425157,3049.6
TRD30006171,ORD20004745,C100170,ITC,NSE,BUY,MIS,1,32,438.65,2026-09-29 11:36:16.608,964947886373,14036.8
TRD30006172,ORD20004745,C100170,ITC,NSE,BUY,MIS,2,12,439.35,2026-09-29 11:36:20.118,285158264275,5272.2
TRD30006173,ORD20004745,C100170,ITC,NSE,BUY,MIS,3,26,439.4,2026-09-29 11:36:22.192,307048708079,11424.4
TRD30006174,ORD20001718,C100079,TATAMOTORS,NSE,BUY,CNC,1,4,980.65,2026-09-29 11:36:47.941,500494143030,3922.6
TRD30006175,ORD20001718,C100079,TATAMOTORS,NSE,BUY,CNC,2,2,980.65,2026-09-29 11:36:48.641,746619883773,1961.3
TRD30006176,ORD20001718,C100079,TATAMOTORS,NSE,BUY,CNC,3,6,980.65,2026-09-29 11:36:52.458,536382517864,5883.9
TRD30006177,ORD20000644,C100078,RELIANCE,NSE,BUY,CNC,1,1,2888.4,2026-09-29 11:38:24.475,234220246559,2888.4
TRD30006178,ORD20000644,C100078,RELIANCE,NSE,BUY,CNC,2,1,2888.4,2026-09-29 11:38:28.439,754857083939,2888.4
TRD30006179,ORD20002095,C100014,INFY,NSE,SELL,CNC,1,65,1660.15,2026-09-29 11:40:08.198,577271788302,107909.75
TRD30006180,ORD20000637,C100032,TCS,NSE,BUY,MIS,1,7,3979.45,2026-09-29 11:41:23.841,790878806021,27856.15
TRD30006181,ORD20002250,C100075,MARUTI,NSE,BUY,MIS,1,1,11713.95,2026-09-29 11:46:39.760,335611845344,11713.95
TRD30006182,ORD20003042,C100104,TATAMOTORS,NSE,SELL,MIS,1,13,912.0,2026-09-29 11:50:07.297,984675372998,11856.0
TRD30006183,ORD20003042,C100104,TATAMOTORS,NSE,SELL,MIS,2,19,910.9,2026-09-29 11:50:10.081,244124064336,17307.1
TRD30006184,ORD20004582,C100154,ICICIBANK,NSE,SELL,CNC,1,5,1232.1,2026-09-29 11:51:02.368,968550515999,6160.5
TRD30006185,ORD20000576,C100087,ASIANPAINT,NSE,BUY,MIS,1,27,2895.65,2026-09-29 11:52:46.257,179400975893,78182.55
TRD30006186,ORD20000576,C100087,ASIANPAINT,NSE,BUY,MIS,2,9,2895.65,2026-09-29 11:52:48.211,336753541694,26060.85
TRD30006187,ORD20000576,C100087,ASIANPAINT,NSE,BUY,MIS,3,1,2895.65,2026-09-29 11:52:49.212,226632492994,2895.65
TRD30006188,ORD20000625,C100188,MARUTI,NSE,BUY,CNC,1,1,11766.25,2026-09-29 11:53:48.386,841897538190,11766.25
TRD30006189,ORD20000625,C100188,MARUTI,NSE,BUY,CNC,2,1,11767.65,2026-09-29 11:53:52.139,726489667731,11767.65
TRD30006190,ORD20001243,C100030,INFY,NSE,SELL,MIS,1,26,1626.6,2026-09-29 11:54:03.468,558610257025,42291.6
TRD30006191,ORD20002767,C100148,ASIANPAINT,NSE,SELL,MIS,1,1,2814.5,2026-09-29 11:54:38.658,945165497231,2814.5
TRD30006192,ORD20002767,C100148,ASIANPAINT,NSE,SELL,MIS,2,1,2814.5,2026-09-29 11:54:40.441,260266903224,2814.5
TRD30006193,ORD20002443,C100103,KOTAKBANK,NSE,SELL,MIS,1,1,1791.75,2026-09-29 11:55:41.941,426494102913,1791.75
TRD30006194,ORD20002443,C100103,KOTAKBANK,NSE,SELL,MIS,2,1,1790.3,2026-09-29 11:55:42.963,108624857320,1790.3
TRD30006195,ORD20000702,C100154,ICICIBANK,NSE,BUY,MIS,1,15,1156.25,2026-09-29 11:56:29.340,479493991501,17343.75
TRD30006196,ORD20000702,C100154,ICICIBANK,NSE,BUY,MIS,2,5,1156.25,2026-09-29 11:56:32.033,145965204299,5781.25
TRD30006197,ORD20001471,C100037,MARUTI,BSE,SELL,MIS,1,1,12176.8,2026-09-29 11:58:01.185,292975226321,12176.8
TRD30006198,ORD20004462,C100177,ONGC,NSE,SELL,MIS,1,48,271.0,2026-09-29 12:04:43.284,276155727534,13008.0
TRD30006199,ORD20004462,C100177,ONGC,NSE,SELL,MIS,2,231,271.0,2026-09-29 12:04:44.248,608971261126,62601.0
TRD30006200,ORD20000189,C100043,ICICIBANK,NSE,SELL,CNC,1,3,1188.6,2026-09-29 12:05:21.540,360185865519,3565.8
TRD30006201,ORD20003654,C100160,ICICIBANK,NSE,SELL,MIS,1,19,1235.05,2026-09-29 12:08:30.510,173827681454,23465.95
TRD30006202,ORD20001395,C100152,BHARTIARTL,NSE,SELL,CNC,1,4,1389.55,2026-09-29 12:10:00.569,703072922784,5558.2
TRD30006203,ORD20001380,C100151,BHARTIARTL,NSE,SELL,MIS,1,47,1354.0,2026-09-29 12:10:18.089,250168828822,63638.0
TRD30006204,ORD20001209,C100040,INFY,NSE,SELL,CNC,1,28,1636.05,2026-09-29 12:13:28.545,305212827384,45809.4
TRD30006205,ORD20004148,C100087,KOTAKBANK,NSE,BUY,MIS,1,11,1744.75,2026-09-29 12:13:57.500,599758862030,19192.25
TRD30006206,ORD20004148,C100087,KOTAKBANK,NSE,BUY,MIS,2,2,1744.75,2026-09-29 12:14:00.983,979705174287,3489.5
TRD30006207,ORD20004148,C100087,KOTAKBANK,NSE,BUY,MIS,3,5,1744.75,2026-09-29 12:14:04.561,840121856387,8723.75
TRD30006208,ORD20003804,C100026,AXISBANK,NSE,BUY,CNC,1,26,1229.95,2026-09-29 12:15:49.037,835423566153,31978.7
TRD30006209,ORD20001285,C100123,HINDUNILVR,BSE,BUY,MIS,1,3,2459.6,2026-09-29 12:18:11.372,688495443917,7378.8
TRD30006210,ORD20001285,C100123,HINDUNILVR,BSE,BUY,MIS,2,1,2459.6,2026-09-29 12:18:12.450,367507931338,2459.6
TRD30006211,ORD20004554,C100056,ITC,NSE,BUY,MIS,1,10,446.25,2026-09-29 12:23:57.732,629614646149,4462.5
TRD30006212,ORD20004554,C100056,ITC,NSE,BUY,MIS,2,17,446.65,2026-09-29 12:24:00.507,818127314593,7593.05
TRD30006213,ORD20004554,C100056,ITC,NSE,BUY,MIS,3,2,446.55,2026-09-29 12:24:02.098,261362034047,893.1
TRD30006214,ORD20000480,C100025,MARUTI,NSE,SELL,MIS,1,1,11916.75,2026-09-29 12:28:13.478,960089453028,11916.75
TRD30006215,ORD20003930,C100041,BHARTIARTL,NSE,SELL,MIS,1,3,1380.45,2026-09-29 12:29:56.166,830509801386,4141.35
TRD30006216,ORD20003930,C100041,BHARTIARTL,NSE,SELL,MIS,2,1,1381.4,2026-09-29 12:29:57.898,616658406292,1381.4
TRD30006217,ORD20004941,C100112,HINDUNILVR,NSE,BUY,CNC,1,2,2329.2,2026-09-29 12:30:57.438,539878398687,4658.4
TRD30006218,ORD20004941,C100112,HINDUNILVR,NSE,BUY,CNC,2,60,2329.2,2026-09-29 12:31:01.052,773024935427,139752.0
TRD30006219,ORD20002337,C100092,ITC,NSE,SELL,CNC,1,60,471.05,2026-09-29 12:31:59.378,962436484247,28263.0
TRD30006220,ORD20003390,C100182,HDFCBANK,NSE,SELL,CNC,1,1,1680.75,2026-09-29 12:32:53.288,326826281160,1680.75
TRD30006221,ORD20003390,C100182,HDFCBANK,NSE,SELL,CNC,2,1,1678.95,2026-09-29 12:32:56.108,181951155332,1678.95
TRD30006222,ORD20004793,C100159,ITC,NSE,SELL,CNC,1,11,416.55,2026-09-29 12:34:15.334,673619214507,4582.05
TRD30006223,ORD20004793,C100159,ITC,NSE,SELL,CNC,2,4,416.55,2026-09-29 12:34:17.504,414729714562,1666.2
TRD30006224,ORD20004793,C100159,ITC,NSE,SELL,CNC,3,1,416.55,2026-09-29 12:34:21.148,358307050328,416.55
TRD30006225,ORD20000571,C100037,HDFCBANK,BSE,SELL,MIS,1,26,1622.65,2026-09-29 12:39:21.108,491984968755,42188.9
TRD30006226,ORD20000571,C100037,HDFCBANK,BSE,SELL,MIS,2,54,1622.65,2026-09-29 12:39:23.364,657032308369,87623.1
TRD30006227,ORD20000571,C100037,HDFCBANK,BSE,SELL,MIS,3,10,1622.65,2026-09-29 12:39:26.461,271751170515,16226.5
TRD30006228,ORD20001381,C100068,BHARTIARTL,NSE,BUY,CNC,1,13,1455.9,2026-09-29 12:40:18.996,521116976519,18926.7
TRD30006229,ORD20001381,C100068,BHARTIARTL,NSE,BUY,CNC,2,5,1457.5,2026-09-29 12:40:21.720,520307800139,7287.5
TRD30006230,ORD20001381,C100068,BHARTIARTL,NSE,BUY,CNC,3,33,1458.1,2026-09-29 12:40:22.570,302458051450,48117.3
TRD30006231,ORD20003426,C100172,TATAMOTORS,NSE,SELL,MIS,1,10,955.05,2026-09-29 12:43:11.562,101214927897,9550.5
TRD30006232,ORD20003426,C100172,TATAMOTORS,NSE,SELL,MIS,2,1,953.65,2026-09-29 12:43:12.284,285086704273,953.65
TRD30006233,ORD20001800,C100093,RELIANCE,NSE,BUY,CNC,1,1,2899.85,2026-09-29 12:43:40.651,123378152852,2899.85
TRD30006234,ORD20001800,C100093,RELIANCE,NSE,BUY,CNC,2,1,2897.35,2026-09-29 12:43:41.979,131548966052,2897.35
TRD30006235,ORD20000194,C100174,HINDUNILVR,NSE,SELL,MIS,1,25,2276.95,2026-09-29 12:44:15.821,616609751314,56923.75
TRD30006236,ORD20000194,C100174,HINDUNILVR,NSE,SELL,MIS,2,12,2283.3,2026-09-29 12:44:17.722,991074483984,27399.6
TRD30006237,ORD20004984,C100057,ONGC,NSE,SELL,CNC,1,34,280.75,2026-09-29 12:46:50.281,396858320501,9545.5
TRD30006238,ORD20004984,C100057,ONGC,NSE,SELL,CNC,2,154,280.75,2026-09-29 12:46:53.950,850626158652,43235.5
TRD30006239,ORD20004984,C100057,ONGC,NSE,SELL,CNC,3,35,280.75,2026-09-29 12:46:56.469,456424457929,9826.25
TRD30006240,ORD20002582,C100108,BHARTIARTL,NSE,SELL,MIS,1,3,1460.5,2026-09-29 12:49:03.980,693447966495,4381.5
TRD30006241,ORD20002031,C100100,HDFCBANK,NSE,SELL,MIS,1,9,1654.95,2026-09-29 12:49:41.502,529273713875,14894.55
TRD30006242,ORD20002031,C100100,HDFCBANK,NSE,SELL,MIS,2,1,1652.6,2026-09-29 12:49:44.813,983865418965,1652.6
TRD30006243,ORD20002031,C100100,HDFCBANK,NSE,SELL,MIS,3,7,1652.15,2026-09-29 12:49:48.712,671441961274,11565.05
TRD30006244,ORD20003207,C100083,HINDUNILVR,NSE,BUY,CNC,1,2,2462.35,2026-09-29 12:51:46.192,605103976634,4924.7
TRD30006245,ORD20004049,C100138,TATAMOTORS,NSE,BUY,MIS,1,8,963.55,2026-09-29 12:53:49.732,414141782666,7708.4
TRD30006246,ORD20004049,C100138,TATAMOTORS,NSE,BUY,MIS,2,65,963.55,2026-09-29 12:53:52.209,833115640235,62630.75
TRD30006247,ORD20003951,C100020,INFY,NSE,BUY,MIS,1,1,1617.4,2026-09-29 12:56:33.766,996211235398,1617.4
TRD30006248,ORD20003951,C100020,INFY,NSE,BUY,MIS,2,1,1617.4,2026-09-29 12:56:34.761,346821830528,1617.4
TRD30006249,ORD20004203,C100072,HINDUNILVR,NSE,BUY,CNC,1,1,2369.3,2026-09-29 12:58:15.896,218169978338,2369.3
TRD30006250,ORD20000718,C100031,TITAN,NSE,BUY,MIS,1,1,3231.75,2026-09-29 12:58:36.047,974355861847,3231.75
TRD30006251,ORD20000718,C100031,TITAN,NSE,BUY,MIS,2,1,3231.75,2026-09-29 12:58:39.808,737503357716,3231.75
TRD30006252,ORD20002916,C100067,INFY,NSE,BUY,MIS,1,3,1571.5,2026-09-29 12:59:25.020,152917101514,4714.5
TRD30006253,ORD20001680,C100115,ITC,NSE,BUY,MIS,1,208,435.0,2026-09-29 13:00:31.399,283086281239,90480.0
TRD30006254,ORD20000111,C100183,NTPC,BSE,SELL,MIS,1,14,362.1,2026-09-29 13:02:01.226,782830795335,5069.4
TRD30006255,ORD20000111,C100183,NTPC,BSE,SELL,MIS,2,2,361.9,2026-09-29 13:02:03.515,922772282924,723.8
TRD30006256,ORD20003078,C100038,ONGC,NSE,BUY,MIS,1,368,270.15,2026-09-29 13:02:30.998,158137096889,99415.2
TRD30006257,ORD20003078,C100038,ONGC,NSE,BUY,MIS,2,96,270.15,2026-09-29 13:02:33.389,204574255744,25934.4
TRD30006258,ORD20001313,C100169,ASIANPAINT,NSE,SELL,CNC,1,1,3063.05,2026-09-29 13:08:43.421,217544581165,3063.05
TRD30006259,ORD20001313,C100169,ASIANPAINT,NSE,SELL,CNC,2,1,3057.55,2026-09-29 13:08:43.574,937533139602,3057.55
TRD30006260,ORD20002097,C100118,RELIANCE,NSE,BUY,MIS,1,22,3034.0,2026-09-29 13:08:48.534,937814242535,66748.0
TRD30006261,ORD20002097,C100118,RELIANCE,NSE,BUY,MIS,2,3,3034.0,2026-09-29 13:08:49.811,661620837508,9102.0
TRD30006262,ORD20004878,C100098,RELIANCE,NSE,SELL,MIS,1,1,2822.45,2026-09-29 13:18:32.559,471414958546,2822.45
TRD30006263,ORD20000484,C100164,AXISBANK,NSE,BUY,CNC,1,30,1147.5,2026-09-29 13:18:46.159,603734291908,34425.0
TRD30006264,ORD20003893,C100018,INFY,BSE,SELL,MIS,1,5,1529.55,2026-09-29 13:19:14.983,680636418071,7647.75
TRD30006265,ORD20003893,C100018,INFY,BSE,SELL,MIS,2,20,1529.55,2026-09-29 13:19:18.221,863471144232,30591.0
TRD30006266,ORD20000967,C100014,KOTAKBANK,NSE,BUY,MIS,1,16,1700.95,2026-09-29 13:20:51.270,703443140372,27215.2
TRD30006267,ORD20000967,C100014,KOTAKBANK,NSE,BUY,MIS,2,15,1701.05,2026-09-29 13:20:52.333,713120142625,25515.75
TRD30006268,ORD20001770,C100122,HINDUNILVR,NSE,BUY,MIS,1,3,2301.0,2026-09-29 13:22:31.306,975237413557,6903.0
TRD30006269,ORD20001770,C100122,HINDUNILVR,NSE,BUY,MIS,2,2,2301.0,2026-09-29 13:22:32.106,249187720250,4602.0
TRD30006270,ORD20001770,C100122,HINDUNILVR,NSE,BUY,MIS,3,8,2301.0,2026-09-29 13:22:35.445,778204523273,18408.0
TRD30006271,ORD20003823,C100097,ITC,NSE,BUY,CNC,1,23,481.35,2026-09-29 13:23:25.381,950006433909,11071.05
TRD30006272,ORD20003823,C100097,ITC,NSE,BUY,CNC,2,3,480.95,2026-09-29 13:23:26.745,263918009582,1442.85
TRD30006273,ORD20003361,C100094,TITAN,NSE,BUY,MIS,1,1,3377.9,2026-09-29 13:23:34.458,437340829759,3377.9
TRD30006274,ORD20002039,C100010,HINDUNILVR,NSE,BUY,MIS,1,2,2452.7,2026-09-29 13:25:17.465,434396929599,4905.4
TRD30006275,ORD20001648,C100172,HINDUNILVR,NSE,SELL,MIS,1,6,2306.55,2026-09-29 13:27:35.207,872357622212,13839.3
TRD30006276,ORD20000489,C100068,TATAMOTORS,NSE,SELL,CNC,1,3,941.75,2026-09-29 13:28:06.435,635576581934,2825.25
TRD30006277,ORD20000489,C100068,TATAMOTORS,NSE,SELL,CNC,2,1,941.25,2026-09-29 13:28:08.278,665612596213,941.25
TRD30006278,ORD20000489,C100068,TATAMOTORS,NSE,SELL,CNC,3,2,941.6,2026-09-29 13:28:10.643,641038722976,1883.2
TRD30006279,ORD20003788,C100089,ITC,NSE,SELL,MIS,1,16,432.6,2026-09-29 13:28:12.656,495247237309,6921.6
TRD30006280,ORD20003788,C100089,ITC,NSE,SELL,MIS,2,13,432.6,2026-09-29 13:28:12.979,263791896262,5623.8
TRD30006281,ORD20000772,C100150,ICICIBANK,NSE,SELL,MIS,1,11,1185.35,2026-09-29 13:34:16.550,140892719968,13038.85
TRD30006282,ORD20002019,C100170,AXISBANK,NSE,SELL,CNC,1,9,1128.6,2026-09-29 13:37:46.801,351707749683,10157.4
TRD30006283,ORD20002019,C100170,AXISBANK,NSE,SELL,CNC,2,13,1128.6,2026-09-29 13:37:47.627,982085076176,14671.8
TRD30006284,ORD20002019,C100170,AXISBANK,NSE,SELL,CNC,3,9,1128.6,2026-09-29 13:37:50.466,834458091185,10157.4
TRD30006285,ORD20000277,C100084,ITC,NSE,BUY,MIS,1,14,446.55,2026-09-29 13:39:32.297,287857890551,6251.7
TRD30006286,ORD20002352,C100182,AXISBANK,NSE,BUY,MIS,1,34,1162.25,2026-09-29 13:42:31.367,354816106269,39516.5
TRD30006287,ORD20002481,C100015,BHARTIARTL,NSE,SELL,MIS,1,89,1356.4,2026-09-29 13:42:42.609,571422375015,120719.6
TRD30006288,ORD20002481,C100015,BHARTIARTL,NSE,SELL,MIS,2,8,1356.85,2026-09-29 13:42:46.566,697438455488,10854.8
TRD30006289,ORD20002481,C100015,BHARTIARTL,NSE,SELL,MIS,3,7,1355.85,2026-09-29 13:42:50.067,163266373285,9490.95
TRD30006290,ORD20001460,C100025,ONGC,NSE,SELL,MIS,1,281,259.9,2026-09-29 13:44:06.649,158798607912,73031.9
TRD30006291,ORD20004682,C100145,BHARTIARTL,NSE,SELL,CNC,1,4,1429.35,2026-09-29 13:44:30.264,678643642196,5717.4
TRD30006292,ORD20004682,C100145,BHARTIARTL,NSE,SELL,CNC,2,78,1429.9,2026-09-29 13:44:33.735,644757543521,111532.2
TRD30006293,ORD20004873,C100151,ASIANPAINT,NSE,SELL,MIS,1,1,2980.65,2026-09-29 13:44:53.339,594080774462,2980.65
TRD30006294,ORD20004652,C100193,MARUTI,NSE,BUY,MIS,1,2,12340.75,2026-09-29 13:49:32.182,386894922485,24681.5
TRD30006295,ORD20002472,C100185,NTPC,NSE,BUY,CNC,1,15,335.5,2026-09-29 13:53:06.804,539638384705,5032.5
TRD30006296,ORD20000431,C100099,SBIN,NSE,SELL,MIS,1,7,819.8,2026-09-29 13:53:56.271,697153526219,5738.6
TRD30006297,ORD20003513,C100051,INFY,NSE,SELL,MIS,1,4,1621.65,2026-09-29 13:54:24.263,308266783547,6486.6
TRD30006298,ORD20004011,C100117,ITC,NSE,BUY,MIS,1,159,451.45,2026-09-29 13:55:03.439,128384317141,71780.55
TRD30006299,ORD20001425,C100064,SUNPHARMA,NSE,BUY,CNC,1,9,1677.4,2026-09-29 13:55:58.160,543275692706,15096.6
TRD30006300,ORD20004489,C100078,MARUTI,NSE,SELL,CNC,1,5,12396.9,2026-09-29 13:56:52.576,732708437925,61984.5
TRD30006301,ORD20002259,C100172,HDFCBANK,NSE,BUY,MIS,1,18,1601.15,2026-09-29 13:59:06.586,277150163302,28820.7
TRD30006302,ORD20002259,C100172,HDFCBANK,NSE,BUY,MIS,2,32,1601.15,2026-09-29 13:59:07.144,426394634500,51236.8
TRD30006303,ORD20002259,C100172,HDFCBANK,NSE,BUY,MIS,3,1,1601.15,2026-09-29 13:59:07.560,388275386761,1601.15
TRD30006304,ORD20003880,C100006,AXISBANK,NSE,SELL,MIS,1,3,1093.4,2026-09-29 13:59:54.179,844195252129,3280.2
TRD30006305,ORD20003880,C100006,AXISBANK,NSE,SELL,MIS,2,5,1093.4,2026-09-29 13:59:55.288,978889810620,5467.0
TRD30006306,ORD20004124,C100009,ITC,NSE,SELL,MIS,1,64,432.7,2026-09-29 14:02:35.796,554004696454,27692.8
TRD30006307,ORD20004124,C100009,ITC,NSE,SELL,MIS,2,12,432.65,2026-09-29 14:02:38.959,457656931252,5191.8
TRD30006308,ORD20000052,C100114,TATAMOTORS,NSE,BUY,CNC,1,49,976.15,2026-09-29 14:05:06.544,662749799976,47831.35
TRD30006309,ORD20000635,C100007,HINDUNILVR,NSE,SELL,MIS,1,5,2275.85,2026-09-29 14:06:23.965,980154696465,11379.25
TRD30006310,ORD20003391,C100000,ICICIBANK,NSE,SELL,CNC,1,15,1225.35,2026-09-29 14:09:04.825,772403499659,18380.25
TRD30006311,ORD20000598,C100193,AXISBANK,NSE,BUY,MIS,1,45,1101.6,2026-09-29 14:10:25.609,163522577766,49572.0
TRD30006312,ORD20000438,C100094,ASIANPAINT,BSE,BUY,MIS,1,1,2947.4,2026-09-29 14:14:00.503,478310506330,2947.4
TRD30006313,ORD20003076,C100024,HINDUNILVR,BSE,BUY,MIS,1,2,2354.15,2026-09-29 14:14:51.586,276896220820,4708.3
TRD30006314,ORD20003076,C100024,HINDUNILVR,BSE,BUY,MIS,2,3,2354.15,2026-09-29 14:14:54.470,240324431359,7062.45
TRD30006315,ORD20002992,C100104,INFY,NSE,SELL,MIS,1,2,1586.5,2026-09-29 14:20:58.522,713150574120,3173.0
TRD30006316,ORD20002992,C100104,INFY,NSE,SELL,MIS,2,1,1586.6,2026-09-29 14:21:00.209,766465734454,1586.6
TRD30006317,ORD20002992,C100104,INFY,NSE,SELL,MIS,3,1,1587.45,2026-09-29 14:21:01.811,537341023540,1587.45
TRD30006318,ORD20000308,C100038,HINDUNILVR,NSE,BUY,MIS,1,1,2373.15,2026-09-29 14:22:43.825,505403486493,2373.15
TRD30006319,ORD20002411,C100034,ICICIBANK,NSE,BUY,MIS,1,1,1243.35,2026-09-29 14:26:08.377,426633795771,1243.35
TRD30006320,ORD20002411,C100034,ICICIBANK,NSE,BUY,MIS,2,1,1243.35,2026-09-29 14:26:09.761,953615424163,1243.35
TRD30006321,ORD20002751,C100198,RELIANCE,NSE,BUY,MIS,1,21,2953.05,2026-09-29 14:29:05.846,352313064398,62014.05
TRD30006322,ORD20002751,C100198,RELIANCE,NSE,BUY,MIS,2,25,2953.05,2026-09-29 14:29:08.823,293004151683,73826.25
TRD30006323,ORD20003171,C100117,ONGC,NSE,SELL,MIS,1,90,266.15,2026-09-29 14:30:01.712,950287176941,23953.5
TRD30006324,ORD20003171,C100117,ONGC,NSE,SELL,MIS,2,21,266.15,2026-09-29 14:30:01.958,604023747654,5589.15
TRD30006330,ORD20004133,C100101,TATAMOTORS,NSE,SELL,CNC,1,7,928.1,2026-09-29 14:32:59.110,877280907723,6496.7
TRD30006328,ORD20003365,C100062,AXISBANK,NSE,BUY,CNC,1,54,1138.8,2026-09-29 14:32:59.934,822852030319,61495.2
TRD30006325,ORD20002615,C100169,ONGC,NSE,SELL,CNC,1,22,261.75,2026-09-29 14:32:59.998,217581603940,5758.5
TRD30006329,ORD20003365,C100062,AXISBANK,NSE,BUY,CNC,2,7,1138.8,2026-09-29 14:33:00.703,641538666364,7971.6
TRD30006331,ORD20004133,C100101,TATAMOTORS,NSE,SELL,CNC,2,6,928.1,2026-09-29 14:33:01.596,762302520282,5568.6
TRD30006326,ORD20002615,C100169,ONGC,NSE,SELL,CNC,2,184,261.75,2026-09-29 14:33:03.076,818573034963,48162.0
TRD30006327,ORD20002615,C100169,ONGC,NSE,SELL,CNC,3,79,261.75,2026-09-29 14:33:05.829,655958134647,20678.25
TRD30006332,ORD20003645,C100120,ASIANPAINT,NSE,BUY,MIS,1,23,2929.25,2026-09-29 14:33:13.927,714025508340,67372.75
TRD30006333,ORD20001628,C100069,MARUTI,NSE,BUY,CNC,1,1,11930.6,2026-09-29 14:40:53.482,870859148516,11930.6
TRD30006334,ORD20004454,C100044,NTPC,NSE,BUY,MIS,1,10,375.1,2026-09-29 14:41:52.758,351158461774,3751.0
TRD30006335,ORD20004454,C100044,NTPC,NSE,BUY,MIS,2,27,374.75,2026-09-29 14:41:53.041,170706303647,10118.25
TRD30006336,ORD20000820,C100003,ITC,NSE,SELL,MIS,1,32,433.3,2026-09-29 14:44:06.210,139125531146,13865.6
TRD30006337,ORD20000820,C100003,ITC,NSE,SELL,MIS,2,252,433.3,2026-09-29 14:44:09.802,270615848602,109191.6
TRD30006338,ORD20003029,C100132,KOTAKBANK,NSE,SELL,CNC,1,2,1808.5,2026-09-29 14:44:50.051,515604418293,3617.0
TRD30006339,ORD20003029,C100132,KOTAKBANK,NSE,SELL,CNC,2,1,1808.5,2026-09-29 14:44:52.239,106785886479,1808.5
TRD30006340,ORD20003765,C100027,AXISBANK,NSE,BUY,CNC,1,5,1147.45,2026-09-29 14:44:55.299,701012556220,5737.25
TRD30006341,ORD20003765,C100027,AXISBANK,NSE,BUY,CNC,2,8,1148.45,2026-09-29 14:44:55.788,957279108821,9187.6
TRD30006342,ORD20003765,C100027,AXISBANK,NSE,BUY,CNC,3,5,1147.7,2026-09-29 14:44:56.229,478340573404,5738.5
TRD30006343,ORD20001444,C100109,RELIANCE,NSE,SELL,CNC,1,1,2888.9,2026-09-29 14:45:21.795,591511353818,2888.9
TRD30006344,ORD20001444,C100109,RELIANCE,NSE,SELL,CNC,2,1,2888.9,2026-09-29 14:45:23.160,961826216776,2888.9
TRD30006345,ORD20001444,C100109,RELIANCE,NSE,SELL,CNC,3,1,2888.9,2026-09-29 14:45:26.524,208574360358,2888.9
TRD30006346,ORD20001062,C100089,NTPC,NSE,BUY,MIS,1,127,349.45,2026-09-29 14:45:45.914,457509672848,44380.15
TRD30006347,ORD20000278,C100194,TATAMOTORS,NSE,BUY,MIS,1,3,890.95,2026-09-29 14:49:39.373,988367272360,2672.85
TRD30006348,ORD20002560,C100070,ASIANPAINT,NSE,SELL,MIS,1,7,3008.7,2026-09-29 14:50:29.176,226318180052,21060.9
TRD30006349,ORD20000226,C100022,TATAMOTORS,NSE,SELL,CNC,1,151,926.8,2026-09-29 14:57:41.285,892962910758,139946.8
TRD30006350,ORD20001514,C100190,MARUTI,NSE,BUY,MIS,1,2,12152.2,2026-09-29 14:59:57.164,466455205975,24304.4
TRD30006351,ORD20001514,C100190,MARUTI,NSE,BUY,MIS,2,3,12152.2,2026-09-29 14:59:58.586,565295609472,36456.6
TRD30006352,ORD20001655,C100100,HINDUNILVR,NSE,BUY,CNC,1,12,2468.4,2026-09-29 15:02:00.564,841899940295,29620.8
TRD30006353,ORD20001655,C100100,HINDUNILVR,NSE,BUY,CNC,2,9,2463.15,2026-09-29 15:02:04.428,986496431339,22168.35
TRD30006354,ORD20001655,C100100,HINDUNILVR,NSE,BUY,CNC,3,7,2465.6,2026-09-29 15:02:05.556,124004465281,17259.2
TRD30006355,ORD20004163,C100080,NTPC,NSE,SELL,CNC,1,27,373.05,2026-09-29 15:04:27.670,413131114394,10072.35
TRD30006356,ORD20004163,C100080,NTPC,NSE,SELL,CNC,2,8,373.05,2026-09-29 15:04:28.627,362760027325,2984.4
TRD30006357,ORD20004163,C100080,NTPC,NSE,SELL,CNC,3,45,373.05,2026-09-29 15:04:28.801,514327190577,16787.25
TRD30006358,ORD20003071,C100080,ONGC,NSE,SELL,CNC,1,76,262.75,2026-09-29 15:05:14.167,240049745840,19969.0
TRD30006359,ORD20003071,C100080,ONGC,NSE,SELL,CNC,2,183,262.35,2026-09-29 15:05:16.011,386635946537,48010.05
TRD30006360,ORD20001565,C100075,HDFCBANK,NSE,BUY,CNC,1,29,1694.3,2026-09-29 15:06:04.254,656175206266,49134.7
TRD30006361,ORD20002693,C100051,HDFCBANK,NSE,BUY,MIS,1,1,1573.0,2026-09-29 15:07:43.715,822436094589,1573.0
TRD30006363,ORD20001307,C100150,HINDUNILVR,NSE,SELL,CNC,1,8,2484.4,2026-09-29 15:07:45.201,333749606869,19875.2
TRD30006364,ORD20001307,C100150,HINDUNILVR,NSE,SELL,CNC,2,4,2483.05,2026-09-29 15:07:45.362,977085303213,9932.2
TRD30006362,ORD20002693,C100051,HDFCBANK,NSE,BUY,MIS,2,2,1570.45,2026-09-29 15:07:46.278,964961777421,3140.9
TRD30006365,ORD20000075,C100085,ITC,NSE,SELL,CNC,1,2,429.9,2026-09-29 15:08:56.929,372528576840,859.8
TRD30006366,ORD20000075,C100085,ITC,NSE,SELL,CNC,2,4,429.9,2026-09-29 15:08:59.618,934255758609,1719.6
TRD30006367,ORD20000075,C100085,ITC,NSE,SELL,CNC,3,9,429.9,2026-09-29 15:08:59.909,773023755381,3869.1
TRD30006368,ORD20002420,C100021,AXISBANK,NSE,SELL,MIS,1,19,1182.1,2026-09-29 15:09:57.694,470847370017,22459.9
TRD30006369,ORD20004817,C100016,ITC,NSE,SELL,MIS,1,12,447.05,2026-09-29 15:10:00.556,976301841006,5364.6
TRD30006370,ORD20004817,C100016,ITC,NSE,SELL,MIS,2,44,447.05,2026-09-29 15:10:03.993,126317179872,19670.2
TRD30006371,ORD20004817,C100016,ITC,NSE,SELL,MIS,3,44,447.05,2026-09-29 15:10:06.543,806135795480,19670.2
TRD30006372,ORD20004018,C100105,MARUTI,NSE,SELL,CNC,1,2,12051.8,2026-09-29 15:10:32.628,706208247747,24103.6
TRD30006373,ORD20002513,C100188,ITC,NSE,BUY,MIS,1,2,442.7,2026-09-29 15:10:38.925,181403788655,885.4
TRD30006374,ORD20002513,C100188,ITC,NSE,BUY,MIS,2,19,442.7,2026-09-29 15:10:39.073,356239502333,8411.3
TRD30006375,ORD20002513,C100188,ITC,NSE,BUY,MIS,3,11,442.7,2026-09-29 15:10:39.606,503567257506,4869.7
TRD30006376,ORD20004716,C100149,HINDUNILVR,NSE,BUY,MIS,1,1,2283.45,2026-09-29 15:13:53.644,317998152298,2283.45
TRD30006377,ORD20004716,C100149,HINDUNILVR,NSE,BUY,MIS,2,1,2283.45,2026-09-29 15:13:54.351,940197699905,2283.45
TRD30006378,ORD20000169,C100017,HDFCBANK,NSE,BUY,CNC,1,14,1625.9,2026-09-29 15:15:26.718,239042859263,22762.6
TRD30006379,ORD20000169,C100017,HDFCBANK,NSE,BUY,CNC,2,2,1625.9,2026-09-29 15:15:29.588,603246296424,3251.8
TRD30006380,ORD20003011,C100012,INFY,NSE,SELL,MIS,1,2,1579.55,2026-09-29 15:15:30.377,592680939670,3159.1
TRD30006381,ORD20003011,C100012,INFY,NSE,SELL,MIS,2,13,1579.7,2026-09-29 15:15:31.602,580787327552,20536.1
TRD30006382,ORD20001495,C100093,NTPC,BSE,BUY,MIS,1,6,364.3,2026-09-29 15:15:36.238,224429460566,2185.8
TRD30006383,ORD20001495,C100093,NTPC,BSE,BUY,MIS,2,51,364.0,2026-09-29 15:15:38.862,541911399750,18564.0
TRD30006384,ORD20001495,C100093,NTPC,BSE,BUY,MIS,3,2,363.75,2026-09-29 15:15:42.735,928616794118,727.5
TRD30006385,ORD20002756,C100103,BHARTIARTL,NSE,SELL,MIS,1,48,1394.15,2026-09-29 15:17:01.257,288173889235,66919.2
TRD30006386,ORD20003733,C100021,TITAN,NSE,SELL,CNC,1,1,3532.2,2026-09-29 15:18:06.113,166885591411,3532.2
TRD30006387,ORD20003733,C100021,TITAN,NSE,SELL,CNC,2,4,3532.2,2026-09-29 15:18:08.966,954103906636,14128.8
TRD30006388,ORD20003733,C100021,TITAN,NSE,SELL,CNC,3,3,3532.2,2026-09-29 15:18:09.405,930175316502,10596.6
TRD30006389,ORD20003728,C100017,MARUTI,NSE,BUY,MIS,1,10,12674.65,2026-09-29 15:20:06.759,601521231500,126746.5
TRD30006390,ORD20002837,C100130,ITC,NSE,BUY,MIS,1,262,460.2,2026-09-29 15:21:40.978,898118573410,120572.4
TRD30006391,ORD20003798,C100189,AXISBANK,NSE,SELL,CNC,1,3,1147.65,2026-09-29 15:23:13.273,976801816638,3442.95
TRD30006392,ORD20003798,C100189,AXISBANK,NSE,SELL,CNC,2,6,1147.65,2026-09-29 15:23:15.817,256117784659,6885.9
TRD30006393,ORD20003798,C100189,AXISBANK,NSE,SELL,CNC,3,15,1147.65,2026-09-29 15:23:16.491,296408202485,17214.75
TRD30006394,ORD20001928,C100157,RELIANCE,NSE,SELL,MIS,1,7,2724.4,2026-09-29 15:24:46.745,580801191461,19070.8
TRD30006395,ORD20000796,C100159,HDFCBANK,NSE,BUY,MIS,1,81,1603.7,2026-09-30 09:15:14.581,733727419531,129899.7
TRD30006396,ORD20000942,C100154,TCS,NSE,BUY,MIS,1,1,3642.4,2026-09-30 09:16:25.040,830347029759,3642.4
TRD30006397,ORD20003094,C100141,TATAMOTORS,NSE,SELL,MIS,1,7,947.9,2026-09-30 09:17:55.449,543146509576,6635.3
TRD30006398,ORD20003094,C100141,TATAMOTORS,NSE,SELL,MIS,2,1,947.9,2026-09-30 09:17:56.325,121014802481,947.9
TRD30006399,ORD20003094,C100141,TATAMOTORS,NSE,SELL,MIS,3,23,947.9,2026-09-30 09:17:58.732,164770817288,21801.7
TRD30006400,ORD20001301,C100067,TATAMOTORS,NSE,BUY,CNC,1,3,982.15,2026-09-30 09:20:24.222,853330960446,2946.45
TRD30006401,ORD20001301,C100067,TATAMOTORS,NSE,BUY,CNC,2,1,982.15,2026-09-30 09:20:27.028,606661630986,982.15
TRD30006402,ORD20001301,C100067,TATAMOTORS,NSE,BUY,CNC,3,2,982.15,2026-09-30 09:20:27.947,148236044211,1964.3
TRD30006403,ORD20004306,C100114,RELIANCE,NSE,SELL,CNC,1,19,2851.6,2026-09-30 09:21:47.822,725548911529,54180.4
TRD30006404,ORD20004426,C100007,ONGC,NSE,BUY,MIS,1,21,263.35,2026-09-30 09:25:16.764,667350713905,5530.35
TRD30006405,ORD20003099,C100196,ITC,NSE,SELL,MIS,1,11,463.9,2026-09-30 09:29:21.363,483077440528,5102.9
TRD30006406,ORD20003099,C100196,ITC,NSE,SELL,MIS,2,9,463.85,2026-09-30 09:29:22.820,873007700379,4174.65
TRD30006407,ORD20000581,C100128,HINDUNILVR,NSE,SELL,CNC,1,5,2367.95,2026-09-30 09:29:27.288,363632574502,11839.75
TRD30006408,ORD20003886,C100167,MARUTI,NSE,SELL,MIS,1,1,11816.85,2026-09-30 09:30:03.671,781076224454,11816.85
TRD30006409,ORD20002498,C100127,SUNPHARMA,NSE,SELL,CNC,1,1,1664.7,2026-09-30 09:30:56.279,397137822253,1664.7
TRD30006410,ORD20002498,C100127,SUNPHARMA,NSE,SELL,CNC,2,1,1664.7,2026-09-30 09:30:56.359,601492376962,1664.7
TRD30006411,ORD20002498,C100127,SUNPHARMA,NSE,SELL,CNC,3,12,1664.7,2026-09-30 09:30:58.708,996338587557,19976.4
TRD30006412,ORD20003998,C100148,TATAMOTORS,NSE,BUY,MIS,1,4,967.6,2026-09-30 09:33:26.671,651583320083,3870.4
TRD30006413,ORD20003998,C100148,TATAMOTORS,NSE,BUY,MIS,2,7,967.6,2026-09-30 09:33:27.876,606437193303,6773.2
TRD30006414,ORD20003998,C100148,TATAMOTORS,NSE,BUY,MIS,3,42,967.6,2026-09-30 09:33:31.449,613925938380,40639.2
TRD30006415,ORD20002499,C100178,TATAMOTORS,NSE,SELL,MIS,1,6,962.65,2026-09-30 09:33:59.858,726124485035,5775.9
TRD30006416,ORD20002499,C100178,TATAMOTORS,NSE,SELL,MIS,2,1,963.6,2026-09-30 09:34:03.157,821922138628,963.6
TRD30006417,ORD20003204,C100132,INFY,NSE,BUY,MIS,1,54,1624.15,2026-09-30 09:34:15.726,815327674411,87704.1
TRD30006418,ORD20000665,C100156,HDFCBANK,NSE,BUY,CNC,1,7,1680.3,2026-09-30 09:35:05.666,787542570434,11762.1
TRD30006419,ORD20004354,C100161,MARUTI,NSE,BUY,MIS,1,1,11689.45,2026-09-30 09:36:46.585,404453094301,11689.45
TRD30006420,ORD20003578,C100046,BHARTIARTL,NSE,SELL,CNC,1,1,1456.3,2026-09-30 09:36:52.789,317533610437,1456.3
TRD30006421,ORD20003578,C100046,BHARTIARTL,NSE,SELL,CNC,2,12,1458.5,2026-09-30 09:36:56.278,462169008111,17502.0
TRD30006422,ORD20003578,C100046,BHARTIARTL,NSE,SELL,CNC,3,1,1458.45,2026-09-30 09:36:59.755,567723746815,1458.45
TRD30006423,ORD20000441,C100177,BHARTIARTL,NSE,SELL,MIS,1,46,1381.35,2026-09-30 09:38:35.305,831003589571,63542.1
TRD30006424,ORD20000441,C100177,BHARTIARTL,NSE,SELL,MIS,2,39,1384.15,2026-09-30 09:38:39.286,571535401419,53981.85
TRD30006425,ORD20000441,C100177,BHARTIARTL,NSE,SELL,MIS,3,17,1383.05,2026-09-30 09:38:43.047,430685003111,23511.85
TRD30006426,ORD20000177,C100186,ONGC,NSE,SELL,MIS,1,2,264.7,2026-09-30 09:40:53.912,583498078738,529.4
TRD30006427,ORD20000177,C100186,ONGC,NSE,SELL,MIS,2,3,264.35,2026-09-30 09:40:56.846,166192503715,793.05
TRD30006428,ORD20000177,C100186,ONGC,NSE,SELL,MIS,3,5,264.75,2026-09-30 09:41:00.121,584327392286,1323.75
TRD30006429,ORD20004986,C100015,HDFCBANK,NSE,SELL,MIS,1,8,1663.4,2026-09-30 09:41:04.514,565835792072,13307.2
TRD30006430,ORD20004332,C100122,BHARTIARTL,NSE,BUY,CNC,1,3,1407.35,2026-09-30 09:41:06.970,631341243019,4222.05
TRD30006431,ORD20004332,C100122,BHARTIARTL,NSE,BUY,CNC,2,3,1404.6,2026-09-30 09:41:10.254,878008186260,4213.8
TRD30006432,ORD20004332,C100122,BHARTIARTL,NSE,BUY,CNC,3,1,1405.8,2026-09-30 09:41:13.994,611720685307,1405.8
TRD30006433,ORD20000320,C100140,SBIN,NSE,SELL,MIS,1,36,826.5,2026-09-30 09:41:17.328,606296003791,29754.0
TRD30006434,ORD20003675,C100101,NTPC,NSE,BUY,MIS,1,7,349.85,2026-09-30 09:42:29.522,711999058546,2448.95
TRD30006435,ORD20003675,C100101,NTPC,NSE,BUY,MIS,2,10,349.85,2026-09-30 09:42:31.472,973537207192,3498.5
TRD30006436,ORD20003675,C100101,NTPC,NSE,BUY,MIS,3,2,349.85,2026-09-30 09:42:32.651,753233086754,699.7
TRD30006437,ORD20000247,C100134,HDFCBANK,NSE,BUY,MIS,1,26,1696.9,2026-09-30 09:42:59.282,275849152011,44119.4
TRD30006438,ORD20000247,C100134,HDFCBANK,NSE,BUY,MIS,2,12,1695.8,2026-09-30 09:43:02.727,490258905262,20349.6
TRD30006439,ORD20000247,C100134,HDFCBANK,NSE,BUY,MIS,3,15,1697.0,2026-09-30 09:43:03.103,221343621150,25455.0
TRD30006440,ORD20002167,C100145,SBIN,NSE,SELL,CNC,1,23,757.1,2026-09-30 09:44:19.394,129727431721,17413.3
TRD30006441,ORD20002167,C100145,SBIN,NSE,SELL,CNC,2,4,757.1,2026-09-30 09:44:19.772,837301786877,3028.4
TRD30006442,ORD20002167,C100145,SBIN,NSE,SELL,CNC,3,6,757.1,2026-09-30 09:44:21.899,420104607421,4542.6
TRD30006443,ORD20002585,C100104,INFY,NSE,BUY,CNC,1,1,1550.45,2026-09-30 09:44:58.337,339828692270,1550.45
TRD30006444,ORD20000827,C100115,HINDUNILVR,NSE,BUY,MIS,1,5,2403.9,2026-09-30 09:45:05.272,536417824289,12019.5
TRD30006445,ORD20000150,C100077,BHARTIARTL,NSE,SELL,CNC,1,54,1349.45,2026-09-30 09:45:35.177,284481450826,72870.3
TRD30006446,ORD20003709,C100111,NTPC,NSE,BUY,CNC,1,24,361.85,2026-09-30 09:47:30.959,142525522517,8684.4
TRD30006447,ORD20003709,C100111,NTPC,NSE,BUY,CNC,2,56,361.85,2026-09-30 09:47:32.848,702056768674,20263.6
TRD30006448,ORD20003739,C100140,SBIN,NSE,SELL,CNC,1,9,746.9,2026-09-30 09:50:28.748,297464906815,6722.1
TRD30006449,ORD20003739,C100140,SBIN,NSE,SELL,CNC,2,50,746.9,2026-09-30 09:50:32.534,123822393873,37345.0
TRD30006450,ORD20003739,C100140,SBIN,NSE,SELL,CNC,3,4,746.9,2026-09-30 09:50:34.905,764205307626,2987.6
TRD30006451,ORD20003984,C100090,RELIANCE,NSE,BUY,MIS,1,26,2924.7,2026-09-30 09:51:08.757,952675754858,76042.2
TRD30006452,ORD20003984,C100090,RELIANCE,NSE,BUY,MIS,2,9,2924.7,2026-09-30 09:51:10.656,204717926369,26322.3
TRD30006453,ORD20004095,C100053,HINDUNILVR,NSE,SELL,MIS,1,44,2341.3,2026-09-30 09:51:59.885,518760412499,103017.2
TRD30006454,ORD20000699,C100182,ASIANPAINT,BSE,SELL,CNC,1,1,3001.2,2026-09-30 09:52:35.268,287764009981,3001.2
TRD30006455,ORD20001114,C100002,SBIN,NSE,BUY,MIS,1,8,786.65,2026-09-30 09:54:18.936,138450433018,6293.2
TRD30006456,ORD20000954,C100016,HDFCBANK,NSE,BUY,CNC,1,73,1562.45,2026-09-30 09:54:54.055,453324677264,114058.85
TRD30006457,ORD20000954,C100016,HDFCBANK,NSE,BUY,CNC,2,7,1563.1,2026-09-30 09:54:54.686,821781575455,10941.7
TRD30006458,ORD20001400,C100100,HINDUNILVR,NSE,BUY,MIS,1,4,2358.4,2026-09-30 09:55:35.450,378571059745,9433.6
TRD30006459,ORD20001400,C100100,HINDUNILVR,NSE,BUY,MIS,2,25,2357.65,2026-09-30 09:55:38.644,186059501919,58941.25
TRD30006460,ORD20001400,C100100,HINDUNILVR,NSE,BUY,MIS,3,1,2358.2,2026-09-30 09:55:41.015,642474298855,2358.2
TRD30006461,ORD20002268,C100156,BHARTIARTL,NSE,SELL,MIS,1,2,1406.25,2026-09-30 09:55:47.175,856550637309,2812.5
TRD30006462,ORD20002268,C100156,BHARTIARTL,NSE,SELL,MIS,2,2,1406.75,2026-09-30 09:55:50.262,410729980557,2813.5
TRD30006463,ORD20002268,C100156,BHARTIARTL,NSE,SELL,MIS,3,1,1408.15,2026-09-30 09:55:54.167,503656658543,1408.15
TRD30006464,ORD20002668,C100024,RELIANCE,NSE,BUY,CNC,1,1,2860.25,2026-09-30 09:58:46.435,252140872074,2860.25
TRD30006465,ORD20002668,C100024,RELIANCE,NSE,BUY,CNC,2,2,2860.25,2026-09-30 09:58:46.648,992137447299,5720.5
TRD30006466,ORD20002668,C100024,RELIANCE,NSE,BUY,CNC,3,13,2860.25,2026-09-30 09:58:49.389,969397203613,37183.25
TRD30006467,ORD20003614,C100059,ONGC,NSE,SELL,MIS,1,525,273.75,2026-09-30 09:59:08.199,821192663001,143718.75
TRD30006468,ORD20002310,C100128,ICICIBANK,NSE,BUY,CNC,1,2,1208.6,2026-09-30 09:59:38.956,165234734907,2417.2
TRD30006469,ORD20002310,C100128,ICICIBANK,NSE,BUY,CNC,2,1,1207.45,2026-09-30 09:59:39.985,370597941237,1207.45
TRD30006470,ORD20001818,C100199,INFY,NSE,SELL,MIS,1,1,1588.05,2026-09-30 10:09:18.836,277072127282,1588.05
TRD30006471,ORD20001818,C100199,INFY,NSE,SELL,MIS,2,5,1589.8,2026-09-30 10:09:22.515,205317535091,7949.0
TRD30006472,ORD20001818,C100199,INFY,NSE,SELL,MIS,3,6,1589.5,2026-09-30 10:09:25.080,478839090750,9537.0
TRD30006473,ORD20003589,C100168,MARUTI,NSE,BUY,CNC,1,6,12618.65,2026-09-30 10:11:09.049,475706480127,75711.9
TRD30006474,ORD20002413,C100063,TATAMOTORS,NSE,BUY,MIS,1,48,951.8,2026-09-30 10:12:40.625,963180072288,45686.4
TRD30006475,ORD20000008,C100182,ITC,NSE,BUY,MIS,1,3,452.8,2026-09-30 10:12:42.590,754277393583,1358.4
TRD30006476,ORD20000008,C100182,ITC,NSE,BUY,MIS,2,8,452.75,2026-09-30 10:12:46.557,170946608078,3622.0
TRD30006477,ORD20003523,C100152,BHARTIARTL,NSE,BUY,MIS,1,6,1397.1,2026-09-30 10:15:45.356,146312597733,8382.6
TRD30006478,ORD20000245,C100130,MARUTI,NSE,BUY,MIS,1,1,12225.35,2026-09-30 10:18:52.673,954846436632,12225.35
TRD30006479,ORD20000299,C100164,ITC,BSE,BUY,CNC,1,9,450.8,2026-09-30 10:19:50.282,823180551206,4057.2
TRD30006480,ORD20000299,C100164,ITC,BSE,BUY,CNC,2,2,450.75,2026-09-30 10:19:52.370,135458631051,901.5
TRD30006481,ORD20003587,C100152,TATAMOTORS,NSE,BUY,CNC,1,5,915.7,2026-09-30 10:21:14.473,872133189146,4578.5
TRD30006482,ORD20003587,C100152,TATAMOTORS,NSE,BUY,CNC,2,1,915.7,2026-09-30 10:21:15.458,541870238417,915.7
TRD30006483,ORD20002173,C100126,AXISBANK,NSE,BUY,MIS,1,1,1132.75,2026-09-30 10:22:31.085,769909931805,1132.75
TRD30006484,ORD20002173,C100126,AXISBANK,NSE,BUY,MIS,2,1,1132.75,2026-09-30 10:22:34.538,625043242001,1132.75
TRD30006485,ORD20002173,C100126,AXISBANK,NSE,BUY,MIS,3,12,1132.75,2026-09-30 10:22:37.756,714383531266,13593.0
TRD30006486,ORD20004820,C100151,TITAN,BSE,SELL,CNC,1,1,3508.2,2026-09-30 10:22:41.253,393590609401,3508.2
TRD30006487,ORD20004820,C100151,TITAN,BSE,SELL,CNC,2,1,3508.2,2026-09-30 10:22:42.385,567665335544,3508.2
TRD30006489,ORD20002831,C100139,ITC,NSE,BUY,MIS,1,76,440.3,2026-09-30 10:24:57.065,457010042999,33462.8
TRD30006488,ORD20001154,C100191,HDFCBANK,NSE,SELL,MIS,1,4,1515.0,2026-09-30 10:24:58.194,277609349205,6060.0
TRD30006490,ORD20004985,C100058,TCS,NSE,BUY,MIS,1,4,3939.75,2026-09-30 10:25:09.015,184237424599,15759.0
TRD30006491,ORD20004985,C100058,TCS,NSE,BUY,MIS,2,3,3942.3,2026-09-30 10:25:09.543,695347764441,11826.9
TRD30006492,ORD20000395,C100089,SBIN,NSE,SELL,MIS,1,3,750.95,2026-09-30 10:26:36.458,153679526614,2252.85
TRD30006493,ORD20000395,C100089,SBIN,NSE,SELL,MIS,2,108,751.35,2026-09-30 10:26:37.115,366673658852,81145.8
TRD30006494,ORD20001924,C100174,ICICIBANK,NSE,BUY,CNC,1,1,1137.9,2026-09-30 10:29:21.061,191252631001,1137.9
TRD30006497,ORD20001711,C100102,HDFCBANK,NSE,SELL,MIS,1,1,1640.4,2026-09-30 10:29:21.799,428128151622,1640.4
TRD30006495,ORD20001924,C100174,ICICIBANK,NSE,BUY,CNC,2,1,1137.9,2026-09-30 10:29:22.165,699097025965,1137.9
TRD30006498,ORD20001711,C100102,HDFCBANK,NSE,SELL,MIS,2,1,1638.95,2026-09-30 10:29:24.213,526900445612,1638.95
TRD30006499,ORD20001711,C100102,HDFCBANK,NSE,SELL,MIS,3,1,1639.9,2026-09-30 10:29:25.473,245121167861,1639.9
TRD30006496,ORD20001924,C100174,ICICIBANK,NSE,BUY,CNC,3,1,1137.9,2026-09-30 10:29:26.059,521577359867,1137.9
TRD30006500,ORD20000933,C100081,BHARTIARTL,NSE,BUY,MIS,1,4,1342.85,2026-09-30 10:31:01.579,902031479874,5371.4
TRD30006501,ORD20000933,C100081,BHARTIARTL,NSE,BUY,MIS,2,4,1343.75,2026-09-30 10:31:02.747,411907845171,5375.0
TRD30006502,ORD20002752,C100080,WIPRO,NSE,BUY,MIS,1,6,473.3,2026-09-30 10:31:18.515,703796111556,2839.8
TRD30006503,ORD20002752,C100080,WIPRO,NSE,BUY,MIS,2,1,473.3,2026-09-30 10:31:22.128,951107753948,473.3
TRD30006504,ORD20002752,C100080,WIPRO,NSE,BUY,MIS,3,1,473.3,2026-09-30 10:31:25.081,212122244577,473.3
TRD30006505,ORD20002632,C100107,BHARTIARTL,NSE,BUY,CNC,1,3,1417.3,2026-09-30 10:33:23.642,709286777143,4251.9
TRD30006506,ORD20001255,C100101,MARUTI,BSE,SELL,MIS,1,1,11575.5,2026-09-30 10:34:07.570,107026777593,11575.5
TRD30006507,ORD20001255,C100101,MARUTI,BSE,SELL,MIS,2,3,11575.5,2026-09-30 10:34:10.548,953669255783,34726.5
TRD30006508,ORD20003330,C100106,ONGC,NSE,BUY,CNC,1,32,258.0,2026-09-30 10:34:32.941,404774512705,8256.0
TRD30006509,ORD20002066,C100008,HINDUNILVR,NSE,BUY,MIS,1,1,2476.35,2026-09-30 10:35:22.897,361499854425,2476.35
TRD30006510,ORD20002066,C100008,HINDUNILVR,NSE,BUY,MIS,2,1,2474.5,2026-09-30 10:35:25.917,376280920007,2474.5
TRD30006511,ORD20002218,C100124,MARUTI,NSE,BUY,CNC,1,1,12152.7,2026-09-30 10:36:40.206,990985036449,12152.7
TRD30006512,ORD20002064,C100172,MARUTI,NSE,SELL,CNC,1,1,11849.0,2026-09-30 10:37:28.633,366668121455,11849.0
TRD30006513,ORD20003888,C100006,MARUTI,BSE,BUY,MIS,1,1,11875.5,2026-09-30 10:37:43.935,920348505980,11875.5
TRD30006514,ORD20003889,C100125,ITC,NSE,BUY,CNC,1,7,423.35,2026-09-30 10:41:47.037,908889704467,2963.45
TRD30006515,ORD20000886,C100159,MARUTI,NSE,SELL,MIS,1,1,11686.35,2026-09-30 10:41:52.238,869548159138,11686.35
TRD30006516,ORD20003835,C100008,TCS,NSE,SELL,MIS,1,2,3742.4,2026-09-30 10:43:00.246,242704372337,7484.8
TRD30006517,ORD20003835,C100008,TCS,NSE,SELL,MIS,2,1,3746.9,2026-09-30 10:43:03.484,693774697907,3746.9
TRD30006518,ORD20003835,C100008,TCS,NSE,SELL,MIS,3,4,3745.65,2026-09-30 10:43:05.649,441904761586,14982.6
TRD30006519,ORD20000140,C100123,KOTAKBANK,NSE,SELL,MIS,1,2,1702.6,2026-09-30 10:44:23.770,525533301795,3405.2
TRD30006520,ORD20004058,C100105,ICICIBANK,NSE,BUY,MIS,1,4,1202.85,2026-09-30 10:49:33.106,238721338753,4811.4
TRD30006521,ORD20000759,C100044,TATAMOTORS,NSE,SELL,CNC,1,2,932.65,2026-09-30 10:51:52.510,979500322817,1865.3
TRD30006522,ORD20000759,C100044,TATAMOTORS,NSE,SELL,CNC,2,2,932.7,2026-09-30 10:51:56.348,339030287227,1865.4
TRD30006523,ORD20000759,C100044,TATAMOTORS,NSE,SELL,CNC,3,3,933.6,2026-09-30 10:51:57.608,872666367260,2800.8
TRD30006524,ORD20001681,C100167,NTPC,NSE,BUY,MIS,1,1,361.9,2026-09-30 10:53:10.022,154213598065,361.9
TRD30006525,ORD20001681,C100167,NTPC,NSE,BUY,MIS,2,7,361.9,2026-09-30 10:53:10.115,813088344169,2533.3
TRD30006526,ORD20000806,C100021,HINDUNILVR,NSE,SELL,MIS,1,1,2345.05,2026-09-30 10:55:29.411,817140951653,2345.05
TRD30006527,ORD20000806,C100021,HINDUNILVR,NSE,SELL,MIS,2,3,2345.05,2026-09-30 10:55:33.382,334847867372,7035.15
TRD30006528,ORD20000806,C100021,HINDUNILVR,NSE,SELL,MIS,3,4,2345.05,2026-09-30 10:55:33.742,610703864555,9380.2
TRD30006529,ORD20004515,C100087,BHARTIARTL,NSE,BUY,MIS,1,1,1404.0,2026-09-30 10:58:39.812,367905357406,1404.0
TRD30006530,ORD20004515,C100087,BHARTIARTL,NSE,BUY,MIS,2,1,1403.3,2026-09-30 10:58:40.925,289557770219,1403.3
TRD30006531,ORD20004515,C100087,BHARTIARTL,NSE,BUY,MIS,3,2,1404.15,2026-09-30 10:58:41.055,656411435069,2808.3
TRD30006532,ORD20004352,C100014,TATAMOTORS,NSE,BUY,MIS,1,15,963.25,2026-09-30 11:00:12.720,752802131322,14448.75
TRD30006533,ORD20001619,C100006,BHARTIARTL,NSE,SELL,MIS,1,38,1427.6,2026-09-30 11:01:24.923,741349611723,54248.8
TRD30006534,ORD20001619,C100006,BHARTIARTL,NSE,SELL,MIS,2,16,1427.6,2026-09-30 11:01:27.746,854627927139,22841.6
TRD30006535,ORD20002480,C100070,SBIN,NSE,BUY,CNC,1,6,783.0,2026-09-30 11:01:34.143,743716760378,4698.0
TRD30006536,ORD20002480,C100070,SBIN,NSE,BUY,CNC,2,1,783.0,2026-09-30 11:01:37.241,444203229411,783.0
TRD30006537,ORD20001148,C100161,ASIANPAINT,NSE,SELL,MIS,1,3,2996.6,2026-09-30 11:02:10.964,981280868812,8989.8
TRD30006538,ORD20001148,C100161,ASIANPAINT,NSE,SELL,MIS,2,3,3002.5,2026-09-30 11:02:12.379,960252004056,9007.5
TRD30006539,ORD20001552,C100188,ITC,NSE,BUY,CNC,1,15,468.4,2026-09-30 11:03:22.095,506734464848,7026.0
TRD30006540,ORD20001552,C100188,ITC,NSE,BUY,CNC,2,58,468.4,2026-09-30 11:03:24.635,974037947472,27167.2
TRD30006541,ORD20004430,C100107,TCS,NSE,BUY,CNC,1,38,3726.15,2026-09-30 11:03:44.017,984815764251,141593.7
TRD30006542,ORD20004430,C100107,TCS,NSE,BUY,CNC,2,1,3731.5,2026-09-30 11:03:44.394,769188328357,3731.5
TRD30006543,ORD20001799,C100012,RELIANCE,NSE,BUY,CNC,1,2,2753.35,2026-09-30 11:04:09.498,826793175223,5506.7
TRD30006544,ORD20001799,C100012,RELIANCE,NSE,BUY,CNC,2,2,2753.35,2026-09-30 11:04:12.251,202720440908,5506.7
TRD30006545,ORD20000231,C100087,HDFCBANK,NSE,SELL,CNC,1,4,1691.0,2026-09-30 11:07:34.554,343253041353,6764.0
TRD30006546,ORD20000231,C100087,HDFCBANK,NSE,SELL,CNC,2,5,1691.0,2026-09-30 11:07:35.880,210186467004,8455.0
TRD30006547,ORD20000231,C100087,HDFCBANK,NSE,SELL,CNC,3,8,1691.0,2026-09-30 11:07:38.618,237899606694,13528.0
TRD30006548,ORD20000100,C100182,HDFCBANK,NSE,SELL,MIS,1,1,1559.0,2026-09-30 11:09:16.812,799497458095,1559.0
TRD30006549,ORD20000100,C100182,HDFCBANK,NSE,SELL,MIS,2,1,1557.25,2026-09-30 11:09:19.008,284232509223,1557.25
TRD30006550,ORD20000488,C100086,BHARTIARTL,NSE,BUY,CNC,1,7,1376.15,2026-09-30 11:09:19.469,440192284498,9633.05
TRD30006551,ORD20000488,C100086,BHARTIARTL,NSE,BUY,CNC,2,11,1375.35,2026-09-30 11:09:19.560,492821276899,15128.85
TRD30006552,ORD20004178,C100035,HDFCBANK,NSE,SELL,CNC,1,1,1700.75,2026-09-30 11:09:39.320,161542131702,1700.75
TRD30006553,ORD20004178,C100035,HDFCBANK,NSE,SELL,CNC,2,1,1700.75,2026-09-30 11:09:39.514,875174594774,1700.75
TRD30006554,ORD20004178,C100035,HDFCBANK,NSE,SELL,CNC,3,1,1700.75,2026-09-30 11:09:40.306,861137040294,1700.75
TRD30006555,ORD20003782,C100073,INFY,BSE,SELL,MIS,1,86,1538.95,2026-09-30 11:11:28.428,117238853117,132349.7
TRD30006556,ORD20004700,C100124,HINDUNILVR,NSE,SELL,CNC,1,7,2463.85,2026-09-30 11:14:10.229,632959247242,17246.95
TRD30006557,ORD20004700,C100124,HINDUNILVR,NSE,SELL,CNC,2,15,2461.9,2026-09-30 11:14:10.736,638664206692,36928.5
TRD30006558,ORD20004700,C100124,HINDUNILVR,NSE,SELL,CNC,3,1,2463.55,2026-09-30 11:14:10.954,662595391138,2463.55
TRD30006559,ORD20002370,C100009,INFY,NSE,BUY,MIS,1,1,1635.9,2026-09-30 11:16:38.253,332822722722,1635.9
TRD30006560,ORD20002370,C100009,INFY,NSE,BUY,MIS,2,2,1635.9,2026-09-30 11:16:41.192,252225572691,3271.8
TRD30006561,ORD20002370,C100009,INFY,NSE,BUY,MIS,3,1,1635.9,2026-09-30 11:16:44.835,177943081984,1635.9
TRD30006562,ORD20004611,C100077,TCS,NSE,SELL,CNC,1,1,3733.15,2026-09-30 11:17:38.422,749137038584,3733.15
TRD30006563,ORD20003565,C100038,KOTAKBANK,NSE,BUY,CNC,1,1,1756.7,2026-09-30 11:18:49.360,543107249487,1756.7
TRD30006564,ORD20003565,C100038,KOTAKBANK,NSE,BUY,CNC,2,1,1756.8,2026-09-30 11:18:49.834,651495271343,1756.8
TRD30006565,ORD20003565,C100038,KOTAKBANK,NSE,BUY,CNC,3,6,1755.9,2026-09-30 11:18:53.497,601891633766,10535.4
TRD30006566,ORD20002205,C100096,BHARTIARTL,NSE,BUY,MIS,1,37,1425.85,2026-09-30 11:19:19.444,692113473781,52756.45
TRD30006567,ORD20003267,C100163,HDFCBANK,NSE,SELL,CNC,1,5,1696.2,2026-09-30 11:20:31.080,734926543364,8481.0
TRD30006568,ORD20004831,C100055,HDFCBANK,NSE,SELL,CNC,1,1,1593.35,2026-09-30 11:22:34.849,290479651313,1593.35
TRD30006570,ORD20004539,C100065,KOTAKBANK,NSE,BUY,CNC,1,16,1687.5,2026-09-30 11:23:27.744,348424693861,27000.0
TRD30006569,ORD20002410,C100088,ITC,NSE,BUY,CNC,1,23,452.05,2026-09-30 11:23:27.816,719174549563,10397.15
TRD30006571,ORD20003643,C100142,RELIANCE,NSE,BUY,MIS,1,2,2914.55,2026-09-30 11:24:46.752,124924707791,5829.1
TRD30006572,ORD20003643,C100142,RELIANCE,NSE,BUY,MIS,2,1,2914.55,2026-09-30 11:24:48.394,837015308917,2914.55
TRD30006573,ORD20000687,C100047,KOTAKBANK,NSE,BUY,CNC,1,18,1752.45,2026-09-30 11:26:01.052,776457586577,31544.1
TRD30006574,ORD20000687,C100047,KOTAKBANK,NSE,BUY,CNC,2,13,1752.45,2026-09-30 11:26:04.962,777277806609,22781.85
TRD30006575,ORD20000687,C100047,KOTAKBANK,NSE,BUY,CNC,3,21,1752.45,2026-09-30 11:26:06.313,438147331818,36801.45
TRD30006576,ORD20004288,C100043,MARUTI,NSE,SELL,CNC,1,1,12676.3,2026-09-30 11:27:35.601,796202777357,12676.3
TRD30006577,ORD20002532,C100157,HINDUNILVR,NSE,SELL,MIS,1,10,2519.0,2026-09-30 11:32:35.647,360913929559,25190.0
TRD30006578,ORD20002532,C100157,HINDUNILVR,NSE,SELL,MIS,2,6,2519.0,2026-09-30 11:32:36.295,368218286382,15114.0
TRD30006579,ORD20002532,C100157,HINDUNILVR,NSE,SELL,MIS,3,2,2519.0,2026-09-30 11:32:37.134,429331824739,5038.0
TRD30006580,ORD20002195,C100151,HINDUNILVR,NSE,BUY,CNC,1,6,2500.6,2026-09-30 11:33:12.860,751177619442,15003.6
TRD30006581,ORD20002195,C100151,HINDUNILVR,NSE,BUY,CNC,2,4,2500.6,2026-09-30 11:33:15.943,323464882584,10002.4
TRD30006582,ORD20002195,C100151,HINDUNILVR,NSE,BUY,CNC,3,4,2500.6,2026-09-30 11:33:18.155,166905554490,10002.4
TRD30006583,ORD20000817,C100128,HDFCBANK,NSE,BUY,MIS,1,9,1678.3,2026-09-30 11:36:34.769,333315332538,15104.7
TRD30006584,ORD20000817,C100128,HDFCBANK,NSE,BUY,MIS,2,12,1678.4,2026-09-30 11:36:37.017,513297802590,20140.8
TRD30006585,ORD20000817,C100128,HDFCBANK,NSE,BUY,MIS,3,16,1677.0,2026-09-30 11:36:40.093,387010484552,26832.0
TRD30006586,ORD20002906,C100016,ITC,NSE,SELL,CNC,1,38,440.15,2026-09-30 11:37:16.908,747750791221,16725.7
TRD30006587,ORD20002906,C100016,ITC,NSE,SELL,CNC,2,69,440.45,2026-09-30 11:37:19.505,169658117049,30391.05
TRD30006588,ORD20002906,C100016,ITC,NSE,SELL,CNC,3,51,439.35,2026-09-30 11:37:21.639,690349794814,22406.85
TRD30006589,ORD20002802,C100042,MARUTI,NSE,SELL,MIS,1,2,11944.8,2026-09-30 11:38:09.729,382426281717,23889.6
TRD30006590,ORD20000409,C100048,HDFCBANK,NSE,BUY,MIS,1,1,1626.9,2026-09-30 11:51:28.096,265455795574,1626.9
TRD30006591,ORD20000409,C100048,HDFCBANK,NSE,BUY,MIS,2,1,1626.9,2026-09-30 11:51:29.737,309916746243,1626.9
TRD30006592,ORD20000409,C100048,HDFCBANK,NSE,BUY,MIS,3,1,1626.9,2026-09-30 11:51:31.887,278703471168,1626.9
TRD30006593,ORD20003198,C100166,MARUTI,NSE,BUY,MIS,1,3,11548.4,2026-09-30 11:54:08.187,874848837552,34645.2
TRD30006594,ORD20003198,C100166,MARUTI,NSE,BUY,MIS,2,4,11573.1,2026-09-30 11:54:10.674,365906480017,46292.4
TRD30006595,ORD20003198,C100166,MARUTI,NSE,BUY,MIS,3,4,11560.35,2026-09-30 11:54:14.618,831531295375,46241.4
TRD30006596,ORD20000843,C100018,ICICIBANK,NSE,SELL,MIS,1,2,1171.3,2026-09-30 11:57:14.272,361128245039,2342.6
TRD30006597,ORD20000843,C100018,ICICIBANK,NSE,SELL,MIS,2,1,1171.3,2026-09-30 11:57:16.975,103374106317,1171.3
TRD30006598,ORD20000843,C100018,ICICIBANK,NSE,SELL,MIS,3,1,1171.3,2026-09-30 11:57:19.768,106153908164,1171.3
TRD30006599,ORD20000496,C100044,ITC,NSE,BUY,CNC,1,8,448.9,2026-09-30 11:57:43.235,430960595045,3591.2
TRD30006600,ORD20000496,C100044,ITC,NSE,BUY,CNC,2,3,448.9,2026-09-30 11:57:44.770,868777711801,1346.7
TRD30006601,ORD20003383,C100046,BHARTIARTL,NSE,BUY,MIS,1,7,1425.55,2026-09-30 11:57:55.239,632546091265,9978.85
TRD30006602,ORD20003383,C100046,BHARTIARTL,NSE,BUY,MIS,2,23,1423.55,2026-09-30 11:57:58.266,711555271866,32741.65
TRD30006603,ORD20002636,C100062,HINDUNILVR,NSE,SELL,CNC,1,3,2318.85,2026-09-30 11:58:22.597,473208899974,6956.55
TRD30006604,ORD20002667,C100100,KOTAKBANK,NSE,BUY,CNC,1,32,1752.3,2026-09-30 11:59:02.780,347783024023,56073.6
TRD30006605,ORD20000477,C100177,INFY,NSE,SELL,MIS,1,1,1637.1,2026-09-30 12:07:41.152,678643374098,1637.1
TRD30006606,ORD20000477,C100177,INFY,NSE,SELL,MIS,2,3,1638.6,2026-09-30 12:07:44.453,621507000130,4915.8
TRD30006607,ORD20000477,C100177,INFY,NSE,SELL,MIS,3,1,1636.1,2026-09-30 12:07:47.117,131347376010,1636.1
TRD30006608,ORD20000125,C100037,HDFCBANK,NSE,SELL,MIS,1,3,1613.15,2026-09-30 12:08:08.705,597786007442,4839.45
TRD30006609,ORD20000125,C100037,HDFCBANK,NSE,SELL,MIS,2,1,1613.15,2026-09-30 12:08:12.092,667663590989,1613.15
TRD30006610,ORD20000041,C100123,ITC,NSE,BUY,MIS,1,117,434.6,2026-09-30 12:14:19.403,431579277610,50848.2
TRD30006611,ORD20002483,C100038,HDFCBANK,NSE,BUY,CNC,1,5,1652.75,2026-09-30 12:16:59.866,407758031759,8263.75
TRD30006612,ORD20002483,C100038,HDFCBANK,NSE,BUY,CNC,2,10,1652.75,2026-09-30 12:17:03.688,808679847201,16527.5
TRD30006613,ORD20002483,C100038,HDFCBANK,NSE,BUY,CNC,3,7,1652.75,2026-09-30 12:17:07.053,433789489059,11569.25
TRD30006614,ORD20000236,C100065,HDFCBANK,NSE,BUY,MIS,1,6,1668.45,2026-09-30 12:17:28.634,357802758374,10010.7
TRD30006615,ORD20000236,C100065,HDFCBANK,NSE,BUY,MIS,2,2,1668.45,2026-09-30 12:17:31.098,806235206589,3336.9
TRD30006616,ORD20000236,C100065,HDFCBANK,NSE,BUY,MIS,3,5,1668.45,2026-09-30 12:17:32.547,986358553183,8342.25
TRD30006617,ORD20000011,C100073,INFY,NSE,BUY,CNC,1,2,1643.15,2026-09-30 12:18:16.381,266307855439,3286.3
TRD30006618,ORD20000011,C100073,INFY,NSE,BUY,CNC,2,12,1643.15,2026-09-30 12:18:18.849,440587041264,19717.8
TRD30006619,ORD20000011,C100073,INFY,NSE,BUY,CNC,3,3,1643.15,2026-09-30 12:18:21.377,102361035867,4929.45
TRD30006620,ORD20001483,C100036,HDFCBANK,NSE,BUY,CNC,1,3,1648.9,2026-09-30 12:19:16.556,537160215929,4946.7
TRD30006621,ORD20001389,C100188,TATAMOTORS,NSE,SELL,CNC,1,2,998.4,2026-09-30 12:21:56.473,354550702316,1996.8
TRD30006622,ORD20001389,C100188,TATAMOTORS,NSE,SELL,CNC,2,2,998.4,2026-09-30 12:21:58.550,843061623138,1996.8
TRD30006623,ORD20001389,C100188,TATAMOTORS,NSE,SELL,CNC,3,1,998.4,2026-09-30 12:22:00.188,924194711747,998.4
TRD30006624,ORD20004460,C100046,HINDUNILVR,BSE,BUY,MIS,1,2,2387.75,2026-09-30 12:22:23.577,204553761874,4775.5
TRD30006625,ORD20004460,C100046,HINDUNILVR,BSE,BUY,MIS,2,16,2387.75,2026-09-30 12:22:24.818,877422644939,38204.0
TRD30006626,ORD20004460,C100046,HINDUNILVR,BSE,BUY,MIS,3,9,2387.75,2026-09-30 12:22:26.565,293487151471,21489.75
TRD30006627,ORD20001979,C100075,SBIN,NSE,BUY,MIS,1,17,810.75,2026-09-30 12:23:59.349,377164800267,13782.75
TRD30006628,ORD20004199,C100037,INFY,NSE,SELL,MIS,1,7,1530.9,2026-09-30 12:27:06.397,897168314212,10716.3
TRD30006629,ORD20004199,C100037,INFY,NSE,SELL,MIS,2,2,1530.9,2026-09-30 12:27:08.648,428721119983,3061.8
TRD30006630,ORD20003459,C100192,MARUTI,NSE,BUY,MIS,1,5,11750.15,2026-09-30 12:28:14.737,115178422545,58750.75
TRD30006631,ORD20001271,C100188,TATAMOTORS,NSE,SELL,MIS,1,27,955.1,2026-09-30 12:29:08.128,146625542495,25787.7
TRD30006632,ORD20001271,C100188,TATAMOTORS,NSE,SELL,MIS,2,31,955.1,2026-09-30 12:29:11.229,403906717236,29608.1
TRD30006633,ORD20003047,C100024,MARUTI,NSE,SELL,CNC,1,1,11148.35,2026-09-30 12:29:26.089,895977714849,11148.35
TRD30006634,ORD20003047,C100024,MARUTI,NSE,SELL,CNC,2,4,11148.35,2026-09-30 12:29:27.126,179806986328,44593.4
TRD30006635,ORD20003047,C100024,MARUTI,NSE,SELL,CNC,3,2,11148.35,2026-09-30 12:29:27.620,276017021560,22296.7
TRD30006636,ORD20000888,C100137,HINDUNILVR,NSE,SELL,CNC,1,35,2441.85,2026-09-30 12:30:14.286,970605368136,85464.75
TRD30006637,ORD20004915,C100054,HDFCBANK,NSE,BUY,MIS,1,40,1706.4,2026-09-30 12:36:00.336,470324570931,68256.0
TRD30006638,ORD20001362,C100090,HDFCBANK,NSE,BUY,CNC,1,8,1642.2,2026-09-30 12:36:52.304,885381816926,13137.6
TRD30006639,ORD20001538,C100165,HINDUNILVR,NSE,BUY,CNC,1,1,2244.35,2026-09-30 12:37:04.331,445044711485,2244.35
TRD30006642,ORD20000224,C100025,HINDUNILVR,NSE,SELL,MIS,1,1,2390.6,2026-09-30 12:37:10.797,960741013230,2390.6
TRD30006643,ORD20000224,C100025,HINDUNILVR,NSE,SELL,MIS,2,1,2390.6,2026-09-30 12:37:11.231,248981436133,2390.6
TRD30006640,ORD20004558,C100049,ITC,NSE,SELL,MIS,1,7,455.4,2026-09-30 12:37:11.667,566475888189,3187.8
TRD30006641,ORD20004558,C100049,ITC,NSE,SELL,MIS,2,6,455.4,2026-09-30 12:37:12.826,952242994913,2732.4
TRD30006644,ORD20004267,C100086,MARUTI,NSE,SELL,MIS,1,1,11599.95,2026-09-30 12:39:15.852,709079701307,11599.95
TRD30006645,ORD20001638,C100092,ASIANPAINT,BSE,BUY,MIS,1,1,2927.05,2026-09-30 12:40:04.658,481795320280,2927.05
TRD30006646,ORD20001638,C100092,ASIANPAINT,BSE,BUY,MIS,2,1,2927.05,2026-09-30 12:40:06.649,234786717086,2927.05
TRD30006647,ORD20004598,C100142,RELIANCE,NSE,SELL,MIS,1,1,2891.85,2026-09-30 12:46:04.338,123196101911,2891.85
TRD30006648,ORD20004598,C100142,RELIANCE,NSE,SELL,MIS,2,1,2891.85,2026-09-30 12:46:05.672,557016746021,2891.85
TRD30006649,ORD20003035,C100091,ICICIBANK,NSE,BUY,MIS,1,23,1179.5,2026-09-30 12:46:19.885,184361388921,27128.5
TRD30006650,ORD20004404,C100027,HDFCBANK,BSE,SELL,CNC,1,28,1574.15,2026-09-30 12:48:49.141,944532680233,44076.2
TRD30006651,ORD20004404,C100027,HDFCBANK,BSE,SELL,CNC,2,33,1574.15,2026-09-30 12:48:52.889,324946633308,51946.95
TRD30006652,ORD20004404,C100027,HDFCBANK,BSE,SELL,CNC,3,26,1574.15,2026-09-30 12:48:53.475,495838356214,40927.9
TRD30006653,ORD20000971,C100096,TATAMOTORS,NSE,BUY,MIS,1,49,956.65,2026-09-30 12:50:11.824,753738994812,46875.85
TRD30006654,ORD20002366,C100086,AXISBANK,NSE,SELL,CNC,1,7,1114.2,2026-09-30 12:51:25.706,556904152179,7799.4
TRD30006655,ORD20004695,C100076,TATAMOTORS,NSE,SELL,MIS,1,3,906.75,2026-09-30 12:51:44.917,439621542273,2720.25
TRD30006656,ORD20004695,C100076,TATAMOTORS,NSE,SELL,MIS,2,2,906.35,2026-09-30 12:51:47.709,666641980643,1812.7
TRD30006657,ORD20004371,C100030,MARUTI,NSE,BUY,MIS,1,3,11513.55,2026-09-30 12:52:16.933,277917961188,34540.65
TRD30006658,ORD20004371,C100030,MARUTI,NSE,BUY,MIS,2,1,11486.25,2026-09-30 12:52:19.057,541675346881,11486.25
TRD30006659,ORD20004371,C100030,MARUTI,NSE,BUY,MIS,3,1,11499.75,2026-09-30 12:52:19.787,966842044422,11499.75
TRD30006660,ORD20004599,C100006,HINDUNILVR,NSE,BUY,MIS,1,23,2244.8,2026-09-30 12:53:16.343,806281191867,51630.4
TRD30006661,ORD20002871,C100102,MARUTI,NSE,SELL,MIS,1,6,12146.65,2026-09-30 12:56:07.151,401229580608,72879.9
TRD30006662,ORD20001966,C100079,AXISBANK,NSE,BUY,MIS,1,20,1143.95,2026-09-30 12:57:50.896,921376386663,22879.0
TRD30006663,ORD20001966,C100079,AXISBANK,NSE,BUY,MIS,2,15,1143.95,2026-09-30 12:57:53.383,887386179786,17159.25
TRD30006665,ORD20001143,C100109,ICICIBANK,BSE,SELL,MIS,1,5,1239.0,2026-09-30 13:03:03.227,940779161593,6195.0
TRD30006666,ORD20001143,C100109,ICICIBANK,BSE,SELL,MIS,2,7,1239.0,2026-09-30 13:03:03.660,536816163546,8673.0
TRD30006664,ORD20000758,C100091,MARUTI,NSE,SELL,MIS,1,11,12009.0,2026-09-30 13:03:03.775,344319481260,132099.0
TRD30006667,ORD20001143,C100109,ICICIBANK,BSE,SELL,MIS,3,1,1239.0,2026-09-30 13:03:05.007,939541166360,1239.0
TRD30006668,ORD20001893,C100039,TCS,NSE,SELL,CNC,1,1,4006.05,2026-09-30 13:03:30.210,594705473236,4006.05
TRD30006669,ORD20001473,C100060,INFY,NSE,SELL,MIS,1,21,1690.25,2026-09-30 13:07:31.135,187065554018,35495.25
TRD30006670,ORD20002788,C100159,NTPC,NSE,BUY,MIS,1,5,356.2,2026-09-30 13:09:49.392,225253540210,1781.0
TRD30006671,ORD20002788,C100159,NTPC,NSE,BUY,MIS,2,2,356.2,2026-09-30 13:09:52.860,548071084955,712.4
TRD30006672,ORD20002788,C100159,NTPC,NSE,BUY,MIS,3,1,356.7,2026-09-30 13:09:53.146,122350655473,356.7
TRD30006673,ORD20004660,C100147,HDFCBANK,NSE,SELL,MIS,1,1,1634.95,2026-09-30 13:12:23.396,791566751996,1634.95
TRD30006674,ORD20004660,C100147,HDFCBANK,NSE,SELL,MIS,2,15,1634.95,2026-09-30 13:12:27.108,376907839710,24524.25
TRD30006675,ORD20002157,C100024,RELIANCE,NSE,BUY,MIS,1,1,2791.6,2026-09-30 13:12:37.826,128176914700,2791.6
TRD30006676,ORD20002157,C100024,RELIANCE,NSE,BUY,MIS,2,3,2790.35,2026-09-30 13:12:38.102,683788119233,8371.05
TRD30006677,ORD20004350,C100169,BHARTIARTL,NSE,BUY,MIS,1,64,1376.0,2026-09-30 13:12:40.885,645097734922,88064.0
TRD30006678,ORD20004350,C100169,BHARTIARTL,NSE,BUY,MIS,2,31,1376.0,2026-09-30 13:12:44.710,213919144158,42656.0
TRD30006679,ORD20001760,C100147,TATAMOTORS,NSE,SELL,MIS,1,44,986.7,2026-09-30 13:15:04.954,263137580038,43414.8
TRD30006680,ORD20003313,C100195,ONGC,NSE,BUY,MIS,1,18,261.75,2026-09-30 13:16:54.458,769082387138,4711.5
TRD30006681,ORD20003313,C100195,ONGC,NSE,BUY,MIS,2,91,261.75,2026-09-30 13:16:56.225,235989852906,23819.25
TRD30006682,ORD20003313,C100195,ONGC,NSE,BUY,MIS,3,144,261.75,2026-09-30 13:16:57.466,105802737658,37692.0
TRD30006683,ORD20004422,C100029,NTPC,NSE,BUY,MIS,1,17,352.95,2026-09-30 13:19:47.406,999741775353,6000.15
TRD30006684,ORD20000880,C100156,HINDUNILVR,NSE,SELL,MIS,1,11,2384.85,2026-09-30 13:22:16.997,361156608950,26233.35
TRD30006685,ORD20000880,C100156,HINDUNILVR,NSE,SELL,MIS,2,11,2383.35,2026-09-30 13:22:19.982,901946539324,26216.85
TRD30006686,ORD20003032,C100039,HINDUNILVR,NSE,SELL,MIS,1,1,2268.8,2026-09-30 13:25:46.538,472668489193,2268.8
TRD30006687,ORD20003032,C100039,HINDUNILVR,NSE,SELL,MIS,2,1,2268.8,2026-09-30 13:25:48.606,966499895301,2268.8
TRD30006688,ORD20004910,C100098,RELIANCE,NSE,SELL,CNC,1,51,2790.5,2026-09-30 13:26:24.728,486895071589,142315.5
TRD30006689,ORD20003358,C100070,ICICIBANK,NSE,SELL,CNC,1,10,1187.4,2026-09-30 13:30:40.259,774372742538,11874.0
TRD30006690,ORD20003358,C100070,ICICIBANK,NSE,SELL,CNC,2,16,1187.4,2026-09-30 13:30:40.848,969079777658,18998.4
TRD30006691,ORD20004616,C100152,MARUTI,NSE,SELL,MIS,1,4,12300.15,2026-09-30 13:31:50.742,354083021664,49200.6
TRD30006692,ORD20004616,C100152,MARUTI,NSE,SELL,MIS,2,1,12300.4,2026-09-30 13:31:53.460,126730081200,12300.4
TRD30006693,ORD20001817,C100106,ONGC,NSE,SELL,CNC,1,32,266.95,2026-09-30 13:31:53.833,503775751979,8542.4
TRD30006694,ORD20001817,C100106,ONGC,NSE,SELL,CNC,2,304,266.95,2026-09-30 13:31:57.354,785160445371,81152.8
TRD30006695,ORD20001817,C100106,ONGC,NSE,SELL,CNC,3,2,266.95,2026-09-30 13:31:58.917,607602853668,533.9
TRD30006696,ORD20003385,C100197,HINDUNILVR,NSE,SELL,CNC,1,58,2435.6,2026-09-30 13:34:01.409,851729503893,141264.8
TRD30006697,ORD20001339,C100057,INFY,NSE,SELL,CNC,1,25,1610.95,2026-09-30 13:34:17.989,340034173645,40273.75
TRD30006698,ORD20001142,C100067,HINDUNILVR,NSE,SELL,CNC,1,2,2276.95,2026-09-30 13:38:34.216,161141301230,4553.9
TRD30006699,ORD20002130,C100149,ITC,NSE,SELL,MIS,1,51,449.65,2026-09-30 13:40:27.959,298826944141,22932.15
TRD30006700,ORD20002130,C100149,ITC,NSE,SELL,MIS,2,2,449.65,2026-09-30 13:40:29.393,305869082683,899.3
TRD30006701,ORD20004128,C100082,MARUTI,NSE,SELL,MIS,1,1,12058.8,2026-09-30 13:41:08.873,401735273666,12058.8
TRD30006702,ORD20002758,C100184,ASIANPAINT,NSE,BUY,MIS,1,1,2863.65,2026-09-30 13:42:06.312,380605305573,2863.65
TRD30006703,ORD20002758,C100184,ASIANPAINT,NSE,BUY,MIS,2,1,2863.65,2026-09-30 13:42:07.515,310798215070,2863.65
TRD30006704,ORD20002448,C100095,ONGC,NSE,BUY,CNC,1,199,259.1,2026-09-30 13:44:39.218,209646496679,51560.9
TRD30006705,ORD20002448,C100095,ONGC,NSE,BUY,CNC,2,165,259.1,2026-09-30 13:44:41.603,569648823486,42751.5
TRD30006706,ORD20002911,C100070,TATAMOTORS,NSE,SELL,MIS,1,48,1004.35,2026-09-30 13:44:53.512,740259598949,48208.8
TRD30006707,ORD20002911,C100070,TATAMOTORS,NSE,SELL,MIS,2,1,1004.35,2026-09-30 13:44:56.917,917494668389,1004.35
TRD30006708,ORD20002911,C100070,TATAMOTORS,NSE,SELL,MIS,3,3,1004.35,2026-09-30 13:44:58.199,348191654152,3013.05
TRD30006709,ORD20002618,C100035,HINDUNILVR,NSE,BUY,MIS,1,11,2424.05,2026-09-30 13:47:00.120,694483688913,26664.55
TRD30006710,ORD20001361,C100002,ITC,NSE,SELL,CNC,1,28,453.25,2026-09-30 13:48:51.067,574804172506,12691.0
TRD30006711,ORD20001361,C100002,ITC,NSE,SELL,CNC,2,166,453.25,2026-09-30 13:48:51.946,895495707756,75239.5
TRD30006712,ORD20004439,C100100,MARUTI,NSE,BUY,MIS,1,2,12332.2,2026-09-30 13:49:09.573,725556271300,24664.4
TRD30006713,ORD20004506,C100095,ASIANPAINT,NSE,BUY,MIS,1,1,3038.75,2026-09-30 13:51:26.046,264658124684,3038.75
TRD30006714,ORD20000303,C100156,HINDUNILVR,NSE,SELL,CNC,1,1,2436.7,2026-09-30 13:52:03.984,339696970891,2436.7
TRD30006715,ORD20004198,C100152,HDFCBANK,BSE,BUY,MIS,1,2,1640.65,2026-09-30 13:53:20.981,662035203870,3281.3
TRD30006716,ORD20002007,C100013,RELIANCE,NSE,SELL,MIS,1,5,2838.05,2026-09-30 13:54:02.525,776063869537,14190.25
TRD30006717,ORD20002007,C100013,RELIANCE,NSE,SELL,MIS,2,16,2845.45,2026-09-30 13:54:04.861,170829756646,45527.2
TRD30006718,ORD20002454,C100016,RELIANCE,NSE,BUY,MIS,1,2,2898.65,2026-09-30 13:56:28.788,681737859354,5797.3
TRD30006719,ORD20001721,C100178,HDFCBANK,NSE,SELL,CNC,1,1,1676.6,2026-09-30 13:58:19.172,253377023400,1676.6
TRD30006720,ORD20004920,C100015,HINDUNILVR,NSE,SELL,MIS,1,1,2496.7,2026-09-30 14:04:09.012,948643065004,2496.7
TRD30006721,ORD20003747,C100149,ITC,NSE,BUY,MIS,1,17,461.7,2026-09-30 14:04:33.717,967380764909,7848.9
TRD30006722,ORD20001882,C100140,RELIANCE,BSE,SELL,MIS,1,17,2814.4,2026-09-30 14:05:31.933,873281058978,47844.8
TRD30006723,ORD20001882,C100140,RELIANCE,BSE,SELL,MIS,2,7,2814.4,2026-09-30 14:05:35.326,874481127801,19700.8
TRD30006724,ORD20001882,C100140,RELIANCE,BSE,SELL,MIS,3,9,2814.4,2026-09-30 14:05:36.597,965025702680,25329.6
TRD30006725,ORD20003842,C100002,ASIANPAINT,NSE,SELL,MIS,1,3,2851.55,2026-09-30 14:06:07.876,357460408767,8554.65
TRD30006726,ORD20003842,C100002,ASIANPAINT,NSE,SELL,MIS,2,3,2854.9,2026-09-30 14:06:08.283,570353029011,8564.7
TRD30006727,ORD20004494,C100077,RELIANCE,NSE,BUY,CNC,1,1,2943.95,2026-09-30 14:07:17.374,220513462028,2943.95
TRD30006728,ORD20004494,C100077,RELIANCE,NSE,BUY,CNC,2,1,2943.95,2026-09-30 14:07:18.315,510562218917,2943.95
TRD30006729,ORD20004494,C100077,RELIANCE,NSE,BUY,CNC,3,5,2943.95,2026-09-30 14:07:20.539,194189423148,14719.75
TRD30006730,ORD20000783,C100051,MARUTI,NSE,BUY,MIS,1,1,12461.65,2026-09-30 14:10:16.488,722498273999,12461.65
TRD30006731,ORD20001131,C100014,SUNPHARMA,NSE,SELL,CNC,1,33,1665.8,2026-09-30 14:11:15.687,168099056944,54971.4
TRD30006732,ORD20001754,C100068,TATAMOTORS,NSE,BUY,CNC,1,2,966.35,2026-09-30 14:12:50.360,873611059519,1932.7
TRD30006733,ORD20000481,C100080,AXISBANK,NSE,BUY,MIS,1,39,1233.65,2026-09-30 14:13:59.472,866414680090,48112.35
TRD30006734,ORD20000444,C100100,TATAMOTORS,NSE,SELL,CNC,1,1,941.05,2026-09-30 14:15:42.146,969057643980,941.05
TRD30006735,ORD20000444,C100100,TATAMOTORS,NSE,SELL,CNC,2,3,941.05,2026-09-30 14:15:43.173,124507519336,2823.15
TRD30006737,ORD20004151,C100157,SBIN,NSE,BUY,MIS,1,116,747.1,2026-09-30 14:15:43.466,363561052238,86663.6
TRD30006736,ORD20000444,C100100,TATAMOTORS,NSE,SELL,CNC,3,3,941.05,2026-09-30 14:15:47.099,836752099665,2823.15
TRD30006738,ORD20000563,C100017,MARUTI,NSE,SELL,CNC,1,1,11802.35,2026-09-30 14:17:15.722,276291478022,11802.35
TRD30006739,ORD20001592,C100013,ONGC,NSE,BUY,MIS,1,38,261.4,2026-09-30 14:18:47.200,775499588614,9933.2
TRD30006740,ORD20001592,C100013,ONGC,NSE,BUY,MIS,2,7,261.4,2026-09-30 14:18:50.852,208058437318,1829.8
TRD30006741,ORD20001592,C100013,ONGC,NSE,BUY,MIS,3,58,261.4,2026-09-30 14:18:51.538,888216292320,15161.2
TRD30006742,ORD20004292,C100158,HINDUNILVR,NSE,SELL,MIS,1,10,2443.05,2026-09-30 14:21:35.784,887796949086,24430.5
TRD30006743,ORD20004292,C100158,HINDUNILVR,NSE,SELL,MIS,2,31,2443.05,2026-09-30 14:21:38.523,600364851521,75734.55
TRD30006744,ORD20004658,C100169,ASIANPAINT,NSE,BUY,MIS,1,4,2960.4,2026-09-30 14:21:58.410,480459295514,11841.6
TRD30006745,ORD20004658,C100169,ASIANPAINT,NSE,BUY,MIS,2,2,2960.2,2026-09-30 14:22:01.922,900532157685,5920.4
TRD30006746,ORD20004658,C100169,ASIANPAINT,NSE,BUY,MIS,3,2,2958.6,2026-09-30 14:22:02.886,741135354479,5917.2
TRD30006747,ORD20004630,C100177,INFY,NSE,SELL,CNC,1,1,1507.2,2026-09-30 14:24:21.768,128968220237,1507.2
TRD30006748,ORD20004630,C100177,INFY,NSE,SELL,CNC,2,1,1507.7,2026-09-30 14:24:23.219,470817629095,1507.7
TRD30006749,ORD20004630,C100177,INFY,NSE,SELL,CNC,3,1,1508.0,2026-09-30 14:24:26.124,486801596969,1508.0
TRD30006750,ORD20001491,C100069,HDFCBANK,NSE,SELL,MIS,1,8,1660.2,2026-09-30 14:25:01.311,870528667300,13281.6
TRD30006751,ORD20001669,C100082,ITC,NSE,SELL,MIS,1,99,434.8,2026-09-30 14:32:04.053,894475196808,43045.2
TRD30006752,ORD20001669,C100082,ITC,NSE,SELL,MIS,2,28,434.8,2026-09-30 14:32:06.726,589207256004,12174.4
TRD30006753,ORD20001669,C100082,ITC,NSE,SELL,MIS,3,99,434.8,2026-09-30 14:32:08.392,201038721307,43045.2
TRD30006754,ORD20001492,C100060,ICICIBANK,NSE,BUY,MIS,1,22,1211.95,2026-09-30 14:32:30.258,648169585835,26662.9
TRD30006755,ORD20001492,C100060,ICICIBANK,NSE,BUY,MIS,2,31,1211.95,2026-09-30 14:32:34.018,514386287879,37570.45
TRD30006756,ORD20000657,C100061,RELIANCE,NSE,SELL,CNC,1,8,2835.05,2026-09-30 14:32:37.415,480630340429,22680.4
TRD30006757,ORD20000657,C100061,RELIANCE,NSE,SELL,CNC,2,9,2836.85,2026-09-30 14:32:40.582,985890587714,25531.65
TRD30006758,ORD20003528,C100115,HINDUNILVR,NSE,BUY,MIS,1,1,2406.7,2026-09-30 14:33:25.100,996243356343,2406.7
TRD30006759,ORD20003528,C100115,HINDUNILVR,NSE,BUY,MIS,2,2,2406.7,2026-09-30 14:33:25.165,468638630470,4813.4
TRD30006760,ORD20003528,C100115,HINDUNILVR,NSE,BUY,MIS,3,4,2406.7,2026-09-30 14:33:25.301,941123930780,9626.8
TRD30006761,ORD20000922,C100065,ITC,NSE,BUY,MIS,1,29,446.25,2026-09-30 14:36:48.808,320144361923,12941.25
TRD30006762,ORD20002254,C100059,AXISBANK,NSE,BUY,CNC,1,9,1161.95,2026-09-30 14:39:08.429,274145160255,10457.55
TRD30006763,ORD20002254,C100059,AXISBANK,NSE,BUY,CNC,2,12,1161.95,2026-09-30 14:39:08.525,691051638533,13943.4
TRD30006764,ORD20003872,C100028,HINDUNILVR,NSE,SELL,CNC,1,4,2430.65,2026-09-30 14:41:13.537,550418269035,9722.6
TRD30006765,ORD20003872,C100028,HINDUNILVR,NSE,SELL,CNC,2,7,2433.2,2026-09-30 14:41:14.660,771190877032,17032.4
TRD30006766,ORD20000416,C100073,TCS,NSE,BUY,CNC,1,5,3798.5,2026-09-30 14:48:45.411,198895684216,18992.5
TRD30006767,ORD20001493,C100143,RELIANCE,BSE,BUY,CNC,1,6,2934.35,2026-09-30 14:50:01.815,534174395643,17606.1
TRD30006768,ORD20001493,C100143,RELIANCE,BSE,BUY,CNC,2,9,2934.35,2026-09-30 14:50:04.163,713597614378,26409.15
TRD30006769,ORD20001493,C100143,RELIANCE,BSE,BUY,CNC,3,2,2934.35,2026-09-30 14:50:05.976,550963060493,5868.7
TRD30006770,ORD20003254,C100198,ITC,NSE,BUY,MIS,1,10,450.4,2026-09-30 14:50:18.761,357694555544,4504.0
TRD30006771,ORD20003254,C100198,ITC,NSE,BUY,MIS,2,29,450.4,2026-09-30 14:50:22.127,550731638405,13061.6
TRD30006772,ORD20003254,C100198,ITC,NSE,BUY,MIS,3,48,450.4,2026-09-30 14:50:24.305,626720587474,21619.2
TRD30006773,ORD20001205,C100164,RELIANCE,NSE,BUY,MIS,1,9,2931.15,2026-09-30 14:51:23.304,595321379654,26380.35
TRD30006774,ORD20001205,C100164,RELIANCE,NSE,BUY,MIS,2,3,2931.15,2026-09-30 14:51:25.410,609300184911,8793.45
TRD30006775,ORD20003884,C100032,BHARTIARTL,NSE,BUY,MIS,1,33,1455.15,2026-09-30 14:52:41.906,498509790003,48019.95
TRD30006776,ORD20003884,C100032,BHARTIARTL,NSE,BUY,MIS,2,6,1453.05,2026-09-30 14:52:44.977,397907303648,8718.3
TRD30006777,ORD20004318,C100193,INFY,NSE,SELL,MIS,1,1,1634.5,2026-09-30 14:57:40.310,163375971137,1634.5
TRD30006778,ORD20002530,C100160,TCS,NSE,SELL,CNC,1,6,3832.5,2026-09-30 15:01:20.886,141827159849,22995.0
TRD30006779,ORD20002530,C100160,TCS,NSE,SELL,CNC,2,2,3832.5,2026-09-30 15:01:24.165,580431207449,7665.0
TRD30006780,ORD20002530,C100160,TCS,NSE,SELL,CNC,3,13,3832.5,2026-09-30 15:01:27.305,872898560330,49822.5
TRD30006781,ORD20004491,C100096,KOTAKBANK,NSE,SELL,MIS,1,7,1769.0,2026-09-30 15:04:37.777,807109284830,12383.0
TRD30006782,ORD20000148,C100060,TITAN,NSE,SELL,MIS,1,13,3411.05,2026-09-30 15:09:18.013,582628286358,44343.65
TRD30006783,ORD20000148,C100060,TITAN,NSE,SELL,MIS,2,6,3411.05,2026-09-30 15:09:20.691,675549641023,20466.3
TRD30006784,ORD20003756,C100167,INFY,NSE,BUY,MIS,1,1,1554.3,2026-09-30 15:12:07.738,978803053584,1554.3
TRD30006785,ORD20003756,C100167,INFY,NSE,BUY,MIS,2,18,1554.3,2026-09-30 15:12:08.897,970513013931,27977.4
TRD30006786,ORD20003805,C100022,INFY,NSE,BUY,MIS,1,3,1612.35,2026-09-30 15:12:13.851,995324809883,4837.05
TRD30006787,ORD20003805,C100022,INFY,NSE,BUY,MIS,2,1,1612.35,2026-09-30 15:12:14.307,114839201775,1612.35
TRD30006788,ORD20003805,C100022,INFY,NSE,BUY,MIS,3,3,1612.35,2026-09-30 15:12:15.087,672587775191,4837.05
TRD30006789,ORD20001699,C100112,KOTAKBANK,NSE,BUY,MIS,1,1,1809.3,2026-09-30 15:12:34.387,770564939931,1809.3
TRD30006790,ORD20001699,C100112,KOTAKBANK,NSE,BUY,MIS,2,5,1809.3,2026-09-30 15:12:35.186,192765167359,9046.5
TRD30006791,ORD20001699,C100112,KOTAKBANK,NSE,BUY,MIS,3,4,1809.3,2026-09-30 15:12:38.463,426913113892,7237.2
TRD30006792,ORD20001825,C100193,TATAMOTORS,NSE,SELL,CNC,1,35,972.5,2026-09-30 15:13:39.429,248607610126,34037.5
TRD30006793,ORD20001825,C100193,TATAMOTORS,NSE,SELL,CNC,2,23,972.5,2026-09-30 15:13:41.525,446163365500,22367.5
TRD30006794,ORD20003179,C100041,TITAN,NSE,BUY,MIS,1,16,3409.1,2026-09-30 15:16:14.978,497085288385,54545.6
TRD30006795,ORD20000250,C100161,RELIANCE,NSE,SELL,MIS,1,5,2969.6,2026-09-30 15:18:07.288,260532001612,14848.0
TRD30006796,ORD20000250,C100161,RELIANCE,NSE,SELL,MIS,2,5,2969.6,2026-09-30 15:18:10.700,546475700908,14848.0
TRD30006797,ORD20000250,C100161,RELIANCE,NSE,SELL,MIS,3,2,2969.6,2026-09-30 15:18:10.944,268824330946,5939.2
TRD30006798,ORD20000242,C100123,ITC,NSE,SELL,CNC,1,1,453.35,2026-09-30 15:20:01.317,930063253813,453.35
TRD30006799,ORD20000242,C100123,ITC,NSE,SELL,CNC,2,30,453.35,2026-09-30 15:20:03.872,252528963468,13600.5
TRD30006800,ORD20002206,C100167,HINDUNILVR,NSE,SELL,MIS,1,22,2387.4,2026-09-30 15:21:14.181,561294174126,52522.8
TRD30006801,ORD20003162,C100024,TATAMOTORS,NSE,BUY,CNC,1,12,998.6,2026-09-30 15:24:26.149,409861912939,11983.2
TRD30006802,ORD20004174,C100085,RELIANCE,NSE,SELL,MIS,1,1,2894.0,2026-10-01 09:15:07.509,480472534898,2894.0
TRD30006803,ORD20004174,C100085,RELIANCE,NSE,SELL,MIS,2,2,2894.0,2026-10-01 09:15:11.064,450438335279,5788.0
TRD30006804,ORD20004174,C100085,RELIANCE,NSE,SELL,MIS,3,12,2894.0,2026-10-01 09:15:12.080,980793484361,34728.0
TRD30006805,ORD20002233,C100054,ITC,NSE,BUY,MIS,1,36,431.2,2026-10-01 09:16:34.509,697252696979,15523.2
TRD30006806,ORD20002233,C100054,ITC,NSE,BUY,MIS,2,21,431.2,2026-10-01 09:16:36.481,143852089354,9055.2
TRD30006807,ORD20002233,C100054,ITC,NSE,BUY,MIS,3,3,431.2,2026-10-01 09:16:38.380,851575759713,1293.6
TRD30006808,ORD20001210,C100121,KOTAKBANK,NSE,BUY,CNC,1,2,1780.75,2026-10-01 09:19:28.517,590889863204,3561.5
TRD30006809,ORD20001210,C100121,KOTAKBANK,NSE,BUY,CNC,2,26,1780.75,2026-10-01 09:19:30.513,204863021741,46299.5
TRD30006810,ORD20001210,C100121,KOTAKBANK,NSE,BUY,CNC,3,7,1780.75,2026-10-01 09:19:32.978,524441639052,12465.25
TRD30006811,ORD20004771,C100049,AXISBANK,NSE,SELL,CNC,1,12,1178.45,2026-10-01 09:19:47.802,220148831439,14141.4
TRD30006812,ORD20004771,C100049,AXISBANK,NSE,SELL,CNC,2,2,1178.45,2026-10-01 09:19:50.987,601757613033,2356.9
TRD30006813,ORD20002815,C100006,TCS,NSE,BUY,MIS,1,1,4066.95,2026-10-01 09:21:31.609,433643187623,4066.95
TRD30006814,ORD20002601,C100114,RELIANCE,NSE,SELL,CNC,1,1,2882.65,2026-10-01 09:23:20.661,160125025494,2882.65
TRD30006815,ORD20002203,C100107,INFY,NSE,SELL,CNC,1,1,1620.65,2026-10-01 09:33:31.614,688204134622,1620.65
TRD30006816,ORD20000292,C100098,ITC,NSE,SELL,MIS,1,16,440.35,2026-10-01 09:36:29.904,310069001891,7045.6
TRD30006817,ORD20000292,C100098,ITC,NSE,SELL,MIS,2,6,440.35,2026-10-01 09:36:33.005,789730792401,2642.1
TRD30006818,ORD20000292,C100098,ITC,NSE,SELL,MIS,3,1,440.35,2026-10-01 09:36:35.606,913431944712,440.35
TRD30006819,ORD20000791,C100043,HINDUNILVR,NSE,SELL,MIS,1,6,2376.5,2026-10-01 09:39:41.914,318477458952,14259.0
TRD30006820,ORD20000791,C100043,HINDUNILVR,NSE,SELL,MIS,2,2,2376.5,2026-10-01 09:39:42.622,375261213300,4753.0
TRD30006821,ORD20003362,C100022,MARUTI,NSE,BUY,MIS,1,1,11697.65,2026-10-01 09:40:40.139,141921319516,11697.65
TRD30006822,ORD20001112,C100137,HINDUNILVR,NSE,SELL,CNC,1,1,2347.75,2026-10-01 09:41:40.280,533363343094,2347.75
TRD30006823,ORD20004821,C100090,TATAMOTORS,NSE,SELL,MIS,1,57,940.95,2026-10-01 09:46:06.727,856256680944,53634.15
TRD30006824,ORD20001716,C100075,NTPC,NSE,BUY,CNC,1,333,351.55,2026-10-01 09:47:20.085,199149244964,117066.15
TRD30006825,ORD20000187,C100195,TATAMOTORS,NSE,SELL,CNC,1,49,922.0,2026-10-01 09:50:21.244,250969507092,45178.0
TRD30006826,ORD20000187,C100195,TATAMOTORS,NSE,SELL,CNC,2,1,922.0,2026-10-01 09:50:22.559,770143009539,922.0
TRD30006827,ORD20001905,C100059,TCS,NSE,SELL,MIS,1,1,3860.5,2026-10-01 09:56:07.573,674297332305,3860.5
TRD30006828,ORD20001905,C100059,TCS,NSE,SELL,MIS,2,1,3859.6,2026-10-01 09:56:08.620,279402190935,3859.6
TRD30006829,ORD20004523,C100044,TITAN,NSE,BUY,CNC,1,3,3403.55,2026-10-01 09:58:06.167,254121625701,10210.65
TRD30006830,ORD20004523,C100044,TITAN,NSE,BUY,CNC,2,7,3403.55,2026-10-01 09:58:07.355,163425225631,23824.85
TRD30006831,ORD20004523,C100044,TITAN,NSE,BUY,CNC,3,4,3403.55,2026-10-01 09:58:10.813,115881021420,13614.2
TRD30006832,ORD20001591,C100154,ITC,NSE,SELL,CNC,1,1,442.1,2026-10-01 09:59:18.887,480332964440,442.1
TRD30006833,ORD20001591,C100154,ITC,NSE,SELL,CNC,2,13,442.1,2026-10-01 09:59:22.853,197071929156,5747.3
TRD30006834,ORD20001486,C100074,ITC,NSE,SELL,CNC,1,17,426.85,2026-10-01 10:00:39.070,362891150959,7256.45
TRD30006835,ORD20003168,C100051,BHARTIARTL,BSE,BUY,MIS,1,3,1340.15,2026-10-01 10:01:13.626,886536939324,4020.45
TRD30006836,ORD20003854,C100065,HINDUNILVR,NSE,BUY,MIS,1,7,2397.65,2026-10-01 10:01:42.826,144414803652,16783.55
TRD30006837,ORD20003854,C100065,HINDUNILVR,NSE,BUY,MIS,2,17,2396.6,2026-10-01 10:01:45.910,817096415610,40742.2
TRD30006838,ORD20003854,C100065,HINDUNILVR,NSE,BUY,MIS,3,2,2393.1,2026-10-01 10:01:46.464,443462222062,4786.2
TRD30006839,ORD20002726,C100004,MARUTI,NSE,SELL,CNC,1,1,12564.05,2026-10-01 10:07:24.755,470697174865,12564.05
TRD30006840,ORD20002726,C100004,MARUTI,NSE,SELL,CNC,2,5,12564.05,2026-10-01 10:07:27.725,975399089367,62820.25
TRD30006841,ORD20001171,C100142,ONGC,NSE,SELL,MIS,1,7,269.5,2026-10-01 10:09:24.333,611631077738,1886.5
TRD30006842,ORD20001171,C100142,ONGC,NSE,SELL,MIS,2,15,269.35,2026-10-01 10:09:27.623,132972318492,4040.25
TRD30006843,ORD20001117,C100116,NTPC,NSE,BUY,CNC,1,11,358.95,2026-10-01 10:12:41.875,814444894475,3948.45
TRD30006844,ORD20001117,C100116,NTPC,NSE,BUY,CNC,2,397,359.15,2026-10-01 10:12:42.239,599072464698,142582.55
TRD30006845,ORD20004746,C100179,ITC,NSE,BUY,MIS,1,9,434.75,2026-10-01 10:15:26.828,799358990753,3912.75
TRD30006846,ORD20004746,C100179,ITC,NSE,BUY,MIS,2,7,434.75,2026-10-01 10:15:29.976,236093733219,3043.25
TRD30006847,ORD20002052,C100012,ASIANPAINT,NSE,SELL,MIS,1,1,3040.3,2026-10-01 10:18:56.876,336266415748,3040.3
TRD30006848,ORD20002052,C100012,ASIANPAINT,NSE,SELL,MIS,2,1,3040.3,2026-10-01 10:19:00.484,919475086341,3040.3
TRD30006849,ORD20002390,C100028,RELIANCE,NSE,BUY,MIS,1,1,2837.0,2026-10-01 10:19:15.357,486881427970,2837.0
TRD30006850,ORD20002390,C100028,RELIANCE,NSE,BUY,MIS,2,1,2837.0,2026-10-01 10:19:16.970,559619352447,2837.0
TRD30006851,ORD20002853,C100168,HINDUNILVR,NSE,BUY,CNC,1,7,2408.2,2026-10-01 10:22:09.629,678815679559,16857.4
TRD30006852,ORD20002853,C100168,HINDUNILVR,NSE,BUY,CNC,2,7,2404.65,2026-10-01 10:22:13.123,575464109278,16832.55
TRD30006853,ORD20002853,C100168,HINDUNILVR,NSE,BUY,CNC,3,11,2409.3,2026-10-01 10:22:15.500,775558487123,26502.3
TRD30006854,ORD20002645,C100098,MARUTI,NSE,SELL,MIS,1,2,12171.7,2026-10-01 10:23:12.533,300853896152,24343.4
TRD30006855,ORD20000137,C100166,MARUTI,NSE,SELL,CNC,1,1,11807.5,2026-10-01 10:24:13.960,928755332646,11807.5
TRD30006856,ORD20001520,C100059,HDFCBANK,NSE,SELL,CNC,1,1,1677.8,2026-10-01 10:25:59.657,148314450958,1677.8
TRD30006857,ORD20001520,C100059,HDFCBANK,NSE,SELL,CNC,2,1,1676.15,2026-10-01 10:26:02.468,549550216649,1676.15
TRD30006858,ORD20003121,C100029,INFY,NSE,SELL,MIS,1,62,1631.75,2026-10-01 10:26:49.651,997887369796,101168.5
TRD30006859,ORD20002139,C100194,ITC,NSE,BUY,CNC,1,97,428.4,2026-10-01 10:27:18.117,692910176407,41554.8
TRD30006860,ORD20002139,C100194,ITC,NSE,BUY,CNC,2,76,428.4,2026-10-01 10:27:18.326,533955740508,32558.4
TRD30006861,ORD20002139,C100194,ITC,NSE,BUY,CNC,3,87,428.4,2026-10-01 10:27:21.982,957286436655,37270.8
TRD30006862,ORD20001714,C100013,HINDUNILVR,NSE,SELL,MIS,1,3,2496.9,2026-10-01 10:29:08.095,170188016069,7490.7
TRD30006863,ORD20000932,C100010,ASIANPAINT,NSE,SELL,MIS,1,1,2975.8,2026-10-01 10:31:31.757,480142436662,2975.8
TRD30006864,ORD20000932,C100010,ASIANPAINT,NSE,SELL,MIS,2,1,2975.8,2026-10-01 10:31:32.222,913200990337,2975.8
TRD30006865,ORD20000932,C100010,ASIANPAINT,NSE,SELL,MIS,3,1,2975.8,2026-10-01 10:31:35.337,712220719240,2975.8
TRD30006866,ORD20002024,C100153,RELIANCE,NSE,BUY,MIS,1,8,2930.15,2026-10-01 10:31:50.301,431592597001,23441.2
TRD30006867,ORD20002024,C100153,RELIANCE,NSE,BUY,MIS,2,2,2930.15,2026-10-01 10:31:51.000,979799552340,5860.3
TRD30006868,ORD20001919,C100151,TATAMOTORS,NSE,SELL,CNC,1,10,942.15,2026-10-01 10:32:25.802,783223474586,9421.5
TRD30006869,ORD20000610,C100038,MARUTI,NSE,BUY,CNC,1,1,11520.65,2026-10-01 10:34:27.629,979586119695,11520.65
TRD30006870,ORD20002042,C100019,ITC,NSE,SELL,CNC,1,79,471.25,2026-10-01 10:38:00.468,625312667484,37228.75
TRD30006871,ORD20003928,C100184,AXISBANK,NSE,SELL,MIS,1,1,1142.65,2026-10-01 10:38:26.877,107359573091,1142.65
TRD30006872,ORD20003928,C100184,AXISBANK,NSE,SELL,MIS,2,2,1142.65,2026-10-01 10:38:27.857,974746292990,2285.3
TRD30006873,ORD20003928,C100184,AXISBANK,NSE,SELL,MIS,3,4,1142.65,2026-10-01 10:38:30.011,841663467956,4570.6
TRD30006874,ORD20003938,C100161,RELIANCE,NSE,BUY,MIS,1,1,3047.3,2026-10-01 10:39:26.085,595265790265,3047.3
TRD30006875,ORD20002650,C100121,SBIN,NSE,SELL,CNC,1,140,797.7,2026-10-01 10:43:56.288,244802063852,111678.0
TRD30006876,ORD20004451,C100096,ASIANPAINT,NSE,BUY,MIS,1,1,2850.95,2026-10-01 10:44:20.797,892844143979,2850.95
TRD30006877,ORD20004451,C100096,ASIANPAINT,NSE,BUY,MIS,2,2,2850.95,2026-10-01 10:44:23.075,673618768603,5701.9
TRD30006878,ORD20004451,C100096,ASIANPAINT,NSE,BUY,MIS,3,1,2850.95,2026-10-01 10:44:23.786,102730546185,2850.95
TRD30006879,ORD20001689,C100163,SBIN,NSE,SELL,MIS,1,88,725.85,2026-10-01 10:44:51.859,544401281174,63874.8
TRD30006880,ORD20001780,C100089,MARUTI,NSE,BUY,CNC,1,1,12487.2,2026-10-01 10:45:17.980,984085602559,12487.2
TRD30006881,ORD20004555,C100192,ONGC,NSE,BUY,CNC,1,21,259.5,2026-10-01 10:47:52.420,627399338637,5449.5
TRD30006882,ORD20000363,C100152,ONGC,NSE,BUY,CNC,1,19,278.85,2026-10-01 10:49:01.741,739655080274,5298.15
TRD30006883,ORD20000723,C100127,MARUTI,NSE,SELL,MIS,1,1,12385.45,2026-10-01 10:49:53.880,692245031819,12385.45
TRD30006884,ORD20004524,C100088,BHARTIARTL,NSE,SELL,CNC,1,104,1383.55,2026-10-01 10:50:15.368,566864977478,143889.2
TRD30006885,ORD20002647,C100161,TITAN,NSE,BUY,CNC,1,1,3277.65,2026-10-01 10:51:36.139,722880232961,3277.65
TRD30006886,ORD20002960,C100121,ITC,NSE,BUY,CNC,1,29,435.8,2026-10-01 10:52:44.532,276187776523,12638.2
TRD30006887,ORD20002658,C100113,TATAMOTORS,NSE,SELL,MIS,1,8,892.95,2026-10-01 10:53:12.405,404133611454,7143.6
TRD30006888,ORD20002658,C100113,TATAMOTORS,NSE,SELL,MIS,2,76,892.95,2026-10-01 10:53:12.612,900481168456,67864.2
TRD30006889,ORD20002658,C100113,TATAMOTORS,NSE,SELL,MIS,3,9,892.95,2026-10-01 10:53:13.169,342863811679,8036.55
TRD30006890,ORD20000487,C100187,TATAMOTORS,NSE,BUY,CNC,1,54,932.5,2026-10-01 10:56:25.874,475072280218,50355.0
TRD30006891,ORD20001350,C100085,BHARTIARTL,NSE,BUY,CNC,1,1,1417.85,2026-10-01 10:59:59.669,193043271896,1417.85
TRD30006892,ORD20001350,C100085,BHARTIARTL,NSE,BUY,CNC,2,19,1417.0,2026-10-01 11:00:02.714,937440507239,26923.0
TRD30006893,ORD20001350,C100085,BHARTIARTL,NSE,BUY,CNC,3,25,1416.75,2026-10-01 11:00:03.119,342390538191,35418.75
TRD30006894,ORD20003163,C100134,ITC,NSE,BUY,CNC,1,127,449.05,2026-10-01 11:01:58.984,622869223836,57029.35
TRD30006895,ORD20003163,C100134,ITC,NSE,BUY,CNC,2,35,449.15,2026-10-01 11:02:02.886,458894542623,15720.25
TRD30006896,ORD20003163,C100134,ITC,NSE,BUY,CNC,3,4,449.1,2026-10-01 11:02:04.282,412050536047,1796.4
TRD30006897,ORD20000945,C100165,ONGC,NSE,SELL,CNC,1,151,271.1,2026-10-01 11:05:39.657,251379479100,40936.1
TRD30006898,ORD20003119,C100186,HDFCBANK,NSE,SELL,CNC,1,2,1600.45,2026-10-01 11:07:33.915,996421842957,3200.9
TRD30006899,ORD20000490,C100198,AXISBANK,NSE,BUY,CNC,1,3,1125.1,2026-10-01 11:07:35.154,360269410774,3375.3
TRD30006900,ORD20000490,C100198,AXISBANK,NSE,BUY,CNC,2,42,1123.45,2026-10-01 11:07:36.052,456785402006,47184.9
TRD30006901,ORD20003096,C100038,AXISBANK,NSE,SELL,MIS,1,2,1077.2,2026-10-01 11:07:36.870,273456345185,2154.4
TRD30006902,ORD20003096,C100038,AXISBANK,NSE,SELL,MIS,2,1,1077.2,2026-10-01 11:07:38.050,664818069864,1077.2
TRD30006903,ORD20003096,C100038,AXISBANK,NSE,SELL,MIS,3,8,1077.2,2026-10-01 11:07:38.487,177554724251,8617.6
TRD30006904,ORD20004137,C100131,ITC,NSE,BUY,MIS,1,23,450.15,2026-10-01 11:09:00.303,696650123125,10353.45
TRD30006905,ORD20001075,C100112,NTPC,NSE,BUY,CNC,1,57,353.55,2026-10-01 11:11:05.099,552778583013,20152.35
TRD30006906,ORD20001075,C100112,NTPC,NSE,BUY,CNC,2,69,353.15,2026-10-01 11:11:09.048,682736641144,24367.35
TRD30006907,ORD20001075,C100112,NTPC,NSE,BUY,CNC,3,17,353.55,2026-10-01 11:11:09.626,104219941832,6010.35
TRD30006908,ORD20003532,C100087,KOTAKBANK,NSE,BUY,MIS,1,8,1759.9,2026-10-01 11:15:25.423,706136420241,14079.2
TRD30006909,ORD20003532,C100087,KOTAKBANK,NSE,BUY,MIS,2,30,1761.25,2026-10-01 11:15:29.346,141110273162,52837.5
TRD30006910,ORD20003532,C100087,KOTAKBANK,NSE,BUY,MIS,3,1,1761.2,2026-10-01 11:15:32.074,925748395377,1761.2
TRD30006911,ORD20003658,C100131,ITC,NSE,BUY,MIS,1,69,445.8,2026-10-01 11:17:52.891,814081304518,30760.2
TRD30006912,ORD20004718,C100017,HINDUNILVR,NSE,BUY,MIS,1,2,2462.5,2026-10-01 11:18:55.177,211512688584,4925.0
TRD30006913,ORD20004718,C100017,HINDUNILVR,NSE,BUY,MIS,2,1,2462.5,2026-10-01 11:18:56.798,600637058867,2462.5
TRD30006914,ORD20002210,C100096,SBIN,NSE,SELL,CNC,1,4,789.55,2026-10-01 11:19:10.266,961173890555,3158.2
TRD30006915,ORD20002210,C100096,SBIN,NSE,SELL,CNC,2,2,789.55,2026-10-01 11:19:11.800,318358982445,1579.1
TRD30006916,ORD20004385,C100141,HDFCBANK,NSE,BUY,MIS,1,1,1653.25,2026-10-01 11:20:06.390,165419212565,1653.25
TRD30006917,ORD20004385,C100141,HDFCBANK,NSE,BUY,MIS,2,1,1650.7,2026-10-01 11:20:09.334,480275009047,1650.7
TRD30006918,ORD20004385,C100141,HDFCBANK,NSE,BUY,MIS,3,1,1652.25,2026-10-01 11:20:11.963,224387170316,1652.25
TRD30006919,ORD20003146,C100066,ASIANPAINT,BSE,SELL,MIS,1,1,2768.5,2026-10-01 11:27:10.057,799791041073,2768.5
TRD30006920,ORD20003146,C100066,ASIANPAINT,BSE,SELL,MIS,2,4,2768.5,2026-10-01 11:27:13.389,920934212514,11074.0
TRD30006921,ORD20003146,C100066,ASIANPAINT,BSE,SELL,MIS,3,9,2768.5,2026-10-01 11:27:13.831,504646029007,24916.5
TRD30006922,ORD20002816,C100189,RELIANCE,NSE,SELL,CNC,1,9,2820.25,2026-10-01 11:28:17.150,998117576092,25382.25
TRD30006923,ORD20000104,C100000,HINDUNILVR,NSE,SELL,CNC,1,19,2476.95,2026-10-01 11:31:53.047,271076793051,47062.05
TRD30006924,ORD20000104,C100000,HINDUNILVR,NSE,SELL,CNC,2,27,2481.7,2026-10-01 11:31:53.905,925995769287,67005.9
TRD30006925,ORD20000969,C100103,NTPC,NSE,BUY,CNC,1,19,365.35,2026-10-01 11:32:29.743,391132417821,6941.65
TRD30006926,ORD20002506,C100146,ITC,NSE,SELL,MIS,1,9,430.9,2026-10-01 11:32:49.105,911698527554,3878.1
TRD30006927,ORD20002506,C100146,ITC,NSE,SELL,MIS,2,14,430.55,2026-10-01 11:32:49.496,914029400504,6027.7
TRD30006928,ORD20000412,C100034,SBIN,NSE,SELL,MIS,1,24,769.95,2026-10-01 11:33:28.992,413984640052,18478.8
TRD30006929,ORD20000412,C100034,SBIN,NSE,SELL,MIS,2,14,769.95,2026-10-01 11:33:29.780,118254507279,10779.3
TRD30006930,ORD20004221,C100000,ONGC,BSE,BUY,CNC,1,155,263.65,2026-10-01 11:33:33.609,372362265492,40865.75
TRD30006931,ORD20004221,C100000,ONGC,BSE,BUY,CNC,2,192,263.45,2026-10-01 11:33:34.749,492700202071,50582.4
TRD30006932,ORD20001558,C100164,NTPC,BSE,BUY,MIS,1,29,375.15,2026-10-01 11:34:24.773,985427318365,10879.35
TRD30006933,ORD20001558,C100164,NTPC,BSE,BUY,MIS,2,96,375.15,2026-10-01 11:34:25.905,720745163346,36014.4
TRD30006934,ORD20001558,C100164,NTPC,BSE,BUY,MIS,3,77,375.15,2026-10-01 11:34:29.546,671363391188,28886.55
TRD30006935,ORD20000690,C100134,MARUTI,BSE,SELL,MIS,1,1,11995.7,2026-10-01 11:41:57.676,680662314688,11995.7
TRD30006936,ORD20002124,C100077,RELIANCE,NSE,SELL,CNC,1,1,2787.5,2026-10-01 11:43:39.506,456637190974,2787.5
TRD30006937,ORD20002124,C100077,RELIANCE,NSE,SELL,CNC,2,1,2787.5,2026-10-01 11:43:41.238,720665028866,2787.5
TRD30006938,ORD20001159,C100060,MARUTI,NSE,BUY,CNC,1,9,11801.55,2026-10-01 11:44:25.432,351703924448,106213.95
TRD30006939,ORD20001159,C100060,MARUTI,NSE,BUY,CNC,2,1,11802.15,2026-10-01 11:44:26.156,777068006001,11802.15
TRD30006940,ORD20002591,C100041,TATAMOTORS,NSE,SELL,MIS,1,7,989.55,2026-10-01 11:45:39.614,686653625153,6926.85
TRD30006941,ORD20002591,C100041,TATAMOTORS,NSE,SELL,MIS,2,2,989.55,2026-10-01 11:45:43.162,771689550665,1979.1
TRD30006942,ORD20002591,C100041,TATAMOTORS,NSE,SELL,MIS,3,3,989.55,2026-10-01 11:45:43.892,236222300185,2968.65
TRD30006943,ORD20004692,C100121,ONGC,NSE,BUY,CNC,1,1,261.7,2026-10-01 11:45:47.708,597057503670,261.7
TRD30006944,ORD20004692,C100121,ONGC,NSE,BUY,CNC,2,24,261.7,2026-10-01 11:45:51.092,272548000194,6280.8
TRD30006945,ORD20004692,C100121,ONGC,NSE,BUY,CNC,3,24,261.7,2026-10-01 11:45:51.470,380674184840,6280.8
TRD30006946,ORD20000952,C100108,HINDUNILVR,NSE,BUY,CNC,1,10,2398.25,2026-10-01 11:49:52.062,812704763508,23982.5
TRD30006947,ORD20000952,C100108,HINDUNILVR,NSE,BUY,CNC,2,42,2399.5,2026-10-01 11:49:55.653,475641358695,100779.0
TRD30006948,ORD20003633,C100183,ITC,NSE,SELL,MIS,1,8,457.55,2026-10-01 11:51:00.615,144855655489,3660.4
TRD30006949,ORD20003933,C100119,ITC,NSE,BUY,MIS,1,7,442.7,2026-10-01 11:53:08.548,902827209703,3098.9
TRD30006950,ORD20001416,C100018,ITC,NSE,BUY,MIS,1,16,452.25,2026-10-01 11:57:24.617,196598170768,7236.0
TRD30006951,ORD20000925,C100134,KOTAKBANK,NSE,BUY,MIS,1,3,1731.7,2026-10-01 11:59:37.397,547563846190,5195.1
TRD30006952,ORD20000925,C100134,KOTAKBANK,NSE,BUY,MIS,2,8,1732.75,2026-10-01 11:59:39.882,527814574045,13862.0
TRD30006953,ORD20000925,C100134,KOTAKBANK,NSE,BUY,MIS,3,7,1730.45,2026-10-01 11:59:42.985,459203804983,12113.15
TRD30006954,ORD20002950,C100153,NTPC,NSE,BUY,CNC,1,26,370.6,2026-10-01 12:01:07.652,104666635905,9635.6
TRD30006955,ORD20002297,C100191,ITC,NSE,SELL,CNC,1,23,440.7,2026-10-01 12:01:49.457,328738438864,10136.1
TRD30006956,ORD20001940,C100078,ITC,NSE,BUY,CNC,1,79,428.45,2026-10-01 12:03:46.161,240015643205,33847.55
TRD30006957,ORD20002131,C100059,TITAN,NSE,BUY,MIS,1,9,3389.05,2026-10-01 12:03:47.844,247226573548,30501.45
TRD30006958,ORD20000063,C100161,NTPC,NSE,SELL,CNC,1,52,363.65,2026-10-01 12:06:43.169,213766606445,18909.8
TRD30006959,ORD20000063,C100161,NTPC,NSE,SELL,CNC,2,16,363.9,2026-10-01 12:06:44.521,841643517286,5822.4
TRD30006960,ORD20000776,C100083,ITC,NSE,BUY,MIS,1,25,451.0,2026-10-01 12:06:46.553,190856303378,11275.0
TRD30006961,ORD20000776,C100083,ITC,NSE,BUY,MIS,2,7,450.85,2026-10-01 12:06:48.480,399720850603,3155.95
TRD30006962,ORD20002315,C100099,AXISBANK,NSE,SELL,CNC,1,1,1100.55,2026-10-01 12:12:43.921,621848098363,1100.55
TRD30006963,ORD20002315,C100099,AXISBANK,NSE,SELL,CNC,2,94,1099.15,2026-10-01 12:12:44.592,136801626866,103320.1
TRD30006964,ORD20000141,C100168,HINDUNILVR,NSE,SELL,MIS,1,48,2297.75,2026-10-01 12:12:51.724,572526234316,110292.0
TRD30006965,ORD20000141,C100168,HINDUNILVR,NSE,SELL,MIS,2,1,2297.0,2026-10-01 12:12:55.019,517425107759,2297.0
TRD30006966,ORD20000141,C100168,HINDUNILVR,NSE,SELL,MIS,3,14,2294.4,2026-10-01 12:12:56.690,872278590773,32121.6
TRD30006967,ORD20001543,C100122,RELIANCE,NSE,SELL,CNC,1,5,2820.55,2026-10-01 12:17:50.299,204466748528,14102.75
TRD30006968,ORD20002796,C100197,RELIANCE,NSE,BUY,CNC,1,2,2882.85,2026-10-01 12:17:55.652,152614911772,5765.7
TRD30006969,ORD20002796,C100197,RELIANCE,NSE,BUY,CNC,2,4,2882.85,2026-10-01 12:17:58.119,232424999958,11531.4
TRD30006970,ORD20002796,C100197,RELIANCE,NSE,BUY,CNC,3,4,2882.85,2026-10-01 12:17:59.482,528654918022,11531.4
TRD30006971,ORD20001901,C100122,TATAMOTORS,NSE,SELL,MIS,1,16,962.35,2026-10-01 12:19:35.997,194481498542,15397.6
TRD30006972,ORD20004784,C100180,HINDUNILVR,NSE,BUY,MIS,1,1,2405.65,2026-10-01 12:20:06.872,654150092269,2405.65
TRD30006973,ORD20004784,C100180,HINDUNILVR,NSE,BUY,MIS,2,4,2405.65,2026-10-01 12:20:07.966,814076731095,9622.6
TRD30006974,ORD20004784,C100180,HINDUNILVR,NSE,BUY,MIS,3,15,2405.65,2026-10-01 12:20:10.278,599950158656,36084.75
TRD30006975,ORD20004712,C100096,RELIANCE,BSE,SELL,CNC,1,2,2885.15,2026-10-01 12:21:29.455,422593162495,5770.3
TRD30006976,ORD20004908,C100108,ONGC,NSE,BUY,CNC,1,37,277.55,2026-10-01 12:22:17.292,502011099548,10269.35
TRD30006977,ORD20004908,C100108,ONGC,NSE,BUY,CNC,2,186,277.55,2026-10-01 12:22:20.392,318201291851,51624.3
TRD30006978,ORD20003956,C100065,INFY,NSE,BUY,MIS,1,5,1567.55,2026-10-01 12:29:04.242,866871765559,7837.75
TRD30006979,ORD20002148,C100077,BHARTIARTL,NSE,BUY,MIS,1,7,1387.4,2026-10-01 12:29:06.662,391165915072,9711.8
TRD30006980,ORD20002148,C100077,BHARTIARTL,NSE,BUY,MIS,2,4,1387.4,2026-10-01 12:29:08.207,872766737440,5549.6
TRD30006981,ORD20002148,C100077,BHARTIARTL,NSE,BUY,MIS,3,13,1387.4,2026-10-01 12:29:09.399,969316371189,18036.2
TRD30006982,ORD20000257,C100187,TATAMOTORS,BSE,SELL,MIS,1,54,982.2,2026-10-01 12:30:39.199,330107197609,53038.8
TRD30006983,ORD20003246,C100185,HDFCBANK,NSE,BUY,MIS,1,4,1598.4,2026-10-01 12:32:14.549,872114668811,6393.6
TRD30006984,ORD20002160,C100150,KOTAKBANK,NSE,BUY,CNC,1,1,1908.55,2026-10-01 12:39:20.054,852807030345,1908.55
TRD30006985,ORD20000402,C100036,ONGC,NSE,BUY,MIS,1,56,271.6,2026-10-01 12:42:59.468,650203119608,15209.6
TRD30006986,ORD20000822,C100167,KOTAKBANK,NSE,BUY,MIS,1,58,1760.6,2026-10-01 12:43:32.883,850452171755,102114.8
TRD30006987,ORD20004305,C100025,HDFCBANK,NSE,SELL,CNC,1,5,1606.0,2026-10-01 12:43:35.348,482964588458,8030.0
TRD30006988,ORD20004305,C100025,HDFCBANK,NSE,SELL,CNC,2,1,1606.0,2026-10-01 12:43:37.251,642590191460,1606.0
TRD30006989,ORD20000214,C100159,HINDUNILVR,NSE,BUY,MIS,1,2,2475.45,2026-10-01 12:46:43.858,465144252307,4950.9
TRD30006990,ORD20000214,C100159,HINDUNILVR,NSE,BUY,MIS,2,9,2473.65,2026-10-01 12:46:46.981,998994731167,22262.85
TRD30006991,ORD20000214,C100159,HINDUNILVR,NSE,BUY,MIS,3,4,2475.45,2026-10-01 12:46:48.957,578670705415,9901.8
TRD30006992,ORD20004150,C100012,BHARTIARTL,NSE,SELL,CNC,1,4,1449.1,2026-10-01 12:46:55.290,313519584312,5796.4
TRD30006993,ORD20001806,C100037,ITC,NSE,SELL,MIS,1,27,453.15,2026-10-01 12:47:20.390,703123206500,12235.05
TRD30006994,ORD20001625,C100120,HDFCBANK,NSE,BUY,MIS,1,20,1617.3,2026-10-01 12:50:29.470,782236665256,32346.0
TRD30006995,ORD20001728,C100066,HDFCBANK,NSE,BUY,MIS,1,12,1642.45,2026-10-01 12:51:38.991,875206146429,19709.4
TRD30006996,ORD20001728,C100066,HDFCBANK,NSE,BUY,MIS,2,11,1642.45,2026-10-01 12:51:39.981,111420447763,18066.95
TRD30006997,ORD20001728,C100066,HDFCBANK,NSE,BUY,MIS,3,17,1642.45,2026-10-01 12:51:42.812,772562076128,27921.65
TRD30006998,ORD20004862,C100132,ITC,NSE,BUY,MIS,1,2,457.55,2026-10-01 12:52:59.187,577510464819,915.1
TRD30006999,ORD20004862,C100132,ITC,NSE,BUY,MIS,2,6,457.1,2026-10-01 12:53:00.025,753825207882,2742.6
TRD30007000,ORD20000531,C100052,HDFCBANK,BSE,BUY,CNC,1,3,1594.0,2026-10-01 12:53:42.914,574632470035,4782.0
TRD30007001,ORD20000531,C100052,HDFCBANK,BSE,BUY,CNC,2,5,1592.45,2026-10-01 12:53:43.303,396710240961,7962.25
TRD30007002,ORD20001661,C100100,MARUTI,NSE,SELL,CNC,1,1,12009.75,2026-10-01 12:55:10.090,131611322896,12009.75
TRD30007003,ORD20000074,C100071,ITC,NSE,BUY,MIS,1,10,443.85,2026-10-01 12:56:12.488,388316750507,4438.5
TRD30007004,ORD20000074,C100071,ITC,NSE,BUY,MIS,2,1,444.1,2026-10-01 12:56:13.572,690389292125,444.1
TRD30007005,ORD20000074,C100071,ITC,NSE,BUY,MIS,3,1,443.3,2026-10-01 12:56:14.156,108741924084,443.3
TRD30007006,ORD20004452,C100113,NTPC,NSE,SELL,MIS,1,17,351.9,2026-10-01 12:58:49.125,929324708434,5982.3
TRD30007007,ORD20000532,C100001,MARUTI,NSE,BUY,MIS,1,3,12549.2,2026-10-01 12:59:01.610,459385188082,37647.6
TRD30007008,ORD20000532,C100001,MARUTI,NSE,BUY,MIS,2,1,12549.2,2026-10-01 12:59:03.129,156611658247,12549.2
TRD30007009,ORD20000372,C100160,KOTAKBANK,NSE,BUY,MIS,1,62,1716.35,2026-10-01 12:59:11.142,893782379848,106413.7
TRD30007010,ORD20000372,C100160,KOTAKBANK,NSE,BUY,MIS,2,4,1716.35,2026-10-01 12:59:14.643,262639568813,6865.4
TRD30007011,ORD20000372,C100160,KOTAKBANK,NSE,BUY,MIS,3,5,1716.35,2026-10-01 12:59:16.355,152462430643,8581.75
TRD30007012,ORD20002349,C100029,BHARTIARTL,NSE,BUY,CNC,1,1,1349.05,2026-10-01 12:59:28.353,170609708459,1349.05
TRD30007013,ORD20002349,C100029,BHARTIARTL,NSE,BUY,CNC,2,2,1349.05,2026-10-01 12:59:30.630,575205714113,2698.1
TRD30007014,ORD20002349,C100029,BHARTIARTL,NSE,BUY,CNC,3,2,1349.05,2026-10-01 12:59:34.150,357317878548,2698.1
TRD30007015,ORD20001961,C100080,KOTAKBANK,NSE,SELL,CNC,1,8,1712.3,2026-10-01 12:59:38.896,857631556946,13698.4
TRD30007016,ORD20001949,C100034,NTPC,NSE,SELL,MIS,1,6,361.25,2026-10-01 13:07:19.048,591013895174,2167.5
TRD30007017,ORD20001949,C100034,NTPC,NSE,SELL,MIS,2,2,361.25,2026-10-01 13:07:20.796,350279932293,722.5
TRD30007018,ORD20001949,C100034,NTPC,NSE,SELL,MIS,3,4,361.25,2026-10-01 13:07:23.858,625831039834,1445.0
TRD30007019,ORD20001698,C100070,TCS,BSE,BUY,MIS,1,31,3690.85,2026-10-01 13:14:07.148,949625065250,114416.35
TRD30007020,ORD20002281,C100021,ICICIBANK,NSE,BUY,MIS,1,10,1277.15,2026-10-01 13:14:16.458,876143873761,12771.5
TRD30007021,ORD20001836,C100198,ONGC,NSE,SELL,MIS,1,32,272.8,2026-10-01 13:14:21.470,222846581906,8729.6
TRD30007022,ORD20004834,C100047,RELIANCE,NSE,SELL,CNC,1,1,2846.05,2026-10-01 13:14:28.681,884748755510,2846.05
TRD30007023,ORD20002266,C100066,ICICIBANK,NSE,SELL,MIS,1,2,1169.7,2026-10-01 13:15:10.490,429617942890,2339.4
TRD30007024,ORD20002266,C100066,ICICIBANK,NSE,SELL,MIS,2,1,1169.7,2026-10-01 13:15:11.144,446012071036,1169.7
TRD30007025,ORD20002266,C100066,ICICIBANK,NSE,SELL,MIS,3,1,1169.7,2026-10-01 13:15:14.887,553661398664,1169.7
TRD30007026,ORD20000197,C100047,RELIANCE,NSE,BUY,CNC,1,7,3024.65,2026-10-01 13:16:50.573,791390650876,21172.55
TRD30007027,ORD20003990,C100112,BHARTIARTL,NSE,BUY,MIS,1,12,1379.35,2026-10-01 13:16:56.565,480269466541,16552.2
TRD30007028,ORD20004676,C100012,KOTAKBANK,NSE,SELL,MIS,1,15,1752.45,2026-10-01 13:19:33.740,694954979725,26286.75
TRD30007029,ORD20004676,C100012,KOTAKBANK,NSE,SELL,MIS,2,2,1751.15,2026-10-01 13:19:35.128,253116709857,3502.3
TRD30007030,ORD20004676,C100012,KOTAKBANK,NSE,SELL,MIS,3,25,1749.95,2026-10-01 13:19:36.744,365584734372,43748.75
TRD30007031,ORD20004052,C100079,INFY,NSE,BUY,MIS,1,36,1663.3,2026-10-01 13:20:26.825,953052809479,59878.8
TRD30007032,ORD20003577,C100085,BHARTIARTL,NSE,SELL,MIS,1,4,1458.15,2026-10-01 13:24:20.893,478056371762,5832.6
TRD30007033,ORD20003577,C100085,BHARTIARTL,NSE,SELL,MIS,2,3,1458.4,2026-10-01 13:24:24.461,753744279969,4375.2
TRD30007034,ORD20003577,C100085,BHARTIARTL,NSE,SELL,MIS,3,2,1457.9,2026-10-01 13:24:24.685,171573280395,2915.8
TRD30007035,ORD20002373,C100165,HDFCBANK,NSE,SELL,CNC,1,5,1586.75,2026-10-01 13:25:18.562,127277890287,7933.75
TRD30007036,ORD20001467,C100106,HINDUNILVR,NSE,BUY,MIS,1,24,2352.55,2026-10-01 13:26:01.378,147396742374,56461.2
TRD30007037,ORD20001467,C100106,HINDUNILVR,NSE,BUY,MIS,2,9,2349.65,2026-10-01 13:26:05.244,731288539627,21146.85
TRD30007038,ORD20001576,C100045,HDFCBANK,NSE,BUY,MIS,1,41,1579.7,2026-10-01 13:28:06.740,151053377984,64767.7
TRD30007039,ORD20001784,C100177,ONGC,NSE,BUY,MIS,1,23,263.95,2026-10-01 13:30:51.762,641819815388,6070.85
TRD30007040,ORD20001464,C100172,WIPRO,NSE,BUY,MIS,1,42,466.8,2026-10-01 13:32:25.194,325621602747,19605.6
TRD30007041,ORD20001464,C100172,WIPRO,NSE,BUY,MIS,2,88,466.8,2026-10-01 13:32:25.624,226328585492,41078.4
TRD30007042,ORD20001501,C100114,KOTAKBANK,BSE,BUY,MIS,1,4,1754.5,2026-10-01 13:34:52.837,723459982642,7018.0
TRD30007043,ORD20001501,C100114,KOTAKBANK,BSE,BUY,MIS,2,2,1755.5,2026-10-01 13:34:56.544,589530330269,3511.0
TRD30007044,ORD20001501,C100114,KOTAKBANK,BSE,BUY,MIS,3,3,1755.35,2026-10-01 13:34:57.289,902115758751,5266.05
TRD30007045,ORD20000722,C100071,HDFCBANK,NSE,SELL,MIS,1,2,1595.05,2026-10-01 13:35:22.050,754501912066,3190.1
TRD30007046,ORD20002623,C100148,SBIN,NSE,SELL,MIS,1,2,778.65,2026-10-01 13:37:37.230,390451186349,1557.3
TRD30007047,ORD20002623,C100148,SBIN,NSE,SELL,MIS,2,1,778.65,2026-10-01 13:37:40.985,213907176156,778.65
TRD30007048,ORD20003357,C100078,NTPC,NSE,SELL,CNC,1,2,358.3,2026-10-01 13:38:52.943,673522524347,716.6
TRD30007049,ORD20003357,C100078,NTPC,NSE,SELL,CNC,2,2,358.55,2026-10-01 13:38:54.344,412688980867,717.1
TRD30007050,ORD20003357,C100078,NTPC,NSE,SELL,CNC,3,3,357.95,2026-10-01 13:38:58.076,248971386937,1073.85
TRD30007051,ORD20001402,C100053,ITC,NSE,SELL,CNC,1,127,450.9,2026-10-01 13:39:32.627,615733116592,57264.3
TRD30007052,ORD20001402,C100053,ITC,NSE,SELL,CNC,2,4,450.8,2026-10-01 13:39:33.722,695540132247,1803.2
TRD30007053,ORD20000899,C100061,HINDUNILVR,NSE,BUY,CNC,1,16,2314.7,2026-10-01 13:42:58.806,356999768592,37035.2
TRD30007054,ORD20000899,C100061,HINDUNILVR,NSE,BUY,CNC,2,3,2313.45,2026-10-01 13:43:01.711,749519832300,6940.35
TRD30007055,ORD20000899,C100061,HINDUNILVR,NSE,BUY,CNC,3,4,2311.15,2026-10-01 13:43:04.495,161271923041,9244.6
TRD30007056,ORD20004229,C100187,ITC,NSE,SELL,CNC,1,64,447.75,2026-10-01 13:47:19.249,756724924094,28656.0
TRD30007057,ORD20004229,C100187,ITC,NSE,SELL,CNC,2,109,447.75,2026-10-01 13:47:20.478,195113206232,48804.75
TRD30007058,ORD20004229,C100187,ITC,NSE,SELL,CNC,3,3,447.75,2026-10-01 13:47:21.879,721629217285,1343.25
TRD30007059,ORD20001894,C100055,MARUTI,NSE,BUY,CNC,1,1,12067.95,2026-10-01 13:48:41.407,491680673453,12067.95
TRD30007060,ORD20003396,C100179,ITC,BSE,BUY,MIS,1,96,446.25,2026-10-01 13:49:51.390,236666580014,42840.0
TRD30007061,ORD20003396,C100179,ITC,BSE,BUY,MIS,2,195,446.25,2026-10-01 13:49:54.293,118981874149,87018.75
TRD30007062,ORD20000313,C100069,ASIANPAINT,NSE,SELL,CNC,1,1,2877.3,2026-10-01 13:51:01.274,860812568457,2877.3
TRD30007063,ORD20000313,C100069,ASIANPAINT,NSE,SELL,CNC,2,12,2879.75,2026-10-01 13:51:03.776,891756857580,34557.0
TRD30007064,ORD20000313,C100069,ASIANPAINT,NSE,SELL,CNC,3,20,2880.2,2026-10-01 13:51:07.345,433008111224,57604.0
TRD30007065,ORD20001679,C100193,HINDUNILVR,NSE,SELL,MIS,1,11,2432.45,2026-10-01 13:56:13.652,693394613501,26756.95
TRD30007066,ORD20001679,C100193,HINDUNILVR,NSE,SELL,MIS,2,19,2432.45,2026-10-01 13:56:16.758,882733754355,46216.55
TRD30007067,ORD20002555,C100180,HDFCBANK,NSE,SELL,MIS,1,1,1634.8,2026-10-01 13:58:20.414,180620824210,1634.8
TRD30007068,ORD20002304,C100186,RELIANCE,NSE,BUY,MIS,1,2,3040.25,2026-10-01 14:00:27.483,555388010469,6080.5
TRD30007069,ORD20000096,C100062,ITC,NSE,SELL,MIS,1,172,455.8,2026-10-01 14:00:49.121,482396304978,78397.6
TRD30007070,ORD20000096,C100062,ITC,NSE,SELL,MIS,2,27,455.8,2026-10-01 14:00:49.430,293996511186,12306.6
TRD30007071,ORD20002777,C100000,HINDUNILVR,NSE,SELL,MIS,1,22,2304.5,2026-10-01 14:04:40.599,325703533382,50699.0
TRD30007072,ORD20004139,C100026,TATAMOTORS,NSE,SELL,CNC,1,39,926.4,2026-10-01 14:06:24.854,926152640705,36129.6
TRD30007073,ORD20000631,C100169,AXISBANK,NSE,BUY,MIS,1,40,1068.45,2026-10-01 14:07:04.993,725418520994,42738.0
TRD30007074,ORD20000631,C100169,AXISBANK,NSE,BUY,MIS,2,66,1068.45,2026-10-01 14:07:06.749,662052123695,70517.7
TRD30007075,ORD20000631,C100169,AXISBANK,NSE,BUY,MIS,3,18,1068.45,2026-10-01 14:07:07.970,682525565933,19232.1
TRD30007076,ORD20000840,C100058,ONGC,BSE,SELL,MIS,1,2,261.7,2026-10-01 14:11:49.131,471893154705,523.4
TRD30007077,ORD20000840,C100058,ONGC,BSE,SELL,MIS,2,10,261.7,2026-10-01 14:11:50.405,808826657485,2617.0
TRD30007078,ORD20004889,C100192,ITC,NSE,BUY,MIS,1,13,442.15,2026-10-01 14:12:30.665,771241631318,5747.95
TRD30007079,ORD20003772,C100059,INFY,NSE,BUY,CNC,1,3,1548.5,2026-10-01 14:13:51.408,492650855323,4645.5
TRD30007080,ORD20003772,C100059,INFY,NSE,BUY,CNC,2,3,1548.5,2026-10-01 14:13:54.290,232063494786,4645.5
TRD30007081,ORD20003908,C100074,SBIN,NSE,BUY,CNC,1,36,783.1,2026-10-01 14:14:33.962,187705568117,28191.6
TRD30007082,ORD20004838,C100095,BHARTIARTL,NSE,SELL,CNC,1,6,1375.2,2026-10-01 14:15:56.621,815425497014,8251.2
TRD30007083,ORD20004838,C100095,BHARTIARTL,NSE,SELL,CNC,2,1,1375.2,2026-10-01 14:16:00.578,732507801502,1375.2
TRD30007084,ORD20004838,C100095,BHARTIARTL,NSE,SELL,CNC,3,3,1375.2,2026-10-01 14:16:03.194,504843263506,4125.6
TRD30007085,ORD20003810,C100056,ITC,NSE,BUY,CNC,1,146,435.25,2026-10-01 14:21:55.456,222490335868,63546.5
TRD30007086,ORD20000760,C100183,TITAN,NSE,SELL,CNC,1,16,3505.3,2026-10-01 14:22:32.254,796051164702,56084.8
TRD30007087,ORD20000234,C100169,MARUTI,NSE,BUY,MIS,1,1,12083.45,2026-10-01 14:23:00.333,423231077850,12083.45
TRD30007088,ORD20000234,C100169,MARUTI,NSE,BUY,MIS,2,1,12083.45,2026-10-01 14:23:02.528,799045061630,12083.45
TRD30007089,ORD20002638,C100137,ONGC,NSE,SELL,CNC,1,5,272.55,2026-10-01 14:23:06.412,729309302364,1362.75
TRD30007090,ORD20002638,C100137,ONGC,NSE,SELL,CNC,2,11,272.55,2026-10-01 14:23:07.654,937055415506,2998.05
TRD30007091,ORD20003666,C100068,MARUTI,NSE,SELL,CNC,1,2,12092.7,2026-10-01 14:23:15.108,161064692215,24185.4
TRD30007092,ORD20003647,C100138,ASIANPAINT,NSE,SELL,CNC,1,11,2887.05,2026-10-01 14:24:58.459,679045702694,31757.55
TRD30007093,ORD20000818,C100062,NTPC,NSE,SELL,MIS,1,190,342.75,2026-10-01 14:28:18.133,813293523754,65122.5
TRD30007094,ORD20004538,C100079,ITC,NSE,BUY,CNC,1,5,463.85,2026-10-01 14:32:59.006,362327409292,2319.25
TRD30007095,ORD20004538,C100079,ITC,NSE,BUY,CNC,2,5,463.85,2026-10-01 14:33:01.663,763234269299,2319.25
TRD30007096,ORD20004538,C100079,ITC,NSE,BUY,CNC,3,35,463.85,2026-10-01 14:33:03.649,367991591837,16234.75
TRD30007097,ORD20002404,C100027,TATAMOTORS,NSE,SELL,CNC,1,140,871.45,2026-10-01 14:35:18.354,671458273497,122003.0
TRD30007098,ORD20002028,C100177,MARUTI,NSE,BUY,MIS,1,1,12090.0,2026-10-01 14:36:39.241,712477481145,12090.0
TRD30007099,ORD20004069,C100002,HDFCBANK,NSE,SELL,MIS,1,7,1676.45,2026-10-01 14:38:19.745,905579985829,11735.15
TRD30007100,ORD20004069,C100002,HDFCBANK,NSE,SELL,MIS,2,9,1676.45,2026-10-01 14:38:23.413,955812055950,15088.05
TRD30007101,ORD20003760,C100006,ITC,NSE,BUY,MIS,1,14,445.6,2026-10-01 14:40:31.864,997144050361,6238.4
TRD30007102,ORD20000779,C100010,TATAMOTORS,NSE,SELL,CNC,1,23,951.15,2026-10-01 14:44:45.705,724470059412,21876.45
TRD30007103,ORD20000779,C100010,TATAMOTORS,NSE,SELL,CNC,2,4,951.4,2026-10-01 14:44:47.854,621036389906,3805.6
TRD30007104,ORD20000361,C100176,MARUTI,NSE,SELL,CNC,1,1,11972.2,2026-10-01 14:45:44.977,714549864825,11972.2
TRD30007105,ORD20002388,C100034,TATAMOTORS,NSE,BUY,MIS,1,2,919.4,2026-10-01 14:45:49.902,772555196526,1838.8
TRD30007106,ORD20002388,C100034,TATAMOTORS,NSE,BUY,MIS,2,28,920.3,2026-10-01 14:45:52.606,834172035655,25768.4
TRD30007107,ORD20002388,C100034,TATAMOTORS,NSE,BUY,MIS,3,9,920.15,2026-10-01 14:45:52.793,361836243755,8281.35
TRD30007108,ORD20003219,C100155,ASIANPAINT,NSE,BUY,MIS,1,23,3000.55,2026-10-01 14:46:10.286,737983610805,69012.65
TRD30007109,ORD20004064,C100072,MARUTI,NSE,SELL,MIS,1,1,11314.1,2026-10-01 14:46:56.168,272842575120,11314.1
TRD30007110,ORD20003868,C100035,ITC,NSE,SELL,CNC,1,4,463.75,2026-10-01 14:47:54.742,192751330425,1855.0
TRD30007111,ORD20003868,C100035,ITC,NSE,SELL,CNC,2,16,463.6,2026-10-01 14:47:57.814,813883491047,7417.6
TRD30007112,ORD20004384,C100125,NTPC,NSE,BUY,MIS,1,15,369.3,2026-10-01 14:50:05.360,622180591970,5539.5
TRD30007113,ORD20003012,C100015,BHARTIARTL,NSE,SELL,MIS,1,1,1345.4,2026-10-01 14:52:08.838,528381457136,1345.4
TRD30007114,ORD20003012,C100015,BHARTIARTL,NSE,SELL,MIS,2,2,1344.75,2026-10-01 14:52:10.767,458410870277,2689.5
TRD30007115,ORD20000494,C100043,ASIANPAINT,NSE,BUY,CNC,1,1,2871.05,2026-10-01 14:52:57.424,330083072480,2871.05
TRD30007116,ORD20000494,C100043,ASIANPAINT,NSE,BUY,CNC,2,2,2871.45,2026-10-01 14:52:58.387,627575644229,5742.9
TRD30007117,ORD20000126,C100102,ITC,NSE,BUY,MIS,1,4,452.6,2026-10-01 14:53:59.086,176663935610,1810.4
TRD30007118,ORD20000126,C100102,ITC,NSE,BUY,MIS,2,7,452.6,2026-10-01 14:54:01.649,727032253524,3168.2
TRD30007119,ORD20000126,C100102,ITC,NSE,BUY,MIS,3,1,452.6,2026-10-01 14:54:02.070,538832822981,452.6
TRD30007120,ORD20001125,C100121,HINDUNILVR,NSE,BUY,MIS,1,2,2555.75,2026-10-01 14:54:07.345,667505843812,5111.5
TRD30007121,ORD20002653,C100114,ASIANPAINT,NSE,BUY,MIS,1,2,2789.45,2026-10-01 14:56:31.732,128431496333,5578.9
TRD30007122,ORD20002653,C100114,ASIANPAINT,NSE,BUY,MIS,2,8,2789.45,2026-10-01 14:56:32.311,436894913692,22315.6
TRD30007123,ORD20002653,C100114,ASIANPAINT,NSE,BUY,MIS,3,2,2789.45,2026-10-01 14:56:33.467,459680452869,5578.9
TRD30007124,ORD20004297,C100117,ICICIBANK,NSE,BUY,MIS,1,7,1215.15,2026-10-01 14:56:36.879,620021324525,8506.05
TRD30007125,ORD20003737,C100070,ICICIBANK,NSE,BUY,CNC,1,31,1182.3,2026-10-01 14:58:03.525,911688333891,36651.3
TRD30007126,ORD20003737,C100070,ICICIBANK,NSE,BUY,CNC,2,33,1182.3,2026-10-01 14:58:07.197,745052401147,39015.9
TRD30007127,ORD20004625,C100063,ITC,NSE,BUY,CNC,1,133,450.9,2026-10-01 14:59:26.128,825493396217,59969.7
TRD30007128,ORD20000251,C100045,HDFCBANK,NSE,SELL,CNC,1,2,1680.8,2026-10-01 15:01:53.348,782856204850,3361.6
TRD30007129,ORD20000251,C100045,HDFCBANK,NSE,SELL,CNC,2,2,1680.8,2026-10-01 15:01:54.558,276047622479,3361.6
TRD30007130,ORD20001266,C100075,ITC,NSE,BUY,CNC,1,24,460.75,2026-10-01 15:03:30.857,562136962838,11058.0
TRD30007131,ORD20001249,C100145,ONGC,NSE,SELL,CNC,1,28,277.75,2026-10-01 15:04:14.383,761508466296,7777.0
TRD30007132,ORD20001595,C100168,HDFCBANK,NSE,BUY,CNC,1,6,1632.95,2026-10-01 15:04:27.172,582246642042,9797.7
TRD30007133,ORD20001595,C100168,HDFCBANK,NSE,BUY,CNC,2,3,1632.95,2026-10-01 15:04:29.095,954494141995,4898.85
TRD30007134,ORD20003355,C100046,TATAMOTORS,NSE,BUY,MIS,1,4,962.85,2026-10-01 15:04:50.440,566282571950,3851.4
TRD30007135,ORD20003355,C100046,TATAMOTORS,NSE,BUY,MIS,2,34,962.85,2026-10-01 15:04:54.317,593060930350,32736.9
TRD30007136,ORD20003740,C100194,HDFCBANK,NSE,BUY,CNC,1,1,1654.1,2026-10-01 15:05:46.410,207860097368,1654.1
TRD30007137,ORD20003740,C100194,HDFCBANK,NSE,BUY,CNC,2,1,1654.1,2026-10-01 15:05:48.152,171207334025,1654.1
TRD30007138,ORD20003740,C100194,HDFCBANK,NSE,BUY,CNC,3,1,1654.1,2026-10-01 15:05:48.844,152973086397,1654.1
TRD30007139,ORD20002011,C100167,HINDUNILVR,NSE,BUY,CNC,1,1,2351.95,2026-10-01 15:06:56.257,234681022064,2351.95
TRD30007140,ORD20002011,C100167,HINDUNILVR,NSE,BUY,CNC,2,1,2351.95,2026-10-01 15:07:00.079,704712058591,2351.95
TRD30007141,ORD20003941,C100109,HINDUNILVR,NSE,SELL,MIS,1,7,2408.25,2026-10-01 15:07:37.839,260284716822,16857.75
TRD30007142,ORD20003941,C100109,HINDUNILVR,NSE,SELL,MIS,2,5,2408.25,2026-10-01 15:07:39.576,197242883389,12041.25
TRD30007143,ORD20004826,C100074,MARUTI,NSE,SELL,CNC,1,1,11755.2,2026-10-01 15:09:38.927,651515481321,11755.2
TRD30007144,ORD20004826,C100074,MARUTI,NSE,SELL,CNC,2,2,11752.8,2026-10-01 15:09:39.695,872511703660,23505.6
TRD30007145,ORD20003688,C100187,BHARTIARTL,NSE,SELL,CNC,1,7,1438.5,2026-10-01 15:12:05.610,129713074772,10069.5
TRD30007146,ORD20004331,C100161,ITC,NSE,SELL,MIS,1,27,452.0,2026-10-01 15:13:24.599,555531452192,12204.0
TRD30007147,ORD20004331,C100161,ITC,NSE,SELL,MIS,2,2,452.0,2026-10-01 15:13:26.825,272524720684,904.0
TRD30007148,ORD20003903,C100098,KOTAKBANK,NSE,SELL,MIS,1,21,1717.8,2026-10-01 15:14:15.627,922960224722,36073.8
TRD30007149,ORD20001004,C100193,BHARTIARTL,NSE,BUY,CNC,1,1,1499.7,2026-10-01 15:17:28.869,476659944386,1499.7
TRD30007150,ORD20001004,C100193,BHARTIARTL,NSE,BUY,CNC,2,1,1499.7,2026-10-01 15:17:31.626,682521834359,1499.7
TRD30007151,ORD20001004,C100193,BHARTIARTL,NSE,BUY,CNC,3,1,1499.7,2026-10-01 15:17:34.941,491262060434,1499.7
TRD30007152,ORD20002076,C100193,SBIN,NSE,BUY,MIS,1,16,832.6,2026-10-01 15:17:41.552,836038447063,13321.6
TRD30007153,ORD20001215,C100184,KOTAKBANK,NSE,SELL,CNC,1,13,1807.1,2026-10-01 15:24:13.427,543422645749,23492.3
TRD30007154,ORD20001215,C100184,KOTAKBANK,NSE,SELL,CNC,2,3,1807.1,2026-10-01 15:24:15.377,951303434598,5421.3
TRD30007155,ORD20000566,C100067,TATAMOTORS,NSE,BUY,CNC,1,22,958.65,2026-10-01 15:24:30.617,423041235808,21090.3
TRD30007156,ORD20000566,C100067,TATAMOTORS,NSE,BUY,CNC,2,33,958.65,2026-10-01 15:24:32.861,749320594151,31635.45
TRD30007157,ORD20004797,C100042,ASIANPAINT,NSE,SELL,CNC,1,1,2904.95,2026-10-02 09:16:33.359,179759076357,2904.95
TRD30007158,ORD20004797,C100042,ASIANPAINT,NSE,SELL,CNC,2,2,2910.0,2026-10-02 09:16:35.697,245869100128,5820.0
TRD30007159,ORD20004797,C100042,ASIANPAINT,NSE,SELL,CNC,3,1,2908.65,2026-10-02 09:16:36.009,576652532488,2908.65
TRD30007160,ORD20002898,C100141,MARUTI,NSE,SELL,MIS,1,2,11855.8,2026-10-02 09:21:01.781,333384105902,23711.6
TRD30007161,ORD20002898,C100141,MARUTI,NSE,SELL,MIS,2,4,11855.8,2026-10-02 09:21:05.009,153062386070,47423.2
TRD30007162,ORD20002898,C100141,MARUTI,NSE,SELL,MIS,3,1,11855.8,2026-10-02 09:21:06.903,322920187821,11855.8
TRD30007163,ORD20004344,C100089,ICICIBANK,NSE,BUY,MIS,1,2,1187.95,2026-10-02 09:21:36.147,343797418168,2375.9
TRD30007164,ORD20004344,C100089,ICICIBANK,NSE,BUY,MIS,2,10,1187.95,2026-10-02 09:21:39.161,660837151206,11879.5
TRD30007165,ORD20000358,C100065,HDFCBANK,NSE,SELL,CNC,1,84,1706.8,2026-10-02 09:24:05.386,249560740581,143371.2
TRD30007166,ORD20000077,C100086,ITC,NSE,SELL,MIS,1,51,447.3,2026-10-02 09:24:29.062,935519677233,22812.3
TRD30007167,ORD20000077,C100086,ITC,NSE,SELL,MIS,2,23,447.3,2026-10-02 09:24:31.630,358286881394,10287.9
TRD30007168,ORD20001589,C100062,ITC,NSE,SELL,CNC,1,11,452.2,2026-10-02 09:24:43.319,967239816405,4974.2
TRD30007169,ORD20000447,C100092,MARUTI,NSE,BUY,MIS,1,1,11974.75,2026-10-02 09:25:16.791,481183277391,11974.75
TRD30007170,ORD20000998,C100043,TATAMOTORS,NSE,BUY,MIS,1,6,922.55,2026-10-02 09:26:03.645,759011767900,5535.3
TRD30007171,ORD20000998,C100043,TATAMOTORS,NSE,BUY,MIS,2,8,922.55,2026-10-02 09:26:06.118,710451333619,7380.4
TRD30007172,ORD20003992,C100161,MARUTI,NSE,SELL,CNC,1,3,11938.9,2026-10-02 09:27:38.911,352948208221,35816.7
TRD30007173,ORD20003992,C100161,MARUTI,NSE,SELL,CNC,2,2,11938.9,2026-10-02 09:27:40.632,499223692849,23877.8
TRD30007174,ORD20003992,C100161,MARUTI,NSE,SELL,CNC,3,2,11938.9,2026-10-02 09:27:43.706,306358768460,23877.8
TRD30007175,ORD20000921,C100027,ITC,NSE,BUY,CNC,1,11,463.9,2026-10-02 09:27:47.210,896111476039,5102.9
TRD30007176,ORD20000921,C100027,ITC,NSE,BUY,CNC,2,24,463.9,2026-10-02 09:27:50.395,897694878979,11133.6
TRD30007177,ORD20004726,C100016,NTPC,NSE,SELL,MIS,1,249,371.85,2026-10-02 09:28:30.625,423806250118,92590.65
TRD30007178,ORD20003716,C100107,SBIN,NSE,BUY,MIS,1,13,840.65,2026-10-02 09:29:55.664,467808585923,10928.45
TRD30007179,ORD20003716,C100107,SBIN,NSE,BUY,MIS,2,38,840.65,2026-10-02 09:29:56.286,372472674741,31944.7
TRD30007180,ORD20002905,C100169,ITC,NSE,SELL,CNC,1,107,452.0,2026-10-02 09:30:38.377,369113314109,48364.0
TRD30007181,ORD20003982,C100015,TITAN,NSE,SELL,MIS,1,1,3401.85,2026-10-02 09:30:43.636,178743748298,3401.85
TRD30007182,ORD20003982,C100015,TITAN,NSE,SELL,MIS,2,1,3410.35,2026-10-02 09:30:44.524,675884630129,3410.35
TRD30007183,ORD20004205,C100175,TITAN,NSE,SELL,MIS,1,4,3423.0,2026-10-02 09:35:39.607,791290203029,13692.0
TRD30007184,ORD20004205,C100175,TITAN,NSE,SELL,MIS,2,1,3418.6,2026-10-02 09:35:42.713,406677334854,3418.6
TRD30007185,ORD20002995,C100009,MARUTI,BSE,BUY,CNC,1,1,11774.75,2026-10-02 09:37:36.624,551596579095,11774.75
TRD30007186,ORD20002995,C100009,MARUTI,BSE,BUY,CNC,2,6,11774.75,2026-10-02 09:37:36.848,119789838942,70648.5
TRD30007187,ORD20002995,C100009,MARUTI,BSE,BUY,CNC,3,2,11774.75,2026-10-02 09:37:37.305,666975088220,23549.5
TRD30007188,ORD20001682,C100033,HINDUNILVR,NSE,SELL,MIS,1,4,2413.35,2026-10-02 09:40:38.776,392476419510,9653.4
TRD30007189,ORD20001682,C100033,HINDUNILVR,NSE,SELL,MIS,2,31,2414.0,2026-10-02 09:40:40.263,232995525936,74834.0
TRD30007190,ORD20003713,C100030,TATAMOTORS,NSE,BUY,MIS,1,3,1002.7,2026-10-02 09:41:27.015,110014092632,3008.1
TRD30007191,ORD20003713,C100030,TATAMOTORS,NSE,BUY,MIS,2,3,1002.7,2026-10-02 09:41:29.140,484239792400,3008.1
TRD30007192,ORD20003713,C100030,TATAMOTORS,NSE,BUY,MIS,3,22,1002.7,2026-10-02 09:41:31.664,702808881093,22059.4
TRD30007193,ORD20001502,C100053,HINDUNILVR,NSE,BUY,CNC,1,1,2429.05,2026-10-02 09:42:49.838,315990240020,2429.05
TRD30007194,ORD20001502,C100053,HINDUNILVR,NSE,BUY,CNC,2,1,2429.05,2026-10-02 09:42:52.494,251130239573,2429.05
TRD30007195,ORD20002023,C100109,ICICIBANK,NSE,BUY,MIS,1,1,1269.0,2026-10-02 09:45:24.800,651696820833,1269.0
TRD30007196,ORD20002023,C100109,ICICIBANK,NSE,BUY,MIS,2,1,1269.75,2026-10-02 09:45:28.724,634173247521,1269.75
TRD30007197,ORD20002023,C100109,ICICIBANK,NSE,BUY,MIS,3,3,1269.65,2026-10-02 09:45:30.909,374468711306,3808.95
TRD30007198,ORD20000440,C100088,MARUTI,NSE,SELL,CNC,1,1,12309.65,2026-10-02 09:45:42.819,865622348942,12309.65
TRD30007199,ORD20000440,C100088,MARUTI,NSE,SELL,CNC,2,6,12309.65,2026-10-02 09:45:46.755,637339519920,73857.9
TRD30007200,ORD20000440,C100088,MARUTI,NSE,SELL,CNC,3,1,12309.65,2026-10-02 09:45:47.114,833745063294,12309.65
TRD30007201,ORD20003749,C100070,TATAMOTORS,NSE,BUY,MIS,1,2,964.75,2026-10-02 09:47:35.305,931443136213,1929.5
TRD30007202,ORD20003749,C100070,TATAMOTORS,NSE,BUY,MIS,2,45,964.75,2026-10-02 09:47:39.099,707618231032,43413.75
TRD30007203,ORD20001185,C100142,ICICIBANK,NSE,BUY,MIS,1,7,1185.95,2026-10-02 09:50:25.384,363059254731,8301.65
TRD30007204,ORD20001185,C100142,ICICIBANK,NSE,BUY,MIS,2,41,1185.95,2026-10-02 09:50:27.488,709616167300,48623.95
TRD30007205,ORD20001185,C100142,ICICIBANK,NSE,BUY,MIS,3,1,1185.95,2026-10-02 09:50:28.397,478918079484,1185.95
TRD30007206,ORD20000191,C100103,ITC,NSE,BUY,CNC,1,243,445.75,2026-10-02 09:51:31.816,263271697341,108317.25
TRD30007207,ORD20000336,C100069,MARUTI,NSE,BUY,CNC,1,11,11847.7,2026-10-02 09:51:36.371,256891431035,130324.7
TRD30007208,ORD20003897,C100070,ITC,NSE,SELL,MIS,1,14,461.7,2026-10-02 09:53:41.623,238282378031,6463.8
TRD30007209,ORD20003897,C100070,ITC,NSE,SELL,MIS,2,17,461.7,2026-10-02 09:53:44.078,518522279500,7848.9
TRD30007210,ORD20003897,C100070,ITC,NSE,SELL,MIS,3,10,461.7,2026-10-02 09:53:47.453,634984331038,4617.0
TRD30007211,ORD20004642,C100049,RELIANCE,NSE,SELL,MIS,1,1,2971.9,2026-10-02 09:55:44.364,977093122516,2971.9
TRD30007212,ORD20002129,C100111,AXISBANK,NSE,SELL,MIS,1,1,1135.4,2026-10-02 10:01:13.962,705925000055,1135.4
TRD30007213,ORD20002129,C100111,AXISBANK,NSE,SELL,MIS,2,10,1136.65,2026-10-02 10:01:15.085,308822891941,11366.5
TRD30007214,ORD20001713,C100051,TATAMOTORS,NSE,SELL,CNC,1,51,931.85,2026-10-02 10:02:22.469,851744839559,47524.35
TRD30007215,ORD20001713,C100051,TATAMOTORS,NSE,SELL,CNC,2,7,931.85,2026-10-02 10:02:24.320,985522114358,6522.95
TRD30007216,ORD20001713,C100051,TATAMOTORS,NSE,SELL,CNC,3,19,931.85,2026-10-02 10:02:24.797,471631509548,17705.15
TRD30007217,ORD20003006,C100074,HDFCBANK,NSE,BUY,MIS,1,2,1720.95,2026-10-02 10:02:31.989,892116980252,3441.9
TRD30007218,ORD20000824,C100011,RELIANCE,BSE,BUY,CNC,1,19,2967.65,2026-10-02 10:04:20.214,769788507020,56385.35
TRD30007219,ORD20000824,C100011,RELIANCE,BSE,BUY,CNC,2,3,2967.65,2026-10-02 10:04:22.750,384496973519,8902.95
TRD30007220,ORD20000824,C100011,RELIANCE,BSE,BUY,CNC,3,10,2967.65,2026-10-02 10:04:24.681,106089438759,29676.5
TRD30007221,ORD20000987,C100019,TATAMOTORS,NSE,SELL,CNC,1,34,933.25,2026-10-02 10:06:15.511,728437830708,31730.5
TRD30007222,ORD20003124,C100096,ITC,NSE,BUY,CNC,1,121,445.7,2026-10-02 10:06:48.739,968804895547,53929.7
TRD30007223,ORD20000654,C100171,ITC,NSE,SELL,MIS,1,10,463.1,2026-10-02 10:07:07.255,222023698518,4631.0
TRD30007224,ORD20000654,C100171,ITC,NSE,SELL,MIS,2,9,462.85,2026-10-02 10:07:10.592,923623785687,4165.65
TRD30007225,ORD20000306,C100091,ITC,NSE,SELL,MIS,1,4,451.75,2026-10-02 10:09:26.884,286283807041,1807.0
TRD30007226,ORD20000306,C100091,ITC,NSE,SELL,MIS,2,7,452.4,2026-10-02 10:09:27.750,587365827621,3166.8
TRD30007227,ORD20002351,C100045,ITC,NSE,SELL,MIS,1,74,453.85,2026-10-02 10:10:05.242,597331396981,33584.9
TRD30007228,ORD20002597,C100143,KOTAKBANK,NSE,BUY,MIS,1,13,1798.9,2026-10-02 10:10:14.211,298710476783,23385.7
TRD30007229,ORD20002597,C100143,KOTAKBANK,NSE,BUY,MIS,2,20,1800.7,2026-10-02 10:10:16.489,121556921423,36014.0
TRD30007230,ORD20002631,C100113,KOTAKBANK,NSE,SELL,MIS,1,1,1737.05,2026-10-02 10:10:40.386,256350304087,1737.05
TRD30007231,ORD20002631,C100113,KOTAKBANK,NSE,SELL,MIS,2,1,1737.05,2026-10-02 10:10:41.844,451459131471,1737.05
TRD30007232,ORD20002631,C100113,KOTAKBANK,NSE,SELL,MIS,3,1,1737.05,2026-10-02 10:10:45.495,270272014797,1737.05
TRD30007233,ORD20002295,C100121,HDFCBANK,NSE,BUY,CNC,1,6,1614.6,2026-10-02 10:14:40.119,703875464899,9687.6
TRD30007234,ORD20002109,C100051,ITC,BSE,BUY,CNC,1,4,439.6,2026-10-02 10:15:47.242,539242415983,1758.4
TRD30007235,ORD20002109,C100051,ITC,BSE,BUY,CNC,2,5,439.6,2026-10-02 10:15:48.928,418657465239,2198.0
TRD30007236,ORD20001288,C100024,HINDUNILVR,NSE,SELL,MIS,1,22,2407.4,2026-10-02 10:16:20.264,309571502360,52962.8
TRD30007237,ORD20001288,C100024,HINDUNILVR,NSE,SELL,MIS,2,7,2403.75,2026-10-02 10:16:23.764,696052988404,16826.25
TRD30007238,ORD20001288,C100024,HINDUNILVR,NSE,SELL,MIS,3,32,2405.2,2026-10-02 10:16:26.292,902688843083,76966.4
TRD30007239,ORD20000589,C100080,TATAMOTORS,NSE,SELL,CNC,1,1,883.7,2026-10-02 10:16:59.258,685696560210,883.7
TRD30007240,ORD20000589,C100080,TATAMOTORS,NSE,SELL,CNC,2,2,883.6,2026-10-02 10:17:00.615,468066383371,1767.2
TRD30007241,ORD20000014,C100025,RELIANCE,NSE,SELL,MIS,1,2,2950.45,2026-10-02 10:18:24.569,125133308967,5900.9
TRD30007242,ORD20000014,C100025,RELIANCE,NSE,SELL,MIS,2,3,2950.45,2026-10-02 10:18:27.860,811227063591,8851.35
TRD30007243,ORD20001746,C100184,ITC,NSE,BUY,MIS,1,2,435.4,2026-10-02 10:19:27.399,572221815442,870.8
TRD30007244,ORD20001746,C100184,ITC,NSE,BUY,MIS,2,2,435.4,2026-10-02 10:19:28.669,158895774079,870.8
TRD30007245,ORD20001746,C100184,ITC,NSE,BUY,MIS,3,15,435.4,2026-10-02 10:19:30.293,754561465262,6531.0
TRD30007246,ORD20001197,C100044,RELIANCE,NSE,SELL,MIS,1,12,2921.0,2026-10-02 10:19:59.266,307053973256,35052.0
TRD30007247,ORD20001197,C100044,RELIANCE,NSE,SELL,MIS,2,6,2923.15,2026-10-02 10:20:01.381,368992311398,17538.9
TRD30007248,ORD20001197,C100044,RELIANCE,NSE,SELL,MIS,3,11,2917.85,2026-10-02 10:20:04.447,686002859896,32096.35
TRD30007249,ORD20004218,C100162,MARUTI,NSE,SELL,MIS,1,1,12100.3,2026-10-02 10:21:23.242,269853298528,12100.3
TRD30007250,ORD20002660,C100057,KOTAKBANK,NSE,BUY,CNC,1,9,1735.1,2026-10-02 10:21:50.396,389682087278,15615.9
TRD30007251,ORD20002660,C100057,KOTAKBANK,NSE,BUY,CNC,2,25,1735.1,2026-10-02 10:21:52.308,727900699844,43377.5
TRD30007252,ORD20002972,C100166,ITC,NSE,SELL,MIS,1,102,466.7,2026-10-02 10:22:36.152,383720813331,47603.4
TRD30007253,ORD20003056,C100150,MARUTI,NSE,SELL,CNC,1,1,11871.25,2026-10-02 10:24:40.144,182537473909,11871.25
TRD30007254,ORD20003056,C100150,MARUTI,NSE,SELL,CNC,2,1,11871.25,2026-10-02 10:24:42.333,190041404245,11871.25
TRD30007255,ORD20003378,C100075,HINDUNILVR,NSE,SELL,MIS,1,28,2306.7,2026-10-02 10:27:07.888,587120938053,64587.6
TRD30007256,ORD20001873,C100172,HDFCBANK,NSE,BUY,MIS,1,1,1660.1,2026-10-02 10:30:02.673,998557913142,1660.1
TRD30007257,ORD20001873,C100172,HDFCBANK,NSE,BUY,MIS,2,1,1657.9,2026-10-02 10:30:05.211,570863595674,1657.9
TRD30007258,ORD20001873,C100172,HDFCBANK,NSE,BUY,MIS,3,1,1659.85,2026-10-02 10:30:08.135,979669378650,1659.85
TRD30007259,ORD20003054,C100044,TATAMOTORS,NSE,SELL,MIS,1,3,999.2,2026-10-02 10:31:15.453,915900034688,2997.6
TRD30007260,ORD20003054,C100044,TATAMOTORS,NSE,SELL,MIS,2,10,999.2,2026-10-02 10:31:18.045,889657767688,9992.0
TRD30007261,ORD20002179,C100143,TATAMOTORS,BSE,SELL,CNC,1,38,939.8,2026-10-02 10:32:19.034,502462400210,35712.4
TRD30007262,ORD20002179,C100143,TATAMOTORS,BSE,SELL,CNC,2,20,940.5,2026-10-02 10:32:19.532,608712284164,18810.0
TRD30007263,ORD20002179,C100143,TATAMOTORS,BSE,SELL,CNC,3,14,940.05,2026-10-02 10:32:22.512,671506427325,13160.7
TRD30007264,ORD20001594,C100146,RELIANCE,NSE,BUY,CNC,1,2,2912.15,2026-10-02 10:32:26.924,107682058080,5824.3
TRD30007265,ORD20001594,C100146,RELIANCE,NSE,BUY,CNC,2,1,2909.4,2026-10-02 10:32:29.031,139337936343,2909.4
TRD30007266,ORD20001594,C100146,RELIANCE,NSE,BUY,CNC,3,1,2910.3,2026-10-02 10:32:29.530,963565214308,2910.3
TRD30007267,ORD20001164,C100148,RELIANCE,NSE,BUY,CNC,1,18,2946.05,2026-10-02 10:36:48.434,495780653585,53028.9
TRD30007268,ORD20003559,C100066,HINDUNILVR,NSE,SELL,MIS,1,2,2276.15,2026-10-02 10:39:21.111,852089196920,4552.3
TRD30007269,ORD20004933,C100187,HDFCBANK,NSE,BUY,MIS,1,1,1594.9,2026-10-02 10:39:44.357,210296495392,1594.9
TRD30007270,ORD20001099,C100151,AXISBANK,NSE,SELL,CNC,1,5,1107.75,2026-10-02 10:46:03.720,331929948992,5538.75
TRD30007271,ORD20001099,C100151,AXISBANK,NSE,SELL,CNC,2,20,1107.75,2026-10-02 10:46:06.261,147139534118,22155.0
TRD30007272,ORD20000091,C100060,AXISBANK,BSE,BUY,CNC,1,30,1134.05,2026-10-02 10:48:58.452,786194070426,34021.5
TRD30007273,ORD20000091,C100060,AXISBANK,BSE,BUY,CNC,2,8,1134.05,2026-10-02 10:49:00.919,332787055024,9072.4
TRD30007274,ORD20000091,C100060,AXISBANK,BSE,BUY,CNC,3,10,1134.05,2026-10-02 10:49:02.205,811839881807,11340.5
TRD30007275,ORD20001547,C100185,TATAMOTORS,NSE,BUY,MIS,1,13,968.1,2026-10-02 10:49:23.866,801087386446,12585.3
TRD30007276,ORD20001547,C100185,TATAMOTORS,NSE,BUY,MIS,2,2,968.1,2026-10-02 10:49:27.506,192576657123,1936.2
TRD30007277,ORD20001547,C100185,TATAMOTORS,NSE,BUY,MIS,3,15,968.1,2026-10-02 10:49:28.957,357196990907,14521.5
TRD30007278,ORD20004526,C100154,ICICIBANK,NSE,BUY,CNC,1,19,1222.55,2026-10-02 10:50:45.846,582122365870,23228.45
TRD30007279,ORD20004526,C100154,ICICIBANK,NSE,BUY,CNC,2,1,1222.55,2026-10-02 10:50:46.732,826013655830,1222.55
TRD30007280,ORD20004526,C100154,ICICIBANK,NSE,BUY,CNC,3,2,1222.55,2026-10-02 10:50:49.306,818096656091,2445.1
TRD30007281,ORD20002749,C100100,NTPC,NSE,SELL,MIS,1,9,356.45,2026-10-02 10:57:09.638,585191329308,3208.05
TRD30007282,ORD20002749,C100100,NTPC,NSE,SELL,MIS,2,2,356.55,2026-10-02 10:57:13.496,725722639617,713.1
TRD30007283,ORD20002749,C100100,NTPC,NSE,SELL,MIS,3,2,356.5,2026-10-02 10:57:17.439,945262778689,713.0
TRD30007284,ORD20000470,C100013,HINDUNILVR,NSE,SELL,CNC,1,10,2379.5,2026-10-02 10:58:01.852,469680418477,23795.0
TRD30007285,ORD20004934,C100051,ITC,NSE,BUY,MIS,1,19,451.25,2026-10-02 11:05:33.191,218056194790,8573.75
TRD30007286,ORD20004934,C100051,ITC,NSE,BUY,MIS,2,2,451.25,2026-10-02 11:05:35.334,222423070392,902.5
TRD30007287,ORD20003856,C100187,BHARTIARTL,NSE,SELL,MIS,1,92,1400.6,2026-10-02 11:07:53.553,437335994683,128855.2
TRD30007288,ORD20003856,C100187,BHARTIARTL,NSE,SELL,MIS,2,7,1400.6,2026-10-02 11:07:57.205,204591761045,9804.2
TRD30007289,ORD20004883,C100045,TATAMOTORS,BSE,SELL,MIS,1,1,958.5,2026-10-02 11:11:20.229,892958285740,958.5
TRD30007290,ORD20000754,C100186,ITC,NSE,BUY,MIS,1,64,452.3,2026-10-02 11:11:57.640,586696570532,28947.2
TRD30007291,ORD20002562,C100116,HDFCBANK,NSE,BUY,MIS,1,82,1667.45,2026-10-02 11:12:17.959,792177514709,136730.9
TRD30007292,ORD20002229,C100121,AXISBANK,NSE,BUY,MIS,1,43,1058.4,2026-10-02 11:12:40.714,994208057162,45511.2
TRD30007293,ORD20002862,C100030,ITC,NSE,BUY,MIS,1,6,466.5,2026-10-02 11:16:15.524,463594473492,2799.0
TRD30007294,ORD20002862,C100030,ITC,NSE,BUY,MIS,2,10,466.5,2026-10-02 11:16:15.789,821955405507,4665.0
TRD30007295,ORD20004470,C100084,AXISBANK,NSE,SELL,MIS,1,3,1135.85,2026-10-02 11:16:46.281,760969376376,3407.55
TRD30007296,ORD20004470,C100084,AXISBANK,NSE,SELL,MIS,2,18,1136.2,2026-10-02 11:16:46.572,328911193450,20451.6
TRD30007297,ORD20004470,C100084,AXISBANK,NSE,SELL,MIS,3,40,1138.65,2026-10-02 11:16:48.029,204168102006,45546.0
TRD30007298,ORD20004380,C100005,ICICIBANK,NSE,BUY,MIS,1,40,1179.8,2026-10-02 11:18:58.461,108917743832,47192.0
TRD30007299,ORD20004380,C100005,ICICIBANK,NSE,BUY,MIS,2,69,1179.8,2026-10-02 11:18:59.095,844144392158,81406.2
TRD30007300,ORD20001972,C100026,ITC,NSE,BUY,MIS,1,2,449.2,2026-10-02 11:19:03.590,981853042212,898.4
TRD30007301,ORD20001972,C100026,ITC,NSE,BUY,MIS,2,10,449.2,2026-10-02 11:19:05.722,448324594740,4492.0
TRD30007302,ORD20003702,C100097,KOTAKBANK,NSE,SELL,MIS,1,20,1752.4,2026-10-02 11:20:31.764,580294539051,35048.0
TRD30007303,ORD20002476,C100076,ITC,NSE,BUY,CNC,1,13,443.4,2026-10-02 11:23:38.096,276383575903,5764.2
TRD30007304,ORD20004106,C100172,HINDUNILVR,NSE,BUY,MIS,1,18,2353.3,2026-10-02 11:26:15.752,799401150975,42359.4
TRD30007305,ORD20002670,C100156,HDFCBANK,NSE,BUY,CNC,1,20,1677.65,2026-10-02 11:26:21.352,118836160799,33553.0
TRD30007306,ORD20002584,C100139,BHARTIARTL,NSE,BUY,MIS,1,1,1375.2,2026-10-02 11:26:51.087,221398135842,1375.2
TRD30007307,ORD20002584,C100139,BHARTIARTL,NSE,BUY,MIS,2,2,1375.2,2026-10-02 11:26:52.037,945430970092,2750.4
TRD30007308,ORD20002398,C100000,MARUTI,NSE,SELL,MIS,1,1,12421.25,2026-10-02 11:27:04.839,374502496919,12421.25
TRD30007309,ORD20002398,C100000,MARUTI,NSE,SELL,MIS,2,1,12421.25,2026-10-02 11:27:06.254,586399201571,12421.25
TRD30007310,ORD20001887,C100018,HINDUNILVR,NSE,SELL,MIS,1,9,2436.4,2026-10-02 11:29:22.628,500784893501,21927.6
TRD30007311,ORD20001887,C100018,HINDUNILVR,NSE,SELL,MIS,2,1,2436.4,2026-10-02 11:29:25.245,259740791462,2436.4
TRD30007312,ORD20001887,C100018,HINDUNILVR,NSE,SELL,MIS,3,1,2436.4,2026-10-02 11:29:28.041,735735040262,2436.4
TRD30007313,ORD20000056,C100037,BHARTIARTL,NSE,BUY,CNC,1,20,1375.25,2026-10-02 11:29:45.516,913230561779,27505.0
TRD30007314,ORD20000056,C100037,BHARTIARTL,NSE,BUY,CNC,2,18,1374.8,2026-10-02 11:29:48.533,610175114828,24746.4
TRD30007315,ORD20004869,C100140,BHARTIARTL,NSE,BUY,MIS,1,3,1355.15,2026-10-02 11:31:05.054,338791054015,4065.45
TRD30007316,ORD20004869,C100140,BHARTIARTL,NSE,BUY,MIS,2,3,1353.65,2026-10-02 11:31:08.973,864487463193,4060.95
TRD30007317,ORD20004869,C100140,BHARTIARTL,NSE,BUY,MIS,3,22,1353.6,2026-10-02 11:31:09.622,365266447381,29779.2
TRD30007318,ORD20003584,C100054,TITAN,NSE,BUY,CNC,1,30,3270.9,2026-10-02 11:32:58.829,834724529890,98127.0
TRD30007319,ORD20000036,C100125,ASIANPAINT,NSE,SELL,MIS,1,4,2846.5,2026-10-02 11:35:39.445,871631008810,11386.0
TRD30007320,ORD20000036,C100125,ASIANPAINT,NSE,SELL,MIS,2,4,2846.5,2026-10-02 11:35:40.298,865711951240,11386.0
TRD30007321,ORD20001367,C100078,BHARTIARTL,NSE,SELL,CNC,1,56,1399.4,2026-10-02 11:38:45.617,749107076684,78366.4
TRD30007322,ORD20001367,C100078,BHARTIARTL,NSE,SELL,CNC,2,14,1399.4,2026-10-02 11:38:48.253,963259327693,19591.6
TRD30007323,ORD20001367,C100078,BHARTIARTL,NSE,SELL,CNC,3,16,1399.4,2026-10-02 11:38:51.054,905220954680,22390.4
TRD30007324,ORD20001942,C100000,HINDUNILVR,BSE,BUY,CNC,1,19,2459.3,2026-10-02 11:38:55.100,940284595931,46726.7
TRD30007325,ORD20001331,C100028,AXISBANK,NSE,SELL,MIS,1,12,1101.75,2026-10-02 11:39:02.324,486038207808,13221.0
TRD30007326,ORD20002872,C100020,MARUTI,NSE,BUY,CNC,1,1,12199.65,2026-10-02 11:40:05.095,318251172371,12199.65
TRD30007327,ORD20000882,C100084,AXISBANK,NSE,BUY,MIS,1,49,1112.15,2026-10-02 11:43:23.219,997694689341,54495.35
TRD30007328,ORD20001021,C100100,RELIANCE,BSE,BUY,CNC,1,9,2886.4,2026-10-02 11:44:28.021,225616820191,25977.6
TRD30007329,ORD20001021,C100100,RELIANCE,BSE,BUY,CNC,2,22,2886.4,2026-10-02 11:44:29.977,624423640588,63500.8
TRD30007330,ORD20001021,C100100,RELIANCE,BSE,BUY,CNC,3,11,2886.4,2026-10-02 11:44:31.672,722222520423,31750.4
TRD30007331,ORD20004807,C100143,MARUTI,NSE,BUY,MIS,1,5,12320.65,2026-10-02 11:47:56.005,421010021177,61603.25
TRD30007332,ORD20004807,C100143,MARUTI,NSE,BUY,MIS,2,1,12308.4,2026-10-02 11:47:58.942,351453541880,12308.4
TRD30007333,ORD20004807,C100143,MARUTI,NSE,BUY,MIS,3,3,12306.85,2026-10-02 11:48:00.746,233384092350,36920.55
TRD30007334,ORD20001822,C100057,HINDUNILVR,NSE,BUY,CNC,1,1,2436.45,2026-10-02 11:48:32.496,136574339668,2436.45
TRD30007335,ORD20001822,C100057,HINDUNILVR,NSE,BUY,CNC,2,1,2435.7,2026-10-02 11:48:33.736,979451630287,2435.7
TRD30007336,ORD20000731,C100082,ICICIBANK,NSE,BUY,MIS,1,25,1155.0,2026-10-02 11:50:53.976,494354589274,28875.0
TRD30007337,ORD20000731,C100082,ICICIBANK,NSE,BUY,MIS,2,15,1155.0,2026-10-02 11:50:56.644,361094305936,17325.0
TRD30007338,ORD20000731,C100082,ICICIBANK,NSE,BUY,MIS,3,12,1155.0,2026-10-02 11:51:00.112,266441230061,13860.0
TRD30007339,ORD20003136,C100122,RELIANCE,NSE,SELL,MIS,1,3,2839.45,2026-10-02 11:52:44.149,308691857280,8518.35
TRD30007340,ORD20002579,C100099,ITC,NSE,SELL,MIS,1,241,440.45,2026-10-02 11:56:32.892,573288758596,106148.45
TRD30007341,ORD20002579,C100099,ITC,NSE,SELL,MIS,2,62,440.2,2026-10-02 11:56:36.462,320162952077,27292.4
TRD30007342,ORD20001017,C100046,HINDUNILVR,NSE,BUY,MIS,1,1,2491.25,2026-10-02 11:59:16.856,344728703808,2491.25
TRD30007343,ORD20001216,C100103,MARUTI,NSE,SELL,CNC,1,1,12216.05,2026-10-02 11:59:34.647,988408032776,12216.05
TRD30007344,ORD20001216,C100103,MARUTI,NSE,SELL,CNC,2,3,12201.5,2026-10-02 11:59:35.696,633436695268,36604.5
TRD30007345,ORD20001216,C100103,MARUTI,NSE,SELL,CNC,3,2,12199.2,2026-10-02 11:59:37.627,192133738448,24398.4
TRD30007346,ORD20002147,C100021,ITC,NSE,BUY,MIS,1,56,449.1,2026-10-02 12:01:32.403,778747362357,25149.6
TRD30007347,ORD20002147,C100021,ITC,NSE,BUY,MIS,2,173,449.1,2026-10-02 12:01:35.357,170827868706,77694.3
TRD30007348,ORD20000108,C100144,ITC,NSE,SELL,CNC,1,23,439.65,2026-10-02 12:02:11.775,386754055574,10111.95
TRD30007349,ORD20003235,C100182,TITAN,BSE,SELL,CNC,1,2,3168.5,2026-10-02 12:03:49.925,405337518829,6337.0
TRD30007350,ORD20004511,C100176,HDFCBANK,NSE,BUY,MIS,1,8,1674.35,2026-10-02 12:05:43.229,724006081282,13394.8
TRD30007351,ORD20004511,C100176,HDFCBANK,NSE,BUY,MIS,2,1,1674.35,2026-10-02 12:05:46.805,167923484122,1674.35
TRD30007352,ORD20004511,C100176,HDFCBANK,NSE,BUY,MIS,3,3,1674.35,2026-10-02 12:05:49.930,620704923511,5023.05
TRD30007353,ORD20003664,C100095,TCS,NSE,SELL,MIS,1,4,4085.95,2026-10-02 12:07:16.206,575289627043,16343.8
TRD30007354,ORD20003664,C100095,TCS,NSE,SELL,MIS,2,3,4085.95,2026-10-02 12:07:17.301,402086490574,12257.85
TRD30007355,ORD20004374,C100193,SBIN,BSE,SELL,MIS,1,56,782.55,2026-10-02 12:08:23.038,533317164594,43822.8
TRD30007356,ORD20004374,C100193,SBIN,BSE,SELL,MIS,2,4,782.55,2026-10-02 12:08:23.637,519354229310,3130.2
TRD30007357,ORD20004374,C100193,SBIN,BSE,SELL,MIS,3,9,782.55,2026-10-02 12:08:27.245,976893483716,7042.95
TRD30007358,ORD20001815,C100069,RELIANCE,NSE,SELL,MIS,1,1,3082.45,2026-10-02 12:09:52.481,704009133988,3082.45
TRD30007359,ORD20001815,C100069,RELIANCE,NSE,SELL,MIS,2,1,3082.45,2026-10-02 12:09:53.342,366275127830,3082.45
TRD30007360,ORD20002429,C100005,HINDUNILVR,NSE,SELL,CNC,1,1,2411.3,2026-10-02 12:10:39.874,816432406110,2411.3
TRD30007361,ORD20002429,C100005,HINDUNILVR,NSE,SELL,CNC,2,2,2411.3,2026-10-02 12:10:40.745,504854418553,4822.6
TRD30007362,ORD20002429,C100005,HINDUNILVR,NSE,SELL,CNC,3,17,2411.3,2026-10-02 12:10:43.491,186672914587,40992.1
TRD30007364,ORD20000595,C100145,HINDUNILVR,NSE,SELL,CNC,1,9,2428.6,2026-10-02 12:11:43.890,609957958947,21857.4
TRD30007363,ORD20004346,C100178,MARUTI,NSE,SELL,MIS,1,1,11892.75,2026-10-02 12:11:44.121,226895735589,11892.75
TRD30007365,ORD20000595,C100145,HINDUNILVR,NSE,SELL,CNC,2,5,2428.2,2026-10-02 12:11:46.149,247127814914,12141.0
TRD30007366,ORD20003527,C100135,TATAMOTORS,NSE,BUY,CNC,1,1,947.5,2026-10-02 12:12:41.775,849849736646,947.5
TRD30007367,ORD20003527,C100135,TATAMOTORS,NSE,BUY,CNC,2,14,946.55,2026-10-02 12:12:45.275,245793732401,13251.7
TRD30007368,ORD20003251,C100056,RELIANCE,NSE,BUY,MIS,1,26,2733.05,2026-10-02 12:12:58.223,433467532041,71059.3
TRD30007369,ORD20003631,C100011,ITC,NSE,SELL,MIS,1,38,408.9,2026-10-02 12:15:24.988,600641092148,15538.2
TRD30007370,ORD20003631,C100011,ITC,NSE,SELL,MIS,2,171,409.6,2026-10-02 12:15:25.517,997496114069,70041.6
TRD30007371,ORD20002907,C100115,NTPC,NSE,SELL,MIS,1,2,370.4,2026-10-02 12:18:01.262,142390507908,740.8
TRD30007372,ORD20002907,C100115,NTPC,NSE,SELL,MIS,2,11,370.3,2026-10-02 12:18:04.951,669374098077,4073.3
TRD30007373,ORD20002907,C100115,NTPC,NSE,SELL,MIS,3,3,370.4,2026-10-02 12:18:08.396,547930398685,1111.2
TRD30007374,ORD20002784,C100110,MARUTI,NSE,BUY,MIS,1,7,12330.1,2026-10-02 12:19:05.789,507041196985,86310.7
TRD30007375,ORD20002784,C100110,MARUTI,NSE,BUY,MIS,2,2,12350.5,2026-10-02 12:19:06.039,314244174473,24701.0
TRD30007376,ORD20001407,C100008,RELIANCE,BSE,BUY,MIS,1,3,2958.9,2026-10-02 12:19:23.664,107174416211,8876.7
TRD30007377,ORD20004399,C100108,TCS,NSE,BUY,MIS,1,4,3887.75,2026-10-02 12:20:36.081,826992283172,15551.0
TRD30007378,ORD20004399,C100108,TCS,NSE,BUY,MIS,2,1,3894.15,2026-10-02 12:20:39.175,778229189753,3894.15
TRD30007379,ORD20004399,C100108,TCS,NSE,BUY,MIS,3,12,3887.55,2026-10-02 12:20:42.716,200175656905,46650.6
TRD30007380,ORD20000560,C100145,ASIANPAINT,NSE,SELL,CNC,1,1,2808.1,2026-10-02 12:24:04.990,591986638691,2808.1
TRD30007381,ORD20004691,C100190,TATAMOTORS,NSE,SELL,CNC,1,3,900.0,2026-10-02 12:25:52.407,402528416213,2700.0
TRD30007382,ORD20004691,C100190,TATAMOTORS,NSE,SELL,CNC,2,21,900.0,2026-10-02 12:25:54.882,197111464660,18900.0
TRD30007383,ORD20004691,C100190,TATAMOTORS,NSE,SELL,CNC,3,13,900.0,2026-10-02 12:25:58.067,513513730219,11700.0
TRD30007384,ORD20004914,C100003,HINDUNILVR,BSE,BUY,MIS,1,3,2375.2,2026-10-02 12:31:47.945,103980549718,7125.6
TRD30007385,ORD20004914,C100003,HINDUNILVR,BSE,BUY,MIS,2,6,2375.2,2026-10-02 12:31:49.295,522720223326,14251.2
TRD30007386,ORD20003676,C100124,ICICIBANK,NSE,BUY,MIS,1,1,1182.85,2026-10-02 12:33:52.568,227800833999,1182.85
TRD30007387,ORD20003676,C100124,ICICIBANK,NSE,BUY,MIS,2,2,1183.25,2026-10-02 12:33:54.530,417669877700,2366.5
TRD30007388,ORD20003676,C100124,ICICIBANK,NSE,BUY,MIS,3,1,1183.65,2026-10-02 12:33:57.354,438808772632,1183.65
TRD30007389,ORD20002867,C100070,HDFCBANK,NSE,SELL,CNC,1,1,1645.55,2026-10-02 12:34:25.586,165239856698,1645.55
TRD30007390,ORD20002571,C100068,TATAMOTORS,NSE,SELL,MIS,1,2,959.3,2026-10-02 12:34:40.814,656100931364,1918.6
TRD30007391,ORD20002571,C100068,TATAMOTORS,NSE,SELL,MIS,2,5,959.75,2026-10-02 12:34:44.159,560125845967,4798.75
TRD30007392,ORD20002135,C100186,ICICIBANK,NSE,SELL,CNC,1,27,1249.6,2026-10-02 12:37:58.689,694053198062,33739.2
TRD30007393,ORD20002135,C100186,ICICIBANK,NSE,SELL,CNC,2,26,1249.6,2026-10-02 12:38:02.277,841758089736,32489.6
TRD30007394,ORD20002135,C100186,ICICIBANK,NSE,SELL,CNC,3,62,1249.6,2026-10-02 12:38:04.929,391587287217,77475.2
TRD30007395,ORD20002387,C100117,ITC,NSE,SELL,MIS,1,14,447.1,2026-10-02 12:38:20.539,555493917716,6259.4
TRD30007396,ORD20003615,C100036,RELIANCE,NSE,SELL,MIS,1,1,2828.7,2026-10-02 12:38:43.145,798528850529,2828.7
TRD30007397,ORD20004488,C100198,HDFCBANK,NSE,BUY,MIS,1,44,1683.85,2026-10-02 12:45:12.517,418589993599,74089.4
TRD30007398,ORD20000479,C100062,KOTAKBANK,NSE,SELL,MIS,1,4,1683.8,2026-10-02 12:46:23.547,599838126224,6735.2
TRD30007399,ORD20004724,C100107,TATAMOTORS,NSE,SELL,MIS,1,132,989.85,2026-10-02 12:46:25.798,604889331120,130660.2
TRD30007400,ORD20003974,C100115,KOTAKBANK,BSE,SELL,MIS,1,3,1709.75,2026-10-02 12:46:31.258,332547677129,5129.25
TRD30007401,ORD20003974,C100115,KOTAKBANK,BSE,SELL,MIS,2,5,1709.75,2026-10-02 12:46:33.925,579724579485,8548.75
TRD30007402,ORD20003974,C100115,KOTAKBANK,BSE,SELL,MIS,3,1,1709.75,2026-10-02 12:46:36.873,318451373682,1709.75
TRD30007403,ORD20000910,C100049,ICICIBANK,NSE,BUY,MIS,1,1,1246.8,2026-10-02 12:49:16.287,233740867174,1246.8
TRD30007404,ORD20000910,C100049,ICICIBANK,NSE,BUY,MIS,2,6,1246.8,2026-10-02 12:49:18.875,817975126143,7480.8
TRD30007405,ORD20000910,C100049,ICICIBANK,NSE,BUY,MIS,3,1,1246.8,2026-10-02 12:49:19.194,875816104433,1246.8
TRD30007406,ORD20001297,C100017,SBIN,NSE,BUY,MIS,1,1,804.8,2026-10-02 12:50:13.770,822392455601,804.8
TRD30007407,ORD20001297,C100017,SBIN,NSE,BUY,MIS,2,5,804.8,2026-10-02 12:50:16.488,656250991350,4024.0
TRD30007408,ORD20001297,C100017,SBIN,NSE,BUY,MIS,3,9,804.8,2026-10-02 12:50:19.500,167170727552,7243.2
TRD30007409,ORD20002183,C100064,SUNPHARMA,NSE,SELL,MIS,1,3,1756.0,2026-10-02 12:51:15.558,577724942266,5268.0
TRD30007410,ORD20000750,C100047,ONGC,NSE,SELL,MIS,1,106,278.0,2026-10-02 12:52:56.614,956520078585,29468.0
TRD30007411,ORD20000750,C100047,ONGC,NSE,SELL,MIS,2,2,278.0,2026-10-02 12:52:58.456,915530084290,556.0
TRD30007412,ORD20000750,C100047,ONGC,NSE,SELL,MIS,3,89,278.0,2026-10-02 12:53:00.459,826044629102,24742.0
TRD30007413,ORD20001567,C100077,RELIANCE,NSE,BUY,MIS,1,1,2756.65,2026-10-02 12:53:17.171,724931142320,2756.65
TRD30007414,ORD20001567,C100077,RELIANCE,NSE,BUY,MIS,2,1,2755.85,2026-10-02 12:53:17.989,554922161849,2755.85
TRD30007415,ORD20002711,C100006,BHARTIARTL,NSE,SELL,MIS,1,1,1348.7,2026-10-02 12:59:54.502,494955273225,1348.7
TRD30007416,ORD20002711,C100006,BHARTIARTL,NSE,SELL,MIS,2,5,1348.7,2026-10-02 12:59:56.285,632160726253,6743.5
TRD30007417,ORD20001157,C100098,MARUTI,NSE,SELL,MIS,1,1,11507.0,2026-10-02 13:00:25.306,525985622998,11507.0
TRD30007418,ORD20001157,C100098,MARUTI,NSE,SELL,MIS,2,1,11507.0,2026-10-02 13:00:29.024,471468927051,11507.0
TRD30007419,ORD20001027,C100199,MARUTI,BSE,BUY,MIS,1,1,12014.9,2026-10-02 13:00:45.064,638346456507,12014.9
TRD30007420,ORD20001386,C100019,HDFCBANK,NSE,BUY,MIS,1,1,1676.7,2026-10-02 13:02:08.558,925408614963,1676.7
TRD30007421,ORD20001386,C100019,HDFCBANK,NSE,BUY,MIS,2,1,1676.7,2026-10-02 13:02:11.525,296752020542,1676.7
TRD30007424,ORD20004216,C100007,NTPC,NSE,SELL,MIS,1,63,348.1,2026-10-02 13:07:52.085,729266289096,21930.3
TRD30007425,ORD20004216,C100007,NTPC,NSE,SELL,MIS,2,19,348.1,2026-10-02 13:07:52.827,883036412085,6613.9
TRD30007422,ORD20000920,C100184,TATAMOTORS,NSE,SELL,MIS,1,6,929.05,2026-10-02 13:07:53.122,222021513362,5574.3
TRD30007423,ORD20000920,C100184,TATAMOTORS,NSE,SELL,MIS,2,1,928.7,2026-10-02 13:07:55.888,241714055646,928.7
TRD30007426,ORD20002149,C100047,NTPC,NSE,SELL,CNC,1,76,368.2,2026-10-02 13:09:58.144,790027256740,27983.2
TRD30007427,ORD20000890,C100190,ICICIBANK,BSE,BUY,MIS,1,3,1225.95,2026-10-02 13:17:58.478,463564785966,3677.85
TRD30007428,ORD20000890,C100190,ICICIBANK,BSE,BUY,MIS,2,1,1226.7,2026-10-02 13:18:01.555,608706227074,1226.7
TRD30007429,ORD20000765,C100099,HINDUNILVR,NSE,SELL,CNC,1,2,2327.2,2026-10-02 13:19:26.698,141747189988,4654.4
TRD30007430,ORD20000765,C100099,HINDUNILVR,NSE,SELL,CNC,2,1,2325.55,2026-10-02 13:19:29.665,518207379155,2325.55
TRD30007431,ORD20000765,C100099,HINDUNILVR,NSE,SELL,CNC,3,1,2330.65,2026-10-02 13:19:32.910,771008606632,2330.65
TRD30007432,ORD20003841,C100014,SBIN,NSE,SELL,MIS,1,17,821.45,2026-10-02 13:22:28.346,812812549044,13964.65
TRD30007433,ORD20003841,C100014,SBIN,NSE,SELL,MIS,2,50,821.45,2026-10-02 13:22:29.696,650603882368,41072.5
TRD30007434,ORD20003841,C100014,SBIN,NSE,SELL,MIS,3,24,821.45,2026-10-02 13:22:31.001,848852954969,19714.8
TRD30007435,ORD20003547,C100126,HINDUNILVR,NSE,SELL,CNC,1,33,2521.5,2026-10-02 13:24:17.059,410732724005,83209.5
TRD30007436,ORD20003547,C100126,HINDUNILVR,NSE,SELL,CNC,2,12,2521.35,2026-10-02 13:24:20.813,179039803546,30256.2
TRD30007437,ORD20002377,C100124,ITC,NSE,SELL,MIS,1,3,450.45,2026-10-02 13:24:23.055,564497251050,1351.35
TRD30007438,ORD20002377,C100124,ITC,NSE,SELL,MIS,2,1,451.3,2026-10-02 13:24:25.890,993419790480,451.3
TRD30007439,ORD20002377,C100124,ITC,NSE,SELL,MIS,3,5,450.3,2026-10-02 13:24:29.766,901459771994,2251.5
TRD30007440,ORD20003605,C100165,ICICIBANK,NSE,BUY,CNC,1,12,1203.1,2026-10-02 13:26:02.755,888600491054,14437.2
TRD30007441,ORD20003605,C100165,ICICIBANK,NSE,BUY,CNC,2,8,1203.0,2026-10-02 13:26:05.210,645281516913,9624.0
TRD30007442,ORD20000415,C100054,ITC,NSE,BUY,MIS,1,20,448.7,2026-10-02 13:30:06.569,958613393475,8974.0
TRD30007443,ORD20000038,C100022,NTPC,NSE,SELL,MIS,1,4,340.95,2026-10-02 13:33:31.919,603395538115,1363.8
TRD30007444,ORD20000038,C100022,NTPC,NSE,SELL,MIS,2,5,340.95,2026-10-02 13:33:34.181,492292710419,1704.75
TRD30007445,ORD20000038,C100022,NTPC,NSE,SELL,MIS,3,10,340.95,2026-10-02 13:33:35.291,692768358499,3409.5
TRD30007446,ORD20002418,C100048,TATAMOTORS,NSE,BUY,MIS,1,51,966.85,2026-10-02 13:34:25.797,598544444982,49309.35
TRD30007447,ORD20002418,C100048,TATAMOTORS,NSE,BUY,MIS,2,11,966.85,2026-10-02 13:34:26.846,728232073573,10635.35
TRD30007448,ORD20000366,C100167,ITC,NSE,BUY,MIS,1,6,459.5,2026-10-02 13:35:10.864,439891773585,2757.0
TRD30007449,ORD20002113,C100024,MARUTI,BSE,SELL,CNC,1,1,11991.1,2026-10-02 13:36:01.623,976037753064,11991.1
TRD30007450,ORD20002113,C100024,MARUTI,BSE,SELL,CNC,2,4,12015.4,2026-10-02 13:36:05.607,948163500807,48061.6
TRD30007451,ORD20003904,C100047,ITC,NSE,SELL,MIS,1,83,424.15,2026-10-02 13:37:16.270,822685805154,35204.45
TRD30007452,ORD20003904,C100047,ITC,NSE,SELL,MIS,2,162,424.15,2026-10-02 13:37:18.529,131043505501,68712.3
TRD30007453,ORD20001274,C100019,MARUTI,BSE,BUY,MIS,1,9,11854.4,2026-10-02 13:38:22.302,337028552114,106689.6
TRD30007454,ORD20000442,C100166,TATAMOTORS,NSE,SELL,MIS,1,2,967.3,2026-10-02 13:38:40.281,941784648860,1934.6
TRD30007455,ORD20000442,C100166,TATAMOTORS,NSE,SELL,MIS,2,4,967.9,2026-10-02 13:38:41.581,830193925412,3871.6
TRD30007456,ORD20002423,C100190,RELIANCE,NSE,BUY,MIS,1,1,2846.6,2026-10-02 13:40:41.944,327700236526,2846.6
TRD30007457,ORD20002423,C100190,RELIANCE,NSE,BUY,MIS,2,1,2849.1,2026-10-02 13:40:44.418,614969175371,2849.1
TRD30007458,ORD20000130,C100039,ITC,NSE,BUY,MIS,1,25,420.65,2026-10-02 13:40:49.881,124211253807,10516.25
TRD30007459,ORD20002974,C100104,MARUTI,NSE,SELL,MIS,1,1,11517.3,2026-10-02 13:43:46.334,845924955920,11517.3
TRD30007460,ORD20003646,C100012,HDFCBANK,NSE,SELL,CNC,1,3,1675.7,2026-10-02 13:48:19.975,544782819408,5027.1
TRD30007461,ORD20003646,C100012,HDFCBANK,NSE,SELL,CNC,2,5,1672.8,2026-10-02 13:48:21.204,541399750116,8364.0
TRD30007462,ORD20001039,C100198,MARUTI,NSE,SELL,MIS,1,6,11058.95,2026-10-02 13:50:47.147,225773416208,66353.7
TRD30007463,ORD20002605,C100058,ITC,NSE,BUY,CNC,1,1,459.95,2026-10-02 13:51:38.755,130634792939,459.95
TRD30007464,ORD20002605,C100058,ITC,NSE,BUY,CNC,2,3,459.95,2026-10-02 13:51:41.375,949660909281,1379.85
TRD30007465,ORD20002605,C100058,ITC,NSE,BUY,CNC,3,8,459.95,2026-10-02 13:51:43.340,757848284525,3679.6
TRD30007466,ORD20000716,C100162,ASIANPAINT,NSE,BUY,CNC,1,2,2911.75,2026-10-02 13:51:52.136,335781129830,5823.5
TRD30007467,ORD20003948,C100038,NTPC,NSE,SELL,MIS,1,3,376.25,2026-10-02 13:53:32.273,122128466444,1128.75
TRD30007468,ORD20003948,C100038,NTPC,NSE,SELL,MIS,2,3,376.55,2026-10-02 13:53:35.177,672337967939,1129.65
TRD30007469,ORD20003948,C100038,NTPC,NSE,SELL,MIS,3,20,376.6,2026-10-02 13:53:35.312,882006117437,7532.0
TRD30007470,ORD20000572,C100034,HINDUNILVR,NSE,BUY,MIS,1,1,2337.8,2026-10-02 13:55:08.424,523265261029,2337.8
TRD30007471,ORD20000572,C100034,HINDUNILVR,NSE,BUY,MIS,2,2,2337.8,2026-10-02 13:55:11.621,699455306706,4675.6
TRD30007472,ORD20000572,C100034,HINDUNILVR,NSE,BUY,MIS,3,2,2337.8,2026-10-02 13:55:14.226,958109298472,4675.6
TRD30007473,ORD20001575,C100005,TCS,NSE,SELL,CNC,1,1,3917.8,2026-10-02 14:01:23.111,535272334088,3917.8
TRD30007474,ORD20001575,C100005,TCS,NSE,SELL,CNC,2,2,3917.8,2026-10-02 14:01:24.669,831166303015,7835.6
TRD30007475,ORD20001575,C100005,TCS,NSE,SELL,CNC,3,3,3917.8,2026-10-02 14:01:27.480,412376865010,11753.4
TRD30007476,ORD20004087,C100137,NTPC,NSE,SELL,MIS,1,2,361.85,2026-10-02 14:01:37.651,111107852297,723.7
TRD30007477,ORD20004087,C100137,NTPC,NSE,SELL,MIS,2,1,361.85,2026-10-02 14:01:37.717,867583452644,361.85
TRD30007478,ORD20004087,C100137,NTPC,NSE,SELL,MIS,3,10,361.85,2026-10-02 14:01:39.032,954326278375,3618.5
TRD30007479,ORD20003495,C100183,ITC,NSE,SELL,MIS,1,3,464.95,2026-10-02 14:01:41.406,152071643373,1394.85
TRD30007480,ORD20003495,C100183,ITC,NSE,SELL,MIS,2,4,464.95,2026-10-02 14:01:43.321,684401737669,1859.8
TRD30007481,ORD20003495,C100183,ITC,NSE,SELL,MIS,3,3,464.95,2026-10-02 14:01:45.732,737022715188,1394.85
TRD30007482,ORD20004579,C100193,SBIN,NSE,BUY,MIS,1,7,771.8,2026-10-02 14:03:29.866,879551104029,5402.6
TRD30007484,ORD20001511,C100098,MARUTI,NSE,SELL,MIS,1,1,11987.6,2026-10-02 14:03:31.043,839459251512,11987.6
TRD30007483,ORD20004579,C100193,SBIN,NSE,BUY,MIS,2,1,771.9,2026-10-02 14:03:33.517,706994179561,771.9
TRD30007485,ORD20001511,C100098,MARUTI,NSE,SELL,MIS,2,1,11987.6,2026-10-02 14:03:33.602,760500738006,11987.6
TRD30007486,ORD20003304,C100173,ICICIBANK,NSE,SELL,CNC,1,1,1251.8,2026-10-02 14:04:11.555,443909718142,1251.8
TRD30007487,ORD20003304,C100173,ICICIBANK,NSE,SELL,CNC,2,2,1250.9,2026-10-02 14:04:12.190,220309111931,2501.8
TRD30007488,ORD20003824,C100134,RELIANCE,NSE,BUY,MIS,1,4,2953.15,2026-10-02 14:05:18.568,905074724298,11812.6
TRD30007489,ORD20004649,C100042,TATAMOTORS,NSE,SELL,MIS,1,3,963.1,2026-10-02 14:08:29.338,956506956025,2889.3
TRD30007490,ORD20000374,C100077,NTPC,BSE,SELL,CNC,1,205,347.85,2026-10-02 14:11:12.220,121395263932,71309.25
TRD30007491,ORD20001856,C100119,SBIN,NSE,SELL,CNC,1,11,820.75,2026-10-02 14:11:15.353,733992442441,9028.25
TRD30007492,ORD20000972,C100102,ITC,BSE,BUY,CNC,1,308,454.8,2026-10-02 14:12:07.591,188128366750,140078.4
TRD30007493,ORD20001930,C100112,HINDUNILVR,NSE,SELL,CNC,1,2,2293.85,2026-10-02 14:14:27.338,737412524829,4587.7
TRD30007494,ORD20001930,C100112,HINDUNILVR,NSE,SELL,CNC,2,2,2296.9,2026-10-02 14:14:30.321,292585124578,4593.8
TRD30007495,ORD20001930,C100112,HINDUNILVR,NSE,SELL,CNC,3,7,2296.9,2026-10-02 14:14:32.446,979775610492,16078.3
TRD30007496,ORD20000708,C100159,BHARTIARTL,NSE,BUY,CNC,1,17,1438.7,2026-10-02 14:14:51.428,769048000753,24457.9
TRD30007497,ORD20000708,C100159,BHARTIARTL,NSE,BUY,CNC,2,3,1439.4,2026-10-02 14:14:54.130,732015666749,4318.2
TRD30007498,ORD20000708,C100159,BHARTIARTL,NSE,BUY,CNC,3,17,1439.25,2026-10-02 14:14:56.884,296816180968,24467.25
TRD30007499,ORD20002193,C100087,TATAMOTORS,NSE,SELL,MIS,1,6,954.35,2026-10-02 14:16:12.487,314505209730,5726.1
TRD30007500,ORD20001287,C100185,TCS,NSE,BUY,MIS,1,27,3992.45,2026-10-02 14:17:40.107,600032155096,107796.15
TRD30007501,ORD20000013,C100083,HINDUNILVR,NSE,SELL,MIS,1,3,2450.95,2026-10-02 14:19:23.868,244549697792,7352.85
TRD30007502,ORD20000013,C100083,HINDUNILVR,NSE,SELL,MIS,2,3,2450.95,2026-10-02 14:19:26.664,385771971800,7352.85
TRD30007503,ORD20000132,C100134,BHARTIARTL,NSE,BUY,CNC,1,2,1437.5,2026-10-02 14:22:35.109,923951310712,2875.0
TRD30007504,ORD20000132,C100134,BHARTIARTL,NSE,BUY,CNC,2,2,1437.5,2026-10-02 14:22:35.213,509291263361,2875.0
TRD30007505,ORD20001238,C100096,HDFCBANK,NSE,BUY,CNC,1,2,1690.3,2026-10-02 14:23:28.508,407250928742,3380.6
TRD30007506,ORD20001238,C100096,HDFCBANK,NSE,BUY,CNC,2,2,1690.3,2026-10-02 14:23:30.426,871750760586,3380.6
TRD30007507,ORD20001238,C100096,HDFCBANK,NSE,BUY,CNC,3,1,1690.3,2026-10-02 14:23:33.317,701471020591,1690.3
TRD30007508,ORD20000515,C100052,HINDUNILVR,NSE,SELL,MIS,1,3,2425.05,2026-10-02 14:26:55.905,505953576022,7275.15
TRD30007509,ORD20000515,C100052,HINDUNILVR,NSE,SELL,MIS,2,1,2425.05,2026-10-02 14:26:58.903,793227108638,2425.05
TRD30007510,ORD20000515,C100052,HINDUNILVR,NSE,SELL,MIS,3,1,2425.05,2026-10-02 14:27:01.763,291035529097,2425.05
TRD30007511,ORD20002165,C100180,SBIN,NSE,BUY,CNC,1,35,778.6,2026-10-02 14:27:25.421,195339198070,27251.0
TRD30007512,ORD20003507,C100009,BHARTIARTL,NSE,BUY,CNC,1,1,1383.95,2026-10-02 14:27:26.617,360398959819,1383.95
TRD30007513,ORD20003507,C100009,BHARTIARTL,NSE,BUY,CNC,2,1,1382.1,2026-10-02 14:27:30.404,384500962215,1382.1
TRD30007514,ORD20003911,C100099,SBIN,NSE,BUY,MIS,1,8,778.15,2026-10-02 14:30:01.775,910240533016,6225.2
TRD30007515,ORD20004970,C100025,LT,NSE,SELL,MIS,1,1,3490.65,2026-10-02 14:32:05.412,971975232710,3490.65
TRD30007516,ORD20004970,C100025,LT,NSE,SELL,MIS,2,1,3488.2,2026-10-02 14:32:09.118,148891280481,3488.2
TRD30007517,ORD20004970,C100025,LT,NSE,SELL,MIS,3,1,3491.7,2026-10-02 14:32:09.553,902323601118,3491.7
TRD30007518,ORD20004546,C100114,ITC,NSE,SELL,MIS,1,1,465.4,2026-10-02 14:33:29.134,844329083877,465.4
TRD30007519,ORD20004546,C100114,ITC,NSE,SELL,MIS,2,2,465.4,2026-10-02 14:33:31.585,270238688916,930.8
TRD30007520,ORD20004546,C100114,ITC,NSE,SELL,MIS,3,23,465.4,2026-10-02 14:33:32.103,526424940924,10704.2
TRD30007521,ORD20001922,C100048,ITC,NSE,BUY,MIS,1,15,449.8,2026-10-02 14:34:51.192,536265791925,6747.0
TRD30007522,ORD20004010,C100027,KOTAKBANK,NSE,BUY,MIS,1,32,1817.0,2026-10-02 14:38:00.041,285697180442,58144.0
TRD30007523,ORD20002536,C100060,HINDUNILVR,NSE,BUY,MIS,1,2,2439.15,2026-10-02 14:38:23.627,443833385665,4878.3
TRD30007524,ORD20002536,C100060,HINDUNILVR,NSE,BUY,MIS,2,2,2439.15,2026-10-02 14:38:27.488,245075472970,4878.3
TRD30007525,ORD20002536,C100060,HINDUNILVR,NSE,BUY,MIS,3,1,2439.15,2026-10-02 14:38:28.344,604200624849,2439.15
TRD30007526,ORD20003281,C100019,SBIN,BSE,SELL,MIS,1,78,798.95,2026-10-02 14:40:02.759,405486589210,62318.1
TRD30007527,ORD20001347,C100104,KOTAKBANK,NSE,BUY,MIS,1,1,1684.1,2026-10-02 14:45:33.138,515748846136,1684.1
TRD30007528,ORD20001347,C100104,KOTAKBANK,NSE,BUY,MIS,2,3,1683.7,2026-10-02 14:45:36.212,545863678586,5051.1
TRD30007529,ORD20001347,C100104,KOTAKBANK,NSE,BUY,MIS,3,2,1685.4,2026-10-02 14:45:37.396,572775320181,3370.8
TRD30007530,ORD20000500,C100125,KOTAKBANK,NSE,BUY,MIS,1,17,1781.9,2026-10-02 14:47:00.163,265604345038,30292.3
TRD30007531,ORD20001723,C100037,HINDUNILVR,NSE,SELL,MIS,1,14,2411.15,2026-10-02 14:49:11.840,111697476655,33756.1
TRD30007532,ORD20004211,C100151,NTPC,NSE,BUY,CNC,1,95,359.6,2026-10-02 14:49:30.678,615795965021,34162.0
TRD30007533,ORD20000985,C100043,INFY,NSE,BUY,MIS,1,1,1624.5,2026-10-02 14:50:03.950,373403149704,1624.5
TRD30007534,ORD20000985,C100043,INFY,NSE,BUY,MIS,2,1,1625.75,2026-10-02 14:50:04.908,158123384005,1625.75
TRD30007535,ORD20000985,C100043,INFY,NSE,BUY,MIS,3,1,1625.1,2026-10-02 14:50:08.152,438045885785,1625.1
TRD30007536,ORD20000195,C100195,SBIN,NSE,BUY,MIS,1,66,803.4,2026-10-02 14:54:43.786,989764351762,53024.4
TRD30007537,ORD20000195,C100195,SBIN,NSE,BUY,MIS,2,2,803.4,2026-10-02 14:54:47.594,656230615939,1606.8
TRD30007538,ORD20000195,C100195,SBIN,NSE,BUY,MIS,3,35,803.4,2026-10-02 14:54:51.262,750748364845,28119.0
TRD30007539,ORD20002327,C100010,NTPC,NSE,SELL,MIS,1,23,359.9,2026-10-02 14:55:41.595,859352288856,8277.7
TRD30007540,ORD20002327,C100010,NTPC,NSE,SELL,MIS,2,19,359.9,2026-10-02 14:55:42.253,709056057278,6838.1
TRD30007541,ORD20002327,C100010,NTPC,NSE,SELL,MIS,3,128,359.9,2026-10-02 14:55:45.885,496337021306,46067.2
TRD30007542,ORD20002793,C100141,HINDUNILVR,NSE,BUY,MIS,1,9,2501.1,2026-10-02 14:56:02.320,881179939740,22509.9
TRD30007543,ORD20002793,C100141,HINDUNILVR,NSE,BUY,MIS,2,3,2501.5,2026-10-02 14:56:02.880,374646324026,7504.5
TRD30007544,ORD20002793,C100141,HINDUNILVR,NSE,BUY,MIS,3,1,2500.85,2026-10-02 14:56:05.633,328982278277,2500.85
TRD30007545,ORD20000613,C100181,ICICIBANK,NSE,BUY,CNC,1,1,1118.4,2026-10-02 14:56:43.288,333841316651,1118.4
TRD30007546,ORD20000613,C100181,ICICIBANK,NSE,BUY,CNC,2,3,1118.4,2026-10-02 14:56:46.119,414199714995,3355.2
TRD30007547,ORD20001559,C100006,HDFCBANK,NSE,BUY,CNC,1,32,1618.45,2026-10-02 14:57:12.414,799607078190,51790.4
TRD30007548,ORD20001559,C100006,HDFCBANK,NSE,BUY,CNC,2,2,1618.25,2026-10-02 14:57:13.032,197125508722,3236.5
TRD30007549,ORD20001559,C100006,HDFCBANK,NSE,BUY,CNC,3,2,1620.45,2026-10-02 14:57:14.060,571045339379,3240.9
TRD30007550,ORD20001433,C100026,ONGC,NSE,SELL,MIS,1,15,271.25,2026-10-02 15:01:23.891,640323092146,4068.75
TRD30007551,ORD20004263,C100081,ASIANPAINT,NSE,SELL,MIS,1,3,2979.5,2026-10-02 15:02:33.948,937294839990,8938.5
TRD30007552,ORD20002857,C100032,KOTAKBANK,NSE,SELL,MIS,1,14,1750.1,2026-10-02 15:03:36.185,445636253086,24501.4
TRD30007553,ORD20001229,C100110,ICICIBANK,NSE,SELL,CNC,1,1,1201.65,2026-10-02 15:04:14.675,529736471516,1201.65
TRD30007554,ORD20001229,C100110,ICICIBANK,NSE,SELL,CNC,2,3,1201.65,2026-10-02 15:04:18.439,719371417899,3604.95
TRD30007555,ORD20001499,C100170,AXISBANK,BSE,SELL,CNC,1,6,1190.05,2026-10-02 15:05:13.305,248969588184,7140.3
TRD30007556,ORD20001499,C100170,AXISBANK,BSE,SELL,CNC,2,2,1189.25,2026-10-02 15:05:13.474,466757063877,2378.5
TRD30007557,ORD20001499,C100170,AXISBANK,BSE,SELL,CNC,3,3,1190.85,2026-10-02 15:05:16.055,128562356545,3572.55
TRD30007558,ORD20000707,C100104,HINDUNILVR,NSE,BUY,MIS,1,1,2509.65,2026-10-02 15:07:31.422,101633496140,2509.65
TRD30007559,ORD20000707,C100104,HINDUNILVR,NSE,BUY,MIS,2,2,2508.5,2026-10-02 15:07:34.061,482047483733,5017.0
TRD30007560,ORD20001895,C100058,NTPC,NSE,SELL,MIS,1,49,364.35,2026-10-02 15:07:36.272,834534225853,17853.15
TRD30007561,ORD20001895,C100058,NTPC,NSE,SELL,MIS,2,92,364.35,2026-10-02 15:07:39.118,445557723450,33520.2
TRD30007562,ORD20001895,C100058,NTPC,NSE,SELL,MIS,3,52,364.35,2026-10-02 15:07:42.235,597805100345,18946.2
TRD30007563,ORD20003916,C100027,ICICIBANK,NSE,BUY,MIS,1,17,1234.3,2026-10-02 15:12:31.497,524123408570,20983.1
TRD30007564,ORD20003916,C100027,ICICIBANK,NSE,BUY,MIS,2,6,1234.3,2026-10-02 15:12:33.793,486872082693,7405.8
TRD30007565,ORD20002810,C100154,NTPC,NSE,SELL,MIS,1,25,371.0,2026-10-02 15:13:12.599,650976464982,9275.0
TRD30007566,ORD20002810,C100154,NTPC,NSE,SELL,MIS,2,75,371.2,2026-10-02 15:13:15.913,954646666609,27840.0
TRD30007567,ORD20002810,C100154,NTPC,NSE,SELL,MIS,3,23,371.3,2026-10-02 15:13:17.426,595787885362,8539.9
TRD30007568,ORD20001832,C100070,ITC,BSE,BUY,MIS,1,110,468.0,2026-10-02 15:13:29.761,863831075648,51480.0
TRD30007569,ORD20000740,C100122,SBIN,NSE,BUY,MIS,1,42,790.7,2026-10-02 15:17:10.397,401525308865,33209.4
TRD30007570,ORD20003149,C100048,HINDUNILVR,NSE,BUY,MIS,1,59,2473.3,2026-10-02 15:22:52.787,350860432060,145924.7
TRD30007571,ORD20002613,C100132,ONGC,NSE,SELL,CNC,1,158,285.95,2026-10-02 15:22:52.922,171363520760,45180.1
TRD30007572,ORD20004564,C100080,HDFCBANK,NSE,BUY,CNC,1,2,1650.25,2026-10-02 15:23:13.995,625378017150,3300.5
TRD30007573,ORD20002125,C100161,HINDUNILVR,BSE,BUY,MIS,1,10,2435.55,2026-10-02 15:23:45.376,763074322390,24355.5
TRD30007574,ORD20002125,C100161,HINDUNILVR,BSE,BUY,MIS,2,17,2435.55,2026-10-02 15:23:48.287,665817277476,41404.35
TRD30007575,ORD20002015,C100004,ITC,NSE,BUY,MIS,1,48,449.65,2026-10-02 15:24:59.917,865320317739,21583.2
TRD30007576,ORD20004795,C100088,INFY,NSE,SELL,CNC,1,4,1558.45,2026-10-05 09:16:16.401,289807870281,6233.8
TRD30007577,ORD20004795,C100088,INFY,NSE,SELL,CNC,2,3,1562.6,2026-10-05 09:16:18.031,698530383652,4687.8
TRD30007578,ORD20004795,C100088,INFY,NSE,SELL,CNC,3,1,1560.55,2026-10-05 09:16:18.183,546197529224,1560.55
TRD30007579,ORD20002542,C100062,HDFCBANK,NSE,BUY,MIS,1,19,1648.15,2026-10-05 09:17:10.309,384411981169,31314.85
TRD30007580,ORD20000309,C100171,ITC,NSE,BUY,CNC,1,14,464.45,2026-10-05 09:18:21.354,538601374045,6502.3
TRD30007581,ORD20001168,C100020,HINDUNILVR,NSE,BUY,MIS,1,4,2354.6,2026-10-05 09:22:31.137,749359702728,9418.4
TRD30007582,ORD20001757,C100071,ITC,NSE,SELL,MIS,1,6,463.7,2026-10-05 09:23:46.097,901668006476,2782.2
TRD30007583,ORD20001757,C100071,ITC,NSE,SELL,MIS,2,64,463.7,2026-10-05 09:23:49.184,640434108226,29676.8
TRD30007584,ORD20001316,C100063,ITC,NSE,SELL,MIS,1,7,441.2,2026-10-05 09:28:43.622,696672594355,3088.4
TRD30007585,ORD20003135,C100113,HDFCBANK,NSE,SELL,MIS,1,8,1603.05,2026-10-05 09:30:56.475,940776384976,12824.4
TRD30007586,ORD20002217,C100131,TATAMOTORS,NSE,BUY,MIS,1,44,932.25,2026-10-05 09:31:08.068,766288079213,41019.0
TRD30007587,ORD20004758,C100113,ITC,NSE,SELL,CNC,1,15,427.35,2026-10-05 09:35:04.254,298952122194,6410.25
TRD30007588,ORD20004440,C100015,INFY,BSE,SELL,CNC,1,1,1603.5,2026-10-05 09:37:49.792,790088348865,1603.5
TRD30007589,ORD20003534,C100004,BHARTIARTL,NSE,SELL,MIS,1,64,1420.5,2026-10-05 09:37:52.177,215517176250,90912.0
TRD30007590,ORD20000775,C100079,KOTAKBANK,NSE,SELL,MIS,1,3,1697.75,2026-10-05 09:42:22.117,220729804548,5093.25
TRD30007591,ORD20000775,C100079,KOTAKBANK,NSE,SELL,MIS,2,22,1697.75,2026-10-05 09:42:25.011,955814449183,37350.5
TRD30007592,ORD20000775,C100079,KOTAKBANK,NSE,SELL,MIS,3,11,1697.75,2026-10-05 09:42:27.532,200868260961,18675.25
TRD30007593,ORD20004112,C100015,RELIANCE,NSE,SELL,MIS,1,1,2929.2,2026-10-05 09:43:25.588,845640602960,2929.2
TRD30007594,ORD20004112,C100015,RELIANCE,NSE,SELL,MIS,2,2,2924.9,2026-10-05 09:43:27.691,708263061666,5849.8
TRD30007595,ORD20004792,C100191,BHARTIARTL,NSE,SELL,MIS,1,80,1412.4,2026-10-05 09:44:16.897,779573129614,112992.0
TRD30007596,ORD20000293,C100179,ASIANPAINT,NSE,BUY,CNC,1,1,2863.2,2026-10-05 09:45:43.092,604908040767,2863.2
TRD30007597,ORD20000293,C100179,ASIANPAINT,NSE,BUY,CNC,2,6,2863.2,2026-10-05 09:45:43.348,782341078471,17179.2
TRD30007598,ORD20000293,C100179,ASIANPAINT,NSE,BUY,CNC,3,1,2863.2,2026-10-05 09:45:45.303,959186481997,2863.2
TRD30007599,ORD20001603,C100161,HINDUNILVR,NSE,BUY,MIS,1,5,2402.3,2026-10-05 09:50:43.905,767841760101,12011.5
TRD30007600,ORD20001603,C100161,HINDUNILVR,NSE,BUY,MIS,2,6,2402.3,2026-10-05 09:50:44.830,387889186282,14413.8
TRD30007601,ORD20003082,C100061,ICICIBANK,NSE,SELL,MIS,1,10,1196.65,2026-10-05 09:52:09.600,904727116765,11966.5
TRD30007602,ORD20001971,C100039,NTPC,NSE,SELL,MIS,1,127,335.9,2026-10-05 09:52:30.062,530749928953,42659.3
TRD30007603,ORD20001973,C100114,RELIANCE,NSE,SELL,CNC,1,35,3040.6,2026-10-05 10:02:28.656,243207950653,106421.0
TRD30007604,ORD20001519,C100026,BHARTIARTL,NSE,BUY,MIS,1,25,1378.35,2026-10-05 10:04:42.258,914673441862,34458.75
TRD30007605,ORD20001519,C100026,BHARTIARTL,NSE,BUY,MIS,2,36,1378.35,2026-10-05 10:04:46.062,472153014433,49620.6
TRD30007606,ORD20002508,C100099,RELIANCE,NSE,BUY,MIS,1,15,2983.55,2026-10-05 10:05:20.143,323875707029,44753.25
TRD30007607,ORD20000354,C100056,BHARTIARTL,NSE,BUY,MIS,1,23,1426.85,2026-10-05 10:07:49.242,675837507007,32817.55
TRD30007608,ORD20003769,C100135,ONGC,NSE,SELL,MIS,1,505,290.35,2026-10-05 10:08:21.391,995930538905,146626.75
TRD30007609,ORD20001097,C100045,HDFCBANK,NSE,BUY,MIS,1,1,1768.4,2026-10-05 10:08:32.982,859263141606,1768.4
TRD30007610,ORD20001097,C100045,HDFCBANK,NSE,BUY,MIS,2,11,1768.4,2026-10-05 10:08:33.409,325860813840,19452.4
TRD30007611,ORD20000784,C100104,SBIN,NSE,SELL,CNC,1,37,781.4,2026-10-05 10:09:57.177,741461788609,28911.8
TRD30007612,ORD20000541,C100154,ITC,BSE,BUY,CNC,1,34,435.1,2026-10-05 10:12:18.881,329036723666,14793.4
TRD30007613,ORD20000541,C100154,ITC,BSE,BUY,CNC,2,6,435.1,2026-10-05 10:12:20.265,561088046317,2610.6
TRD30007614,ORD20001676,C100001,HDFCBANK,NSE,BUY,CNC,1,1,1524.9,2026-10-05 10:15:39.310,226480185309,1524.9
TRD30007615,ORD20001676,C100001,HDFCBANK,NSE,BUY,CNC,2,1,1525.75,2026-10-05 10:15:41.194,359822776047,1525.75
TRD30007616,ORD20004299,C100000,HINDUNILVR,NSE,BUY,MIS,1,2,2480.3,2026-10-05 10:16:38.653,991429094587,4960.6
TRD30007617,ORD20004299,C100000,HINDUNILVR,NSE,BUY,MIS,2,1,2480.3,2026-10-05 10:16:38.939,509601350657,2480.3
TRD30007618,ORD20004299,C100000,HINDUNILVR,NSE,BUY,MIS,3,8,2480.3,2026-10-05 10:16:42.181,767768560683,19842.4
TRD30007619,ORD20004547,C100138,KOTAKBANK,BSE,SELL,CNC,1,37,1736.65,2026-10-05 10:17:59.674,494507557033,64256.05
TRD30007620,ORD20004547,C100138,KOTAKBANK,BSE,SELL,CNC,2,6,1739.15,2026-10-05 10:18:01.402,101586275985,10434.9
TRD30007621,ORD20002112,C100100,ITC,BSE,BUY,MIS,1,16,439.8,2026-10-05 10:19:51.695,688837507102,7036.8
TRD30007622,ORD20000499,C100011,BHARTIARTL,NSE,BUY,MIS,1,20,1448.3,2026-10-05 10:21:50.061,477224873048,28966.0
TRD30007624,ORD20003987,C100070,HDFCBANK,NSE,BUY,MIS,1,15,1596.3,2026-10-05 10:21:52.639,276110433040,23944.5
TRD30007623,ORD20000499,C100011,BHARTIARTL,NSE,BUY,MIS,2,1,1448.15,2026-10-05 10:21:52.872,335287673266,1448.15
TRD30007625,ORD20003849,C100037,ITC,NSE,BUY,CNC,1,7,446.3,2026-10-05 10:21:58.350,537454001968,3124.1
TRD30007627,ORD20002522,C100141,SUNPHARMA,NSE,BUY,CNC,1,4,1649.3,2026-10-05 10:22:00.459,406981443803,6597.2
TRD30007628,ORD20002522,C100141,SUNPHARMA,NSE,BUY,CNC,2,1,1649.3,2026-10-05 10:22:01.002,608868169657,1649.3
TRD30007626,ORD20003849,C100037,ITC,NSE,BUY,CNC,2,6,446.3,2026-10-05 10:22:01.993,907831702799,2677.8
TRD30007629,ORD20003306,C100009,ONGC,NSE,BUY,MIS,1,7,265.7,2026-10-05 10:23:30.031,146203211950,1859.9
TRD30007630,ORD20003306,C100009,ONGC,NSE,BUY,MIS,2,274,265.55,2026-10-05 10:23:32.458,750086237032,72760.7
TRD30007631,ORD20002307,C100104,ONGC,NSE,BUY,MIS,1,7,258.6,2026-10-05 10:24:08.027,804547197052,1810.2
TRD30007632,ORD20002307,C100104,ONGC,NSE,BUY,MIS,2,70,258.9,2026-10-05 10:24:11.337,439708357732,18123.0
TRD30007634,ORD20002619,C100084,ONGC,NSE,SELL,CNC,1,70,267.9,2026-10-05 10:24:14.072,162393955373,18753.0
TRD30007635,ORD20002619,C100084,ONGC,NSE,SELL,CNC,2,44,267.9,2026-10-05 10:24:14.289,928491839024,11787.6
TRD30007633,ORD20002307,C100104,ONGC,NSE,BUY,MIS,3,19,258.85,2026-10-05 10:24:14.980,495492310179,4918.15
TRD30007636,ORD20004926,C100010,KOTAKBANK,NSE,SELL,MIS,1,4,1673.7,2026-10-05 10:24:21.731,595860508381,6694.8
TRD30007637,ORD20001859,C100122,BHARTIARTL,NSE,SELL,CNC,1,39,1425.05,2026-10-05 10:24:27.150,225717795099,55576.95
TRD30007638,ORD20001232,C100013,TITAN,NSE,SELL,MIS,1,1,3215.45,2026-10-05 10:26:51.467,769622230666,3215.45
TRD30007639,ORD20001908,C100014,AXISBANK,NSE,BUY,MIS,1,12,1123.45,2026-10-05 10:27:22.502,800717335786,13481.4
TRD30007640,ORD20001432,C100003,INFY,NSE,SELL,CNC,1,1,1591.25,2026-10-05 10:29:00.365,281189927623,1591.25
TRD30007641,ORD20000192,C100132,BHARTIARTL,NSE,SELL,CNC,1,9,1366.0,2026-10-05 10:29:52.848,508127173089,12294.0
TRD30007642,ORD20000192,C100132,BHARTIARTL,NSE,SELL,CNC,2,24,1366.0,2026-10-05 10:29:54.762,499014993179,32784.0
TRD30007643,ORD20001401,C100126,HINDUNILVR,NSE,SELL,CNC,1,1,2423.45,2026-10-05 10:35:56.288,435412222060,2423.45
TRD30007644,ORD20002937,C100008,ONGC,BSE,BUY,MIS,1,38,265.6,2026-10-05 10:36:06.433,878311767914,10092.8
TRD30007645,ORD20002937,C100008,ONGC,BSE,BUY,MIS,2,95,265.8,2026-10-05 10:36:06.519,736387492587,25251.0
TRD30007646,ORD20003606,C100081,ITC,NSE,SELL,MIS,1,61,466.65,2026-10-05 10:37:27.906,895276726779,28465.65
TRD30007647,ORD20003606,C100081,ITC,NSE,SELL,MIS,2,7,466.8,2026-10-05 10:37:29.115,576939675312,3267.6
TRD30007648,ORD20001975,C100099,HDFCBANK,NSE,BUY,CNC,1,12,1577.95,2026-10-05 10:38:29.035,828438721711,18935.4
TRD30007649,ORD20001975,C100099,HDFCBANK,NSE,BUY,CNC,2,6,1577.95,2026-10-05 10:38:32.301,313133125951,9467.7
TRD30007650,ORD20001975,C100099,HDFCBANK,NSE,BUY,CNC,3,9,1577.95,2026-10-05 10:38:35.923,351609527868,14201.55
TRD30007651,ORD20000965,C100147,MARUTI,NSE,BUY,CNC,1,1,11758.9,2026-10-05 10:38:53.973,544267615130,11758.9
TRD30007652,ORD20000965,C100147,MARUTI,NSE,BUY,CNC,2,1,11775.0,2026-10-05 10:38:57.961,542044058796,11775.0
TRD30007653,ORD20000965,C100147,MARUTI,NSE,BUY,CNC,3,4,11750.1,2026-10-05 10:38:58.674,139132031585,47000.4
TRD30007654,ORD20003570,C100050,BHARTIARTL,NSE,BUY,CNC,1,6,1459.0,2026-10-05 10:39:16.804,627099749913,8754.0
TRD30007655,ORD20001544,C100069,BHARTIARTL,NSE,BUY,CNC,1,1,1360.55,2026-10-05 10:39:46.213,114033232545,1360.55
TRD30007656,ORD20001544,C100069,BHARTIARTL,NSE,BUY,CNC,2,1,1360.55,2026-10-05 10:39:46.410,273702550955,1360.55
TRD30007657,ORD20002817,C100045,ITC,BSE,BUY,CNC,1,47,447.35,2026-10-05 10:41:02.300,382695149880,21025.45
TRD30007658,ORD20002817,C100045,ITC,BSE,BUY,CNC,2,4,447.35,2026-10-05 10:41:05.024,853991176088,1789.4
TRD30007659,ORD20004429,C100099,HDFCBANK,NSE,SELL,CNC,1,56,1692.5,2026-10-05 10:42:53.921,276350636734,94780.0
TRD30007660,ORD20004348,C100183,NTPC,NSE,SELL,MIS,1,132,348.35,2026-10-05 10:46:07.512,451661945919,45982.2
TRD30007661,ORD20002244,C100036,ITC,NSE,BUY,MIS,1,280,450.75,2026-10-05 10:47:28.172,681736806743,126210.0
TRD30007662,ORD20004627,C100016,ICICIBANK,NSE,BUY,MIS,1,4,1163.65,2026-10-05 10:49:43.377,234669341371,4654.6
TRD30007663,ORD20004627,C100016,ICICIBANK,NSE,BUY,MIS,2,14,1164.85,2026-10-05 10:49:44.760,166581622738,16307.9
TRD30007664,ORD20004627,C100016,ICICIBANK,NSE,BUY,MIS,3,5,1164.9,2026-10-05 10:49:46.226,106318407080,5824.5
TRD30007665,ORD20003883,C100018,INFY,NSE,SELL,MIS,1,1,1655.25,2026-10-05 10:50:01.085,966379832946,1655.25
TRD30007666,ORD20003883,C100018,INFY,NSE,SELL,MIS,2,1,1655.25,2026-10-05 10:50:03.870,135585398632,1655.25
TRD30007667,ORD20003883,C100018,INFY,NSE,SELL,MIS,3,2,1655.25,2026-10-05 10:50:05.207,687289971345,3310.5
TRD30007668,ORD20002870,C100110,HINDUNILVR,NSE,BUY,MIS,1,3,2485.65,2026-10-05 10:51:00.894,103803169470,7456.95
TRD30007669,ORD20000228,C100094,INFY,NSE,SELL,MIS,1,7,1616.1,2026-10-05 10:51:07.181,843980920901,11312.7
TRD30007670,ORD20000228,C100094,INFY,NSE,SELL,MIS,2,1,1616.1,2026-10-05 10:51:10.304,702707583999,1616.1
TRD30007672,ORD20004224,C100031,BHARTIARTL,NSE,BUY,MIS,1,52,1417.25,2026-10-05 10:51:13.794,942526111953,73697.0
TRD30007671,ORD20000228,C100094,INFY,NSE,SELL,MIS,3,3,1616.1,2026-10-05 10:51:14.274,981821328641,4848.3
TRD30007673,ORD20004224,C100031,BHARTIARTL,NSE,BUY,MIS,2,47,1417.25,2026-10-05 10:51:14.815,968696430733,66610.75
TRD30007675,ORD20003250,C100167,RELIANCE,NSE,SELL,CNC,1,1,2902.35,2026-10-05 10:51:15.760,626841635434,2902.35
TRD30007674,ORD20004224,C100031,BHARTIARTL,NSE,BUY,MIS,3,4,1417.25,2026-10-05 10:51:18.259,169050352625,5669.0
TRD30007676,ORD20001302,C100062,ICICIBANK,NSE,BUY,MIS,1,3,1179.3,2026-10-05 10:51:25.727,771927225228,3537.9
TRD30007677,ORD20001302,C100062,ICICIBANK,NSE,BUY,MIS,2,2,1179.3,2026-10-05 10:51:27.098,211303432387,2358.6
TRD30007678,ORD20000266,C100006,TATAMOTORS,NSE,BUY,CNC,1,4,947.15,2026-10-05 10:52:09.805,288448638850,3788.6
TRD30007679,ORD20000266,C100006,TATAMOTORS,NSE,BUY,CNC,2,1,947.15,2026-10-05 10:52:10.418,467351076784,947.15
TRD30007680,ORD20000266,C100006,TATAMOTORS,NSE,BUY,CNC,3,31,947.15,2026-10-05 10:52:14.167,864437007045,29361.65
TRD30007681,ORD20002292,C100114,ICICIBANK,NSE,BUY,CNC,1,1,1170.05,2026-10-05 10:52:16.463,834499913899,1170.05
TRD30007682,ORD20002292,C100114,ICICIBANK,NSE,BUY,CNC,2,1,1170.05,2026-10-05 10:52:17.990,834690570416,1170.05
TRD30007683,ORD20000561,C100161,HINDUNILVR,NSE,SELL,MIS,1,1,2320.2,2026-10-05 10:52:56.293,347582516359,2320.2
TRD30007684,ORD20000561,C100161,HINDUNILVR,NSE,SELL,MIS,2,3,2320.2,2026-10-05 10:52:57.444,789060378913,6960.6
TRD30007685,ORD20000561,C100161,HINDUNILVR,NSE,SELL,MIS,3,14,2320.2,2026-10-05 10:53:00.248,185171282385,32482.8
TRD30007686,ORD20003060,C100003,NTPC,NSE,SELL,CNC,1,22,372.6,2026-10-05 10:54:08.386,953578011122,8197.2
TRD30007687,ORD20004961,C100107,HINDUNILVR,NSE,BUY,MIS,1,1,2429.1,2026-10-05 10:54:46.404,546591887648,2429.1
TRD30007688,ORD20003414,C100157,ITC,NSE,BUY,CNC,1,9,433.9,2026-10-05 10:56:35.183,745255871415,3905.1
TRD30007689,ORD20003059,C100091,ITC,NSE,BUY,MIS,1,58,435.6,2026-10-05 10:57:56.532,976338917968,25264.8
TRD30007690,ORD20003059,C100091,ITC,NSE,BUY,MIS,2,240,435.6,2026-10-05 10:57:56.779,473380221398,104544.0
TRD30007691,ORD20004823,C100150,MARUTI,NSE,BUY,MIS,1,1,12370.8,2026-10-05 10:58:51.328,373192198507,12370.8
TRD30007692,ORD20004823,C100150,MARUTI,NSE,BUY,MIS,2,1,12370.8,2026-10-05 10:58:52.342,383895574538,12370.8
TRD30007693,ORD20001808,C100139,TATAMOTORS,NSE,SELL,MIS,1,3,914.25,2026-10-05 11:00:14.213,183377182278,2742.75
TRD30007694,ORD20001808,C100139,TATAMOTORS,NSE,SELL,MIS,2,1,914.25,2026-10-05 11:00:16.496,708955191346,914.25
TRD30007695,ORD20001808,C100139,TATAMOTORS,NSE,SELL,MIS,3,2,914.25,2026-10-05 11:00:18.584,996458913485,1828.5
TRD30007696,ORD20004473,C100149,ITC,NSE,SELL,MIS,1,15,458.9,2026-10-05 11:05:09.058,885718382012,6883.5
TRD30007697,ORD20004473,C100149,ITC,NSE,SELL,MIS,2,2,459.2,2026-10-05 11:05:11.717,970196808528,918.4
TRD30007698,ORD20004473,C100149,ITC,NSE,SELL,MIS,3,12,458.7,2026-10-05 11:05:14.509,289761311649,5504.4
TRD30007699,ORD20003492,C100149,INFY,NSE,BUY,MIS,1,9,1523.6,2026-10-05 11:05:45.150,162508490856,13712.4
TRD30007700,ORD20003492,C100149,INFY,NSE,BUY,MIS,2,7,1523.6,2026-10-05 11:05:46.810,348380110294,10665.2
TRD30007701,ORD20003492,C100149,INFY,NSE,BUY,MIS,3,2,1523.6,2026-10-05 11:05:49.712,648362227950,3047.2
TRD30007702,ORD20004457,C100152,ICICIBANK,NSE,BUY,CNC,1,56,1224.95,2026-10-05 11:06:32.858,758978090428,68597.2
TRD30007703,ORD20003386,C100025,HDFCBANK,NSE,SELL,MIS,1,2,1708.65,2026-10-05 11:10:53.034,804251378190,3417.3
TRD30007704,ORD20000995,C100146,ASIANPAINT,NSE,BUY,MIS,1,1,2906.05,2026-10-05 11:10:55.557,141946439789,2906.05
TRD30007705,ORD20002900,C100091,AXISBANK,BSE,SELL,MIS,1,19,1123.15,2026-10-05 11:11:14.243,646307559234,21339.85
TRD30007706,ORD20002900,C100091,AXISBANK,BSE,SELL,MIS,2,3,1122.1,2026-10-05 11:11:16.054,338555969486,3366.3
TRD30007707,ORD20002900,C100091,AXISBANK,BSE,SELL,MIS,3,8,1123.3,2026-10-05 11:11:17.246,336332513344,8986.4
TRD30007708,ORD20004824,C100126,ITC,NSE,BUY,CNC,1,3,466.25,2026-10-05 11:12:28.726,805314323002,1398.75
TRD30007709,ORD20004824,C100126,ITC,NSE,BUY,CNC,2,4,466.25,2026-10-05 11:12:30.970,904842099676,1865.0
TRD30007710,ORD20003075,C100000,MARUTI,NSE,BUY,MIS,1,1,12850.5,2026-10-05 11:14:25.297,638105705378,12850.5
TRD30007711,ORD20004131,C100050,ASIANPAINT,NSE,SELL,MIS,1,1,2811.0,2026-10-05 11:19:46.569,116938454590,2811.0
TRD30007712,ORD20004131,C100050,ASIANPAINT,NSE,SELL,MIS,2,1,2815.35,2026-10-05 11:19:50.227,394850716315,2815.35
TRD30007713,ORD20002421,C100128,NTPC,NSE,BUY,MIS,1,5,359.25,2026-10-05 11:20:27.378,946029021199,1796.25
TRD30007714,ORD20002421,C100128,NTPC,NSE,BUY,MIS,2,2,359.25,2026-10-05 11:20:31.350,659094703677,718.5
TRD30007715,ORD20000583,C100138,INFY,NSE,BUY,MIS,1,1,1606.3,2026-10-05 11:22:02.956,850809838518,1606.3
TRD30007716,ORD20000583,C100138,INFY,NSE,BUY,MIS,2,1,1606.3,2026-10-05 11:22:03.970,529974870061,1606.3
TRD30007717,ORD20000583,C100138,INFY,NSE,BUY,MIS,3,2,1606.3,2026-10-05 11:22:04.932,502070657328,3212.6
TRD30007718,ORD20001263,C100073,ITC,NSE,SELL,MIS,1,13,465.85,2026-10-05 11:22:38.189,598571570027,6056.05
TRD30007719,ORD20002537,C100177,ITC,NSE,BUY,CNC,1,24,466.9,2026-10-05 11:23:31.309,859139352197,11205.6
TRD30007720,ORD20000084,C100095,ITC,NSE,BUY,CNC,1,80,465.25,2026-10-05 11:24:55.593,952562740805,37220.0
TRD30007721,ORD20001687,C100033,RELIANCE,NSE,BUY,CNC,1,1,2977.4,2026-10-05 11:26:59.485,580950550316,2977.4
TRD30007722,ORD20004055,C100088,BHARTIARTL,NSE,BUY,MIS,1,1,1327.2,2026-10-05 11:28:15.494,961671769814,1327.2
TRD30007723,ORD20004055,C100088,BHARTIARTL,NSE,BUY,MIS,2,2,1326.8,2026-10-05 11:28:17.044,805323384220,2653.6
TRD30007724,ORD20000911,C100057,ITC,NSE,SELL,CNC,1,28,469.3,2026-10-05 11:29:17.176,798600777138,13140.4
TRD30007725,ORD20000911,C100057,ITC,NSE,SELL,CNC,2,161,469.3,2026-10-05 11:29:17.461,950189345535,75557.3
TRD30007726,ORD20000911,C100057,ITC,NSE,SELL,CNC,3,42,469.3,2026-10-05 11:29:19.712,226360323697,19710.6
TRD30007727,ORD20002122,C100093,NTPC,NSE,BUY,CNC,1,8,356.9,2026-10-05 11:32:01.697,143938304949,2855.2
TRD30007728,ORD20002122,C100093,NTPC,NSE,BUY,CNC,2,12,356.9,2026-10-05 11:32:01.994,207520497742,4282.8
TRD30007729,ORD20003293,C100032,NTPC,NSE,SELL,MIS,1,4,354.2,2026-10-05 11:36:15.968,609750199932,1416.8
TRD30007730,ORD20003293,C100032,NTPC,NSE,SELL,MIS,2,37,354.8,2026-10-05 11:36:17.711,873097084912,13127.6
TRD30007731,ORD20002835,C100105,TATAMOTORS,BSE,BUY,MIS,1,15,911.85,2026-10-05 11:41:48.048,146688344233,13677.75
TRD30007732,ORD20002835,C100105,TATAMOTORS,BSE,BUY,MIS,2,5,911.85,2026-10-05 11:41:48.936,558206801772,4559.25
TRD30007733,ORD20000127,C100057,HDFCBANK,NSE,SELL,MIS,1,12,1677.4,2026-10-05 11:42:30.281,663812436809,20128.8
TRD30007734,ORD20000127,C100057,HDFCBANK,NSE,SELL,MIS,2,22,1676.95,2026-10-05 11:42:31.477,648358917079,36892.9
TRD30007735,ORD20000127,C100057,HDFCBANK,NSE,SELL,MIS,3,18,1677.9,2026-10-05 11:42:34.733,361737774302,30202.2
TRD30007736,ORD20001586,C100159,TATAMOTORS,NSE,BUY,CNC,1,16,1009.85,2026-10-05 11:43:00.248,317515816367,16157.6
TRD30007737,ORD20004071,C100183,TATAMOTORS,BSE,SELL,CNC,1,1,938.35,2026-10-05 11:43:28.161,120354001505,938.35
TRD30007738,ORD20004071,C100183,TATAMOTORS,BSE,SELL,CNC,2,5,938.35,2026-10-05 11:43:28.865,243449011038,4691.75
TRD30007739,ORD20004613,C100049,BHARTIARTL,NSE,SELL,MIS,1,14,1440.4,2026-10-05 11:43:36.793,111643866217,20165.6
TRD30007740,ORD20004565,C100133,NTPC,NSE,BUY,MIS,1,82,355.1,2026-10-05 11:43:40.784,539273348192,29118.2
TRD30007741,ORD20004565,C100133,NTPC,NSE,BUY,MIS,2,5,355.1,2026-10-05 11:43:44.358,696620971085,1775.5
TRD30007742,ORD20003773,C100129,RELIANCE,NSE,SELL,CNC,1,2,2920.55,2026-10-05 11:43:54.433,649821388083,5841.1
TRD30007743,ORD20003100,C100113,KOTAKBANK,NSE,BUY,MIS,1,27,1726.4,2026-10-05 11:46:46.900,746281477743,46612.8
TRD30007744,ORD20004704,C100047,ONGC,BSE,BUY,MIS,1,160,276.85,2026-10-05 11:47:03.452,174289475322,44296.0
TRD30007745,ORD20000020,C100013,NTPC,NSE,BUY,CNC,1,10,363.8,2026-10-05 11:47:14.929,609661548825,3638.0
TRD30007746,ORD20000020,C100013,NTPC,NSE,BUY,CNC,2,61,363.8,2026-10-05 11:47:17.513,283362359975,22191.8
TRD30007747,ORD20000020,C100013,NTPC,NSE,BUY,CNC,3,8,363.8,2026-10-05 11:47:19.459,680938785506,2910.4
TRD30007748,ORD20001150,C100028,NTPC,NSE,BUY,CNC,1,1,343.75,2026-10-05 11:47:57.993,826968836678,343.75
TRD30007749,ORD20001150,C100028,NTPC,NSE,BUY,CNC,2,8,343.75,2026-10-05 11:47:59.976,673986629425,2750.0
TRD30007750,ORD20000086,C100132,BHARTIARTL,NSE,SELL,CNC,1,3,1411.15,2026-10-05 11:50:59.733,455699715319,4233.45
TRD30007751,ORD20000086,C100132,BHARTIARTL,NSE,SELL,CNC,2,1,1411.15,2026-10-05 11:51:01.626,447812680995,1411.15
TRD30007752,ORD20000086,C100132,BHARTIARTL,NSE,SELL,CNC,3,1,1411.15,2026-10-05 11:51:01.959,602803685930,1411.15
TRD30007753,ORD20000845,C100024,ITC,NSE,SELL,MIS,1,5,455.0,2026-10-05 11:51:22.407,903073513713,2275.0
TRD30007754,ORD20000845,C100024,ITC,NSE,SELL,MIS,2,2,455.4,2026-10-05 11:51:25.695,690790416427,910.8
TRD30007755,ORD20000069,C100130,ITC,NSE,BUY,MIS,1,23,440.95,2026-10-05 11:52:03.609,188343993421,10141.85
TRD30007756,ORD20000069,C100130,ITC,NSE,BUY,MIS,2,58,441.05,2026-10-05 11:52:04.061,806330042113,25580.9
TRD30007757,ORD20004738,C100036,KOTAKBANK,NSE,BUY,MIS,1,4,1783.85,2026-10-05 11:52:37.550,147708535692,7135.4
TRD30007758,ORD20004738,C100036,KOTAKBANK,NSE,BUY,MIS,2,28,1784.6,2026-10-05 11:52:38.463,435961431025,49968.8
TRD30007759,ORD20000592,C100014,KOTAKBANK,NSE,BUY,CNC,1,35,1820.05,2026-10-05 11:53:57.242,439822857353,63701.75
TRD30007760,ORD20000592,C100014,KOTAKBANK,NSE,BUY,CNC,2,4,1820.6,2026-10-05 11:53:58.985,661557230459,7282.4
TRD30007761,ORD20000592,C100014,KOTAKBANK,NSE,BUY,CNC,3,17,1821.95,2026-10-05 11:53:59.063,852481471997,30973.15
TRD30007762,ORD20001259,C100193,HINDUNILVR,NSE,BUY,CNC,1,1,2349.5,2026-10-05 11:54:00.397,348640733187,2349.5
TRD30007763,ORD20001259,C100193,HINDUNILVR,NSE,BUY,CNC,2,1,2349.5,2026-10-05 11:54:02.577,671232269025,2349.5
TRD30007764,ORD20000161,C100091,HINDUNILVR,NSE,BUY,MIS,1,6,2385.7,2026-10-05 11:55:08.235,620576367725,14314.2
TRD30007765,ORD20000557,C100041,RELIANCE,NSE,SELL,MIS,1,25,2812.2,2026-10-05 11:56:51.497,648983069554,70305.0
TRD30007766,ORD20003972,C100177,KOTAKBANK,NSE,SELL,CNC,1,13,1884.95,2026-10-05 11:58:17.781,117026893706,24504.35
TRD30007767,ORD20003972,C100177,KOTAKBANK,NSE,SELL,CNC,2,1,1884.95,2026-10-05 11:58:20.189,560703382755,1884.95
TRD30007768,ORD20004765,C100163,ONGC,BSE,SELL,MIS,1,11,277.8,2026-10-05 11:58:30.445,942468017453,3055.8
TRD30007771,ORD20004250,C100077,HINDUNILVR,NSE,BUY,MIS,1,53,2522.55,2026-10-05 11:58:30.642,749036734046,133695.15
TRD30007769,ORD20004765,C100163,ONGC,BSE,SELL,MIS,2,6,277.8,2026-10-05 11:58:30.887,321895820285,1666.8
TRD30007770,ORD20004765,C100163,ONGC,BSE,SELL,MIS,3,5,277.8,2026-10-05 11:58:31.927,806854957255,1389.0
TRD30007772,ORD20001441,C100100,ICICIBANK,BSE,SELL,MIS,1,2,1239.1,2026-10-05 12:01:09.309,987349035891,2478.2
TRD30007773,ORD20003708,C100051,TATAMOTORS,NSE,BUY,CNC,1,32,951.45,2026-10-05 12:03:16.247,386027536004,30446.4
TRD30007774,ORD20001047,C100171,WIPRO,NSE,BUY,MIS,1,156,477.35,2026-10-05 12:03:56.840,866980397539,74466.6
TRD30007775,ORD20002564,C100180,TCS,NSE,BUY,MIS,1,8,3937.4,2026-10-05 12:06:07.217,348500874574,31499.2
TRD30007776,ORD20002652,C100147,SBIN,NSE,BUY,MIS,1,101,833.0,2026-10-05 12:06:37.948,512490106427,84133.0
TRD30007777,ORD20003807,C100111,NTPC,NSE,SELL,MIS,1,9,344.7,2026-10-05 12:07:35.667,533921510740,3102.3
TRD30007778,ORD20003807,C100111,NTPC,NSE,SELL,MIS,2,8,344.7,2026-10-05 12:07:38.438,731992256159,2757.6
TRD30007779,ORD20003807,C100111,NTPC,NSE,SELL,MIS,3,6,344.7,2026-10-05 12:07:39.272,322905140990,2068.2
TRD30007780,ORD20001810,C100061,MARUTI,NSE,SELL,CNC,1,1,12303.55,2026-10-05 12:09:44.323,402970148085,12303.55
TRD30007781,ORD20004544,C100183,TCS,NSE,SELL,CNC,1,1,4117.4,2026-10-05 12:10:31.796,978077694453,4117.4
TRD30007782,ORD20004544,C100183,TCS,NSE,SELL,CNC,2,1,4118.1,2026-10-05 12:10:35.259,687887439584,4118.1
TRD30007785,ORD20003345,C100055,ICICIBANK,NSE,SELL,MIS,1,37,1172.0,2026-10-05 12:13:08.678,997995207034,43364.0
TRD30007783,ORD20000738,C100120,NTPC,NSE,SELL,MIS,1,86,351.2,2026-10-05 12:13:09.089,595159487134,30203.2
TRD30007786,ORD20003345,C100055,ICICIBANK,NSE,SELL,MIS,2,17,1172.0,2026-10-05 12:13:09.453,789004460663,19924.0
TRD30007784,ORD20000738,C100120,NTPC,NSE,SELL,MIS,2,76,351.2,2026-10-05 12:13:12.725,149877400590,26691.2
TRD30007787,ORD20004967,C100108,TATAMOTORS,BSE,SELL,CNC,1,6,937.9,2026-10-05 12:13:29.738,979425726369,5627.4
TRD30007788,ORD20004967,C100108,TATAMOTORS,BSE,SELL,CNC,2,9,939.2,2026-10-05 12:13:32.077,402595864220,8452.8
TRD30007789,ORD20004742,C100115,SBIN,NSE,BUY,MIS,1,15,824.65,2026-10-05 12:13:47.255,213868659363,12369.75
TRD30007790,ORD20002899,C100015,ICICIBANK,NSE,SELL,CNC,1,126,1175.65,2026-10-05 12:14:48.772,771380404943,148131.9
TRD30007791,ORD20002856,C100056,ONGC,NSE,SELL,MIS,1,131,259.6,2026-10-05 12:21:18.355,763482774441,34007.6
TRD30007792,ORD20002856,C100056,ONGC,NSE,SELL,MIS,2,3,259.75,2026-10-05 12:21:19.009,883326567815,779.25
TRD30007793,ORD20002856,C100056,ONGC,NSE,SELL,MIS,3,38,259.95,2026-10-05 12:21:19.293,106481567440,9878.1
TRD30007794,ORD20001462,C100082,ASIANPAINT,NSE,BUY,CNC,1,1,3003.55,2026-10-05 12:22:17.775,628402001342,3003.55
TRD30007795,ORD20000404,C100046,SBIN,NSE,SELL,MIS,1,13,756.3,2026-10-05 12:23:11.782,228197361024,9831.9
TRD30007796,ORD20004147,C100046,SBIN,NSE,SELL,MIS,1,7,813.2,2026-10-05 12:23:31.126,531031261752,5692.4
TRD30007797,ORD20004147,C100046,SBIN,NSE,SELL,MIS,2,4,813.2,2026-10-05 12:23:31.749,999348990345,3252.8
TRD30007798,ORD20004648,C100067,HDFCBANK,NSE,BUY,CNC,1,2,1587.7,2026-10-05 12:24:36.266,770807852357,3175.4
TRD30007799,ORD20004648,C100067,HDFCBANK,NSE,BUY,CNC,2,3,1587.7,2026-10-05 12:24:39.103,337884823696,4763.1
TRD30007800,ORD20004648,C100067,HDFCBANK,NSE,BUY,CNC,3,2,1587.7,2026-10-05 12:24:41.191,662417396727,3175.4
TRD30007801,ORD20004303,C100122,KOTAKBANK,NSE,BUY,MIS,1,64,1822.6,2026-10-05 12:28:21.662,533266174241,116646.4
TRD30007802,ORD20004061,C100171,MARUTI,BSE,BUY,CNC,1,1,11109.3,2026-10-05 12:29:19.010,507942858340,11109.3
TRD30007803,ORD20004864,C100093,BHARTIARTL,NSE,SELL,MIS,1,2,1387.85,2026-10-05 12:31:10.243,158804698968,2775.7
TRD30007804,ORD20000892,C100129,TATAMOTORS,NSE,SELL,CNC,1,6,947.7,2026-10-05 12:32:57.671,680463869841,5686.2
TRD30007805,ORD20000892,C100129,TATAMOTORS,NSE,SELL,CNC,2,1,947.7,2026-10-05 12:32:59.578,651320859312,947.7
TRD30007806,ORD20000892,C100129,TATAMOTORS,NSE,SELL,CNC,3,2,947.7,2026-10-05 12:33:02.669,181518901955,1895.4
TRD30007807,ORD20000005,C100196,NTPC,NSE,BUY,CNC,1,15,349.15,2026-10-05 12:33:13.792,216144616383,5237.25
TRD30007808,ORD20004284,C100109,INFY,NSE,BUY,MIS,1,2,1650.1,2026-10-05 12:35:42.037,514614866607,3300.2
TRD30007809,ORD20004284,C100109,INFY,NSE,BUY,MIS,2,2,1650.1,2026-10-05 12:35:44.401,584471401047,3300.2
TRD30007810,ORD20004284,C100109,INFY,NSE,BUY,MIS,3,2,1650.1,2026-10-05 12:35:45.281,272153274542,3300.2
TRD30007811,ORD20004036,C100172,TCS,NSE,BUY,CNC,1,2,4130.65,2026-10-05 12:40:09.980,848597423827,8261.3
TRD30007812,ORD20004036,C100172,TCS,NSE,BUY,CNC,2,2,4130.65,2026-10-05 12:40:12.431,737872206113,8261.3
TRD30007813,ORD20000889,C100066,TATAMOTORS,NSE,BUY,MIS,1,1,983.8,2026-10-05 12:44:18.830,302779641970,983.8
TRD30007814,ORD20000889,C100066,TATAMOTORS,NSE,BUY,MIS,2,1,983.8,2026-10-05 12:44:20.520,823689382659,983.8
TRD30007815,ORD20000889,C100066,TATAMOTORS,NSE,BUY,MIS,3,4,983.8,2026-10-05 12:44:20.594,627111040726,3935.2
TRD30007816,ORD20000163,C100077,HDFCBANK,NSE,SELL,CNC,1,17,1555.0,2026-10-05 12:45:31.235,385390863222,26435.0
TRD30007817,ORD20001452,C100194,RELIANCE,NSE,SELL,MIS,1,2,2916.7,2026-10-05 12:45:47.461,845586739494,5833.4
TRD30007818,ORD20004099,C100139,ICICIBANK,NSE,BUY,MIS,1,11,1130.0,2026-10-05 12:50:16.958,560948591855,12430.0
TRD30007819,ORD20004099,C100139,ICICIBANK,NSE,BUY,MIS,2,12,1130.0,2026-10-05 12:50:18.139,493524319604,13560.0
TRD30007820,ORD20004099,C100139,ICICIBANK,NSE,BUY,MIS,3,6,1130.0,2026-10-05 12:50:18.739,114320839287,6780.0
TRD30007821,ORD20003653,C100015,ONGC,NSE,BUY,CNC,1,430,264.6,2026-10-05 12:53:28.610,839130144474,113778.0
TRD30007822,ORD20002493,C100090,INFY,NSE,BUY,CNC,1,1,1621.1,2026-10-05 12:53:32.277,348576062445,1621.1
TRD30007823,ORD20002493,C100090,INFY,NSE,BUY,CNC,2,1,1621.1,2026-10-05 12:53:33.374,361385713027,1621.1
TRD30007824,ORD20000420,C100140,HINDUNILVR,NSE,BUY,CNC,1,8,2470.85,2026-10-05 12:53:35.662,851945759308,19766.8
TRD30007825,ORD20001187,C100020,ASIANPAINT,NSE,SELL,MIS,1,16,2936.45,2026-10-05 12:55:10.547,177653717419,46983.2
TRD30007826,ORD20000878,C100084,ITC,NSE,SELL,MIS,1,99,449.5,2026-10-05 12:55:35.855,959071884525,44500.5
TRD30007827,ORD20000885,C100049,HINDUNILVR,NSE,BUY,MIS,1,1,2501.1,2026-10-05 12:57:37.272,398097741665,2501.1
TRD30007828,ORD20002596,C100142,SBIN,NSE,BUY,MIS,1,153,794.1,2026-10-05 12:59:43.944,400158875830,121497.3
TRD30007829,ORD20000421,C100060,RELIANCE,NSE,BUY,MIS,1,1,2734.55,2026-10-05 13:00:50.017,729208052622,2734.55
TRD30007830,ORD20003906,C100002,HINDUNILVR,NSE,SELL,MIS,1,1,2540.1,2026-10-05 13:04:39.942,424845227432,2540.1
TRD30007831,ORD20002192,C100082,TITAN,NSE,BUY,CNC,1,1,3333.9,2026-10-05 13:05:10.717,343782818274,3333.9
TRD30007832,ORD20003592,C100014,ASIANPAINT,NSE,BUY,MIS,1,2,2914.7,2026-10-05 13:09:44.181,243413986758,5829.4
TRD30007833,ORD20004472,C100145,HDFCBANK,NSE,BUY,CNC,1,8,1627.8,2026-10-05 13:13:00.977,398740372707,13022.4
TRD30007834,ORD20002391,C100075,HINDUNILVR,NSE,BUY,MIS,1,12,2300.25,2026-10-05 13:13:10.371,975254474293,27603.0
TRD30007835,ORD20002255,C100067,ITC,NSE,BUY,MIS,1,158,434.7,2026-10-05 13:14:36.006,218011415113,68682.6
TRD30007836,ORD20002255,C100067,ITC,NSE,BUY,MIS,2,6,435.1,2026-10-05 13:14:38.942,942508811170,2610.6
TRD30007837,ORD20004013,C100154,RELIANCE,NSE,BUY,MIS,1,1,2731.95,2026-10-05 13:17:27.553,616882784626,2731.95
TRD30007838,ORD20004013,C100154,RELIANCE,NSE,BUY,MIS,2,1,2731.95,2026-10-05 13:17:28.398,707270697806,2731.95
TRD30007839,ORD20004708,C100056,MARUTI,NSE,SELL,MIS,1,1,12559.95,2026-10-05 13:17:56.767,816107816181,12559.95
TRD30007840,ORD20003745,C100029,WIPRO,NSE,BUY,MIS,1,190,491.7,2026-10-05 13:19:07.136,139774462467,93423.0
TRD30007841,ORD20003745,C100029,WIPRO,NSE,BUY,MIS,2,1,491.7,2026-10-05 13:19:10.015,976933231269,491.7
TRD30007842,ORD20003040,C100042,INFY,NSE,SELL,CNC,1,1,1525.5,2026-10-05 13:20:09.292,783725709918,1525.5
TRD30007843,ORD20003040,C100042,INFY,NSE,SELL,CNC,2,2,1525.5,2026-10-05 13:20:10.123,821819477668,3051.0
TRD30007844,ORD20000547,C100042,KOTAKBANK,NSE,BUY,MIS,1,18,1709.95,2026-10-05 13:20:30.681,483111100125,30779.1
TRD30007845,ORD20004402,C100089,TATAMOTORS,NSE,BUY,MIS,1,14,979.55,2026-10-05 13:24:35.999,637440274334,13713.7
TRD30007846,ORD20004402,C100089,TATAMOTORS,NSE,BUY,MIS,2,27,979.55,2026-10-05 13:24:38.185,605232931615,26447.85
TRD30007847,ORD20004402,C100089,TATAMOTORS,NSE,BUY,MIS,3,29,979.55,2026-10-05 13:24:38.332,188288191901,28406.95
TRD30007848,ORD20004486,C100179,RELIANCE,NSE,BUY,MIS,1,5,2863.0,2026-10-05 13:25:54.877,274267777951,14315.0
TRD30007849,ORD20004486,C100179,RELIANCE,NSE,BUY,MIS,2,25,2864.6,2026-10-05 13:25:56.809,791818319341,71615.0
TRD30007850,ORD20001373,C100106,ITC,NSE,BUY,MIS,1,152,456.15,2026-10-05 13:35:35.727,544800122002,69334.8
TRD30007851,ORD20001373,C100106,ITC,NSE,BUY,MIS,2,109,455.6,2026-10-05 13:35:36.336,267054436411,49660.4
TRD30007852,ORD20001373,C100106,ITC,NSE,BUY,MIS,3,35,455.85,2026-10-05 13:35:39.879,871665677079,15954.75
TRD30007853,ORD20002846,C100118,KOTAKBANK,NSE,BUY,CNC,1,1,1736.0,2026-10-05 13:36:56.571,253461637352,1736.0
TRD30007854,ORD20000778,C100173,HINDUNILVR,NSE,SELL,CNC,1,14,2317.85,2026-10-05 13:39:05.582,931002313090,32449.9
TRD30007855,ORD20000778,C100173,HINDUNILVR,NSE,SELL,CNC,2,16,2317.85,2026-10-05 13:39:06.076,779331848180,37085.6
TRD30007856,ORD20002971,C100043,BHARTIARTL,BSE,SELL,CNC,1,2,1390.2,2026-10-05 13:39:26.649,834003193100,2780.4
TRD30007857,ORD20002971,C100043,BHARTIARTL,BSE,SELL,CNC,2,17,1391.95,2026-10-05 13:39:30.086,554876009713,23663.15
TRD30007858,ORD20002971,C100043,BHARTIARTL,BSE,SELL,CNC,3,1,1389.3,2026-10-05 13:39:31.117,551944597340,1389.3
TRD30007859,ORD20004753,C100186,RELIANCE,NSE,BUY,MIS,1,17,2949.6,2026-10-05 13:40:48.537,207966657771,50143.2
TRD30007860,ORD20004753,C100186,RELIANCE,NSE,BUY,MIS,2,13,2949.6,2026-10-05 13:40:50.503,940530040382,38344.8
TRD30007861,ORD20001788,C100097,INFY,NSE,SELL,MIS,1,7,1617.65,2026-10-05 13:41:35.955,450560304036,11323.55
TRD30007862,ORD20001788,C100097,INFY,NSE,SELL,MIS,2,4,1618.5,2026-10-05 13:41:38.878,613453384803,6474.0
TRD30007863,ORD20004677,C100147,BHARTIARTL,NSE,BUY,MIS,1,1,1396.8,2026-10-05 13:43:57.620,165325108965,1396.8
TRD30007864,ORD20004677,C100147,BHARTIARTL,NSE,BUY,MIS,2,2,1395.4,2026-10-05 13:43:59.801,278550813054,2790.8
TRD30007865,ORD20004677,C100147,BHARTIARTL,NSE,BUY,MIS,3,4,1395.95,2026-10-05 13:44:01.561,882918136861,5583.8
TRD30007866,ORD20000834,C100135,BHARTIARTL,NSE,SELL,CNC,1,16,1434.2,2026-10-05 13:47:57.363,492751812290,22947.2
TRD30007867,ORD20000834,C100135,BHARTIARTL,NSE,SELL,CNC,2,2,1433.4,2026-10-05 13:47:57.696,445755549311,2866.8
TRD30007868,ORD20003855,C100028,RELIANCE,NSE,SELL,MIS,1,1,2854.45,2026-10-05 13:49:10.682,336603751754,2854.45
TRD30007869,ORD20003855,C100028,RELIANCE,NSE,SELL,MIS,2,2,2854.45,2026-10-05 13:49:13.883,963550636671,5708.9
TRD30007870,ORD20003855,C100028,RELIANCE,NSE,SELL,MIS,3,1,2854.45,2026-10-05 13:49:17.464,707871260165,2854.45
TRD30007871,ORD20004503,C100017,ITC,NSE,BUY,CNC,1,290,456.55,2026-10-05 13:51:02.680,544376839452,132399.5
TRD30007872,ORD20004465,C100064,NTPC,NSE,BUY,MIS,1,13,360.5,2026-10-05 13:52:00.683,959441062811,4686.5
TRD30007873,ORD20004465,C100064,NTPC,NSE,BUY,MIS,2,19,360.5,2026-10-05 13:52:01.525,617695617207,6849.5
TRD30007874,ORD20000992,C100073,ICICIBANK,NSE,SELL,CNC,1,3,1173.3,2026-10-05 13:52:08.555,937450237757,3519.9
TRD30007875,ORD20000992,C100073,ICICIBANK,NSE,SELL,CNC,2,1,1171.7,2026-10-05 13:52:10.031,243621677538,1171.7
TRD30007876,ORD20000992,C100073,ICICIBANK,NSE,SELL,CNC,3,3,1172.05,2026-10-05 13:52:10.660,469508947150,3516.15
TRD30007877,ORD20003722,C100148,HINDUNILVR,NSE,SELL,CNC,1,1,2437.35,2026-10-05 13:54:33.423,592319756803,2437.35
TRD30007878,ORD20003722,C100148,HINDUNILVR,NSE,SELL,CNC,2,10,2437.35,2026-10-05 13:54:34.719,260840571499,24373.5
TRD30007879,ORD20003068,C100023,ONGC,NSE,BUY,CNC,1,67,267.3,2026-10-05 13:55:00.137,671322095771,17909.1
TRD30007880,ORD20003068,C100023,ONGC,NSE,BUY,CNC,2,40,267.3,2026-10-05 13:55:02.043,763381144540,10692.0
TRD30007881,ORD20003068,C100023,ONGC,NSE,BUY,CNC,3,95,267.3,2026-10-05 13:55:03.271,315192951369,25393.5
TRD30007882,ORD20003073,C100105,TATAMOTORS,NSE,BUY,MIS,1,1,1008.7,2026-10-05 13:57:19.717,453633679475,1008.7
TRD30007883,ORD20003073,C100105,TATAMOTORS,NSE,BUY,MIS,2,4,1008.7,2026-10-05 13:57:19.869,935252734939,4034.8
TRD30007884,ORD20000540,C100121,HINDUNILVR,NSE,SELL,MIS,1,6,2375.0,2026-10-05 13:58:55.941,630178719117,14250.0
TRD30007885,ORD20002710,C100108,SBIN,NSE,SELL,CNC,1,15,812.55,2026-10-05 13:59:13.289,726264843647,12188.25
TRD30007886,ORD20004867,C100098,ICICIBANK,NSE,SELL,CNC,1,3,1150.5,2026-10-05 14:00:03.303,816032257309,3451.5
TRD30007887,ORD20004867,C100098,ICICIBANK,NSE,SELL,CNC,2,29,1150.5,2026-10-05 14:00:05.089,298279260171,33364.5
TRD30007888,ORD20001329,C100097,MARUTI,NSE,SELL,CNC,1,1,11584.4,2026-10-05 14:00:16.055,746768527869,11584.4
TRD30007889,ORD20002041,C100095,TCS,NSE,SELL,MIS,1,1,3907.25,2026-10-05 14:05:34.862,897579910120,3907.25
TRD30007890,ORD20002041,C100095,TCS,NSE,SELL,MIS,2,1,3907.25,2026-10-05 14:05:38.499,957734620230,3907.25
TRD30007891,ORD20002041,C100095,TCS,NSE,SELL,MIS,3,1,3907.25,2026-10-05 14:05:42.319,188997898348,3907.25
TRD30007892,ORD20001326,C100070,BHARTIARTL,NSE,BUY,MIS,1,7,1499.95,2026-10-05 14:06:00.115,287782694118,10499.65
TRD30007893,ORD20001326,C100070,BHARTIARTL,NSE,BUY,MIS,2,21,1499.95,2026-10-05 14:06:01.527,105568425183,31498.95
TRD30007894,ORD20001326,C100070,BHARTIARTL,NSE,BUY,MIS,3,10,1499.95,2026-10-05 14:06:05.281,456566273867,14999.5
TRD30007895,ORD20004158,C100099,KOTAKBANK,NSE,BUY,CNC,1,5,1745.35,2026-10-05 14:08:14.709,370869525701,8726.75
TRD30007896,ORD20004158,C100099,KOTAKBANK,NSE,BUY,CNC,2,2,1745.35,2026-10-05 14:08:15.199,628798011974,3490.7
TRD30007897,ORD20003298,C100185,INFY,NSE,SELL,MIS,1,12,1613.7,2026-10-05 14:09:13.637,319810376748,19364.4
TRD30007898,ORD20003298,C100185,INFY,NSE,SELL,MIS,2,4,1613.7,2026-10-05 14:09:14.575,730093009285,6454.8
TRD30007899,ORD20004169,C100017,ONGC,NSE,SELL,MIS,1,179,274.55,2026-10-05 14:11:31.504,963800413735,49144.45
TRD30007900,ORD20004169,C100017,ONGC,NSE,SELL,MIS,2,43,274.55,2026-10-05 14:11:35.465,191045952532,11805.65
TRD30007901,ORD20003438,C100160,ONGC,NSE,BUY,CNC,1,3,271.05,2026-10-05 14:13:30.574,293176530510,813.15
TRD30007902,ORD20003438,C100160,ONGC,NSE,BUY,CNC,2,19,271.35,2026-10-05 14:13:30.941,274867529578,5155.65
TRD30007903,ORD20001189,C100095,SBIN,NSE,BUY,MIS,1,36,787.95,2026-10-05 14:14:08.065,981063701531,28366.2
TRD30007904,ORD20001189,C100095,SBIN,NSE,BUY,MIS,2,20,786.1,2026-10-05 14:14:11.503,622891750435,15722.0
TRD30007905,ORD20001189,C100095,SBIN,NSE,BUY,MIS,3,29,786.95,2026-10-05 14:14:12.358,380846420769,22821.55
TRD30007906,ORD20004157,C100172,TATAMOTORS,NSE,BUY,CNC,1,1,978.25,2026-10-05 14:16:49.460,442623272683,978.25
TRD30007907,ORD20004157,C100172,TATAMOTORS,NSE,BUY,CNC,2,5,977.5,2026-10-05 14:16:53.280,831804175382,4887.5
TRD30007908,ORD20001550,C100051,TITAN,NSE,SELL,MIS,1,8,3377.55,2026-10-05 14:17:06.181,777238879388,27020.4
TRD30007909,ORD20001917,C100189,AXISBANK,NSE,BUY,MIS,1,1,1108.8,2026-10-05 14:23:04.366,476788424706,1108.8
TRD30007910,ORD20001917,C100189,AXISBANK,NSE,BUY,MIS,2,1,1109.5,2026-10-05 14:23:07.915,356331099869,1109.5
TRD30007911,ORD20001917,C100189,AXISBANK,NSE,BUY,MIS,3,3,1108.7,2026-10-05 14:23:08.801,961750414116,3326.1
TRD30007912,ORD20001277,C100171,ITC,NSE,BUY,MIS,1,139,454.65,2026-10-05 14:23:47.780,852697216773,63196.35
TRD30007913,ORD20001277,C100171,ITC,NSE,BUY,MIS,2,7,454.95,2026-10-05 14:23:50.840,105824330453,3184.65
TRD30007914,ORD20000897,C100153,MARUTI,NSE,SELL,MIS,1,1,12393.25,2026-10-05 14:24:02.062,558385424154,12393.25
TRD30007915,ORD20000897,C100153,MARUTI,NSE,SELL,MIS,2,1,12395.3,2026-10-05 14:24:04.587,138433355201,12395.3
TRD30007916,ORD20000897,C100153,MARUTI,NSE,SELL,MIS,3,1,12403.65,2026-10-05 14:24:05.782,593055869725,12403.65
TRD30007917,ORD20004835,C100033,NTPC,NSE,BUY,MIS,1,13,382.0,2026-10-05 14:26:10.151,948870950032,4966.0
TRD30007918,ORD20004835,C100033,NTPC,NSE,BUY,MIS,2,69,382.25,2026-10-05 14:26:11.542,117961291955,26375.25
TRD30007919,ORD20000961,C100105,ITC,NSE,BUY,CNC,1,26,466.1,2026-10-05 14:26:27.415,375505064787,12118.6
TRD30007920,ORD20003553,C100054,TATAMOTORS,NSE,SELL,MIS,1,3,981.5,2026-10-05 14:27:30.486,552282751484,2944.5
TRD30007921,ORD20003553,C100054,TATAMOTORS,NSE,SELL,MIS,2,2,980.95,2026-10-05 14:27:31.722,330388079665,1961.9
TRD30007922,ORD20003553,C100054,TATAMOTORS,NSE,SELL,MIS,3,34,981.3,2026-10-05 14:27:34.317,208937759532,33364.2
TRD30007923,ORD20003014,C100143,HINDUNILVR,NSE,BUY,CNC,1,12,2349.5,2026-10-05 14:27:39.501,343829545033,28194.0
TRD30007924,ORD20003014,C100143,HINDUNILVR,NSE,BUY,CNC,2,16,2348.5,2026-10-05 14:27:41.624,448276276716,37576.0
TRD30007925,ORD20003881,C100055,INFY,BSE,BUY,MIS,1,3,1575.7,2026-10-05 14:28:16.596,380201742265,4727.1
TRD30007926,ORD20003881,C100055,INFY,BSE,BUY,MIS,2,10,1574.25,2026-10-05 14:28:20.474,994583483405,15742.5
TRD30007927,ORD20003881,C100055,INFY,BSE,BUY,MIS,3,23,1575.75,2026-10-05 14:28:23.123,965492099344,36242.25
TRD30007928,ORD20001812,C100065,HINDUNILVR,NSE,BUY,MIS,1,2,2416.3,2026-10-05 14:29:32.521,669994610402,4832.6
TRD30007929,ORD20001812,C100065,HINDUNILVR,NSE,BUY,MIS,2,1,2416.3,2026-10-05 14:29:35.427,149083077956,2416.3
TRD30007930,ORD20001812,C100065,HINDUNILVR,NSE,BUY,MIS,3,1,2416.3,2026-10-05 14:29:35.890,170627030957,2416.3
TRD30007931,ORD20000007,C100121,HINDUNILVR,BSE,BUY,MIS,1,1,2318.7,2026-10-05 14:33:46.922,729589541878,2318.7
TRD30007932,ORD20000007,C100121,HINDUNILVR,BSE,BUY,MIS,2,1,2321.55,2026-10-05 14:33:48.791,701445146936,2321.55
TRD30007933,ORD20000007,C100121,HINDUNILVR,BSE,BUY,MIS,3,1,2318.15,2026-10-05 14:33:51.624,261857408658,2318.15
TRD30007934,ORD20001897,C100194,INFY,NSE,BUY,MIS,1,6,1563.6,2026-10-05 14:35:01.492,895712018280,9381.6
TRD30007935,ORD20001897,C100194,INFY,NSE,BUY,MIS,2,3,1563.9,2026-10-05 14:35:05.158,747730166551,4691.7
TRD30007936,ORD20001897,C100194,INFY,NSE,BUY,MIS,3,9,1563.45,2026-10-05 14:35:07.084,281947408326,14071.05
TRD30007937,ORD20001796,C100093,AXISBANK,NSE,BUY,MIS,1,5,1175.4,2026-10-05 14:38:21.493,914582512573,5877.0
TRD30007938,ORD20004379,C100003,RELIANCE,NSE,SELL,CNC,1,17,2976.35,2026-10-05 14:43:59.873,762920304627,50597.95
TRD30007939,ORD20004379,C100003,RELIANCE,NSE,SELL,CNC,2,28,2980.5,2026-10-05 14:44:02.816,917087851326,83454.0
TRD30007940,ORD20000958,C100185,ITC,NSE,BUY,MIS,1,11,462.85,2026-10-05 14:46:10.312,901880457707,5091.35
TRD30007941,ORD20000958,C100185,ITC,NSE,BUY,MIS,2,8,462.85,2026-10-05 14:46:11.969,103090486255,3702.8
TRD30007942,ORD20001976,C100166,ICICIBANK,NSE,BUY,CNC,1,5,1176.6,2026-10-05 14:48:52.948,584455562424,5883.0
TRD30007943,ORD20002002,C100189,ITC,NSE,SELL,MIS,1,56,447.15,2026-10-05 14:49:20.706,191264542709,25040.4
TRD30007944,ORD20004389,C100045,HINDUNILVR,NSE,BUY,CNC,1,8,2411.15,2026-10-05 14:50:38.996,406298847542,19289.2
TRD30007945,ORD20003374,C100128,NTPC,NSE,BUY,CNC,1,30,360.8,2026-10-05 14:57:23.439,368401262974,10824.0
TRD30007946,ORD20003374,C100128,NTPC,NSE,BUY,CNC,2,38,360.8,2026-10-05 14:57:23.529,561373968274,13710.4
TRD30007947,ORD20003374,C100128,NTPC,NSE,BUY,CNC,3,15,360.8,2026-10-05 14:57:23.850,861842374854,5412.0
TRD30007948,ORD20004686,C100152,ONGC,NSE,SELL,CNC,1,68,273.5,2026-10-05 14:59:04.594,230757880602,18598.0
TRD30007949,ORD20004686,C100152,ONGC,NSE,SELL,CNC,2,34,273.65,2026-10-05 14:59:05.004,520106915936,9304.1
TRD30007950,ORD20003656,C100059,MARUTI,NSE,BUY,CNC,1,4,11588.05,2026-10-05 15:00:32.628,868438235205,46352.2
TRD30007951,ORD20003656,C100059,MARUTI,NSE,BUY,CNC,2,1,11588.05,2026-10-05 15:00:33.910,520725917071,11588.05
TRD30007952,ORD20003656,C100059,MARUTI,NSE,BUY,CNC,3,1,11588.05,2026-10-05 15:00:33.996,342073125883,11588.05
TRD30007953,ORD20001113,C100012,HINDUNILVR,NSE,BUY,CNC,1,1,2416.05,2026-10-05 15:01:06.795,605007349114,2416.05
TRD30007954,ORD20001113,C100012,HINDUNILVR,NSE,BUY,CNC,2,2,2416.05,2026-10-05 15:01:08.700,114765735480,4832.1
TRD30007955,ORD20004802,C100160,ICICIBANK,NSE,SELL,MIS,1,2,1291.25,2026-10-05 15:04:18.204,508735779673,2582.5
TRD30007956,ORD20004802,C100160,ICICIBANK,NSE,SELL,MIS,2,1,1292.8,2026-10-05 15:04:20.401,572707684711,1292.8
TRD30007957,ORD20004802,C100160,ICICIBANK,NSE,SELL,MIS,3,1,1291.7,2026-10-05 15:04:20.774,298659069042,1291.7
TRD30007958,ORD20002768,C100168,NTPC,NSE,BUY,MIS,1,266,354.85,2026-10-05 15:05:20.762,326137967491,94390.1
TRD30007959,ORD20002703,C100197,SBIN,NSE,BUY,MIS,1,79,826.35,2026-10-05 15:11:01.336,193247736551,65281.65
TRD30007960,ORD20002924,C100121,RELIANCE,NSE,BUY,MIS,1,17,2928.2,2026-10-05 15:14:14.082,904084669538,49779.4
TRD30007961,ORD20002924,C100121,RELIANCE,NSE,BUY,MIS,2,17,2928.2,2026-10-05 15:14:16.315,144154109654,49779.4
TRD30007962,ORD20003089,C100004,ONGC,NSE,BUY,MIS,1,6,272.25,2026-10-05 15:16:02.110,902615289188,1633.5
TRD30007963,ORD20003089,C100004,ONGC,NSE,BUY,MIS,2,2,272.25,2026-10-05 15:16:03.606,963981316520,544.5
TRD30007964,ORD20003089,C100004,ONGC,NSE,BUY,MIS,3,2,272.25,2026-10-05 15:16:04.194,617510025490,544.5
TRD30007965,ORD20003864,C100113,HDFCBANK,NSE,SELL,MIS,1,6,1666.0,2026-10-05 15:16:16.824,902684497397,9996.0
TRD30007966,ORD20003864,C100113,HDFCBANK,NSE,SELL,MIS,2,1,1666.0,2026-10-05 15:16:18.126,568599247202,1666.0
TRD30007967,ORD20003240,C100182,RELIANCE,NSE,BUY,CNC,1,5,3053.55,2026-10-05 15:16:44.899,130768751489,15267.75
TRD30007968,ORD20003240,C100182,RELIANCE,NSE,BUY,CNC,2,7,3053.55,2026-10-05 15:16:46.935,323170902783,21374.85
TRD30007969,ORD20003280,C100148,TCS,NSE,SELL,CNC,1,11,3909.9,2026-10-05 15:18:48.804,974047163726,43008.9
TRD30007970,ORD20003280,C100148,TCS,NSE,SELL,CNC,2,1,3909.9,2026-10-05 15:18:49.875,832070309709,3909.9
TRD30007971,ORD20002929,C100065,KOTAKBANK,NSE,SELL,MIS,1,6,1782.6,2026-10-05 15:19:16.754,984728890611,10695.6
TRD30007972,ORD20004339,C100141,ONGC,BSE,BUY,MIS,1,6,271.25,2026-10-05 15:20:56.887,485209106283,1627.5
TRD30007973,ORD20004339,C100141,ONGC,BSE,BUY,MIS,2,47,271.05,2026-10-05 15:20:57.098,304252560907,12739.35
TRD30007974,ORD20004339,C100141,ONGC,BSE,BUY,MIS,3,160,271.5,2026-10-05 15:20:57.994,339478946535,43440.0
TRD30007975,ORD20000743,C100176,RELIANCE,NSE,BUY,MIS,1,16,2954.1,2026-10-05 15:21:35.476,843530256828,47265.6
TRD30007976,ORD20000078,C100072,HINDUNILVR,NSE,SELL,CNC,1,53,2341.45,2026-10-05 15:23:21.295,281743437851,124096.85
