client_id,symbol,isin,qty,avg_cost,ltp,invested_value,current_value,unrealised_pnl,as_of_date
C100000,ITC,INEG1J5RPXRC,153,371.08,450.0,56775.24,68850.0,12074.76,2026-10-05
C100000,LT,INEYDBWC2FT6,66,3118.48,3500.0,205819.68,231000.0,25180.32,2026-10-05
C100000,NTPC,INE9EN4JHSZN,162,353.55,360.0,57275.1,58320.0,1044.9,2026-10-05
C100000,ONGC,INEZV17T1V9X,347,263.54,270.0,91448.38,93690.0,2241.62,2026-10-05
C100000,SBIN,INEZFWPSR6CF,363,798.97,800.0,290026.11,290400.0,373.89,2026-10-05
C100000,TATAMOTORS,INEDDETA5B03,85,688.79,950.0,58547.15,80750.0,22202.85,2026-10-05
C100000,TITAN,INE2SKMKJ3KT,47,2672.54,3300.0,125609.38,155100.0,29490.62,2026-10-05
C100000,WIPRO,INEAL1BEZ79D,569,462.68,480.0,263264.92,273120.0,9855.08,2026-10-05
C100001,AXISBANK,INEE5UMP3ASU,105,926.42,1150.0,97274.1,120750.0,23475.9,2026-10-05
C100001,BHARTIARTL,INEF4PGB7KNX,179,1213.01,1400.0,217128.79,250600.0,33471.21,2026-10-05
C100001,INFY,INETJFF73JW2,4,1584.15,1600.0,6336.6,6400.0,63.4,2026-10-05
C100001,LT,INEYDBWC2FT6,76,3803.64,3500.0,289076.64,266000.0,-23076.64,2026-10-05
C100001,MARUTI,INEGP9SJFHK1,10,9809.64,12000.0,98096.4,120000.0,21903.6,2026-10-05
C100001,RELIANCE,INE3SNEEV2P6,97,2836.32,2900.0,275123.04,281300.0,6176.96,2026-10-05
C100001,TATAMOTORS,INEDDETA5B03,138,1003.6,950.0,138496.8,131100.0,-7396.8,2026-10-05
C100001,TCS,INE3HZRRQSH4,66,3924.09,3900.0,258989.94,257400.0,-1589.94,2026-10-05
C100002,BHARTIARTL,INEF4PGB7KNX,124,1205.65,1400.0,149500.6,173600.0,24099.4,2026-10-05
C100002,ICICIBANK,INEVU9M5RPC2,83,859.59,1200.0,71345.97,99600.0,28254.03,2026-10-05
C100002,NTPC,INE9EN4JHSZN,729,254.79,360.0,185741.91,262440.0,76698.09,2026-10-05
C100002,ONGC,INEZV17T1V9X,10,271.0,270.0,2710.0,2700.0,-10.0,2026-10-05
C100002,RELIANCE,INE3SNEEV2P6,76,2621.64,2900.0,199244.64,220400.0,21155.36,2026-10-05
C100002,SUNPHARMA,INE483ENNGVK,82,1798.2,1700.0,147452.4,139400.0,-8052.4,2026-10-05
C100002,TATAMOTORS,INEDDETA5B03,118,786.32,950.0,92785.76,112100.0,19314.24,2026-10-05
C100003,HDFCBANK,INEUFHC6XSMD,15,1649.7,1650.0,24745.5,24750.0,4.5,2026-10-05
C100003,KOTAKBANK,INEETUDW98PM,68,1566.24,1750.0,106504.32,119000.0,12495.68,2026-10-05
C100003,LT,INEYDBWC2FT6,19,3103.07,3500.0,58958.33,66500.0,7541.67,2026-10-05
C100003,MARUTI,INEGP9SJFHK1,12,13119.38,12000.0,157432.56,144000.0,-13432.56,2026-10-05
C100003,ONGC,INEZV17T1V9X,208,280.74,270.0,58393.92,56160.0,-2233.92,2026-10-05
C100003,SUNPHARMA,INE483ENNGVK,111,1851.06,1700.0,205467.66,188700.0,-16767.66,2026-10-05
C100003,TITAN,INE2SKMKJ3KT,31,2726.81,3300.0,84531.11,102300.0,17768.89,2026-10-05
C100004,BHARTIARTL,INEF4PGB7KNX,26,1279.26,1400.0,33260.76,36400.0,3139.24,2026-10-05
C100004,HDFCBANK,INEUFHC6XSMD,24,1603.17,1650.0,38476.08,39600.0,1123.92,2026-10-05
C100004,HINDUNILVR,INE4U6T0TSSN,23,2369.42,2400.0,54496.66,55200.0,703.34,2026-10-05
C100004,ICICIBANK,INEVU9M5RPC2,102,1064.43,1200.0,108571.86,122400.0,13828.14,2026-10-05
C100004,INFY,INETJFF73JW2,6,1630.7,1600.0,9784.2,9600.0,-184.2,2026-10-05
C100004,ITC,INEG1J5RPXRC,219,468.8,450.0,102667.2,98550.0,-4117.2,2026-10-05
C100004,RELIANCE,INE3SNEEV2P6,78,2750.7,2900.0,214554.6,226200.0,11645.4,2026-10-05
C100004,SBIN,INEZFWPSR6CF,82,662.1,800.0,54292.2,65600.0,11307.8,2026-10-05
C100004,SUNPHARMA,INE483ENNGVK,52,1572.98,1700.0,81794.96,88400.0,6605.04,2026-10-05
C100004,TITAN,INE2SKMKJ3KT,24,3237.72,3300.0,77705.28,79200.0,1494.72,2026-10-05
C100005,ASIANPAINT,INE3SQPFQ5WH,30,2780.98,2900.0,83429.4,87000.0,3570.6,2026-10-05
C100005,HDFCBANK,INEUFHC6XSMD,103,1627.07,1650.0,167588.21,169950.0,2361.79,2026-10-05
C100005,ICICIBANK,INEVU9M5RPC2,239,951.8,1200.0,227480.2,286800.0,59319.8,2026-10-05
C100005,ITC,INEG1J5RPXRC,319,397.66,450.0,126853.54,143550.0,16696.46,2026-10-05
C100005,MARUTI,INEGP9SJFHK1,1,12020.45,12000.0,12020.45,12000.0,-20.45,2026-10-05
C100005,NTPC,INE9EN4JHSZN,401,291.03,360.0,116703.03,144360.0,27656.97,2026-10-05
C100005,ONGC,INEZV17T1V9X,394,270.65,270.0,106636.1,106380.0,-256.1,2026-10-05
C100005,WIPRO,INEAL1BEZ79D,146,421.83,480.0,61587.18,70080.0,8492.82,2026-10-05
C100006,ASIANPAINT,INE3SQPFQ5WH,10,2952.7,2900.0,29527.0,29000.0,-527.0,2026-10-05
C100006,AXISBANK,INEE5UMP3ASU,256,1134.12,1150.0,290334.72,294400.0,4065.28,2026-10-05
C100006,BHARTIARTL,INEF4PGB7KNX,188,1444.18,1400.0,271505.84,263200.0,-8305.84,2026-10-05
C100006,HDFCBANK,INEUFHC6XSMD,36,1618.55,1650.0,58267.8,59400.0,1132.2,2026-10-05
C100006,MARUTI,INEGP9SJFHK1,21,10100.86,12000.0,212118.06,252000.0,39881.94,2026-10-05
C100006,RELIANCE,INE3SNEEV2P6,30,3035.64,2900.0,91069.2,87000.0,-4069.2,2026-10-05
C100006,TATAMOTORS,INEDDETA5B03,36,947.15,950.0,34097.4,34200.0,102.6,2026-10-05
C100006,TITAN,INE2SKMKJ3KT,49,2602.11,3300.0,127503.39,161700.0,34196.61,2026-10-05
C100007,BHARTIARTL,INEF4PGB7KNX,88,1407.98,1400.0,123902.24,123200.0,-702.24,2026-10-05
C100007,HINDUNILVR,INE4U6T0TSSN,141,2442.34,2400.0,344369.94,338400.0,-5969.94,2026-10-05
C100007,ICICIBANK,INEVU9M5RPC2,63,1221.52,1200.0,76955.76,75600.0,-1355.76,2026-10-05
C100007,LT,INEYDBWC2FT6,76,3583.43,3500.0,272340.68,266000.0,-6340.68,2026-10-05
C100007,MARUTI,INEGP9SJFHK1,3,12348.8,12000.0,37046.4,36000.0,-1046.4,2026-10-05
C100007,TCS,INE3HZRRQSH4,2,3989.35,3900.0,7978.7,7800.0,-178.7,2026-10-05
C100008,AXISBANK,INEE5UMP3ASU,231,1106.27,1150.0,255548.37,265650.0,10101.63,2026-10-05
C100008,BHARTIARTL,INEF4PGB7KNX,131,1200.55,1400.0,157272.05,183400.0,26127.95,2026-10-05
C100008,HDFCBANK,INEUFHC6XSMD,77,1208.42,1650.0,93048.34,127050.0,34001.66,2026-10-05
C100008,INFY,INETJFF73JW2,138,1548.4,1600.0,213679.2,220800.0,7120.8,2026-10-05
C100008,KOTAKBANK,INEETUDW98PM,81,1514.41,1750.0,122667.21,141750.0,19082.79,2026-10-05
C100008,LT,INEYDBWC2FT6,53,2773.95,3500.0,147019.35,185500.0,38480.65,2026-10-05
C100008,MARUTI,INEGP9SJFHK1,23,8804.46,12000.0,202502.58,276000.0,73497.42,2026-10-05
C100008,SUNPHARMA,INE483ENNGVK,88,1773.51,1700.0,156068.88,149600.0,-6468.88,2026-10-05
C100009,BHARTIARTL,INEF4PGB7KNX,2,1383.02,1400.0,2766.04,2800.0,33.96,2026-10-05
C100009,HDFCBANK,INEUFHC6XSMD,1,1675.2,1650.0,1675.2,1650.0,-25.2,2026-10-05
C100009,ICICIBANK,INEVU9M5RPC2,46,1087.06,1200.0,50004.76,55200.0,5195.24,2026-10-05
C100009,ITC,INEG1J5RPXRC,213,455.55,450.0,97032.15,95850.0,-1182.15,2026-10-05
C100009,MARUTI,INEGP9SJFHK1,8,11929.92,12000.0,95439.36,96000.0,560.64,2026-10-05
C100009,NTPC,INE9EN4JHSZN,827,283.7,360.0,234619.9,297720.0,63100.1,2026-10-05
C100009,TATAMOTORS,INEDDETA5B03,7,944.25,950.0,6609.75,6650.0,40.25,2026-10-05
C100009,TITAN,INE2SKMKJ3KT,73,2912.57,3300.0,212617.61,240900.0,28282.39,2026-10-05
C100010,AXISBANK,INEE5UMP3ASU,213,1014.29,1150.0,216043.77,244950.0,28906.23,2026-10-05
C100010,HDFCBANK,INEUFHC6XSMD,3,1668.1,1650.0,5004.3,4950.0,-54.3,2026-10-05
C100010,HINDUNILVR,INE4U6T0TSSN,84,2142.17,2400.0,179942.28,201600.0,21657.72,2026-10-05
C100010,INFY,INETJFF73JW2,101,1613.72,1600.0,162985.72,161600.0,-1385.72,2026-10-05
C100010,ITC,INEG1J5RPXRC,363,491.3,450.0,178341.9,163350.0,-14991.9,2026-10-05
C100010,LT,INEYDBWC2FT6,55,3363.33,3500.0,184983.15,192500.0,7516.85,2026-10-05
C100010,SBIN,INEZFWPSR6CF,97,707.44,800.0,68621.68,77600.0,8978.32,2026-10-05
C100010,SUNPHARMA,INE483ENNGVK,142,1281.21,1700.0,181931.82,241400.0,59468.18,2026-10-05
C100010,TATAMOTORS,INEDDETA5B03,32,972.26,950.0,31112.32,30400.0,-712.32,2026-10-05
C100011,ASIANPAINT,INE3SQPFQ5WH,60,2434.11,2900.0,146046.6,174000.0,27953.4,2026-10-05
C100011,AXISBANK,INEE5UMP3ASU,66,1131.55,1150.0,74682.3,75900.0,1217.7,2026-10-05
C100011,BHARTIARTL,INEF4PGB7KNX,84,1326.35,1400.0,111413.4,117600.0,6186.6,2026-10-05
C100011,HINDUNILVR,INE4U6T0TSSN,62,2113.49,2400.0,131036.38,148800.0,17763.62,2026-10-05
C100011,ICICIBANK,INEVU9M5RPC2,69,876.82,1200.0,60500.58,82800.0,22299.42,2026-10-05
C100011,ITC,INEG1J5RPXRC,153,445.87,450.0,68218.11,68850.0,631.89,2026-10-05
C100011,ONGC,INEZV17T1V9X,923,213.13,270.0,196718.99,249210.0,52491.01,2026-10-05
C100011,RELIANCE,INE3SNEEV2P6,32,2967.65,2900.0,94964.8,92800.0,-2164.8,2026-10-05
C100011,TATAMOTORS,INEDDETA5B03,45,936.01,950.0,42120.45,42750.0,629.55,2026-10-05
C100011,TCS,INE3HZRRQSH4,32,4203.3,3900.0,134505.6,124800.0,-9705.6,2026-10-05
C100012,ASIANPAINT,INE3SQPFQ5WH,31,2899.2,2900.0,89875.2,89900.0,24.8,2026-10-05
C100012,AXISBANK,INEE5UMP3ASU,97,1203.89,1150.0,116777.33,111550.0,-5227.33,2026-10-05
C100012,HDFCBANK,INEUFHC6XSMD,147,1797.46,1650.0,264226.62,242550.0,-21676.62,2026-10-05
C100012,HINDUNILVR,INE4U6T0TSSN,35,2343.8,2400.0,82033.0,84000.0,1967.0,2026-10-05
C100012,INFY,INETJFF73JW2,185,1677.94,1600.0,310418.9,296000.0,-14418.9,2026-10-05
C100012,KOTAKBANK,INEETUDW98PM,108,1894.98,1750.0,204657.84,189000.0,-15657.84,2026-10-05
C100012,ONGC,INEZV17T1V9X,990,289.17,270.0,286278.3,267300.0,-18978.3,2026-10-05
C100012,RELIANCE,INE3SNEEV2P6,3,2753.35,2900.0,8260.05,8700.0,439.95,2026-10-05
C100012,TCS,INE3HZRRQSH4,1,4039.05,3900.0,4039.05,3900.0,-139.05,2026-10-05
C100012,TITAN,INE2SKMKJ3KT,16,2360.28,3300.0,37764.48,52800.0,15035.52,2026-10-05
C100012,WIPRO,INEAL1BEZ79D,172,407.9,480.0,70158.8,82560.0,12401.2,2026-10-05
C100013,BHARTIARTL,INEF4PGB7KNX,189,1002.51,1400.0,189474.39,264600.0,75125.61,2026-10-05
C100013,HINDUNILVR,INE4U6T0TSSN,52,1959.07,2400.0,101871.64,124800.0,22928.36,2026-10-05
C100013,INFY,INETJFF73JW2,145,1267.45,1600.0,183780.25,232000.0,48219.75,2026-10-05
C100013,LT,INEYDBWC2FT6,67,3576.55,3500.0,239628.85,234500.0,-5128.85,2026-10-05
C100013,NTPC,INE9EN4JHSZN,506,344.48,360.0,174306.88,182160.0,7853.12,2026-10-05
C100013,ONGC,INEZV17T1V9X,255,270.25,270.0,68913.75,68850.0,-63.75,2026-10-05
C100013,TATAMOTORS,INEDDETA5B03,235,1002.62,950.0,235615.7,223250.0,-12365.7,2026-10-05
C100013,TCS,INE3HZRRQSH4,6,4051.3,3900.0,24307.8,23400.0,-907.8,2026-10-05
C100013,WIPRO,INEAL1BEZ79D,363,484.41,480.0,175840.83,174240.0,-1600.83,2026-10-05
C100014,INFY,INETJFF73JW2,84,1311.21,1600.0,110141.64,134400.0,24258.36,2026-10-05
C100014,ITC,INEG1J5RPXRC,383,338.29,450.0,129565.07,172350.0,42784.93,2026-10-05
C100014,KOTAKBANK,INEETUDW98PM,100,1761.5,1750.0,176150.0,175000.0,-1150.0,2026-10-05
C100014,TATAMOTORS,INEDDETA5B03,5,906.2,950.0,4531.0,4750.0,219.0,2026-10-05
C100014,TITAN,INE2SKMKJ3KT,68,3058.79,3300.0,207997.72,224400.0,16402.28,2026-10-05
C100015,ASIANPAINT,INE3SQPFQ5WH,63,2337.67,2900.0,147273.21,182700.0,35426.79,2026-10-05
C100015,AXISBANK,INEE5UMP3ASU,29,1208.44,1150.0,35044.76,33350.0,-1694.76,2026-10-05
C100015,INFY,INETJFF73JW2,89,1344.64,1600.0,119672.96,142400.0,22727.04,2026-10-05
C100015,LT,INEYDBWC2FT6,60,3561.91,3500.0,213714.6,210000.0,-3714.6,2026-10-05
C100015,MARUTI,INEGP9SJFHK1,23,12246.33,12000.0,281665.59,276000.0,-5665.59,2026-10-05
C100015,NTPC,INE9EN4JHSZN,580,337.47,360.0,195732.6,208800.0,13067.4,2026-10-05
C100015,ONGC,INEZV17T1V9X,430,264.6,270.0,113778.0,116100.0,2322.0,2026-10-05
C100015,SBIN,INEZFWPSR6CF,59,735.07,800.0,43369.13,47200.0,3830.87,2026-10-05
C100015,TATAMOTORS,INEDDETA5B03,241,890.28,950.0,214557.48,228950.0,14392.52,2026-10-05
C100015,TCS,INE3HZRRQSH4,27,3929.46,3900.0,106095.42,105300.0,-795.42,2026-10-05
C100016,AXISBANK,INEE5UMP3ASU,39,842.76,1150.0,32867.64,44850.0,11982.36,2026-10-05
C100016,HDFCBANK,INEUFHC6XSMD,83,1565.98,1650.0,129976.34,136950.0,6973.66,2026-10-05
C100016,HINDUNILVR,INE4U6T0TSSN,37,1802.85,2400.0,66705.45,88800.0,22094.55,2026-10-05
C100016,KOTAKBANK,INEETUDW98PM,37,1871.99,1750.0,69263.63,64750.0,-4513.63,2026-10-05
C100016,LT,INEYDBWC2FT6,19,2819.0,3500.0,53561.0,66500.0,12939.0,2026-10-05
C100016,NTPC,INE9EN4JHSZN,259,328.21,360.0,85006.39,93240.0,8233.61,2026-10-05
C100016,TCS,INE3HZRRQSH4,23,3650.4,3900.0,83959.2,89700.0,5740.8,2026-10-05
C100017,AXISBANK,INEE5UMP3ASU,77,1115.47,1150.0,85891.19,88550.0,2658.81,2026-10-05
C100017,HDFCBANK,INEUFHC6XSMD,16,1625.9,1650.0,26014.4,26400.0,385.6,2026-10-05
C100017,HINDUNILVR,INE4U6T0TSSN,49,2169.23,2400.0,106292.27,117600.0,11307.73,2026-10-05
C100017,ICICIBANK,INEVU9M5RPC2,11,1149.95,1200.0,12649.45,13200.0,550.55,2026-10-05
C100017,INFY,INETJFF73JW2,147,1226.98,1600.0,180366.06,235200.0,54833.94,2026-10-05
C100017,ITC,INEG1J5RPXRC,573,453.44,450.0,259821.12,257850.0,-1971.12,2026-10-05
C100017,KOTAKBANK,INEETUDW98PM,169,1865.0,1750.0,315185.0,295750.0,-19435.0,2026-10-05
C100017,LT,INEYDBWC2FT6,30,2672.84,3500.0,80185.2,105000.0,24814.8,2026-10-05
C100018,HINDUNILVR,INE4U6T0TSSN,91,1939.13,2400.0,176460.83,218400.0,41939.17,2026-10-05
C100018,ICICIBANK,INEVU9M5RPC2,224,1161.46,1200.0,260167.04,268800.0,8632.96,2026-10-05
C100018,ITC,INEG1J5RPXRC,502,409.65,450.0,205644.3,225900.0,20255.7,2026-10-05
C100018,MARUTI,INEGP9SJFHK1,6,11849.6,12000.0,71097.6,72000.0,902.4,2026-10-05
C100018,NTPC,INE9EN4JHSZN,870,378.26,360.0,329086.2,313200.0,-15886.2,2026-10-05
C100018,RELIANCE,INE3SNEEV2P6,54,2636.17,2900.0,142353.18,156600.0,14246.82,2026-10-05
C100019,ASIANPAINT,INE3SQPFQ5WH,19,2855.0,2900.0,54245.0,55100.0,855.0,2026-10-05
C100019,AXISBANK,INEE5UMP3ASU,18,1142.0,1150.0,20556.0,20700.0,144.0,2026-10-05
C100019,KOTAKBANK,INEETUDW98PM,145,1508.98,1750.0,218802.1,253750.0,34947.9,2026-10-05
C100019,LT,INEYDBWC2FT6,71,2792.18,3500.0,198244.78,248500.0,50255.22,2026-10-05
C100019,RELIANCE,INE3SNEEV2P6,13,2858.55,2900.0,37161.15,37700.0,538.85,2026-10-05
C100019,SUNPHARMA,INE483ENNGVK,123,1635.3,1700.0,201141.9,209100.0,7958.1,2026-10-05
C100019,TITAN,INE2SKMKJ3KT,59,2693.7,3300.0,158928.3,194700.0,35771.7,2026-10-05
C100019,WIPRO,INEAL1BEZ79D,338,454.89,480.0,153752.82,162240.0,8487.18,2026-10-05
C100020,ASIANPAINT,INE3SQPFQ5WH,32,2937.1,2900.0,93987.2,92800.0,-1187.2,2026-10-05
C100020,HDFCBANK,INEUFHC6XSMD,4,1713.5,1650.0,6854.0,6600.0,-254.0,2026-10-05
C100020,HINDUNILVR,INE4U6T0TSSN,20,2547.15,2400.0,50943.0,48000.0,-2943.0,2026-10-05
C100020,ICICIBANK,INEVU9M5RPC2,169,947.43,1200.0,160115.67,202800.0,42684.33,2026-10-05
C100020,INFY,INETJFF73JW2,54,1728.04,1600.0,93314.16,86400.0,-6914.16,2026-10-05
C100020,KOTAKBANK,INEETUDW98PM,140,1611.55,1750.0,225617.0,245000.0,19383.0,2026-10-05
C100020,MARUTI,INEGP9SJFHK1,2,12082.68,12000.0,24165.36,24000.0,-165.36,2026-10-05
C100020,NTPC,INE9EN4JHSZN,183,380.55,360.0,69640.65,65880.0,-3760.65,2026-10-05
C100020,RELIANCE,INE3SNEEV2P6,15,2799.25,2900.0,41988.75,43500.0,1511.25,2026-10-05
C100020,SBIN,INEZFWPSR6CF,1,826.0,800.0,826.0,800.0,-26.0,2026-10-05
C100020,SUNPHARMA,INE483ENNGVK,132,1336.58,1700.0,176428.56,224400.0,47971.44,2026-10-05
C100020,TATAMOTORS,INEDDETA5B03,302,801.65,950.0,242098.3,286900.0,44801.7,2026-10-05
C100021,AXISBANK,INEE5UMP3ASU,105,1126.1,1150.0,118240.5,120750.0,2509.5,2026-10-05
C100021,BHARTIARTL,INEF4PGB7KNX,126,1369.51,1400.0,172558.26,176400.0,3841.74,2026-10-05
C100021,MARUTI,INEGP9SJFHK1,19,8483.13,12000.0,161179.47,228000.0,66820.53,2026-10-05
C100021,ONGC,INEZV17T1V9X,845,194.08,270.0,163997.6,228150.0,64152.4,2026-10-05
C100021,TATAMOTORS,INEDDETA5B03,125,772.04,950.0,96505.0,118750.0,22245.0,2026-10-05
C100021,TCS,INE3HZRRQSH4,65,2983.74,3900.0,193943.1,253500.0,59556.9,2026-10-05
C100022,AXISBANK,INEE5UMP3ASU,165,1065.53,1150.0,175812.45,189750.0,13937.55,2026-10-05
C100022,BHARTIARTL,INEF4PGB7KNX,13,1367.67,1400.0,17779.71,18200.0,420.29,2026-10-05
C100022,HINDUNILVR,INE4U6T0TSSN,33,2597.92,2400.0,85731.36,79200.0,-6531.36,2026-10-05
C100022,ICICIBANK,INEVU9M5RPC2,81,1184.36,1200.0,95933.16,97200.0,1266.84,2026-10-05
C100022,LT,INEYDBWC2FT6,56,3615.59,3500.0,202473.04,196000.0,-6473.04,2026-10-05
C100022,MARUTI,INEGP9SJFHK1,7,12500.72,12000.0,87505.04,84000.0,-3505.04,2026-10-05
C100022,NTPC,INE9EN4JHSZN,468,363.94,360.0,170323.92,168480.0,-1843.92,2026-10-05
C100022,TATAMOTORS,INEDDETA5B03,70,666.31,950.0,46641.7,66500.0,19858.3,2026-10-05
C100022,TITAN,INE2SKMKJ3KT,75,3497.78,3300.0,262333.5,247500.0,-14833.5,2026-10-05
C100023,HDFCBANK,INEUFHC6XSMD,165,1274.05,1650.0,210218.25,272250.0,62031.75,2026-10-05
C100023,ITC,INEG1J5RPXRC,155,432.8,450.0,67084.0,69750.0,2666.0,2026-10-05
C100023,ONGC,INEZV17T1V9X,202,267.3,270.0,53994.6,54540.0,545.4,2026-10-05
C100023,TATAMOTORS,INEDDETA5B03,179,701.42,950.0,125554.18,170050.0,44495.82,2026-10-05
C100023,TCS,INE3HZRRQSH4,17,3739.2,3900.0,63566.4,66300.0,2733.6,2026-10-05
C100024,BHARTIARTL,INEF4PGB7KNX,169,1464.82,1400.0,247554.58,236600.0,-10954.58,2026-10-05
C100024,ITC,INEG1J5RPXRC,625,387.81,450.0,242381.25,281250.0,38868.75,2026-10-05
C100024,MARUTI,INEGP9SJFHK1,3,9845.23,12000.0,29535.69,36000.0,6464.31,2026-10-05
C100024,RELIANCE,INE3SNEEV2P6,88,2643.55,2900.0,232632.4,255200.0,22567.6,2026-10-05
C100024,TITAN,INE2SKMKJ3KT,44,3005.25,3300.0,132231.0,145200.0,12969.0,2026-10-05
C100024,WIPRO,INEAL1BEZ79D,166,420.26,480.0,69763.16,79680.0,9916.84,2026-10-05
C100025,ASIANPAINT,INE3SQPFQ5WH,55,2364.74,2900.0,130060.7,159500.0,29439.3,2026-10-05
C100025,HINDUNILVR,INE4U6T0TSSN,104,2549.45,2400.0,265142.8,249600.0,-15542.8,2026-10-05
C100025,ICICIBANK,INEVU9M5RPC2,58,1276.09,1200.0,74013.22,69600.0,-4413.22,2026-10-05
C100025,INFY,INETJFF73JW2,94,1189.55,1600.0,111817.7,150400.0,38582.3,2026-10-05
C100025,ITC,INEG1J5RPXRC,101,485.47,450.0,49032.47,45450.0,-3582.47,2026-10-05
C100025,KOTAKBANK,INEETUDW98PM,146,1281.99,1750.0,187170.54,255500.0,68329.46,2026-10-05
C100025,MARUTI,INEGP9SJFHK1,5,12391.05,12000.0,61955.25,60000.0,-1955.25,2026-10-05
C100025,NTPC,INE9EN4JHSZN,595,394.18,360.0,234537.1,214200.0,-20337.1,2026-10-05
C100025,TITAN,INE2SKMKJ3KT,16,3363.85,3300.0,53821.6,52800.0,-1021.6,2026-10-05
C100025,WIPRO,INEAL1BEZ79D,492,390.0,480.0,191880.0,236160.0,44280.0,2026-10-05
C100026,ASIANPAINT,INE3SQPFQ5WH,43,2226.33,2900.0,95732.19,124700.0,28967.81,2026-10-05
C100026,AXISBANK,INEE5UMP3ASU,26,1229.95,1150.0,31978.7,29900.0,-2078.7,2026-10-05
C100026,HDFCBANK,INEUFHC6XSMD,33,1667.14,1650.0,55015.62,54450.0,-565.62,2026-10-05
C100026,HINDUNILVR,INE4U6T0TSSN,24,2008.41,2400.0,48201.84,57600.0,9398.16,2026-10-05
C100026,KOTAKBANK,INEETUDW98PM,94,1375.21,1750.0,129269.74,164500.0,35230.26,2026-10-05
C100026,NTPC,INE9EN4JHSZN,513,261.06,360.0,133923.78,184680.0,50756.22,2026-10-05
C100026,RELIANCE,INE3SNEEV2P6,34,2786.16,2900.0,94729.44,98600.0,3870.56,2026-10-05
C100026,SUNPHARMA,INE483ENNGVK,41,1475.54,1700.0,60497.14,69700.0,9202.86,2026-10-05
C100026,TITAN,INE2SKMKJ3KT,22,2731.05,3300.0,60083.1,72600.0,12516.9,2026-10-05
C100027,AXISBANK,INEE5UMP3ASU,108,1081.49,1150.0,116800.92,124200.0,7399.08,2026-10-05
C100027,HINDUNILVR,INE4U6T0TSSN,8,2462.75,2400.0,19702.0,19200.0,-502.0,2026-10-05
C100027,ICICIBANK,INEVU9M5RPC2,56,1094.09,1200.0,61269.04,67200.0,5930.96,2026-10-05
C100027,INFY,INETJFF73JW2,125,1315.0,1600.0,164375.0,200000.0,35625.0,2026-10-05
C100027,ITC,INEG1J5RPXRC,35,463.9,450.0,16236.5,15750.0,-486.5,2026-10-05
C100027,MARUTI,INEGP9SJFHK1,9,11883.1,12000.0,106947.9,108000.0,1052.1,2026-10-05
C100027,RELIANCE,INE3SNEEV2P6,87,2760.57,2900.0,240169.59,252300.0,12130.41,2026-10-05
C100027,WIPRO,INEAL1BEZ79D,205,401.93,480.0,82395.65,98400.0,16004.35,2026-10-05
C100028,ASIANPAINT,INE3SQPFQ5WH,101,2657.67,2900.0,268424.67,292900.0,24475.33,2026-10-05
C100028,ICICIBANK,INEVU9M5RPC2,120,991.45,1200.0,118974.0,144000.0,25026.0,2026-10-05
C100028,INFY,INETJFF73JW2,13,1672.45,1600.0,21741.85,20800.0,-941.85,2026-10-05
C100028,ITC,INEG1J5RPXRC,11,467.6,450.0,5143.6,4950.0,-193.6,2026-10-05
C100028,NTPC,INE9EN4JHSZN,146,367.54,360.0,53660.84,52560.0,-1100.84,2026-10-05
C100028,SUNPHARMA,INE483ENNGVK,105,1570.41,1700.0,164893.05,178500.0,13606.95,2026-10-05
C100028,TITAN,INE2SKMKJ3KT,14,3193.41,3300.0,44707.74,46200.0,1492.26,2026-10-05
C100029,BHARTIARTL,INEF4PGB7KNX,125,1402.0,1400.0,175250.0,175000.0,-250.0,2026-10-05
C100029,ICICIBANK,INEVU9M5RPC2,44,944.23,1200.0,41546.12,52800.0,11253.88,2026-10-05
C100029,INFY,INETJFF73JW2,55,1628.55,1600.0,89570.25,88000.0,-1570.25,2026-10-05
C100029,ITC,INEG1J5RPXRC,232,465.51,450.0,107998.32,104400.0,-3598.32,2026-10-05
C100029,KOTAKBANK,INEETUDW98PM,11,1415.78,1750.0,15573.58,19250.0,3676.42,2026-10-05
C100029,NTPC,INE9EN4JHSZN,566,267.31,360.0,151297.46,203760.0,52462.54,2026-10-05
C100029,RELIANCE,INE3SNEEV2P6,90,2854.39,2900.0,256895.1,261000.0,4104.9,2026-10-05
C100029,SBIN,INEZFWPSR6CF,132,751.39,800.0,99183.48,105600.0,6416.52,2026-10-05
C100029,TCS,INE3HZRRQSH4,42,3790.77,3900.0,159212.34,163800.0,4587.66,2026-10-05
C100030,ASIANPAINT,INE3SQPFQ5WH,17,2893.05,2900.0,49181.85,49300.0,118.15,2026-10-05
C100030,BHARTIARTL,INEF4PGB7KNX,100,1477.12,1400.0,147712.0,140000.0,-7712.0,2026-10-05
C100030,HINDUNILVR,INE4U6T0TSSN,76,2048.11,2400.0,155656.36,182400.0,26743.64,2026-10-05
C100030,RELIANCE,INE3SNEEV2P6,1,3000.9,2900.0,3000.9,2900.0,-100.9,2026-10-05
C100030,TATAMOTORS,INEDDETA5B03,232,934.94,950.0,216906.08,220400.0,3493.92,2026-10-05
C100031,ASIANPAINT,INE3SQPFQ5WH,3,2951.0,2900.0,8853.0,8700.0,-153.0,2026-10-05
C100031,HINDUNILVR,INE4U6T0TSSN,64,2005.78,2400.0,128369.92,153600.0,25230.08,2026-10-05
C100031,ICICIBANK,INEVU9M5RPC2,165,884.97,1200.0,146020.05,198000.0,51979.95,2026-10-05
C100031,INFY,INETJFF73JW2,142,1695.67,1600.0,240785.14,227200.0,-13585.14,2026-10-05
C100031,ITC,INEG1J5RPXRC,380,378.83,450.0,143955.4,171000.0,27044.6,2026-10-05
C100031,LT,INEYDBWC2FT6,62,3706.59,3500.0,229808.58,217000.0,-12808.58,2026-10-05
C100031,MARUTI,INEGP9SJFHK1,3,11187.85,12000.0,33563.55,36000.0,2436.45,2026-10-05
C100031,ONGC,INEZV17T1V9X,447,224.71,270.0,100445.37,120690.0,20244.63,2026-10-05
C100031,SUNPHARMA,INE483ENNGVK,142,1564.43,1700.0,222149.06,241400.0,19250.94,2026-10-05
C100031,TCS,INE3HZRRQSH4,32,3238.61,3900.0,103635.52,124800.0,21164.48,2026-10-05
C100032,ASIANPAINT,INE3SQPFQ5WH,35,3178.28,2900.0,111239.8,101500.0,-9739.8,2026-10-05
C100032,AXISBANK,INEE5UMP3ASU,108,1049.4,1150.0,113335.2,124200.0,10864.8,2026-10-05
C100032,BHARTIARTL,INEF4PGB7KNX,5,1348.7,1400.0,6743.5,7000.0,256.5,2026-10-05
C100032,HINDUNILVR,INE4U6T0TSSN,51,2416.3,2400.0,123231.3,122400.0,-831.3,2026-10-05
C100032,ITC,INEG1J5RPXRC,424,329.65,450.0,139771.6,190800.0,51028.4,2026-10-05
C100032,KOTAKBANK,INEETUDW98PM,166,1471.96,1750.0,244345.36,290500.0,46154.64,2026-10-05
C100032,MARUTI,INEGP9SJFHK1,1,12648.0,12000.0,12648.0,12000.0,-648.0,2026-10-05
C100032,RELIANCE,INE3SNEEV2P6,33,2580.39,2900.0,85152.87,95700.0,10547.13,2026-10-05
C100032,SUNPHARMA,INE483ENNGVK,103,1339.87,1700.0,138006.61,175100.0,37093.39,2026-10-05
C100032,TITAN,INE2SKMKJ3KT,19,3368.2,3300.0,63995.8,62700.0,-1295.8,2026-10-05
C100033,BHARTIARTL,INEF4PGB7KNX,17,1394.1,1400.0,23699.7,23800.0,100.3,2026-10-05
C100033,KOTAKBANK,INEETUDW98PM,161,1358.53,1750.0,218723.33,281750.0,63026.67,2026-10-05
C100033,LT,INEYDBWC2FT6,55,2806.04,3500.0,154332.2,192500.0,38167.8,2026-10-05
C100033,MARUTI,INEGP9SJFHK1,5,12042.43,12000.0,60212.15,60000.0,-212.15,2026-10-05
C100033,RELIANCE,INE3SNEEV2P6,41,2623.64,2900.0,107569.24,118900.0,11330.76,2026-10-05
C100033,SBIN,INEZFWPSR6CF,338,719.77,800.0,243282.26,270400.0,27117.74,2026-10-05
C100033,TATAMOTORS,INEDDETA5B03,287,1025.72,950.0,294381.64,272650.0,-21731.64,2026-10-05
C100033,TCS,INE3HZRRQSH4,34,2918.5,3900.0,99229.0,132600.0,33371.0,2026-10-05
C100033,TITAN,INE2SKMKJ3KT,76,2598.94,3300.0,197519.44,250800.0,53280.56,2026-10-05
C100034,AXISBANK,INEE5UMP3ASU,104,1244.0,1150.0,129376.0,119600.0,-9776.0,2026-10-05
C100034,HINDUNILVR,INE4U6T0TSSN,29,2386.79,2400.0,69216.91,69600.0,383.09,2026-10-05
C100034,ICICIBANK,INEVU9M5RPC2,198,1270.38,1200.0,251535.24,237600.0,-13935.24,2026-10-05
C100034,INFY,INETJFF73JW2,70,1421.44,1600.0,99500.8,112000.0,12499.2,2026-10-05
C100034,MARUTI,INEGP9SJFHK1,10,11814.29,12000.0,118142.9,120000.0,1857.1,2026-10-05
C100034,RELIANCE,INE3SNEEV2P6,44,3021.25,2900.0,132935.0,127600.0,-5335.0,2026-10-05
C100034,SBIN,INEZFWPSR6CF,302,606.54,800.0,183175.08,241600.0,58424.92,2026-10-05
C100034,TITAN,INE2SKMKJ3KT,21,2603.47,3300.0,54672.87,69300.0,14627.13,2026-10-05
C100035,HDFCBANK,INEUFHC6XSMD,1,1623.87,1650.0,1623.87,1650.0,26.13,2026-10-05
C100035,HINDUNILVR,INE4U6T0TSSN,52,2287.12,2400.0,118930.24,124800.0,5869.76,2026-10-05
C100035,ICICIBANK,INEVU9M5RPC2,82,1144.55,1200.0,93853.1,98400.0,4546.9,2026-10-05
C100035,LT,INEYDBWC2FT6,42,3702.94,3500.0,155523.48,147000.0,-8523.48,2026-10-05
C100035,MARUTI,INEGP9SJFHK1,20,12288.03,12000.0,245760.6,240000.0,-5760.6,2026-10-05
C100035,RELIANCE,INE3SNEEV2P6,50,2185.46,2900.0,109273.0,145000.0,35727.0,2026-10-05
C100035,SUNPHARMA,INE483ENNGVK,156,1636.93,1700.0,255361.08,265200.0,9838.92,2026-10-05
C100035,TCS,INE3HZRRQSH4,72,3626.04,3900.0,261074.88,280800.0,19725.12,2026-10-05
C100035,WIPRO,INEAL1BEZ79D,353,441.98,480.0,156018.94,169440.0,13421.06,2026-10-05
C100036,AXISBANK,INEE5UMP3ASU,39,1088.83,1150.0,42464.37,44850.0,2385.63,2026-10-05
C100036,HDFCBANK,INEUFHC6XSMD,139,1627.27,1650.0,226190.53,229350.0,3159.47,2026-10-05
C100036,INFY,INETJFF73JW2,109,1417.11,1600.0,154464.99,174400.0,19935.01,2026-10-05
C100036,ITC,INEG1J5RPXRC,266,445.1,450.0,118396.6,119700.0,1303.4,2026-10-05
C100036,NTPC,INE9EN4JHSZN,551,295.05,360.0,162572.55,198360.0,35787.45,2026-10-05
C100036,TATAMOTORS,INEDDETA5B03,97,738.16,950.0,71601.52,92150.0,20548.48,2026-10-05
C100036,TITAN,INE2SKMKJ3KT,32,3022.86,3300.0,96731.52,105600.0,8868.48,2026-10-05
C100037,BHARTIARTL,INEF4PGB7KNX,121,1185.23,1400.0,143412.83,169400.0,25987.17,2026-10-05
C100037,HDFCBANK,INEUFHC6XSMD,1,1712.75,1650.0,1712.75,1650.0,-62.75,2026-10-05
C100037,ITC,INEG1J5RPXRC,70,448.99,450.0,31429.3,31500.0,70.7,2026-10-05
C100037,MARUTI,INEGP9SJFHK1,5,12838.71,12000.0,64193.55,60000.0,-4193.55,2026-10-05
C100037,TATAMOTORS,INEDDETA5B03,301,833.94,950.0,251015.94,285950.0,34934.06,2026-10-05
C100037,TITAN,INE2SKMKJ3KT,39,3490.71,3300.0,136137.69,128700.0,-7437.69,2026-10-05
C100038,ASIANPAINT,INE3SQPFQ5WH,41,2464.31,2900.0,101036.71,118900.0,17863.29,2026-10-05
C100038,BHARTIARTL,INEF4PGB7KNX,7,1464.66,1400.0,10252.62,9800.0,-452.62,2026-10-05
C100038,HDFCBANK,INEUFHC6XSMD,22,1652.75,1650.0,36360.5,36300.0,-60.5,2026-10-05
C100038,HINDUNILVR,INE4U6T0TSSN,26,2432.27,2400.0,63239.02,62400.0,-839.02,2026-10-05
C100038,INFY,INETJFF73JW2,40,1490.37,1600.0,59614.8,64000.0,4385.2,2026-10-05
C100038,ITC,INEG1J5RPXRC,142,410.22,450.0,58251.24,63900.0,5648.76,2026-10-05
C100038,KOTAKBANK,INEETUDW98PM,68,1841.82,1750.0,125243.76,119000.0,-6243.76,2026-10-05
C100038,MARUTI,INEGP9SJFHK1,3,12095.38,12000.0,36286.14,36000.0,-286.14,2026-10-05
C100038,ONGC,INEZV17T1V9X,535,268.49,270.0,143642.15,144450.0,807.85,2026-10-05
C100039,BHARTIARTL,INEF4PGB7KNX,27,1374.9,1400.0,37122.3,37800.0,677.7,2026-10-05
C100039,HDFCBANK,INEUFHC6XSMD,137,1775.39,1650.0,243228.43,226050.0,-17178.43,2026-10-05
C100039,HINDUNILVR,INE4U6T0TSSN,112,2143.03,2400.0,240019.36,268800.0,28780.64,2026-10-05
C100039,ICICIBANK,INEVU9M5RPC2,139,958.09,1200.0,133174.51,166800.0,33625.49,2026-10-05
C100039,ITC,INEG1J5RPXRC,495,363.83,450.0,180095.85,222750.0,42654.15,2026-10-05
C100039,NTPC,INE9EN4JHSZN,802,366.82,360.0,294189.64,288720.0,-5469.64,2026-10-05
C100039,TATAMOTORS,INEDDETA5B03,17,920.85,950.0,15654.45,16150.0,495.55,2026-10-05
C100040,ASIANPAINT,INE3SQPFQ5WH,7,2853.45,2900.0,19974.15,20300.0,325.85,2026-10-05
C100040,ICICIBANK,INEVU9M5RPC2,142,1035.18,1200.0,146995.56,170400.0,23404.44,2026-10-05
C100040,NTPC,INE9EN4JHSZN,617,308.06,360.0,190073.02,222120.0,32046.98,2026-10-05
C100040,SUNPHARMA,INE483ENNGVK,74,1560.51,1700.0,115477.74,125800.0,10322.26,2026-10-05
C100040,TATAMOTORS,INEDDETA5B03,6,991.7,950.0,5950.2,5700.0,-250.2,2026-10-05
C100041,HDFCBANK,INEUFHC6XSMD,6,1670.85,1650.0,10025.1,9900.0,-125.1,2026-10-05
C100041,ICICIBANK,INEVU9M5RPC2,8,1178.85,1200.0,9430.8,9600.0,169.2,2026-10-05
C100041,INFY,INETJFF73JW2,167,1127.47,1600.0,188287.49,267200.0,78912.51,2026-10-05
C100041,LT,INEYDBWC2FT6,72,3083.07,3500.0,221981.04,252000.0,30018.96,2026-10-05
C100041,MARUTI,INEGP9SJFHK1,5,10607.32,12000.0,53036.6,60000.0,6963.4,2026-10-05
C100041,TATAMOTORS,INEDDETA5B03,262,819.97,950.0,214832.14,248900.0,34067.86,2026-10-05
C100042,BHARTIARTL,INEF4PGB7KNX,150,1302.37,1400.0,195355.5,210000.0,14644.5,2026-10-05
C100042,KOTAKBANK,INEETUDW98PM,173,1791.79,1750.0,309979.67,302750.0,-7229.67,2026-10-05
C100042,RELIANCE,INE3SNEEV2P6,14,2896.14,2900.0,40545.96,40600.0,54.04,2026-10-05
C100042,SBIN,INEZFWPSR6CF,238,821.67,800.0,195557.46,190400.0,-5157.46,2026-10-05
C100042,WIPRO,INEAL1BEZ79D,253,521.06,480.0,131828.18,121440.0,-10388.18,2026-10-05
C100043,ASIANPAINT,INE3SQPFQ5WH,34,2958.82,2900.0,100599.88,98600.0,-1999.88,2026-10-05
C100043,HDFCBANK,INEUFHC6XSMD,81,1540.21,1650.0,124757.01,133650.0,8892.99,2026-10-05
C100043,HINDUNILVR,INE4U6T0TSSN,2,2402.4,2400.0,4804.8,4800.0,-4.8,2026-10-05
C100043,KOTAKBANK,INEETUDW98PM,111,1307.62,1750.0,145145.82,194250.0,49104.18,2026-10-05
C100043,SBIN,INEZFWPSR6CF,329,769.74,800.0,253244.46,263200.0,9955.54,2026-10-05
C100043,TCS,INE3HZRRQSH4,54,3797.05,3900.0,205040.7,210600.0,5559.3,2026-10-05
C100043,TITAN,INE2SKMKJ3KT,39,2999.0,3300.0,116961.0,128700.0,11739.0,2026-10-05
C100044,ASIANPAINT,INE3SQPFQ5WH,46,2734.75,2900.0,125798.5,133400.0,7601.5,2026-10-05
C100044,BHARTIARTL,INEF4PGB7KNX,7,1445.93,1400.0,10121.51,9800.0,-321.51,2026-10-05
C100044,HINDUNILVR,INE4U6T0TSSN,57,2465.05,2400.0,140507.85,136800.0,-3707.85,2026-10-05
C100044,ITC,INEG1J5RPXRC,11,448.9,450.0,4937.9,4950.0,12.1,2026-10-05
C100044,LT,INEYDBWC2FT6,31,2865.5,3500.0,88830.5,108500.0,19669.5,2026-10-05
C100044,MARUTI,INEGP9SJFHK1,24,10117.72,12000.0,242825.28,288000.0,45174.72,2026-10-05
C100044,NTPC,INE9EN4JHSZN,302,391.27,360.0,118163.54,108720.0,-9443.54,2026-10-05
C100044,RELIANCE,INE3SNEEV2P6,17,3001.07,2900.0,51018.19,49300.0,-1718.19,2026-10-05
C100044,SUNPHARMA,INE483ENNGVK,73,1803.39,1700.0,131647.47,124100.0,-7547.47,2026-10-05
C100044,TCS,INE3HZRRQSH4,13,3142.31,3900.0,40850.03,50700.0,9849.97,2026-10-05
C100044,TITAN,INE2SKMKJ3KT,14,3403.55,3300.0,47649.7,46200.0,-1449.7,2026-10-05
C100045,HDFCBANK,INEUFHC6XSMD,120,1741.87,1650.0,209024.4,198000.0,-11024.4,2026-10-05
C100045,HINDUNILVR,INE4U6T0TSSN,8,2411.15,2400.0,19289.2,19200.0,-89.2,2026-10-05
C100045,ICICIBANK,INEVU9M5RPC2,2,1197.25,1200.0,2394.5,2400.0,5.5,2026-10-05
C100045,INFY,INETJFF73JW2,183,1692.2,1600.0,309672.6,292800.0,-16872.6,2026-10-05
C100045,ITC,INEG1J5RPXRC,51,447.35,450.0,22814.85,22950.0,135.15,2026-10-05
C100045,MARUTI,INEGP9SJFHK1,5,11634.7,12000.0,58173.5,60000.0,1826.5,2026-10-05
C100045,NTPC,INE9EN4JHSZN,33,352.3,360.0,11625.9,11880.0,254.1,2026-10-05
C100045,RELIANCE,INE3SNEEV2P6,67,2826.57,2900.0,189380.19,194300.0,4919.81,2026-10-05
C100045,WIPRO,INEAL1BEZ79D,467,367.0,480.0,171389.0,224160.0,52771.0,2026-10-05
C100046,INFY,INETJFF73JW2,77,1552.67,1600.0,119555.59,123200.0,3644.41,2026-10-05
C100046,KOTAKBANK,INEETUDW98PM,169,1733.89,1750.0,293027.41,295750.0,2722.59,2026-10-05
C100046,NTPC,INE9EN4JHSZN,605,276.4,360.0,167222.0,217800.0,50578.0,2026-10-05
C100047,AXISBANK,INEE5UMP3ASU,188,1113.78,1150.0,209390.64,216200.0,6809.36,2026-10-05
C100047,ICICIBANK,INEVU9M5RPC2,242,993.5,1200.0,240427.0,290400.0,49973.0,2026-10-05
C100047,INFY,INETJFF73JW2,9,1655.9,1600.0,14903.1,14400.0,-503.1,2026-10-05
C100047,KOTAKBANK,INEETUDW98PM,109,1803.25,1750.0,196554.25,190750.0,-5804.25,2026-10-05
C100047,LT,INEYDBWC2FT6,49,2546.48,3500.0,124777.52,171500.0,46722.48,2026-10-05
C100047,ONGC,INEZV17T1V9X,259,236.93,270.0,61364.87,69930.0,8565.13,2026-10-05
C100047,RELIANCE,INE3SNEEV2P6,6,3024.65,2900.0,18147.9,17400.0,-747.9,2026-10-05
C100048,HDFCBANK,INEUFHC6XSMD,109,1502.93,1650.0,163819.37,179850.0,16030.63,2026-10-05
C100048,HINDUNILVR,INE4U6T0TSSN,70,2148.81,2400.0,150416.7,168000.0,17583.3,2026-10-05
C100048,ICICIBANK,INEVU9M5RPC2,21,1166.2,1200.0,24490.2,25200.0,709.8,2026-10-05
C100048,INFY,INETJFF73JW2,48,1361.68,1600.0,65360.64,76800.0,11439.36,2026-10-05
C100048,KOTAKBANK,INEETUDW98PM,128,1285.73,1750.0,164573.44,224000.0,59426.56,2026-10-05
C100048,MARUTI,INEGP9SJFHK1,23,8664.49,12000.0,199283.27,276000.0,76716.73,2026-10-05
C100048,RELIANCE,INE3SNEEV2P6,12,2883.15,2900.0,34597.8,34800.0,202.2,2026-10-05
C100048,SBIN,INEZFWPSR6CF,228,731.51,800.0,166784.28,182400.0,15615.72,2026-10-05
C100048,TATAMOTORS,INEDDETA5B03,5,940.26,950.0,4701.3,4750.0,48.7,2026-10-05
C100048,TITAN,INE2SKMKJ3KT,41,2859.73,3300.0,117248.93,135300.0,18051.07,2026-10-05
C100048,WIPRO,INEAL1BEZ79D,354,346.41,480.0,122629.14,169920.0,47290.86,2026-10-05
C100049,ASIANPAINT,INE3SQPFQ5WH,58,2849.19,2900.0,165253.02,168200.0,2946.98,2026-10-05
C100049,BHARTIARTL,INEF4PGB7KNX,20,1425.5,1400.0,28510.0,28000.0,-510.0,2026-10-05
C100049,MARUTI,INEGP9SJFHK1,7,11809.0,12000.0,82663.0,84000.0,1337.0,2026-10-05
C100049,RELIANCE,INE3SNEEV2P6,72,2253.27,2900.0,162235.44,208800.0,46564.56,2026-10-05
C100049,TATAMOTORS,INEDDETA5B03,61,783.95,950.0,47820.95,57950.0,10129.05,2026-10-05
C100049,TITAN,INE2SKMKJ3KT,47,2790.26,3300.0,131142.22,155100.0,23957.78,2026-10-05
C100049,WIPRO,INEAL1BEZ79D,254,425.16,480.0,107990.64,121920.0,13929.36,2026-10-05
C100050,ASIANPAINT,INE3SQPFQ5WH,12,2795.8,2900.0,33549.6,34800.0,1250.4,2026-10-05
C100050,BHARTIARTL,INEF4PGB7KNX,6,1459.0,1400.0,8754.0,8400.0,-354.0,2026-10-05
C100050,HINDUNILVR,INE4U6T0TSSN,13,2323.25,2400.0,30202.25,31200.0,997.75,2026-10-05
C100050,LT,INEYDBWC2FT6,39,2498.42,3500.0,97438.38,136500.0,39061.62,2026-10-05
C100050,NTPC,INE9EN4JHSZN,505,279.1,360.0,140945.5,181800.0,40854.5,2026-10-05
C100050,ONGC,INEZV17T1V9X,102,275.4,270.0,28090.8,27540.0,-550.8,2026-10-05
C100050,RELIANCE,INE3SNEEV2P6,72,2944.76,2900.0,212022.72,208800.0,-3222.72,2026-10-05
C100051,ASIANPAINT,INE3SQPFQ5WH,84,2039.49,2900.0,171317.16,243600.0,72282.84,2026-10-05
C100051,AXISBANK,INEE5UMP3ASU,157,1147.91,1150.0,180221.87,180550.0,328.13,2026-10-05
C100051,HDFCBANK,INEUFHC6XSMD,4,1669.6,1650.0,6678.4,6600.0,-78.4,2026-10-05
C100051,ICICIBANK,INEVU9M5RPC2,218,1237.1,1200.0,269687.8,261600.0,-8087.8,2026-10-05
C100051,ITC,INEG1J5RPXRC,49,446.96,450.0,21901.04,22050.0,148.96,2026-10-05
C100051,KOTAKBANK,INEETUDW98PM,112,1490.65,1750.0,166952.8,196000.0,29047.2,2026-10-05
C100051,SUNPHARMA,INE483ENNGVK,171,1714.1,1700.0,293111.1,290700.0,-2411.1,2026-10-05
C100051,TATAMOTORS,INEDDETA5B03,186,767.09,950.0,142678.74,176700.0,34021.26,2026-10-05
C100051,TCS,INE3HZRRQSH4,52,3968.41,3900.0,206357.32,202800.0,-3557.32,2026-10-05
C100052,ASIANPAINT,INE3SQPFQ5WH,71,2197.32,2900.0,156009.72,205900.0,49890.28,2026-10-05
C100052,HDFCBANK,INEUFHC6XSMD,1,1593.03,1650.0,1593.03,1650.0,56.97,2026-10-05
C100052,HINDUNILVR,INE4U6T0TSSN,43,2502.81,2400.0,107620.83,103200.0,-4420.83,2026-10-05
C100052,ICICIBANK,INEVU9M5RPC2,87,1203.6,1200.0,104713.2,104400.0,-313.2,2026-10-05
C100052,INFY,INETJFF73JW2,121,1293.93,1600.0,156565.53,193600.0,37034.47,2026-10-05
C100052,ITC,INEG1J5RPXRC,86,458.6,450.0,39439.6,38700.0,-739.6,2026-10-05
C100052,NTPC,INE9EN4JHSZN,90,340.4,360.0,30636.0,32400.0,1764.0,2026-10-05
C100052,RELIANCE,INE3SNEEV2P6,10,2807.15,2900.0,28071.5,29000.0,928.5,2026-10-05
C100052,SUNPHARMA,INE483ENNGVK,28,1213.61,1700.0,33981.08,47600.0,13618.92,2026-10-05
C100052,TITAN,INE2SKMKJ3KT,75,2525.46,3300.0,189409.5,247500.0,58090.5,2026-10-05
C100052,WIPRO,INEAL1BEZ79D,159,354.53,480.0,56370.27,76320.0,19949.73,2026-10-05
C100053,HDFCBANK,INEUFHC6XSMD,181,1191.57,1650.0,215674.17,298650.0,82975.83,2026-10-05
C100053,HINDUNILVR,INE4U6T0TSSN,65,2209.05,2400.0,143588.25,156000.0,12411.75,2026-10-05
C100053,MARUTI,INEGP9SJFHK1,1,12740.8,12000.0,12740.8,12000.0,-740.8,2026-10-05
C100053,RELIANCE,INE3SNEEV2P6,61,2150.31,2900.0,131168.91,176900.0,45731.09,2026-10-05
C100053,TCS,INE3HZRRQSH4,18,3965.15,3900.0,71372.7,70200.0,-1172.7,2026-10-05
C100053,TITAN,INE2SKMKJ3KT,30,2494.7,3300.0,74841.0,99000.0,24159.0,2026-10-05
C100054,HINDUNILVR,INE4U6T0TSSN,14,2544.18,2400.0,35618.52,33600.0,-2018.52,2026-10-05
C100054,ICICIBANK,INEVU9M5RPC2,150,954.56,1200.0,143184.0,180000.0,36816.0,2026-10-05
C100054,MARUTI,INEGP9SJFHK1,3,11892.23,12000.0,35676.69,36000.0,323.31,2026-10-05
C100054,SBIN,INEZFWPSR6CF,253,702.95,800.0,177846.35,202400.0,24553.65,2026-10-05
C100054,TITAN,INE2SKMKJ3KT,30,3270.9,3300.0,98127.0,99000.0,873.0,2026-10-05
C100055,ASIANPAINT,INE3SQPFQ5WH,30,2979.2,2900.0,89376.0,87000.0,-2376.0,2026-10-05
C100055,HDFCBANK,INEUFHC6XSMD,58,1618.17,1650.0,93853.86,95700.0,1846.14,2026-10-05
C100055,HINDUNILVR,INE4U6T0TSSN,78,2153.05,2400.0,167937.9,187200.0,19262.1,2026-10-05
C100055,KOTAKBANK,INEETUDW98PM,149,1276.55,1750.0,190205.95,260750.0,70544.05,2026-10-05
C100055,MARUTI,INEGP9SJFHK1,1,12067.95,12000.0,12067.95,12000.0,-67.95,2026-10-05
C100055,RELIANCE,INE3SNEEV2P6,31,2912.95,2900.0,90301.45,89900.0,-401.45,2026-10-05
C100055,TATAMOTORS,INEDDETA5B03,2,982.05,950.0,1964.1,1900.0,-64.1,2026-10-05
C100055,TCS,INE3HZRRQSH4,30,3731.15,3900.0,111934.5,117000.0,5065.5,2026-10-05
C100055,TITAN,INE2SKMKJ3KT,21,3333.2,3300.0,69997.2,69300.0,-697.2,2026-10-05
C100056,AXISBANK,INEE5UMP3ASU,97,1040.48,1150.0,100926.56,111550.0,10623.44,2026-10-05
C100056,BHARTIARTL,INEF4PGB7KNX,61,1337.4,1400.0,81581.4,85400.0,3818.6,2026-10-05
C100056,HINDUNILVR,INE4U6T0TSSN,105,2049.06,2400.0,215151.3,252000.0,36848.7,2026-10-05
C100056,ICICIBANK,INEVU9M5RPC2,12,1182.55,1200.0,14190.6,14400.0,209.4,2026-10-05
C100056,ITC,INEG1J5RPXRC,85,435.25,450.0,36996.25,38250.0,1253.75,2026-10-05
C100056,LT,INEYDBWC2FT6,17,3480.02,3500.0,59160.34,59500.0,339.66,2026-10-05
C100056,ONGC,INEZV17T1V9X,857,243.47,270.0,208653.79,231390.0,22736.21,2026-10-05
C100056,RELIANCE,INE3SNEEV2P6,2,2818.85,2900.0,5637.7,5800.0,162.3,2026-10-05
C100056,SBIN,INEZFWPSR6CF,191,837.61,800.0,159983.51,152800.0,-7183.51,2026-10-05
C100056,TITAN,INE2SKMKJ3KT,40,3301.1,3300.0,132044.0,132000.0,-44.0,2026-10-05
C100056,WIPRO,INEAL1BEZ79D,461,448.68,480.0,206841.48,221280.0,14438.52,2026-10-05
C100057,AXISBANK,INEE5UMP3ASU,149,1050.18,1150.0,156476.82,171350.0,14873.18,2026-10-05
C100057,INFY,INETJFF73JW2,49,1382.08,1600.0,67721.92,78400.0,10678.08,2026-10-05
C100057,KOTAKBANK,INEETUDW98PM,33,1735.1,1750.0,57258.3,57750.0,491.7,2026-10-05
C100057,TATAMOTORS,INEDDETA5B03,36,937.7,950.0,33757.2,34200.0,442.8,2026-10-05
C100058,BHARTIARTL,INEF4PGB7KNX,14,1383.28,1400.0,19365.92,19600.0,234.08,2026-10-05
C100058,HINDUNILVR,INE4U6T0TSSN,52,2525.4,2400.0,131320.8,124800.0,-6520.8,2026-10-05
C100058,ICICIBANK,INEVU9M5RPC2,216,1002.2,1200.0,216475.2,259200.0,42724.8,2026-10-05
C100058,ITC,INEG1J5RPXRC,12,459.95,450.0,5519.4,5400.0,-119.4,2026-10-05
C100058,KOTAKBANK,INEETUDW98PM,3,1793.45,1750.0,5380.35,5250.0,-130.35,2026-10-05
C100058,LT,INEYDBWC2FT6,68,3017.32,3500.0,205177.76,238000.0,32822.24,2026-10-05
C100058,MARUTI,INEGP9SJFHK1,16,13107.89,12000.0,209726.24,192000.0,-17726.24,2026-10-05
C100058,RELIANCE,INE3SNEEV2P6,13,2859.47,2900.0,37173.11,37700.0,526.89,2026-10-05
C100059,AXISBANK,INEE5UMP3ASU,119,1137.1,1150.0,135314.9,136850.0,1535.1,2026-10-05
C100059,HDFCBANK,INEUFHC6XSMD,19,1670.61,1650.0,31741.59,31350.0,-391.59,2026-10-05
C100059,HINDUNILVR,INE4U6T0TSSN,26,2355.85,2400.0,61252.1,62400.0,1147.9,2026-10-05
C100059,INFY,INETJFF73JW2,6,1548.5,1600.0,9291.0,9600.0,309.0,2026-10-05
C100059,KOTAKBANK,INEETUDW98PM,106,1639.98,1750.0,173837.88,185500.0,11662.12,2026-10-05
C100059,MARUTI,INEGP9SJFHK1,10,10936.85,12000.0,109368.5,120000.0,10631.5,2026-10-05
C100059,TATAMOTORS,INEDDETA5B03,74,964.56,950.0,71377.44,70300.0,-1077.44,2026-10-05
C100060,AXISBANK,INEE5UMP3ASU,48,1134.05,1150.0,54434.4,55200.0,765.6,2026-10-05
C100060,BHARTIARTL,INEF4PGB7KNX,213,1089.22,1400.0,232003.86,298200.0,66196.14,2026-10-05
C100060,HDFCBANK,INEUFHC6XSMD,38,1397.13,1650.0,53090.94,62700.0,9609.06,2026-10-05
C100060,KOTAKBANK,INEETUDW98PM,131,1810.49,1750.0,237174.19,229250.0,-7924.19,2026-10-05
C100060,MARUTI,INEGP9SJFHK1,10,11801.61,12000.0,118016.1,120000.0,1983.9,2026-10-05
C100060,ONGC,INEZV17T1V9X,911,243.38,270.0,221719.18,245970.0,24250.82,2026-10-05
C100060,RELIANCE,INE3SNEEV2P6,87,2053.44,2900.0,178649.28,252300.0,73650.72,2026-10-05
C100060,TATAMOTORS,INEDDETA5B03,235,988.54,950.0,232306.9,223250.0,-9056.9,2026-10-05
C100061,AXISBANK,INEE5UMP3ASU,4,1153.0,1150.0,4612.0,4600.0,-12.0,2026-10-05
C100061,HINDUNILVR,INE4U6T0TSSN,23,2313.92,2400.0,53220.16,55200.0,1979.84,2026-10-05
C100061,INFY,INETJFF73JW2,40,1724.48,1600.0,68979.2,64000.0,-4979.2,2026-10-05
C100061,LT,INEYDBWC2FT6,38,3216.08,3500.0,122211.04,133000.0,10788.96,2026-10-05
C100061,NTPC,INE9EN4JHSZN,413,378.8,360.0,156444.4,148680.0,-7764.4,2026-10-05
C100061,ONGC,INEZV17T1V9X,596,281.13,270.0,167553.48,160920.0,-6633.48,2026-10-05
C100061,RELIANCE,INE3SNEEV2P6,1,2785.45,2900.0,2785.45,2900.0,114.55,2026-10-05
C100061,TATAMOTORS,INEDDETA5B03,138,844.88,950.0,116593.44,131100.0,14506.56,2026-10-05
C100061,TCS,INE3HZRRQSH4,62,3245.85,3900.0,201242.7,241800.0,40557.3,2026-10-05
C100062,AXISBANK,INEE5UMP3ASU,49,1138.8,1150.0,55801.2,56350.0,548.8,2026-10-05
C100062,HINDUNILVR,INE4U6T0TSSN,45,2014.06,2400.0,90632.7,108000.0,17367.3,2026-10-05
C100062,INFY,INETJFF73JW2,114,1732.45,1600.0,197499.3,182400.0,-15099.3,2026-10-05
C100062,ITC,INEG1J5RPXRC,10,446.75,450.0,4467.5,4500.0,32.5,2026-10-05
C100062,NTPC,INE9EN4JHSZN,469,254.21,360.0,119224.49,168840.0,49615.51,2026-10-05
C100062,ONGC,INEZV17T1V9X,1021,252.58,270.0,257884.18,275670.0,17785.82,2026-10-05
C100062,TATAMOTORS,INEDDETA5B03,77,888.0,950.0,68376.0,73150.0,4774.0,2026-10-05
C100062,TITAN,INE2SKMKJ3KT,35,3069.48,3300.0,107431.8,115500.0,8068.2,2026-10-05
C100063,AXISBANK,INEE5UMP3ASU,91,849.53,1150.0,77307.23,104650.0,27342.77,2026-10-05
C100063,ITC,INEG1J5RPXRC,133,450.9,450.0,59969.7,59850.0,-119.7,2026-10-05
C100063,KOTAKBANK,INEETUDW98PM,147,1733.84,1750.0,254874.48,257250.0,2375.52,2026-10-05
C100063,RELIANCE,INE3SNEEV2P6,5,2917.8,2900.0,14589.0,14500.0,-89.0,2026-10-05
C100063,SBIN,INEZFWPSR6CF,98,732.11,800.0,71746.78,78400.0,6653.22,2026-10-05
C100063,TATAMOTORS,INEDDETA5B03,61,917.65,950.0,55976.65,57950.0,1973.35,2026-10-05
C100064,AXISBANK,INEE5UMP3ASU,233,1261.96,1150.0,294036.68,267950.0,-26086.68,2026-10-05
C100064,INFY,INETJFF73JW2,220,1568.74,1600.0,345122.8,352000.0,6877.2,2026-10-05
C100064,ITC,INEG1J5RPXRC,336,461.25,450.0,154980.0,151200.0,-3780.0,2026-10-05
C100064,MARUTI,INEGP9SJFHK1,15,11461.24,12000.0,171918.6,180000.0,8081.4,2026-10-05
C100064,RELIANCE,INE3SNEEV2P6,90,3057.64,2900.0,275187.6,261000.0,-14187.6,2026-10-05
C100064,SUNPHARMA,INE483ENNGVK,9,1677.4,1700.0,15096.6,15300.0,203.4,2026-10-05
C100064,TATAMOTORS,INEDDETA5B03,118,733.83,950.0,86591.94,112100.0,25508.06,2026-10-05
C100065,AXISBANK,INEE5UMP3ASU,104,1031.87,1150.0,107314.48,119600.0,12285.52,2026-10-05
C100065,HINDUNILVR,INE4U6T0TSSN,65,2076.88,2400.0,134997.2,156000.0,21002.8,2026-10-05
C100065,ICICIBANK,INEVU9M5RPC2,182,1178.66,1200.0,214516.12,218400.0,3883.88,2026-10-05
C100065,KOTAKBANK,INEETUDW98PM,12,1687.5,1750.0,20250.0,21000.0,750.0,2026-10-05
C100065,SUNPHARMA,INE483ENNGVK,61,1782.1,1700.0,108708.1,103700.0,-5008.1,2026-10-05
C100066,HINDUNILVR,INE4U6T0TSSN,54,2498.3,2400.0,134908.2,129600.0,-5308.2,2026-10-05
C100066,ICICIBANK,INEVU9M5RPC2,101,1219.43,1200.0,123162.43,121200.0,-1962.43,2026-10-05
C100066,ITC,INEG1J5RPXRC,110,455.4,450.0,50094.0,49500.0,-594.0,2026-10-05
C100066,RELIANCE,INE3SNEEV2P6,59,2274.38,2900.0,134188.42,171100.0,36911.58,2026-10-05
C100066,SBIN,INEZFWPSR6CF,177,599.3,800.0,106076.1,141600.0,35523.9,2026-10-05
C100067,HDFCBANK,INEUFHC6XSMD,7,1587.7,1650.0,11113.9,11550.0,436.1,2026-10-05
C100067,HINDUNILVR,INE4U6T0TSSN,97,2531.57,2400.0,245562.29,232800.0,-12762.29,2026-10-05
C100067,ITC,INEG1J5RPXRC,85,421.96,450.0,35866.6,38250.0,2383.4,2026-10-05
C100067,MARUTI,INEGP9SJFHK1,13,10954.35,12000.0,142406.55,156000.0,13593.45,2026-10-05
C100067,NTPC,INE9EN4JHSZN,40,359.65,360.0,14386.0,14400.0,14.0,2026-10-05
C100067,TATAMOTORS,INEDDETA5B03,61,960.96,950.0,58618.56,57950.0,-668.56,2026-10-05
C100067,WIPRO,INEAL1BEZ79D,473,458.43,480.0,216837.39,227040.0,10202.61,2026-10-05
C100068,AXISBANK,INEE5UMP3ASU,185,827.05,1150.0,153004.25,212750.0,59745.75,2026-10-05
C100068,BHARTIARTL,INEF4PGB7KNX,51,1457.48,1400.0,74331.48,71400.0,-2931.48,2026-10-05
C100068,HINDUNILVR,INE4U6T0TSSN,72,2382.65,2400.0,171550.8,172800.0,1249.2,2026-10-05
C100068,INFY,INETJFF73JW2,4,1599.74,1600.0,6398.96,6400.0,1.04,2026-10-05
C100068,ITC,INEG1J5RPXRC,144,385.86,450.0,55563.84,64800.0,9236.16,2026-10-05
C100068,LT,INEYDBWC2FT6,51,2622.46,3500.0,133745.46,178500.0,44754.54,2026-10-05
C100068,NTPC,INE9EN4JHSZN,613,353.58,360.0,216744.54,220680.0,3935.46,2026-10-05
C100068,SBIN,INEZFWPSR6CF,329,564.11,800.0,185592.19,263200.0,77607.81,2026-10-05
C100068,TATAMOTORS,INEDDETA5B03,250,971.09,950.0,242772.5,237500.0,-5272.5,2026-10-05
C100068,TCS,INE3HZRRQSH4,31,2741.12,3900.0,84974.72,120900.0,35925.28,2026-10-05
C100068,TITAN,INE2SKMKJ3KT,39,3147.43,3300.0,122749.77,128700.0,5950.23,2026-10-05
C100069,BHARTIARTL,INEF4PGB7KNX,38,1003.14,1400.0,38119.32,53200.0,15080.68,2026-10-05
C100069,HINDUNILVR,INE4U6T0TSSN,6,2387.13,2400.0,14322.78,14400.0,77.22,2026-10-05
C100069,INFY,INETJFF73JW2,34,1341.42,1600.0,45608.28,54400.0,8791.72,2026-10-05
C100069,KOTAKBANK,INEETUDW98PM,57,1527.19,1750.0,87049.83,99750.0,12700.17,2026-10-05
C100069,MARUTI,INEGP9SJFHK1,12,11854.61,12000.0,142255.32,144000.0,1744.68,2026-10-05
C100069,SBIN,INEZFWPSR6CF,276,774.62,800.0,213795.12,220800.0,7004.88,2026-10-05
C100070,BHARTIARTL,INEF4PGB7KNX,101,1003.92,1400.0,101395.92,141400.0,40004.08,2026-10-05
C100070,HINDUNILVR,INE4U6T0TSSN,83,2434.53,2400.0,202065.99,199200.0,-2865.99,2026-10-05
C100070,ICICIBANK,INEVU9M5RPC2,78,1127.33,1200.0,87931.74,93600.0,5668.26,2026-10-05
C100070,ITC,INEG1J5RPXRC,827,473.23,450.0,391361.21,372150.0,-19211.21,2026-10-05
C100070,MARUTI,INEGP9SJFHK1,8,9457.36,12000.0,75658.88,96000.0,20341.12,2026-10-05
C100070,SBIN,INEZFWPSR6CF,114,711.77,800.0,81141.78,91200.0,10058.22,2026-10-05
C100070,TATAMOTORS,INEDDETA5B03,106,827.81,950.0,87747.86,100700.0,12952.14,2026-10-05
C100070,TITAN,INE2SKMKJ3KT,30,3087.55,3300.0,92626.5,99000.0,6373.5,2026-10-05
C100071,HINDUNILVR,INE4U6T0TSSN,97,2583.77,2400.0,250625.69,232800.0,-17825.69,2026-10-05
C100071,LT,INEYDBWC2FT6,38,3815.51,3500.0,144989.38,133000.0,-11989.38,2026-10-05
C100071,NTPC,INE9EN4JHSZN,192,288.97,360.0,55482.24,69120.0,13637.76,2026-10-05
C100071,SBIN,INEZFWPSR6CF,84,588.34,800.0,49420.56,67200.0,17779.44,2026-10-05
C100071,TITAN,INE2SKMKJ3KT,38,2744.12,3300.0,104276.56,125400.0,21123.44,2026-10-05
C100072,ASIANPAINT,INE3SQPFQ5WH,86,2357.24,2900.0,202722.64,249400.0,46677.36,2026-10-05
C100072,HDFCBANK,INEUFHC6XSMD,56,1813.41,1650.0,101550.96,92400.0,-9150.96,2026-10-05
C100072,ITC,INEG1J5RPXRC,68,456.75,450.0,31059.0,30600.0,-459.0,2026-10-05
C100072,NTPC,INE9EN4JHSZN,6,337.45,360.0,2024.7,2160.0,135.3,2026-10-05
C100072,ONGC,INEZV17T1V9X,1078,226.16,270.0,243800.48,291060.0,47259.52,2026-10-05
C100073,ASIANPAINT,INE3SQPFQ5WH,97,3106.43,2900.0,301323.71,281300.0,-20023.71,2026-10-05
C100073,HDFCBANK,INEUFHC6XSMD,92,1541.68,1650.0,141834.56,151800.0,9965.44,2026-10-05
C100073,INFY,INETJFF73JW2,17,1643.15,1600.0,27933.55,27200.0,-733.55,2026-10-05
C100073,MARUTI,INEGP9SJFHK1,3,11877.52,12000.0,35632.56,36000.0,367.44,2026-10-05
C100073,RELIANCE,INE3SNEEV2P6,6,2080.49,2900.0,12482.94,17400.0,4917.06,2026-10-05
C100073,TATAMOTORS,INEDDETA5B03,285,930.05,950.0,265064.25,270750.0,5685.75,2026-10-05
C100073,TCS,INE3HZRRQSH4,5,3798.5,3900.0,18992.5,19500.0,507.5,2026-10-05
C100074,ICICIBANK,INEVU9M5RPC2,97,897.03,1200.0,87011.91,116400.0,29388.09,2026-10-05
C100074,NTPC,INE9EN4JHSZN,104,343.45,360.0,35718.8,37440.0,1721.2,2026-10-05
C100074,RELIANCE,INE3SNEEV2P6,2,2840.6,2900.0,5681.2,5800.0,118.8,2026-10-05
C100074,SBIN,INEZFWPSR6CF,388,723.39,800.0,280675.32,310400.0,29724.68,2026-10-05
C100074,TCS,INE3HZRRQSH4,45,3693.67,3900.0,166215.15,175500.0,9284.85,2026-10-05
C100075,AXISBANK,INEE5UMP3ASU,56,1136.32,1150.0,63633.92,64400.0,766.08,2026-10-05
C100075,HDFCBANK,INEUFHC6XSMD,29,1694.3,1650.0,49134.7,47850.0,-1284.7,2026-10-05
C100075,HINDUNILVR,INE4U6T0TSSN,2,2408.4,2400.0,4816.8,4800.0,-16.8,2026-10-05
C100075,INFY,INETJFF73JW2,99,1204.14,1600.0,119209.86,158400.0,39190.14,2026-10-05
C100075,ITC,INEG1J5RPXRC,24,460.75,450.0,11058.0,10800.0,-258.0,2026-10-05
C100075,KOTAKBANK,INEETUDW98PM,8,1754.69,1750.0,14037.52,14000.0,-37.52,2026-10-05
C100075,NTPC,INE9EN4JHSZN,351,352.27,360.0,123646.77,126360.0,2713.23,2026-10-05
C100075,ONGC,INEZV17T1V9X,279,272.65,270.0,76069.35,75330.0,-739.35,2026-10-05
C100075,RELIANCE,INE3SNEEV2P6,17,2059.7,2900.0,35014.9,49300.0,14285.1,2026-10-05
C100075,TATAMOTORS,INEDDETA5B03,15,797.53,950.0,11962.95,14250.0,2287.05,2026-10-05
C100075,TCS,INE3HZRRQSH4,73,2927.88,3900.0,213735.24,284700.0,70964.76,2026-10-05
C100076,AXISBANK,INEE5UMP3ASU,242,1129.81,1150.0,273414.02,278300.0,4885.98,2026-10-05
C100076,BHARTIARTL,INEF4PGB7KNX,175,1206.38,1400.0,211116.5,245000.0,33883.5,2026-10-05
C100076,HINDUNILVR,INE4U6T0TSSN,61,2331.15,2400.0,142200.15,146400.0,4199.85,2026-10-05
C100076,ITC,INEG1J5RPXRC,38,451.43,450.0,17154.34,17100.0,-54.34,2026-10-05
C100076,KOTAKBANK,INEETUDW98PM,145,1647.37,1750.0,238868.65,253750.0,14881.35,2026-10-05
C100076,LT,INEYDBWC2FT6,75,2778.87,3500.0,208415.25,262500.0,54084.75,2026-10-05
C100076,MARUTI,INEGP9SJFHK1,10,10754.38,12000.0,107543.8,120000.0,12456.2,2026-10-05
C100076,NTPC,INE9EN4JHSZN,336,373.04,360.0,125341.44,120960.0,-4381.44,2026-10-05
C100076,ONGC,INEZV17T1V9X,320,274.11,270.0,87715.2,86400.0,-1315.2,2026-10-05
C100076,TATAMOTORS,INEDDETA5B03,9,951.95,950.0,8567.55,8550.0,-17.55,2026-10-05
C100077,HDFCBANK,INEUFHC6XSMD,77,1760.42,1650.0,135552.34,127050.0,-8502.34,2026-10-05
C100077,ONGC,INEZV17T1V9X,653,284.07,270.0,185497.71,176310.0,-9187.71,2026-10-05
C100077,RELIANCE,INE3SNEEV2P6,39,2278.07,2900.0,88844.73,113100.0,24255.27,2026-10-05
C100078,BHARTIARTL,INEF4PGB7KNX,123,991.42,1400.0,121944.66,172200.0,50255.34,2026-10-05
C100078,ITC,INEG1J5RPXRC,79,428.45,450.0,33847.55,35550.0,1702.45,2026-10-05
C100078,NTPC,INE9EN4JHSZN,143,259.68,360.0,37134.24,51480.0,14345.76,2026-10-05
C100078,RELIANCE,INE3SNEEV2P6,2,2888.4,2900.0,5776.8,5800.0,23.2,2026-10-05
C100078,TATAMOTORS,INEDDETA5B03,222,853.07,950.0,189381.54,210900.0,21518.46,2026-10-05
C100078,TCS,INE3HZRRQSH4,31,3893.06,3900.0,120684.86,120900.0,215.14,2026-10-05
C100078,WIPRO,INEAL1BEZ79D,541,524.64,480.0,283830.24,259680.0,-24150.24,2026-10-05
C100079,ASIANPAINT,INE3SQPFQ5WH,48,3018.53,2900.0,144889.44,139200.0,-5689.44,2026-10-05
C100079,HINDUNILVR,INE4U6T0TSSN,1,2378.4,2400.0,2378.4,2400.0,21.6,2026-10-05
C100079,KOTAKBANK,INEETUDW98PM,74,1478.34,1750.0,109397.16,129500.0,20102.84,2026-10-05
C100079,LT,INEYDBWC2FT6,15,3666.22,3500.0,54993.3,52500.0,-2493.3,2026-10-05
C100079,NTPC,INE9EN4JHSZN,207,342.75,360.0,70949.25,74520.0,3570.75,2026-10-05
C100079,RELIANCE,INE3SNEEV2P6,84,2207.06,2900.0,185393.04,243600.0,58206.96,2026-10-05
C100079,SBIN,INEZFWPSR6CF,75,769.31,800.0,57698.25,60000.0,2301.75,2026-10-05
C100079,TATAMOTORS,INEDDETA5B03,246,1003.04,950.0,246747.84,233700.0,-13047.84,2026-10-05
C100080,BHARTIARTL,INEF4PGB7KNX,9,1393.91,1400.0,12545.19,12600.0,54.81,2026-10-05
C100080,HDFCBANK,INEUFHC6XSMD,24,1608.53,1650.0,38604.72,39600.0,995.28,2026-10-05
C100080,NTPC,INE9EN4JHSZN,491,377.81,360.0,185504.71,176760.0,-8744.71,2026-10-05
C100080,RELIANCE,INE3SNEEV2P6,39,2046.5,2900.0,79813.5,113100.0,33286.5,2026-10-05
C100080,TATAMOTORS,INEDDETA5B03,305,865.64,950.0,264020.2,289750.0,25729.8,2026-10-05
C100080,TCS,INE3HZRRQSH4,53,3593.56,3900.0,190458.68,206700.0,16241.32,2026-10-05
C100081,HINDUNILVR,INE4U6T0TSSN,1,2417.95,2400.0,2417.95,2400.0,-17.95,2026-10-05
C100081,INFY,INETJFF73JW2,46,1516.57,1600.0,69762.22,73600.0,3837.78,2026-10-05
C100081,ITC,INEG1J5RPXRC,220,392.37,450.0,86321.4,99000.0,12678.6,2026-10-05
C100081,SBIN,INEZFWPSR6CF,71,788.09,800.0,55954.39,56800.0,845.61,2026-10-05
C100082,ASIANPAINT,INE3SQPFQ5WH,81,2959.38,2900.0,239709.78,234900.0,-4809.78,2026-10-05
C100082,AXISBANK,INEE5UMP3ASU,95,1019.97,1150.0,96897.15,109250.0,12352.85,2026-10-05
C100082,ICICIBANK,INEVU9M5RPC2,5,1237.6,1200.0,6188.0,6000.0,-188.0,2026-10-05
C100082,INFY,INETJFF73JW2,172,1164.13,1600.0,200230.36,275200.0,74969.64,2026-10-05
C100082,ITC,INEG1J5RPXRC,355,385.83,450.0,136969.65,159750.0,22780.35,2026-10-05
C100082,MARUTI,INEGP9SJFHK1,3,12231.13,12000.0,36693.39,36000.0,-693.39,2026-10-05
C100082,ONGC,INEZV17T1V9X,1045,284.96,270.0,297783.2,282150.0,-15633.2,2026-10-05
C100082,TATAMOTORS,INEDDETA5B03,97,952.69,950.0,92410.93,92150.0,-260.93,2026-10-05
C100082,TCS,INE3HZRRQSH4,51,3989.84,3900.0,203481.84,198900.0,-4581.84,2026-10-05
C100082,TITAN,INE2SKMKJ3KT,69,2857.63,3300.0,197176.47,227700.0,30523.53,2026-10-05
C100083,ASIANPAINT,INE3SQPFQ5WH,54,2726.58,2900.0,147235.32,156600.0,9364.68,2026-10-05
C100083,HDFCBANK,INEUFHC6XSMD,21,1621.49,1650.0,34051.29,34650.0,598.71,2026-10-05
C100083,HINDUNILVR,INE4U6T0TSSN,1,2391.35,2400.0,2391.35,2400.0,8.65,2026-10-05
C100083,ICICIBANK,INEVU9M5RPC2,164,1167.28,1200.0,191433.92,196800.0,5366.08,2026-10-05
C100083,ITC,INEG1J5RPXRC,148,337.72,450.0,49982.56,66600.0,16617.44,2026-10-05
C100083,LT,INEYDBWC2FT6,78,3468.86,3500.0,270571.08,273000.0,2428.92,2026-10-05
C100083,MARUTI,INEGP9SJFHK1,1,11792.35,12000.0,11792.35,12000.0,207.65,2026-10-05
C100083,NTPC,INE9EN4JHSZN,325,385.21,360.0,125193.25,117000.0,-8193.25,2026-10-05
C100083,RELIANCE,INE3SNEEV2P6,75,2656.63,2900.0,199247.25,217500.0,18252.75,2026-10-05
C100083,SUNPHARMA,INE483ENNGVK,158,1198.32,1700.0,189334.56,268600.0,79265.44,2026-10-05
C100084,BHARTIARTL,INEF4PGB7KNX,212,1365.33,1400.0,289449.96,296800.0,7350.04,2026-10-05
C100084,HDFCBANK,INEUFHC6XSMD,29,1434.74,1650.0,41607.46,47850.0,6242.54,2026-10-05
C100084,HINDUNILVR,INE4U6T0TSSN,7,2363.62,2400.0,16545.34,16800.0,254.66,2026-10-05
C100084,ITC,INEG1J5RPXRC,12,462.32,450.0,5547.84,5400.0,-147.84,2026-10-05
C100084,KOTAKBANK,INEETUDW98PM,59,1338.41,1750.0,78966.19,103250.0,24283.81,2026-10-05
C100084,LT,INEYDBWC2FT6,62,3082.27,3500.0,191100.74,217000.0,25899.26,2026-10-05
C100084,NTPC,INE9EN4JHSZN,137,358.05,360.0,49052.85,49320.0,267.15,2026-10-05
C100084,ONGC,INEZV17T1V9X,18,267.05,270.0,4806.9,4860.0,53.1,2026-10-05
C100085,ASIANPAINT,INE3SQPFQ5WH,55,3188.76,2900.0,175381.8,159500.0,-15881.8,2026-10-05
C100085,AXISBANK,INEE5UMP3ASU,298,867.14,1150.0,258407.72,342700.0,84292.28,2026-10-05
C100085,BHARTIARTL,INEF4PGB7KNX,45,1416.88,1400.0,63759.6,63000.0,-759.6,2026-10-05
C100085,INFY,INETJFF73JW2,81,1572.17,1600.0,127345.77,129600.0,2254.23,2026-10-05
C100085,KOTAKBANK,INEETUDW98PM,7,1652.55,1750.0,11567.85,12250.0,682.15,2026-10-05
C100085,ONGC,INEZV17T1V9X,734,277.59,270.0,203751.06,198180.0,-5571.06,2026-10-05
C100085,RELIANCE,INE3SNEEV2P6,94,2036.54,2900.0,191434.76,272600.0,81165.24,2026-10-05
C100085,SUNPHARMA,INE483ENNGVK,117,1502.32,1700.0,175771.44,198900.0,23128.56,2026-10-05
C100085,TITAN,INE2SKMKJ3KT,79,3212.07,3300.0,253753.53,260700.0,6946.47,2026-10-05
C100086,AXISBANK,INEE5UMP3ASU,203,1020.37,1150.0,207135.11,233450.0,26314.89,2026-10-05
C100086,BHARTIARTL,INEF4PGB7KNX,18,1375.66,1400.0,24761.88,25200.0,438.12,2026-10-05
C100086,HINDUNILVR,INE4U6T0TSSN,83,1981.21,2400.0,164440.43,199200.0,34759.57,2026-10-05
C100086,ITC,INEG1J5RPXRC,19,461.12,450.0,8761.28,8550.0,-211.28,2026-10-05
C100086,KOTAKBANK,INEETUDW98PM,145,1845.51,1750.0,267598.95,253750.0,-13848.95,2026-10-05
C100086,MARUTI,INEGP9SJFHK1,1,12493.7,12000.0,12493.7,12000.0,-493.7,2026-10-05
C100086,RELIANCE,INE3SNEEV2P6,27,3066.59,2900.0,82797.93,78300.0,-4497.93,2026-10-05
C100086,TCS,INE3HZRRQSH4,34,3677.4,3900.0,125031.6,132600.0,7568.4,2026-10-05
C100086,TITAN,INE2SKMKJ3KT,1,3312.95,3300.0,3312.95,3300.0,-12.95,2026-10-05
C100086,WIPRO,INEAL1BEZ79D,408,364.73,480.0,148809.84,195840.0,47030.16,2026-10-05
C100087,AXISBANK,INEE5UMP3ASU,175,821.63,1150.0,143785.25,201250.0,57464.75,2026-10-05
C100087,ICICIBANK,INEVU9M5RPC2,178,931.42,1200.0,165792.76,213600.0,47807.24,2026-10-05
C100087,LT,INEYDBWC2FT6,18,3836.72,3500.0,69060.96,63000.0,-6060.96,2026-10-05
C100087,ONGC,INEZV17T1V9X,683,292.39,270.0,199702.37,184410.0,-15292.37,2026-10-05
C100087,SBIN,INEZFWPSR6CF,392,719.6,800.0,282083.2,313600.0,31516.8,2026-10-05
C100087,TCS,INE3HZRRQSH4,58,3669.77,3900.0,212846.66,226200.0,13353.34,2026-10-05
C100087,WIPRO,INEAL1BEZ79D,406,418.69,480.0,169988.14,194880.0,24891.86,2026-10-05
C100088,ASIANPAINT,INE3SQPFQ5WH,100,2632.7,2900.0,263270.0,290000.0,26730.0,2026-10-05
C100088,AXISBANK,INEE5UMP3ASU,27,1156.9,1150.0,31236.3,31050.0,-186.3,2026-10-05
C100088,ITC,INEG1J5RPXRC,18,452.05,450.0,8136.9,8100.0,-36.9,2026-10-05
C100088,SBIN,INEZFWPSR6CF,243,765.2,800.0,185943.6,194400.0,8456.4,2026-10-05
C100088,TATAMOTORS,INEDDETA5B03,1,1004.7,950.0,1004.7,950.0,-54.7,2026-10-05
C100088,WIPRO,INEAL1BEZ79D,277,388.59,480.0,107639.43,132960.0,25320.57,2026-10-05
C100089,AXISBANK,INEE5UMP3ASU,6,1104.85,1150.0,6629.1,6900.0,270.9,2026-10-05
C100089,HDFCBANK,INEUFHC6XSMD,64,1501.78,1650.0,96113.92,105600.0,9486.08,2026-10-05
C100089,ITC,INEG1J5RPXRC,211,426.95,450.0,90086.45,94950.0,4863.55,2026-10-05
C100089,LT,INEYDBWC2FT6,28,3219.71,3500.0,90151.88,98000.0,7848.12,2026-10-05
C100089,MARUTI,INEGP9SJFHK1,1,12487.2,12000.0,12487.2,12000.0,-487.2,2026-10-05
C100089,WIPRO,INEAL1BEZ79D,299,391.58,480.0,117082.42,143520.0,26437.58,2026-10-05
C100090,AXISBANK,INEE5UMP3ASU,82,916.16,1150.0,75125.12,94300.0,19174.88,2026-10-05
C100090,HDFCBANK,INEUFHC6XSMD,8,1642.2,1650.0,13137.6,13200.0,62.4,2026-10-05
C100090,INFY,INETJFF73JW2,2,1621.1,1600.0,3242.2,3200.0,-42.2,2026-10-05
C100090,ONGC,INEZV17T1V9X,686,194.16,270.0,133193.76,185220.0,52026.24,2026-10-05
C100090,RELIANCE,INE3SNEEV2P6,8,2855.53,2900.0,22844.24,23200.0,355.76,2026-10-05
C100090,TATAMOTORS,INEDDETA5B03,4,910.82,950.0,3643.28,3800.0,156.72,2026-10-05
C100091,BHARTIARTL,INEF4PGB7KNX,60,1356.04,1400.0,81362.4,84000.0,2637.6,2026-10-05
C100091,HDFCBANK,INEUFHC6XSMD,167,1395.48,1650.0,233045.16,275550.0,42504.84,2026-10-05
C100091,KOTAKBANK,INEETUDW98PM,101,1618.67,1750.0,163485.67,176750.0,13264.33,2026-10-05
C100091,LT,INEYDBWC2FT6,20,3309.44,3500.0,66188.8,70000.0,3811.2,2026-10-05
C100091,ONGC,INEZV17T1V9X,39,264.94,270.0,10332.66,10530.0,197.34,2026-10-05
C100091,TATAMOTORS,INEDDETA5B03,188,887.57,950.0,166863.16,178600.0,11736.84,2026-10-05
C100092,ASIANPAINT,INE3SQPFQ5WH,32,2221.74,2900.0,71095.68,92800.0,21704.32,2026-10-05
C100092,BHARTIARTL,INEF4PGB7KNX,18,1409.6,1400.0,25372.8,25200.0,-172.8,2026-10-05
C100092,HDFCBANK,INEUFHC6XSMD,59,1426.03,1650.0,84135.77,97350.0,13214.23,2026-10-05
C100092,INFY,INETJFF73JW2,141,1359.19,1600.0,191645.79,225600.0,33954.21,2026-10-05
C100092,KOTAKBANK,INEETUDW98PM,164,1649.17,1750.0,270463.88,287000.0,16536.12,2026-10-05
C100092,LT,INEYDBWC2FT6,18,2503.8,3500.0,45068.4,63000.0,17931.6,2026-10-05
C100092,MARUTI,INEGP9SJFHK1,12,9536.81,12000.0,114441.72,144000.0,29558.28,2026-10-05
C100092,NTPC,INE9EN4JHSZN,591,376.09,360.0,222269.19,212760.0,-9509.19,2026-10-05
C100092,ONGC,INEZV17T1V9X,245,274.29,270.0,67201.05,66150.0,-1051.05,2026-10-05
C100092,SBIN,INEZFWPSR6CF,203,631.78,800.0,128251.34,162400.0,34148.66,2026-10-05
C100093,BHARTIARTL,INEF4PGB7KNX,33,1012.4,1400.0,33409.2,46200.0,12790.8,2026-10-05
C100093,ICICIBANK,INEVU9M5RPC2,74,1225.61,1200.0,90695.14,88800.0,-1895.14,2026-10-05
C100093,ITC,INEG1J5RPXRC,705,412.95,450.0,291129.75,317250.0,26120.25,2026-10-05
C100093,KOTAKBANK,INEETUDW98PM,60,1673.04,1750.0,100382.4,105000.0,4617.6,2026-10-05
C100093,NTPC,INE9EN4JHSZN,439,325.47,360.0,142881.33,158040.0,15158.67,2026-10-05
C100093,ONGC,INEZV17T1V9X,748,276.63,270.0,206919.24,201960.0,-4959.24,2026-10-05
C100093,RELIANCE,INE3SNEEV2P6,2,2898.6,2900.0,5797.2,5800.0,2.8,2026-10-05
C100093,TATAMOTORS,INEDDETA5B03,33,988.5,950.0,32620.5,31350.0,-1270.5,2026-10-05
C100093,TCS,INE3HZRRQSH4,47,3908.61,3900.0,183704.67,183300.0,-404.67,2026-10-05
C100093,TITAN,INE2SKMKJ3KT,38,3564.18,3300.0,135438.84,125400.0,-10038.84,2026-10-05
C100094,ASIANPAINT,INE3SQPFQ5WH,85,2375.91,2900.0,201952.35,246500.0,44547.65,2026-10-05
C100094,AXISBANK,INEE5UMP3ASU,48,1179.36,1150.0,56609.28,55200.0,-1409.28,2026-10-05
C100094,LT,INEYDBWC2FT6,58,2768.95,3500.0,160599.1,203000.0,42400.9,2026-10-05
C100094,MARUTI,INEGP9SJFHK1,18,9296.04,12000.0,167328.72,216000.0,48671.28,2026-10-05
C100094,TCS,INE3HZRRQSH4,26,3598.27,3900.0,93555.02,101400.0,7844.98,2026-10-05
C100095,AXISBANK,INEE5UMP3ASU,9,1165.0,1150.0,10485.0,10350.0,-135.0,2026-10-05
C100095,BHARTIARTL,INEF4PGB7KNX,194,988.73,1400.0,191813.62,271600.0,79786.38,2026-10-05
C100095,ITC,INEG1J5RPXRC,91,460.61,450.0,41915.51,40950.0,-965.51,2026-10-05
C100095,KOTAKBANK,INEETUDW98PM,85,1325.23,1750.0,112644.55,148750.0,36105.45,2026-10-05
C100095,ONGC,INEZV17T1V9X,364,259.1,270.0,94312.4,98280.0,3967.6,2026-10-05
C100095,RELIANCE,INE3SNEEV2P6,23,2928.3,2900.0,67350.9,66700.0,-650.9,2026-10-05
C100095,TITAN,INE2SKMKJ3KT,14,2845.56,3300.0,39837.84,46200.0,6362.16,2026-10-05
C100096,BHARTIARTL,INEF4PGB7KNX,278,1459.54,1400.0,405752.12,389200.0,-16552.12,2026-10-05
C100096,HDFCBANK,INEUFHC6XSMD,155,1245.47,1650.0,193047.85,255750.0,62702.15,2026-10-05
C100096,HINDUNILVR,INE4U6T0TSSN,113,2085.33,2400.0,235642.29,271200.0,35557.71,2026-10-05
C100096,INFY,INETJFF73JW2,3,1703.1,1600.0,5109.3,4800.0,-309.3,2026-10-05
C100096,ITC,INEG1J5RPXRC,121,445.7,450.0,53929.7,54450.0,520.3,2026-10-05
C100096,KOTAKBANK,INEETUDW98PM,11,1853.25,1750.0,20385.75,19250.0,-1135.75,2026-10-05
C100096,LT,INEYDBWC2FT6,74,3644.41,3500.0,269686.34,259000.0,-10686.34,2026-10-05
C100096,RELIANCE,INE3SNEEV2P6,9,2732.45,2900.0,24592.05,26100.0,1507.95,2026-10-05
C100097,BHARTIARTL,INEF4PGB7KNX,139,1137.07,1400.0,158052.73,194600.0,36547.27,2026-10-05
C100097,HINDUNILVR,INE4U6T0TSSN,36,2229.11,2400.0,80247.96,86400.0,6152.04,2026-10-05
C100097,ICICIBANK,INEVU9M5RPC2,216,1202.75,1200.0,259794.0,259200.0,-594.0,2026-10-05
C100097,ITC,INEG1J5RPXRC,26,481.3,450.0,12513.8,11700.0,-813.8,2026-10-05
C100097,TCS,INE3HZRRQSH4,68,3610.34,3900.0,245503.12,265200.0,19696.88,2026-10-05
C100097,WIPRO,INEAL1BEZ79D,525,342.33,480.0,179723.25,252000.0,72276.75,2026-10-05
C100098,ASIANPAINT,INE3SQPFQ5WH,1,3039.35,2900.0,3039.35,2900.0,-139.35,2026-10-05
C100098,HINDUNILVR,INE4U6T0TSSN,52,2455.26,2400.0,127673.52,124800.0,-2873.52,2026-10-05
C100098,INFY,INETJFF73JW2,110,1638.07,1600.0,180187.7,176000.0,-4187.7,2026-10-05
C100098,KOTAKBANK,INEETUDW98PM,27,1592.31,1750.0,42992.37,47250.0,4257.63,2026-10-05
C100098,NTPC,INE9EN4JHSZN,354,339.92,360.0,120331.68,127440.0,7108.32,2026-10-05
C100098,ONGC,INEZV17T1V9X,1006,284.87,270.0,286579.22,271620.0,-14959.22,2026-10-05
C100098,TITAN,INE2SKMKJ3KT,13,3280.85,3300.0,42651.05,42900.0,248.95,2026-10-05
C100098,WIPRO,INEAL1BEZ79D,490,458.96,480.0,224890.4,235200.0,10309.6,2026-10-05
C100099,HDFCBANK,INEUFHC6XSMD,211,1504.88,1650.0,317529.68,348150.0,30620.32,2026-10-05
C100099,HINDUNILVR,INE4U6T0TSSN,105,1759.53,2400.0,184750.65,252000.0,67249.35,2026-10-05
C100099,KOTAKBANK,INEETUDW98PM,7,1745.35,1750.0,12217.45,12250.0,32.55,2026-10-05
C100099,NTPC,INE9EN4JHSZN,807,390.96,360.0,315504.72,290520.0,-24984.72,2026-10-05
C100099,ONGC,INEZV17T1V9X,924,191.64,270.0,177075.36,249480.0,72404.64,2026-10-05
C100099,SUNPHARMA,INE483ENNGVK,41,1483.2,1700.0,60811.2,69700.0,8888.8,2026-10-05
C100099,TITAN,INE2SKMKJ3KT,89,2759.69,3300.0,245612.41,293700.0,48087.59,2026-10-05
C100100,ASIANPAINT,INE3SQPFQ5WH,37,2157.29,2900.0,79819.73,107300.0,27480.27,2026-10-05
C100100,HINDUNILVR,INE4U6T0TSSN,70,2441.4,2400.0,170898.0,168000.0,-2898.0,2026-10-05
C100100,ITC,INEG1J5RPXRC,10,460.25,450.0,4602.5,4500.0,-102.5,2026-10-05
C100100,KOTAKBANK,INEETUDW98PM,147,1536.9,1750.0,225924.3,257250.0,31325.7,2026-10-05
C100100,TCS,INE3HZRRQSH4,24,3685.1,3900.0,88442.4,93600.0,5157.6,2026-10-05
C100101,ASIANPAINT,INE3SQPFQ5WH,52,2093.22,2900.0,108847.44,150800.0,41952.56,2026-10-05
C100101,AXISBANK,INEE5UMP3ASU,122,815.24,1150.0,99459.28,140300.0,40840.72,2026-10-05
C100101,BHARTIARTL,INEF4PGB7KNX,42,1103.77,1400.0,46358.34,58800.0,12441.66,2026-10-05
C100101,INFY,INETJFF73JW2,178,1744.6,1600.0,310538.8,284800.0,-25738.8,2026-10-05
C100101,SBIN,INEZFWPSR6CF,216,818.76,800.0,176852.16,172800.0,-4052.16,2026-10-05
C100101,SUNPHARMA,INE483ENNGVK,59,1560.45,1700.0,92066.55,100300.0,8233.45,2026-10-05
C100102,AXISBANK,INEE5UMP3ASU,72,1108.6,1150.0,79819.2,82800.0,2980.8,2026-10-05
C100102,HDFCBANK,INEUFHC6XSMD,62,1643.25,1650.0,101881.5,102300.0,418.5,2026-10-05
C100102,HINDUNILVR,INE4U6T0TSSN,29,2518.7,2400.0,73042.3,69600.0,-3442.3,2026-10-05
C100102,ICICIBANK,INEVU9M5RPC2,4,1175.45,1200.0,4701.8,4800.0,98.2,2026-10-05
C100102,INFY,INETJFF73JW2,4,1648.15,1600.0,6592.6,6400.0,-192.6,2026-10-05
C100102,ITC,INEG1J5RPXRC,789,396.04,450.0,312475.56,355050.0,42574.44,2026-10-05
C100102,KOTAKBANK,INEETUDW98PM,88,1422.52,1750.0,125181.76,154000.0,28818.24,2026-10-05
C100102,LT,INEYDBWC2FT6,81,3797.32,3500.0,307582.92,283500.0,-24082.92,2026-10-05
C100102,NTPC,INE9EN4JHSZN,150,310.88,360.0,46632.0,54000.0,7368.0,2026-10-05
C100102,TITAN,INE2SKMKJ3KT,33,2651.45,3300.0,87497.85,108900.0,21402.15,2026-10-05
C100103,ASIANPAINT,INE3SQPFQ5WH,39,2297.19,2900.0,89590.41,113100.0,23509.59,2026-10-05
C100103,HINDUNILVR,INE4U6T0TSSN,10,2444.83,2400.0,24448.3,24000.0,-448.3,2026-10-05
C100103,ICICIBANK,INEVU9M5RPC2,106,1318.92,1200.0,139805.52,127200.0,-12605.52,2026-10-05
C100103,ITC,INEG1J5RPXRC,268,445.1,450.0,119286.8,120600.0,1313.2,2026-10-05
C100103,LT,INEYDBWC2FT6,81,3624.61,3500.0,293593.41,283500.0,-10093.41,2026-10-05
C100103,MARUTI,INEGP9SJFHK1,1,8471.64,12000.0,8471.64,12000.0,3528.36,2026-10-05
C100103,NTPC,INE9EN4JHSZN,438,264.18,360.0,115710.84,157680.0,41969.16,2026-10-05
C100103,SUNPHARMA,INE483ENNGVK,163,1377.66,1700.0,224558.58,277100.0,52541.42,2026-10-05
C100103,TATAMOTORS,INEDDETA5B03,74,958.65,950.0,70940.1,70300.0,-640.1,2026-10-05
C100103,TITAN,INE2SKMKJ3KT,58,3280.49,3300.0,190268.42,191400.0,1131.58,2026-10-05
C100104,BHARTIARTL,INEF4PGB7KNX,47,1442.1,1400.0,67778.7,65800.0,-1978.7,2026-10-05
C100104,HINDUNILVR,INE4U6T0TSSN,69,2363.89,2400.0,163108.41,165600.0,2491.59,2026-10-05
C100104,INFY,INETJFF73JW2,1,1550.45,1600.0,1550.45,1600.0,49.55,2026-10-05
C100104,MARUTI,INEGP9SJFHK1,9,10900.74,12000.0,98106.66,108000.0,9893.34,2026-10-05
C100104,NTPC,INE9EN4JHSZN,178,372.2,360.0,66251.6,64080.0,-2171.6,2026-10-05
C100104,ONGC,INEZV17T1V9X,1019,218.31,270.0,222457.89,275130.0,52672.11,2026-10-05
C100104,SBIN,INEZFWPSR6CF,2,806.25,800.0,1612.5,1600.0,-12.5,2026-10-05
C100104,SUNPHARMA,INE483ENNGVK,72,1513.69,1700.0,108985.68,122400.0,13414.32,2026-10-05
C100104,WIPRO,INEAL1BEZ79D,446,348.14,480.0,155270.44,214080.0,58809.56,2026-10-05
C100105,ASIANPAINT,INE3SQPFQ5WH,2,2844.4,2900.0,5688.8,5800.0,111.2,2026-10-05
C100105,AXISBANK,INEE5UMP3ASU,78,873.77,1150.0,68154.06,89700.0,21545.94,2026-10-05
C100105,BHARTIARTL,INEF4PGB7KNX,41,1397.58,1400.0,57300.78,57400.0,99.22,2026-10-05
C100105,HDFCBANK,INEUFHC6XSMD,114,1261.11,1650.0,143766.54,188100.0,44333.46,2026-10-05
C100105,HINDUNILVR,INE4U6T0TSSN,6,1938.1,2400.0,11628.6,14400.0,2771.4,2026-10-05
C100105,ICICIBANK,INEVU9M5RPC2,135,1052.46,1200.0,142082.1,162000.0,19917.9,2026-10-05
C100105,INFY,INETJFF73JW2,283,1561.42,1600.0,441881.86,452800.0,10918.14,2026-10-05
C100105,KOTAKBANK,INEETUDW98PM,71,1742.65,1750.0,123728.15,124250.0,521.85,2026-10-05
C100105,LT,INEYDBWC2FT6,2,3421.0,3500.0,6842.0,7000.0,158.0,2026-10-05
C100105,ONGC,INEZV17T1V9X,510,267.27,270.0,136307.7,137700.0,1392.3,2026-10-05
C100105,TCS,INE3HZRRQSH4,66,3261.53,3900.0,215260.98,257400.0,42139.02,2026-10-05
C100105,TITAN,INE2SKMKJ3KT,86,3507.97,3300.0,301685.42,283800.0,-17885.42,2026-10-05
C100106,HDFCBANK,INEUFHC6XSMD,69,1693.31,1650.0,116838.39,113850.0,-2988.39,2026-10-05
C100106,ICICIBANK,INEVU9M5RPC2,228,942.89,1200.0,214978.92,273600.0,58621.08,2026-10-05
C100106,KOTAKBANK,INEETUDW98PM,89,1399.58,1750.0,124562.62,155750.0,31187.38,2026-10-05
C100106,MARUTI,INEGP9SJFHK1,10,9260.0,12000.0,92600.0,120000.0,27400.0,2026-10-05
C100106,RELIANCE,INE3SNEEV2P6,112,3059.88,2900.0,342706.56,324800.0,-17906.56,2026-10-05
C100106,SBIN,INEZFWPSR6CF,360,606.35,800.0,218286.0,288000.0,69714.0,2026-10-05
C100107,AXISBANK,INEE5UMP3ASU,65,978.63,1150.0,63610.95,74750.0,11139.05,2026-10-05
C100107,BHARTIARTL,INEF4PGB7KNX,57,1410.32,1400.0,80388.24,79800.0,-588.24,2026-10-05
C100107,ICICIBANK,INEVU9M5RPC2,2,1182.07,1200.0,2364.14,2400.0,35.86,2026-10-05
C100107,MARUTI,INEGP9SJFHK1,13,11741.01,12000.0,152633.13,156000.0,3366.87,2026-10-05
C100107,RELIANCE,INE3SNEEV2P6,47,2664.19,2900.0,125216.93,136300.0,11083.07,2026-10-05
C100107,TCS,INE3HZRRQSH4,83,3941.98,3900.0,327184.34,323700.0,-3484.34,2026-10-05
C100107,WIPRO,INEAL1BEZ79D,572,396.97,480.0,227066.84,274560.0,47493.16,2026-10-05
C100108,HINDUNILVR,INE4U6T0TSSN,52,2399.26,2400.0,124761.52,124800.0,38.48,2026-10-05
C100108,ITC,INEG1J5RPXRC,175,457.63,450.0,80085.25,78750.0,-1335.25,2026-10-05
C100108,MARUTI,INEGP9SJFHK1,3,12168.4,12000.0,36505.2,36000.0,-505.2,2026-10-05
C100108,NTPC,INE9EN4JHSZN,713,378.53,360.0,269891.89,256680.0,-13211.89,2026-10-05
C100108,ONGC,INEZV17T1V9X,121,277.55,270.0,33583.55,32670.0,-913.55,2026-10-05
C100108,SBIN,INEZFWPSR6CF,248,725.06,800.0,179814.88,198400.0,18585.12,2026-10-05
C100108,SUNPHARMA,INE483ENNGVK,117,1320.09,1700.0,154450.53,198900.0,44449.47,2026-10-05
C100109,ASIANPAINT,INE3SQPFQ5WH,15,2857.91,2900.0,42868.65,43500.0,631.35,2026-10-05
C100109,HINDUNILVR,INE4U6T0TSSN,62,2216.33,2400.0,137412.46,148800.0,11387.54,2026-10-05
C100109,ICICIBANK,INEVU9M5RPC2,176,1194.98,1200.0,210316.48,211200.0,883.52,2026-10-05
C100109,INFY,INETJFF73JW2,117,1183.18,1600.0,138432.06,187200.0,48767.94,2026-10-05
C100109,ITC,INEG1J5RPXRC,569,341.51,450.0,194319.19,256050.0,61730.81,2026-10-05
C100109,KOTAKBANK,INEETUDW98PM,9,1824.56,1750.0,16421.04,15750.0,-671.04,2026-10-05
C100109,NTPC,INE9EN4JHSZN,599,328.77,360.0,196933.23,215640.0,18706.77,2026-10-05
C100109,RELIANCE,INE3SNEEV2P6,88,3071.95,2900.0,270331.6,255200.0,-15131.6,2026-10-05
C100109,SBIN,INEZFWPSR6CF,283,564.11,800.0,159643.13,226400.0,66756.87,2026-10-05
C100110,ICICIBANK,INEVU9M5RPC2,46,1250.95,1200.0,57543.7,55200.0,-2343.7,2026-10-05
C100110,ITC,INEG1J5RPXRC,269,398.82,450.0,107282.58,121050.0,13767.42,2026-10-05
C100110,LT,INEYDBWC2FT6,52,2738.64,3500.0,142409.28,182000.0,39590.72,2026-10-05
C100110,ONGC,INEZV17T1V9X,66,280.38,270.0,18505.08,17820.0,-685.08,2026-10-05
C100110,RELIANCE,INE3SNEEV2P6,72,2634.08,2900.0,189653.76,208800.0,19146.24,2026-10-05
C100110,SUNPHARMA,INE483ENNGVK,136,1603.06,1700.0,218016.16,231200.0,13183.84,2026-10-05
C100111,AXISBANK,INEE5UMP3ASU,97,1246.3,1150.0,120891.1,111550.0,-9341.1,2026-10-05
C100111,HINDUNILVR,INE4U6T0TSSN,40,2409.07,2400.0,96362.8,96000.0,-362.8,2026-10-05
C100111,INFY,INETJFF73JW2,169,1408.38,1600.0,238016.22,270400.0,32383.78,2026-10-05
C100111,ITC,INEG1J5RPXRC,145,434.85,450.0,63053.25,65250.0,2196.75,2026-10-05
C100111,NTPC,INE9EN4JHSZN,80,361.85,360.0,28948.0,28800.0,-148.0,2026-10-05
C100111,SBIN,INEZFWPSR6CF,7,803.15,800.0,5622.05,5600.0,-22.05,2026-10-05
C100112,ASIANPAINT,INE3SQPFQ5WH,20,2469.63,2900.0,49392.6,58000.0,8607.4,2026-10-05
C100112,AXISBANK,INEE5UMP3ASU,1,1112.55,1150.0,1112.55,1150.0,37.45,2026-10-05
C100112,BHARTIARTL,INEF4PGB7KNX,129,1277.7,1400.0,164823.3,180600.0,15776.7,2026-10-05
C100112,HINDUNILVR,INE4U6T0TSSN,51,2329.2,2400.0,118789.2,122400.0,3610.8,2026-10-05
C100112,LT,INEYDBWC2FT6,81,2829.07,3500.0,229154.67,283500.0,54345.33,2026-10-05
C100112,NTPC,INE9EN4JHSZN,334,351.84,360.0,117514.56,120240.0,2725.44,2026-10-05
C100112,SUNPHARMA,INE483ENNGVK,147,1641.22,1700.0,241259.34,249900.0,8640.66,2026-10-05
C100113,ICICIBANK,INEVU9M5RPC2,197,1302.23,1200.0,256539.31,236400.0,-20139.31,2026-10-05
C100113,ITC,INEG1J5RPXRC,377,408.16,450.0,153876.32,169650.0,15773.68,2026-10-05
C100113,NTPC,INE9EN4JHSZN,721,312.98,360.0,225658.58,259560.0,33901.42,2026-10-05
C100113,ONGC,INEZV17T1V9X,730,281.32,270.0,205363.6,197100.0,-8263.6,2026-10-05
C100113,RELIANCE,INE3SNEEV2P6,33,2393.27,2900.0,78977.91,95700.0,16722.09,2026-10-05
C100113,SBIN,INEZFWPSR6CF,258,638.49,800.0,164730.42,206400.0,41669.58,2026-10-05
C100113,TATAMOTORS,INEDDETA5B03,3,910.47,950.0,2731.41,2850.0,118.59,2026-10-05
C100113,TCS,INE3HZRRQSH4,56,3946.35,3900.0,220995.6,218400.0,-2595.6,2026-10-05
C100113,TITAN,INE2SKMKJ3KT,66,2388.23,3300.0,157623.18,217800.0,60176.82,2026-10-05
C100114,HINDUNILVR,INE4U6T0TSSN,62,2354.5,2400.0,145979.0,148800.0,2821.0,2026-10-05
C100114,ICICIBANK,INEVU9M5RPC2,2,1170.05,1200.0,2340.1,2400.0,59.9,2026-10-05
C100114,INFY,INETJFF73JW2,132,1285.45,1600.0,169679.4,211200.0,41520.6,2026-10-05
C100114,TATAMOTORS,INEDDETA5B03,278,943.01,950.0,262156.78,264100.0,1943.22,2026-10-05
C100114,WIPRO,INEAL1BEZ79D,389,343.4,480.0,133582.6,186720.0,53137.4,2026-10-05
C100115,AXISBANK,INEE5UMP3ASU,64,1141.95,1150.0,73084.8,73600.0,515.2,2026-10-05
C100115,HINDUNILVR,INE4U6T0TSSN,41,2249.12,2400.0,92213.92,98400.0,6186.08,2026-10-05
C100115,NTPC,INE9EN4JHSZN,697,387.39,360.0,270010.83,250920.0,-19090.83,2026-10-05
C100115,SBIN,INEZFWPSR6CF,279,659.31,800.0,183947.49,223200.0,39252.51,2026-10-05
C100115,TATAMOTORS,INEDDETA5B03,214,788.89,950.0,168822.46,203300.0,34477.54,2026-10-05
C100116,ASIANPAINT,INE3SQPFQ5WH,92,2724.33,2900.0,250638.36,266800.0,16161.64,2026-10-05
C100116,AXISBANK,INEE5UMP3ASU,33,1127.85,1150.0,37219.05,37950.0,730.95,2026-10-05
C100116,ICICIBANK,INEVU9M5RPC2,140,851.73,1200.0,119242.2,168000.0,48757.8,2026-10-05
C100116,INFY,INETJFF73JW2,89,1668.47,1600.0,148493.83,142400.0,-6093.83,2026-10-05
C100116,LT,INEYDBWC2FT6,66,3398.76,3500.0,224318.16,231000.0,6681.84,2026-10-05
C100116,NTPC,INE9EN4JHSZN,418,359.49,360.0,150266.82,150480.0,213.18,2026-10-05
C100116,TCS,INE3HZRRQSH4,54,3914.21,3900.0,211367.34,210600.0,-767.34,2026-10-05
C100116,WIPRO,INEAL1BEZ79D,202,468.02,480.0,94540.04,96960.0,2419.96,2026-10-05
C100117,MARUTI,INEGP9SJFHK1,22,12402.84,12000.0,272862.48,264000.0,-8862.48,2026-10-05
C100117,ONGC,INEZV17T1V9X,732,227.17,270.0,166288.44,197640.0,31351.56,2026-10-05
C100117,WIPRO,INEAL1BEZ79D,489,514.67,480.0,251673.63,234720.0,-16953.63,2026-10-05
C100118,BHARTIARTL,INEF4PGB7KNX,199,1165.64,1400.0,231962.36,278600.0,46637.64,2026-10-05
C100118,KOTAKBANK,INEETUDW98PM,131,1474.3,1750.0,193133.3,229250.0,36116.7,2026-10-05
C100118,LT,INEYDBWC2FT6,54,2455.3,3500.0,132586.2,189000.0,56413.8,2026-10-05
C100118,TATAMOTORS,INEDDETA5B03,150,733.47,950.0,110020.5,142500.0,32479.5,2026-10-05
C100118,TITAN,INE2SKMKJ3KT,61,3595.89,3300.0,219349.29,201300.0,-18049.29,2026-10-05
C100118,WIPRO,INEAL1BEZ79D,597,433.64,480.0,258883.08,286560.0,27676.92,2026-10-05
C100119,AXISBANK,INEE5UMP3ASU,65,976.72,1150.0,63486.8,74750.0,11263.2,2026-10-05
C100119,HINDUNILVR,INE4U6T0TSSN,74,2185.86,2400.0,161753.64,177600.0,15846.36,2026-10-05
C100119,ICICIBANK,INEVU9M5RPC2,8,1217.74,1200.0,9741.92,9600.0,-141.92,2026-10-05
C100119,INFY,INETJFF73JW2,165,1300.97,1600.0,214660.05,264000.0,49339.95,2026-10-05
C100119,ITC,INEG1J5RPXRC,399,386.36,450.0,154157.64,179550.0,25392.36,2026-10-05
C100119,KOTAKBANK,INEETUDW98PM,2,1738.48,1750.0,3476.96,3500.0,23.04,2026-10-05
C100119,NTPC,INE9EN4JHSZN,14,367.95,360.0,5151.3,5040.0,-111.3,2026-10-05
C100119,ONGC,INEZV17T1V9X,118,256.65,270.0,30284.7,31860.0,1575.3,2026-10-05
C100119,RELIANCE,INE3SNEEV2P6,19,2273.54,2900.0,43197.26,55100.0,11902.74,2026-10-05
C100119,SBIN,INEZFWPSR6CF,109,872.22,800.0,95071.98,87200.0,-7871.98,2026-10-05
C100119,SUNPHARMA,INE483ENNGVK,149,1807.68,1700.0,269344.32,253300.0,-16044.32,2026-10-05
C100120,AXISBANK,INEE5UMP3ASU,314,1013.3,1150.0,318176.2,361100.0,42923.8,2026-10-05
C100120,INFY,INETJFF73JW2,123,1688.63,1600.0,207701.49,196800.0,-10901.49,2026-10-05
C100120,MARUTI,INEGP9SJFHK1,16,10866.35,12000.0,173861.6,192000.0,18138.4,2026-10-05
C100120,ONGC,INEZV17T1V9X,406,222.06,270.0,90156.36,109620.0,19463.64,2026-10-05
C100120,RELIANCE,INE3SNEEV2P6,13,2822.72,2900.0,36695.36,37700.0,1004.64,2026-10-05
C100120,SBIN,INEZFWPSR6CF,115,763.78,800.0,87834.7,92000.0,4165.3,2026-10-05
C100120,WIPRO,INEAL1BEZ79D,96,518.17,480.0,49744.32,46080.0,-3664.32,2026-10-05
C100121,AXISBANK,INEE5UMP3ASU,42,813.2,1150.0,34154.4,48300.0,14145.6,2026-10-05
C100121,BHARTIARTL,INEF4PGB7KNX,105,1516.7,1400.0,159253.5,147000.0,-12253.5,2026-10-05
C100121,HDFCBANK,INEUFHC6XSMD,6,1614.6,1650.0,9687.6,9900.0,212.4,2026-10-05
C100121,HINDUNILVR,INE4U6T0TSSN,4,2309.07,2400.0,9236.28,9600.0,363.72,2026-10-05
C100121,ICICIBANK,INEVU9M5RPC2,110,1197.72,1200.0,131749.2,132000.0,250.8,2026-10-05
C100121,ITC,INEG1J5RPXRC,450,339.78,450.0,152901.0,202500.0,49599.0,2026-10-05
C100121,KOTAKBANK,INEETUDW98PM,35,1780.75,1750.0,62326.25,61250.0,-1076.25,2026-10-05
C100121,MARUTI,INEGP9SJFHK1,2,12441.9,12000.0,24883.8,24000.0,-883.8,2026-10-05
C100121,ONGC,INEZV17T1V9X,49,261.7,270.0,12823.3,13230.0,406.7,2026-10-05
C100121,RELIANCE,INE3SNEEV2P6,102,2906.24,2900.0,296436.48,295800.0,-636.48,2026-10-05
C100122,HINDUNILVR,INE4U6T0TSSN,2,2336.65,2400.0,4673.3,4800.0,126.7,2026-10-05
C100122,LT,INEYDBWC2FT6,81,3109.89,3500.0,251901.09,283500.0,31598.91,2026-10-05
C100122,MARUTI,INEGP9SJFHK1,20,12074.36,12000.0,241487.2,240000.0,-1487.2,2026-10-05
C100122,SBIN,INEZFWPSR6CF,301,812.17,800.0,244463.17,240800.0,-3663.17,2026-10-05
C100122,TCS,INE3HZRRQSH4,23,3434.48,3900.0,78993.04,89700.0,10706.96,2026-10-05
C100122,WIPRO,INEAL1BEZ79D,538,394.94,480.0,212477.72,258240.0,45762.28,2026-10-05
C100123,ASIANPAINT,INE3SQPFQ5WH,97,2853.32,2900.0,276772.04,281300.0,4527.96,2026-10-05
C100123,AXISBANK,INEE5UMP3ASU,5,1173.2,1150.0,5866.0,5750.0,-116.0,2026-10-05
C100123,HINDUNILVR,INE4U6T0TSSN,2,2390.2,2400.0,4780.4,4800.0,19.6,2026-10-05
C100123,ICICIBANK,INEVU9M5RPC2,84,869.63,1200.0,73048.92,100800.0,27751.08,2026-10-05
C100123,ITC,INEG1J5RPXRC,423,414.34,450.0,175265.82,190350.0,15084.18,2026-10-05
C100123,KOTAKBANK,INEETUDW98PM,125,1294.9,1750.0,161862.5,218750.0,56887.5,2026-10-05
C100123,NTPC,INE9EN4JHSZN,607,359.45,360.0,218186.15,218520.0,333.85,2026-10-05
C100123,RELIANCE,INE3SNEEV2P6,63,2283.7,2900.0,143873.1,182700.0,38826.9,2026-10-05
C100123,SBIN,INEZFWPSR6CF,211,727.26,800.0,153451.86,168800.0,15348.14,2026-10-05
C100123,TCS,INE3HZRRQSH4,25,3894.45,3900.0,97361.25,97500.0,138.75,2026-10-05
C100123,WIPRO,INEAL1BEZ79D,593,369.08,480.0,218864.44,284640.0,65775.56,2026-10-05
C100124,AXISBANK,INEE5UMP3ASU,21,1149.6,1150.0,24141.6,24150.0,8.4,2026-10-05
C100124,BHARTIARTL,INEF4PGB7KNX,202,991.27,1400.0,200236.54,282800.0,82563.46,2026-10-05
C100124,HDFCBANK,INEUFHC6XSMD,81,1242.7,1650.0,100658.7,133650.0,32991.3,2026-10-05
C100124,ICICIBANK,INEVU9M5RPC2,188,1088.2,1200.0,204581.6,225600.0,21018.4,2026-10-05
C100124,ITC,INEG1J5RPXRC,547,387.52,450.0,211973.44,246150.0,34176.56,2026-10-05
C100124,LT,INEYDBWC2FT6,15,3467.93,3500.0,52018.95,52500.0,481.05,2026-10-05
C100124,MARUTI,INEGP9SJFHK1,1,12152.7,12000.0,12152.7,12000.0,-152.7,2026-10-05
C100124,SBIN,INEZFWPSR6CF,177,692.04,800.0,122491.08,141600.0,19108.92,2026-10-05
C100124,TATAMOTORS,INEDDETA5B03,153,726.22,950.0,111111.66,145350.0,34238.34,2026-10-05
C100125,ASIANPAINT,INE3SQPFQ5WH,61,2858.95,2900.0,174395.95,176900.0,2504.05,2026-10-05
C100125,ICICIBANK,INEVU9M5RPC2,9,1128.3,1200.0,10154.7,10800.0,645.3,2026-10-05
C100125,ITC,INEG1J5RPXRC,216,339.76,450.0,73388.16,97200.0,23811.84,2026-10-05
C100125,NTPC,INE9EN4JHSZN,298,274.36,360.0,81759.28,107280.0,25520.72,2026-10-05
C100126,ITC,INEG1J5RPXRC,354,419.38,450.0,148460.52,159300.0,10839.48,2026-10-05
C100126,LT,INEYDBWC2FT6,26,2940.32,3500.0,76448.32,91000.0,14551.68,2026-10-05
C100126,NTPC,INE9EN4JHSZN,133,356.85,360.0,47461.05,47880.0,418.95,2026-10-05
C100126,ONGC,INEZV17T1V9X,637,250.82,270.0,159772.34,171990.0,12217.66,2026-10-05
C100126,TCS,INE3HZRRQSH4,46,3974.34,3900.0,182819.64,179400.0,-3419.64,2026-10-05
C100127,BHARTIARTL,INEF4PGB7KNX,129,1175.4,1400.0,151626.6,180600.0,28973.4,2026-10-05
C100127,HDFCBANK,INEUFHC6XSMD,115,1403.44,1650.0,161395.6,189750.0,28354.4,2026-10-05
C100127,HINDUNILVR,INE4U6T0TSSN,100,1894.34,2400.0,189434.0,240000.0,50566.0,2026-10-05
C100127,INFY,INETJFF73JW2,3,1598.7,1600.0,4796.1,4800.0,3.9,2026-10-05
C100127,ITC,INEG1J5RPXRC,81,442.6,450.0,35850.6,36450.0,599.4,2026-10-05
C100127,NTPC,INE9EN4JHSZN,636,386.46,360.0,245788.56,228960.0,-16828.56,2026-10-05
C100127,RELIANCE,INE3SNEEV2P6,36,2763.64,2900.0,99491.04,104400.0,4908.96,2026-10-05
C100127,SUNPHARMA,INE483ENNGVK,45,1811.9,1700.0,81535.5,76500.0,-5035.5,2026-10-05
C100127,TITAN,INE2SKMKJ3KT,21,2726.54,3300.0,57257.34,69300.0,12042.66,2026-10-05
C100128,AXISBANK,INEE5UMP3ASU,253,951.2,1150.0,240653.6,290950.0,50296.4,2026-10-05
C100128,BHARTIARTL,INEF4PGB7KNX,84,1134.3,1400.0,95281.2,117600.0,22318.8,2026-10-05
C100128,HDFCBANK,INEUFHC6XSMD,130,1638.63,1650.0,213021.9,214500.0,1478.1,2026-10-05
C100128,ICICIBANK,INEVU9M5RPC2,60,1110.21,1200.0,66612.6,72000.0,5387.4,2026-10-05
C100128,INFY,INETJFF73JW2,126,1615.27,1600.0,203524.02,201600.0,-1924.02,2026-10-05
C100128,ITC,INEG1J5RPXRC,199,451.05,450.0,89758.95,89550.0,-208.95,2026-10-05
C100128,MARUTI,INEGP9SJFHK1,18,13035.1,12000.0,234631.8,216000.0,-18631.8,2026-10-05
C100128,NTPC,INE9EN4JHSZN,83,360.8,360.0,29946.4,29880.0,-66.4,2026-10-05
C100128,ONGC,INEZV17T1V9X,54,270.15,270.0,14588.1,14580.0,-8.1,2026-10-05
C100128,TITAN,INE2SKMKJ3KT,52,2433.17,3300.0,126524.84,171600.0,45075.16,2026-10-05
C100128,WIPRO,INEAL1BEZ79D,271,434.54,480.0,117760.34,130080.0,12319.66,2026-10-05
C100129,AXISBANK,INEE5UMP3ASU,98,1164.89,1150.0,114159.22,112700.0,-1459.22,2026-10-05
C100129,HDFCBANK,INEUFHC6XSMD,19,1669.5,1650.0,31720.5,31350.0,-370.5,2026-10-05
C100129,INFY,INETJFF73JW2,98,1451.98,1600.0,142294.04,156800.0,14505.96,2026-10-05
C100129,LT,INEYDBWC2FT6,15,3006.42,3500.0,45096.3,52500.0,7403.7,2026-10-05
C100129,SBIN,INEZFWPSR6CF,465,737.74,800.0,343049.1,372000.0,28950.9,2026-10-05
C100129,TATAMOTORS,INEDDETA5B03,9,953.0,950.0,8577.0,8550.0,-27.0,2026-10-05
C100130,AXISBANK,INEE5UMP3ASU,135,1154.13,1150.0,155807.55,155250.0,-557.55,2026-10-05
C100130,BHARTIARTL,INEF4PGB7KNX,152,1140.85,1400.0,173409.2,212800.0,39390.8,2026-10-05
C100130,ITC,INEG1J5RPXRC,241,468.76,450.0,112971.16,108450.0,-4521.16,2026-10-05
C100130,RELIANCE,INE3SNEEV2P6,101,2532.39,2900.0,255771.39,292900.0,37128.61,2026-10-05
C100130,WIPRO,INEAL1BEZ79D,152,519.43,480.0,78953.36,72960.0,-5993.36,2026-10-05
C100131,ASIANPAINT,INE3SQPFQ5WH,93,2398.35,2900.0,223046.55,269700.0,46653.45,2026-10-05
C100131,AXISBANK,INEE5UMP3ASU,158,869.86,1150.0,137437.88,181700.0,44262.12,2026-10-05
C100131,HDFCBANK,INEUFHC6XSMD,34,1701.46,1650.0,57849.64,56100.0,-1749.64,2026-10-05
C100131,HINDUNILVR,INE4U6T0TSSN,39,2167.0,2400.0,84513.0,93600.0,9087.0,2026-10-05
C100131,INFY,INETJFF73JW2,38,1609.19,1600.0,61149.22,60800.0,-349.22,2026-10-05
C100131,LT,INEYDBWC2FT6,33,3660.21,3500.0,120786.93,115500.0,-5286.93,2026-10-05
C100131,MARUTI,INEGP9SJFHK1,2,12995.25,12000.0,25990.5,24000.0,-1990.5,2026-10-05
C100131,RELIANCE,INE3SNEEV2P6,75,2470.63,2900.0,185297.25,217500.0,32202.75,2026-10-05
C100132,ASIANPAINT,INE3SQPFQ5WH,5,2844.65,2900.0,14223.25,14500.0,276.75,2026-10-05
C100132,HDFCBANK,INEUFHC6XSMD,101,1337.0,1650.0,135037.0,166650.0,31613.0,2026-10-05
C100132,ICICIBANK,INEVU9M5RPC2,5,1213.45,1200.0,6067.25,6000.0,-67.25,2026-10-05
C100132,ITC,INEG1J5RPXRC,556,319.27,450.0,177514.12,250200.0,72685.88,2026-10-05
C100132,KOTAKBANK,INEETUDW98PM,28,1793.5,1750.0,50218.0,49000.0,-1218.0,2026-10-05
C100132,ONGC,INEZV17T1V9X,466,243.0,270.0,113238.0,125820.0,12582.0,2026-10-05
C100132,RELIANCE,INE3SNEEV2P6,6,2986.78,2900.0,17920.68,17400.0,-520.68,2026-10-05
C100132,SBIN,INEZFWPSR6CF,328,834.65,800.0,273765.2,262400.0,-11365.2,2026-10-05
C100133,AXISBANK,INEE5UMP3ASU,217,852.11,1150.0,184907.87,249550.0,64642.13,2026-10-05
C100133,BHARTIARTL,INEF4PGB7KNX,93,1480.35,1400.0,137672.55,130200.0,-7472.55,2026-10-05
C100133,HINDUNILVR,INE4U6T0TSSN,15,2434.3,2400.0,36514.5,36000.0,-514.5,2026-10-05
C100133,ITC,INEG1J5RPXRC,590,350.69,450.0,206907.1,265500.0,58592.9,2026-10-05
C100133,MARUTI,INEGP9SJFHK1,1,11871.3,12000.0,11871.3,12000.0,128.7,2026-10-05
C100133,NTPC,INE9EN4JHSZN,391,282.01,360.0,110265.91,140760.0,30494.09,2026-10-05
C100133,RELIANCE,INE3SNEEV2P6,50,2292.65,2900.0,114632.5,145000.0,30367.5,2026-10-05
C100133,TITAN,INE2SKMKJ3KT,71,3443.78,3300.0,244508.38,234300.0,-10208.38,2026-10-05
C100134,BHARTIARTL,INEF4PGB7KNX,105,1333.18,1400.0,139983.9,147000.0,7016.1,2026-10-05
C100134,INFY,INETJFF73JW2,132,1683.99,1600.0,222286.68,211200.0,-11086.68,2026-10-05
C100134,ITC,INEG1J5RPXRC,166,449.07,450.0,74545.62,74700.0,154.38,2026-10-05
C100134,MARUTI,INEGP9SJFHK1,4,12788.28,12000.0,51153.12,48000.0,-3153.12,2026-10-05
C100134,TATAMOTORS,INEDDETA5B03,76,937.75,950.0,71269.0,72200.0,931.0,2026-10-05
C100134,TCS,INE3HZRRQSH4,28,3100.44,3900.0,86812.32,109200.0,22387.68,2026-10-05
C100134,TITAN,INE2SKMKJ3KT,70,3198.71,3300.0,223909.7,231000.0,7090.3,2026-10-05
C100135,HDFCBANK,INEUFHC6XSMD,162,1523.12,1650.0,246745.44,267300.0,20554.56,2026-10-05
C100135,ICICIBANK,INEVU9M5RPC2,46,908.18,1200.0,41776.28,55200.0,13423.72,2026-10-05
C100135,INFY,INETJFF73JW2,146,1284.73,1600.0,187570.58,233600.0,46029.42,2026-10-05
C100135,ITC,INEG1J5RPXRC,47,445.5,450.0,20938.5,21150.0,211.5,2026-10-05
C100135,KOTAKBANK,INEETUDW98PM,146,1377.66,1750.0,201138.36,255500.0,54361.64,2026-10-05
C100135,MARUTI,INEGP9SJFHK1,1,12016.45,12000.0,12016.45,12000.0,-16.45,2026-10-05
C100135,ONGC,INEZV17T1V9X,457,262.75,270.0,120076.75,123390.0,3313.25,2026-10-05
C100135,RELIANCE,INE3SNEEV2P6,36,2827.5,2900.0,101790.0,104400.0,2610.0,2026-10-05
C100135,SBIN,INEZFWPSR6CF,226,842.97,800.0,190511.22,180800.0,-9711.22,2026-10-05
C100135,TATAMOTORS,INEDDETA5B03,15,946.61,950.0,14199.15,14250.0,50.85,2026-10-05
C100135,TITAN,INE2SKMKJ3KT,60,2337.37,3300.0,140242.2,198000.0,57757.8,2026-10-05
C100136,AXISBANK,INEE5UMP3ASU,3,1177.05,1150.0,3531.15,3450.0,-81.15,2026-10-05
C100136,HDFCBANK,INEUFHC6XSMD,159,1455.62,1650.0,231443.58,262350.0,30906.42,2026-10-05
C100136,HINDUNILVR,INE4U6T0TSSN,89,1913.57,2400.0,170307.73,213600.0,43292.27,2026-10-05
C100136,SUNPHARMA,INE483ENNGVK,144,1492.54,1700.0,214925.76,244800.0,29874.24,2026-10-05
C100136,TATAMOTORS,INEDDETA5B03,94,974.27,950.0,91581.38,89300.0,-2281.38,2026-10-05
C100137,ASIANPAINT,INE3SQPFQ5WH,9,2854.73,2900.0,25692.57,26100.0,407.43,2026-10-05
C100137,AXISBANK,INEE5UMP3ASU,123,1194.16,1150.0,146881.68,141450.0,-5431.68,2026-10-05
C100137,BHARTIARTL,INEF4PGB7KNX,43,1366.1,1400.0,58742.3,60200.0,1457.7,2026-10-05
C100137,INFY,INETJFF73JW2,112,1617.05,1600.0,181109.6,179200.0,-1909.6,2026-10-05
C100137,RELIANCE,INE3SNEEV2P6,32,2980.21,2900.0,95366.72,92800.0,-2566.72,2026-10-05
C100137,SBIN,INEZFWPSR6CF,227,650.6,800.0,147686.2,181600.0,33913.8,2026-10-05
C100137,SUNPHARMA,INE483ENNGVK,76,1396.04,1700.0,106099.04,129200.0,23100.96,2026-10-05
C100138,AXISBANK,INEE5UMP3ASU,2,1143.75,1150.0,2287.5,2300.0,12.5,2026-10-05
C100138,BHARTIARTL,INEF4PGB7KNX,112,988.04,1400.0,110660.48,156800.0,46139.52,2026-10-05
C100138,HINDUNILVR,INE4U6T0TSSN,9,1960.89,2400.0,17648.01,21600.0,3951.99,2026-10-05
C100138,KOTAKBANK,INEETUDW98PM,93,1561.67,1750.0,145235.31,162750.0,17514.69,2026-10-05
C100138,ONGC,INEZV17T1V9X,621,256.69,270.0,159404.49,167670.0,8265.51,2026-10-05
C100138,SUNPHARMA,INE483ENNGVK,154,1856.76,1700.0,285941.04,261800.0,-24141.04,2026-10-05
C100138,TITAN,INE2SKMKJ3KT,89,2865.62,3300.0,255040.18,293700.0,38659.82,2026-10-05
C100138,WIPRO,INEAL1BEZ79D,416,418.5,480.0,174096.0,199680.0,25584.0,2026-10-05
C100139,ASIANPAINT,INE3SQPFQ5WH,72,2174.26,2900.0,156546.72,208800.0,52253.28,2026-10-05
C100139,AXISBANK,INEE5UMP3ASU,136,1094.28,1150.0,148822.08,156400.0,7577.92,2026-10-05
C100139,ONGC,INEZV17T1V9X,425,189.49,270.0,80533.25,114750.0,34216.75,2026-10-05
C100140,HDFCBANK,INEUFHC6XSMD,19,1657.3,1650.0,31488.7,31350.0,-138.7,2026-10-05
C100140,HINDUNILVR,INE4U6T0TSSN,95,2214.17,2400.0,210346.15,228000.0,17653.85,2026-10-05
C100140,INFY,INETJFF73JW2,131,1204.7,1600.0,157815.7,209600.0,51784.3,2026-10-05
C100140,ONGC,INEZV17T1V9X,899,239.94,270.0,215706.06,242730.0,27023.94,2026-10-05
C100140,SBIN,INEZFWPSR6CF,177,839.82,800.0,148648.14,141600.0,-7048.14,2026-10-05
C100140,TATAMOTORS,INEDDETA5B03,21,950.49,950.0,19960.29,19950.0,-10.29,2026-10-05
C100140,TCS,INE3HZRRQSH4,68,3380.28,3900.0,229859.04,265200.0,35340.96,2026-10-05
C100140,TITAN,INE2SKMKJ3KT,79,2716.78,3300.0,214625.62,260700.0,46074.38,2026-10-05
C100141,AXISBANK,INEE5UMP3ASU,122,1033.87,1150.0,126132.14,140300.0,14167.86,2026-10-05
C100141,ICICIBANK,INEVU9M5RPC2,5,1213.1,1200.0,6065.5,6000.0,-65.5,2026-10-05
C100141,ITC,INEG1J5RPXRC,649,388.89,450.0,252389.61,292050.0,39660.39,2026-10-05
C100141,MARUTI,INEGP9SJFHK1,15,11429.15,12000.0,171437.25,180000.0,8562.75,2026-10-05
C100141,NTPC,INE9EN4JHSZN,130,379.65,360.0,49354.5,46800.0,-2554.5,2026-10-05
C100141,ONGC,INEZV17T1V9X,605,194.13,270.0,117448.65,163350.0,45901.35,2026-10-05
C100141,SUNPHARMA,INE483ENNGVK,5,1649.3,1700.0,8246.5,8500.0,253.5,2026-10-05
C100142,ASIANPAINT,INE3SQPFQ5WH,3,2945.15,2900.0,8835.45,8700.0,-135.45,2026-10-05
C100142,ICICIBANK,INEVU9M5RPC2,211,1188.65,1200.0,250805.15,253200.0,2394.85,2026-10-05
C100142,LT,INEYDBWC2FT6,33,3492.18,3500.0,115241.94,115500.0,258.06,2026-10-05
C100142,NTPC,INE9EN4JHSZN,18,341.03,360.0,6138.54,6480.0,341.46,2026-10-05
C100142,SBIN,INEZFWPSR6CF,81,794.3,800.0,64338.3,64800.0,461.7,2026-10-05
C100142,TATAMOTORS,INEDDETA5B03,158,774.68,950.0,122399.44,150100.0,27700.56,2026-10-05
C100143,AXISBANK,INEE5UMP3ASU,6,1104.25,1150.0,6625.5,6900.0,274.5,2026-10-05
C100143,HINDUNILVR,INE4U6T0TSSN,33,2374.36,2400.0,78353.88,79200.0,846.12,2026-10-05
C100143,ICICIBANK,INEVU9M5RPC2,188,1112.58,1200.0,209165.04,225600.0,16434.96,2026-10-05
C100143,ITC,INEG1J5RPXRC,372,349.09,450.0,129861.48,167400.0,37538.52,2026-10-05
C100143,MARUTI,INEGP9SJFHK1,8,8590.02,12000.0,68720.16,96000.0,27279.84,2026-10-05
C100143,RELIANCE,INE3SNEEV2P6,17,2934.35,2900.0,49883.95,49300.0,-583.95,2026-10-05
C100143,WIPRO,INEAL1BEZ79D,311,379.9,480.0,118148.9,149280.0,31131.1,2026-10-05
C100144,HDFCBANK,INEUFHC6XSMD,8,1628.54,1650.0,13028.32,13200.0,171.68,2026-10-05
C100144,HINDUNILVR,INE4U6T0TSSN,81,2617.74,2400.0,212036.94,194400.0,-17636.94,2026-10-05
C100144,INFY,INETJFF73JW2,159,1714.08,1600.0,272538.72,254400.0,-18138.72,2026-10-05
C100144,ITC,INEG1J5RPXRC,544,396.72,450.0,215815.68,244800.0,28984.32,2026-10-05
C100144,LT,INEYDBWC2FT6,43,2707.57,3500.0,116425.51,150500.0,34074.49,2026-10-05
C100144,TITAN,INE2SKMKJ3KT,43,3020.51,3300.0,129881.93,141900.0,12018.07,2026-10-05
C100144,WIPRO,INEAL1BEZ79D,165,511.21,480.0,84349.65,79200.0,-5149.65,2026-10-05
C100145,ASIANPAINT,INE3SQPFQ5WH,87,2286.39,2900.0,198915.93,252300.0,53384.07,2026-10-05
C100145,HDFCBANK,INEUFHC6XSMD,11,1651.54,1650.0,18166.94,18150.0,-16.94,2026-10-05
C100145,ICICIBANK,INEVU9M5RPC2,75,1050.29,1200.0,78771.75,90000.0,11228.25,2026-10-05
C100145,ITC,INEG1J5RPXRC,124,425.42,450.0,52752.08,55800.0,3047.92,2026-10-05
C100145,KOTAKBANK,INEETUDW98PM,1,1761.4,1750.0,1761.4,1750.0,-11.4,2026-10-05
C100145,MARUTI,INEGP9SJFHK1,12,12038.05,12000.0,144456.6,144000.0,-456.6,2026-10-05
C100145,RELIANCE,INE3SNEEV2P6,5,2814.86,2900.0,14074.3,14500.0,425.7,2026-10-05
C100145,SUNPHARMA,INE483ENNGVK,170,1763.43,1700.0,299783.1,289000.0,-10783.1,2026-10-05
C100145,TATAMOTORS,INEDDETA5B03,3,928.15,950.0,2784.45,2850.0,65.55,2026-10-05
C100145,TCS,INE3HZRRQSH4,60,2887.76,3900.0,173265.6,234000.0,60734.4,2026-10-05
C100145,WIPRO,INEAL1BEZ79D,474,481.3,480.0,228136.2,227520.0,-616.2,2026-10-05
C100146,ASIANPAINT,INE3SQPFQ5WH,52,2077.97,2900.0,108054.44,150800.0,42745.56,2026-10-05
C100146,AXISBANK,INEE5UMP3ASU,241,908.15,1150.0,218864.15,277150.0,58285.85,2026-10-05
C100146,HDFCBANK,INEUFHC6XSMD,169,1320.76,1650.0,223208.44,278850.0,55641.56,2026-10-05
C100146,HINDUNILVR,INE4U6T0TSSN,2,2512.4,2400.0,5024.8,4800.0,-224.8,2026-10-05
C100146,MARUTI,INEGP9SJFHK1,1,12729.0,12000.0,12729.0,12000.0,-729.0,2026-10-05
C100146,NTPC,INE9EN4JHSZN,77,359.45,360.0,27677.65,27720.0,42.35,2026-10-05
C100146,RELIANCE,INE3SNEEV2P6,4,2911.0,2900.0,11644.0,11600.0,-44.0,2026-10-05
C100146,TATAMOTORS,INEDDETA5B03,95,966.01,950.0,91770.95,90250.0,-1520.95,2026-10-05
C100147,BHARTIARTL,INEF4PGB7KNX,44,1417.6,1400.0,62374.4,61600.0,-774.4,2026-10-05
C100147,HDFCBANK,INEUFHC6XSMD,59,1442.82,1650.0,85126.38,97350.0,12223.62,2026-10-05
C100147,HINDUNILVR,INE4U6T0TSSN,78,2556.12,2400.0,199377.36,187200.0,-12177.36,2026-10-05
C100147,ICICIBANK,INEVU9M5RPC2,44,1170.36,1200.0,51495.84,52800.0,1304.16,2026-10-05
C100147,ITC,INEG1J5RPXRC,303,444.3,450.0,134622.9,136350.0,1727.1,2026-10-05
C100147,MARUTI,INEGP9SJFHK1,5,11755.72,12000.0,58778.6,60000.0,1221.4,2026-10-05
C100147,NTPC,INE9EN4JHSZN,53,343.21,360.0,18190.13,19080.0,889.87,2026-10-05
C100147,RELIANCE,INE3SNEEV2P6,38,3096.4,2900.0,117663.2,110200.0,-7463.2,2026-10-05
C100147,SUNPHARMA,INE483ENNGVK,31,1218.98,1700.0,37788.38,52700.0,14911.62,2026-10-05
C100147,TATAMOTORS,INEDDETA5B03,215,898.94,950.0,193272.1,204250.0,10977.9,2026-10-05
C100147,WIPRO,INEAL1BEZ79D,475,444.73,480.0,211246.75,228000.0,16753.25,2026-10-05
C100148,ASIANPAINT,INE3SQPFQ5WH,24,3071.28,2900.0,73710.72,69600.0,-4110.72,2026-10-05
C100148,ICICIBANK,INEVU9M5RPC2,12,1231.4,1200.0,14776.8,14400.0,-376.8,2026-10-05
C100148,ITC,INEG1J5RPXRC,190,444.95,450.0,84540.5,85500.0,959.5,2026-10-05
C100148,RELIANCE,INE3SNEEV2P6,18,2946.05,2900.0,53028.9,52200.0,-828.9,2026-10-05
C100148,SBIN,INEZFWPSR6CF,117,609.24,800.0,71281.08,93600.0,22318.92,2026-10-05
C100148,SUNPHARMA,INE483ENNGVK,47,1305.61,1700.0,61363.67,79900.0,18536.33,2026-10-05
C100148,TATAMOTORS,INEDDETA5B03,38,916.25,950.0,34817.5,36100.0,1282.5,2026-10-05
C100148,WIPRO,INEAL1BEZ79D,499,439.16,480.0,219140.84,239520.0,20379.16,2026-10-05
C100149,HINDUNILVR,INE4U6T0TSSN,97,2176.16,2400.0,211087.52,232800.0,21712.48,2026-10-05
C100149,ITC,INEG1J5RPXRC,8,468.0,450.0,3744.0,3600.0,-144.0,2026-10-05
C100149,KOTAKBANK,INEETUDW98PM,168,1379.11,1750.0,231690.48,294000.0,62309.52,2026-10-05
C100149,RELIANCE,INE3SNEEV2P6,170,2981.4,2900.0,506838.0,493000.0,-13838.0,2026-10-05
C100149,SBIN,INEZFWPSR6CF,9,836.05,800.0,7524.45,7200.0,-324.45,2026-10-05
C100149,SUNPHARMA,INE483ENNGVK,173,1659.59,1700.0,287109.07,294100.0,6990.93,2026-10-05
C100149,WIPRO,INEAL1BEZ79D,548,396.08,480.0,217051.84,263040.0,45988.16,2026-10-05
C100150,HINDUNILVR,INE4U6T0TSSN,92,2442.06,2400.0,224669.52,220800.0,-3869.52,2026-10-05
C100150,ICICIBANK,INEVU9M5RPC2,2,1243.3,1200.0,2486.6,2400.0,-86.6,2026-10-05
C100150,INFY,INETJFF73JW2,56,1255.11,1600.0,70286.16,89600.0,19313.84,2026-10-05
C100150,KOTAKBANK,INEETUDW98PM,112,1354.55,1750.0,151709.6,196000.0,44290.4,2026-10-05
C100150,RELIANCE,INE3SNEEV2P6,2,2942.78,2900.0,5885.56,5800.0,-85.56,2026-10-05
C100150,WIPRO,INEAL1BEZ79D,254,403.0,480.0,102362.0,121920.0,19558.0,2026-10-05
C100151,HINDUNILVR,INE4U6T0TSSN,120,2244.14,2400.0,269296.8,288000.0,18703.2,2026-10-05
C100151,INFY,INETJFF73JW2,71,1241.3,1600.0,88132.3,113600.0,25467.7,2026-10-05
C100151,MARUTI,INEGP9SJFHK1,12,11316.52,12000.0,135798.24,144000.0,8201.76,2026-10-05
C100151,NTPC,INE9EN4JHSZN,382,385.47,360.0,147249.54,137520.0,-9729.54,2026-10-05
C100151,TATAMOTORS,INEDDETA5B03,158,1004.82,950.0,158761.56,150100.0,-8661.56,2026-10-05
C100152,BHARTIARTL,INEF4PGB7KNX,41,1411.6,1400.0,57875.6,57400.0,-475.6,2026-10-05
C100152,ICICIBANK,INEVU9M5RPC2,242,1109.95,1200.0,268607.9,290400.0,21792.1,2026-10-05
C100152,ITC,INEG1J5RPXRC,311,369.33,450.0,114861.63,139950.0,25088.37,2026-10-05
C100152,NTPC,INE9EN4JHSZN,696,302.99,360.0,210881.04,250560.0,39678.96,2026-10-05
C100153,ASIANPAINT,INE3SQPFQ5WH,70,2049.86,2900.0,143490.2,203000.0,59509.8,2026-10-05
C100153,BHARTIARTL,INEF4PGB7KNX,23,1053.25,1400.0,24224.75,32200.0,7975.25,2026-10-05
C100153,HDFCBANK,INEUFHC6XSMD,111,1387.77,1650.0,154042.47,183150.0,29107.53,2026-10-05
C100153,HINDUNILVR,INE4U6T0TSSN,14,2546.85,2400.0,35655.9,33600.0,-2055.9,2026-10-05
C100153,ICICIBANK,INEVU9M5RPC2,131,987.03,1200.0,129300.93,157200.0,27899.07,2026-10-05
C100153,MARUTI,INEGP9SJFHK1,6,10105.88,12000.0,60635.28,72000.0,11364.72,2026-10-05
C100153,NTPC,INE9EN4JHSZN,26,370.6,360.0,9635.6,9360.0,-275.6,2026-10-05
C100153,WIPRO,INEAL1BEZ79D,227,355.6,480.0,80721.2,108960.0,28238.8,2026-10-05
C100154,HDFCBANK,INEUFHC6XSMD,135,1437.95,1650.0,194123.25,222750.0,28626.75,2026-10-05
C100154,ICICIBANK,INEVU9M5RPC2,201,1130.91,1200.0,227312.91,241200.0,13887.09,2026-10-05
C100154,KOTAKBANK,INEETUDW98PM,107,1265.26,1750.0,135382.82,187250.0,51867.18,2026-10-05
C100154,NTPC,INE9EN4JHSZN,272,307.48,360.0,83634.56,97920.0,14285.44,2026-10-05
C100154,SBIN,INEZFWPSR6CF,215,677.76,800.0,145718.4,172000.0,26281.6,2026-10-05
C100155,ASIANPAINT,INE3SQPFQ5WH,2,2970.85,2900.0,5941.7,5800.0,-141.7,2026-10-05
C100155,AXISBANK,INEE5UMP3ASU,156,1170.12,1150.0,182538.72,179400.0,-3138.72,2026-10-05
C100155,BHARTIARTL,INEF4PGB7KNX,203,1118.45,1400.0,227045.35,284200.0,57154.65,2026-10-05
C100155,HDFCBANK,INEUFHC6XSMD,36,1494.88,1650.0,53815.68,59400.0,5584.32,2026-10-05
C100155,HINDUNILVR,INE4U6T0TSSN,71,2172.62,2400.0,154256.02,170400.0,16143.98,2026-10-05
C100155,MARUTI,INEGP9SJFHK1,4,10711.4,12000.0,42845.6,48000.0,5154.4,2026-10-05
C100155,ONGC,INEZV17T1V9X,768,239.78,270.0,184151.04,207360.0,23208.96,2026-10-05
C100155,SBIN,INEZFWPSR6CF,65,699.65,800.0,45477.25,52000.0,6522.75,2026-10-05
C100155,TITAN,INE2SKMKJ3KT,42,2982.55,3300.0,125267.1,138600.0,13332.9,2026-10-05
C100156,ASIANPAINT,INE3SQPFQ5WH,96,3186.11,2900.0,305866.56,278400.0,-27466.56,2026-10-05
C100156,AXISBANK,INEE5UMP3ASU,40,1218.7,1150.0,48748.0,46000.0,-2748.0,2026-10-05
C100156,BHARTIARTL,INEF4PGB7KNX,150,1332.73,1400.0,199909.5,210000.0,10090.5,2026-10-05
C100156,HDFCBANK,INEUFHC6XSMD,27,1678.34,1650.0,45315.18,44550.0,-765.18,2026-10-05
C100156,HINDUNILVR,INE4U6T0TSSN,1,2349.45,2400.0,2349.45,2400.0,50.55,2026-10-05
C100156,INFY,INETJFF73JW2,3,1683.8,1600.0,5051.4,4800.0,-251.4,2026-10-05
C100156,ITC,INEG1J5RPXRC,511,398.36,450.0,203561.96,229950.0,26388.04,2026-10-05
C100156,MARUTI,INEGP9SJFHK1,10,11393.76,12000.0,113937.6,120000.0,6062.4,2026-10-05
C100156,SUNPHARMA,INE483ENNGVK,68,1724.63,1700.0,117274.84,115600.0,-1674.84,2026-10-05
C100156,TATAMOTORS,INEDDETA5B03,33,876.65,950.0,28929.45,31350.0,2420.55,2026-10-05
C100156,TITAN,INE2SKMKJ3KT,5,3411.85,3300.0,17059.25,16500.0,-559.25,2026-10-05
C100157,ASIANPAINT,INE3SQPFQ5WH,46,2760.09,2900.0,126964.14,133400.0,6435.86,2026-10-05
C100157,HDFCBANK,INEUFHC6XSMD,53,1518.53,1650.0,80482.09,87450.0,6967.91,2026-10-05
C100157,HINDUNILVR,INE4U6T0TSSN,53,2436.17,2400.0,129117.01,127200.0,-1917.01,2026-10-05
C100157,INFY,INETJFF73JW2,18,1528.73,1600.0,27517.14,28800.0,1282.86,2026-10-05
C100157,ITC,INEG1J5RPXRC,2,433.9,450.0,867.8,900.0,32.2,2026-10-05
C100157,KOTAKBANK,INEETUDW98PM,3,1784.15,1750.0,5352.45,5250.0,-102.45,2026-10-05
C100157,RELIANCE,INE3SNEEV2P6,85,2034.62,2900.0,172942.7,246500.0,73557.3,2026-10-05
C100157,TATAMOTORS,INEDDETA5B03,131,746.28,950.0,97762.68,124450.0,26687.32,2026-10-05
C100158,AXISBANK,INEE5UMP3ASU,106,1022.95,1150.0,108432.7,121900.0,13467.3,2026-10-05
C100158,INFY,INETJFF73JW2,165,1465.01,1600.0,241726.65,264000.0,22273.35,2026-10-05
C100158,ITC,INEG1J5RPXRC,4,451.45,450.0,1805.8,1800.0,-5.8,2026-10-05
C100158,LT,INEYDBWC2FT6,20,2586.19,3500.0,51723.8,70000.0,18276.2,2026-10-05
C100158,ONGC,INEZV17T1V9X,66,267.7,270.0,17668.2,17820.0,151.8,2026-10-05
C100158,RELIANCE,INE3SNEEV2P6,11,2849.27,2900.0,31341.97,31900.0,558.03,2026-10-05
C100159,BHARTIARTL,INEF4PGB7KNX,37,1439.01,1400.0,53243.37,51800.0,-1443.37,2026-10-05
C100159,INFY,INETJFF73JW2,49,1123.34,1600.0,55043.66,78400.0,23356.34,2026-10-05
C100159,ITC,INEG1J5RPXRC,200,460.91,450.0,92182.0,90000.0,-2182.0,2026-10-05
C100159,LT,INEYDBWC2FT6,51,3021.21,3500.0,154081.71,178500.0,24418.29,2026-10-05
C100159,MARUTI,INEGP9SJFHK1,1,12074.3,12000.0,12074.3,12000.0,-74.3,2026-10-05
C100159,RELIANCE,INE3SNEEV2P6,18,3023.7,2900.0,54426.6,52200.0,-2226.6,2026-10-05
C100159,SBIN,INEZFWPSR6CF,110,766.11,800.0,84272.1,88000.0,3727.9,2026-10-05
C100159,SUNPHARMA,INE483ENNGVK,163,1652.7,1700.0,269390.1,277100.0,7709.9,2026-10-05
C100159,TATAMOTORS,INEDDETA5B03,16,1009.85,950.0,16157.6,15200.0,-957.6,2026-10-05
C100159,TCS,INE3HZRRQSH4,1,4105.8,3900.0,4105.8,3900.0,-205.8,2026-10-05
C100159,TITAN,INE2SKMKJ3KT,72,3496.65,3300.0,251758.8,237600.0,-14158.8,2026-10-05
C100159,WIPRO,INEAL1BEZ79D,595,514.41,480.0,306073.95,285600.0,-20473.95,2026-10-05
C100160,ASIANPAINT,INE3SQPFQ5WH,23,2119.26,2900.0,48742.98,66700.0,17957.02,2026-10-05
C100160,AXISBANK,INEE5UMP3ASU,225,1029.26,1150.0,231583.5,258750.0,27166.5,2026-10-05
C100160,BHARTIARTL,INEF4PGB7KNX,119,1293.95,1400.0,153980.05,166600.0,12619.95,2026-10-05
C100160,ICICIBANK,INEVU9M5RPC2,22,1228.3,1200.0,27022.6,26400.0,-622.6,2026-10-05
C100160,INFY,INETJFF73JW2,15,1674.6,1600.0,25119.0,24000.0,-1119.0,2026-10-05
C100160,ITC,INEG1J5RPXRC,204,445.89,450.0,90961.56,91800.0,838.44,2026-10-05
C100160,KOTAKBANK,INEETUDW98PM,20,1797.6,1750.0,35952.0,35000.0,-952.0,2026-10-05
C100160,LT,INEYDBWC2FT6,70,3759.7,3500.0,263179.0,245000.0,-18179.0,2026-10-05
C100160,MARUTI,INEGP9SJFHK1,8,10935.87,12000.0,87486.96,96000.0,8513.04,2026-10-05
C100160,ONGC,INEZV17T1V9X,134,273.43,270.0,36639.62,36180.0,-459.62,2026-10-05
C100160,TATAMOTORS,INEDDETA5B03,69,890.74,950.0,61461.06,65550.0,4088.94,2026-10-05
C100161,HDFCBANK,INEUFHC6XSMD,82,1634.31,1650.0,134013.42,135300.0,1286.58,2026-10-05
C100161,HINDUNILVR,INE4U6T0TSSN,120,1927.03,2400.0,231243.6,288000.0,56756.4,2026-10-05
C100161,KOTAKBANK,INEETUDW98PM,8,1694.75,1750.0,13558.0,14000.0,442.0,2026-10-05
C100161,NTPC,INE9EN4JHSZN,262,278.67,360.0,73011.54,94320.0,21308.46,2026-10-05
C100161,ONGC,INEZV17T1V9X,875,246.03,270.0,215276.25,236250.0,20973.75,2026-10-05
C100161,TITAN,INE2SKMKJ3KT,1,3277.65,3300.0,3277.65,3300.0,22.35,2026-10-05
C100162,ASIANPAINT,INE3SQPFQ5WH,2,2911.75,2900.0,5823.5,5800.0,-23.5,2026-10-05
C100162,HINDUNILVR,INE4U6T0TSSN,15,2346.58,2400.0,35198.7,36000.0,801.3,2026-10-05
C100162,KOTAKBANK,INEETUDW98PM,34,1684.44,1750.0,57270.96,59500.0,2229.04,2026-10-05
C100162,NTPC,INE9EN4JHSZN,399,336.22,360.0,134151.78,143640.0,9488.22,2026-10-05
C100162,ONGC,INEZV17T1V9X,1076,236.95,270.0,254958.2,290520.0,35561.8,2026-10-05
C100162,TITAN,INE2SKMKJ3KT,44,2825.61,3300.0,124326.84,145200.0,20873.16,2026-10-05
C100162,WIPRO,INEAL1BEZ79D,498,464.61,480.0,231375.78,239040.0,7664.22,2026-10-05
C100163,ASIANPAINT,INE3SQPFQ5WH,26,2111.29,2900.0,54893.54,75400.0,20506.46,2026-10-05
C100163,HINDUNILVR,INE4U6T0TSSN,102,2035.28,2400.0,207598.56,244800.0,37201.44,2026-10-05
C100163,ICICIBANK,INEVU9M5RPC2,163,1301.57,1200.0,212155.91,195600.0,-16555.91,2026-10-05
C100163,INFY,INETJFF73JW2,2,1580.5,1600.0,3161.0,3200.0,39.0,2026-10-05
C100163,KOTAKBANK,INEETUDW98PM,76,1602.58,1750.0,121796.08,133000.0,11203.92,2026-10-05
C100163,SBIN,INEZFWPSR6CF,122,829.51,800.0,101200.22,97600.0,-3600.22,2026-10-05
C100163,SUNPHARMA,INE483ENNGVK,7,1735.85,1700.0,12150.95,11900.0,-250.95,2026-10-05
C100163,TCS,INE3HZRRQSH4,13,3540.11,3900.0,46021.43,50700.0,4678.57,2026-10-05
C100163,TITAN,INE2SKMKJ3KT,17,2759.62,3300.0,46913.54,56100.0,9186.46,2026-10-05
C100163,WIPRO,INEAL1BEZ79D,332,375.73,480.0,124742.36,159360.0,34617.64,2026-10-05
C100164,AXISBANK,INEE5UMP3ASU,114,1217.25,1150.0,138766.5,131100.0,-7666.5,2026-10-05
C100164,HINDUNILVR,INE4U6T0TSSN,29,2376.02,2400.0,68904.58,69600.0,695.42,2026-10-05
C100164,INFY,INETJFF73JW2,88,1600.3,1600.0,140826.4,140800.0,-26.4,2026-10-05
C100164,ITC,INEG1J5RPXRC,11,450.79,450.0,4958.69,4950.0,-8.69,2026-10-05
C100164,LT,INEYDBWC2FT6,77,3446.67,3500.0,265393.59,269500.0,4106.41,2026-10-05
C100164,MARUTI,INEGP9SJFHK1,30,10395.79,12000.0,311873.7,360000.0,48126.3,2026-10-05
C100164,NTPC,INE9EN4JHSZN,393,378.28,360.0,148664.04,141480.0,-7184.04,2026-10-05
C100164,ONGC,INEZV17T1V9X,807,243.92,270.0,196843.44,217890.0,21046.56,2026-10-05
C100164,TATAMOTORS,INEDDETA5B03,152,1039.17,950.0,157953.84,144400.0,-13553.84,2026-10-05
C100164,TCS,INE3HZRRQSH4,17,2759.72,3900.0,46915.24,66300.0,19384.76,2026-10-05
C100164,TITAN,INE2SKMKJ3KT,36,2910.3,3300.0,104770.8,118800.0,14029.2,2026-10-05
C100164,WIPRO,INEAL1BEZ79D,116,342.67,480.0,39749.72,55680.0,15930.28,2026-10-05
C100165,HINDUNILVR,INE4U6T0TSSN,1,2244.35,2400.0,2244.35,2400.0,155.65,2026-10-05
C100165,ICICIBANK,INEVU9M5RPC2,246,1264.08,1200.0,310963.68,295200.0,-15763.68,2026-10-05
C100165,INFY,INETJFF73JW2,109,1682.67,1600.0,183411.03,174400.0,-9011.03,2026-10-05
C100165,LT,INEYDBWC2FT6,56,2947.39,3500.0,165053.84,196000.0,30946.16,2026-10-05
C100165,ONGC,INEZV17T1V9X,243,278.64,270.0,67709.52,65610.0,-2099.52,2026-10-05
C100165,TITAN,INE2SKMKJ3KT,82,3391.6,3300.0,278111.2,270600.0,-7511.2,2026-10-05
C100166,AXISBANK,INEE5UMP3ASU,239,879.88,1150.0,210291.32,274850.0,64558.68,2026-10-05
C100166,HINDUNILVR,INE4U6T0TSSN,56,1743.3,2400.0,97624.8,134400.0,36775.2,2026-10-05
C100166,ICICIBANK,INEVU9M5RPC2,5,1176.6,1200.0,5883.0,6000.0,117.0,2026-10-05
C100166,ITC,INEG1J5RPXRC,599,440.36,450.0,263775.64,269550.0,5774.36,2026-10-05
C100166,MARUTI,INEGP9SJFHK1,7,11008.69,12000.0,77060.83,84000.0,6939.17,2026-10-05
C100166,ONGC,INEZV17T1V9X,254,256.19,270.0,65072.26,68580.0,3507.74,2026-10-05
C100167,AXISBANK,INEE5UMP3ASU,196,1098.03,1150.0,215213.88,225400.0,10186.12,2026-10-05
C100167,HDFCBANK,INEUFHC6XSMD,117,1455.04,1650.0,170239.68,193050.0,22810.32,2026-10-05
C100167,HINDUNILVR,INE4U6T0TSSN,5,2438.48,2400.0,12192.4,12000.0,-192.4,2026-10-05
C100167,ICICIBANK,INEVU9M5RPC2,4,1211.7,1200.0,4846.8,4800.0,-46.8,2026-10-05
C100167,RELIANCE,INE3SNEEV2P6,81,2993.88,2900.0,242504.28,234900.0,-7604.28,2026-10-05
C100167,SBIN,INEZFWPSR6CF,16,789.15,800.0,12626.4,12800.0,173.6,2026-10-05
C100168,AXISBANK,INEE5UMP3ASU,171,1068.44,1150.0,182703.24,196650.0,13946.76,2026-10-05
C100168,BHARTIARTL,INEF4PGB7KNX,144,1135.33,1400.0,163487.52,201600.0,38112.48,2026-10-05
C100168,HDFCBANK,INEUFHC6XSMD,175,1440.14,1650.0,252024.5,288750.0,36725.5,2026-10-05
C100168,HINDUNILVR,INE4U6T0TSSN,26,2410.21,2400.0,62665.46,62400.0,-265.46,2026-10-05
C100168,INFY,INETJFF73JW2,40,1644.6,1600.0,65784.0,64000.0,-1784.0,2026-10-05
C100168,MARUTI,INEGP9SJFHK1,5,12618.65,12000.0,63093.25,60000.0,-3093.25,2026-10-05
C100168,ONGC,INEZV17T1V9X,485,294.71,270.0,142934.35,130950.0,-11984.35,2026-10-05
C100168,RELIANCE,INE3SNEEV2P6,102,2158.87,2900.0,220204.74,295800.0,75595.26,2026-10-05
C100168,TATAMOTORS,INEDDETA5B03,124,981.56,950.0,121713.44,117800.0,-3913.44,2026-10-05
C100168,TCS,INE3HZRRQSH4,13,2876.74,3900.0,37397.62,50700.0,13302.38,2026-10-05
C100168,TITAN,INE2SKMKJ3KT,51,2356.87,3300.0,120200.37,168300.0,48099.63,2026-10-05
C100169,ICICIBANK,INEVU9M5RPC2,189,1125.79,1200.0,212774.31,226800.0,14025.69,2026-10-05
C100169,INFY,INETJFF73JW2,105,1250.54,1600.0,131306.7,168000.0,36693.3,2026-10-05
C100169,ITC,INEG1J5RPXRC,346,340.53,450.0,117823.38,155700.0,37876.62,2026-10-05
C100169,KOTAKBANK,INEETUDW98PM,123,1859.6,1750.0,228730.8,215250.0,-13480.8,2026-10-05
C100169,LT,INEYDBWC2FT6,77,3253.65,3500.0,250531.05,269500.0,18968.95,2026-10-05
C100169,MARUTI,INEGP9SJFHK1,20,12809.44,12000.0,256188.8,240000.0,-16188.8,2026-10-05
C100169,RELIANCE,INE3SNEEV2P6,49,2834.9,2900.0,138910.1,142100.0,3189.9,2026-10-05
C100169,SBIN,INEZFWPSR6CF,233,789.78,800.0,184018.74,186400.0,2381.26,2026-10-05
C100169,TATAMOTORS,INEDDETA5B03,55,986.25,950.0,54243.75,52250.0,-1993.75,2026-10-05
C100169,TITAN,INE2SKMKJ3KT,21,3243.03,3300.0,68103.63,69300.0,1196.37,2026-10-05
C100170,HDFCBANK,INEUFHC6XSMD,89,1666.31,1650.0,148301.59,146850.0,-1451.59,2026-10-05
C100170,HINDUNILVR,INE4U6T0TSSN,18,2452.75,2400.0,44149.5,43200.0,-949.5,2026-10-05
C100170,RELIANCE,INE3SNEEV2P6,8,2831.85,2900.0,22654.8,23200.0,545.2,2026-10-05
C100170,SBIN,INEZFWPSR6CF,277,847.87,800.0,234859.99,221600.0,-13259.99,2026-10-05
C100170,TATAMOTORS,INEDDETA5B03,249,771.12,950.0,192008.88,236550.0,44541.12,2026-10-05
C100171,ASIANPAINT,INE3SQPFQ5WH,92,2901.01,2900.0,266892.92,266800.0,-92.92,2026-10-05
C100171,BHARTIARTL,INEF4PGB7KNX,128,1010.62,1400.0,129359.36,179200.0,49840.64,2026-10-05
C100171,ICICIBANK,INEVU9M5RPC2,249,1007.99,1200.0,250989.51,298800.0,47810.49,2026-10-05
C100171,MARUTI,INEGP9SJFHK1,19,9858.87,12000.0,187318.53,228000.0,40681.47,2026-10-05
C100171,NTPC,INE9EN4JHSZN,852,373.25,360.0,318009.0,306720.0,-11289.0,2026-10-05
C100171,SBIN,INEZFWPSR6CF,330,856.1,800.0,282513.0,264000.0,-18513.0,2026-10-05
C100171,TATAMOTORS,INEDDETA5B03,6,987.25,950.0,5923.5,5700.0,-223.5,2026-10-05
C100171,TCS,INE3HZRRQSH4,11,3624.41,3900.0,39868.51,42900.0,3031.49,2026-10-05
C100171,TITAN,INE2SKMKJ3KT,62,3197.11,3300.0,198220.82,204600.0,6379.18,2026-10-05
C100172,AXISBANK,INEE5UMP3ASU,187,1069.97,1150.0,200084.39,215050.0,14965.61,2026-10-05
C100172,ICICIBANK,INEVU9M5RPC2,128,1206.12,1200.0,154383.36,153600.0,-783.36,2026-10-05
C100172,LT,INEYDBWC2FT6,11,3584.85,3500.0,39433.35,38500.0,-933.35,2026-10-05
C100172,NTPC,INE9EN4JHSZN,726,365.92,360.0,265657.92,261360.0,-4297.92,2026-10-05
C100172,SBIN,INEZFWPSR6CF,86,843.54,800.0,72544.44,68800.0,-3744.44,2026-10-05
C100172,TATAMOTORS,INEDDETA5B03,10,955.12,950.0,9551.2,9500.0,-51.2,2026-10-05
C100172,TCS,INE3HZRRQSH4,4,4130.65,3900.0,16522.6,15600.0,-922.6,2026-10-05
C100173,HINDUNILVR,INE4U6T0TSSN,42,1938.42,2400.0,81413.64,100800.0,19386.36,2026-10-05
C100173,INFY,INETJFF73JW2,150,1607.71,1600.0,241156.5,240000.0,-1156.5,2026-10-05
C100173,ITC,INEG1J5RPXRC,379,448.84,450.0,170110.36,170550.0,439.64,2026-10-05
C100173,SUNPHARMA,INE483ENNGVK,87,1667.41,1700.0,145064.67,147900.0,2835.33,2026-10-05
C100173,TATAMOTORS,INEDDETA5B03,173,817.1,950.0,141358.3,164350.0,22991.7,2026-10-05
C100173,TITAN,INE2SKMKJ3KT,1,3384.7,3300.0,3384.7,3300.0,-84.7,2026-10-05
C100174,ASIANPAINT,INE3SQPFQ5WH,69,2976.65,2900.0,205388.85,200100.0,-5288.85,2026-10-05
C100174,BHARTIARTL,INEF4PGB7KNX,99,1203.66,1400.0,119162.34,138600.0,19437.66,2026-10-05
C100174,HDFCBANK,INEUFHC6XSMD,159,1646.41,1650.0,261779.19,262350.0,570.81,2026-10-05
C100174,ICICIBANK,INEVU9M5RPC2,7,1142.14,1200.0,7994.98,8400.0,405.02,2026-10-05
C100174,INFY,INETJFF73JW2,85,1593.72,1600.0,135466.2,136000.0,533.8,2026-10-05
C100174,NTPC,INE9EN4JHSZN,647,310.03,360.0,200589.41,232920.0,32330.59,2026-10-05
C100174,ONGC,INEZV17T1V9X,179,217.41,270.0,38916.39,48330.0,9413.61,2026-10-05
C100174,RELIANCE,INE3SNEEV2P6,12,2905.2,2900.0,34862.4,34800.0,-62.4,2026-10-05
C100174,WIPRO,INEAL1BEZ79D,269,386.55,480.0,103981.95,129120.0,25138.05,2026-10-05
C100175,AXISBANK,INEE5UMP3ASU,256,1001.43,1150.0,256366.08,294400.0,38033.92,2026-10-05
C100175,BHARTIARTL,INEF4PGB7KNX,76,1302.44,1400.0,98985.44,106400.0,7414.56,2026-10-05
C100175,HINDUNILVR,INE4U6T0TSSN,5,2408.74,2400.0,12043.7,12000.0,-43.7,2026-10-05
C100175,ICICIBANK,INEVU9M5RPC2,4,1187.55,1200.0,4750.2,4800.0,49.8,2026-10-05
C100175,ITC,INEG1J5RPXRC,483,410.55,450.0,198295.65,217350.0,19054.35,2026-10-05
C100175,ONGC,INEZV17T1V9X,916,259.74,270.0,237921.84,247320.0,9398.16,2026-10-05
C100175,TCS,INE3HZRRQSH4,50,3849.49,3900.0,192474.5,195000.0,2525.5,2026-10-05
C100176,HINDUNILVR,INE4U6T0TSSN,5,2477.05,2400.0,12385.25,12000.0,-385.25,2026-10-05
C100176,ICICIBANK,INEVU9M5RPC2,116,1093.71,1200.0,126870.36,139200.0,12329.64,2026-10-05
C100176,INFY,INETJFF73JW2,156,1674.31,1600.0,261192.36,249600.0,-11592.36,2026-10-05
C100176,KOTAKBANK,INEETUDW98PM,114,1741.53,1750.0,198534.42,199500.0,965.58,2026-10-05
C100176,MARUTI,INEGP9SJFHK1,11,11762.43,12000.0,129386.73,132000.0,2613.27,2026-10-05
C100176,NTPC,INE9EN4JHSZN,425,389.48,360.0,165529.0,153000.0,-12529.0,2026-10-05
C100176,SUNPHARMA,INE483ENNGVK,88,1306.91,1700.0,115008.08,149600.0,34591.92,2026-10-05
C100176,TITAN,INE2SKMKJ3KT,36,3225.65,3300.0,116123.4,118800.0,2676.6,2026-10-05
C100177,HINDUNILVR,INE4U6T0TSSN,89,2059.34,2400.0,183281.26,213600.0,30318.74,2026-10-05
C100177,ICICIBANK,INEVU9M5RPC2,22,1175.94,1200.0,25870.68,26400.0,529.32,2026-10-05
C100177,ITC,INEG1J5RPXRC,53,447.67,450.0,23726.51,23850.0,123.49,2026-10-05
C100177,RELIANCE,INE3SNEEV2P6,1,2864.8,2900.0,2864.8,2900.0,35.2,2026-10-05
C100177,TCS,INE3HZRRQSH4,44,4236.54,3900.0,186407.76,171600.0,-14807.76,2026-10-05
C100177,TITAN,INE2SKMKJ3KT,58,2769.65,3300.0,160639.7,191400.0,30760.3,2026-10-05
C100178,BHARTIARTL,INEF4PGB7KNX,6,1362.12,1400.0,8172.72,8400.0,227.28,2026-10-05
C100178,ITC,INEG1J5RPXRC,498,430.55,450.0,214413.9,224100.0,9686.1,2026-10-05
C100178,KOTAKBANK,INEETUDW98PM,83,1231.38,1750.0,102204.54,145250.0,43045.46,2026-10-05
C100178,SBIN,INEZFWPSR6CF,35,793.06,800.0,27757.1,28000.0,242.9,2026-10-05
C100178,TITAN,INE2SKMKJ3KT,37,3306.35,3300.0,122334.95,122100.0,-234.95,2026-10-05
C100178,WIPRO,INEAL1BEZ79D,282,476.45,480.0,134358.9,135360.0,1001.1,2026-10-05
C100179,ASIANPAINT,INE3SQPFQ5WH,52,2627.9,2900.0,136650.8,150800.0,14149.2,2026-10-05
C100179,AXISBANK,INEE5UMP3ASU,26,1162.65,1150.0,30228.9,29900.0,-328.9,2026-10-05
C100179,BHARTIARTL,INEF4PGB7KNX,108,1255.48,1400.0,135591.84,151200.0,15608.16,2026-10-05
C100179,HDFCBANK,INEUFHC6XSMD,70,1613.41,1650.0,112938.7,115500.0,2561.3,2026-10-05
C100179,LT,INEYDBWC2FT6,47,3422.57,3500.0,160860.79,164500.0,3639.21,2026-10-05
C100179,MARUTI,INEGP9SJFHK1,9,12912.9,12000.0,116216.1,108000.0,-8216.1,2026-10-05
C100179,RELIANCE,INE3SNEEV2P6,32,2862.8,2900.0,91609.6,92800.0,1190.4,2026-10-05
C100179,SUNPHARMA,INE483ENNGVK,115,1347.72,1700.0,154987.8,195500.0,40512.2,2026-10-05
C100179,TCS,INE3HZRRQSH4,72,3971.01,3900.0,285912.72,280800.0,-5112.72,2026-10-05
C100180,AXISBANK,INEE5UMP3ASU,29,1157.1,1150.0,33555.9,33350.0,-205.9,2026-10-05
C100180,HINDUNILVR,INE4U6T0TSSN,30,2405.72,2400.0,72171.6,72000.0,-171.6,2026-10-05
C100180,ONGC,INEZV17T1V9X,1090,260.54,270.0,283988.6,294300.0,10311.4,2026-10-05
C100180,RELIANCE,INE3SNEEV2P6,63,2770.48,2900.0,174540.24,182700.0,8159.76,2026-10-05
C100180,SBIN,INEZFWPSR6CF,35,778.6,800.0,27251.0,28000.0,749.0,2026-10-05
C100180,TATAMOTORS,INEDDETA5B03,120,964.53,950.0,115743.6,114000.0,-1743.6,2026-10-05
C100181,HDFCBANK,INEUFHC6XSMD,139,1706.71,1650.0,237232.69,229350.0,-7882.69,2026-10-05
C100181,ICICIBANK,INEVU9M5RPC2,166,864.45,1200.0,143498.7,199200.0,55701.3,2026-10-05
C100181,ITC,INEG1J5RPXRC,106,469.85,450.0,49804.1,47700.0,-2104.1,2026-10-05
C100181,LT,INEYDBWC2FT6,49,2533.37,3500.0,124135.13,171500.0,47364.87,2026-10-05
C100181,TATAMOTORS,INEDDETA5B03,168,1037.96,950.0,174377.28,159600.0,-14777.28,2026-10-05
C100182,BHARTIARTL,INEF4PGB7KNX,4,1438.7,1400.0,5754.8,5600.0,-154.8,2026-10-05
C100182,ICICIBANK,INEVU9M5RPC2,38,1178.58,1200.0,44786.04,45600.0,813.96,2026-10-05
C100182,MARUTI,INEGP9SJFHK1,18,11696.21,12000.0,210531.78,216000.0,5468.22,2026-10-05
C100182,NTPC,INE9EN4JHSZN,130,383.61,360.0,49869.3,46800.0,-3069.3,2026-10-05
C100182,ONGC,INEZV17T1V9X,943,225.36,270.0,212514.48,254610.0,42095.52,2026-10-05
C100182,RELIANCE,INE3SNEEV2P6,12,3053.55,2900.0,36642.6,34800.0,-1842.6,2026-10-05
C100182,TCS,INE3HZRRQSH4,69,3490.38,3900.0,240836.22,269100.0,28263.78,2026-10-05
C100182,WIPRO,INEAL1BEZ79D,559,520.61,480.0,291020.99,268320.0,-22700.99,2026-10-05
C100183,AXISBANK,INEE5UMP3ASU,62,1152.22,1150.0,71437.64,71300.0,-137.64,2026-10-05
C100183,ICICIBANK,INEVU9M5RPC2,144,1092.38,1200.0,157302.72,172800.0,15497.28,2026-10-05
C100183,NTPC,INE9EN4JHSZN,309,297.69,360.0,91986.21,111240.0,19253.79,2026-10-05
C100183,RELIANCE,INE3SNEEV2P6,73,2910.18,2900.0,212443.14,211700.0,-743.14,2026-10-05
C100184,ASIANPAINT,INE3SQPFQ5WH,10,2986.9,2900.0,29869.0,29000.0,-869.0,2026-10-05
C100184,HDFCBANK,INEUFHC6XSMD,44,1572.23,1650.0,69178.12,72600.0,3421.88,2026-10-05
C100184,INFY,INETJFF73JW2,157,1327.68,1600.0,208445.76,251200.0,42754.24,2026-10-05
C100184,ITC,INEG1J5RPXRC,434,392.65,450.0,170410.1,195300.0,24889.9,2026-10-05
C100184,KOTAKBANK,INEETUDW98PM,57,1732.9,1750.0,98775.3,99750.0,974.7,2026-10-05
C100184,MARUTI,INEGP9SJFHK1,14,8697.83,12000.0,121769.62,168000.0,46230.38,2026-10-05
C100184,RELIANCE,INE3SNEEV2P6,66,2435.04,2900.0,160712.64,191400.0,30687.36,2026-10-05
C100184,SUNPHARMA,INE483ENNGVK,74,1768.82,1700.0,130892.68,125800.0,-5092.68,2026-10-05
C100184,TITAN,INE2SKMKJ3KT,43,3288.46,3300.0,141403.78,141900.0,496.22,2026-10-05
C100184,WIPRO,INEAL1BEZ79D,258,527.8,480.0,136172.4,123840.0,-12332.4,2026-10-05
C100185,ASIANPAINT,INE3SQPFQ5WH,50,2269.52,2900.0,113476.0,145000.0,31524.0,2026-10-05
C100185,AXISBANK,INEE5UMP3ASU,136,1247.57,1150.0,169669.52,156400.0,-13269.52,2026-10-05
C100185,HINDUNILVR,INE4U6T0TSSN,5,2374.62,2400.0,11873.1,12000.0,126.9,2026-10-05
C100185,INFY,INETJFF73JW2,124,1509.62,1600.0,187192.88,198400.0,11207.12,2026-10-05
C100185,KOTAKBANK,INEETUDW98PM,167,1826.43,1750.0,305013.81,292250.0,-12763.81,2026-10-05
C100185,MARUTI,INEGP9SJFHK1,24,12393.25,12000.0,297438.0,288000.0,-9438.0,2026-10-05
C100185,NTPC,INE9EN4JHSZN,15,335.5,360.0,5032.5,5400.0,367.5,2026-10-05
C100185,ONGC,INEZV17T1V9X,142,266.96,270.0,37908.32,38340.0,431.68,2026-10-05
C100185,RELIANCE,INE3SNEEV2P6,32,2523.8,2900.0,80761.6,92800.0,12038.4,2026-10-05
C100186,HINDUNILVR,INE4U6T0TSSN,139,2158.64,2400.0,300050.96,333600.0,33549.04,2026-10-05
C100186,NTPC,INE9EN4JHSZN,9,347.0,360.0,3123.0,3240.0,117.0,2026-10-05
C100186,ONGC,INEZV17T1V9X,1011,218.87,270.0,221277.57,272970.0,51692.43,2026-10-05
C100186,SBIN,INEZFWPSR6CF,232,737.18,800.0,171025.76,185600.0,14574.24,2026-10-05
C100186,TATAMOTORS,INEDDETA5B03,19,961.15,950.0,18261.85,18050.0,-211.85,2026-10-05
C100187,AXISBANK,INEE5UMP3ASU,10,1195.24,1150.0,11952.4,11500.0,-452.4,2026-10-05
C100187,BHARTIARTL,INEF4PGB7KNX,66,1024.37,1400.0,67608.42,92400.0,24791.58,2026-10-05
C100187,ITC,INEG1J5RPXRC,230,424.83,450.0,97710.9,103500.0,5789.1,2026-10-05
C100187,TATAMOTORS,INEDDETA5B03,54,932.5,950.0,50355.0,51300.0,945.0,2026-10-05
C100187,WIPRO,INEAL1BEZ79D,370,352.24,480.0,130328.8,177600.0,47271.2,2026-10-05
C100188,AXISBANK,INEE5UMP3ASU,165,1121.95,1150.0,185121.75,189750.0,4628.25,2026-10-05
C100188,HDFCBANK,INEUFHC6XSMD,108,1710.55,1650.0,184739.4,178200.0,-6539.4,2026-10-05
C100188,HINDUNILVR,INE4U6T0TSSN,3,2519.8,2400.0,7559.4,7200.0,-359.4,2026-10-05
C100188,ITC,INEG1J5RPXRC,172,458.67,450.0,78891.24,77400.0,-1491.24,2026-10-05
C100188,KOTAKBANK,INEETUDW98PM,4,1748.24,1750.0,6992.96,7000.0,7.04,2026-10-05
C100188,MARUTI,INEGP9SJFHK1,2,11766.95,12000.0,23533.9,24000.0,466.1,2026-10-05
C100188,SUNPHARMA,INE483ENNGVK,28,1624.42,1700.0,45483.76,47600.0,2116.24,2026-10-05
C100188,TCS,INE3HZRRQSH4,62,3635.0,3900.0,225370.0,241800.0,16430.0,2026-10-05
C100189,ITC,INEG1J5RPXRC,427,376.3,450.0,160680.1,192150.0,31469.9,2026-10-05
C100189,RELIANCE,INE3SNEEV2P6,32,2586.59,2900.0,82770.88,92800.0,10029.12,2026-10-05
C100189,SBIN,INEZFWPSR6CF,226,837.56,800.0,189288.56,180800.0,-8488.56,2026-10-05
C100189,SUNPHARMA,INE483ENNGVK,81,1661.64,1700.0,134592.84,137700.0,3107.16,2026-10-05
C100189,WIPRO,INEAL1BEZ79D,465,450.06,480.0,209277.9,223200.0,13922.1,2026-10-05
C100190,BHARTIARTL,INEF4PGB7KNX,129,1409.17,1400.0,181782.93,180600.0,-1182.93,2026-10-05
C100190,HINDUNILVR,INE4U6T0TSSN,41,2637.93,2400.0,108155.13,98400.0,-9755.13,2026-10-05
C100190,ICICIBANK,INEVU9M5RPC2,103,1147.69,1200.0,118212.07,123600.0,5387.93,2026-10-05
C100190,INFY,INETJFF73JW2,6,1582.88,1600.0,9497.28,9600.0,102.72,2026-10-05
C100190,ITC,INEG1J5RPXRC,662,455.74,450.0,301699.88,297900.0,-3799.88,2026-10-05
C100190,WIPRO,INEAL1BEZ79D,427,456.78,480.0,195045.06,204960.0,9914.94,2026-10-05
C100191,AXISBANK,INEE5UMP3ASU,5,1155.05,1150.0,5775.25,5750.0,-25.25,2026-10-05
C100191,HDFCBANK,INEUFHC6XSMD,9,1600.96,1650.0,14408.64,14850.0,441.36,2026-10-05
C100191,HINDUNILVR,INE4U6T0TSSN,20,2036.93,2400.0,40738.6,48000.0,7261.4,2026-10-05
C100191,KOTAKBANK,INEETUDW98PM,31,1825.3,1750.0,56584.3,54250.0,-2334.3,2026-10-05
C100191,SBIN,INEZFWPSR6CF,169,643.9,800.0,108819.1,135200.0,26380.9,2026-10-05
C100191,TITAN,INE2SKMKJ3KT,48,3368.48,3300.0,161687.04,158400.0,-3287.04,2026-10-05
C100192,AXISBANK,INEE5UMP3ASU,1,1164.3,1150.0,1164.3,1150.0,-14.3,2026-10-05
C100192,BHARTIARTL,INEF4PGB7KNX,25,1398.76,1400.0,34969.0,35000.0,31.0,2026-10-05
C100192,INFY,INETJFF73JW2,169,1555.67,1600.0,262908.23,270400.0,7491.77,2026-10-05
C100192,ITC,INEG1J5RPXRC,23,449.35,450.0,10335.05,10350.0,14.95,2026-10-05
C100192,MARUTI,INEGP9SJFHK1,12,9866.27,12000.0,118395.24,144000.0,25604.76,2026-10-05
C100192,ONGC,INEZV17T1V9X,1032,266.75,270.0,275286.0,278640.0,3354.0,2026-10-05
C100192,SBIN,INEZFWPSR6CF,59,838.93,800.0,49496.87,47200.0,-2296.87,2026-10-05
C100192,TCS,INE3HZRRQSH4,62,3400.81,3900.0,210850.22,241800.0,30949.78,2026-10-05
C100192,TITAN,INE2SKMKJ3KT,71,3013.07,3300.0,213927.97,234300.0,20372.03,2026-10-05
C100193,AXISBANK,INEE5UMP3ASU,103,836.79,1150.0,86189.37,118450.0,32260.63,2026-10-05
C100193,BHARTIARTL,INEF4PGB7KNX,95,1117.15,1400.0,106129.25,133000.0,26870.75,2026-10-05
C100193,HINDUNILVR,INE4U6T0TSSN,2,2349.5,2400.0,4699.0,4800.0,101.0,2026-10-05
C100193,ITC,INEG1J5RPXRC,337,426.81,450.0,143834.97,151650.0,7815.03,2026-10-05
C100193,LT,INEYDBWC2FT6,29,2967.24,3500.0,86049.96,101500.0,15450.04,2026-10-05
C100193,NTPC,INE9EN4JHSZN,92,350.0,360.0,32200.0,33120.0,920.0,2026-10-05
C100194,HDFCBANK,INEUFHC6XSMD,3,1654.1,1650.0,4962.3,4950.0,-12.3,2026-10-05
C100194,ITC,INEG1J5RPXRC,668,363.02,450.0,242497.36,300600.0,58102.64,2026-10-05
C100194,KOTAKBANK,INEETUDW98PM,20,1738.05,1750.0,34761.0,35000.0,239.0,2026-10-05
C100194,NTPC,INE9EN4JHSZN,667,382.99,360.0,255454.33,240120.0,-15334.33,2026-10-05
C100194,RELIANCE,INE3SNEEV2P6,65,2034.22,2900.0,132224.3,188500.0,56275.7,2026-10-05
C100194,SBIN,INEZFWPSR6CF,225,567.78,800.0,127750.5,180000.0,52249.5,2026-10-05
C100194,TATAMOTORS,INEDDETA5B03,6,935.2,950.0,5611.2,5700.0,88.8,2026-10-05
C100195,BHARTIARTL,INEF4PGB7KNX,64,1148.59,1400.0,73509.76,89600.0,16090.24,2026-10-05
C100195,HINDUNILVR,INE4U6T0TSSN,73,2579.82,2400.0,188326.86,175200.0,-13126.86,2026-10-05
C100195,ICICIBANK,INEVU9M5RPC2,124,950.23,1200.0,117828.52,148800.0,30971.48,2026-10-05
C100195,NTPC,INE9EN4JHSZN,35,357.7,360.0,12519.5,12600.0,80.5,2026-10-05
C100195,ONGC,INEZV17T1V9X,1007,191.91,270.0,193253.37,271890.0,78636.63,2026-10-05
C100195,WIPRO,INEAL1BEZ79D,424,365.13,480.0,154815.12,203520.0,48704.88,2026-10-05
C100196,BHARTIARTL,INEF4PGB7KNX,6,1359.05,1400.0,8154.3,8400.0,245.7,2026-10-05
C100196,HINDUNILVR,INE4U6T0TSSN,111,2529.91,2400.0,280820.01,266400.0,-14420.01,2026-10-05
C100196,ICICIBANK,INEVU9M5RPC2,166,1139.12,1200.0,189093.92,199200.0,10106.08,2026-10-05
C100196,MARUTI,INEGP9SJFHK1,4,12286.19,12000.0,49144.76,48000.0,-1144.76,2026-10-05
C100196,NTPC,INE9EN4JHSZN,172,307.16,360.0,52831.52,61920.0,9088.48,2026-10-05
C100196,RELIANCE,INE3SNEEV2P6,10,2999.19,2900.0,29991.9,29000.0,-991.9,2026-10-05
C100196,SBIN,INEZFWPSR6CF,329,638.38,800.0,210027.02,263200.0,53172.98,2026-10-05
C100196,TATAMOTORS,INEDDETA5B03,253,828.66,950.0,209650.98,240350.0,30699.02,2026-10-05
C100196,WIPRO,INEAL1BEZ79D,544,456.03,480.0,248080.32,261120.0,13039.68,2026-10-05
C100197,ASIANPAINT,INE3SQPFQ5WH,62,2032.85,2900.0,126036.7,179800.0,53763.3,2026-10-05
C100197,HDFCBANK,INEUFHC6XSMD,2,1651.25,1650.0,3302.5,3300.0,-2.5,2026-10-05
C100197,HINDUNILVR,INE4U6T0TSSN,73,2182.03,2400.0,159288.19,175200.0,15911.81,2026-10-05
C100197,ICICIBANK,INEVU9M5RPC2,54,1233.96,1200.0,66633.84,64800.0,-1833.84,2026-10-05
C100197,INFY,INETJFF73JW2,158,1683.55,1600.0,266000.9,252800.0,-13200.9,2026-10-05
C100197,KOTAKBANK,INEETUDW98PM,89,1882.62,1750.0,167553.18,155750.0,-11803.18,2026-10-05
C100197,LT,INEYDBWC2FT6,85,3683.02,3500.0,313056.7,297500.0,-15556.7,2026-10-05
C100197,NTPC,INE9EN4JHSZN,244,306.1,360.0,74688.4,87840.0,13151.6,2026-10-05
C100197,ONGC,INEZV17T1V9X,1024,255.0,270.0,261120.0,276480.0,15360.0,2026-10-05
C100197,RELIANCE,INE3SNEEV2P6,10,2882.85,2900.0,28828.5,29000.0,171.5,2026-10-05
C100197,WIPRO,INEAL1BEZ79D,554,488.32,480.0,270529.28,265920.0,-4609.28,2026-10-05
C100198,AXISBANK,INEE5UMP3ASU,45,1123.56,1150.0,50560.2,51750.0,1189.8,2026-10-05
C100198,INFY,INETJFF73JW2,168,1219.64,1600.0,204899.52,268800.0,63900.48,2026-10-05
C100198,ITC,INEG1J5RPXRC,322,471.81,450.0,151922.82,144900.0,-7022.82,2026-10-05
C100198,MARUTI,INEGP9SJFHK1,15,11591.64,12000.0,173874.6,180000.0,6125.4,2026-10-05
C100198,RELIANCE,INE3SNEEV2P6,9,2916.4,2900.0,26247.6,26100.0,-147.6,2026-10-05
C100198,TATAMOTORS,INEDDETA5B03,231,856.96,950.0,197957.76,219450.0,21492.24,2026-10-05
C100198,WIPRO,INEAL1BEZ79D,284,520.79,480.0,147904.36,136320.0,-11584.36,2026-10-05
C100199,ASIANPAINT,INE3SQPFQ5WH,8,3006.8,2900.0,24054.4,23200.0,-854.4,2026-10-05
C100199,AXISBANK,INEE5UMP3ASU,240,1260.9,1150.0,302616.0,276000.0,-26616.0,2026-10-05
C100199,BHARTIARTL,INEF4PGB7KNX,95,1090.7,1400.0,103616.5,133000.0,29383.5,2026-10-05
C100199,INFY,INETJFF73JW2,1,1635.9,1600.0,1635.9,1600.0,-35.9,2026-10-05
C100199,NTPC,INE9EN4JHSZN,791,326.86,360.0,258546.26,284760.0,26213.74,2026-10-05
C100199,TCS,INE3HZRRQSH4,26,3886.98,3900.0,101061.48,101400.0,338.52,2026-10-05
C100199,TITAN,INE2SKMKJ3KT,36,3189.96,3300.0,114838.56,118800.0,3961.44,2026-10-05
C100199,WIPRO,INEAL1BEZ79D,181,483.44,480.0,87502.64,86880.0,-622.64,2026-10-05
