client_id,date,opening_balance,payin,payout,collateral_value,span_margin,exposure_margin,total_margin_used,available_margin,charges_debited
C100000,2026-09-08,6227.55,0.0,622.76,540817.37,1276.97,319.24,1596.21,544825.95,25.1
C100000,2026-09-09,5579.69,100000.0,0.0,540817.37,2448.11,612.03,3060.14,643336.92,13.06
C100000,2026-09-10,105566.63,50000.0,0.0,540817.37,0.0,0.0,0.0,696384.0,0.0
C100000,2026-09-11,155566.63,0.0,0.0,540817.37,0.0,0.0,0.0,696384.0,25.77
C100000,2026-09-14,155540.86,100000.0,0.0,540817.37,0.0,0.0,0.0,796358.23,0.0
C100000,2026-09-15,255540.86,50000.0,0.0,540817.37,0.0,0.0,0.0,846358.23,0.0
C100000,2026-09-16,305540.86,10000.0,30554.09,540817.37,12110.3,3027.58,15137.88,810666.26,42.41
C100000,2026-09-17,284944.36,100000.0,0.0,540817.37,1637.86,409.46,2047.32,923714.41,5.74
C100000,2026-09-18,384938.62,0.0,38493.86,540817.37,5542.09,1385.52,6927.61,880334.52,67.36
C100000,2026-09-21,346377.4,0.0,0.0,540817.37,21152.46,5288.11,26440.57,860754.2,85.24
C100000,2026-09-22,346292.16,0.0,0.0,540817.37,1423.04,355.76,1778.8,885330.73,72.92
C100000,2026-09-23,346219.24,0.0,0.0,540817.37,0.0,0.0,0.0,887036.61,0.0
C100000,2026-09-24,346219.24,0.0,0.0,540817.37,0.0,0.0,0.0,887036.61,20.22
C100000,2026-09-25,346199.02,10000.0,0.0,540817.37,0.0,0.0,0.0,897016.39,0.0
C100000,2026-09-28,356199.02,0.0,0.0,540817.37,0.0,0.0,0.0,897016.39,0.0
C100000,2026-09-29,356199.02,10000.0,0.0,540817.37,1502.03,375.51,1877.54,905138.85,39.65
C100000,2026-09-30,366159.37,0.0,0.0,540817.37,0.0,0.0,0.0,906976.74,0.0
C100000,2026-10-01,366159.37,0.0,0.0,540817.37,6083.88,1520.97,7604.85,899371.89,274.48
C100000,2026-10-02,365884.89,0.0,36588.49,540817.37,2981.1,745.27,3726.37,866387.4,71.33
C100000,2026-10-05,329225.07,0.0,0.0,540817.37,4816.06,1204.01,6020.07,864022.37,16.86
C100001,2026-09-08,56192.49,100000.0,5619.25,429725.5,0.0,0.0,0.0,580298.74,27.83
C100001,2026-09-09,150545.41,0.0,15054.54,429725.5,275.96,68.99,344.95,564871.42,1.48
C100001,2026-09-10,135489.39,50000.0,0.0,429725.5,0.0,0.0,0.0,615214.89,0.0
C100001,2026-09-11,185489.39,10000.0,0.0,429725.5,0.0,0.0,0.0,625214.89,0.0
C100001,2026-09-14,195489.39,0.0,19548.94,429725.5,5460.56,1365.14,6825.7,598840.25,184.57
C100001,2026-09-15,175755.88,0.0,0.0,429725.5,0.0,0.0,0.0,605481.38,0.0
C100001,2026-09-16,175755.88,100000.0,0.0,429725.5,0.0,0.0,0.0,705481.38,0.0
C100001,2026-09-17,275755.88,0.0,0.0,429725.5,4174.11,1043.53,5217.64,700263.74,14.61
C100001,2026-09-18,275741.27,0.0,0.0,429725.5,0.0,0.0,0.0,705466.77,0.0
C100001,2026-09-21,275741.27,0.0,0.0,429725.5,0.0,0.0,0.0,705466.77,7.52
C100001,2026-09-22,275733.75,100000.0,0.0,429725.5,0.0,0.0,0.0,805459.25,0.0
C100001,2026-09-23,375733.75,0.0,0.0,429725.5,0.0,0.0,0.0,805459.25,0.0
C100001,2026-09-24,375733.75,10000.0,37573.38,429725.5,624.72,156.18,780.9,777104.97,20.0
C100001,2026-09-25,348140.37,50000.0,34814.04,429725.5,12434.45,3108.61,15543.06,777508.77,93.38
C100001,2026-09-28,363232.95,0.0,0.0,429725.5,0.0,0.0,0.0,792958.45,37.3
C100001,2026-09-29,363195.65,0.0,0.0,429725.5,0.0,0.0,0.0,792921.15,0.0
C100001,2026-09-30,363195.65,100000.0,0.0,429725.5,0.0,0.0,0.0,892921.15,0.0
C100001,2026-10-01,463195.65,50000.0,0.0,429725.5,6023.62,1505.9,7529.52,935391.63,21.09
C100001,2026-10-02,513174.56,100000.0,0.0,429725.5,0.0,0.0,0.0,1042900.06,0.0
C100001,2026-10-05,613174.56,10000.0,0.0,429725.5,0.0,0.0,0.0,1052900.06,3.62
C100002,2026-09-08,127674.05,0.0,12767.4,445088.68,2718.72,679.68,3398.4,556596.93,14.5
C100002,2026-09-09,114892.15,10000.0,0.0,445088.68,17135.98,4283.99,21419.97,548560.86,85.68
C100002,2026-09-10,124806.47,0.0,0.0,445088.68,0.0,0.0,0.0,569895.15,0.0
C100002,2026-09-11,124806.47,10000.0,0.0,445088.68,2147.39,536.85,2684.24,577210.91,24.94
C100002,2026-09-14,134781.53,0.0,0.0,445088.68,7588.51,1897.13,9485.64,570384.57,200.78
C100002,2026-09-15,134580.75,0.0,0.0,445088.68,12186.86,3046.72,15233.58,564435.85,64.36
C100002,2026-09-16,134516.39,0.0,0.0,445088.68,0.0,0.0,0.0,579605.07,0.0
C100002,2026-09-17,134516.39,50000.0,0.0,445088.68,14662.03,3665.51,18327.54,611277.53,47.42
C100002,2026-09-18,184468.97,10000.0,18446.9,445088.68,0.0,0.0,0.0,621110.75,0.0
C100002,2026-09-21,176022.07,0.0,17602.21,445088.68,0.0,0.0,0.0,603508.54,0.0
C100002,2026-09-22,158419.86,100000.0,0.0,445088.68,550.28,137.57,687.85,702820.69,1.93
C100002,2026-09-23,258417.93,0.0,0.0,445088.68,2819.64,704.91,3524.55,699982.06,9.87
C100002,2026-09-24,258408.06,50000.0,0.0,445088.68,0.0,0.0,0.0,753496.74,0.0
C100002,2026-09-25,308408.06,0.0,0.0,445088.68,0.0,0.0,0.0,753496.74,0.0
C100002,2026-09-28,308408.06,0.0,0.0,445088.68,0.0,0.0,0.0,753496.74,3.21
C100002,2026-09-29,308404.85,0.0,30840.48,445088.68,0.0,0.0,0.0,722653.05,0.0
C100002,2026-09-30,277564.37,0.0,0.0,445088.68,2809.51,702.38,3511.89,719141.16,120.06
C100002,2026-10-01,277444.31,0.0,0.0,445088.68,3218.78,804.7,4023.48,718509.51,17.17
C100002,2026-10-02,277427.14,0.0,0.0,445088.68,0.0,0.0,0.0,722515.82,0.0
C100002,2026-10-05,277427.14,0.0,27742.71,445088.68,304.81,76.2,381.01,694392.1,1.63
C100003,2026-09-08,89598.07,0.0,0.0,256790.7,0.0,0.0,0.0,346388.77,0.0
C100003,2026-09-09,89598.07,0.0,0.0,256790.7,9044.95,2261.24,11306.19,335082.58,164.01
C100003,2026-09-10,89434.06,0.0,8943.41,256790.7,23528.86,5882.22,29411.08,307870.27,88.87
C100003,2026-09-11,80401.78,10000.0,0.0,256790.7,0.0,0.0,0.0,347192.48,0.0
C100003,2026-09-14,90401.78,0.0,0.0,256790.7,555.78,138.94,694.72,346497.76,1.94
C100003,2026-09-15,90399.84,0.0,9039.98,256790.7,3630.48,907.62,4538.1,333612.46,19.37
C100003,2026-09-16,81340.49,0.0,8134.05,256790.7,0.0,0.0,0.0,329997.14,0.0
C100003,2026-09-17,73206.44,0.0,7320.64,256790.7,0.0,0.0,0.0,322676.5,35.22
C100003,2026-09-18,65850.58,0.0,6585.06,256790.7,0.0,0.0,0.0,316056.22,0.0
C100003,2026-09-21,59265.52,0.0,0.0,256790.7,0.0,0.0,0.0,316056.22,0.0
C100003,2026-09-22,59265.52,0.0,0.0,256790.7,0.0,0.0,0.0,316056.22,0.0
C100003,2026-09-23,59265.52,0.0,5926.55,256790.7,14577.75,3644.44,18222.19,291907.48,68.23
C100003,2026-09-24,53270.74,10000.0,0.0,256790.7,0.0,0.0,0.0,320061.44,20.41
C100003,2026-09-25,63250.33,0.0,0.0,256790.7,0.0,0.0,0.0,320041.03,44.7
C100003,2026-09-28,63205.63,100000.0,6320.56,256790.7,0.0,0.0,0.0,413675.77,0.0
C100003,2026-09-29,156885.07,100000.0,0.0,256790.7,15325.56,3831.39,19156.95,494518.82,66.71
C100003,2026-09-30,256818.36,0.0,0.0,256790.7,0.0,0.0,0.0,513609.06,0.0
C100003,2026-10-01,256818.36,100000.0,0.0,256790.7,0.0,0.0,0.0,613609.06,0.0
C100003,2026-10-02,356818.36,10000.0,0.0,256790.7,2565.22,641.3,3206.52,620402.54,8.98
C100003,2026-10-05,366809.38,50000.0,36680.94,256790.7,0.0,0.0,0.0,636919.14,195.07
C100004,2026-09-08,67687.53,50000.0,6768.75,292461.91,0.0,0.0,0.0,403380.69,140.69
C100004,2026-09-09,110778.09,50000.0,11077.81,292461.91,0.0,0.0,0.0,442162.19,0.0
C100004,2026-09-10,149700.28,50000.0,0.0,292461.91,5011.68,1252.92,6264.6,485897.59,17.54
C100004,2026-09-11,199682.74,0.0,0.0,292461.91,0.0,0.0,0.0,492144.65,20.35
C100004,2026-09-14,199662.39,0.0,0.0,292461.91,7290.65,1822.66,9113.31,483010.99,64.99
C100004,2026-09-15,199597.4,50000.0,19959.74,292461.91,670.33,167.58,837.91,521261.66,3.58
C100004,2026-09-16,229634.08,50000.0,0.0,292461.91,0.0,0.0,0.0,572095.99,0.0
C100004,2026-09-17,279634.08,50000.0,27963.41,292461.91,0.0,0.0,0.0,594132.58,11.6
C100004,2026-09-18,301659.07,0.0,0.0,292461.91,0.0,0.0,0.0,594120.98,0.0
C100004,2026-09-21,301659.07,0.0,0.0,292461.91,1762.94,440.74,2203.68,591917.3,27.28
C100004,2026-09-22,301631.79,10000.0,30163.18,292461.91,0.0,0.0,0.0,573930.52,7.83
C100004,2026-09-23,281460.78,0.0,0.0,292461.91,415.45,103.86,519.31,573403.38,2.22
C100004,2026-09-24,281458.56,0.0,0.0,292461.91,0.0,0.0,0.0,573920.47,0.0
C100004,2026-09-25,281458.56,50000.0,0.0,292461.91,0.0,0.0,0.0,623920.47,30.52
C100004,2026-09-28,331428.04,0.0,0.0,292461.91,18240.91,4560.23,22801.14,601088.81,82.37
C100004,2026-09-29,331345.67,50000.0,0.0,292461.91,0.0,0.0,0.0,673807.58,0.0
C100004,2026-09-30,381345.67,0.0,0.0,292461.91,0.0,0.0,0.0,673807.58,0.0
C100004,2026-10-01,381345.67,0.0,0.0,292461.91,0.0,0.0,0.0,673807.58,93.46
C100004,2026-10-02,381252.21,0.0,38125.22,292461.91,2589.98,647.5,3237.48,632351.42,9.07
C100004,2026-10-05,343117.92,0.0,0.0,292461.91,11236.14,2809.03,14045.17,621534.66,50.77
C100005,2026-09-08,135390.68,0.0,13539.07,316161.74,0.0,0.0,0.0,438013.35,90.51
C100005,2026-09-09,121761.1,50000.0,0.0,316161.74,3710.46,927.62,4638.08,483284.76,13.0
C100005,2026-09-10,171748.1,50000.0,0.0,316161.74,395.6,98.9,494.5,537415.34,73.93
C100005,2026-09-11,221674.17,0.0,0.0,316161.74,0.0,0.0,0.0,537835.91,0.0
C100005,2026-09-14,221674.17,0.0,0.0,316161.74,2346.54,586.63,2933.17,534902.74,12.52
C100005,2026-09-15,221661.65,10000.0,22166.16,316161.74,19082.99,4770.75,23853.74,501803.49,58.4
C100005,2026-09-16,209437.09,10000.0,0.0,316161.74,724.32,181.08,905.4,534693.43,41.51
C100005,2026-09-17,219395.58,10000.0,0.0,316161.74,0.0,0.0,0.0,545557.32,0.0
C100005,2026-09-18,229395.58,50000.0,0.0,316161.74,0.0,0.0,0.0,595557.32,146.97
C100005,2026-09-21,279248.61,0.0,0.0,316161.74,0.0,0.0,0.0,595410.35,0.0
C100005,2026-09-22,279248.61,10000.0,0.0,316161.74,0.0,0.0,0.0,605410.35,0.0
C100005,2026-09-23,289248.61,10000.0,0.0,316161.74,9201.28,2300.32,11501.6,603908.75,49.09
C100005,2026-09-24,299199.52,0.0,29919.95,316161.74,0.0,0.0,0.0,585441.31,0.0
C100005,2026-09-25,269279.57,0.0,0.0,316161.74,0.0,0.0,0.0,585441.31,0.0
C100005,2026-09-28,269279.57,0.0,0.0,316161.74,0.0,0.0,0.0,585441.31,0.0
C100005,2026-09-29,269279.57,0.0,0.0,316161.74,960.59,240.15,1200.74,584240.57,3.36
C100005,2026-09-30,269276.21,0.0,26927.62,316161.74,0.0,0.0,0.0,558510.33,0.0
C100005,2026-10-01,242348.59,100000.0,0.0,316161.74,0.0,0.0,0.0,658510.33,0.0
C100005,2026-10-02,342348.59,0.0,0.0,316161.74,15431.78,3857.95,19289.73,639220.6,153.84
C100005,2026-10-05,342194.75,0.0,0.0,316161.74,0.0,0.0,0.0,658356.49,0.0
C100006,2026-09-08,42657.75,100000.0,0.0,369402.92,13935.57,3483.89,17419.46,494641.21,69.41
C100006,2026-09-09,142588.34,50000.0,0.0,369402.92,1076.87,269.22,1346.09,560645.17,3.77
C100006,2026-09-10,192584.57,50000.0,19258.46,369402.92,0.0,0.0,0.0,592729.03,0.0
C100006,2026-09-11,223326.11,0.0,22332.61,369402.92,564.79,141.2,705.99,569690.43,37.01
C100006,2026-09-14,200956.49,10000.0,0.0,369402.92,0.0,0.0,0.0,580359.41,0.0
C100006,2026-09-15,210956.49,100000.0,0.0,369402.92,0.0,0.0,0.0,680359.41,0.0
C100006,2026-09-16,310956.49,0.0,0.0,369402.92,0.0,0.0,0.0,680359.41,0.0
C100006,2026-09-17,310956.49,0.0,0.0,369402.92,0.0,0.0,0.0,680359.41,0.0
C100006,2026-09-18,310956.49,50000.0,0.0,369402.92,2756.65,689.16,3445.81,726913.6,42.67
C100006,2026-09-21,360913.82,100000.0,0.0,369402.92,2781.15,695.29,3476.44,826840.3,21.47
C100006,2026-09-22,460892.35,100000.0,0.0,369402.92,1469.65,367.41,1837.06,928458.21,7.84
C100006,2026-09-23,560884.51,10000.0,0.0,369402.92,0.0,0.0,0.0,940287.43,0.0
C100006,2026-09-24,570884.51,10000.0,0.0,369402.92,5119.39,1279.85,6399.24,943888.19,26.29
C100006,2026-09-25,580858.22,10000.0,0.0,369402.92,0.0,0.0,0.0,960261.14,0.0
C100006,2026-09-28,590858.22,0.0,0.0,369402.92,541.42,135.35,676.77,959584.37,2.88
C100006,2026-09-29,590855.34,100000.0,0.0,369402.92,1049.66,262.42,1312.08,1058946.18,5.6
C100006,2026-09-30,690849.74,0.0,0.0,369402.92,16871.56,4217.89,21089.45,1039163.21,76.04
C100006,2026-10-01,690773.7,0.0,0.0,369402.92,1236.64,309.16,1545.8,1058630.82,4.33
C100006,2026-10-02,690769.37,0.0,69076.94,369402.92,971.06,242.77,1213.83,989881.52,74.3
C100006,2026-10-05,621618.13,50000.0,0.0,369402.92,0.0,0.0,0.0,1041021.05,40.44
C100007,2026-09-08,143691.41,0.0,0.0,264326.65,0.0,0.0,0.0,408018.06,20.26
C100007,2026-09-09,143671.15,100000.0,0.0,264326.65,8563.3,2140.82,10704.12,497293.68,42.39
C100007,2026-09-10,243628.76,100000.0,0.0,264326.65,2380.59,595.15,2975.74,604979.67,10.16
C100007,2026-09-11,343618.6,0.0,0.0,264326.65,5995.18,1498.79,7493.97,600451.28,89.08
C100007,2026-09-14,343529.52,50000.0,0.0,264326.65,9228.19,2307.05,11535.24,646320.93,183.71
C100007,2026-09-15,393345.81,0.0,0.0,264326.65,816.85,204.21,1021.06,656651.4,2.86
C100007,2026-09-16,393342.95,10000.0,0.0,264326.65,2619.28,654.82,3274.1,664395.5,106.26
C100007,2026-09-17,403236.69,0.0,0.0,264326.65,0.0,0.0,0.0,667563.34,18.38
C100007,2026-09-18,403218.31,100000.0,40321.83,264326.65,0.0,0.0,0.0,727223.13,37.35
C100007,2026-09-21,462859.13,0.0,0.0,264326.65,0.0,0.0,0.0,727185.78,142.56
C100007,2026-09-22,462716.57,50000.0,0.0,264326.65,0.0,0.0,0.0,777043.22,0.0
C100007,2026-09-23,512716.57,10000.0,0.0,264326.65,1139.16,284.79,1423.95,785619.27,6.08
C100007,2026-09-24,522710.49,50000.0,52271.05,264326.65,1860.01,465.0,2325.01,782441.08,48.59
C100007,2026-09-25,520390.85,0.0,52039.08,264326.65,3250.84,812.71,4063.55,728614.87,17.34
C100007,2026-09-28,468334.43,10000.0,0.0,264326.65,1494.82,373.71,1868.53,740792.55,156.59
C100007,2026-09-29,478177.84,10000.0,0.0,264326.65,1365.51,341.38,1706.89,750797.6,16.75
C100007,2026-09-30,488161.09,0.0,0.0,264326.65,663.64,165.91,829.55,751658.19,2.32
C100007,2026-10-01,488158.77,0.0,48815.88,264326.65,0.0,0.0,0.0,703669.54,0.0
C100007,2026-10-02,439342.89,50000.0,43934.29,264326.65,3425.3,856.33,4281.63,705453.62,18.27
C100007,2026-10-05,445390.33,0.0,0.0,264326.65,0.0,0.0,0.0,709716.98,0.0
C100008,2026-09-08,273807.41,10000.0,0.0,492394.98,0.0,0.0,0.0,776202.39,50.85
C100008,2026-09-09,283756.56,100000.0,28375.66,492394.98,0.0,0.0,0.0,847775.88,0.0
C100008,2026-09-10,355380.9,10000.0,0.0,492394.98,0.0,0.0,0.0,857775.88,0.0
C100008,2026-09-11,365380.9,10000.0,0.0,492394.98,0.0,0.0,0.0,867775.88,91.14
C100008,2026-09-14,375289.76,0.0,0.0,492394.98,7185.18,1796.29,8981.47,858703.27,122.42
C100008,2026-09-15,375167.34,100000.0,0.0,492394.98,0.0,0.0,0.0,967562.32,106.75
C100008,2026-09-16,475060.59,50000.0,0.0,492394.98,594.14,148.54,742.68,1016712.89,2.07
C100008,2026-09-17,525058.52,50000.0,0.0,492394.98,0.0,0.0,0.0,1067453.5,20.71
C100008,2026-09-18,575037.81,100000.0,0.0,492394.98,0.0,0.0,0.0,1167432.79,33.7
C100008,2026-09-21,675004.11,0.0,0.0,492394.98,0.0,0.0,0.0,1167399.09,0.0
C100008,2026-09-22,675004.11,0.0,67500.41,492394.98,0.0,0.0,0.0,1099898.68,0.0
C100008,2026-09-23,607503.7,0.0,0.0,492394.98,0.0,0.0,0.0,1099898.68,0.0
C100008,2026-09-24,607503.7,100000.0,0.0,492394.98,0.0,0.0,0.0,1199898.68,0.0
C100008,2026-09-25,707503.7,100000.0,0.0,492394.98,0.0,0.0,0.0,1299898.68,0.0
C100008,2026-09-28,807503.7,0.0,80750.37,492394.98,0.0,0.0,0.0,1219148.31,77.92
C100008,2026-09-29,726675.41,10000.0,0.0,492394.98,0.0,0.0,0.0,1229070.39,0.0
C100008,2026-09-30,736675.41,100000.0,0.0,492394.98,3739.82,934.95,4674.77,1324395.62,18.86
C100008,2026-10-01,836656.55,0.0,0.0,492394.98,0.0,0.0,0.0,1329051.53,0.0
C100008,2026-10-02,836656.55,0.0,0.0,492394.98,1065.2,266.3,1331.5,1327720.03,3.73
C100008,2026-10-05,836652.82,100000.0,0.0,492394.98,4241.26,1060.31,5301.57,1423746.23,14.85
C100009,2026-09-08,99679.52,0.0,9967.95,316485.55,3648.24,912.06,4560.3,401636.82,19.46
C100009,2026-09-09,89692.11,0.0,8969.21,316485.55,0.0,0.0,0.0,397208.45,77.49
C100009,2026-09-10,80645.41,0.0,0.0,316485.55,2801.14,700.28,3501.42,393629.54,9.8
C100009,2026-09-11,80635.61,50000.0,0.0,316485.55,0.0,0.0,0.0,447121.16,0.0
C100009,2026-09-14,130635.61,50000.0,13063.56,316485.55,3577.1,894.28,4471.38,479586.22,13.84
C100009,2026-09-15,167558.21,50000.0,0.0,316485.55,3712.64,928.16,4640.8,529402.96,27.64
C100009,2026-09-16,217530.57,0.0,0.0,316485.55,0.0,0.0,0.0,534016.12,0.0
C100009,2026-09-17,217530.57,0.0,0.0,316485.55,2640.38,660.09,3300.47,530715.65,9.25
C100009,2026-09-18,217521.32,0.0,21752.13,316485.55,0.0,0.0,0.0,512254.74,0.0
C100009,2026-09-21,195769.19,10000.0,0.0,316485.55,7689.66,1922.41,9612.07,512642.67,26.93
C100009,2026-09-22,205742.26,0.0,20574.23,316485.55,0.0,0.0,0.0,501653.58,173.37
C100009,2026-09-23,184994.66,100000.0,0.0,316485.55,3060.96,765.24,3826.2,597654.01,16.33
C100009,2026-09-24,284978.33,50000.0,0.0,316485.55,839.42,209.86,1049.28,650414.6,2.94
C100009,2026-09-25,334975.39,100000.0,0.0,316485.55,0.0,0.0,0.0,751460.94,84.97
C100009,2026-09-28,434890.42,0.0,0.0,316485.55,0.0,0.0,0.0,751375.97,0.0
C100009,2026-09-29,434890.42,10000.0,43489.04,316485.55,3946.15,986.54,4932.69,712954.24,21.05
C100009,2026-09-30,401380.33,100000.0,0.0,316485.55,785.23,196.31,981.54,816884.34,2.76
C100009,2026-10-01,501377.57,0.0,0.0,316485.55,0.0,0.0,0.0,817863.12,0.0
C100009,2026-10-02,501377.57,0.0,0.0,316485.55,0.0,0.0,0.0,817863.12,128.99
C100009,2026-10-05,501248.58,0.0,0.0,316485.55,8954.47,2238.62,11193.09,806541.04,29.2
C100010,2026-09-08,22480.63,100000.0,0.0,648152.04,0.0,0.0,0.0,770632.67,0.0
C100010,2026-09-09,122480.63,0.0,0.0,648152.04,7024.8,1756.2,8781.0,761851.67,37.48
C100010,2026-09-10,122443.15,50000.0,12244.32,648152.04,16408.74,4102.18,20510.92,787839.95,76.87
C100010,2026-09-11,160121.96,0.0,0.0,648152.04,5192.64,1298.16,6490.8,801783.2,18.18
C100010,2026-09-14,160103.78,0.0,16010.38,648152.04,0.0,0.0,0.0,792245.44,0.0
C100010,2026-09-15,144093.4,100000.0,0.0,648152.04,4293.05,1073.26,5366.31,886879.13,27.27
C100010,2026-09-16,244066.13,0.0,0.0,648152.04,6576.26,1644.07,8220.33,883997.84,34.46
C100010,2026-09-17,244031.67,50000.0,24403.17,648152.04,0.0,0.0,0.0,917780.54,0.0
C100010,2026-09-18,269628.5,0.0,0.0,648152.04,0.0,0.0,0.0,917780.54,0.0
C100010,2026-09-21,269628.5,100000.0,0.0,648152.04,0.0,0.0,0.0,1017780.54,0.0
C100010,2026-09-22,369628.5,10000.0,36962.85,648152.04,11302.34,2825.59,14127.93,976689.76,60.3
C100010,2026-09-23,342605.35,10000.0,0.0,648152.04,0.0,0.0,0.0,1000757.39,113.53
C100010,2026-09-24,352491.82,50000.0,0.0,648152.04,1479.72,369.93,1849.65,1048794.21,7.9
C100010,2026-09-25,402483.92,0.0,0.0,648152.04,593.89,148.47,742.36,1049893.6,2.08
C100010,2026-09-28,402481.84,100000.0,40248.18,648152.04,0.0,0.0,0.0,1110385.7,0.0
C100010,2026-09-29,462233.66,0.0,0.0,648152.04,588.65,147.16,735.81,1109649.89,2.06
C100010,2026-09-30,462231.6,0.0,0.0,648152.04,0.0,0.0,0.0,1110383.64,0.0
C100010,2026-10-01,462231.6,50000.0,0.0,648152.04,1071.29,267.82,1339.11,1159044.53,56.77
C100010,2026-10-02,512174.83,0.0,0.0,648152.04,7341.96,1835.49,9177.45,1151149.42,39.17
C100010,2026-10-05,512135.66,0.0,0.0,648152.04,803.38,200.84,1004.22,1159283.48,4.29
C100011,2026-09-08,119830.54,50000.0,0.0,550405.74,0.0,0.0,0.0,720236.28,0.0
C100011,2026-09-09,169830.54,0.0,0.0,550405.74,15393.14,3848.28,19241.42,700994.86,202.54
C100011,2026-09-10,169628.0,50000.0,16962.8,550405.74,4072.64,1018.16,5090.8,747980.14,14.26
C100011,2026-09-11,202650.94,50000.0,0.0,550405.74,0.0,0.0,0.0,803056.68,114.95
C100011,2026-09-14,252535.99,100000.0,0.0,550405.74,575.93,143.98,719.91,902221.82,21.19
C100011,2026-09-15,352514.8,10000.0,35251.48,550405.74,0.0,0.0,0.0,877669.06,0.0
C100011,2026-09-16,327263.32,100000.0,0.0,550405.74,3984.44,996.11,4980.55,972688.51,21.25
C100011,2026-09-17,427242.07,50000.0,42724.21,550405.74,0.0,0.0,0.0,984923.6,0.0
C100011,2026-09-18,434517.86,100000.0,0.0,550405.74,0.0,0.0,0.0,1084923.6,43.27
C100011,2026-09-21,534474.59,10000.0,0.0,550405.74,0.0,0.0,0.0,1094880.33,0.0
C100011,2026-09-22,544474.59,0.0,0.0,550405.74,343.7,85.93,429.63,1094450.7,243.34
C100011,2026-09-23,544231.25,0.0,0.0,550405.74,0.0,0.0,0.0,1094636.99,0.0
C100011,2026-09-24,544231.25,0.0,0.0,550405.74,634.82,158.71,793.53,1093843.46,3.39
C100011,2026-09-25,544227.86,50000.0,0.0,550405.74,487.66,121.91,609.57,1144024.03,134.76
C100011,2026-09-28,594093.1,0.0,0.0,550405.74,1289.38,322.34,1611.72,1142887.12,38.0
C100011,2026-09-29,594055.1,0.0,0.0,550405.74,12650.82,3162.7,15813.52,1128647.32,67.5
C100011,2026-09-30,593987.6,0.0,59398.76,550405.74,0.0,0.0,0.0,1084994.58,0.0
C100011,2026-10-01,534588.84,50000.0,0.0,550405.74,0.0,0.0,0.0,1134994.58,0.0
C100011,2026-10-02,584588.84,100000.0,0.0,550405.74,10269.58,2567.39,12836.97,1222157.61,166.25
C100011,2026-10-05,684422.59,0.0,0.0,550405.74,3649.7,912.42,4562.12,1230266.21,12.78
C100012,2026-09-08,58028.61,0.0,0.0,631109.46,1308.53,327.13,1635.66,687502.41,6.98
C100012,2026-09-09,58021.63,50000.0,0.0,631109.46,0.0,0.0,0.0,739131.09,18.38
C100012,2026-09-10,108003.25,100000.0,0.0,631109.46,587.04,146.76,733.8,838378.91,85.11
C100012,2026-09-11,207918.14,10000.0,20791.81,631109.46,3386.86,846.71,4233.57,824002.22,11.86
C100012,2026-09-14,197114.47,0.0,0.0,631109.46,4590.02,1147.5,5737.52,822486.41,19.08
C100012,2026-09-15,197095.39,100000.0,19709.54,631109.46,9588.07,2397.02,11985.09,896510.22,33.58
C100012,2026-09-16,277352.27,0.0,0.0,631109.46,0.0,0.0,0.0,908461.73,0.0
C100012,2026-09-17,277352.27,0.0,0.0,631109.46,317.16,79.29,396.45,908065.28,1.12
C100012,2026-09-18,277351.15,0.0,0.0,631109.46,3350.3,837.57,4187.87,904272.74,153.23
C100012,2026-09-21,277197.92,0.0,0.0,631109.46,7907.47,1976.87,9884.34,898423.04,27.68
C100012,2026-09-22,277170.24,0.0,27717.02,631109.46,0.0,0.0,0.0,880562.68,20.71
C100012,2026-09-23,249432.51,0.0,0.0,631109.46,0.0,0.0,0.0,880541.97,0.0
C100012,2026-09-24,249432.51,100000.0,0.0,631109.46,0.0,0.0,0.0,980541.97,4.79
C100012,2026-09-25,349427.72,100000.0,0.0,631109.46,0.0,0.0,0.0,1080537.18,0.0
C100012,2026-09-28,449427.72,100000.0,44942.77,631109.46,2118.18,529.54,2647.72,1132946.69,7.42
C100012,2026-09-29,504477.53,50000.0,0.0,631109.46,2843.42,710.86,3554.28,1182032.71,20.83
C100012,2026-09-30,554456.7,50000.0,55445.67,631109.46,0.0,0.0,0.0,1180120.49,13.06
C100012,2026-10-01,548997.97,0.0,0.0,631109.46,9554.21,2388.55,11942.76,1168164.67,72.33
C100012,2026-10-02,548925.64,0.0,0.0,631109.46,0.0,0.0,0.0,1180035.1,29.22
C100012,2026-10-05,548896.42,10000.0,0.0,631109.46,0.0,0.0,0.0,1190005.88,8.6
C100013,2026-09-08,50718.84,100000.0,5071.88,577381.8,0.0,0.0,0.0,723028.76,37.44
C100013,2026-09-09,145609.52,0.0,14560.95,577381.8,0.0,0.0,0.0,708430.37,168.33
C100013,2026-09-10,130880.24,0.0,0.0,577381.8,1438.23,359.56,1797.79,706464.25,109.77
C100013,2026-09-11,130770.47,100000.0,0.0,577381.8,0.0,0.0,0.0,808152.27,0.0
C100013,2026-09-14,230770.47,100000.0,23077.05,577381.8,4296.48,1074.12,5370.6,879704.62,29.77
C100013,2026-09-15,307663.65,0.0,0.0,577381.8,8646.18,2161.55,10807.73,874237.72,55.08
C100013,2026-09-16,307608.57,0.0,0.0,577381.8,9143.02,2285.75,11428.77,873561.6,46.61
C100013,2026-09-17,307561.96,10000.0,0.0,577381.8,0.0,0.0,0.0,894943.76,0.0
C100013,2026-09-18,317561.96,0.0,31756.2,577381.8,0.0,0.0,0.0,863187.56,0.0
C100013,2026-09-21,285805.76,50000.0,0.0,577381.8,2668.9,667.22,3336.12,909851.44,36.78
C100013,2026-09-22,335768.98,50000.0,33576.9,577381.8,0.0,0.0,0.0,929573.88,203.88
C100013,2026-09-23,351988.2,0.0,0.0,577381.8,0.0,0.0,0.0,929370.0,106.14
C100013,2026-09-24,351882.06,100000.0,0.0,577381.8,956.27,239.07,1195.34,1028068.52,3.36
C100013,2026-09-25,451878.7,0.0,0.0,577381.8,0.0,0.0,0.0,1029260.5,31.61
C100013,2026-09-28,451847.09,0.0,0.0,577381.8,1389.89,347.47,1737.36,1027491.53,15.18
C100013,2026-09-29,451831.91,50000.0,45183.19,577381.8,0.0,0.0,0.0,1034030.52,0.0
C100013,2026-09-30,456648.72,10000.0,45664.87,577381.8,10397.0,2599.25,12996.25,985369.4,49.55
C100013,2026-10-01,420934.3,10000.0,42093.43,577381.8,898.88,224.72,1123.6,965099.07,4.8
C100013,2026-10-02,388836.07,10000.0,0.0,577381.8,0.0,0.0,0.0,976217.87,48.42
C100013,2026-10-05,398787.65,100000.0,39878.77,577381.8,385.85,96.46,482.31,1035808.37,46.32
C100014,2026-09-08,54867.14,0.0,0.0,299408.41,0.0,0.0,0.0,354275.55,0.0
C100014,2026-09-09,54867.14,10000.0,5486.71,299408.41,1473.58,368.39,1841.97,356946.87,18.61
C100014,2026-09-10,59361.82,10000.0,0.0,299408.41,0.0,0.0,0.0,368770.23,0.0
C100014,2026-09-11,69361.82,0.0,0.0,299408.41,0.0,0.0,0.0,368770.23,20.19
C100014,2026-09-14,69341.63,50000.0,6934.16,299408.41,0.0,0.0,0.0,411815.88,0.0
C100014,2026-09-15,112407.47,0.0,0.0,299408.41,0.0,0.0,0.0,411815.88,0.0
C100014,2026-09-16,112407.47,0.0,0.0,299408.41,1409.1,352.27,1761.37,410054.51,7.52
C100014,2026-09-17,112399.95,0.0,0.0,299408.41,295.7,73.93,369.63,411438.73,132.88
C100014,2026-09-18,112267.07,50000.0,0.0,299408.41,0.0,0.0,0.0,461675.48,0.0
C100014,2026-09-21,162267.07,50000.0,0.0,299408.41,0.0,0.0,0.0,511675.48,88.01
C100014,2026-09-22,212179.06,10000.0,0.0,299408.41,2329.78,582.45,2912.23,518675.24,11.28
C100014,2026-09-23,222167.78,0.0,0.0,299408.41,683.56,170.89,854.45,520721.74,2.39
C100014,2026-09-24,222165.39,0.0,22216.54,299408.41,5659.0,1414.75,7073.75,492283.51,30.19
C100014,2026-09-25,199918.66,0.0,19991.87,299408.41,0.0,0.0,0.0,479335.2,20.47
C100014,2026-09-28,179906.32,0.0,17990.63,299408.41,21147.83,5286.96,26434.79,434889.31,102.07
C100014,2026-09-29,161813.62,0.0,0.0,299408.41,7571.63,1892.91,9464.54,451757.49,153.68
C100014,2026-09-30,161659.94,50000.0,0.0,299408.41,1733.85,433.46,2167.31,508901.04,78.37
C100014,2026-10-01,211581.57,100000.0,0.0,299408.41,0.0,0.0,0.0,610989.98,0.0
C100014,2026-10-02,311581.57,50000.0,0.0,299408.41,8970.23,2242.56,11212.79,649777.19,47.86
C100014,2026-10-05,361533.71,0.0,0.0,299408.41,2317.3,579.32,2896.62,658045.5,129.06
C100015,2026-09-08,32374.87,0.0,0.0,651346.01,6413.04,1603.26,8016.3,675704.58,34.21
C100015,2026-09-09,32340.66,0.0,3234.07,651346.01,0.0,0.0,0.0,680452.6,21.36
C100015,2026-09-10,29085.23,100000.0,2908.52,651346.01,0.0,0.0,0.0,777522.72,0.0
C100015,2026-09-11,126176.71,0.0,0.0,651346.01,1671.84,417.96,2089.8,775432.92,80.59
C100015,2026-09-14,126096.12,0.0,12609.61,651346.01,0.0,0.0,0.0,764832.52,3.45
C100015,2026-09-15,113483.06,0.0,11348.31,651346.01,689.75,172.44,862.19,752618.57,2.42
C100015,2026-09-16,102132.33,0.0,0.0,651346.01,0.0,0.0,0.0,753478.34,0.0
C100015,2026-09-17,102132.33,0.0,0.0,651346.01,0.0,0.0,0.0,753478.34,0.0
C100015,2026-09-18,102132.33,0.0,0.0,651346.01,0.0,0.0,0.0,753478.34,40.04
C100015,2026-09-21,102092.29,10000.0,0.0,651346.01,0.0,0.0,0.0,763438.3,0.0
C100015,2026-09-22,112092.29,100000.0,11209.23,651346.01,6599.02,1649.75,8248.77,843980.3,35.2
C100015,2026-09-23,200847.86,100000.0,0.0,651346.01,7641.56,1910.39,9551.95,942641.92,40.77
C100015,2026-09-24,300807.09,0.0,0.0,651346.01,0.0,0.0,0.0,952153.1,0.0
C100015,2026-09-25,300807.09,50000.0,0.0,651346.01,0.0,0.0,0.0,1002153.1,0.0
C100015,2026-09-28,350807.09,0.0,0.0,651346.01,7341.14,1835.29,9176.43,992976.67,25.71
C100015,2026-09-29,350781.38,50000.0,0.0,651346.01,16927.84,4231.96,21159.8,1030967.59,71.18
C100015,2026-09-30,400710.2,0.0,0.0,651346.01,1896.47,474.12,2370.59,1049685.62,10.12
C100015,2026-10-01,400700.08,10000.0,0.0,651346.01,484.19,121.05,605.24,1061440.85,2.58
C100015,2026-10-02,410697.5,0.0,41069.75,651346.01,817.46,204.37,1021.83,1019951.93,4.36
C100015,2026-10-05,369623.39,50000.0,0.0,651346.01,1053.48,263.37,1316.85,1069652.55,326.43
C100016,2026-09-08,49983.44,10000.0,0.0,178730.41,0.0,0.0,0.0,238713.85,3.05
C100016,2026-09-09,59980.39,0.0,0.0,178730.41,6155.39,1538.85,7694.24,231016.56,32.84
C100016,2026-09-10,59947.55,0.0,5994.76,178730.41,0.0,0.0,0.0,232683.2,0.0
C100016,2026-09-11,53952.79,0.0,0.0,178730.41,0.0,0.0,0.0,232683.2,0.0
C100016,2026-09-14,53952.79,0.0,0.0,178730.41,0.0,0.0,0.0,232683.2,0.0
C100016,2026-09-15,53952.79,50000.0,0.0,178730.41,0.0,0.0,0.0,282683.2,0.0
C100016,2026-09-16,103952.79,0.0,0.0,178730.41,2180.7,545.17,2725.87,279957.33,7.64
C100016,2026-09-17,103945.15,0.0,10394.52,178730.41,0.0,0.0,0.0,272281.04,0.0
C100016,2026-09-18,93550.63,50000.0,0.0,178730.41,0.0,0.0,0.0,322281.04,0.0
C100016,2026-09-21,143550.63,10000.0,14355.06,178730.41,547.79,136.95,684.74,317241.24,2.92
C100016,2026-09-22,139192.65,10000.0,0.0,178730.41,3328.23,832.06,4160.29,323762.77,17.76
C100016,2026-09-23,149174.89,0.0,0.0,178730.41,0.0,0.0,0.0,327905.3,5.91
C100016,2026-09-24,149168.98,10000.0,0.0,178730.41,0.0,0.0,0.0,337899.39,0.0
C100016,2026-09-25,159168.98,10000.0,0.0,178730.41,0.0,0.0,0.0,347899.39,0.0
C100016,2026-09-28,169168.98,0.0,0.0,178730.41,1246.01,311.5,1557.51,346341.88,4.36
C100016,2026-09-29,169164.62,100000.0,0.0,178730.41,5364.6,1341.15,6705.75,441189.28,28.61
C100016,2026-09-30,269136.01,0.0,0.0,178730.41,695.68,173.92,869.6,446996.82,238.1
C100016,2026-10-01,268897.91,10000.0,0.0,178730.41,0.0,0.0,0.0,457628.32,0.0
C100016,2026-10-02,278897.91,0.0,0.0,178730.41,11110.88,2777.72,13888.6,443739.72,50.1
C100016,2026-10-05,278847.81,0.0,0.0,178730.41,3214.44,803.61,4018.05,453560.17,11.26
C100017,2026-09-08,48702.96,0.0,0.0,502140.59,5909.08,1477.27,7386.35,543457.2,20.69
C100017,2026-09-09,48682.27,100000.0,0.0,502140.59,808.63,202.16,1010.79,649812.07,2.83
C100017,2026-09-10,148679.44,0.0,0.0,502140.59,9992.28,2498.07,12490.35,638329.68,37.34
C100017,2026-09-11,148642.1,10000.0,0.0,502140.59,0.0,0.0,0.0,660782.69,15.01
C100017,2026-09-14,158627.09,10000.0,0.0,502140.59,0.0,0.0,0.0,670767.68,0.0
C100017,2026-09-15,168627.09,10000.0,0.0,502140.59,4084.96,1021.24,5106.2,675661.48,14.3
C100017,2026-09-16,178612.79,0.0,0.0,502140.59,0.0,0.0,0.0,680753.38,152.24
C100017,2026-09-17,178460.55,50000.0,0.0,502140.59,0.0,0.0,0.0,730601.14,0.0
C100017,2026-09-18,228460.55,10000.0,22846.06,502140.59,12782.71,3195.68,15978.39,701776.69,195.91
C100017,2026-09-21,215418.58,100000.0,0.0,502140.59,0.0,0.0,0.0,817559.17,0.0
C100017,2026-09-22,315418.58,10000.0,31541.86,502140.59,0.0,0.0,0.0,796017.31,0.0
C100017,2026-09-23,293876.72,50000.0,0.0,502140.59,1163.74,290.93,1454.67,844562.64,35.65
C100017,2026-09-24,343841.07,0.0,0.0,502140.59,1405.72,351.43,1757.15,844224.51,81.03
C100017,2026-09-25,343760.04,0.0,34376.0,502140.59,0.0,0.0,0.0,811524.63,0.0
C100017,2026-09-28,309384.04,100000.0,0.0,502140.59,0.0,0.0,0.0,911524.63,0.0
C100017,2026-09-29,409384.04,10000.0,0.0,502140.59,28174.03,7043.51,35217.54,886307.09,126.65
C100017,2026-09-30,419257.39,0.0,0.0,502140.59,0.0,0.0,0.0,921397.98,27.57
C100017,2026-10-01,419229.82,100000.0,0.0,502140.59,886.5,221.62,1108.12,1020262.29,3.1
C100017,2026-10-02,519226.72,0.0,0.0,502140.59,1448.64,362.16,1810.8,1019556.51,5.07
C100017,2026-10-05,519221.65,50000.0,51922.17,502140.59,7314.01,1828.5,9142.51,1010297.56,196.08
C100018,2026-09-08,285049.51,0.0,0.0,432697.87,1490.35,372.59,1862.94,715884.44,7.95
C100018,2026-09-09,285041.56,50000.0,0.0,432697.87,197.69,49.42,247.11,767492.32,0.69
C100018,2026-09-10,335040.87,0.0,0.0,432697.87,0.0,0.0,0.0,767738.74,28.46
C100018,2026-09-11,335012.41,0.0,0.0,432697.87,0.0,0.0,0.0,767710.28,0.0
C100018,2026-09-14,335012.41,0.0,0.0,432697.87,0.0,0.0,0.0,767710.28,62.81
C100018,2026-09-15,334949.6,100000.0,0.0,432697.87,2233.22,558.31,2791.53,864855.94,7.82
C100018,2026-09-16,434941.78,0.0,0.0,432697.87,6848.95,1712.24,8561.19,859078.46,23.98
C100018,2026-09-17,434917.8,0.0,43491.78,432697.87,17880.22,4470.06,22350.28,801773.61,55.75
C100018,2026-09-18,391370.27,0.0,0.0,432697.87,0.0,0.0,0.0,824068.14,0.0
C100018,2026-09-21,391370.27,0.0,39137.03,432697.87,4208.15,1052.04,5260.19,779670.92,22.45
C100018,2026-09-22,352210.79,50000.0,0.0,432697.87,0.0,0.0,0.0,834908.66,19.75
C100018,2026-09-23,402191.04,100000.0,0.0,432697.87,0.0,0.0,0.0,934888.91,5.78
C100018,2026-09-24,502185.26,0.0,0.0,432697.87,7955.22,1988.8,9944.02,924939.11,27.86
C100018,2026-09-25,502157.4,50000.0,0.0,432697.87,3496.14,874.03,4370.17,980485.1,21.7
C100018,2026-09-28,552135.7,0.0,0.0,432697.87,0.0,0.0,0.0,984833.57,84.34
C100018,2026-09-29,552051.36,0.0,55205.14,432697.87,4588.65,1147.16,5735.81,923808.28,24.49
C100018,2026-09-30,496821.73,0.0,0.0,432697.87,562.22,140.56,702.78,928816.82,3.0
C100018,2026-10-01,496818.73,100000.0,49681.87,432697.87,868.32,217.08,1085.4,978749.33,3.04
C100018,2026-10-02,547133.82,100000.0,0.0,432697.87,3216.05,804.01,4020.06,1075811.63,17.16
C100018,2026-10-05,647116.66,0.0,64711.67,432697.87,794.52,198.63,993.15,1014109.71,4.24
C100019,2026-09-08,62852.72,10000.0,0.0,518240.93,18618.99,4654.75,23273.74,567819.91,83.76
C100019,2026-09-09,72768.96,100000.0,0.0,518240.93,0.0,0.0,0.0,691009.89,0.0
C100019,2026-09-10,172768.96,100000.0,17276.9,518240.93,0.0,0.0,0.0,773732.99,0.0
C100019,2026-09-11,255492.06,10000.0,0.0,518240.93,10253.95,2563.49,12817.44,770915.55,29.26
C100019,2026-09-14,265462.8,0.0,26546.28,518240.93,0.0,0.0,0.0,757157.45,61.64
C100019,2026-09-15,238854.88,0.0,0.0,518240.93,0.0,0.0,0.0,757095.81,0.0
C100019,2026-09-16,238854.88,0.0,0.0,518240.93,0.0,0.0,0.0,757095.81,60.21
C100019,2026-09-17,238794.67,0.0,0.0,518240.93,0.0,0.0,0.0,757035.6,0.0
C100019,2026-09-18,238794.67,0.0,23879.47,518240.93,8598.15,2149.54,10747.69,722408.44,60.01
C100019,2026-09-21,214855.19,10000.0,0.0,518240.93,0.0,0.0,0.0,743096.12,0.0
C100019,2026-09-22,224855.19,0.0,0.0,518240.93,12584.23,3146.06,15730.29,727365.83,58.88
C100019,2026-09-23,224796.31,50000.0,22479.63,518240.93,11858.75,2964.69,14823.44,755734.17,41.53
C100019,2026-09-24,252275.15,50000.0,0.0,518240.93,822.09,205.52,1027.61,819488.47,87.93
C100019,2026-09-25,302187.22,0.0,0.0,518240.93,8449.36,2112.34,10561.7,809866.45,45.08
C100019,2026-09-28,302142.14,100000.0,30214.21,518240.93,404.09,101.02,505.11,889663.75,2.16
C100019,2026-09-29,371925.77,50000.0,0.0,518240.93,485.42,121.36,606.78,939559.92,22.08
C100019,2026-09-30,421903.69,0.0,0.0,518240.93,0.0,0.0,0.0,940144.62,0.0
C100019,2026-10-01,421903.69,50000.0,0.0,518240.93,0.0,0.0,0.0,990144.62,67.1
C100019,2026-10-02,471836.59,50000.0,0.0,518240.93,20683.33,5170.83,25854.16,1014223.36,131.42
C100019,2026-10-05,521705.17,0.0,0.0,518240.93,0.0,0.0,0.0,1039946.1,0.0
C100020,2026-09-08,207842.31,0.0,0.0,419994.19,5829.91,1457.48,7287.39,620549.11,20.42
C100020,2026-09-09,207821.89,100000.0,0.0,419994.19,592.81,148.2,741.01,727075.07,2.07
C100020,2026-09-10,307819.82,100000.0,30781.98,419994.19,0.0,0.0,0.0,797032.03,0.0
C100020,2026-09-11,377037.84,50000.0,0.0,419994.19,1363.41,340.85,1704.26,845327.77,7.28
C100020,2026-09-14,427030.56,0.0,0.0,419994.19,1481.13,370.28,1851.41,845173.34,90.51
C100020,2026-09-15,426940.05,0.0,0.0,419994.19,2065.04,516.26,2581.3,844352.94,73.94
C100020,2026-09-16,426866.11,10000.0,0.0,419994.19,7967.92,1991.98,9959.9,846900.4,27.91
C100020,2026-09-17,436838.2,0.0,0.0,419994.19,0.0,0.0,0.0,856832.39,18.32
C100020,2026-09-18,436819.88,10000.0,0.0,419994.19,0.0,0.0,0.0,866814.07,18.61
C100020,2026-09-21,446801.27,0.0,0.0,419994.19,8484.0,2121.0,10605.0,856190.46,42.47
C100020,2026-09-22,446758.8,100000.0,0.0,419994.19,0.0,0.0,0.0,966752.99,0.0
C100020,2026-09-23,546758.8,0.0,54675.88,419994.19,0.0,0.0,0.0,912077.11,72.96
C100020,2026-09-24,492009.96,0.0,49201.0,419994.19,0.0,0.0,0.0,862803.15,0.0
C100020,2026-09-25,442808.96,0.0,0.0,419994.19,1909.32,477.33,2386.65,860416.5,14.82
C100020,2026-09-28,442794.14,0.0,44279.41,419994.19,475.83,118.96,594.79,817914.13,1.67
C100020,2026-09-29,398513.06,0.0,0.0,419994.19,388.18,97.04,485.22,818022.03,1.36
C100020,2026-09-30,398511.7,10000.0,0.0,419994.19,0.0,0.0,0.0,828505.89,0.0
C100020,2026-10-01,408511.7,100000.0,0.0,419994.19,0.0,0.0,0.0,928505.89,0.0
C100020,2026-10-02,508511.7,50000.0,0.0,419994.19,0.0,0.0,0.0,978505.89,14.47
C100020,2026-10-05,558497.23,50000.0,55849.72,419994.19,6768.19,1692.05,8460.24,964181.46,34.04
C100021,2026-09-08,146931.22,100000.0,0.0,503556.76,8254.9,2063.72,10318.62,740169.36,28.89
C100021,2026-09-09,246902.33,0.0,0.0,503556.76,0.0,0.0,0.0,750459.09,140.26
C100021,2026-09-10,246762.07,10000.0,0.0,503556.76,3505.14,876.28,4381.42,755937.41,95.57
C100021,2026-09-11,256666.5,50000.0,25666.65,503556.76,3749.57,937.39,4686.96,779869.65,20.0
C100021,2026-09-14,280979.85,10000.0,0.0,503556.76,7525.65,1881.41,9407.06,785129.55,81.47
C100021,2026-09-15,290898.38,0.0,0.0,503556.76,0.0,0.0,0.0,794455.14,0.0
C100021,2026-09-16,290898.38,0.0,0.0,503556.76,0.0,0.0,0.0,794455.14,170.74
C100021,2026-09-17,290727.64,100000.0,29072.76,503556.76,7164.15,1791.04,8955.19,856256.45,38.22
C100021,2026-09-18,361616.66,100000.0,0.0,503556.76,0.0,0.0,0.0,965173.42,0.0
C100021,2026-09-21,461616.66,50000.0,0.0,503556.76,0.0,0.0,0.0,1015173.42,0.0
C100021,2026-09-22,511616.66,0.0,51161.67,503556.76,715.67,178.92,894.59,963117.16,76.25
C100021,2026-09-23,460378.74,0.0,0.0,503556.76,2678.83,669.71,3348.54,960586.96,14.29
C100021,2026-09-24,460364.45,0.0,0.0,503556.76,4154.83,1038.71,5193.54,958727.67,22.17
C100021,2026-09-25,460342.28,0.0,0.0,503556.76,0.0,0.0,0.0,963899.04,28.81
C100021,2026-09-28,460313.47,0.0,46031.35,503556.76,6638.58,1659.64,8298.22,909540.66,23.25
C100021,2026-09-29,414258.87,0.0,0.0,503556.76,2695.19,673.8,3368.99,914446.64,59.0
C100021,2026-09-30,414199.87,10000.0,0.0,503556.76,2251.25,562.81,2814.06,924942.57,12.01
C100021,2026-10-01,424187.86,0.0,0.0,503556.76,1532.58,383.14,1915.72,925828.9,5.37
C100021,2026-10-02,424182.49,0.0,0.0,503556.76,12341.27,3085.32,15426.59,912312.66,39.32
C100021,2026-10-05,424143.17,0.0,0.0,503556.76,0.0,0.0,0.0,927699.93,0.0
C100022,2026-09-08,310020.9,50000.0,0.0,455246.09,0.0,0.0,0.0,815266.99,0.0
C100022,2026-09-09,360020.9,0.0,36002.09,455246.09,0.0,0.0,0.0,779264.9,0.0
C100022,2026-09-10,324018.81,0.0,0.0,455246.09,7375.16,1843.79,9218.95,770045.95,63.99
C100022,2026-09-11,323954.82,100000.0,0.0,455246.09,8009.8,2002.45,10012.25,869188.66,42.08
C100022,2026-09-14,423912.74,0.0,0.0,455246.09,0.0,0.0,0.0,879158.83,0.0
C100022,2026-09-15,423912.74,10000.0,0.0,455246.09,0.0,0.0,0.0,889158.83,0.0
C100022,2026-09-16,433912.74,0.0,43391.27,455246.09,0.0,0.0,0.0,845767.56,0.0
C100022,2026-09-17,390521.47,10000.0,0.0,455246.09,0.0,0.0,0.0,855767.56,21.09
C100022,2026-09-18,400500.38,0.0,0.0,455246.09,11031.98,2758.0,13789.98,841956.49,49.91
C100022,2026-09-21,400450.47,0.0,0.0,455246.09,0.0,0.0,0.0,855696.56,0.0
C100022,2026-09-22,400450.47,10000.0,0.0,455246.09,300.51,75.13,375.64,865320.92,21.94
C100022,2026-09-23,410428.53,100000.0,0.0,455246.09,600.64,150.16,750.8,964923.82,3.2
C100022,2026-09-24,510425.33,0.0,51042.53,455246.09,5506.1,1376.52,6882.62,907746.27,29.38
C100022,2026-09-25,459353.42,10000.0,0.0,455246.09,20756.41,5189.1,25945.51,898654.0,49.22
C100022,2026-09-28,469304.2,0.0,46930.42,455246.09,0.0,0.0,0.0,877619.87,0.0
C100022,2026-09-29,422373.78,50000.0,0.0,455246.09,1745.64,436.41,2182.05,925437.82,166.47
C100022,2026-09-30,472207.31,100000.0,0.0,455246.09,1354.37,338.59,1692.96,1025760.44,4.74
C100022,2026-10-01,572202.57,0.0,0.0,455246.09,1403.72,350.93,1754.65,1025694.01,4.92
C100022,2026-10-02,572197.65,100000.0,0.0,455246.09,777.37,194.34,971.71,1126472.03,4.14
C100022,2026-10-05,672193.51,100000.0,0.0,455246.09,0.0,0.0,0.0,1227439.6,0.0
C100023,2026-09-08,208552.09,100000.0,0.0,269211.67,783.37,195.84,979.21,576784.55,4.18
C100023,2026-09-09,308547.91,0.0,0.0,269211.67,0.0,0.0,0.0,577759.58,18.71
C100023,2026-09-10,308529.2,0.0,0.0,269211.67,0.0,0.0,0.0,577740.87,0.0
C100023,2026-09-11,308529.2,0.0,0.0,269211.67,0.0,0.0,0.0,577740.87,0.0
C100023,2026-09-14,308529.2,0.0,0.0,269211.67,0.0,0.0,0.0,577740.87,0.0
C100023,2026-09-15,308529.2,10000.0,0.0,269211.67,0.0,0.0,0.0,587740.87,103.32
C100023,2026-09-16,318425.88,0.0,31842.59,269211.67,4213.87,1053.47,5267.34,550527.62,22.49
C100023,2026-09-17,286560.8,0.0,0.0,269211.67,21430.01,5357.5,26787.51,528984.96,155.79
C100023,2026-09-18,286405.01,0.0,0.0,269211.67,6175.87,1543.97,7719.84,547896.84,32.95
C100023,2026-09-21,286372.06,50000.0,28637.21,269211.67,0.0,0.0,0.0,576946.52,0.0
C100023,2026-09-22,307734.85,100000.0,0.0,269211.67,1813.25,453.31,2266.56,674679.96,6.35
C100023,2026-09-23,407728.5,0.0,40772.85,269211.67,0.0,0.0,0.0,636167.32,0.0
C100023,2026-09-24,366955.65,0.0,36695.56,269211.67,0.0,0.0,0.0,599471.76,0.0
C100023,2026-09-25,330260.09,0.0,0.0,269211.67,7507.02,1876.75,9383.77,590087.99,26.29
C100023,2026-09-28,330233.8,0.0,33023.38,269211.67,0.0,0.0,0.0,566422.09,0.0
C100023,2026-09-29,297210.42,0.0,0.0,269211.67,0.0,0.0,0.0,566422.09,0.0
C100023,2026-09-30,297210.42,50000.0,0.0,269211.67,0.0,0.0,0.0,616422.09,0.0
C100023,2026-10-01,347210.42,50000.0,0.0,269211.67,0.0,0.0,0.0,666422.09,0.0
C100023,2026-10-02,397210.42,0.0,0.0,269211.67,0.0,0.0,0.0,666422.09,0.0
C100023,2026-10-05,397210.42,0.0,0.0,269211.67,0.0,0.0,0.0,666422.09,83.16
C100024,2026-09-08,17828.97,10000.0,1782.9,437536.39,4279.91,1069.98,5349.89,458232.57,14.99
C100024,2026-09-09,26031.08,50000.0,0.0,437536.39,2798.16,699.54,3497.7,510069.77,14.92
C100024,2026-09-10,76016.16,0.0,0.0,437536.39,0.0,0.0,0.0,513552.55,70.45
C100024,2026-09-11,75945.71,0.0,0.0,437536.39,1357.7,339.43,1697.13,511784.97,7.24
C100024,2026-09-14,75938.47,0.0,0.0,437536.39,1402.49,350.62,1753.11,511721.75,41.56
C100024,2026-09-15,75896.91,100000.0,7589.69,437536.39,0.0,0.0,0.0,605843.61,0.0
C100024,2026-09-16,168307.22,0.0,0.0,437536.39,483.74,120.94,604.68,605238.93,1.69
C100024,2026-09-17,168305.53,0.0,16830.55,437536.39,0.0,0.0,0.0,589011.37,69.9
C100024,2026-09-18,151405.08,0.0,15140.51,437536.39,0.0,0.0,0.0,573800.96,0.0
C100024,2026-09-21,136264.57,0.0,13626.46,437536.39,0.0,0.0,0.0,560174.5,0.0
C100024,2026-09-22,122638.11,10000.0,0.0,437536.39,1327.84,331.96,1659.8,568514.7,4.65
C100024,2026-09-23,132633.46,0.0,0.0,437536.39,0.0,0.0,0.0,570169.85,0.0
C100024,2026-09-24,132633.46,0.0,0.0,437536.39,1055.12,263.78,1318.9,568850.95,3.7
C100024,2026-09-25,132629.76,100000.0,13262.98,437536.39,9678.46,2419.62,12098.08,644805.09,51.64
C100024,2026-09-28,219315.14,0.0,0.0,437536.39,203.17,50.79,253.96,656597.57,0.71
C100024,2026-09-29,219314.43,0.0,0.0,437536.39,1412.49,353.12,1765.61,655085.21,4.95
C100024,2026-09-30,219309.48,0.0,0.0,437536.39,1339.52,334.88,1674.4,655171.47,169.39
C100024,2026-10-01,219140.09,50000.0,0.0,437536.39,0.0,0.0,0.0,706676.48,0.0
C100024,2026-10-02,269140.09,100000.0,26914.01,437536.39,17610.65,4402.66,22013.31,757749.16,167.88
C100024,2026-10-05,342058.2,50000.0,0.0,437536.39,382.3,95.57,477.87,829116.72,2.04
C100025,2026-09-08,64810.01,10000.0,6481.0,537026.86,0.0,0.0,0.0,605355.87,0.0
C100025,2026-09-09,68329.01,100000.0,0.0,537026.86,17375.04,4343.76,21718.8,683637.07,74.88
C100025,2026-09-10,168254.13,100000.0,0.0,537026.86,633.71,158.43,792.14,804488.85,3.38
C100025,2026-09-11,268250.75,50000.0,0.0,537026.86,0.0,0.0,0.0,855277.61,0.0
C100025,2026-09-14,318250.75,100000.0,31825.08,537026.86,5153.6,1288.4,6442.0,917010.53,98.38
C100025,2026-09-15,386327.29,10000.0,0.0,537026.86,2360.96,590.24,2951.2,930402.95,12.6
C100025,2026-09-16,396314.69,10000.0,0.0,537026.86,0.0,0.0,0.0,943341.55,0.0
C100025,2026-09-17,406314.69,50000.0,0.0,537026.86,392.23,98.06,490.29,992851.26,1.38
C100025,2026-09-18,456313.31,0.0,45631.33,537026.86,8051.61,2012.9,10064.51,937644.33,28.04
C100025,2026-09-21,410653.94,10000.0,0.0,537026.86,0.0,0.0,0.0,957680.8,80.61
C100025,2026-09-22,420573.33,0.0,0.0,537026.86,0.0,0.0,0.0,957600.19,0.0
C100025,2026-09-23,420573.33,100000.0,0.0,537026.86,1531.03,382.76,1913.79,1055686.4,8.17
C100025,2026-09-24,520565.16,0.0,0.0,537026.86,0.0,0.0,0.0,1057592.02,0.0
C100025,2026-09-25,520565.16,10000.0,0.0,537026.86,0.0,0.0,0.0,1067592.02,0.0
C100025,2026-09-28,530565.16,0.0,0.0,537026.86,0.0,0.0,0.0,1067592.02,82.12
C100025,2026-09-29,530483.04,10000.0,0.0,537026.86,10193.84,2548.46,12742.3,1064767.6,52.13
C100025,2026-09-30,540430.91,50000.0,0.0,537026.86,573.74,143.44,717.18,1126740.59,3.06
C100025,2026-10-01,590427.85,50000.0,59042.78,537026.86,0.0,0.0,0.0,1118411.93,25.32
C100025,2026-10-02,581359.75,100000.0,0.0,537026.86,3026.74,756.68,3783.42,1214603.19,16.15
C100025,2026-10-05,681343.6,10000.0,0.0,537026.86,410.08,102.52,512.6,1227857.86,2.19
C100026,2026-09-08,183668.23,10000.0,18366.82,418411.12,1381.69,345.42,1727.11,591985.42,70.09
C100026,2026-09-09,175231.32,10000.0,0.0,418411.12,0.0,0.0,0.0,603642.44,0.0
C100026,2026-09-10,185231.32,0.0,0.0,418411.12,6368.24,1592.06,7960.3,595682.14,22.29
C100026,2026-09-11,185209.03,100000.0,0.0,418411.12,0.0,0.0,0.0,703620.15,0.0
C100026,2026-09-14,285209.03,10000.0,28520.9,418411.12,0.0,0.0,0.0,685099.25,0.0
C100026,2026-09-15,266688.13,50000.0,0.0,418411.12,3409.01,852.25,4261.26,730837.99,18.19
C100026,2026-09-16,316669.94,0.0,0.0,418411.12,1489.14,372.28,1861.42,733219.64,6.41
C100026,2026-09-17,316663.53,0.0,0.0,418411.12,0.0,0.0,0.0,735074.65,0.0
C100026,2026-09-18,316663.53,10000.0,0.0,418411.12,3336.07,834.02,4170.09,740904.56,17.8
C100026,2026-09-21,326645.73,0.0,0.0,418411.12,0.0,0.0,0.0,745056.85,0.0
C100026,2026-09-22,326645.73,50000.0,0.0,418411.12,8797.92,2199.48,10997.4,784059.45,30.81
C100026,2026-09-23,376614.92,10000.0,0.0,418411.12,1424.09,356.02,1780.11,803245.93,54.97
C100026,2026-09-24,386559.95,0.0,0.0,418411.12,7391.22,1847.8,9239.02,795732.05,39.43
C100026,2026-09-25,386520.52,0.0,38652.05,418411.12,0.0,0.0,0.0,766279.59,0.0
C100026,2026-09-28,347868.47,50000.0,34786.85,418411.12,20236.37,5059.09,25295.46,756197.28,72.06
C100026,2026-09-29,363009.56,50000.0,0.0,418411.12,0.0,0.0,0.0,831420.68,37.93
C100026,2026-09-30,412971.63,0.0,0.0,418411.12,0.0,0.0,0.0,831382.75,0.0
C100026,2026-10-01,412971.63,10000.0,41297.16,418411.12,0.0,0.0,0.0,800085.59,52.78
C100026,2026-10-02,381621.69,0.0,0.0,418411.12,1135.1,283.77,1418.87,798613.94,4.87
C100026,2026-10-05,381616.82,0.0,0.0,418411.12,10089.52,2522.38,12611.9,787416.04,35.33
C100027,2026-09-08,390059.4,0.0,0.0,258988.29,14204.52,3551.13,17755.65,631292.04,75.79
C100027,2026-09-09,389983.61,0.0,0.0,258988.29,0.0,0.0,0.0,648971.9,0.0
C100027,2026-09-10,389983.61,100000.0,0.0,258988.29,6637.78,1659.44,8297.22,740674.68,58.78
C100027,2026-09-11,489924.83,10000.0,0.0,258988.29,0.0,0.0,0.0,758913.12,43.75
C100027,2026-09-14,499881.08,0.0,0.0,258988.29,16515.15,4128.79,20643.94,738225.43,191.13
C100027,2026-09-15,499689.95,0.0,49969.0,258988.29,16148.75,4037.19,20185.94,688523.3,32.51
C100027,2026-09-16,449688.44,0.0,44968.84,258988.29,1319.0,329.75,1648.75,662059.14,33.03
C100027,2026-09-17,404686.57,0.0,0.0,258988.29,576.68,144.17,720.85,662954.01,164.99
C100027,2026-09-18,404521.58,100000.0,0.0,258988.29,1683.68,420.92,2104.6,761405.27,5.89
C100027,2026-09-21,504515.69,10000.0,0.0,258988.29,5807.38,1451.84,7259.22,766244.76,30.99
C100027,2026-09-22,514484.7,100000.0,0.0,258988.29,0.0,0.0,0.0,873472.99,0.0
C100027,2026-09-23,614484.7,0.0,61448.47,258988.29,3896.71,974.18,4870.89,807153.63,13.65
C100027,2026-09-24,553022.58,0.0,0.0,258988.29,0.0,0.0,0.0,812010.87,0.0
C100027,2026-09-25,553022.58,100000.0,55302.26,258988.29,3265.15,816.29,4081.44,852627.17,11.43
C100027,2026-09-28,597708.89,10000.0,0.0,258988.29,2875.69,718.92,3594.61,863102.57,15.34
C100027,2026-09-29,607693.55,50000.0,60769.36,258988.29,0.0,0.0,0.0,855912.48,24.52
C100027,2026-09-30,596899.67,0.0,0.0,258988.29,0.0,0.0,0.0,855887.96,157.25
C100027,2026-10-01,596742.42,0.0,0.0,258988.29,0.0,0.0,0.0,855730.71,141.76
C100027,2026-10-02,596600.66,0.0,0.0,258988.29,10383.95,2595.99,12979.94,842609.01,55.62
C100027,2026-10-05,596545.04,0.0,0.0,258988.29,0.0,0.0,0.0,855533.33,0.0
C100028,2026-09-08,195565.34,50000.0,0.0,358073.8,0.0,0.0,0.0,603639.14,0.0
C100028,2026-09-09,245565.34,0.0,0.0,358073.8,0.0,0.0,0.0,603639.14,0.0
C100028,2026-09-10,245565.34,0.0,0.0,358073.8,0.0,0.0,0.0,603639.14,6.1
C100028,2026-09-11,245559.24,100000.0,0.0,358073.8,0.0,0.0,0.0,703633.04,25.79
C100028,2026-09-14,345533.45,0.0,0.0,358073.8,7130.34,1782.59,8912.93,694694.32,43.19
C100028,2026-09-15,345490.26,0.0,0.0,358073.8,0.0,0.0,0.0,703564.06,59.98
C100028,2026-09-16,345430.28,0.0,0.0,358073.8,9570.53,2392.63,11963.16,691540.92,128.83
C100028,2026-09-17,345301.45,0.0,0.0,358073.8,0.0,0.0,0.0,703375.25,0.0
C100028,2026-09-18,345301.45,0.0,34530.15,358073.8,183.72,45.93,229.65,668615.45,0.98
C100028,2026-09-21,310770.32,0.0,0.0,358073.8,2989.82,747.46,3737.28,665106.84,10.47
C100028,2026-09-22,310759.85,50000.0,31075.98,358073.8,670.9,167.72,838.62,686919.05,50.76
C100028,2026-09-23,329633.11,10000.0,0.0,358073.8,1196.54,299.14,1495.68,696211.23,4.19
C100028,2026-09-24,339628.92,0.0,0.0,358073.8,0.0,0.0,0.0,697702.72,0.0
C100028,2026-09-25,339628.92,0.0,0.0,358073.8,9922.74,2480.68,12403.42,685299.3,76.24
C100028,2026-09-28,339552.68,0.0,33955.27,358073.8,0.0,0.0,0.0,663671.21,0.0
C100028,2026-09-29,305597.41,10000.0,30559.74,358073.8,1447.53,361.88,1809.41,641302.06,5.06
C100028,2026-09-30,285032.61,50000.0,0.0,358073.8,0.0,0.0,0.0,693106.41,43.06
C100028,2026-10-01,334989.55,0.0,0.0,358073.8,680.88,170.22,851.1,692212.25,2.38
C100028,2026-10-02,334987.17,10000.0,33498.72,358073.8,1586.52,396.63,1983.15,667579.1,8.46
C100028,2026-10-05,311479.99,10000.0,31148.0,358073.8,1370.14,342.53,1712.67,646693.12,10.99
C100029,2026-09-08,207971.96,0.0,0.0,570684.66,22153.52,5538.38,27691.9,750964.72,103.18
C100029,2026-09-09,207868.78,0.0,0.0,570684.66,1437.07,359.27,1796.34,776757.1,5.03
C100029,2026-09-10,207863.75,10000.0,0.0,570684.66,0.0,0.0,0.0,788548.41,49.42
C100029,2026-09-11,217814.33,0.0,0.0,570684.66,15815.4,3953.85,19769.25,768729.74,77.82
C100029,2026-09-14,217736.51,100000.0,0.0,570684.66,696.6,174.15,870.75,887550.42,2.44
C100029,2026-09-15,317734.07,0.0,0.0,570684.66,12898.66,3224.66,16123.32,872295.41,30.72
C100029,2026-09-16,317703.35,0.0,31770.34,570684.66,0.0,0.0,0.0,856617.67,47.99
C100029,2026-09-17,285885.02,50000.0,0.0,570684.66,0.0,0.0,0.0,906569.68,0.0
C100029,2026-09-18,335885.02,0.0,33588.5,570684.66,0.0,0.0,0.0,872981.18,0.0
C100029,2026-09-21,302296.52,100000.0,0.0,570684.66,0.0,0.0,0.0,972981.18,0.0
C100029,2026-09-22,402296.52,100000.0,0.0,570684.66,2643.3,660.82,3304.12,1069677.06,9.25
C100029,2026-09-23,502287.27,50000.0,0.0,570684.66,13164.17,3291.04,16455.21,1106516.72,161.25
C100029,2026-09-24,552126.02,0.0,0.0,570684.66,460.62,115.16,575.78,1122234.9,1.61
C100029,2026-09-25,552124.41,0.0,0.0,570684.66,0.0,0.0,0.0,1122809.07,0.0
C100029,2026-09-28,552124.41,50000.0,0.0,570684.66,0.0,0.0,0.0,1172809.07,0.0
C100029,2026-09-29,602124.41,0.0,0.0,570684.66,0.0,0.0,0.0,1172809.07,0.0
C100029,2026-09-30,602124.41,50000.0,0.0,570684.66,720.02,180.0,900.02,1221909.05,2.52
C100029,2026-10-01,652121.89,10000.0,0.0,570684.66,12140.22,3035.05,15175.27,1217631.28,60.56
C100029,2026-10-02,662061.33,100000.0,0.0,570684.66,0.0,0.0,0.0,1332745.99,0.0
C100029,2026-10-05,762061.33,50000.0,0.0,570684.66,11269.76,2817.44,14087.2,1368658.79,30.0
C100030,2026-09-08,109212.02,50000.0,10921.2,267472.02,275.86,68.97,344.83,415418.01,16.98
C100030,2026-09-09,148273.84,0.0,0.0,267472.02,2724.9,681.23,3406.13,412339.73,23.81
C100030,2026-09-10,148250.03,10000.0,0.0,267472.02,1037.76,259.44,1297.2,424424.85,3.63
C100030,2026-09-11,158246.4,100000.0,0.0,267472.02,0.0,0.0,0.0,525718.42,0.0
C100030,2026-09-14,258246.4,50000.0,0.0,267472.02,6277.07,1569.27,7846.34,567872.08,82.93
C100030,2026-09-15,308163.47,100000.0,30816.35,267472.02,0.0,0.0,0.0,644819.14,0.0
C100030,2026-09-16,377347.12,50000.0,0.0,267472.02,18909.62,4727.41,23637.03,671182.11,154.61
C100030,2026-09-17,427192.51,0.0,0.0,267472.02,4109.76,1027.44,5137.2,689527.33,70.53
C100030,2026-09-18,427121.98,100000.0,0.0,267472.02,1884.49,471.12,2355.61,792238.39,44.8
C100030,2026-09-21,527077.18,0.0,0.0,267472.02,1462.44,365.61,1828.05,792721.15,66.14
C100030,2026-09-22,527011.04,0.0,0.0,267472.02,0.0,0.0,0.0,794483.06,65.64
C100030,2026-09-23,526945.4,0.0,52694.54,267472.02,0.0,0.0,0.0,741722.88,0.0
C100030,2026-09-24,474250.86,50000.0,0.0,267472.02,0.0,0.0,0.0,791722.88,0.0
C100030,2026-09-25,524250.86,10000.0,0.0,267472.02,0.0,0.0,0.0,801722.88,0.0
C100030,2026-09-28,534250.86,10000.0,0.0,267472.02,12998.96,3249.74,16248.7,795474.18,61.32
C100030,2026-09-29,544189.54,50000.0,0.0,267472.02,5074.99,1268.75,6343.74,855317.82,27.08
C100030,2026-09-30,594162.46,50000.0,59416.25,267472.02,6903.2,1725.8,8629.0,843589.23,24.17
C100030,2026-10-01,584722.04,0.0,58472.2,267472.02,0.0,0.0,0.0,793721.86,0.0
C100030,2026-10-02,526249.84,50000.0,0.0,267472.02,4264.75,1066.19,5330.94,838390.92,14.93
C100030,2026-10-05,576234.91,10000.0,0.0,267472.02,0.0,0.0,0.0,853706.93,0.0
C100031,2026-09-08,61667.06,100000.0,0.0,462412.51,17145.74,4286.44,21432.18,602647.39,33.06
C100031,2026-09-09,161634.0,0.0,0.0,462412.51,0.0,0.0,0.0,624046.51,0.0
C100031,2026-09-10,161634.0,0.0,0.0,462412.51,4074.34,1018.58,5092.92,618953.59,21.74
C100031,2026-09-11,161612.26,50000.0,16161.23,462412.51,0.0,0.0,0.0,657863.54,0.0
C100031,2026-09-14,195451.03,50000.0,19545.1,462412.51,6994.08,1748.52,8742.6,679575.84,63.5
C100031,2026-09-15,225842.43,10000.0,0.0,462412.51,9860.2,2465.05,12325.25,685929.69,142.48
C100031,2026-09-16,235699.95,100000.0,0.0,462412.51,689.44,172.36,861.8,797250.66,22.24
C100031,2026-09-17,335677.71,10000.0,0.0,462412.51,0.0,0.0,0.0,808090.22,54.65
C100031,2026-09-18,345623.06,10000.0,0.0,462412.51,15083.56,3770.89,18854.45,799181.12,63.06
C100031,2026-09-21,355560.0,0.0,35556.0,462412.51,0.0,0.0,0.0,782416.51,147.87
C100031,2026-09-22,319856.13,100000.0,0.0,462412.51,0.0,0.0,0.0,882268.64,27.87
C100031,2026-09-23,419828.26,0.0,0.0,462412.51,0.0,0.0,0.0,882240.77,10.5
C100031,2026-09-24,419817.76,100000.0,41981.78,462412.51,0.0,0.0,0.0,940248.49,0.0
C100031,2026-09-25,477835.98,0.0,0.0,462412.51,0.0,0.0,0.0,940248.49,39.81
C100031,2026-09-28,477796.17,0.0,0.0,462412.51,18007.86,4501.97,22509.83,917698.85,94.46
C100031,2026-09-29,477701.71,50000.0,0.0,462412.51,775.62,193.91,969.53,989144.69,28.24
C100031,2026-09-30,527673.47,50000.0,0.0,462412.51,0.0,0.0,0.0,1040085.98,0.0
C100031,2026-10-01,577673.47,0.0,57767.35,462412.51,0.0,0.0,0.0,982318.63,0.0
C100031,2026-10-02,519906.12,100000.0,0.0,462412.51,0.0,0.0,0.0,1082318.63,0.0
C100031,2026-10-05,619906.12,0.0,0.0,462412.51,17517.21,4379.3,21896.51,1060422.12,58.85
C100032,2026-09-08,25523.73,0.0,0.0,462116.1,0.0,0.0,0.0,487639.83,0.0
C100032,2026-09-09,25523.73,10000.0,0.0,462116.1,0.0,0.0,0.0,497639.83,0.0
C100032,2026-09-10,35523.73,100000.0,3552.37,462116.1,0.0,0.0,0.0,594087.46,83.99
C100032,2026-09-11,131887.37,0.0,13188.74,462116.1,5326.49,1331.62,6658.11,574156.62,25.96
C100032,2026-09-14,118672.67,50000.0,0.0,462116.1,7999.43,1999.86,9999.29,620789.48,28.02
C100032,2026-09-15,168644.65,10000.0,0.0,462116.1,706.25,176.56,882.81,639877.94,2.48
C100032,2026-09-16,178642.17,0.0,0.0,462116.1,0.0,0.0,0.0,640758.27,146.18
C100032,2026-09-17,178495.99,10000.0,0.0,462116.1,1394.46,348.62,1743.08,648869.01,4.88
C100032,2026-09-18,188491.11,0.0,0.0,462116.1,0.0,0.0,0.0,650607.21,8.0
C100032,2026-09-21,188483.11,50000.0,0.0,462116.1,14383.48,3595.87,17979.35,682619.86,34.11
C100032,2026-09-22,238449.0,10000.0,0.0,462116.1,0.0,0.0,0.0,710565.1,15.0
C100032,2026-09-23,248434.0,50000.0,0.0,462116.1,0.0,0.0,0.0,760550.1,0.0
C100032,2026-09-24,298434.0,0.0,0.0,462116.1,6427.45,1606.86,8034.31,752515.79,34.29
C100032,2026-09-25,298399.71,0.0,0.0,462116.1,0.0,0.0,0.0,760515.81,75.91
C100032,2026-09-28,298323.8,0.0,0.0,462116.1,0.0,0.0,0.0,760439.9,0.0
C100032,2026-09-29,298323.8,0.0,0.0,462116.1,3342.74,835.68,4178.42,756261.48,11.71
C100032,2026-09-30,298312.09,0.0,0.0,462116.1,6808.59,1702.15,8510.74,751917.45,23.84
C100032,2026-10-01,298288.25,10000.0,0.0,462116.1,0.0,0.0,0.0,770404.35,0.0
C100032,2026-10-02,308288.25,0.0,0.0,462116.1,2940.17,735.04,3675.21,766729.14,15.69
C100032,2026-10-05,308272.56,10000.0,30827.26,462116.1,1745.33,436.33,2181.66,747379.74,9.31
C100033,2026-09-08,76665.45,10000.0,0.0,668167.42,15982.78,3995.7,19978.48,734854.39,55.96
C100033,2026-09-09,86609.49,0.0,0.0,668167.42,0.0,0.0,0.0,754776.91,0.0
C100033,2026-09-10,86609.49,50000.0,0.0,668167.42,8101.01,2025.25,10126.26,794650.65,43.21
C100033,2026-09-11,136566.28,50000.0,0.0,668167.42,5861.74,1465.43,7327.17,847406.53,20.52
C100033,2026-09-14,186545.76,50000.0,0.0,668167.42,0.0,0.0,0.0,904713.18,0.0
C100033,2026-09-15,236545.76,0.0,23654.58,668167.42,0.0,0.0,0.0,881058.6,18.12
C100033,2026-09-16,212873.06,50000.0,0.0,668167.42,0.0,0.0,0.0,931040.48,57.14
C100033,2026-09-17,262815.92,10000.0,26281.59,668167.42,0.0,0.0,0.0,914701.75,0.0
C100033,2026-09-18,246534.33,100000.0,0.0,668167.42,3503.23,875.81,4379.04,1010322.71,12.27
C100033,2026-09-21,346522.06,10000.0,34652.21,668167.42,1415.16,353.79,1768.95,988268.32,4.95
C100033,2026-09-22,321864.9,0.0,32186.49,668167.42,16299.67,4074.92,20374.59,937471.24,183.49
C100033,2026-09-23,289494.92,10000.0,0.0,668167.42,6048.18,1512.04,7560.22,960102.12,32.27
C100033,2026-09-24,299462.65,10000.0,0.0,668167.42,0.0,0.0,0.0,977630.07,26.51
C100033,2026-09-25,309436.14,100000.0,30943.61,668167.42,7176.31,1794.08,8970.39,1037689.56,66.39
C100033,2026-09-28,378426.14,0.0,37842.61,668167.42,1495.55,373.89,1869.44,1006881.51,76.67
C100033,2026-09-29,340506.86,0.0,0.0,668167.42,0.0,0.0,0.0,1008674.28,0.0
C100033,2026-09-30,340506.86,50000.0,0.0,668167.42,0.0,0.0,0.0,1058674.28,0.0
C100033,2026-10-01,390506.86,10000.0,0.0,668167.42,0.0,0.0,0.0,1068674.28,0.0
C100033,2026-10-02,400506.86,0.0,40050.69,668167.42,10138.49,2534.62,12673.11,1015950.48,51.2
C100033,2026-10-05,360404.97,50000.0,36040.5,668167.42,3760.95,940.24,4701.19,1037830.7,16.7
C100034,2026-09-08,90212.57,0.0,0.0,388147.4,3804.95,951.24,4756.19,473603.78,13.32
C100034,2026-09-09,90199.25,0.0,9019.93,388147.4,3684.12,921.03,4605.15,464721.57,83.22
C100034,2026-09-10,81096.1,100000.0,0.0,388147.4,6761.48,1690.37,8451.85,560791.65,23.67
C100034,2026-09-11,181072.43,100000.0,18107.24,388147.4,6635.73,1658.93,8294.66,642817.93,23.24
C100034,2026-09-14,262941.95,10000.0,0.0,388147.4,0.0,0.0,0.0,661089.35,0.0
C100034,2026-09-15,272941.95,0.0,27294.2,388147.4,1368.32,342.08,1710.4,632084.75,4.79
C100034,2026-09-16,245642.96,10000.0,24564.3,388147.4,17268.76,4317.19,21585.95,597640.11,77.65
C100034,2026-09-17,231001.01,100000.0,23100.1,388147.4,0.0,0.0,0.0,696048.31,0.0
C100034,2026-09-18,307900.91,100000.0,0.0,388147.4,0.0,0.0,0.0,796048.31,0.0
C100034,2026-09-21,407900.91,0.0,0.0,388147.4,3102.53,775.63,3878.16,792170.15,21.37
C100034,2026-09-22,407879.54,50000.0,0.0,388147.4,1544.35,386.09,1930.44,844096.5,105.26
C100034,2026-09-23,457774.28,0.0,0.0,388147.4,14441.88,3610.47,18052.35,827869.33,72.86
C100034,2026-09-24,457701.42,50000.0,0.0,388147.4,0.0,0.0,0.0,895848.82,0.0
C100034,2026-09-25,507701.42,0.0,0.0,388147.4,557.32,139.33,696.65,895152.17,33.53
C100034,2026-09-28,507667.89,50000.0,50766.79,388147.4,0.0,0.0,0.0,895048.5,0.0
C100034,2026-09-29,506901.1,50000.0,0.0,388147.4,298.4,74.6,373.0,944675.5,1.04
C100034,2026-09-30,556900.06,0.0,0.0,388147.4,0.0,0.0,0.0,945047.46,0.0
C100034,2026-10-01,556900.06,10000.0,0.0,388147.4,8337.8,2084.45,10422.25,944625.21,36.58
C100034,2026-10-02,566863.48,0.0,0.0,388147.4,1402.68,350.67,1753.35,953257.53,4.9
C100034,2026-10-05,566858.58,100000.0,0.0,388147.4,0.0,0.0,0.0,1055005.98,0.0
C100035,2026-09-08,23764.1,10000.0,0.0,660131.55,27647.66,6911.91,34559.57,659336.08,192.8
C100035,2026-09-09,33571.3,100000.0,0.0,660131.55,316.55,79.14,395.69,793307.16,1.69
C100035,2026-09-10,133569.61,10000.0,0.0,660131.55,1613.47,403.37,2016.84,801684.32,140.75
C100035,2026-09-11,143428.86,100000.0,0.0,660131.55,0.0,0.0,0.0,903560.41,0.0
C100035,2026-09-14,243428.86,0.0,0.0,660131.55,1040.63,260.16,1300.79,902259.62,3.64
C100035,2026-09-15,243425.22,0.0,0.0,660131.55,0.0,0.0,0.0,903556.77,0.0
C100035,2026-09-16,243425.22,100000.0,0.0,660131.55,0.0,0.0,0.0,1003556.77,0.0
C100035,2026-09-17,343425.22,0.0,0.0,660131.55,0.0,0.0,0.0,1003556.77,0.0
C100035,2026-09-18,343425.22,100000.0,0.0,660131.55,0.0,0.0,0.0,1103556.77,0.0
C100035,2026-09-21,443425.22,100000.0,0.0,660131.55,7417.3,1854.33,9271.63,1194285.14,25.98
C100035,2026-09-22,543399.24,10000.0,54339.92,660131.55,0.0,0.0,0.0,1159190.87,42.88
C100035,2026-09-23,499016.44,50000.0,49901.64,660131.55,7252.14,1813.03,9065.17,1150181.18,38.69
C100035,2026-09-24,499076.11,50000.0,49907.61,660131.55,603.29,150.82,754.11,1158545.94,2.11
C100035,2026-09-25,499166.39,0.0,0.0,660131.55,0.0,0.0,0.0,1159297.94,89.41
C100035,2026-09-28,499076.98,0.0,0.0,660131.55,332.46,83.11,415.57,1158792.96,1.78
C100035,2026-09-29,499075.2,100000.0,0.0,660131.55,0.0,0.0,0.0,1259206.75,0.0
C100035,2026-09-30,599075.2,10000.0,0.0,660131.55,3199.75,799.94,3999.69,1265207.06,31.83
C100035,2026-10-01,609043.37,0.0,60904.34,660131.55,0.0,0.0,0.0,1208270.58,24.95
C100035,2026-10-02,548114.08,0.0,54811.41,660131.55,0.0,0.0,0.0,1153434.22,0.0
C100035,2026-10-05,493302.67,0.0,0.0,660131.55,0.0,0.0,0.0,1153434.22,0.0
C100036,2026-09-08,235935.74,0.0,23593.57,422895.15,1147.75,286.94,1434.69,633802.63,6.12
C100036,2026-09-09,212336.05,100000.0,0.0,422895.15,2832.96,708.24,3541.2,731690.0,126.4
C100036,2026-09-10,312209.65,0.0,0.0,422895.15,5030.57,1257.64,6288.21,728816.59,17.61
C100036,2026-09-11,312192.04,50000.0,0.0,422895.15,0.0,0.0,0.0,785087.19,0.0
C100036,2026-09-14,362192.04,10000.0,36219.2,422895.15,0.0,0.0,0.0,758867.99,0.0
C100036,2026-09-15,335972.84,100000.0,0.0,422895.15,1582.42,395.6,1978.02,856889.97,145.98
C100036,2026-09-16,435826.86,0.0,43582.69,422895.15,17703.87,4425.97,22129.84,793009.48,62.0
C100036,2026-09-17,392182.17,0.0,0.0,422895.15,0.0,0.0,0.0,815077.32,0.0
C100036,2026-09-18,392182.17,0.0,0.0,422895.15,1369.2,342.3,1711.5,813365.82,24.83
C100036,2026-09-21,392157.34,50000.0,0.0,422895.15,572.81,143.2,716.01,864336.48,2.01
C100036,2026-09-22,442155.33,0.0,0.0,422895.15,0.0,0.0,0.0,865050.48,0.0
C100036,2026-09-23,442155.33,0.0,0.0,422895.15,0.0,0.0,0.0,865050.48,0.0
C100036,2026-09-24,442155.33,10000.0,0.0,422895.15,0.0,0.0,0.0,875050.48,0.0
C100036,2026-09-25,452155.33,50000.0,0.0,422895.15,200.5,50.13,250.63,924799.85,1.07
C100036,2026-09-28,502154.26,10000.0,0.0,422895.15,0.0,0.0,0.0,935049.41,0.0
C100036,2026-09-29,512154.26,10000.0,51215.43,422895.15,0.0,0.0,0.0,893833.98,0.0
C100036,2026-09-30,470938.83,0.0,0.0,422895.15,0.0,0.0,0.0,893833.98,5.87
C100036,2026-10-01,470932.96,0.0,47093.3,422895.15,1825.15,456.29,2281.44,844453.37,6.39
C100036,2026-10-02,423833.27,0.0,0.0,422895.15,339.44,84.86,424.3,846304.12,1.81
C100036,2026-10-05,423831.46,0.0,0.0,422895.15,21997.7,5499.43,27497.13,819229.48,55.96
C100037,2026-09-08,228283.54,0.0,0.0,205943.85,0.0,0.0,0.0,434227.39,0.0
C100037,2026-09-09,228283.54,50000.0,0.0,205943.85,17049.62,4262.4,21312.02,462915.37,81.28
C100037,2026-09-10,278202.26,10000.0,0.0,205943.85,8601.45,2150.36,10751.81,483394.3,76.28
C100037,2026-09-11,288125.98,0.0,0.0,205943.85,956.46,239.11,1195.57,492874.26,4.29
C100037,2026-09-14,288121.69,0.0,28812.17,205943.85,0.0,0.0,0.0,465253.37,22.26
C100037,2026-09-15,259287.26,0.0,0.0,205943.85,0.0,0.0,0.0,465231.11,0.0
C100037,2026-09-16,259287.26,0.0,0.0,205943.85,16025.66,4006.41,20032.07,445199.04,41.04
C100037,2026-09-17,259246.22,100000.0,0.0,205943.85,0.0,0.0,0.0,565190.07,0.0
C100037,2026-09-18,359246.22,100000.0,0.0,205943.85,3939.94,984.98,4924.92,660265.15,13.8
C100037,2026-09-21,459232.42,100000.0,0.0,205943.85,1447.03,361.76,1808.79,763367.48,8.98
C100037,2026-09-22,559223.44,0.0,55922.34,205943.85,0.0,0.0,0.0,709244.95,0.0
C100037,2026-09-23,503301.1,0.0,0.0,205943.85,18366.83,4591.71,22958.54,686286.41,72.35
C100037,2026-09-24,503228.75,50000.0,50322.88,205943.85,17301.21,4325.3,21626.51,687223.21,33.15
C100037,2026-09-25,502872.72,0.0,0.0,205943.85,4160.7,1040.17,5200.87,703615.7,14.56
C100037,2026-09-28,502858.16,0.0,0.0,205943.85,5423.36,1355.84,6779.2,702022.81,21.58
C100037,2026-09-29,502836.58,0.0,50283.66,205943.85,18985.84,4746.46,23732.3,634764.47,93.88
C100037,2026-09-30,452459.04,0.0,45245.9,205943.85,2427.68,606.92,3034.6,610122.39,12.95
C100037,2026-10-01,407200.19,0.0,40720.02,205943.85,1468.21,367.05,1835.26,570588.76,7.83
C100037,2026-10-02,366472.34,10000.0,36647.23,205943.85,4050.73,1012.68,5063.41,540705.55,83.59
C100037,2026-10-05,339741.52,10000.0,33974.15,205943.85,0.0,0.0,0.0,521711.22,6.89
C100038,2026-09-08,59666.83,10000.0,0.0,177928.74,13177.47,3294.37,16471.84,231123.73,39.44
C100038,2026-09-09,69627.39,0.0,0.0,177928.74,0.0,0.0,0.0,247556.13,0.0
C100038,2026-09-10,69627.39,0.0,6962.74,177928.74,0.0,0.0,0.0,240593.39,0.0
C100038,2026-09-11,62664.65,50000.0,0.0,177928.74,0.0,0.0,0.0,290593.39,93.73
C100038,2026-09-14,112570.92,0.0,0.0,177928.74,0.0,0.0,0.0,290499.66,20.7
C100038,2026-09-15,112550.22,0.0,0.0,177928.74,0.0,0.0,0.0,290478.96,0.0
C100038,2026-09-16,112550.22,50000.0,0.0,177928.74,1942.48,485.62,2428.1,338050.86,73.97
C100038,2026-09-17,162476.25,0.0,0.0,177928.74,0.0,0.0,0.0,340404.99,0.0
C100038,2026-09-18,162476.25,0.0,0.0,177928.74,0.0,0.0,0.0,340404.99,69.79
C100038,2026-09-21,162406.46,0.0,16240.65,177928.74,0.0,0.0,0.0,324094.55,0.0
C100038,2026-09-22,146165.81,0.0,0.0,177928.74,0.0,0.0,0.0,324094.55,0.0
C100038,2026-09-23,146165.81,0.0,14616.58,177928.74,0.0,0.0,0.0,309477.97,0.0
C100038,2026-09-24,131549.23,100000.0,13154.92,177928.74,0.0,0.0,0.0,396323.05,40.28
C100038,2026-09-25,218354.03,10000.0,0.0,177928.74,4895.04,1223.76,6118.8,400163.97,17.14
C100038,2026-09-28,228336.89,0.0,0.0,177928.74,12903.76,3225.94,16129.7,390135.93,55.95
C100038,2026-09-29,228280.94,50000.0,0.0,177928.74,16722.2,4180.55,20902.75,435306.93,210.8
C100038,2026-09-30,278070.14,100000.0,27807.01,177928.74,0.0,0.0,0.0,528191.87,59.79
C100038,2026-10-01,350203.34,0.0,0.0,177928.74,1421.9,355.48,1777.38,526354.7,21.26
C100038,2026-10-02,350182.08,10000.0,0.0,177928.74,1174.85,293.71,1468.56,536642.26,6.26
C100038,2026-10-05,360175.82,0.0,0.0,177928.74,0.0,0.0,0.0,538104.56,0.0
C100039,2026-09-08,32332.49,10000.0,0.0,353296.33,0.0,0.0,0.0,395628.82,25.83
C100039,2026-09-09,42306.66,10000.0,0.0,353296.33,0.0,0.0,0.0,405602.99,44.04
C100039,2026-09-10,52262.62,0.0,0.0,353296.33,0.0,0.0,0.0,405558.95,0.0
C100039,2026-09-11,52262.62,50000.0,0.0,353296.33,4545.28,1136.32,5681.6,449877.35,36.2
C100039,2026-09-14,102226.42,50000.0,0.0,353296.33,0.0,0.0,0.0,505522.75,0.0
C100039,2026-09-15,152226.42,50000.0,15222.64,353296.33,4698.04,1174.51,5872.55,534427.56,96.02
C100039,2026-09-16,186907.76,50000.0,0.0,353296.33,0.0,0.0,0.0,590204.09,0.0
C100039,2026-09-17,236907.76,100000.0,0.0,353296.33,698.2,174.55,872.75,689331.34,30.93
C100039,2026-09-18,336876.83,10000.0,0.0,353296.33,6754.78,1688.69,8443.47,691729.69,24.51
C100039,2026-09-21,346852.32,50000.0,34685.23,353296.33,0.0,0.0,0.0,715463.42,0.0
C100039,2026-09-22,362167.09,100000.0,0.0,353296.33,0.0,0.0,0.0,815463.42,0.0
C100039,2026-09-23,462167.09,0.0,0.0,353296.33,828.18,207.04,1035.22,814428.2,2.9
C100039,2026-09-24,462164.19,0.0,0.0,353296.33,7264.56,1816.14,9080.7,806379.82,80.99
C100039,2026-09-25,462083.2,100000.0,46208.32,353296.33,20942.96,5235.74,26178.7,842992.51,87.93
C100039,2026-09-28,515786.95,0.0,0.0,353296.33,16678.36,4169.59,20847.95,848235.33,160.4
C100039,2026-09-29,515626.55,0.0,0.0,353296.33,0.0,0.0,0.0,868922.88,0.0
C100039,2026-09-30,515626.55,50000.0,0.0,353296.33,544.51,136.13,680.64,918242.24,22.39
C100039,2026-10-01,565604.16,0.0,0.0,353296.33,0.0,0.0,0.0,918900.49,0.0
C100039,2026-10-02,565604.16,0.0,0.0,353296.33,1261.95,315.49,1577.44,917323.05,4.42
C100039,2026-10-05,565599.74,50000.0,0.0,353296.33,5119.12,1279.78,6398.9,962497.17,27.31
C100040,2026-09-08,86305.43,0.0,0.0,171733.78,937.69,234.42,1172.11,256867.1,5.0
C100040,2026-09-09,86300.43,0.0,0.0,171733.78,0.0,0.0,0.0,258034.21,0.0
C100040,2026-09-10,86300.43,50000.0,8630.04,171733.78,0.0,0.0,0.0,299404.17,76.03
C100040,2026-09-11,127594.36,100000.0,0.0,171733.78,0.0,0.0,0.0,399328.14,85.49
C100040,2026-09-14,227508.87,0.0,0.0,171733.78,14330.92,3582.73,17913.65,381329.0,57.78
C100040,2026-09-15,227451.09,10000.0,0.0,171733.78,5186.59,1296.65,6483.24,402701.63,18.16
C100040,2026-09-16,237432.93,50000.0,0.0,171733.78,13916.79,3479.2,17395.99,441770.72,64.2
C100040,2026-09-17,287368.73,0.0,28736.87,171733.78,510.75,127.69,638.44,429727.2,167.92
C100040,2026-09-18,258463.94,50000.0,0.0,171733.78,7561.89,1890.47,9452.36,470745.36,26.48
C100040,2026-09-21,308437.46,100000.0,0.0,171733.78,0.0,0.0,0.0,580171.24,0.0
C100040,2026-09-22,408437.46,0.0,40843.75,171733.78,0.0,0.0,0.0,539327.49,0.0
C100040,2026-09-23,367593.71,0.0,0.0,171733.78,0.0,0.0,0.0,539327.49,0.0
C100040,2026-09-24,367593.71,0.0,0.0,171733.78,0.0,0.0,0.0,539327.49,27.1
C100040,2026-09-25,367566.61,0.0,0.0,171733.78,424.8,106.2,531.0,538769.39,2.27
C100040,2026-09-28,367564.34,10000.0,0.0,171733.78,3556.9,889.22,4446.12,544852.0,143.89
C100040,2026-09-29,377420.45,0.0,0.0,171733.78,0.0,0.0,0.0,549154.23,62.81
C100040,2026-09-30,377357.64,0.0,37735.76,171733.78,0.0,0.0,0.0,511355.66,0.0
C100040,2026-10-01,339621.88,0.0,0.0,171733.78,0.0,0.0,0.0,511355.66,0.0
C100040,2026-10-02,339621.88,50000.0,0.0,171733.78,0.0,0.0,0.0,561355.66,0.0
C100040,2026-10-05,389621.88,0.0,0.0,171733.78,0.0,0.0,0.0,561355.66,0.0
C100041,2026-09-08,63824.16,10000.0,0.0,227031.19,5677.06,1419.26,7096.32,293759.03,27.75
C100041,2026-09-09,73796.41,0.0,7379.64,227031.19,0.0,0.0,0.0,293447.96,0.0
C100041,2026-09-10,66416.77,10000.0,0.0,227031.19,886.25,221.56,1107.81,302340.15,16.62
C100041,2026-09-11,76400.15,0.0,0.0,227031.19,0.0,0.0,0.0,303431.34,0.0
C100041,2026-09-14,76400.15,100000.0,0.0,227031.19,0.0,0.0,0.0,403431.34,0.0
C100041,2026-09-15,176400.15,0.0,0.0,227031.19,421.2,105.3,526.5,402904.84,1.48
C100041,2026-09-16,176398.67,0.0,17639.87,227031.19,17299.09,4324.77,21623.86,364166.13,81.27
C100041,2026-09-17,158677.53,0.0,15867.75,227031.19,0.0,0.0,0.0,369840.97,0.0
C100041,2026-09-18,142809.78,0.0,0.0,227031.19,1664.4,416.1,2080.5,367760.47,5.83
C100041,2026-09-21,142803.95,0.0,0.0,227031.19,0.0,0.0,0.0,369835.14,0.0
C100041,2026-09-22,142803.95,0.0,0.0,227031.19,0.0,0.0,0.0,369835.14,137.06
C100041,2026-09-23,142666.89,0.0,14266.69,227031.19,1439.1,359.77,1798.87,353632.52,7.68
C100041,2026-09-24,128392.52,0.0,12839.25,227031.19,0.0,0.0,0.0,342584.46,0.0
C100041,2026-09-25,115553.27,0.0,0.0,227031.19,0.0,0.0,0.0,342584.46,59.51
C100041,2026-09-28,115493.76,0.0,0.0,227031.19,0.0,0.0,0.0,342524.95,49.05
C100041,2026-09-29,115444.71,10000.0,0.0,227031.19,662.73,165.68,828.41,351647.49,3.53
C100041,2026-09-30,125441.18,0.0,0.0,227031.19,6545.47,1636.37,8181.84,344290.53,22.92
C100041,2026-10-01,125418.26,10000.0,0.0,227031.19,1424.95,356.24,1781.19,360668.26,7.6
C100041,2026-10-02,135410.66,50000.0,0.0,227031.19,0.0,0.0,0.0,412441.85,0.0
C100041,2026-10-05,185410.66,100000.0,0.0,227031.19,8436.6,2109.15,10545.75,501896.1,43.72
C100042,2026-09-08,18015.3,100000.0,1801.53,254468.72,0.0,0.0,0.0,370682.49,57.7
C100042,2026-09-09,116156.07,10000.0,0.0,254468.72,0.0,0.0,0.0,380624.79,0.0
C100042,2026-09-10,126156.07,100000.0,0.0,254468.72,285.61,71.4,357.01,480267.78,1.53
C100042,2026-09-11,226154.54,50000.0,0.0,254468.72,2771.82,692.95,3464.77,527158.49,9.72
C100042,2026-09-14,276144.82,0.0,0.0,254468.72,0.0,0.0,0.0,530613.54,20.86
C100042,2026-09-15,276123.96,50000.0,27612.4,254468.72,0.0,0.0,0.0,552980.28,0.0
C100042,2026-09-16,298511.56,0.0,29851.16,254468.72,1491.91,372.98,1864.89,521264.23,5.22
C100042,2026-09-17,268655.18,0.0,26865.52,254468.72,0.0,0.0,0.0,496258.38,80.26
C100042,2026-09-18,241709.4,100000.0,24170.94,254468.72,0.0,0.0,0.0,572007.18,0.0
C100042,2026-09-21,317538.46,100000.0,31753.85,254468.72,0.0,0.0,0.0,640253.33,27.25
C100042,2026-09-22,385757.36,50000.0,0.0,254468.72,7124.54,1781.14,8905.68,681320.4,128.71
C100042,2026-09-23,435628.65,0.0,0.0,254468.72,0.0,0.0,0.0,690097.37,0.0
C100042,2026-09-24,435628.65,0.0,0.0,254468.72,7482.1,1870.52,9352.62,680744.75,26.2
C100042,2026-09-25,435602.45,0.0,0.0,254468.72,0.0,0.0,0.0,690071.17,96.99
C100042,2026-09-28,435505.46,0.0,43550.55,254468.72,0.0,0.0,0.0,646423.63,0.0
C100042,2026-09-29,391954.91,0.0,39195.49,254468.72,2537.44,634.36,3171.8,604056.34,8.89
C100042,2026-09-30,352750.53,0.0,0.0,254468.72,2866.75,716.69,3583.44,603635.81,15.29
C100042,2026-10-01,352735.24,0.0,0.0,254468.72,0.0,0.0,0.0,607203.96,0.0
C100042,2026-10-02,352735.24,100000.0,0.0,254468.72,346.72,86.68,433.4,706770.56,29.24
C100042,2026-10-05,452706.0,0.0,0.0,254468.72,3693.49,923.37,4616.86,702557.86,33.01
C100043,2026-09-08,60544.67,0.0,0.0,459952.34,10152.0,2538.0,12690.0,507807.01,54.17
C100043,2026-09-09,60490.5,0.0,0.0,459952.34,0.0,0.0,0.0,520442.84,0.0
C100043,2026-09-10,60490.5,10000.0,0.0,459952.34,0.0,0.0,0.0,530442.84,0.0
C100043,2026-09-11,70490.5,10000.0,0.0,459952.34,0.0,0.0,0.0,540442.84,14.02
C100043,2026-09-14,80476.48,0.0,8047.65,459952.34,6760.69,1690.17,8450.86,523930.31,94.58
C100043,2026-09-15,72334.25,50000.0,0.0,459952.34,5698.37,1424.59,7122.96,575163.63,179.96
C100043,2026-09-16,122154.29,0.0,0.0,459952.34,0.0,0.0,0.0,582106.63,0.0
C100043,2026-09-17,122154.29,50000.0,12215.43,459952.34,0.0,0.0,0.0,619891.2,26.59
C100043,2026-09-18,159912.27,100000.0,15991.23,459952.34,0.0,0.0,0.0,703873.38,0.0
C100043,2026-09-21,243921.04,0.0,0.0,459952.34,0.0,0.0,0.0,703873.38,0.0
C100043,2026-09-22,243921.04,0.0,0.0,459952.34,1472.03,368.01,1840.04,702033.34,7.85
C100043,2026-09-23,243913.19,100000.0,0.0,459952.34,621.98,155.5,777.48,803088.05,3.32
C100043,2026-09-24,343909.87,100000.0,34390.99,459952.34,0.0,0.0,0.0,869471.22,0.0
C100043,2026-09-25,409518.88,0.0,0.0,459952.34,0.0,0.0,0.0,869471.22,0.0
C100043,2026-09-28,409518.88,0.0,0.0,459952.34,3510.81,877.7,4388.51,865082.71,17.99
C100043,2026-09-29,409500.89,10000.0,40950.09,459952.34,0.0,0.0,0.0,838503.14,19.04
C100043,2026-09-30,378531.76,10000.0,0.0,459952.34,0.0,0.0,0.0,848484.1,28.48
C100043,2026-10-01,388503.28,0.0,0.0,459952.34,2281.44,570.36,2851.8,845603.82,22.39
C100043,2026-10-02,388480.89,50000.0,0.0,459952.34,2134.93,533.73,2668.66,895764.57,7.47
C100043,2026-10-05,438473.42,0.0,0.0,459952.34,0.0,0.0,0.0,898425.76,44.18
C100044,2026-09-08,69712.2,50000.0,0.0,295957.62,0.0,0.0,0.0,415669.82,0.0
C100044,2026-09-09,119712.2,0.0,0.0,295957.62,8809.89,2202.47,11012.36,404657.46,31.89
C100044,2026-09-10,119680.31,10000.0,0.0,295957.62,0.0,0.0,0.0,425637.93,0.0
C100044,2026-09-11,129680.31,0.0,0.0,295957.62,18468.17,4617.04,23085.21,402552.72,37.95
C100044,2026-09-14,129642.36,0.0,12964.24,295957.62,0.0,0.0,0.0,412635.74,0.0
C100044,2026-09-15,116678.12,50000.0,0.0,295957.62,14992.65,3748.16,18740.81,443894.93,59.36
C100044,2026-09-16,166618.76,10000.0,0.0,295957.62,8643.1,2160.77,10803.87,461772.51,46.11
C100044,2026-09-17,176572.65,0.0,0.0,295957.62,15912.38,3978.1,19890.48,452639.79,33.3
C100044,2026-09-18,176539.35,10000.0,17653.94,295957.62,0.0,0.0,0.0,464843.03,86.78
C100044,2026-09-21,168798.63,0.0,0.0,295957.62,0.0,0.0,0.0,464756.25,0.0
C100044,2026-09-22,168798.63,0.0,0.0,295957.62,2905.27,726.32,3631.59,461124.66,12.93
C100044,2026-09-23,168785.7,100000.0,0.0,295957.62,0.0,0.0,0.0,564743.32,22.87
C100044,2026-09-24,268762.83,10000.0,0.0,295957.62,4431.7,1107.92,5539.62,569180.83,15.52
C100044,2026-09-25,278747.31,0.0,27874.73,295957.62,0.0,0.0,0.0,546830.2,29.79
C100044,2026-09-28,250842.79,0.0,0.0,295957.62,5384.7,1346.17,6730.87,540069.54,18.86
C100044,2026-09-29,250823.93,0.0,25082.39,295957.62,18390.34,4597.58,22987.92,498711.24,152.04
C100044,2026-09-30,225589.5,50000.0,0.0,295957.62,0.0,0.0,0.0,571547.12,27.96
C100044,2026-10-01,275561.54,50000.0,27556.15,295957.62,0.0,0.0,0.0,593963.01,56.52
C100044,2026-10-02,297948.87,10000.0,0.0,295957.62,11721.22,2930.31,14651.53,589254.96,62.54
C100044,2026-10-05,307886.33,50000.0,0.0,295957.62,0.0,0.0,0.0,653843.95,0.0
C100045,2026-09-08,67859.1,10000.0,0.0,461978.47,0.0,0.0,0.0,539837.57,20.37
C100045,2026-09-09,77838.73,10000.0,7783.87,461978.47,0.0,0.0,0.0,542033.33,0.0
C100045,2026-09-10,80054.86,0.0,0.0,461978.47,2739.2,684.8,3424.0,538609.33,9.6
C100045,2026-09-11,80045.26,50000.0,8004.53,461978.47,0.0,0.0,0.0,584019.2,19.28
C100045,2026-09-14,122021.45,100000.0,0.0,461978.47,8004.77,2001.19,10005.96,673993.96,42.71
C100045,2026-09-15,221978.74,10000.0,22197.87,461978.47,0.0,0.0,0.0,671759.34,0.0
C100045,2026-09-16,209780.87,50000.0,0.0,461978.47,0.0,0.0,0.0,721759.34,2.84
C100045,2026-09-17,259778.03,0.0,0.0,461978.47,3067.48,766.87,3834.35,717922.15,13.41
C100045,2026-09-18,259764.62,0.0,0.0,461978.47,0.0,0.0,0.0,721743.09,13.79
C100045,2026-09-21,259750.83,50000.0,0.0,461978.47,0.0,0.0,0.0,771729.3,39.74
C100045,2026-09-22,309711.09,0.0,0.0,461978.47,0.0,0.0,0.0,771689.56,27.76
C100045,2026-09-23,309683.33,100000.0,30968.33,461978.47,14334.84,3583.71,17918.55,822774.92,184.58
C100045,2026-09-24,378530.42,0.0,0.0,461978.47,0.0,0.0,0.0,840508.89,0.0
C100045,2026-09-25,378530.42,100000.0,0.0,461978.47,0.0,0.0,0.0,940508.89,0.0
C100045,2026-09-28,478530.42,0.0,0.0,461978.47,0.0,0.0,0.0,940508.89,110.41
C100045,2026-09-29,478420.01,0.0,0.0,461978.47,0.0,0.0,0.0,940398.48,0.0
C100045,2026-09-30,478420.01,0.0,47842.0,461978.47,0.0,0.0,0.0,892556.48,0.0
C100045,2026-10-01,430578.01,0.0,0.0,461978.47,7772.12,1943.03,9715.15,882841.33,49.52
C100045,2026-10-02,430528.49,10000.0,43052.85,461978.47,4145.21,1036.3,5181.51,854272.6,22.11
C100045,2026-10-05,397453.53,10000.0,0.0,461978.47,2546.5,636.62,3183.12,866248.88,58.85
C100046,2026-09-08,244680.1,100000.0,0.0,205727.88,0.0,0.0,0.0,550407.98,0.0
C100046,2026-09-09,344680.1,50000.0,0.0,205727.88,994.03,248.51,1242.54,599165.44,5.3
C100046,2026-09-10,394674.8,100000.0,0.0,205727.88,0.0,0.0,0.0,700402.68,0.0
C100046,2026-09-11,494674.8,0.0,0.0,205727.88,1760.77,440.19,2200.96,698201.72,9.39
C100046,2026-09-14,494665.41,0.0,0.0,205727.88,0.0,0.0,0.0,700393.29,17.74
C100046,2026-09-15,494647.67,0.0,0.0,205727.88,0.0,0.0,0.0,700375.55,0.0
C100046,2026-09-16,494647.67,100000.0,0.0,205727.88,1610.95,402.74,2013.69,798361.86,33.68
C100046,2026-09-17,594613.99,100000.0,0.0,205727.88,0.0,0.0,0.0,900341.87,0.0
C100046,2026-09-18,694613.99,50000.0,69461.4,205727.88,0.0,0.0,0.0,880880.47,0.0
C100046,2026-09-21,675152.59,0.0,0.0,205727.88,1412.95,353.24,1766.19,879114.28,4.95
C100046,2026-09-22,675147.64,10000.0,0.0,205727.88,0.0,0.0,0.0,890875.52,0.0
C100046,2026-09-23,685147.64,100000.0,0.0,205727.88,0.0,0.0,0.0,990875.52,0.0
C100046,2026-09-24,785147.64,0.0,0.0,205727.88,456.36,114.09,570.45,990305.07,50.38
C100046,2026-09-25,785097.26,0.0,0.0,205727.88,12140.86,3035.22,15176.08,975649.06,32.8
C100046,2026-09-28,785064.46,0.0,0.0,205727.88,1501.25,375.31,1876.56,988915.78,8.01
C100046,2026-09-29,785056.45,100000.0,0.0,205727.88,0.0,0.0,0.0,1090784.33,0.0
C100046,2026-09-30,885056.45,10000.0,0.0,205727.88,12862.77,3215.69,16078.46,1084705.87,81.54
C100046,2026-10-01,894974.91,10000.0,89497.49,205727.88,4390.6,1097.65,5488.25,1015717.05,15.38
C100046,2026-10-02,815462.04,0.0,0.0,205727.88,298.95,74.74,373.69,1020816.23,1.05
C100046,2026-10-05,815460.99,0.0,0.0,205727.88,2253.25,563.31,2816.56,1018372.31,12.01
C100047,2026-09-08,156402.39,50000.0,0.0,411824.21,3613.44,903.36,4516.8,613709.8,19.28
C100047,2026-09-09,206383.11,0.0,0.0,411824.21,0.0,0.0,0.0,618207.32,14.4
C100047,2026-09-10,206368.71,0.0,0.0,411824.21,0.0,0.0,0.0,618192.92,0.0
C100047,2026-09-11,206368.71,10000.0,0.0,411824.21,0.0,0.0,0.0,628192.92,26.33
C100047,2026-09-14,216342.38,0.0,21634.24,411824.21,0.0,0.0,0.0,606532.35,0.0
C100047,2026-09-15,194708.14,10000.0,19470.81,411824.21,0.0,0.0,0.0,597061.54,17.68
C100047,2026-09-16,185219.65,10000.0,0.0,411824.21,0.0,0.0,0.0,607043.86,0.0
C100047,2026-09-17,195219.65,0.0,19521.96,411824.21,12086.03,3021.51,15107.54,572414.36,47.07
C100047,2026-09-18,175650.62,0.0,0.0,411824.21,6749.37,1687.34,8436.71,579038.12,23.64
C100047,2026-09-21,175626.98,0.0,0.0,411824.21,9498.77,2374.69,11873.46,575577.73,49.37
C100047,2026-09-22,175577.61,100000.0,0.0,411824.21,0.0,0.0,0.0,687401.82,63.18
C100047,2026-09-23,275514.43,10000.0,0.0,411824.21,9783.94,2445.98,12229.92,685108.72,78.11
C100047,2026-09-24,285436.32,10000.0,28543.63,411824.21,7882.42,1970.6,9853.02,668863.88,27.6
C100047,2026-09-25,266865.09,100000.0,0.0,411824.21,0.0,0.0,0.0,778689.3,0.0
C100047,2026-09-28,366865.09,10000.0,0.0,411824.21,0.0,0.0,0.0,788689.3,0.0
C100047,2026-09-29,376865.09,0.0,0.0,411824.21,0.0,0.0,0.0,788689.3,0.0
C100047,2026-09-30,376865.09,100000.0,0.0,411824.21,0.0,0.0,0.0,888689.3,108.09
C100047,2026-10-01,476757.0,100000.0,47675.7,411824.21,0.0,0.0,0.0,940905.51,43.41
C100047,2026-10-02,529037.89,100000.0,0.0,411824.21,19041.93,4760.48,23802.41,1017059.69,145.22
C100047,2026-10-05,628892.67,0.0,0.0,411824.21,5315.52,1328.88,6644.4,1034072.48,18.61
C100048,2026-09-08,72701.08,10000.0,0.0,532105.86,0.0,0.0,0.0,614806.94,5.58
C100048,2026-09-09,82695.5,0.0,0.0,532105.86,0.0,0.0,0.0,614801.36,25.29
C100048,2026-09-10,82670.21,0.0,0.0,532105.86,9868.91,2467.23,12336.14,602439.93,84.14
C100048,2026-09-11,82586.07,0.0,0.0,532105.86,0.0,0.0,0.0,614691.93,0.0
C100048,2026-09-14,82586.07,0.0,8258.61,532105.86,1379.9,344.98,1724.88,604708.44,7.36
C100048,2026-09-15,74320.1,0.0,7432.01,532105.86,4010.2,1002.55,5012.75,593981.2,21.4
C100048,2026-09-16,66866.69,0.0,6686.67,532105.86,0.0,0.0,0.0,592285.88,47.02
C100048,2026-09-17,60133.0,10000.0,0.0,532105.86,10317.85,2579.46,12897.31,589341.55,87.71
C100048,2026-09-18,70045.29,0.0,0.0,532105.86,0.0,0.0,0.0,602151.15,41.04
C100048,2026-09-21,70004.25,50000.0,7000.42,532105.86,654.62,163.66,818.28,644291.41,2.29
C100048,2026-09-22,113001.54,100000.0,11300.15,532105.86,0.0,0.0,0.0,733807.25,0.0
C100048,2026-09-23,201701.39,10000.0,0.0,532105.86,0.0,0.0,0.0,743807.25,0.0
C100048,2026-09-24,211701.39,0.0,21170.14,532105.86,0.0,0.0,0.0,722637.11,0.0
C100048,2026-09-25,190531.25,0.0,0.0,532105.86,14285.61,3571.4,17857.01,704780.1,115.71
C100048,2026-09-28,190415.54,50000.0,0.0,532105.86,0.0,0.0,0.0,772521.4,0.0
C100048,2026-09-29,240415.54,0.0,0.0,532105.86,0.0,0.0,0.0,772521.4,1.95
C100048,2026-09-30,240413.59,50000.0,24041.36,532105.86,585.68,146.42,732.1,797745.99,2.04
C100048,2026-10-01,266370.19,50000.0,0.0,532105.86,0.0,0.0,0.0,848476.05,0.0
C100048,2026-10-02,316370.19,0.0,0.0,532105.86,25513.97,6378.49,31892.46,816583.59,61.29
C100048,2026-10-05,316308.9,0.0,0.0,532105.86,0.0,0.0,0.0,848414.76,0.0
C100049,2026-09-08,86775.85,50000.0,8677.59,306862.65,0.0,0.0,0.0,434960.91,0.0
C100049,2026-09-09,128098.26,0.0,0.0,306862.65,13531.14,3382.78,16913.92,418046.99,83.33
C100049,2026-09-10,128014.93,10000.0,0.0,306862.65,558.25,139.56,697.81,444179.77,2.98
C100049,2026-09-11,138011.95,0.0,0.0,306862.65,0.0,0.0,0.0,444874.6,0.0
C100049,2026-09-14,138011.95,10000.0,0.0,306862.65,1251.37,312.84,1564.21,453310.39,22.22
C100049,2026-09-15,147989.73,0.0,0.0,306862.65,4504.89,1126.22,5631.11,449221.27,220.23
C100049,2026-09-16,147769.5,0.0,0.0,306862.65,0.0,0.0,0.0,454632.15,0.0
C100049,2026-09-17,147769.5,0.0,0.0,306862.65,2248.09,562.02,2810.11,451822.04,11.99
C100049,2026-09-18,147757.51,0.0,0.0,306862.65,16819.37,4204.84,21024.21,433595.95,63.72
C100049,2026-09-21,147693.79,0.0,0.0,306862.65,2134.21,533.55,2667.76,451888.68,123.46
C100049,2026-09-22,147570.33,10000.0,0.0,306862.65,1620.96,405.24,2026.2,462406.78,55.75
C100049,2026-09-23,157514.58,0.0,0.0,306862.65,8688.96,2172.24,10861.2,453516.03,30.43
C100049,2026-09-24,157484.15,0.0,0.0,306862.65,15204.43,3801.11,19005.54,445341.26,78.57
C100049,2026-09-25,157405.58,0.0,0.0,306862.65,0.0,0.0,0.0,464268.23,52.8
C100049,2026-09-28,157352.78,50000.0,15735.28,306862.65,0.0,0.0,0.0,498480.15,0.0
C100049,2026-09-29,191617.5,10000.0,19161.75,306862.65,0.0,0.0,0.0,489318.4,0.0
C100049,2026-09-30,182455.75,0.0,18245.58,306862.65,710.42,177.61,888.03,470184.79,3.79
C100049,2026-10-01,164206.38,0.0,0.0,306862.65,0.0,0.0,0.0,471069.03,32.43
C100049,2026-10-02,164173.95,0.0,0.0,306862.65,1553.56,388.39,1941.95,469094.65,6.08
C100049,2026-10-05,164167.87,0.0,16416.79,306862.65,2720.0,680.0,3400.0,451213.73,13.96
C100050,2026-09-08,116998.44,0.0,0.0,293796.96,0.0,0.0,0.0,410795.4,0.0
C100050,2026-09-09,116998.44,0.0,0.0,293796.96,304.92,76.23,381.15,410414.25,1.07
C100050,2026-09-10,116997.37,100000.0,0.0,293796.96,643.42,160.85,804.27,509990.06,22.87
C100050,2026-09-11,216974.5,0.0,0.0,293796.96,0.0,0.0,0.0,510771.46,0.0
C100050,2026-09-14,216974.5,50000.0,0.0,293796.96,0.0,0.0,0.0,560771.46,101.37
C100050,2026-09-15,266873.13,10000.0,0.0,293796.96,16477.36,4119.34,20596.7,550073.39,64.05
C100050,2026-09-16,276809.08,0.0,27680.91,293796.96,711.21,177.8,889.01,542036.12,3.8
C100050,2026-09-17,249124.37,100000.0,24912.44,293796.96,1367.67,341.92,1709.59,616299.3,7.3
C100050,2026-09-18,324204.63,100000.0,32420.46,293796.96,473.55,118.39,591.94,684989.19,1.66
C100050,2026-09-21,391782.51,50000.0,39178.25,293796.96,0.0,0.0,0.0,696401.22,35.83
C100050,2026-09-22,402568.43,10000.0,40256.84,293796.96,5824.49,1456.12,7280.61,658827.94,178.66
C100050,2026-09-23,372132.93,0.0,0.0,293796.96,0.0,0.0,0.0,665929.89,0.0
C100050,2026-09-24,372132.93,0.0,0.0,293796.96,7586.23,1896.56,9482.79,656447.1,26.57
C100050,2026-09-25,372106.36,0.0,0.0,293796.96,600.37,150.09,750.46,665152.86,41.9
C100050,2026-09-28,372064.46,50000.0,37206.45,293796.96,0.0,0.0,0.0,678654.97,0.0
C100050,2026-09-29,384858.01,0.0,38485.8,293796.96,0.0,0.0,0.0,640169.17,0.0
C100050,2026-09-30,346372.21,100000.0,0.0,293796.96,0.0,0.0,0.0,740169.17,0.0
C100050,2026-10-01,446372.21,10000.0,0.0,293796.96,0.0,0.0,0.0,750169.17,0.0
C100050,2026-10-02,456372.21,0.0,0.0,293796.96,0.0,0.0,0.0,750169.17,0.0
C100050,2026-10-05,456372.21,0.0,0.0,293796.96,675.16,168.79,843.95,749325.22,13.98
C100051,2026-09-08,58019.85,0.0,5801.98,777201.24,289.9,72.48,362.38,829056.73,125.29
C100051,2026-09-09,52092.58,100000.0,0.0,777201.24,0.0,0.0,0.0,929293.82,0.0
C100051,2026-09-10,152092.58,50000.0,15209.26,777201.24,0.0,0.0,0.0,964084.56,55.21
C100051,2026-09-11,186828.11,0.0,18682.81,777201.24,0.0,0.0,0.0,945346.54,0.0
C100051,2026-09-14,168145.3,100000.0,0.0,777201.24,0.0,0.0,0.0,1045346.54,151.95
C100051,2026-09-15,267993.35,100000.0,0.0,777201.24,3159.94,789.98,3949.92,1141244.67,30.34
C100051,2026-09-16,367963.01,10000.0,0.0,777201.24,7715.6,1928.9,9644.5,1145519.75,27.02
C100051,2026-09-17,377935.99,0.0,37793.6,777201.24,0.0,0.0,0.0,1117343.63,0.0
C100051,2026-09-18,340142.39,0.0,34014.24,777201.24,0.0,0.0,0.0,1083329.39,45.79
C100051,2026-09-21,306082.36,0.0,0.0,777201.24,6714.78,1678.69,8393.47,1074890.13,35.83
C100051,2026-09-22,306046.53,0.0,0.0,777201.24,9476.05,2369.01,11845.06,1071402.71,166.51
C100051,2026-09-23,305880.02,10000.0,0.0,777201.24,0.0,0.0,0.0,1093081.26,0.0
C100051,2026-09-24,315880.02,10000.0,31588.0,777201.24,13862.52,3465.63,17328.15,1054165.11,48.54
C100051,2026-09-25,294243.48,100000.0,0.0,777201.24,0.0,0.0,0.0,1171444.72,0.0
C100051,2026-09-28,394243.48,0.0,0.0,777201.24,0.0,0.0,0.0,1171444.72,7.92
C100051,2026-09-29,394235.56,0.0,39423.56,777201.24,5510.05,1377.51,6887.56,1125125.68,28.36
C100051,2026-09-30,354783.64,0.0,35478.36,777201.24,1495.4,373.85,1869.25,1094637.27,5.24
C100051,2026-10-01,319300.04,0.0,31930.0,777201.24,482.45,120.61,603.06,1063968.22,1.69
C100051,2026-10-02,287368.35,0.0,0.0,777201.24,1137.15,284.29,1421.44,1063148.15,98.38
C100051,2026-10-05,287269.97,50000.0,28727.0,777201.24,3242.45,810.61,4053.06,1081691.15,53.42
C100052,2026-09-08,26455.56,50000.0,0.0,271367.84,1461.37,365.34,1826.71,345996.69,56.74
C100052,2026-09-09,76398.82,50000.0,0.0,271367.84,4838.58,1209.64,6048.22,391718.44,25.82
C100052,2026-09-10,126373.0,10000.0,0.0,271367.84,0.0,0.0,0.0,407740.84,0.0
C100052,2026-09-11,136373.0,0.0,0.0,271367.84,15555.94,3888.98,19444.92,388295.92,60.7
C100052,2026-09-14,136312.3,10000.0,0.0,271367.84,3958.66,989.66,4948.32,412731.82,21.12
C100052,2026-09-15,146291.18,0.0,0.0,271367.84,389.68,97.42,487.1,417171.92,2.08
C100052,2026-09-16,146289.1,0.0,0.0,271367.84,12298.16,3074.54,15372.7,402284.24,65.62
C100052,2026-09-17,146223.48,0.0,0.0,271367.84,17341.96,4335.49,21677.45,395913.87,60.73
C100052,2026-09-18,146162.75,10000.0,14616.28,271367.84,0.0,0.0,0.0,412914.31,0.0
C100052,2026-09-21,141546.47,10000.0,0.0,271367.84,0.0,0.0,0.0,422914.31,164.17
C100052,2026-09-22,151382.3,50000.0,0.0,271367.84,0.0,0.0,0.0,472750.14,96.01
C100052,2026-09-23,201286.29,0.0,0.0,271367.84,0.0,0.0,0.0,472654.13,0.0
C100052,2026-09-24,201286.29,0.0,0.0,271367.84,1453.73,363.43,1817.16,470836.97,34.45
C100052,2026-09-25,201251.84,10000.0,0.0,271367.84,0.0,0.0,0.0,482619.68,0.0
C100052,2026-09-28,211251.84,0.0,0.0,271367.84,0.0,0.0,0.0,482619.68,36.34
C100052,2026-09-29,211215.5,50000.0,0.0,271367.84,0.0,0.0,0.0,532583.34,21.21
C100052,2026-09-30,261194.29,0.0,0.0,271367.84,0.0,0.0,0.0,532562.13,0.0
C100052,2026-10-01,261194.29,50000.0,26119.43,271367.84,0.0,0.0,0.0,556442.7,15.11
C100052,2026-10-02,285059.75,50000.0,0.0,271367.84,1455.03,363.76,1818.79,604608.8,7.76
C100052,2026-10-05,335051.99,50000.0,0.0,271367.84,0.0,0.0,0.0,656419.83,0.0
C100053,2026-09-08,702298.12,10000.0,70229.81,232863.75,0.0,0.0,0.0,874932.06,0.0
C100053,2026-09-09,642068.31,100000.0,64206.83,232863.75,0.0,0.0,0.0,910725.23,15.11
C100053,2026-09-10,677846.37,100000.0,67784.64,232863.75,0.0,0.0,0.0,942925.48,0.0
C100053,2026-09-11,710061.73,0.0,0.0,232863.75,7793.08,1948.27,9741.35,933184.13,27.29
C100053,2026-09-14,710034.44,0.0,0.0,232863.75,2605.35,651.34,3256.69,939641.5,9.12
C100053,2026-09-15,710025.32,0.0,0.0,232863.75,0.0,0.0,0.0,942889.07,0.0
C100053,2026-09-16,710025.32,0.0,0.0,232863.75,0.0,0.0,0.0,942889.07,117.18
C100053,2026-09-17,709908.14,50000.0,0.0,232863.75,10909.19,2727.3,13636.49,979135.4,38.21
C100053,2026-09-18,759869.93,100000.0,0.0,232863.75,0.0,0.0,0.0,1092733.68,230.13
C100053,2026-09-21,859639.8,0.0,0.0,232863.75,0.0,0.0,0.0,1092503.55,0.0
C100053,2026-09-22,859639.8,100000.0,85963.98,232863.75,0.0,0.0,0.0,1106539.57,0.0
C100053,2026-09-23,873675.82,100000.0,0.0,232863.75,0.0,0.0,0.0,1206539.57,0.0
C100053,2026-09-24,973675.82,50000.0,97367.58,232863.75,4210.7,1052.68,5263.38,1153908.61,14.74
C100053,2026-09-25,926293.5,50000.0,0.0,232863.75,206.45,51.61,258.06,1208899.19,1.1
C100053,2026-09-28,976292.4,0.0,0.0,232863.75,3450.28,862.57,4312.85,1204843.3,109.89
C100053,2026-09-29,976182.51,50000.0,97618.25,232863.75,0.0,0.0,0.0,1161428.01,0.0
C100053,2026-09-30,928564.26,0.0,92856.43,232863.75,12362.06,3090.52,15452.58,1053119.0,53.09
C100053,2026-10-01,835654.74,50000.0,0.0,232863.75,0.0,0.0,0.0,1118518.49,76.55
C100053,2026-10-02,885578.19,100000.0,0.0,232863.75,0.0,0.0,0.0,1218441.94,5.76
C100053,2026-10-05,985572.43,0.0,0.0,232863.75,0.0,0.0,0.0,1218436.18,0.0
C100054,2026-09-08,28188.41,0.0,0.0,163865.53,2359.76,589.94,2949.7,189104.24,64.64
C100054,2026-09-09,28123.77,0.0,0.0,163865.53,10985.87,2746.47,13732.34,178256.96,29.66
C100054,2026-09-10,28094.11,50000.0,0.0,163865.53,16889.83,4222.46,21112.29,220847.35,32.92
C100054,2026-09-11,78061.19,100000.0,0.0,163865.53,0.0,0.0,0.0,341926.72,0.0
C100054,2026-09-14,178061.19,0.0,0.0,163865.53,0.0,0.0,0.0,341926.72,0.0
C100054,2026-09-15,178061.19,50000.0,0.0,163865.53,1082.76,270.69,1353.45,390573.27,5.78
C100054,2026-09-16,228055.41,10000.0,0.0,163865.53,2865.53,716.38,3581.91,398339.03,15.29
C100054,2026-09-17,238040.12,0.0,0.0,163865.53,2833.91,708.48,3542.39,398363.26,103.67
C100054,2026-09-18,237936.45,0.0,0.0,163865.53,8390.88,2097.72,10488.6,391313.38,43.61
C100054,2026-09-21,237892.84,100000.0,0.0,163865.53,0.0,0.0,0.0,501758.37,0.0
C100054,2026-09-22,337892.84,0.0,0.0,163865.53,396.66,99.16,495.82,501262.55,38.21
C100054,2026-09-23,337854.63,100000.0,0.0,163865.53,13475.3,3368.83,16844.13,584876.03,43.33
C100054,2026-09-24,437811.3,50000.0,43781.13,163865.53,16448.15,4112.04,20560.19,587335.51,112.42
C100054,2026-09-25,443917.75,100000.0,0.0,163865.53,0.0,0.0,0.0,707783.28,0.0
C100054,2026-09-28,543917.75,0.0,54391.78,163865.53,2738.48,684.62,3423.1,649968.4,9.59
C100054,2026-09-29,489516.38,0.0,0.0,163865.53,16555.72,4138.93,20694.65,632687.26,68.9
C100054,2026-09-30,489447.48,0.0,0.0,163865.53,8190.72,2047.68,10238.4,643074.61,28.12
C100054,2026-10-01,489419.36,0.0,0.0,163865.53,3104.64,776.16,3880.8,649404.09,10.87
C100054,2026-10-02,489408.49,100000.0,0.0,163865.53,1076.88,269.22,1346.1,751927.92,120.17
C100054,2026-10-05,589288.32,10000.0,58928.83,163865.53,4592.47,1148.12,5740.59,698484.43,24.51
C100055,2026-09-08,243451.33,0.0,24345.13,279381.81,0.0,0.0,0.0,498488.01,147.2
C100055,2026-09-09,218959.0,0.0,0.0,279381.81,0.0,0.0,0.0,498340.81,0.0
C100055,2026-09-10,218959.0,0.0,0.0,279381.81,0.0,0.0,0.0,498340.81,34.01
C100055,2026-09-11,218924.99,0.0,0.0,279381.81,0.0,0.0,0.0,498306.8,42.31
C100055,2026-09-14,218882.68,0.0,0.0,279381.81,0.0,0.0,0.0,498264.49,3.24
C100055,2026-09-15,218879.44,0.0,0.0,279381.81,0.0,0.0,0.0,498261.25,35.06
C100055,2026-09-16,218844.38,0.0,0.0,279381.81,0.0,0.0,0.0,498226.19,0.0
C100055,2026-09-17,218844.38,0.0,0.0,279381.81,600.34,150.08,750.42,497475.77,2.1
C100055,2026-09-18,218842.28,0.0,0.0,279381.81,8601.53,2150.38,10751.91,487472.18,150.14
C100055,2026-09-21,218692.14,0.0,0.0,279381.81,12395.41,3098.85,15494.26,482579.69,66.12
C100055,2026-09-22,218626.02,0.0,0.0,279381.81,3417.77,854.44,4272.21,493735.62,131.49
C100055,2026-09-23,218494.53,50000.0,0.0,279381.81,1446.02,361.5,1807.52,546068.82,7.71
C100055,2026-09-24,268486.82,0.0,26848.68,279381.81,1568.03,392.01,1960.04,519059.91,53.91
C100055,2026-09-25,241584.23,0.0,0.0,279381.81,2808.82,702.2,3511.02,517455.02,9.84
C100055,2026-09-28,241574.39,0.0,0.0,279381.81,0.0,0.0,0.0,520956.2,85.35
C100055,2026-09-29,241489.04,0.0,0.0,279381.81,14302.8,3575.7,17878.5,502992.35,76.31
C100055,2026-09-30,241412.73,100000.0,0.0,279381.81,0.0,0.0,0.0,620794.54,16.99
C100055,2026-10-01,341395.74,100000.0,34139.57,279381.81,0.0,0.0,0.0,686637.98,14.32
C100055,2026-10-02,407241.85,0.0,0.0,279381.81,0.0,0.0,0.0,686623.66,0.0
C100055,2026-10-05,407241.85,0.0,0.0,279381.81,14399.98,3600.0,17999.98,668623.68,64.36
C100056,2026-09-08,60207.46,50000.0,0.0,548171.05,0.0,0.0,0.0,658378.51,6.68
C100056,2026-09-09,110200.78,50000.0,0.0,548171.05,3729.89,932.47,4662.36,703709.47,29.9
C100056,2026-09-10,160170.88,50000.0,0.0,548171.05,0.0,0.0,0.0,758341.93,0.0
C100056,2026-09-11,210170.88,0.0,0.0,548171.05,0.0,0.0,0.0,758341.93,96.77
C100056,2026-09-14,210074.11,0.0,0.0,548171.05,848.79,212.2,1060.99,757184.17,4.53
C100056,2026-09-15,210069.58,0.0,0.0,548171.05,1351.56,337.89,1689.45,756551.18,74.09
C100056,2026-09-16,209995.49,10000.0,0.0,548171.05,593.59,148.4,741.99,767424.55,3.16
C100056,2026-09-17,219992.33,100000.0,21999.23,548171.05,0.0,0.0,0.0,846164.15,0.0
C100056,2026-09-18,297993.1,0.0,0.0,548171.05,1509.62,377.4,1887.02,844277.13,8.05
C100056,2026-09-21,297985.05,0.0,0.0,548171.05,10454.26,2613.56,13067.82,833088.28,37.97
C100056,2026-09-22,297947.08,10000.0,0.0,548171.05,0.0,0.0,0.0,856118.13,0.0
C100056,2026-09-23,307947.08,0.0,0.0,548171.05,6713.46,1678.37,8391.83,847726.3,35.82
C100056,2026-09-24,307911.26,0.0,0.0,548171.05,0.0,0.0,0.0,856082.31,43.76
C100056,2026-09-25,307867.5,0.0,0.0,548171.05,573.14,143.28,716.42,855322.13,158.64
C100056,2026-09-28,307708.86,10000.0,0.0,548171.05,0.0,0.0,0.0,865879.91,0.0
C100056,2026-09-29,317708.86,0.0,0.0,548171.05,1553.84,388.46,1942.3,863937.61,5.45
C100056,2026-09-30,317703.41,50000.0,0.0,548171.05,0.0,0.0,0.0,915874.46,0.0
C100056,2026-10-01,367703.41,50000.0,0.0,548171.05,0.0,0.0,0.0,965874.46,75.38
C100056,2026-10-02,417628.03,0.0,41762.8,548171.05,8527.12,2131.78,10658.9,913377.38,28.31
C100056,2026-10-05,375836.92,100000.0,37583.69,548171.05,10805.09,2701.27,13506.36,972917.92,50.42
C100057,2026-09-08,76737.57,10000.0,0.0,87288.67,0.0,0.0,0.0,174026.24,0.0
C100057,2026-09-09,86737.57,50000.0,0.0,87288.67,13417.57,3354.39,16771.96,207254.28,31.0
C100057,2026-09-10,136706.57,50000.0,0.0,87288.67,0.0,0.0,0.0,273995.24,0.0
C100057,2026-09-11,186706.57,0.0,18670.66,87288.67,21776.98,5444.24,27221.22,228103.36,241.48
C100057,2026-09-14,167794.43,50000.0,0.0,87288.67,3179.88,794.97,3974.85,301108.25,16.97
C100057,2026-09-15,217777.46,50000.0,0.0,87288.67,0.0,0.0,0.0,355066.13,0.0
C100057,2026-09-16,267777.46,0.0,0.0,87288.67,0.0,0.0,0.0,355066.13,95.7
C100057,2026-09-17,267681.76,0.0,0.0,87288.67,3430.98,857.75,4288.73,350681.7,12.01
C100057,2026-09-18,267669.75,100000.0,26766.98,87288.67,158.41,39.6,198.01,427993.43,154.02
C100057,2026-09-21,340748.75,0.0,34074.88,87288.67,0.0,0.0,0.0,393962.54,0.0
C100057,2026-09-22,306673.87,100000.0,30667.39,87288.67,0.0,0.0,0.0,463295.15,17.69
C100057,2026-09-23,375988.79,50000.0,0.0,87288.67,7974.72,1993.68,9968.4,503309.06,42.55
C100057,2026-09-24,425946.24,50000.0,42594.62,87288.67,7678.93,1919.73,9598.66,511041.63,92.36
C100057,2026-09-25,433259.26,10000.0,0.0,87288.67,324.76,81.19,405.95,530141.98,1.73
C100057,2026-09-28,443257.53,0.0,0.0,87288.67,5900.64,1475.16,7375.8,523170.4,31.49
C100057,2026-09-29,443226.04,0.0,44322.6,87288.67,0.0,0.0,0.0,486192.11,102.38
C100057,2026-09-30,398801.06,0.0,0.0,87288.67,0.0,0.0,0.0,486089.73,71.33
C100057,2026-10-01,398729.73,10000.0,0.0,87288.67,0.0,0.0,0.0,496018.4,0.0
C100057,2026-10-02,408729.73,100000.0,0.0,87288.67,0.0,0.0,0.0,596018.4,98.36
C100057,2026-10-05,508631.37,0.0,0.0,87288.67,10466.87,2616.72,13083.59,582836.45,218.75
C100058,2026-09-08,136130.31,0.0,0.0,357832.47,4534.54,1133.64,5668.18,488294.6,24.19
C100058,2026-09-09,136106.12,50000.0,13610.61,357832.47,2242.67,560.67,2803.34,527524.64,18.35
C100058,2026-09-10,172477.16,100000.0,17247.72,357832.47,29882.33,7470.58,37352.91,575709.0,112.33
C100058,2026-09-11,255117.11,0.0,25511.71,357832.47,0.0,0.0,0.0,587437.87,155.77
C100058,2026-09-14,229449.63,50000.0,0.0,357832.47,0.0,0.0,0.0,637282.1,0.0
C100058,2026-09-15,279449.63,0.0,27944.96,357832.47,6660.46,1665.11,8325.57,601011.57,23.33
C100058,2026-09-16,251481.34,100000.0,25148.13,357832.47,0.0,0.0,0.0,684165.68,0.0
C100058,2026-09-17,326333.21,50000.0,0.0,357832.47,5352.14,1338.03,6690.17,727475.51,42.79
C100058,2026-09-18,376290.42,0.0,0.0,357832.47,0.0,0.0,0.0,734122.89,0.0
C100058,2026-09-21,376290.42,0.0,0.0,357832.47,0.0,0.0,0.0,734122.89,31.18
C100058,2026-09-22,376259.24,50000.0,0.0,357832.47,2853.04,713.26,3566.3,780525.41,59.31
C100058,2026-09-23,426199.93,50000.0,0.0,357832.47,0.0,0.0,0.0,834032.4,0.0
C100058,2026-09-24,476199.93,0.0,0.0,357832.47,0.0,0.0,0.0,834032.4,0.0
C100058,2026-09-25,476199.93,0.0,47619.99,357832.47,612.65,153.16,765.81,785646.6,2.15
C100058,2026-09-28,428577.79,0.0,0.0,357832.47,609.52,152.38,761.9,785648.36,2.13
C100058,2026-09-29,428575.66,0.0,0.0,357832.47,5819.38,1454.85,7274.23,779133.9,20.38
C100058,2026-09-30,428555.28,0.0,42855.53,357832.47,3310.31,827.58,4137.89,739394.33,11.59
C100058,2026-10-01,385688.16,0.0,0.0,357832.47,376.85,94.21,471.06,743049.57,2.02
C100058,2026-10-02,385686.14,0.0,0.0,357832.47,8438.35,2109.59,10547.94,732970.67,51.57
C100058,2026-10-05,385634.57,0.0,0.0,357832.47,0.0,0.0,0.0,743467.04,0.0
C100059,2026-09-08,41418.5,0.0,0.0,231403.46,1353.86,338.47,1692.33,271129.63,7.23
C100059,2026-09-09,41411.27,10000.0,4141.13,231403.46,0.0,0.0,0.0,278673.6,81.21
C100059,2026-09-10,47188.93,100000.0,0.0,231403.46,2963.36,740.84,3704.2,374888.19,10.38
C100059,2026-09-11,147178.55,10000.0,0.0,231403.46,0.0,0.0,0.0,388582.01,46.15
C100059,2026-09-14,157132.4,0.0,0.0,231403.46,0.0,0.0,0.0,388535.86,0.0
C100059,2026-09-15,157132.4,0.0,15713.24,231403.46,829.74,207.44,1037.18,371785.44,2.9
C100059,2026-09-16,141416.26,10000.0,0.0,231403.46,0.0,0.0,0.0,382819.72,3.46
C100059,2026-09-17,151412.8,50000.0,0.0,231403.46,0.0,0.0,0.0,432816.26,193.26
C100059,2026-09-18,201219.54,0.0,0.0,231403.46,2617.94,654.49,3272.43,429350.57,56.33
C100059,2026-09-21,201163.21,50000.0,20116.32,231403.46,410.7,102.67,513.37,461936.98,1.44
C100059,2026-09-22,231045.45,50000.0,0.0,231403.46,0.0,0.0,0.0,512448.91,0.0
C100059,2026-09-23,281045.45,50000.0,28104.54,231403.46,574.17,143.54,717.71,533626.66,2.0
C100059,2026-09-24,302938.91,10000.0,0.0,231403.46,5619.02,1404.76,7023.78,537318.59,47.28
C100059,2026-09-25,312891.63,0.0,31289.16,231403.46,1018.87,254.72,1273.59,511732.34,3.57
C100059,2026-09-28,281598.9,10000.0,0.0,231403.46,354.23,88.56,442.79,522559.57,49.04
C100059,2026-09-29,291549.86,0.0,29154.99,231403.46,0.0,0.0,0.0,493798.33,0.0
C100059,2026-09-30,262394.87,100000.0,0.0,231403.46,17246.25,4311.56,21557.81,572240.52,93.69
C100059,2026-10-01,362301.18,0.0,36230.12,231403.46,4586.59,1146.65,5733.24,551741.28,47.6
C100059,2026-10-02,326023.46,50000.0,0.0,231403.46,0.0,0.0,0.0,607426.92,0.0
C100059,2026-10-05,376023.46,100000.0,0.0,231403.46,0.0,0.0,0.0,707426.92,82.48
C100060,2026-09-08,102553.97,0.0,0.0,413264.16,494.66,123.66,618.32,515199.81,1.73
C100060,2026-09-09,102552.24,10000.0,0.0,413264.16,0.0,0.0,0.0,525816.4,0.0
C100060,2026-09-10,112552.24,0.0,11255.22,413264.16,10261.78,2565.44,12827.22,501733.96,35.93
C100060,2026-09-11,101261.09,10000.0,0.0,413264.16,0.0,0.0,0.0,524525.25,20.59
C100060,2026-09-14,111240.5,10000.0,0.0,413264.16,0.0,0.0,0.0,534504.66,45.32
C100060,2026-09-15,121195.18,0.0,0.0,413264.16,0.0,0.0,0.0,534459.34,0.0
C100060,2026-09-16,121195.18,50000.0,0.0,413264.16,0.0,0.0,0.0,584459.34,8.57
C100060,2026-09-17,171186.61,100000.0,17118.66,413264.16,11836.8,2959.2,14796.0,652536.11,51.83
C100060,2026-09-18,254016.12,100000.0,25401.61,413264.16,0.0,0.0,0.0,741878.67,0.0
C100060,2026-09-21,328614.51,0.0,0.0,413264.16,0.0,0.0,0.0,741878.67,0.0
C100060,2026-09-22,328614.51,50000.0,0.0,413264.16,424.06,106.01,530.07,791348.6,2.26
C100060,2026-09-23,378612.25,50000.0,0.0,413264.16,6264.0,1566.0,7830.0,834046.41,43.73
C100060,2026-09-24,428568.52,100000.0,0.0,413264.16,428.92,107.23,536.15,941296.53,89.23
C100060,2026-09-25,528479.29,0.0,0.0,413264.16,0.0,0.0,0.0,941743.45,0.0
C100060,2026-09-28,528479.29,10000.0,0.0,413264.16,2020.35,505.09,2525.44,949218.01,34.98
C100060,2026-09-29,538444.31,10000.0,53844.43,413264.16,0.0,0.0,0.0,907864.04,0.0
C100060,2026-09-30,494599.88,50000.0,49459.99,413264.16,19744.63,4936.16,24680.79,883723.26,91.2
C100060,2026-10-01,495048.69,0.0,49504.87,413264.16,0.0,0.0,0.0,858807.98,139.99
C100060,2026-10-02,445403.83,10000.0,44540.38,413264.16,1463.49,365.87,1829.36,822298.25,69.69
C100060,2026-10-05,410793.76,0.0,0.0,413264.16,328.15,82.04,410.19,823647.73,1.15
C100061,2026-09-08,40921.43,100000.0,0.0,460625.67,5330.88,1332.72,6663.6,594883.5,18.67
C100061,2026-09-09,140902.76,50000.0,0.0,460625.67,11150.64,2787.66,13938.3,637590.13,29.75
C100061,2026-09-10,190873.01,0.0,0.0,460625.67,0.0,0.0,0.0,651498.68,0.0
C100061,2026-09-11,190873.01,10000.0,0.0,460625.67,0.0,0.0,0.0,661498.68,5.47
C100061,2026-09-14,200867.54,100000.0,0.0,460625.67,4105.68,1026.42,5132.1,756361.11,21.91
C100061,2026-09-15,300845.63,0.0,30084.56,460625.67,0.0,0.0,0.0,731386.74,0.0
C100061,2026-09-16,270761.07,10000.0,27076.11,460625.67,9766.31,2441.58,12207.89,702102.74,33.05
C100061,2026-09-17,253651.91,0.0,0.0,460625.67,7344.75,1836.19,9180.94,705096.64,25.72
C100061,2026-09-18,253626.19,0.0,25362.62,460625.67,3662.17,915.54,4577.71,684311.53,12.82
C100061,2026-09-21,228250.75,0.0,0.0,460625.67,0.0,0.0,0.0,688876.42,0.0
C100061,2026-09-22,228250.75,10000.0,0.0,460625.67,330.37,82.59,412.96,698463.46,1.16
C100061,2026-09-23,238249.59,0.0,0.0,460625.67,719.64,179.91,899.55,697975.71,2.52
C100061,2026-09-24,238247.07,0.0,0.0,460625.67,0.0,0.0,0.0,698872.74,15.06
C100061,2026-09-25,238232.01,50000.0,23823.2,460625.67,14185.94,3546.49,17732.43,707302.05,50.77
C100061,2026-09-28,264358.04,0.0,0.0,460625.67,667.51,166.88,834.39,724149.32,63.04
C100061,2026-09-29,264295.0,100000.0,0.0,460625.67,12959.08,3239.77,16198.85,808721.82,54.51
C100061,2026-09-30,364240.49,0.0,36424.05,460625.67,0.0,0.0,0.0,788442.11,65.3
C100061,2026-10-01,327751.14,10000.0,0.0,460625.67,0.0,0.0,0.0,798376.81,63.13
C100061,2026-10-02,337688.01,0.0,33768.8,460625.67,0.0,0.0,0.0,764544.88,0.0
C100061,2026-10-05,303919.21,0.0,30391.92,460625.67,1435.98,359.0,1794.98,732357.98,35.75
C100062,2026-09-08,79115.49,10000.0,0.0,259356.81,0.0,0.0,0.0,348472.3,107.59
C100062,2026-09-09,89007.9,10000.0,8900.79,259356.81,0.0,0.0,0.0,349463.92,54.17
C100062,2026-09-10,90052.94,0.0,0.0,259356.81,3800.57,950.14,4750.71,344659.04,38.71
C100062,2026-09-11,90014.23,100000.0,9001.42,259356.81,0.0,0.0,0.0,440369.62,0.0
C100062,2026-09-14,181012.81,0.0,18101.28,259356.81,0.0,0.0,0.0,422268.34,20.41
C100062,2026-09-15,162891.12,100000.0,0.0,259356.81,0.0,0.0,0.0,522247.93,0.0
C100062,2026-09-16,262891.12,0.0,0.0,259356.81,3711.94,927.99,4639.93,517608.0,100.91
C100062,2026-09-17,262790.21,100000.0,0.0,259356.81,0.0,0.0,0.0,622147.02,0.0
C100062,2026-09-18,362790.21,0.0,0.0,259356.81,0.0,0.0,0.0,622147.02,0.0
C100062,2026-09-21,362790.21,0.0,36279.02,259356.81,4827.29,1206.82,6034.11,579833.89,25.75
C100062,2026-09-22,326485.44,0.0,32648.54,259356.81,0.0,0.0,0.0,553193.71,0.0
C100062,2026-09-23,293836.9,10000.0,0.0,259356.81,4159.64,1039.91,5199.55,557994.16,22.19
C100062,2026-09-24,303814.71,10000.0,0.0,259356.81,13895.71,3473.93,17369.64,555801.88,48.66
C100062,2026-09-25,313766.05,0.0,0.0,259356.81,2814.49,703.62,3518.11,569604.75,38.12
C100062,2026-09-28,313727.93,10000.0,0.0,259356.81,0.0,0.0,0.0,583084.74,29.36
C100062,2026-09-29,323698.57,0.0,0.0,259356.81,0.0,0.0,0.0,583055.38,82.41
C100062,2026-09-30,323616.16,0.0,0.0,259356.81,0.0,0.0,0.0,582972.97,22.55
C100062,2026-10-01,323593.61,0.0,0.0,259356.81,18699.2,4674.8,23374.0,559576.42,95.61
C100062,2026-10-02,323498.0,10000.0,0.0,259356.81,808.22,202.06,1010.28,591844.53,24.8
C100062,2026-10-05,333473.2,10000.0,0.0,259356.81,4465.36,1116.34,5581.7,597248.31,15.64
C100063,2026-09-08,60606.34,10000.0,6060.63,215325.58,5541.53,1385.38,6926.91,272944.38,29.56
C100063,2026-09-09,64516.15,0.0,0.0,215325.58,7754.22,1938.55,9692.77,270148.96,93.55
C100063,2026-09-10,64422.6,50000.0,0.0,215325.58,16364.37,4091.09,20455.46,309292.72,75.88
C100063,2026-09-11,114346.72,100000.0,0.0,215325.58,0.0,0.0,0.0,429672.3,147.22
C100063,2026-09-14,214199.5,0.0,0.0,215325.58,8299.95,2074.99,10374.94,419150.14,29.06
C100063,2026-09-15,214170.44,50000.0,0.0,215325.58,0.0,0.0,0.0,479496.02,0.0
C100063,2026-09-16,264170.44,0.0,0.0,215325.58,0.0,0.0,0.0,479496.02,80.5
C100063,2026-09-17,264089.94,50000.0,0.0,215325.58,1386.79,346.7,1733.49,527682.03,4.85
C100063,2026-09-18,314085.09,10000.0,31408.51,215325.58,0.0,0.0,0.0,508002.16,0.0
C100063,2026-09-21,292676.58,0.0,0.0,215325.58,0.0,0.0,0.0,508002.16,0.0
C100063,2026-09-22,292676.58,0.0,0.0,215325.58,0.0,0.0,0.0,508002.16,0.0
C100063,2026-09-23,292676.58,0.0,0.0,215325.58,0.0,0.0,0.0,508002.16,21.33
C100063,2026-09-24,292655.25,0.0,0.0,215325.58,0.0,0.0,0.0,507980.83,0.0
C100063,2026-09-25,292655.25,0.0,0.0,215325.58,2352.25,588.06,2940.31,505040.52,9.17
C100063,2026-09-28,292646.08,100000.0,0.0,215325.58,0.0,0.0,0.0,607971.66,41.53
C100063,2026-09-29,392604.55,100000.0,0.0,215325.58,0.0,0.0,0.0,707930.13,0.0
C100063,2026-09-30,492604.55,0.0,0.0,215325.58,5482.37,1370.59,6852.96,701077.17,19.2
C100063,2026-10-01,492585.35,0.0,0.0,215325.58,0.0,0.0,0.0,707910.93,71.14
C100063,2026-10-02,492514.21,0.0,0.0,215325.58,0.0,0.0,0.0,707839.79,0.0
C100063,2026-10-05,492514.21,10000.0,0.0,215325.58,370.61,92.65,463.26,717376.53,1.98
C100064,2026-09-08,41625.85,0.0,0.0,507045.21,10089.9,2522.47,12612.37,536058.69,229.87
C100064,2026-09-09,41395.98,0.0,0.0,507045.21,0.0,0.0,0.0,548441.19,35.29
C100064,2026-09-10,41360.69,10000.0,0.0,507045.21,6740.19,1685.05,8425.24,549980.66,23.6
C100064,2026-09-11,51337.09,100000.0,0.0,507045.21,381.14,95.29,476.43,657905.87,12.16
C100064,2026-09-14,151324.93,100000.0,0.0,507045.21,0.0,0.0,0.0,758370.14,53.56
C100064,2026-09-15,251271.37,10000.0,25127.14,507045.21,519.02,129.76,648.78,742540.66,2.77
C100064,2026-09-16,236141.46,0.0,0.0,507045.21,20210.51,5052.63,25263.14,717923.53,56.33
C100064,2026-09-17,236085.13,50000.0,0.0,507045.21,7142.93,1785.73,8928.66,784201.68,25.01
C100064,2026-09-18,286060.12,100000.0,28606.01,507045.21,8423.68,2105.92,10529.6,853969.72,43.69
C100064,2026-09-21,357410.42,0.0,0.0,507045.21,16896.1,4224.02,21120.12,843335.51,214.66
C100064,2026-09-22,357195.76,100000.0,35719.58,507045.21,0.0,0.0,0.0,928521.39,0.0
C100064,2026-09-23,421476.18,0.0,0.0,507045.21,0.0,0.0,0.0,928521.39,21.17
C100064,2026-09-24,421455.01,0.0,0.0,507045.21,0.0,0.0,0.0,928500.22,0.0
C100064,2026-09-25,421455.01,10000.0,0.0,507045.21,6502.41,1625.6,8128.01,930372.21,41.78
C100064,2026-09-28,431413.23,0.0,0.0,507045.21,0.0,0.0,0.0,938458.44,26.63
C100064,2026-09-29,431386.6,0.0,43138.66,507045.21,0.0,0.0,0.0,895293.15,23.25
C100064,2026-09-30,388224.69,100000.0,0.0,507045.21,0.0,0.0,0.0,995269.9,0.0
C100064,2026-10-01,488224.69,100000.0,0.0,507045.21,0.0,0.0,0.0,1095269.9,0.0
C100064,2026-10-02,588224.69,10000.0,0.0,507045.21,632.16,158.04,790.2,1104479.7,3.37
C100064,2026-10-05,598221.32,50000.0,0.0,507045.21,1384.32,346.08,1730.4,1153536.13,4.85
C100065,2026-09-08,32246.09,0.0,0.0,202346.89,4561.89,1140.47,5702.36,228890.62,17.91
C100065,2026-09-09,32228.18,0.0,0.0,202346.89,0.0,0.0,0.0,234575.07,0.0
C100065,2026-09-10,32228.18,0.0,0.0,202346.89,0.0,0.0,0.0,234575.07,46.04
C100065,2026-09-11,32182.14,0.0,0.0,202346.89,0.0,0.0,0.0,234529.03,49.89
C100065,2026-09-14,32132.25,0.0,0.0,202346.89,8962.87,2240.72,11203.59,223275.55,54.29
C100065,2026-09-15,32077.96,0.0,0.0,202346.89,0.0,0.0,0.0,234424.85,0.0
C100065,2026-09-16,32077.96,0.0,3207.8,202346.89,1452.19,363.05,1815.24,229401.81,5.09
C100065,2026-09-17,28865.07,0.0,2886.51,202346.89,0.0,0.0,0.0,228325.45,0.0
C100065,2026-09-18,25978.56,50000.0,2597.86,202346.89,0.0,0.0,0.0,275727.59,0.0
C100065,2026-09-21,73380.7,0.0,7338.07,202346.89,11094.08,2773.52,13867.6,254521.92,44.75
C100065,2026-09-22,65997.88,0.0,6599.79,202346.89,1406.16,351.54,1757.7,259987.28,163.39
C100065,2026-09-23,59234.7,0.0,0.0,202346.89,0.0,0.0,0.0,261581.59,0.0
C100065,2026-09-24,59234.7,50000.0,0.0,202346.89,1774.41,443.6,2218.01,309363.58,139.44
C100065,2026-09-25,109095.26,100000.0,0.0,202346.89,0.0,0.0,0.0,411442.15,45.77
C100065,2026-09-28,209049.49,100000.0,20904.95,202346.89,14970.5,3742.63,18713.13,471778.3,65.81
C100065,2026-09-29,288078.73,10000.0,0.0,202346.89,0.0,0.0,0.0,500425.62,31.11
C100065,2026-09-30,298047.62,100000.0,0.0,202346.89,4155.73,1038.93,5194.66,595199.85,46.59
C100065,2026-10-01,398001.03,0.0,0.0,202346.89,8417.96,2104.49,10522.45,589825.47,29.47
C100065,2026-10-02,397971.56,0.0,0.0,202346.89,0.0,0.0,0.0,600318.45,163.91
C100065,2026-10-05,397807.65,100000.0,39780.77,202346.89,2443.3,610.82,3054.12,657319.65,10.92
C100066,2026-09-08,612952.77,0.0,0.0,296749.91,10703.33,2675.83,13379.16,896323.52,53.67
C100066,2026-09-09,612899.1,0.0,0.0,296749.91,0.0,0.0,0.0,909649.01,0.0
C100066,2026-09-10,612899.1,0.0,61289.91,296749.91,0.0,0.0,0.0,848359.1,0.0
C100066,2026-09-11,551609.19,0.0,0.0,296749.91,7674.91,1918.73,9593.64,838765.46,40.95
C100066,2026-09-14,551568.24,10000.0,0.0,296749.91,0.0,0.0,0.0,858318.15,157.4
C100066,2026-09-15,561410.84,10000.0,0.0,296749.91,2766.43,691.61,3458.04,864702.71,39.99
C100066,2026-09-16,571370.85,10000.0,0.0,296749.91,2799.19,699.8,3498.99,874621.77,14.94
C100066,2026-09-17,581355.91,0.0,0.0,296749.91,594.65,148.66,743.31,877362.51,2.08
C100066,2026-09-18,581353.83,0.0,0.0,296749.91,0.0,0.0,0.0,878103.74,0.0
C100066,2026-09-21,581353.83,100000.0,0.0,296749.91,2901.8,725.45,3627.25,974476.49,170.19
C100066,2026-09-22,681183.64,100000.0,0.0,296749.91,718.56,179.64,898.2,1077035.35,25.87
C100066,2026-09-23,781157.77,0.0,0.0,296749.91,799.01,199.75,998.76,1076908.92,2.8
C100066,2026-09-24,781154.97,10000.0,78115.5,296749.91,3333.31,833.33,4166.64,1005622.74,17.78
C100066,2026-09-25,713021.69,50000.0,0.0,296749.91,0.0,0.0,0.0,1059771.6,101.02
C100066,2026-09-28,762920.67,10000.0,0.0,296749.91,882.17,220.54,1102.71,1068567.87,3.09
C100066,2026-09-29,772917.58,100000.0,0.0,296749.91,8799.47,2199.87,10999.34,1158668.15,132.44
C100066,2026-09-30,872785.14,10000.0,0.0,296749.91,0.0,0.0,0.0,1179535.05,0.0
C100066,2026-10-01,882785.14,0.0,0.0,296749.91,13096.3,3274.07,16370.37,1163164.68,55.41
C100066,2026-10-02,882729.73,10000.0,0.0,296749.91,546.28,136.57,682.85,1188796.79,2.91
C100066,2026-10-05,892726.82,10000.0,0.0,296749.91,708.34,177.08,885.42,1198591.31,2.47
C100067,2026-09-08,206109.92,0.0,0.0,338057.9,0.0,0.0,0.0,544167.82,0.0
C100067,2026-09-09,206109.92,50000.0,20610.99,338057.9,0.0,0.0,0.0,573556.83,17.74
C100067,2026-09-10,235481.19,0.0,0.0,338057.9,0.0,0.0,0.0,573539.09,17.07
C100067,2026-09-11,235464.12,50000.0,0.0,338057.9,816.21,204.05,1020.26,622501.76,4.35
C100067,2026-09-14,285459.77,10000.0,0.0,338057.9,8692.21,2173.05,10865.26,622652.41,35.18
C100067,2026-09-15,295424.59,0.0,29542.46,338057.9,0.0,0.0,0.0,603940.03,0.0
C100067,2026-09-16,265882.13,50000.0,0.0,338057.9,6507.83,1626.96,8134.79,645805.24,22.79
C100067,2026-09-17,315859.34,50000.0,0.0,338057.9,0.0,0.0,0.0,703917.24,62.01
C100067,2026-09-18,365797.33,100000.0,0.0,338057.9,13680.83,3420.21,17101.04,786754.19,89.32
C100067,2026-09-21,465708.01,0.0,0.0,338057.9,2383.12,595.78,2978.9,800787.01,8.35
C100067,2026-09-22,465699.66,0.0,0.0,338057.9,5817.23,1454.31,7271.54,796486.02,20.38
C100067,2026-09-23,465679.28,0.0,0.0,338057.9,0.0,0.0,0.0,803737.18,0.0
C100067,2026-09-24,465679.28,50000.0,46567.93,338057.9,4183.83,1045.96,5229.79,801939.46,45.67
C100067,2026-09-25,469065.68,0.0,0.0,338057.9,4043.96,1010.99,5054.95,802068.63,89.93
C100067,2026-09-28,468975.75,50000.0,0.0,338057.9,12291.97,3072.99,15364.96,841668.69,67.92
C100067,2026-09-29,518907.83,50000.0,0.0,338057.9,565.74,141.44,707.18,906258.55,1.98
C100067,2026-09-30,568905.85,0.0,0.0,338057.9,0.0,0.0,0.0,906963.75,27.06
C100067,2026-10-01,568878.79,100000.0,56887.88,338057.9,0.0,0.0,0.0,950048.81,62.55
C100067,2026-10-02,611928.36,0.0,0.0,338057.9,0.0,0.0,0.0,949986.26,0.0
C100067,2026-10-05,611928.36,100000.0,0.0,338057.9,8555.18,2138.8,10693.98,1039292.28,42.44
C100068,2026-09-08,171724.31,0.0,0.0,611622.42,6116.8,1529.2,7646.0,775700.73,32.63
C100068,2026-09-09,171691.68,100000.0,0.0,611622.42,699.83,174.96,874.79,882439.31,177.24
C100068,2026-09-10,271514.44,0.0,27151.44,611622.42,1244.27,311.07,1555.34,854430.08,6.65
C100068,2026-09-11,244356.35,10000.0,0.0,611622.42,0.0,0.0,0.0,865978.77,0.0
C100068,2026-09-14,254356.35,0.0,0.0,611622.42,1529.7,382.43,1912.13,864066.64,128.01
C100068,2026-09-15,254228.34,0.0,0.0,611622.42,3221.84,805.46,4027.3,861823.46,17.19
C100068,2026-09-16,254211.15,10000.0,0.0,611622.42,0.0,0.0,0.0,875833.57,0.0
C100068,2026-09-17,264211.15,0.0,0.0,611622.42,0.0,0.0,0.0,875833.57,0.0
C100068,2026-09-18,264211.15,0.0,0.0,611622.42,10524.7,2631.17,13155.87,862677.7,64.66
C100068,2026-09-21,264146.49,50000.0,0.0,611622.42,0.0,0.0,0.0,925768.91,0.0
C100068,2026-09-22,314146.49,50000.0,0.0,611622.42,0.0,0.0,0.0,975768.91,0.0
C100068,2026-09-23,364146.49,0.0,36414.65,611622.42,0.0,0.0,0.0,939354.26,0.0
C100068,2026-09-24,327731.84,0.0,0.0,611622.42,7495.96,1873.99,9369.95,929984.31,26.25
C100068,2026-09-25,327705.59,10000.0,32770.56,611622.42,0.0,0.0,0.0,916557.45,0.0
C100068,2026-09-28,304935.03,100000.0,0.0,611622.42,0.0,0.0,0.0,1016557.45,171.84
C100068,2026-09-29,404763.19,0.0,0.0,611622.42,0.0,0.0,0.0,1016385.61,109.37
C100068,2026-09-30,404653.82,0.0,0.0,611622.42,0.0,0.0,0.0,1016276.24,2.29
C100068,2026-10-01,404651.53,0.0,40465.15,611622.42,0.0,0.0,0.0,975808.8,40.4
C100068,2026-10-02,364145.98,0.0,0.0,611622.42,806.08,201.52,1007.6,974760.8,4.3
C100068,2026-10-05,364141.68,0.0,0.0,611622.42,0.0,0.0,0.0,975764.1,0.0
C100069,2026-09-08,923927.43,0.0,0.0,190902.8,0.0,0.0,0.0,1114830.23,0.0
C100069,2026-09-09,923927.43,0.0,0.0,190902.8,14202.83,3550.71,17753.54,1097076.69,83.46
C100069,2026-09-10,923843.97,10000.0,0.0,190902.8,0.0,0.0,0.0,1124746.77,45.93
C100069,2026-09-11,933798.04,50000.0,0.0,190902.8,0.0,0.0,0.0,1174700.84,0.0
C100069,2026-09-14,983798.04,100000.0,0.0,190902.8,8073.24,2018.31,10091.55,1264609.29,28.27
C100069,2026-09-15,1083769.77,10000.0,0.0,190902.8,0.0,0.0,0.0,1284672.57,0.0
C100069,2026-09-16,1093769.77,100000.0,0.0,190902.8,0.0,0.0,0.0,1384672.57,37.78
C100069,2026-09-17,1193731.99,0.0,0.0,190902.8,0.0,0.0,0.0,1384634.79,10.26
C100069,2026-09-18,1193721.73,10000.0,0.0,190902.8,0.0,0.0,0.0,1394624.53,0.0
C100069,2026-09-21,1203721.73,0.0,0.0,190902.8,0.0,0.0,0.0,1394624.53,11.66
C100069,2026-09-22,1203710.07,50000.0,0.0,190902.8,0.0,0.0,0.0,1444612.87,0.0
C100069,2026-09-23,1253710.07,0.0,125371.01,190902.8,0.0,0.0,0.0,1319241.86,79.07
C100069,2026-09-24,1128259.99,0.0,112826.0,190902.8,0.0,0.0,0.0,1206336.79,0.0
C100069,2026-09-25,1015433.99,0.0,0.0,190902.8,0.0,0.0,0.0,1206336.79,0.0
C100069,2026-09-28,1015433.99,50000.0,101543.4,190902.8,0.0,0.0,0.0,1154793.39,166.25
C100069,2026-09-29,963724.34,50000.0,0.0,190902.8,0.0,0.0,0.0,1204627.14,14.15
C100069,2026-09-30,1013710.19,50000.0,101371.02,190902.8,1593.79,398.45,1992.24,1151249.73,8.5
C100069,2026-10-01,962330.67,10000.0,0.0,190902.8,0.0,0.0,0.0,1163233.47,113.82
C100069,2026-10-02,972216.85,0.0,0.0,190902.8,739.79,184.95,924.74,1162194.91,158.53
C100069,2026-10-05,972058.32,50000.0,97205.83,190902.8,0.0,0.0,0.0,1115755.29,3.22
C100070,2026-09-08,266966.97,10000.0,0.0,374427.69,705.01,176.25,881.26,650513.4,9.89
C100070,2026-09-09,276957.08,0.0,0.0,374427.69,0.0,0.0,0.0,651384.77,27.79
C100070,2026-09-10,276929.29,0.0,0.0,374427.69,0.0,0.0,0.0,651356.98,0.0
C100070,2026-09-11,276929.29,0.0,0.0,374427.69,3884.04,971.01,4855.05,646501.93,37.79
C100070,2026-09-14,276891.5,100000.0,0.0,374427.69,0.0,0.0,0.0,751319.19,0.0
C100070,2026-09-15,376891.5,0.0,0.0,374427.69,0.0,0.0,0.0,751319.19,0.0
C100070,2026-09-16,376891.5,0.0,0.0,374427.69,0.0,0.0,0.0,751319.19,84.03
C100070,2026-09-17,376807.47,50000.0,0.0,374427.69,0.0,0.0,0.0,801235.16,0.0
C100070,2026-09-18,426807.47,0.0,0.0,374427.69,330.58,82.65,413.23,800821.93,1.16
C100070,2026-09-21,426806.31,0.0,42680.63,374427.69,6532.18,1633.04,8165.22,750388.15,199.33
C100070,2026-09-22,383926.35,0.0,0.0,374427.69,0.0,0.0,0.0,758354.04,0.0
C100070,2026-09-23,383926.35,0.0,38392.64,374427.69,0.0,0.0,0.0,719961.4,0.0
C100070,2026-09-24,345533.71,0.0,0.0,374427.69,0.0,0.0,0.0,719961.4,3.42
C100070,2026-09-25,345530.29,50000.0,34553.03,374427.69,0.0,0.0,0.0,735404.95,0.0
C100070,2026-09-28,360977.26,10000.0,0.0,374427.69,0.0,0.0,0.0,745404.95,16.62
C100070,2026-09-29,370960.64,10000.0,37096.06,374427.69,2527.31,631.83,3159.14,715133.13,13.48
C100070,2026-09-30,343851.1,0.0,34385.11,374427.69,6267.14,1566.79,7833.93,676059.75,87.26
C100070,2026-10-01,309378.73,0.0,0.0,374427.69,13729.96,3432.49,17162.45,666643.97,120.94
C100070,2026-10-02,309257.79,10000.0,0.0,374427.69,13890.35,3472.59,17362.94,676322.54,69.85
C100070,2026-10-05,319187.94,0.0,31918.79,374427.69,9713.11,2428.28,12141.39,649555.45,34.01
C100071,2026-09-08,96900.39,0.0,0.0,190068.9,808.24,202.06,1010.3,285958.99,57.0
C100071,2026-09-09,96843.39,10000.0,0.0,190068.9,0.0,0.0,0.0,296912.29,0.0
C100071,2026-09-10,106843.39,0.0,0.0,190068.9,0.0,0.0,0.0,296912.29,33.31
C100071,2026-09-11,106810.08,0.0,0.0,190068.9,3353.06,838.27,4191.33,292687.65,17.89
C100071,2026-09-14,106792.19,10000.0,0.0,190068.9,474.12,118.53,592.65,306268.44,2.53
C100071,2026-09-15,116789.66,50000.0,0.0,190068.9,0.0,0.0,0.0,356858.56,0.0
C100071,2026-09-16,166789.66,0.0,0.0,190068.9,2478.58,619.64,3098.22,353760.34,123.35
C100071,2026-09-17,166666.31,0.0,16666.63,190068.9,0.0,0.0,0.0,340068.58,0.0
C100071,2026-09-18,149999.68,50000.0,14999.97,190068.9,16950.03,4237.51,21187.54,353881.07,59.36
C100071,2026-09-21,184940.35,0.0,0.0,190068.9,0.0,0.0,0.0,375009.25,0.0
C100071,2026-09-22,184940.35,0.0,0.0,190068.9,0.0,0.0,0.0,375009.25,0.0
C100071,2026-09-23,184940.35,0.0,18494.04,190068.9,0.0,0.0,0.0,356515.21,0.0
C100071,2026-09-24,166446.31,50000.0,0.0,190068.9,0.0,0.0,0.0,406515.21,67.12
C100071,2026-09-25,216379.19,50000.0,0.0,190068.9,7387.92,1846.98,9234.9,447213.19,25.87
C100071,2026-09-28,266353.32,0.0,26635.33,190068.9,746.66,186.67,933.33,428853.56,24.2
C100071,2026-09-29,239693.79,100000.0,0.0,190068.9,0.0,0.0,0.0,529762.69,0.0
C100071,2026-09-30,339693.79,0.0,0.0,190068.9,0.0,0.0,0.0,529762.69,0.0
C100071,2026-10-01,339693.79,0.0,33969.38,190068.9,1021.92,255.48,1277.4,494515.91,4.29
C100071,2026-10-02,305720.12,0.0,0.0,190068.9,0.0,0.0,0.0,495789.02,0.0
C100071,2026-10-05,305720.12,10000.0,0.0,190068.9,3895.08,973.77,4868.85,500920.17,20.78
C100072,2026-09-08,157176.79,0.0,0.0,306282.68,3990.02,997.51,4987.53,458471.94,13.97
C100072,2026-09-09,157162.82,0.0,0.0,306282.68,0.0,0.0,0.0,463445.5,0.0
C100072,2026-09-10,157162.82,0.0,0.0,306282.68,812.57,203.14,1015.71,462429.79,4.33
C100072,2026-09-11,157158.49,10000.0,0.0,306282.68,0.0,0.0,0.0,473441.17,36.85
C100072,2026-09-14,167121.64,0.0,0.0,306282.68,0.0,0.0,0.0,473404.32,44.7
C100072,2026-09-15,167076.94,0.0,0.0,306282.68,0.0,0.0,0.0,473359.62,0.0
C100072,2026-09-16,167076.94,0.0,0.0,306282.68,0.0,0.0,0.0,473359.62,2.4
C100072,2026-09-17,167074.54,50000.0,0.0,306282.68,0.0,0.0,0.0,523357.22,0.0
C100072,2026-09-18,217074.54,50000.0,0.0,306282.68,0.0,0.0,0.0,573357.22,0.0
C100072,2026-09-21,267074.54,10000.0,0.0,306282.68,0.0,0.0,0.0,583357.22,0.0
C100072,2026-09-22,277074.54,50000.0,27707.45,306282.68,577.37,144.34,721.71,604928.06,30.84
C100072,2026-09-23,299336.25,0.0,0.0,306282.68,0.0,0.0,0.0,605618.93,0.0
C100072,2026-09-24,299336.25,0.0,0.0,306282.68,0.0,0.0,0.0,605618.93,0.0
C100072,2026-09-25,299336.25,0.0,29933.62,306282.68,0.0,0.0,0.0,575685.31,0.0
C100072,2026-09-28,269402.63,0.0,0.0,306282.68,0.0,0.0,0.0,575685.31,0.0
C100072,2026-09-29,269402.63,0.0,0.0,306282.68,1017.52,254.38,1271.9,574413.41,6.38
C100072,2026-09-30,269396.25,50000.0,26939.62,306282.68,0.0,0.0,0.0,598739.31,0.0
C100072,2026-10-01,292456.63,100000.0,29245.66,306282.68,1357.69,339.42,1697.11,667796.54,7.24
C100072,2026-10-02,363203.73,10000.0,0.0,306282.68,0.0,0.0,0.0,679486.41,0.0
C100072,2026-10-05,373203.73,0.0,0.0,306282.68,0.0,0.0,0.0,679486.41,143.93
C100073,2026-09-08,124495.04,10000.0,12449.5,377650.73,7120.28,1780.07,8900.35,490795.92,37.99
C100073,2026-09-09,122007.55,50000.0,0.0,377650.73,0.0,0.0,0.0,549658.28,0.0
C100073,2026-09-10,172007.55,0.0,0.0,377650.73,577.61,144.4,722.01,548936.27,92.59
C100073,2026-09-11,171914.96,0.0,17191.5,377650.73,0.0,0.0,0.0,532374.19,105.86
C100073,2026-09-14,154617.6,50000.0,0.0,377650.73,0.0,0.0,0.0,582268.33,0.0
C100073,2026-09-15,204617.6,100000.0,0.0,377650.73,13149.92,3287.48,16437.4,665830.93,30.86
C100073,2026-09-16,304586.74,0.0,0.0,377650.73,0.0,0.0,0.0,682237.47,51.47
C100073,2026-09-17,304535.27,50000.0,0.0,377650.73,0.0,0.0,0.0,732186.0,0.0
C100073,2026-09-18,354535.27,50000.0,0.0,377650.73,4057.42,1014.36,5071.78,777114.22,21.65
C100073,2026-09-21,404513.62,0.0,0.0,377650.73,2546.42,636.61,3183.03,778981.32,62.31
C100073,2026-09-22,404451.31,0.0,40445.13,377650.73,6362.06,1590.52,7952.58,733704.33,22.82
C100073,2026-09-23,363983.36,0.0,0.0,377650.73,0.0,0.0,0.0,741634.09,0.0
C100073,2026-09-24,363983.36,0.0,0.0,377650.73,0.0,0.0,0.0,741634.09,0.0
C100073,2026-09-25,363983.36,0.0,0.0,377650.73,0.0,0.0,0.0,741634.09,29.2
C100073,2026-09-28,363954.16,0.0,0.0,377650.73,0.0,0.0,0.0,741604.89,187.43
C100073,2026-09-29,363766.73,0.0,0.0,377650.73,0.0,0.0,0.0,741417.46,0.0
C100073,2026-09-30,363766.73,0.0,36376.67,377650.73,15881.96,3970.49,19852.45,685188.34,117.15
C100073,2026-10-01,327272.91,10000.0,32727.29,377650.73,0.0,0.0,0.0,682196.35,0.0
C100073,2026-10-02,304545.62,0.0,30454.56,377650.73,0.0,0.0,0.0,651741.79,0.0
C100073,2026-10-05,274091.06,0.0,0.0,377650.73,726.73,181.68,908.41,650833.38,27.72
C100074,2026-09-08,67804.62,0.0,0.0,296966.81,0.0,0.0,0.0,364771.43,0.0
C100074,2026-09-09,67804.62,10000.0,0.0,296966.81,3873.1,968.27,4841.37,369930.06,13.57
C100074,2026-09-10,77791.05,10000.0,0.0,296966.81,1796.3,449.07,2245.37,382512.49,9.58
C100074,2026-09-11,87781.47,0.0,0.0,296966.81,0.0,0.0,0.0,384748.28,0.0
C100074,2026-09-14,87781.47,10000.0,0.0,296966.81,0.0,0.0,0.0,394748.28,0.0
C100074,2026-09-15,97781.47,50000.0,9778.15,296966.81,0.0,0.0,0.0,434970.13,0.0
C100074,2026-09-16,138003.32,0.0,0.0,296966.81,0.0,0.0,0.0,434970.13,42.37
C100074,2026-09-17,137960.95,100000.0,0.0,296966.81,14441.16,3610.29,18051.45,516876.31,34.22
C100074,2026-09-18,237926.73,0.0,23792.67,296966.81,0.0,0.0,0.0,511100.87,6.74
C100074,2026-09-21,214127.32,0.0,0.0,296966.81,0.0,0.0,0.0,511094.13,0.0
C100074,2026-09-22,214127.32,100000.0,0.0,296966.81,11239.07,2809.77,14048.84,597045.29,126.18
C100074,2026-09-23,314001.14,50000.0,0.0,296966.81,0.0,0.0,0.0,660967.95,0.0
C100074,2026-09-24,364001.14,0.0,0.0,296966.81,4310.45,1077.61,5388.06,655579.89,15.09
C100074,2026-09-25,363986.05,0.0,0.0,296966.81,0.0,0.0,0.0,660952.86,0.0
C100074,2026-09-28,363986.05,50000.0,36398.61,296966.81,4072.55,1018.14,5090.69,669463.56,15.54
C100074,2026-09-29,377571.9,10000.0,0.0,296966.81,0.0,0.0,0.0,684538.71,0.0
C100074,2026-09-30,387571.9,100000.0,38757.19,296966.81,0.0,0.0,0.0,745781.52,0.0
C100074,2026-10-01,448814.71,50000.0,0.0,296966.81,0.0,0.0,0.0,795781.52,108.18
C100074,2026-10-02,498706.53,10000.0,49870.65,296966.81,413.03,103.26,516.29,755286.4,1.45
C100074,2026-10-05,458834.43,10000.0,0.0,296966.81,0.0,0.0,0.0,765801.24,0.0
C100075,2026-09-08,96369.43,100000.0,0.0,213605.89,0.0,0.0,0.0,409975.32,0.0
C100075,2026-09-09,196369.43,50000.0,0.0,213605.89,0.0,0.0,0.0,459975.32,0.0
C100075,2026-09-10,246369.43,10000.0,0.0,213605.89,0.0,0.0,0.0,469975.32,0.0
C100075,2026-09-11,256369.43,100000.0,0.0,213605.89,0.0,0.0,0.0,569975.32,0.0
C100075,2026-09-14,356369.43,0.0,0.0,213605.89,1459.07,364.77,1823.84,568151.48,10.83
C100075,2026-09-15,356358.6,0.0,0.0,213605.89,10066.61,2516.65,12583.26,557381.23,59.96
C100075,2026-09-16,356298.64,10000.0,0.0,213605.89,997.65,249.41,1247.06,578657.47,5.33
C100075,2026-09-17,366293.31,100000.0,0.0,213605.89,0.0,0.0,0.0,679899.2,0.0
C100075,2026-09-18,466293.31,0.0,0.0,213605.89,0.0,0.0,0.0,679899.2,84.56
C100075,2026-09-21,466208.75,0.0,0.0,213605.89,0.0,0.0,0.0,679814.64,117.58
C100075,2026-09-22,466091.17,0.0,46609.12,213605.89,0.0,0.0,0.0,633087.94,46.94
C100075,2026-09-23,419435.11,0.0,41943.51,213605.89,0.0,0.0,0.0,591097.49,0.0
C100075,2026-09-24,377491.6,10000.0,0.0,213605.89,1699.26,424.81,2124.07,598973.42,16.18
C100075,2026-09-25,387475.42,0.0,0.0,213605.89,0.0,0.0,0.0,601081.31,0.0
C100075,2026-09-28,387475.42,100000.0,0.0,213605.89,0.0,0.0,0.0,701081.31,0.0
C100075,2026-09-29,487475.42,0.0,48747.54,213605.89,5473.31,1368.33,6841.64,645492.13,84.9
C100075,2026-09-30,438642.98,0.0,0.0,213605.89,1653.93,413.48,2067.41,650181.46,5.79
C100075,2026-10-01,438637.19,0.0,0.0,213605.89,0.0,0.0,0.0,652243.08,151.99
C100075,2026-10-02,438485.2,0.0,0.0,213605.89,7750.51,1937.63,9688.14,642402.95,41.35
C100075,2026-10-05,438443.85,50000.0,0.0,213605.89,3312.36,828.09,4140.45,697909.29,11.6
C100076,2026-09-08,43139.97,10000.0,0.0,538600.0,3267.67,816.92,4084.59,587655.38,17.43
C100076,2026-09-09,53122.54,0.0,5312.25,538600.0,3055.86,763.96,3819.82,582590.47,26.47
C100076,2026-09-10,47783.82,100000.0,4778.38,538600.0,0.0,0.0,0.0,681605.44,0.0
C100076,2026-09-11,143005.44,10000.0,14300.54,538600.0,0.0,0.0,0.0,677304.9,0.0
C100076,2026-09-14,138704.9,10000.0,0.0,538600.0,0.0,0.0,0.0,687304.9,0.0
C100076,2026-09-15,148704.9,0.0,0.0,538600.0,0.0,0.0,0.0,687304.9,0.0
C100076,2026-09-16,148704.9,0.0,0.0,538600.0,11673.79,2918.45,14592.24,672712.66,64.95
C100076,2026-09-17,148639.95,0.0,0.0,538600.0,0.0,0.0,0.0,687239.95,13.74
C100076,2026-09-18,148626.21,0.0,0.0,538600.0,0.0,0.0,0.0,687226.21,0.0
C100076,2026-09-21,148626.21,0.0,0.0,538600.0,0.0,0.0,0.0,687226.21,0.0
C100076,2026-09-22,148626.21,0.0,0.0,538600.0,0.0,0.0,0.0,687226.21,0.0
C100076,2026-09-23,148626.21,10000.0,0.0,538600.0,0.0,0.0,0.0,697226.21,0.0
C100076,2026-09-24,158626.21,50000.0,0.0,538600.0,592.18,148.04,740.22,746485.99,184.9
C100076,2026-09-25,208441.31,100000.0,0.0,538600.0,0.0,0.0,0.0,847041.31,0.0
C100076,2026-09-28,308441.31,0.0,0.0,538600.0,689.52,172.38,861.9,846179.41,2.41
C100076,2026-09-29,308438.9,100000.0,0.0,538600.0,0.0,0.0,0.0,947038.9,0.0
C100076,2026-09-30,408438.9,0.0,40843.89,538600.0,543.95,135.99,679.94,905515.07,2.9
C100076,2026-10-01,367592.11,10000.0,0.0,538600.0,0.0,0.0,0.0,916192.11,0.0
C100076,2026-10-02,377592.11,0.0,0.0,538600.0,0.0,0.0,0.0,916192.11,6.84
C100076,2026-10-05,377585.27,0.0,0.0,538600.0,0.0,0.0,0.0,916185.27,0.0
C100077,2026-09-08,82077.22,50000.0,0.0,129243.17,5297.24,1324.31,6621.55,254698.84,23.22
C100077,2026-09-09,132054.0,100000.0,0.0,129243.17,0.0,0.0,0.0,361297.17,0.0
C100077,2026-09-10,232054.0,100000.0,0.0,129243.17,1393.53,348.38,1741.91,459555.26,7.43
C100077,2026-09-11,332046.57,0.0,33204.66,129243.17,6656.15,1664.04,8320.19,419764.89,34.44
C100077,2026-09-14,298807.47,0.0,0.0,129243.17,0.0,0.0,0.0,428050.64,0.0
C100077,2026-09-15,298807.47,0.0,0.0,129243.17,0.0,0.0,0.0,428050.64,0.0
C100077,2026-09-16,298807.47,50000.0,0.0,129243.17,0.0,0.0,0.0,478050.64,18.24
C100077,2026-09-17,348789.23,0.0,34878.92,129243.17,3794.78,948.69,4743.47,438410.01,40.48
C100077,2026-09-18,313869.83,0.0,0.0,129243.17,12113.01,3028.25,15141.26,427971.74,42.42
C100077,2026-09-21,313827.41,100000.0,31382.74,129243.17,0.0,0.0,0.0,511687.84,0.0
C100077,2026-09-22,382444.67,100000.0,0.0,129243.17,3799.96,949.99,4749.95,606937.89,20.27
C100077,2026-09-23,482424.4,0.0,0.0,129243.17,0.0,0.0,0.0,611667.57,21.32
C100077,2026-09-24,482403.08,100000.0,0.0,129243.17,0.0,0.0,0.0,711646.25,0.0
C100077,2026-09-25,582403.08,0.0,0.0,129243.17,7205.57,1801.39,9006.96,702639.29,38.45
C100077,2026-09-28,582364.63,0.0,0.0,129243.17,4594.51,1148.63,5743.14,705864.66,16.09
C100077,2026-09-29,582348.54,0.0,0.0,129243.17,0.0,0.0,0.0,711591.71,0.0
C100077,2026-09-30,582348.54,0.0,58234.85,129243.17,0.0,0.0,0.0,653356.86,134.5
C100077,2026-10-01,523979.19,50000.0,0.0,129243.17,3995.71,998.93,4994.64,698227.72,35.11
C100077,2026-10-02,573944.08,50000.0,0.0,129243.17,661.5,165.38,826.88,752360.37,91.55
C100077,2026-10-05,623852.53,10000.0,0.0,129243.17,16043.42,4010.85,20054.27,743041.43,75.18
C100078,2026-09-08,41220.15,10000.0,0.0,407080.92,0.0,0.0,0.0,458301.07,0.0
C100078,2026-09-09,51220.15,50000.0,5122.02,407080.92,8184.09,2046.02,10230.11,492948.94,43.12
C100078,2026-09-10,96055.01,100000.0,0.0,407080.92,0.0,0.0,0.0,603135.93,0.0
C100078,2026-09-11,196055.01,50000.0,0.0,407080.92,20687.79,5171.95,25859.74,627276.19,81.77
C100078,2026-09-14,245973.24,0.0,24597.32,407080.92,0.0,0.0,0.0,628456.84,0.0
C100078,2026-09-15,221375.92,50000.0,22137.59,407080.92,0.0,0.0,0.0,656319.25,39.71
C100078,2026-09-16,249198.62,0.0,0.0,407080.92,11322.63,2830.66,14153.29,642126.25,39.65
C100078,2026-09-17,249158.97,0.0,0.0,407080.92,0.0,0.0,0.0,656239.89,27.9
C100078,2026-09-18,249131.07,10000.0,24913.11,407080.92,3525.26,881.31,4406.57,636892.31,18.8
C100078,2026-09-21,234199.16,0.0,23419.92,407080.92,16241.9,4060.48,20302.38,597557.78,85.63
C100078,2026-09-22,210693.61,50000.0,0.0,407080.92,6137.69,1534.42,7672.11,660102.42,32.74
C100078,2026-09-23,260660.87,0.0,0.0,407080.92,1354.7,338.68,1693.38,666048.41,4.74
C100078,2026-09-24,260656.13,100000.0,0.0,407080.92,0.0,0.0,0.0,767737.05,0.0
C100078,2026-09-25,360656.13,50000.0,0.0,407080.92,1003.38,250.84,1254.22,816482.83,3.51
C100078,2026-09-28,410652.62,0.0,41065.26,407080.92,4192.55,1048.14,5240.69,771427.59,21.99
C100078,2026-09-29,369565.37,0.0,0.0,407080.92,0.0,0.0,0.0,776646.29,151.23
C100078,2026-09-30,369414.14,0.0,0.0,407080.92,0.0,0.0,0.0,776495.06,0.0
C100078,2026-10-01,369414.14,0.0,0.0,407080.92,0.0,0.0,0.0,776495.06,58.08
C100078,2026-10-02,369356.06,0.0,36935.61,407080.92,0.0,0.0,0.0,739501.37,140.05
C100078,2026-10-05,332280.4,0.0,33228.04,407080.92,0.0,0.0,0.0,706133.28,0.0
C100079,2026-09-08,17866.82,0.0,0.0,417007.55,0.0,0.0,0.0,434874.37,0.0
C100079,2026-09-09,17866.82,100000.0,1786.68,417007.55,9869.23,2467.31,12336.54,520751.15,57.6
C100079,2026-09-10,116022.54,0.0,0.0,417007.55,0.0,0.0,0.0,533030.09,40.89
C100079,2026-09-11,115981.65,100000.0,11598.16,417007.55,1349.94,337.49,1687.43,619703.61,7.2
C100079,2026-09-14,204376.29,10000.0,0.0,417007.55,3525.21,881.3,4406.51,626977.33,12.35
C100079,2026-09-15,214363.94,10000.0,0.0,417007.55,382.66,95.66,478.32,640893.17,20.9
C100079,2026-09-16,224343.04,0.0,22434.3,417007.55,0.0,0.0,0.0,618916.29,0.0
C100079,2026-09-17,201908.74,0.0,20190.87,417007.55,0.0,0.0,0.0,598725.42,84.16
C100079,2026-09-18,181633.71,0.0,18163.37,417007.55,0.0,0.0,0.0,580477.89,37.96
C100079,2026-09-21,163432.38,0.0,0.0,417007.55,0.0,0.0,0.0,580439.93,0.0
C100079,2026-09-22,163432.38,0.0,0.0,417007.55,0.0,0.0,0.0,580439.93,55.46
C100079,2026-09-23,163376.92,0.0,0.0,417007.55,0.0,0.0,0.0,580384.47,0.0
C100079,2026-09-24,163376.92,0.0,0.0,417007.55,0.0,0.0,0.0,580384.47,0.0
C100079,2026-09-25,163376.92,50000.0,0.0,417007.55,5256.29,1314.07,6570.36,623814.11,27.41
C100079,2026-09-28,213349.51,0.0,0.0,417007.55,0.0,0.0,0.0,630357.06,0.0
C100079,2026-09-29,213349.51,50000.0,0.0,417007.55,15170.81,3792.7,18963.51,661393.55,90.01
C100079,2026-09-30,263259.5,0.0,0.0,417007.55,4804.59,1201.15,6005.74,674261.31,16.82
C100079,2026-10-01,263242.68,100000.0,0.0,417007.55,7185.46,1796.36,8981.82,771268.41,49.92
C100079,2026-10-02,363192.76,0.0,0.0,417007.55,0.0,0.0,0.0,780200.31,0.0
C100079,2026-10-05,363192.76,100000.0,0.0,417007.55,7334.28,1833.57,9167.85,871032.46,39.13
C100080,2026-09-08,15164.67,0.0,0.0,264100.82,2237.97,559.49,2797.46,276468.03,11.94
C100080,2026-09-09,15152.73,100000.0,1515.27,264100.82,5160.44,1290.11,6450.55,371287.73,55.63
C100080,2026-09-10,113581.83,50000.0,11358.18,264100.82,0.0,0.0,0.0,416324.47,81.03
C100080,2026-09-11,152142.62,0.0,15214.26,264100.82,1177.08,294.27,1471.35,399557.83,48.23
C100080,2026-09-14,136880.13,0.0,0.0,264100.82,0.0,0.0,0.0,400980.95,74.05
C100080,2026-09-15,136806.08,50000.0,0.0,264100.82,0.0,0.0,0.0,450906.9,0.0
C100080,2026-09-16,186806.08,100000.0,0.0,264100.82,0.0,0.0,0.0,550906.9,41.88
C100080,2026-09-17,286764.2,0.0,28676.42,264100.82,726.12,181.53,907.65,521280.95,3.87
C100080,2026-09-18,258083.91,0.0,25808.39,264100.82,0.0,0.0,0.0,496376.34,0.0
C100080,2026-09-21,232275.52,100000.0,0.0,264100.82,3235.73,808.93,4044.66,592331.68,11.33
C100080,2026-09-22,332264.19,0.0,0.0,264100.82,1465.49,366.37,1831.86,594533.15,5.13
C100080,2026-09-23,332259.06,0.0,33225.91,264100.82,0.0,0.0,0.0,563133.97,0.0
C100080,2026-09-24,299033.15,100000.0,0.0,264100.82,1129.97,282.49,1412.46,661721.51,4.99
C100080,2026-09-25,399028.16,50000.0,0.0,264100.82,3154.27,788.57,3942.84,709186.14,51.4
C100080,2026-09-28,448976.76,0.0,0.0,264100.82,0.0,0.0,0.0,713077.58,0.0
C100080,2026-09-29,448976.76,0.0,0.0,264100.82,0.0,0.0,0.0,713077.58,151.07
C100080,2026-09-30,448825.69,0.0,0.0,264100.82,6227.85,1556.96,7784.81,705141.7,21.81
C100080,2026-10-01,448803.88,0.0,0.0,264100.82,0.0,0.0,0.0,712904.7,29.53
C100080,2026-10-02,448774.35,50000.0,0.0,264100.82,0.0,0.0,0.0,762875.17,22.01
C100080,2026-10-05,498752.34,0.0,49875.23,264100.82,0.0,0.0,0.0,712977.93,0.0
C100081,2026-09-08,136324.92,0.0,13632.49,94038.28,0.0,0.0,0.0,216730.71,0.0
C100081,2026-09-09,122692.43,0.0,0.0,94038.28,0.0,0.0,0.0,216730.71,0.0
C100081,2026-09-10,122692.43,50000.0,0.0,94038.28,0.0,0.0,0.0,266730.71,200.58
C100081,2026-09-11,172491.85,10000.0,0.0,94038.28,1151.2,287.8,1439.0,275091.13,4.03
C100081,2026-09-14,182487.82,100000.0,0.0,94038.28,16539.58,4134.9,20674.48,355851.62,93.64
C100081,2026-09-15,282394.18,0.0,28239.42,94038.28,0.0,0.0,0.0,348193.04,0.0
C100081,2026-09-16,254154.76,100000.0,0.0,94038.28,0.0,0.0,0.0,448193.04,3.72
C100081,2026-09-17,354151.04,0.0,0.0,94038.28,0.0,0.0,0.0,448189.32,0.0
C100081,2026-09-18,354151.04,100000.0,35415.1,94038.28,0.0,0.0,0.0,512774.22,0.0
C100081,2026-09-21,418735.94,50000.0,0.0,94038.28,0.0,0.0,0.0,562774.22,0.0
C100081,2026-09-22,468735.94,0.0,0.0,94038.28,0.0,0.0,0.0,562774.22,0.0
C100081,2026-09-23,468735.94,0.0,0.0,94038.28,16386.38,4096.6,20482.98,542291.24,187.68
C100081,2026-09-24,468548.26,50000.0,46854.83,94038.28,16300.7,4075.18,20375.88,545355.83,74.51
C100081,2026-09-25,471618.92,0.0,0.0,94038.28,0.0,0.0,0.0,565657.2,0.0
C100081,2026-09-28,471618.92,10000.0,0.0,94038.28,450.89,112.72,563.61,575093.59,1.58
C100081,2026-09-29,481617.34,0.0,48161.73,94038.28,0.0,0.0,0.0,527493.89,0.0
C100081,2026-09-30,433455.61,0.0,43345.56,94038.28,1289.57,322.39,1611.96,482536.37,4.52
C100081,2026-10-01,390105.53,0.0,0.0,94038.28,0.0,0.0,0.0,484143.81,0.0
C100081,2026-10-02,390105.53,100000.0,0.0,94038.28,1072.62,268.15,1340.77,582803.04,5.72
C100081,2026-10-05,490099.81,0.0,0.0,94038.28,3807.99,952.0,4759.99,579378.1,20.31
C100082,2026-09-08,245545.54,0.0,0.0,721968.2,0.0,0.0,0.0,967513.74,18.08
C100082,2026-09-09,245527.46,0.0,0.0,721968.2,0.0,0.0,0.0,967495.66,18.29
C100082,2026-09-10,245509.17,50000.0,24550.92,721968.2,5403.46,1350.86,6754.32,986172.13,28.83
C100082,2026-09-11,270929.42,0.0,0.0,721968.2,17931.35,4482.84,22414.19,970483.43,78.03
C100082,2026-09-14,270851.39,50000.0,0.0,721968.2,1122.52,280.63,1403.15,1041416.44,3.94
C100082,2026-09-15,320847.45,100000.0,0.0,721968.2,0.0,0.0,0.0,1142815.65,0.0
C100082,2026-09-16,420847.45,100000.0,0.0,721968.2,1163.4,290.85,1454.25,1241361.4,4.07
C100082,2026-09-17,520843.38,0.0,0.0,721968.2,0.0,0.0,0.0,1242811.58,56.95
C100082,2026-09-18,520786.43,0.0,0.0,721968.2,0.0,0.0,0.0,1242754.63,0.0
C100082,2026-09-21,520786.43,100000.0,0.0,721968.2,0.0,0.0,0.0,1342754.63,99.78
C100082,2026-09-22,620686.65,50000.0,62068.67,721968.2,15488.0,3872.0,19360.0,1311226.18,61.58
C100082,2026-09-23,608556.4,100000.0,0.0,721968.2,0.0,0.0,0.0,1430524.6,113.58
C100082,2026-09-24,708442.82,50000.0,0.0,721968.2,0.0,0.0,0.0,1480411.02,0.0
C100082,2026-09-25,758442.82,100000.0,75844.28,721968.2,15651.14,3912.78,19563.92,1485002.82,188.42
C100082,2026-09-28,782410.12,0.0,0.0,721968.2,4855.22,1213.81,6069.03,1498309.29,99.0
C100082,2026-09-29,782311.12,0.0,0.0,721968.2,0.0,0.0,0.0,1504279.32,0.0
C100082,2026-09-30,782311.12,50000.0,0.0,721968.2,13238.83,3309.71,16548.54,1537730.78,70.63
C100082,2026-10-01,832240.49,50000.0,0.0,721968.2,0.0,0.0,0.0,1604208.69,0.0
C100082,2026-10-02,882240.49,0.0,0.0,721968.2,7207.2,1801.8,9009.0,1595199.69,25.23
C100082,2026-10-05,882215.26,50000.0,0.0,721968.2,0.0,0.0,0.0,1654183.46,7.51
C100083,2026-09-08,71811.33,0.0,7181.13,510394.1,0.0,0.0,0.0,575024.3,30.76
C100083,2026-09-09,64599.44,50000.0,0.0,510394.1,833.58,208.39,1041.97,623951.57,4.45
C100083,2026-09-10,114594.99,0.0,0.0,510394.1,0.0,0.0,0.0,624989.09,19.65
C100083,2026-09-11,114575.34,0.0,0.0,510394.1,0.0,0.0,0.0,624969.44,0.0
C100083,2026-09-14,114575.34,50000.0,0.0,510394.1,4001.02,1000.25,5001.27,669968.17,14.01
C100083,2026-09-15,164561.33,100000.0,16456.13,510394.1,0.0,0.0,0.0,758499.3,5.57
C100083,2026-09-16,248099.63,10000.0,24809.96,510394.1,9761.23,2440.31,12201.54,731482.23,113.62
C100083,2026-09-17,233176.05,100000.0,23317.6,510394.1,4844.66,1211.17,6055.83,814196.72,25.84
C100083,2026-09-18,309832.61,0.0,30983.26,510394.1,3017.76,754.44,3772.2,785471.25,10.57
C100083,2026-09-21,278838.78,10000.0,27883.88,510394.1,813.78,203.44,1017.22,770331.78,14.15
C100083,2026-09-22,260940.75,0.0,0.0,510394.1,0.0,0.0,0.0,771334.85,35.51
C100083,2026-09-23,260905.24,50000.0,0.0,510394.1,0.0,0.0,0.0,821299.34,0.0
C100083,2026-09-24,310905.24,0.0,0.0,510394.1,0.0,0.0,0.0,821299.34,0.0
C100083,2026-09-25,310905.24,0.0,31090.52,510394.1,1409.04,352.26,1761.3,788447.52,4.93
C100083,2026-09-28,279809.79,0.0,0.0,510394.1,7389.28,1847.32,9236.6,780967.29,69.34
C100083,2026-09-29,279740.45,10000.0,27974.04,510394.1,0.0,0.0,0.0,772160.51,16.68
C100083,2026-09-30,261749.73,50000.0,0.0,510394.1,0.0,0.0,0.0,822143.83,0.0
C100083,2026-10-01,311749.73,50000.0,0.0,510394.1,1731.71,432.93,2164.64,869979.19,6.07
C100083,2026-10-02,361743.66,100000.0,0.0,510394.1,1764.68,441.17,2205.85,969931.91,9.42
C100083,2026-10-05,461734.24,50000.0,0.0,510394.1,0.0,0.0,0.0,1022128.34,0.0
C100084,2026-09-08,163117.08,0.0,0.0,310998.71,3658.2,914.55,4572.75,469543.04,12.81
C100084,2026-09-09,163104.27,100000.0,0.0,310998.71,0.0,0.0,0.0,574102.98,91.96
C100084,2026-09-10,263012.31,0.0,26301.23,310998.71,937.15,234.29,1171.44,546538.35,5.0
C100084,2026-09-11,236706.08,0.0,0.0,310998.71,0.0,0.0,0.0,547704.79,0.0
C100084,2026-09-14,236706.08,50000.0,0.0,310998.71,985.56,246.39,1231.95,596472.84,3.45
C100084,2026-09-15,286702.63,0.0,0.0,310998.71,0.0,0.0,0.0,597701.34,0.0
C100084,2026-09-16,286702.63,100000.0,0.0,310998.71,1740.24,435.06,2175.3,695526.04,6.1
C100084,2026-09-17,386696.53,10000.0,0.0,310998.71,0.0,0.0,0.0,707695.24,0.0
C100084,2026-09-18,396696.53,0.0,0.0,310998.71,0.0,0.0,0.0,707695.24,0.0
C100084,2026-09-21,396696.53,0.0,39669.65,310998.71,0.0,0.0,0.0,668025.59,0.0
C100084,2026-09-22,357026.88,0.0,0.0,310998.71,8926.74,2231.68,11158.42,656867.17,45.33
C100084,2026-09-23,356981.55,0.0,0.0,310998.71,0.0,0.0,0.0,667980.26,162.24
C100084,2026-09-24,356819.31,0.0,0.0,310998.71,0.0,0.0,0.0,667818.02,54.3
C100084,2026-09-25,356765.01,0.0,0.0,310998.71,0.0,0.0,0.0,667763.72,0.0
C100084,2026-09-28,356765.01,10000.0,0.0,310998.71,9128.0,2282.0,11410.0,666353.72,32.81
C100084,2026-09-29,366732.2,0.0,0.0,310998.71,750.2,187.55,937.75,676793.16,28.1
C100084,2026-09-30,366704.1,0.0,0.0,310998.71,0.0,0.0,0.0,677702.81,0.0
C100084,2026-10-01,366704.1,10000.0,0.0,310998.71,0.0,0.0,0.0,687702.81,0.0
C100084,2026-10-02,376704.1,0.0,0.0,310998.71,14868.06,3717.01,18585.07,669117.74,67.33
C100084,2026-10-05,376636.77,100000.0,37663.68,310998.71,5340.06,1335.01,6675.07,743296.73,86.29
C100085,2026-09-08,95467.99,0.0,0.0,500434.47,3254.93,813.73,4068.66,591833.8,11.4
C100085,2026-09-09,95456.59,0.0,0.0,500434.47,0.0,0.0,0.0,595891.06,0.0
C100085,2026-09-10,95456.59,0.0,0.0,500434.47,0.0,0.0,0.0,595891.06,4.0
C100085,2026-09-11,95452.59,0.0,0.0,500434.47,0.0,0.0,0.0,595887.06,50.52
C100085,2026-09-14,95402.07,0.0,0.0,500434.47,0.0,0.0,0.0,595836.54,0.0
C100085,2026-09-15,95402.07,0.0,0.0,500434.47,0.0,0.0,0.0,595836.54,22.39
C100085,2026-09-16,95379.68,0.0,9537.97,500434.47,0.0,0.0,0.0,586276.18,0.0
C100085,2026-09-17,85841.71,0.0,0.0,500434.47,2322.43,580.61,2903.04,583373.14,30.31
C100085,2026-09-18,85811.4,100000.0,0.0,500434.47,0.0,0.0,0.0,686245.87,21.01
C100085,2026-09-21,185790.39,0.0,0.0,500434.47,4654.94,1163.74,5818.68,680406.18,24.84
C100085,2026-09-22,185765.55,50000.0,0.0,500434.47,0.0,0.0,0.0,736200.02,0.0
C100085,2026-09-23,235765.55,100000.0,0.0,500434.47,0.0,0.0,0.0,836200.02,13.72
C100085,2026-09-24,335751.83,100000.0,0.0,500434.47,0.0,0.0,0.0,936186.3,0.0
C100085,2026-09-25,435751.83,10000.0,43575.18,500434.47,0.0,0.0,0.0,902611.12,45.39
C100085,2026-09-28,402131.26,0.0,0.0,500434.47,12372.06,3093.01,15465.07,887100.66,66.0
C100085,2026-09-29,402065.26,100000.0,0.0,500434.47,1407.21,351.8,1759.01,1000740.72,26.95
C100085,2026-09-30,502038.31,100000.0,0.0,500434.47,0.0,0.0,0.0,1102472.78,0.0
C100085,2026-10-01,602038.31,50000.0,60203.83,500434.47,6784.03,1696.01,8480.04,1083788.91,111.82
C100085,2026-10-02,591722.66,10000.0,0.0,500434.47,0.0,0.0,0.0,1102157.13,0.0
C100085,2026-10-05,601722.66,0.0,0.0,500434.47,0.0,0.0,0.0,1102157.13,0.0
C100086,2026-09-08,148546.31,10000.0,0.0,336473.13,0.0,0.0,0.0,495019.44,0.0
C100086,2026-09-09,158546.31,0.0,15854.63,336473.13,0.0,0.0,0.0,479164.81,158.71
C100086,2026-09-10,142532.97,0.0,14253.3,336473.13,0.0,0.0,0.0,464752.8,0.0
C100086,2026-09-11,128279.67,10000.0,0.0,336473.13,0.0,0.0,0.0,474752.8,0.0
C100086,2026-09-14,138279.67,0.0,13827.97,336473.13,577.26,144.31,721.57,460203.26,3.08
C100086,2026-09-15,124448.62,0.0,0.0,336473.13,5535.08,1383.77,6918.85,454002.9,133.6
C100086,2026-09-16,124315.02,0.0,12431.5,336473.13,0.0,0.0,0.0,448356.65,0.0
C100086,2026-09-17,111883.52,0.0,0.0,336473.13,7111.66,1777.92,8889.58,439467.07,27.19
C100086,2026-09-18,111856.33,10000.0,0.0,336473.13,0.0,0.0,0.0,458329.46,62.28
C100086,2026-09-21,121794.05,0.0,0.0,336473.13,12217.12,3054.28,15271.4,442995.78,58.36
C100086,2026-09-22,121735.69,0.0,0.0,336473.13,3720.86,930.22,4651.08,453557.74,58.55
C100086,2026-09-23,121677.14,100000.0,0.0,336473.13,0.0,0.0,0.0,558150.27,0.0
C100086,2026-09-24,221677.14,50000.0,0.0,336473.13,0.0,0.0,0.0,608150.27,0.0
C100086,2026-09-25,271677.14,50000.0,0.0,336473.13,0.0,0.0,0.0,658150.27,0.0
C100086,2026-09-28,321677.14,10000.0,32167.71,336473.13,0.0,0.0,0.0,635982.56,80.74
C100086,2026-09-29,299428.69,100000.0,0.0,336473.13,0.0,0.0,0.0,735901.82,0.0
C100086,2026-09-30,399428.69,10000.0,0.0,336473.13,1391.99,348.0,1739.99,744161.83,60.23
C100086,2026-10-01,409368.46,0.0,40936.85,336473.13,0.0,0.0,0.0,704904.74,0.0
C100086,2026-10-02,368431.61,10000.0,0.0,336473.13,3972.02,993.01,4965.03,709939.71,21.2
C100086,2026-10-05,378410.41,10000.0,0.0,336473.13,0.0,0.0,0.0,724883.54,0.0
C100087,2026-09-08,115437.97,100000.0,11543.8,431776.31,0.0,0.0,0.0,635670.48,0.0
C100087,2026-09-09,203894.17,0.0,0.0,431776.31,397.18,99.29,496.47,635174.01,2.12
C100087,2026-09-10,203892.05,0.0,0.0,431776.31,0.0,0.0,0.0,635668.36,17.27
C100087,2026-09-11,203874.78,10000.0,0.0,431776.31,9891.98,2473.0,12364.98,633286.11,34.63
C100087,2026-09-14,213840.15,0.0,21384.02,431776.31,6571.49,1642.87,8214.36,616018.08,42.1
C100087,2026-09-15,192414.03,0.0,0.0,431776.31,0.0,0.0,0.0,624190.34,0.0
C100087,2026-09-16,192414.03,100000.0,0.0,431776.31,2927.33,731.83,3659.16,720531.18,10.25
C100087,2026-09-17,292403.78,0.0,0.0,431776.31,785.06,196.27,981.33,723198.76,4.2
C100087,2026-09-18,292399.58,100000.0,29239.96,431776.31,2651.99,663.0,3314.99,791620.94,165.7
C100087,2026-09-21,362993.92,100000.0,36299.39,431776.31,19867.66,4966.92,24834.58,833636.26,61.96
C100087,2026-09-22,426632.57,50000.0,0.0,431776.31,7921.59,1980.4,9901.99,898506.89,36.99
C100087,2026-09-23,476595.58,0.0,0.0,431776.31,8405.28,2101.32,10506.6,897865.29,44.84
C100087,2026-09-24,476550.74,0.0,0.0,431776.31,7983.45,1995.86,9979.31,898347.74,27.96
C100087,2026-09-25,476522.78,50000.0,47652.28,431776.31,560.12,140.03,700.15,909946.66,2.98
C100087,2026-09-28,478867.52,10000.0,0.0,431776.31,1489.13,372.28,1861.41,918782.42,7.94
C100087,2026-09-29,488859.58,0.0,0.0,431776.31,32821.93,8205.48,41027.41,879608.48,116.39
C100087,2026-09-30,488743.19,50000.0,48874.32,431776.31,673.87,168.47,842.34,920802.84,47.49
C100087,2026-10-01,489821.38,10000.0,0.0,431776.31,8241.35,2060.34,10301.69,921296.0,28.86
C100087,2026-10-02,499792.52,50000.0,49979.25,431776.31,687.13,171.78,858.91,930730.67,3.67
C100087,2026-10-05,499809.6,10000.0,49980.96,431776.31,0.0,0.0,0.0,891604.95,0.0
C100088,2026-09-08,47552.75,10000.0,0.0,221219.1,7103.27,1775.82,8879.09,269892.76,37.9
C100088,2026-09-09,57514.85,50000.0,0.0,221219.1,0.0,0.0,0.0,328733.95,0.0
C100088,2026-09-10,107514.85,0.0,0.0,221219.1,0.0,0.0,0.0,328733.95,37.06
C100088,2026-09-11,107477.79,0.0,0.0,221219.1,0.0,0.0,0.0,328696.89,1.19
C100088,2026-09-14,107476.6,0.0,10747.66,221219.1,0.0,0.0,0.0,317948.04,0.0
C100088,2026-09-15,96728.94,50000.0,0.0,221219.1,0.0,0.0,0.0,367948.04,0.0
C100088,2026-09-16,146728.94,50000.0,0.0,221219.1,0.0,0.0,0.0,417948.04,0.0
C100088,2026-09-17,196728.94,0.0,0.0,221219.1,12307.74,3076.93,15384.67,402563.37,43.1
C100088,2026-09-18,196685.84,50000.0,0.0,221219.1,0.0,0.0,0.0,467904.94,22.41
C100088,2026-09-21,246663.43,0.0,0.0,221219.1,0.0,0.0,0.0,467882.53,19.57
C100088,2026-09-22,246643.86,0.0,0.0,221219.1,0.0,0.0,0.0,467862.96,85.22
C100088,2026-09-23,246558.64,0.0,24655.86,221219.1,743.77,185.94,929.71,442192.17,87.99
C100088,2026-09-24,221814.79,0.0,0.0,221219.1,0.0,0.0,0.0,443033.89,0.0
C100088,2026-09-25,221814.79,0.0,0.0,221219.1,0.0,0.0,0.0,443033.89,0.0
C100088,2026-09-28,221814.79,0.0,0.0,221219.1,1422.43,355.61,1778.04,441255.85,67.09
C100088,2026-09-29,221747.7,0.0,0.0,221219.1,0.0,0.0,0.0,442966.8,0.0
C100088,2026-09-30,221747.7,10000.0,0.0,221219.1,0.0,0.0,0.0,452966.8,12.33
C100088,2026-10-01,231735.37,50000.0,0.0,221219.1,0.0,0.0,0.0,502954.47,164.44
C100088,2026-10-02,281570.93,0.0,0.0,221219.1,0.0,0.0,0.0,502790.03,117.39
C100088,2026-10-05,281453.54,0.0,0.0,221219.1,477.7,119.42,597.12,502075.52,29.96
C100089,2026-09-08,312872.4,10000.0,0.0,185940.18,4976.45,1244.11,6220.56,502592.02,58.25
C100089,2026-09-09,322814.15,100000.0,32281.42,185940.18,289.72,72.43,362.15,576110.76,1.02
C100089,2026-09-10,390531.71,0.0,39053.17,185940.18,8471.48,2117.87,10589.35,526829.37,163.88
C100089,2026-09-11,351314.66,0.0,0.0,185940.18,0.0,0.0,0.0,537254.84,88.52
C100089,2026-09-14,351226.14,10000.0,0.0,185940.18,0.0,0.0,0.0,547166.32,0.0
C100089,2026-09-15,361226.14,0.0,0.0,185940.18,5380.46,1345.11,6725.57,540440.75,18.84
C100089,2026-09-16,361207.3,0.0,0.0,185940.18,29906.35,7476.59,37382.94,509764.54,140.37
C100089,2026-09-17,361066.93,100000.0,36106.69,185940.18,0.0,0.0,0.0,610900.42,66.18
C100089,2026-09-18,424894.06,0.0,42489.41,185940.18,0.0,0.0,0.0,568344.83,0.0
C100089,2026-09-21,382404.65,100000.0,38240.47,185940.18,0.0,0.0,0.0,630104.36,0.0
C100089,2026-09-22,444164.18,100000.0,0.0,185940.18,17755.76,4438.94,22194.7,707909.66,73.77
C100089,2026-09-23,544090.41,0.0,54409.04,185940.18,6134.17,1533.54,7667.71,667953.84,29.34
C100089,2026-09-24,489652.03,100000.0,48965.2,185940.18,9331.27,2332.82,11664.09,714962.92,91.12
C100089,2026-09-25,540595.71,50000.0,54059.57,185940.18,0.0,0.0,0.0,722476.32,0.0
C100089,2026-09-28,536536.14,50000.0,0.0,185940.18,1919.95,479.99,2399.94,770076.38,6.72
C100089,2026-09-29,586529.42,0.0,0.0,185940.18,6831.07,1707.77,8538.84,763930.76,26.68
C100089,2026-09-30,586502.74,0.0,0.0,185940.18,10007.84,2501.96,12509.8,759933.12,48.27
C100089,2026-10-01,586454.47,0.0,0.0,185940.18,0.0,0.0,0.0,772394.65,14.81
C100089,2026-10-02,586439.66,0.0,0.0,185940.18,1710.65,427.66,2138.31,770241.53,5.99
C100089,2026-10-05,586433.67,50000.0,0.0,185940.18,8228.22,2057.05,10285.27,812088.58,28.81
C100090,2026-09-08,33389.64,100000.0,0.0,105214.19,0.0,0.0,0.0,238603.83,19.46
C100090,2026-09-09,133370.18,10000.0,0.0,105214.19,0.0,0.0,0.0,248584.37,34.12
C100090,2026-09-10,143336.06,0.0,0.0,105214.19,1396.97,349.24,1746.21,246804.04,7.45
C100090,2026-09-11,143328.61,0.0,14332.86,105214.19,2296.61,574.15,2870.76,231339.18,12.24
C100090,2026-09-14,128983.51,0.0,0.0,105214.19,5032.53,1258.13,6290.66,227907.04,73.24
C100090,2026-09-15,128910.27,10000.0,0.0,105214.19,0.0,0.0,0.0,244124.46,0.0
C100090,2026-09-16,138910.27,0.0,0.0,105214.19,0.0,0.0,0.0,244124.46,80.58
C100090,2026-09-17,138829.69,0.0,13882.97,105214.19,0.0,0.0,0.0,230160.91,145.31
C100090,2026-09-18,124801.41,0.0,12480.14,105214.19,0.0,0.0,0.0,217535.46,4.32
C100090,2026-09-21,112316.95,0.0,11231.7,105214.19,179.81,44.95,224.76,206074.68,28.45
C100090,2026-09-22,101056.8,0.0,0.0,105214.19,558.9,139.72,698.62,205572.37,89.41
C100090,2026-09-23,100967.39,0.0,10096.74,105214.19,0.0,0.0,0.0,196084.84,0.0
C100090,2026-09-24,90870.65,10000.0,0.0,105214.19,0.0,0.0,0.0,206084.84,0.0
C100090,2026-09-25,100870.65,100000.0,10087.06,105214.19,0.0,0.0,0.0,295997.78,0.0
C100090,2026-09-28,190783.59,0.0,0.0,105214.19,1442.47,360.62,1803.09,294194.69,7.7
C100090,2026-09-29,190775.89,0.0,19077.59,105214.19,0.0,0.0,0.0,276912.49,6.69
C100090,2026-09-30,171691.61,50000.0,0.0,105214.19,12283.74,3070.93,15354.67,311551.13,55.28
C100090,2026-10-01,221636.33,10000.0,22163.63,105214.19,6436.1,1609.02,8045.12,306641.77,34.34
C100090,2026-10-02,209438.36,100000.0,0.0,105214.19,0.0,0.0,0.0,414652.55,0.0
C100090,2026-10-05,309438.36,0.0,0.0,105214.19,0.0,0.0,0.0,414652.55,3.84
C100091,2026-09-08,328567.6,100000.0,0.0,396525.38,0.0,0.0,0.0,825092.98,0.0
C100091,2026-09-09,428567.6,0.0,42856.76,396525.38,0.0,0.0,0.0,782236.22,0.0
C100091,2026-09-10,385710.84,100000.0,0.0,396525.38,9876.69,2469.17,12345.86,869890.36,124.62
C100091,2026-09-11,485586.22,0.0,48558.62,396525.38,0.0,0.0,0.0,833552.98,0.0
C100091,2026-09-14,437027.6,0.0,0.0,396525.38,0.0,0.0,0.0,833552.98,21.08
C100091,2026-09-15,437006.52,10000.0,0.0,396525.38,0.0,0.0,0.0,843531.9,0.0
C100091,2026-09-16,447006.52,0.0,0.0,396525.38,0.0,0.0,0.0,843531.9,0.0
C100091,2026-09-17,447006.52,10000.0,0.0,396525.38,0.0,0.0,0.0,853531.9,0.0
C100091,2026-09-18,457006.52,0.0,45700.65,396525.38,0.0,0.0,0.0,807831.25,12.26
C100091,2026-09-21,411293.61,10000.0,0.0,396525.38,0.0,0.0,0.0,817818.99,0.0
C100091,2026-09-22,421293.61,50000.0,0.0,396525.38,4023.6,1005.9,5029.5,862789.49,21.47
C100091,2026-09-23,471272.14,10000.0,0.0,396525.38,584.9,146.23,731.13,877066.39,3.12
C100091,2026-09-24,481269.02,50000.0,0.0,396525.38,0.0,0.0,0.0,927794.4,0.0
C100091,2026-09-25,531269.02,0.0,53126.9,396525.38,0.0,0.0,0.0,874667.5,0.0
C100091,2026-09-28,478142.12,50000.0,0.0,396525.38,0.0,0.0,0.0,924667.5,6.48
C100091,2026-09-29,528135.64,10000.0,52813.56,396525.38,0.0,0.0,0.0,881847.46,0.0
C100091,2026-09-30,485322.08,10000.0,0.0,396525.38,19107.3,4776.82,23884.12,867963.34,72.81
C100091,2026-10-01,495249.27,10000.0,49524.93,396525.38,0.0,0.0,0.0,852249.72,0.0
C100091,2026-10-02,455724.34,10000.0,45572.43,396525.38,596.86,149.21,746.07,815931.22,3.19
C100091,2026-10-05,420148.72,0.0,0.0,396525.38,21337.87,5334.47,26672.34,790001.76,68.73
C100092,2026-09-08,1158492.73,0.0,0.0,446017.18,0.0,0.0,0.0,1604509.91,0.0
C100092,2026-09-09,1158492.73,0.0,115849.27,446017.18,0.0,0.0,0.0,1488660.64,30.1
C100092,2026-09-10,1042613.36,0.0,0.0,446017.18,546.24,136.56,682.8,1487947.74,82.64
C100092,2026-09-11,1042530.72,100000.0,0.0,446017.18,0.0,0.0,0.0,1588547.9,0.0
C100092,2026-09-14,1142530.72,100000.0,0.0,446017.18,3211.83,802.96,4014.79,1684533.11,12.17
C100092,2026-09-15,1242518.55,100000.0,0.0,446017.18,2094.18,523.54,2617.72,1785918.01,176.94
C100092,2026-09-16,1342341.61,0.0,134234.16,446017.18,0.0,0.0,0.0,1654124.63,87.07
C100092,2026-09-17,1208020.38,0.0,0.0,446017.18,2623.76,655.94,3279.7,1650757.86,9.19
C100092,2026-09-18,1208011.19,100000.0,0.0,446017.18,0.0,0.0,0.0,1754028.37,0.0
C100092,2026-09-21,1308011.19,10000.0,0.0,446017.18,2373.23,593.31,2966.54,1761061.83,8.32
C100092,2026-09-22,1318002.87,100000.0,0.0,446017.18,0.0,0.0,0.0,1864020.05,0.0
C100092,2026-09-23,1418002.87,0.0,0.0,446017.18,7355.22,1838.8,9194.02,1854826.03,25.76
C100092,2026-09-24,1417977.11,50000.0,0.0,446017.18,0.0,0.0,0.0,1913994.29,0.0
C100092,2026-09-25,1467977.11,50000.0,0.0,446017.18,0.0,0.0,0.0,1963994.29,24.19
C100092,2026-09-28,1517952.92,10000.0,0.0,446017.18,8726.37,2181.59,10907.96,1963062.14,46.56
C100092,2026-09-29,1527906.36,0.0,0.0,446017.18,0.0,0.0,0.0,1973923.54,44.63
C100092,2026-09-30,1527861.73,50000.0,152786.17,446017.18,702.49,175.62,878.11,1870214.63,2.46
C100092,2026-10-01,1425073.1,0.0,0.0,446017.18,0.0,0.0,0.0,1871090.28,0.0
C100092,2026-10-02,1425073.1,50000.0,0.0,446017.18,1436.97,359.24,1796.21,1919294.07,5.03
C100092,2026-10-05,1475068.07,10000.0,147506.81,446017.18,0.0,0.0,0.0,1783578.44,0.0
C100093,2026-09-08,40393.92,0.0,0.0,435438.24,0.0,0.0,0.0,475832.16,29.21
C100093,2026-09-09,40364.71,100000.0,0.0,435438.24,993.86,248.47,1242.33,574560.62,5.3
C100093,2026-09-10,140359.41,100000.0,14035.94,435438.24,12269.07,3067.27,15336.34,646425.37,149.44
C100093,2026-09-11,226174.03,0.0,22617.4,435438.24,2903.3,725.82,3629.12,635365.75,10.17
C100093,2026-09-14,203546.46,10000.0,20354.65,435438.24,0.0,0.0,0.0,628630.05,38.7
C100093,2026-09-15,193153.11,0.0,0.0,435438.24,0.0,0.0,0.0,628591.35,0.0
C100093,2026-09-16,193153.11,10000.0,0.0,435438.24,631.83,157.96,789.79,637801.56,2.22
C100093,2026-09-17,203150.89,0.0,0.0,435438.24,0.0,0.0,0.0,638589.13,163.88
C100093,2026-09-18,202987.01,0.0,0.0,435438.24,471.85,117.96,589.81,637835.44,2.52
C100093,2026-09-21,202984.49,50000.0,20298.45,435438.24,3348.34,837.09,4185.43,663938.85,134.64
C100093,2026-09-22,232551.4,100000.0,0.0,435438.24,0.0,0.0,0.0,767989.64,0.0
C100093,2026-09-23,332551.4,0.0,0.0,435438.24,0.0,0.0,0.0,767989.64,0.0
C100093,2026-09-24,332551.4,0.0,33255.14,435438.24,0.0,0.0,0.0,734734.5,0.0
C100093,2026-09-25,299296.26,10000.0,0.0,435438.24,0.0,0.0,0.0,744734.5,0.0
C100093,2026-09-28,309296.26,50000.0,0.0,435438.24,0.0,0.0,0.0,794734.5,0.0
C100093,2026-09-29,359296.26,100000.0,35929.63,435438.24,3285.08,821.27,4106.35,854698.52,19.69
C100093,2026-09-30,423346.94,0.0,0.0,435438.24,0.0,0.0,0.0,858785.18,0.0
C100093,2026-10-01,423346.94,0.0,0.0,435438.24,0.0,0.0,0.0,858785.18,0.0
C100093,2026-10-02,423346.94,50000.0,42334.69,435438.24,0.0,0.0,0.0,866450.49,0.0
C100093,2026-10-05,431012.25,0.0,43101.23,435438.24,1038.32,259.58,1297.9,822051.36,12.72
C100094,2026-09-08,42206.85,0.0,0.0,260345.47,0.0,0.0,0.0,302552.32,74.13
C100094,2026-09-09,42132.72,100000.0,0.0,260345.47,808.42,202.1,1010.52,401467.67,4.31
C100094,2026-09-10,142128.41,0.0,0.0,260345.47,2314.32,578.58,2892.9,399580.98,12.35
C100094,2026-09-11,142116.06,10000.0,0.0,260345.47,7110.22,1777.55,8887.77,403573.76,37.93
C100094,2026-09-14,152078.13,100000.0,0.0,260345.47,5157.13,1289.28,6446.41,505977.19,67.51
C100094,2026-09-15,252010.62,0.0,25201.06,260345.47,0.0,0.0,0.0,487155.03,0.0
C100094,2026-09-16,226809.56,0.0,0.0,260345.47,18720.34,4680.09,23400.43,463754.6,83.32
C100094,2026-09-17,226726.24,0.0,0.0,260345.47,0.0,0.0,0.0,487071.71,67.15
C100094,2026-09-18,226659.09,10000.0,0.0,260345.47,799.38,199.84,999.22,496005.34,4.26
C100094,2026-09-21,236654.83,0.0,0.0,260345.47,0.0,0.0,0.0,497000.3,0.0
C100094,2026-09-22,236654.83,10000.0,0.0,260345.47,605.43,151.36,756.79,506243.51,3.24
C100094,2026-09-23,246651.59,10000.0,0.0,260345.47,1564.13,391.03,1955.16,515041.9,8.35
C100094,2026-09-24,256643.24,0.0,0.0,260345.47,31592.86,7898.21,39491.07,477497.64,128.23
C100094,2026-09-25,256515.01,10000.0,0.0,260345.47,0.0,0.0,0.0,526860.48,0.0
C100094,2026-09-28,266515.01,0.0,0.0,260345.47,576.81,144.2,721.01,526139.47,3.08
C100094,2026-09-29,266511.93,0.0,0.0,260345.47,759.04,189.76,948.8,525908.6,30.35
C100094,2026-09-30,266481.58,0.0,0.0,260345.47,0.0,0.0,0.0,526827.05,0.0
C100094,2026-10-01,266481.58,100000.0,0.0,260345.47,0.0,0.0,0.0,626827.05,0.0
C100094,2026-10-02,366481.58,0.0,0.0,260345.47,0.0,0.0,0.0,626827.05,0.0
C100094,2026-10-05,366481.58,0.0,0.0,260345.47,2133.25,533.31,2666.56,624160.49,11.37
C100095,2026-09-08,42365.25,50000.0,0.0,255259.65,0.0,0.0,0.0,347624.9,0.0
C100095,2026-09-09,92365.25,0.0,0.0,255259.65,6609.2,1652.3,8261.5,339363.4,35.27
C100095,2026-09-10,92329.98,0.0,0.0,255259.65,0.0,0.0,0.0,347589.63,0.0
C100095,2026-09-11,92329.98,100000.0,0.0,255259.65,0.0,0.0,0.0,447589.63,0.0
C100095,2026-09-14,192329.98,0.0,19233.0,255259.65,1773.07,443.27,2216.34,426140.29,161.9
C100095,2026-09-15,172935.08,0.0,0.0,255259.65,0.0,0.0,0.0,428194.73,0.0
C100095,2026-09-16,172935.08,10000.0,17293.51,255259.65,5310.53,1327.63,6638.16,414263.06,18.6
C100095,2026-09-17,165622.97,0.0,16562.3,255259.65,12527.46,3131.86,15659.32,388661.0,48.52
C100095,2026-09-18,149012.15,0.0,0.0,255259.65,356.96,89.24,446.2,403825.6,1.9
C100095,2026-09-21,149010.25,10000.0,14901.03,255259.65,0.0,0.0,0.0,399368.87,0.0
C100095,2026-09-22,144109.22,50000.0,0.0,255259.65,1415.08,353.77,1768.85,447600.02,133.07
C100095,2026-09-23,193976.15,0.0,0.0,255259.65,0.0,0.0,0.0,449235.8,0.0
C100095,2026-09-24,193976.15,0.0,0.0,255259.65,0.0,0.0,0.0,449235.8,3.3
C100095,2026-09-25,193972.85,0.0,0.0,255259.65,0.0,0.0,0.0,449232.5,0.0
C100095,2026-09-28,193972.85,0.0,0.0,255259.65,3499.31,874.83,4374.14,444858.36,18.67
C100095,2026-09-29,193954.18,50000.0,0.0,255259.65,0.0,0.0,0.0,499213.83,0.0
C100095,2026-09-30,243954.18,0.0,0.0,255259.65,364.65,91.16,455.81,498758.02,113.15
C100095,2026-10-01,243841.03,10000.0,0.0,255259.65,0.0,0.0,0.0,509100.68,29.59
C100095,2026-10-02,253811.44,0.0,25381.14,255259.65,3432.2,858.05,4290.25,479399.7,18.31
C100095,2026-10-05,228411.99,0.0,0.0,255259.65,9435.78,2358.94,11794.72,471876.92,79.77
C100096,2026-09-08,658802.77,10000.0,0.0,385806.36,0.0,0.0,0.0,1054609.13,0.0
C100096,2026-09-09,668802.77,50000.0,66880.28,385806.36,0.0,0.0,0.0,1037728.85,0.0
C100096,2026-09-10,651922.49,50000.0,0.0,385806.36,0.0,0.0,0.0,1087728.85,0.0
C100096,2026-09-11,701922.49,0.0,0.0,385806.36,0.0,0.0,0.0,1087728.85,0.0
C100096,2026-09-14,701922.49,10000.0,70192.25,385806.36,0.0,0.0,0.0,1027536.6,6.06
C100096,2026-09-15,641724.18,10000.0,0.0,385806.36,0.0,0.0,0.0,1037530.54,166.19
C100096,2026-09-16,651557.99,10000.0,0.0,385806.36,276.44,69.11,345.55,1047018.8,0.96
C100096,2026-09-17,661557.03,100000.0,0.0,385806.36,20704.36,5176.09,25880.45,1121482.94,89.85
C100096,2026-09-18,761467.18,10000.0,0.0,385806.36,0.0,0.0,0.0,1157273.54,0.0
C100096,2026-09-21,771467.18,100000.0,0.0,385806.36,0.0,0.0,0.0,1257273.54,24.18
C100096,2026-09-22,871443.0,0.0,0.0,385806.36,0.0,0.0,0.0,1257249.36,22.38
C100096,2026-09-23,871420.62,0.0,0.0,385806.36,0.0,0.0,0.0,1257226.98,35.65
C100096,2026-09-24,871384.97,0.0,0.0,385806.36,4684.84,1171.21,5856.05,1251335.28,24.99
C100096,2026-09-25,871359.98,10000.0,0.0,385806.36,10577.63,2644.41,13222.04,1253944.3,37.04
C100096,2026-09-28,881322.94,0.0,0.0,385806.36,2117.94,529.49,2647.43,1264481.87,10.21
C100096,2026-09-29,881312.73,0.0,0.0,385806.36,0.0,0.0,0.0,1267119.09,0.0
C100096,2026-09-30,881312.73,50000.0,88131.27,385806.36,13441.84,3360.46,16802.3,1212185.52,49.8
C100096,2026-10-01,843131.66,10000.0,0.0,385806.36,1368.46,342.11,1710.57,1237227.45,46.37
C100096,2026-10-02,853085.29,50000.0,0.0,385806.36,0.0,0.0,0.0,1288891.65,73.99
C100096,2026-10-05,903011.3,0.0,0.0,385806.36,0.0,0.0,0.0,1288817.66,0.0
C100097,2026-09-08,569922.89,100000.0,0.0,457275.97,0.0,0.0,0.0,1127198.86,0.0
C100097,2026-09-09,669922.89,0.0,0.0,457275.97,0.0,0.0,0.0,1127198.86,0.0
C100097,2026-09-10,669922.89,0.0,0.0,457275.97,0.0,0.0,0.0,1127198.86,0.0
C100097,2026-09-11,669922.89,10000.0,0.0,457275.97,18695.68,4673.92,23369.6,1113829.26,94.65
C100097,2026-09-14,679828.24,0.0,67982.82,457275.97,0.0,0.0,0.0,1069121.39,0.0
C100097,2026-09-15,611845.42,0.0,0.0,457275.97,0.0,0.0,0.0,1069121.39,0.0
C100097,2026-09-16,611845.42,0.0,61184.54,457275.97,0.0,0.0,0.0,1007936.85,0.0
C100097,2026-09-17,550660.88,0.0,0.0,457275.97,6944.01,1736.0,8680.01,999256.84,57.31
C100097,2026-09-18,550603.57,0.0,0.0,457275.97,3113.8,778.45,3892.25,1003987.29,16.61
C100097,2026-09-21,550586.96,100000.0,55058.7,457275.97,1667.52,416.88,2084.4,1050719.83,8.9
C100097,2026-09-22,595519.36,0.0,0.0,457275.97,0.0,0.0,0.0,1052795.33,0.0
C100097,2026-09-23,595519.36,100000.0,0.0,457275.97,0.0,0.0,0.0,1152795.33,0.0
C100097,2026-09-24,695519.36,0.0,0.0,457275.97,1074.54,268.63,1343.17,1151452.16,4.76
C100097,2026-09-25,695514.6,50000.0,69551.46,457275.97,0.0,0.0,0.0,1133239.11,0.0
C100097,2026-09-28,675963.14,100000.0,0.0,457275.97,0.0,0.0,0.0,1233239.11,0.0
C100097,2026-09-29,775963.14,10000.0,0.0,457275.97,0.0,0.0,0.0,1243239.11,14.84
C100097,2026-09-30,785948.3,0.0,0.0,457275.97,0.0,0.0,0.0,1243224.27,0.0
C100097,2026-10-01,785948.3,10000.0,78594.83,457275.97,0.0,0.0,0.0,1174629.44,0.0
C100097,2026-10-02,717353.47,100000.0,0.0,457275.97,4205.76,1051.44,5257.2,1269372.24,22.44
C100097,2026-10-05,817331.03,0.0,0.0,457275.97,2135.71,533.93,2669.64,1271937.36,38.73
C100098,2026-09-08,259723.07,10000.0,0.0,467628.0,4345.69,1086.42,5432.11,731918.96,18.15
C100098,2026-09-09,269704.92,0.0,26970.49,467628.0,0.0,0.0,0.0,710362.43,47.52
C100098,2026-09-10,242686.91,10000.0,0.0,467628.0,0.0,0.0,0.0,720314.91,0.0
C100098,2026-09-11,252686.91,0.0,0.0,467628.0,0.0,0.0,0.0,720314.91,0.0
C100098,2026-09-14,252686.91,50000.0,0.0,467628.0,0.0,0.0,0.0,770314.91,0.0
C100098,2026-09-15,302686.91,0.0,30268.69,467628.0,6911.61,1727.9,8639.51,731406.71,24.21
C100098,2026-09-16,272394.01,100000.0,0.0,467628.0,0.0,0.0,0.0,840022.01,10.99
C100098,2026-09-17,372383.02,0.0,0.0,467628.0,7423.66,1855.91,9279.57,830731.45,25.99
C100098,2026-09-18,372357.03,100000.0,37235.7,467628.0,0.0,0.0,0.0,902749.33,0.0
C100098,2026-09-21,435121.33,0.0,0.0,467628.0,0.0,0.0,0.0,902749.33,0.0
C100098,2026-09-22,435121.33,100000.0,0.0,467628.0,0.0,0.0,0.0,1002749.33,3.61
C100098,2026-09-23,535117.72,0.0,53511.77,467628.0,0.0,0.0,0.0,949233.95,0.0
C100098,2026-09-24,481605.95,100000.0,48160.6,467628.0,612.79,153.2,765.99,1000307.36,124.18
C100098,2026-09-25,533321.17,10000.0,53332.12,467628.0,0.0,0.0,0.0,957617.05,42.66
C100098,2026-09-28,489946.39,0.0,48994.64,467628.0,0.0,0.0,0.0,908579.75,0.0
C100098,2026-09-29,440951.75,100000.0,0.0,467628.0,338.69,84.67,423.36,1008156.39,1.81
C100098,2026-09-30,540949.94,0.0,0.0,467628.0,0.0,0.0,0.0,1008577.94,162.81
C100098,2026-10-01,540787.13,0.0,0.0,467628.0,8465.43,2116.36,10581.79,997833.34,45.17
C100098,2026-10-02,540741.96,0.0,0.0,467628.0,5638.7,1409.68,7048.38,1001321.58,30.08
C100098,2026-10-05,540711.88,10000.0,0.0,467628.0,0.0,0.0,0.0,1018339.88,53.49
C100099,2026-09-08,56128.86,50000.0,0.0,642279.42,0.0,0.0,0.0,748408.28,74.91
C100099,2026-09-09,106053.95,100000.0,10605.4,642279.42,15958.72,3989.68,19948.4,817779.57,101.73
C100099,2026-09-10,195346.82,0.0,0.0,642279.42,0.0,0.0,0.0,837626.24,0.0
C100099,2026-09-11,195346.82,100000.0,0.0,642279.42,1647.95,411.99,2059.94,935566.3,8.79
C100099,2026-09-14,295338.03,0.0,0.0,642279.42,0.0,0.0,0.0,937617.45,0.0
C100099,2026-09-15,295338.03,50000.0,29533.8,642279.42,3960.0,990.0,4950.0,953133.65,21.12
C100099,2026-09-16,315783.11,50000.0,31578.31,642279.42,1736.16,434.04,2170.2,974314.02,6.08
C100099,2026-09-17,334198.72,10000.0,0.0,642279.42,774.02,193.5,967.52,985510.62,2.71
C100099,2026-09-18,344196.01,0.0,34419.6,642279.42,0.0,0.0,0.0,952055.83,0.0
C100099,2026-09-21,309776.41,10000.0,0.0,642279.42,8460.44,2115.11,10575.55,951480.28,45.14
C100099,2026-09-22,319731.27,0.0,0.0,642279.42,1488.04,372.01,1860.05,960150.64,7.94
C100099,2026-09-23,319723.33,0.0,0.0,642279.42,0.0,0.0,0.0,962002.75,0.0
C100099,2026-09-24,319723.33,10000.0,0.0,642279.42,0.0,0.0,0.0,972002.75,165.51
C100099,2026-09-25,329557.82,10000.0,0.0,642279.42,0.0,0.0,0.0,981837.24,0.0
C100099,2026-09-28,339557.82,50000.0,0.0,642279.42,0.0,0.0,0.0,1031837.24,0.0
C100099,2026-09-29,389557.82,0.0,38955.78,642279.42,688.63,172.16,860.79,992020.67,3.67
C100099,2026-09-30,350598.37,100000.0,0.0,642279.42,0.0,0.0,0.0,1092877.79,0.0
C100099,2026-10-01,450598.37,10000.0,0.0,642279.42,0.0,0.0,0.0,1102877.79,123.54
C100099,2026-10-02,460474.83,10000.0,0.0,642279.42,16759.93,4189.98,20949.91,1091804.34,99.06
C100099,2026-10-05,470375.77,0.0,0.0,642279.42,5370.39,1342.6,6712.99,1105942.2,197.39
C100100,2026-09-08,47771.94,50000.0,0.0,186817.24,0.0,0.0,0.0,284589.18,115.1
C100100,2026-09-09,97656.84,10000.0,9765.68,186817.24,5891.74,1472.93,7364.67,277343.73,20.63
C100100,2026-09-10,97870.53,0.0,9787.05,186817.24,0.0,0.0,0.0,274900.72,0.0
C100100,2026-09-11,88083.48,100000.0,0.0,186817.24,1617.33,404.33,2021.66,372879.06,5.67
C100100,2026-09-14,188077.81,100000.0,18807.78,186817.24,0.0,0.0,0.0,456087.27,167.5
C100100,2026-09-15,269102.53,10000.0,0.0,186817.24,0.0,0.0,0.0,465919.77,0.0
C100100,2026-09-16,279102.53,0.0,27910.25,186817.24,0.0,0.0,0.0,438009.52,0.0
C100100,2026-09-17,251192.28,0.0,25119.23,186817.24,0.0,0.0,0.0,412890.29,0.0
C100100,2026-09-18,226073.05,0.0,0.0,186817.24,0.0,0.0,0.0,412890.29,0.0
C100100,2026-09-21,226073.05,50000.0,0.0,186817.24,653.08,163.27,816.35,462073.94,7.74
C100100,2026-09-22,276065.31,10000.0,0.0,186817.24,0.0,0.0,0.0,472882.55,53.22
C100100,2026-09-23,286012.09,10000.0,0.0,186817.24,0.0,0.0,0.0,482829.33,0.0
C100100,2026-09-24,296012.09,0.0,29601.21,186817.24,0.0,0.0,0.0,453228.12,0.0
C100100,2026-09-25,266410.88,0.0,0.0,186817.24,0.0,0.0,0.0,453228.12,0.0
C100100,2026-09-28,266410.88,0.0,0.0,186817.24,0.0,0.0,0.0,453228.12,12.67
C100100,2026-09-29,266398.21,0.0,26639.82,186817.24,3373.46,843.37,4216.83,422358.8,99.91
C100100,2026-09-30,239658.48,0.0,0.0,186817.24,11447.69,2861.92,14309.61,412166.11,128.78
C100100,2026-10-01,239529.7,100000.0,23952.97,186817.24,0.0,0.0,0.0,502393.97,27.78
C100100,2026-10-02,315548.95,50000.0,0.0,186817.24,556.1,139.02,695.12,551671.07,146.78
C100100,2026-10-05,365402.17,10000.0,0.0,186817.24,1141.8,285.45,1427.25,560792.16,4.55
C100101,2026-09-08,47863.11,0.0,0.0,450469.94,0.0,0.0,0.0,498333.05,0.0
C100101,2026-09-09,47863.11,0.0,0.0,450469.94,5669.54,1417.38,7086.92,491246.13,19.85
C100101,2026-09-10,47843.26,10000.0,0.0,450469.94,10160.94,2540.24,12701.18,495612.02,38.18
C100101,2026-09-11,57805.08,0.0,0.0,450469.94,8402.6,2100.65,10503.25,497771.77,44.83
C100101,2026-09-14,57760.25,0.0,0.0,450469.94,14254.2,3563.55,17817.75,490412.44,49.66
C100101,2026-09-15,57710.59,10000.0,5771.06,450469.94,4292.1,1073.02,5365.12,507044.35,98.7
C100101,2026-09-16,61840.83,100000.0,6184.08,450469.94,415.52,103.88,519.4,605607.29,2.22
C100101,2026-09-17,155654.53,50000.0,0.0,450469.94,11413.44,2853.36,14266.8,641857.67,50.66
C100101,2026-09-18,205603.87,100000.0,20560.39,450469.94,502.92,125.73,628.65,734884.77,43.58
C100101,2026-09-21,284999.9,50000.0,0.0,450469.94,430.94,107.74,538.68,784931.16,2.3
C100101,2026-09-22,334997.6,10000.0,33499.76,450469.94,3141.07,785.27,3926.34,758041.44,80.72
C100101,2026-09-23,311417.12,10000.0,0.0,450469.94,0.0,0.0,0.0,771887.06,47.48
C100101,2026-09-24,321369.64,0.0,0.0,450469.94,0.0,0.0,0.0,771839.58,7.78
C100101,2026-09-25,321361.86,50000.0,0.0,450469.94,11777.6,2944.4,14722.0,807109.8,219.24
C100101,2026-09-28,371142.62,0.0,0.0,450469.94,6789.23,1697.31,8486.54,813126.02,24.45
C100101,2026-09-29,371118.17,10000.0,37111.82,450469.94,0.0,0.0,0.0,794476.29,27.84
C100101,2026-09-30,343978.51,100000.0,0.0,450469.94,6353.9,1588.47,7942.37,886506.08,32.43
C100101,2026-10-01,443946.08,0.0,0.0,450469.94,0.0,0.0,0.0,894416.02,0.0
C100101,2026-10-02,443946.08,0.0,0.0,450469.94,0.0,0.0,0.0,894416.02,0.0
C100101,2026-10-05,443946.08,0.0,0.0,450469.94,0.0,0.0,0.0,894416.02,0.0
C100102,2026-09-08,122567.58,0.0,0.0,387513.54,0.0,0.0,0.0,510081.12,27.71
C100102,2026-09-09,122539.87,100000.0,0.0,387513.54,3406.55,851.64,4258.19,605795.22,11.93
C100102,2026-09-10,222527.94,10000.0,0.0,387513.54,0.0,0.0,0.0,620041.48,0.0
C100102,2026-09-11,232527.94,10000.0,0.0,387513.54,0.0,0.0,0.0,630041.48,0.0
C100102,2026-09-14,242527.94,100000.0,0.0,387513.54,0.0,0.0,0.0,730041.48,0.0
C100102,2026-09-15,342527.94,0.0,0.0,387513.54,1040.85,260.21,1301.06,728740.42,32.78
C100102,2026-09-16,342495.16,0.0,0.0,387513.54,0.0,0.0,0.0,730008.7,91.16
C100102,2026-09-17,342404.0,10000.0,34240.4,387513.54,0.0,0.0,0.0,705677.14,0.0
C100102,2026-09-18,318163.6,10000.0,0.0,387513.54,0.0,0.0,0.0,715677.14,181.33
C100102,2026-09-21,327982.27,0.0,0.0,387513.54,9514.6,2378.65,11893.25,703602.56,169.47
C100102,2026-09-22,327812.8,100000.0,0.0,387513.54,1485.72,371.43,1857.15,813469.19,18.59
C100102,2026-09-23,427794.21,50000.0,0.0,387513.54,280.97,70.24,351.21,864956.54,0.98
C100102,2026-09-24,477793.23,0.0,0.0,387513.54,0.0,0.0,0.0,865306.77,0.0
C100102,2026-09-25,477793.23,0.0,0.0,387513.54,0.0,0.0,0.0,865306.77,0.0
C100102,2026-09-28,477793.23,0.0,0.0,387513.54,0.0,0.0,0.0,865306.77,27.2
C100102,2026-09-29,477766.03,0.0,0.0,387513.54,0.0,0.0,0.0,865279.57,0.0
C100102,2026-09-30,477766.03,100000.0,47776.6,387513.54,9335.9,2333.97,11669.87,905833.1,47.61
C100102,2026-10-01,529941.82,0.0,0.0,387513.54,651.74,162.94,814.68,916640.68,2.28
C100102,2026-10-02,529939.54,100000.0,0.0,387513.54,0.0,0.0,0.0,1017453.08,166.16
C100102,2026-10-05,629773.38,10000.0,62977.34,387513.54,0.0,0.0,0.0,964309.58,0.0
C100103,2026-09-08,23610.94,0.0,2361.09,448336.75,3839.58,959.89,4799.47,464787.13,20.48
C100103,2026-09-09,21229.37,0.0,0.0,448336.75,290.83,72.71,363.54,469202.58,58.3
C100103,2026-09-10,21171.07,0.0,0.0,448336.75,0.0,0.0,0.0,469507.82,0.0
C100103,2026-09-11,21171.07,50000.0,2117.11,448336.75,0.0,0.0,0.0,517390.71,0.0
C100103,2026-09-14,69053.96,10000.0,0.0,448336.75,9084.89,2271.22,11356.11,516034.6,56.26
C100103,2026-09-15,78997.7,0.0,0.0,448336.75,17237.56,4309.39,21546.95,505787.5,39.9
C100103,2026-09-16,78957.8,50000.0,7895.78,448336.75,0.0,0.0,0.0,569398.77,29.59
C100103,2026-09-17,121032.43,0.0,0.0,448336.75,0.0,0.0,0.0,569369.18,0.0
C100103,2026-09-18,121032.43,0.0,12103.24,448336.75,13890.44,3472.61,17363.05,539902.89,43.29
C100103,2026-09-21,108885.9,100000.0,0.0,448336.75,0.0,0.0,0.0,657222.65,0.0
C100103,2026-09-22,208885.9,10000.0,0.0,448336.75,0.0,0.0,0.0,667222.65,0.0
C100103,2026-09-23,218885.9,10000.0,0.0,448336.75,1334.13,333.53,1667.66,675554.99,7.11
C100103,2026-09-24,228878.79,10000.0,0.0,448336.75,0.0,0.0,0.0,687215.54,0.0
C100103,2026-09-25,238878.79,0.0,0.0,448336.75,0.0,0.0,0.0,687215.54,0.0
C100103,2026-09-28,238878.79,100000.0,0.0,448336.75,0.0,0.0,0.0,787215.54,29.0
C100103,2026-09-29,338849.79,0.0,0.0,448336.75,8460.15,2115.04,10575.19,776611.35,45.05
C100103,2026-09-30,338804.74,0.0,33880.47,448336.75,0.0,0.0,0.0,753261.02,0.0
C100103,2026-10-01,304924.27,0.0,30492.43,448336.75,0.0,0.0,0.0,722768.59,8.23
C100103,2026-10-02,274423.61,100000.0,0.0,448336.75,0.0,0.0,0.0,822760.36,219.7
C100103,2026-10-05,374203.91,10000.0,0.0,448336.75,0.0,0.0,0.0,832540.66,0.0
C100104,2026-09-08,272730.37,0.0,0.0,277042.04,0.0,0.0,0.0,549772.41,35.76
C100104,2026-09-09,272694.61,0.0,0.0,277042.04,0.0,0.0,0.0,549736.65,0.0
C100104,2026-09-10,272694.61,0.0,0.0,277042.04,0.0,0.0,0.0,549736.65,216.17
C100104,2026-09-11,272478.44,0.0,0.0,277042.04,3156.23,789.06,3945.29,545575.19,16.84
C100104,2026-09-14,272461.6,0.0,0.0,277042.04,0.0,0.0,0.0,549503.64,0.0
C100104,2026-09-15,272461.6,100000.0,27246.16,277042.04,0.0,0.0,0.0,622257.48,0.0
C100104,2026-09-16,345215.44,0.0,0.0,277042.04,0.0,0.0,0.0,622257.48,1.1
C100104,2026-09-17,345214.34,100000.0,0.0,277042.04,594.68,148.67,743.35,721513.03,80.66
C100104,2026-09-18,445133.68,100000.0,0.0,277042.04,1982.37,495.59,2477.96,819697.76,34.78
C100104,2026-09-21,545098.9,0.0,0.0,277042.04,2872.82,718.21,3591.03,818549.91,10.06
C100104,2026-09-22,545088.84,0.0,0.0,277042.04,4555.97,1138.99,5694.96,816435.92,24.31
C100104,2026-09-23,545064.53,50000.0,54506.45,277042.04,3950.52,987.63,4938.15,812661.97,53.68
C100104,2026-09-24,540504.4,100000.0,0.0,277042.04,6899.26,1724.81,8624.07,908922.37,24.16
C100104,2026-09-25,640480.24,10000.0,0.0,277042.04,9042.22,2260.56,11302.78,916219.5,199.23
C100104,2026-09-28,650281.01,0.0,0.0,277042.04,1401.83,350.46,1752.29,925570.76,10.61
C100104,2026-09-29,650270.4,0.0,0.0,277042.04,5083.21,1270.8,6354.01,920958.43,27.13
C100104,2026-09-30,650243.27,50000.0,0.0,277042.04,0.0,0.0,0.0,977285.31,1.84
C100104,2026-10-01,700241.43,0.0,0.0,277042.04,0.0,0.0,0.0,977283.47,0.0
C100104,2026-10-02,700241.43,0.0,0.0,277042.04,3497.99,874.5,4372.49,972910.98,14.78
C100104,2026-10-05,700226.65,0.0,0.0,277042.04,2982.16,745.54,3727.7,973540.99,55.75
C100105,2026-09-08,166007.04,50000.0,16600.7,805076.19,716.22,179.06,895.28,1003587.25,38.39
C100105,2026-09-09,199367.95,0.0,0.0,805076.19,0.0,0.0,0.0,1004444.14,277.19
C100105,2026-09-10,199090.76,50000.0,0.0,805076.19,0.0,0.0,0.0,1054166.95,6.22
C100105,2026-09-11,249084.54,100000.0,0.0,805076.19,0.0,0.0,0.0,1154160.73,63.19
C100105,2026-09-14,349021.35,100000.0,34902.14,805076.19,22382.98,5595.74,27978.72,1191216.68,107.59
C100105,2026-09-15,414011.62,0.0,41401.16,805076.19,0.0,0.0,0.0,1177686.65,82.44
C100105,2026-09-16,372528.02,10000.0,0.0,805076.19,2744.9,686.22,3431.12,1184173.09,12.01
C100105,2026-09-17,382516.01,100000.0,0.0,805076.19,17276.6,4319.15,21595.75,1265996.45,84.51
C100105,2026-09-18,482431.5,50000.0,0.0,805076.19,0.0,0.0,0.0,1337507.69,0.0
C100105,2026-09-21,532431.5,100000.0,0.0,805076.19,467.96,116.99,584.95,1436922.74,1.64
C100105,2026-09-22,632429.86,100000.0,0.0,805076.19,0.0,0.0,0.0,1537506.05,0.0
C100105,2026-09-23,732429.86,0.0,0.0,805076.19,18188.96,4547.24,22736.2,1514769.85,48.02
C100105,2026-09-24,732381.84,0.0,0.0,805076.19,0.0,0.0,0.0,1537458.03,238.19
C100105,2026-09-25,732143.65,50000.0,0.0,805076.19,1554.67,388.67,1943.34,1585276.5,5.44
C100105,2026-09-28,782138.21,50000.0,78213.82,805076.19,5729.22,1432.3,7161.52,1551839.06,28.18
C100105,2026-09-29,753896.21,0.0,75389.62,805076.19,0.0,0.0,0.0,1483582.78,155.52
C100105,2026-09-30,678351.07,100000.0,0.0,805076.19,577.37,144.34,721.71,1582705.55,2.02
C100105,2026-10-01,778349.05,0.0,0.0,805076.19,0.0,0.0,0.0,1583425.24,0.0
C100105,2026-10-02,778349.05,100000.0,77834.91,805076.19,0.0,0.0,0.0,1605590.33,0.0
C100105,2026-10-05,800514.14,0.0,0.0,805076.19,2793.66,698.41,3492.07,1602098.26,24.17
C100106,2026-09-08,517268.25,10000.0,0.0,506790.04,0.0,0.0,0.0,1034058.29,199.87
C100106,2026-09-09,527068.38,0.0,0.0,506790.04,0.0,0.0,0.0,1033858.42,31.66
C100106,2026-09-10,527036.72,0.0,52703.67,506790.04,0.0,0.0,0.0,981123.09,17.38
C100106,2026-09-11,474315.67,10000.0,0.0,506790.04,0.0,0.0,0.0,991105.71,0.0
C100106,2026-09-14,484315.67,50000.0,0.0,506790.04,9262.0,2315.5,11577.5,1029528.21,40.66
C100106,2026-09-15,534275.01,50000.0,0.0,506790.04,0.0,0.0,0.0,1091065.05,207.02
C100106,2026-09-16,584067.99,10000.0,0.0,506790.04,0.0,0.0,0.0,1100858.03,93.58
C100106,2026-09-17,593974.41,0.0,0.0,506790.04,0.0,0.0,0.0,1100764.45,12.22
C100106,2026-09-18,593962.19,0.0,59396.22,506790.04,0.0,0.0,0.0,1041356.01,0.0
C100106,2026-09-21,534565.97,10000.0,53456.6,506790.04,1498.66,374.67,1873.33,996026.08,30.82
C100106,2026-09-22,491078.55,10000.0,0.0,506790.04,0.0,0.0,0.0,1007868.59,0.0
C100106,2026-09-23,501078.55,0.0,0.0,506790.04,0.0,0.0,0.0,1007868.59,0.0
C100106,2026-09-24,501078.55,100000.0,50107.86,506790.04,27233.21,6808.3,34041.51,1023719.22,121.44
C100106,2026-09-25,550849.25,10000.0,55084.92,506790.04,353.84,88.46,442.3,1012112.07,80.24
C100106,2026-09-28,505684.09,50000.0,0.0,506790.04,0.0,0.0,0.0,1062474.13,0.0
C100106,2026-09-29,555684.09,10000.0,0.0,506790.04,0.0,0.0,0.0,1072474.13,0.0
C100106,2026-09-30,565684.09,0.0,0.0,506790.04,0.0,0.0,0.0,1072474.13,118.62
C100106,2026-10-01,565565.47,100000.0,0.0,506790.04,9312.97,2328.24,11641.21,1160714.3,32.62
C100106,2026-10-02,665532.85,10000.0,0.0,506790.04,0.0,0.0,0.0,1182322.89,0.0
C100106,2026-10-05,675532.85,10000.0,0.0,506790.04,16193.99,4048.5,20242.49,1172080.4,55.76
C100107,2026-09-08,75255.16,10000.0,0.0,509011.36,0.0,0.0,0.0,594266.52,0.0
C100107,2026-09-09,85255.16,0.0,8525.52,509011.36,9135.08,2283.77,11418.85,574322.15,193.21
C100107,2026-09-10,76536.43,100000.0,0.0,509011.36,1026.18,256.55,1282.73,684265.06,3.6
C100107,2026-09-11,176532.83,0.0,17653.28,509011.36,11096.32,2774.08,13870.4,654020.51,50.07
C100107,2026-09-14,158829.48,0.0,15882.95,509011.36,584.94,146.23,731.17,651226.72,3.12
C100107,2026-09-15,142943.41,100000.0,0.0,509011.36,2418.07,604.52,3022.59,748932.18,8.46
C100107,2026-09-16,242934.95,10000.0,0.0,509011.36,0.0,0.0,0.0,761946.31,20.43
C100107,2026-09-17,252914.52,0.0,0.0,509011.36,0.0,0.0,0.0,761925.88,0.0
C100107,2026-09-18,252914.52,0.0,0.0,509011.36,0.0,0.0,0.0,761925.88,154.03
C100107,2026-09-21,252760.49,50000.0,0.0,509011.36,11061.27,2765.32,13826.59,797945.26,38.73
C100107,2026-09-22,302721.76,0.0,0.0,509011.36,0.0,0.0,0.0,811733.12,0.0
C100107,2026-09-23,302721.76,0.0,30272.18,509011.36,0.0,0.0,0.0,781460.94,2.8
C100107,2026-09-24,272446.78,50000.0,0.0,509011.36,5327.35,1331.84,6659.19,824798.95,25.49
C100107,2026-09-25,322421.29,0.0,0.0,509011.36,6615.83,1653.96,8269.79,823162.86,150.45
C100107,2026-09-28,322270.84,0.0,0.0,509011.36,0.0,0.0,0.0,831282.2,30.64
C100107,2026-09-29,322240.2,50000.0,32224.02,509011.36,0.0,0.0,0.0,849027.54,0.0
C100107,2026-09-30,340016.18,50000.0,0.0,509011.36,0.0,0.0,0.0,899027.54,177.43
C100107,2026-10-01,389838.75,0.0,0.0,509011.36,0.0,0.0,0.0,898850.11,17.02
C100107,2026-10-02,389821.73,10000.0,0.0,509011.36,20824.0,5206.0,26030.0,882803.09,79.01
C100107,2026-10-05,399742.72,0.0,0.0,509011.36,291.49,72.87,364.36,908389.72,1.02
C100108,2026-09-08,284791.77,100000.0,0.0,401666.48,0.0,0.0,0.0,786458.25,86.61
C100108,2026-09-09,384705.16,50000.0,0.0,401666.48,0.0,0.0,0.0,836371.64,51.25
C100108,2026-09-10,434653.91,0.0,0.0,401666.48,3945.1,986.28,4931.38,831389.01,28.36
C100108,2026-09-11,434625.55,0.0,0.0,401666.48,8220.89,2055.22,10276.11,826015.92,28.79
C100108,2026-09-14,434596.76,0.0,0.0,401666.48,0.0,0.0,0.0,836263.24,0.0
C100108,2026-09-15,434596.76,50000.0,0.0,401666.48,0.0,0.0,0.0,886263.24,0.0
C100108,2026-09-16,484596.76,100000.0,0.0,401666.48,2263.57,565.89,2829.46,983433.78,96.64
C100108,2026-09-17,584500.12,0.0,58450.01,401666.48,0.0,0.0,0.0,927716.59,44.88
C100108,2026-09-18,526005.23,100000.0,52600.52,401666.48,3168.33,792.08,3960.41,971110.78,16.91
C100108,2026-09-21,573387.8,0.0,0.0,401666.48,8974.68,2243.67,11218.35,963835.93,34.76
C100108,2026-09-22,573353.04,0.0,0.0,401666.48,0.0,0.0,0.0,975019.52,0.0
C100108,2026-09-23,573353.04,0.0,0.0,401666.48,2965.97,741.49,3707.46,971312.06,42.46
C100108,2026-09-24,573310.58,0.0,0.0,401666.48,1659.01,414.75,2073.76,972903.3,5.81
C100108,2026-09-25,573304.77,100000.0,0.0,401666.48,0.0,0.0,0.0,1074971.25,7.34
C100108,2026-09-28,673297.43,0.0,0.0,401666.48,807.48,201.87,1009.35,1073954.56,2.83
C100108,2026-09-29,673294.6,50000.0,0.0,401666.48,525.78,131.44,657.22,1124303.86,2.81
C100108,2026-09-30,723291.79,100000.0,0.0,401666.48,0.0,0.0,0.0,1224958.27,0.0
C100108,2026-10-01,823291.79,10000.0,82329.18,401666.48,0.0,0.0,0.0,1152629.09,221.42
C100108,2026-10-02,750741.19,0.0,75074.12,401666.48,7931.49,1982.87,9914.36,1067419.19,27.78
C100108,2026-10-05,675639.29,0.0,67563.93,401666.48,0.0,0.0,0.0,1009741.84,57.9
C100109,2026-09-08,18118.4,50000.0,0.0,482845.41,26092.68,6523.17,32615.85,518347.96,75.2
C100109,2026-09-09,68043.2,100000.0,0.0,482845.41,3776.57,944.14,4720.71,646167.9,18.52
C100109,2026-09-10,168024.68,100000.0,0.0,482845.41,0.0,0.0,0.0,750870.09,0.0
C100109,2026-09-11,268024.68,10000.0,0.0,482845.41,0.0,0.0,0.0,760870.09,0.0
C100109,2026-09-14,278024.68,10000.0,27802.47,482845.41,0.0,0.0,0.0,743067.62,0.0
C100109,2026-09-15,260222.21,100000.0,0.0,482845.41,0.0,0.0,0.0,843067.62,19.65
C100109,2026-09-16,360202.56,100000.0,0.0,482845.41,0.0,0.0,0.0,943047.97,0.0
C100109,2026-09-17,460202.56,10000.0,46020.26,482845.41,8620.19,2155.05,10775.24,896252.47,30.19
C100109,2026-09-18,424152.11,0.0,0.0,482845.41,5920.29,1480.07,7400.36,899597.16,31.59
C100109,2026-09-21,424120.52,50000.0,0.0,482845.41,0.0,0.0,0.0,956965.93,34.54
C100109,2026-09-22,474085.98,0.0,0.0,482845.41,5349.02,1337.26,6686.28,950245.11,28.53
C100109,2026-09-23,474057.45,10000.0,0.0,482845.41,0.0,0.0,0.0,966902.86,0.0
C100109,2026-09-24,484057.45,10000.0,48405.74,482845.41,17639.31,4409.83,22049.14,906447.98,219.68
C100109,2026-09-25,445432.03,0.0,44543.2,482845.41,7929.12,1982.28,9911.4,873822.84,30.74
C100109,2026-09-28,400858.09,0.0,0.0,482845.41,0.0,0.0,0.0,883703.5,84.9
C100109,2026-09-29,400773.19,10000.0,0.0,482845.41,0.0,0.0,0.0,893618.6,27.4
C100109,2026-09-30,410745.79,0.0,0.0,482845.41,1932.84,483.21,2416.05,891175.15,10.31
C100109,2026-10-01,410735.48,100000.0,0.0,482845.41,3467.88,866.97,4334.85,989246.04,18.5
C100109,2026-10-02,510716.98,0.0,0.0,482845.41,761.72,190.43,952.15,992610.24,2.66
C100109,2026-10-05,510714.32,100000.0,0.0,482845.41,1188.07,297.02,1485.09,1092074.64,4.17
C100110,2026-09-08,636294.89,0.0,63629.49,264130.48,12071.16,3017.79,15088.95,821706.93,45.86
C100110,2026-09-09,572619.54,0.0,0.0,264130.48,14003.71,3500.93,17504.64,819245.38,31.33
C100110,2026-09-10,572588.21,10000.0,0.0,264130.48,0.0,0.0,0.0,846718.69,0.0
C100110,2026-09-11,582588.21,100000.0,0.0,264130.48,3281.17,820.29,4101.46,942617.23,11.49
C100110,2026-09-14,682576.72,50000.0,68257.67,264130.48,0.0,0.0,0.0,928449.53,17.08
C100110,2026-09-15,664301.97,0.0,0.0,264130.48,7798.68,1949.67,9748.35,918684.1,115.81
C100110,2026-09-16,664186.16,0.0,0.0,264130.48,0.0,0.0,0.0,928316.64,19.72
C100110,2026-09-17,664166.44,0.0,0.0,264130.48,0.0,0.0,0.0,928296.92,0.0
C100110,2026-09-18,664166.44,0.0,66416.64,264130.48,0.0,0.0,0.0,861880.28,0.0
C100110,2026-09-21,597749.8,0.0,0.0,264130.48,0.0,0.0,0.0,861880.28,0.0
C100110,2026-09-22,597749.8,50000.0,59774.98,264130.48,0.0,0.0,0.0,852105.3,0.0
C100110,2026-09-23,587974.82,10000.0,0.0,264130.48,0.0,0.0,0.0,862105.3,0.0
C100110,2026-09-24,597974.82,0.0,59797.48,264130.48,8801.21,2200.3,11001.51,791306.31,43.13
C100110,2026-09-25,538134.21,0.0,53813.42,264130.48,11596.76,2899.19,14495.95,733955.32,35.23
C100110,2026-09-28,484285.56,50000.0,0.0,264130.48,0.0,0.0,0.0,798416.04,0.0
C100110,2026-09-29,534285.56,0.0,0.0,264130.48,0.0,0.0,0.0,798416.04,0.0
C100110,2026-09-30,534285.56,0.0,53428.56,264130.48,0.0,0.0,0.0,744987.48,0.0
C100110,2026-10-01,480857.0,0.0,0.0,264130.48,0.0,0.0,0.0,744987.48,0.0
C100110,2026-10-02,480857.0,100000.0,0.0,264130.48,13321.4,3330.35,16651.75,828335.73,60.03
C100110,2026-10-05,580796.97,50000.0,0.0,264130.48,894.83,223.71,1118.54,893808.91,3.13
C100111,2026-09-08,37610.59,0.0,0.0,265187.31,630.52,157.63,788.15,302009.75,2.21
C100111,2026-09-09,37608.38,10000.0,0.0,265187.31,0.0,0.0,0.0,312795.69,0.0
C100111,2026-09-10,47608.38,0.0,0.0,265187.31,0.0,0.0,0.0,312795.69,0.0
C100111,2026-09-11,47608.38,100000.0,4760.84,265187.31,0.0,0.0,0.0,408034.85,0.0
C100111,2026-09-14,142847.54,50000.0,14284.75,265187.31,21839.64,5459.91,27299.55,416450.55,105.34
C100111,2026-09-15,178457.45,10000.0,17845.75,265187.31,0.0,0.0,0.0,435799.01,6.67
C100111,2026-09-16,170605.03,0.0,0.0,265187.31,0.0,0.0,0.0,435792.34,0.0
C100111,2026-09-17,170605.03,0.0,0.0,265187.31,2361.88,590.47,2952.35,432839.99,147.26
C100111,2026-09-18,170457.77,0.0,0.0,265187.31,1073.71,268.43,1342.14,434302.94,3.75
C100111,2026-09-21,170454.02,10000.0,0.0,265187.31,0.0,0.0,0.0,445641.33,0.0
C100111,2026-09-22,180454.02,10000.0,0.0,265187.31,0.0,0.0,0.0,455641.33,0.0
C100111,2026-09-23,190454.02,10000.0,0.0,265187.31,20480.56,5120.14,25600.7,440040.63,43.05
C100111,2026-09-24,200410.97,0.0,0.0,265187.31,34038.82,8509.7,42548.52,423049.76,109.73
C100111,2026-09-25,200301.24,10000.0,0.0,265187.31,0.0,0.0,0.0,475488.55,0.0
C100111,2026-09-28,210301.24,10000.0,0.0,265187.31,5110.91,1277.73,6388.64,479099.91,40.85
C100111,2026-09-29,220260.39,100000.0,0.0,265187.31,0.0,0.0,0.0,585447.7,0.0
C100111,2026-09-30,320260.39,0.0,0.0,265187.31,0.0,0.0,0.0,585447.7,34.34
C100111,2026-10-01,320226.05,0.0,32022.6,265187.31,0.0,0.0,0.0,553390.76,0.0
C100111,2026-10-02,288203.45,100000.0,0.0,265187.31,1500.23,375.06,1875.29,651515.47,8.01
C100111,2026-10-05,388195.44,0.0,0.0,265187.31,951.37,237.84,1189.21,652193.54,5.08
C100112,2026-09-08,124877.6,0.0,0.0,393498.29,144.79,36.2,180.99,518194.9,203.35
C100112,2026-09-09,124674.25,10000.0,0.0,393498.29,2927.43,731.86,3659.29,524513.25,10.25
C100112,2026-09-10,134664.0,0.0,0.0,393498.29,0.0,0.0,0.0,528162.29,0.0
C100112,2026-09-11,134664.0,50000.0,0.0,393498.29,1687.86,421.96,2109.82,576052.47,5.91
C100112,2026-09-14,184658.09,100000.0,0.0,393498.29,2840.38,710.09,3550.47,674605.91,15.15
C100112,2026-09-15,284642.94,0.0,28464.29,393498.29,0.0,0.0,0.0,649676.94,180.14
C100112,2026-09-16,255998.51,100000.0,0.0,393498.29,0.0,0.0,0.0,749496.8,119.63
C100112,2026-09-17,355878.88,0.0,0.0,393498.29,0.0,0.0,0.0,749377.17,0.0
C100112,2026-09-18,355878.88,100000.0,35587.89,393498.29,15122.86,3780.71,18903.57,794885.71,116.98
C100112,2026-09-21,420174.01,100000.0,0.0,393498.29,5728.03,1432.01,7160.04,906512.26,175.37
C100112,2026-09-22,519998.64,100000.0,0.0,393498.29,949.32,237.33,1186.65,1012310.28,3.33
C100112,2026-09-23,619995.31,0.0,0.0,393498.29,14838.62,3709.66,18548.28,994945.32,64.15
C100112,2026-09-24,619931.16,10000.0,0.0,393498.29,22507.16,5626.79,28133.95,995295.5,94.36
C100112,2026-09-25,629836.8,0.0,0.0,393498.29,1102.08,275.52,1377.6,1021957.49,5.88
C100112,2026-09-28,629830.92,0.0,0.0,393498.29,1461.18,365.29,1826.47,1021502.74,5.12
C100112,2026-09-29,629825.8,0.0,0.0,393498.29,334.69,83.67,418.36,1022905.73,198.35
C100112,2026-09-30,629627.45,0.0,62962.74,393498.29,2171.16,542.79,2713.95,957449.05,7.6
C100112,2026-10-01,566657.11,10000.0,0.0,393498.29,1986.26,496.57,2482.83,967672.57,84.79
C100112,2026-10-02,576572.32,50000.0,0.0,393498.29,0.0,0.0,0.0,1020070.61,50.46
C100112,2026-10-05,626521.86,0.0,62652.19,393498.29,0.0,0.0,0.0,957367.96,0.0
C100113,2026-09-08,291853.44,0.0,0.0,571542.34,0.0,0.0,0.0,863395.78,0.0
C100113,2026-09-09,291853.44,0.0,0.0,571542.34,0.0,0.0,0.0,863395.78,0.0
C100113,2026-09-10,291853.44,10000.0,0.0,571542.34,4219.02,1054.75,5273.77,868122.01,18.46
C100113,2026-09-11,301834.98,100000.0,0.0,571542.34,7347.45,1836.86,9184.31,964193.01,46.99
C100113,2026-09-14,401787.99,0.0,0.0,571542.34,882.85,220.71,1103.56,972226.77,30.19
C100113,2026-09-15,401757.8,10000.0,0.0,571542.34,0.0,0.0,0.0,983300.14,0.0
C100113,2026-09-16,411757.8,100000.0,0.0,571542.34,0.0,0.0,0.0,1083300.14,96.29
C100113,2026-09-17,511661.51,0.0,0.0,571542.34,0.0,0.0,0.0,1083203.85,0.0
C100113,2026-09-18,511661.51,0.0,0.0,571542.34,0.0,0.0,0.0,1083203.85,123.78
C100113,2026-09-21,511537.73,0.0,0.0,571542.34,0.0,0.0,0.0,1083080.07,0.0
C100113,2026-09-22,511537.73,50000.0,0.0,571542.34,4835.83,1208.96,6044.79,1127035.28,16.93
C100113,2026-09-23,561520.8,0.0,0.0,571542.34,0.0,0.0,0.0,1133063.14,3.24
C100113,2026-09-24,561517.56,10000.0,0.0,571542.34,6275.66,1568.92,7844.58,1135215.32,33.48
C100113,2026-09-25,571484.08,0.0,0.0,571542.34,6601.18,1650.29,8251.47,1134774.95,23.12
C100113,2026-09-28,571460.96,50000.0,0.0,571542.34,0.0,0.0,0.0,1193003.3,0.0
C100113,2026-09-29,621460.96,10000.0,62146.1,571542.34,0.0,0.0,0.0,1140857.2,0.0
C100113,2026-09-30,569314.86,50000.0,56931.49,571542.34,0.0,0.0,0.0,1133925.71,0.0
C100113,2026-10-01,562383.37,0.0,56238.34,571542.34,10683.2,2670.8,13354.0,1064333.37,56.57
C100113,2026-10-02,506088.46,100000.0,0.0,571542.34,625.34,156.33,781.67,1176849.13,3.33
C100113,2026-10-05,606085.13,10000.0,0.0,571542.34,8531.9,2132.98,10664.88,1176962.59,57.25
C100114,2026-09-08,192143.63,50000.0,0.0,213329.44,7762.23,1940.56,9702.79,445770.28,27.18
C100114,2026-09-09,242116.45,0.0,24211.65,213329.44,0.0,0.0,0.0,431234.24,0.0
C100114,2026-09-10,217904.8,0.0,0.0,213329.44,0.0,0.0,0.0,431234.24,0.0
C100114,2026-09-11,217904.8,0.0,21790.48,213329.44,0.0,0.0,0.0,409443.76,0.0
C100114,2026-09-14,196114.32,0.0,0.0,213329.44,0.0,0.0,0.0,409443.76,0.0
C100114,2026-09-15,196114.32,100000.0,0.0,213329.44,532.01,133.0,665.01,508778.75,2.84
C100114,2026-09-16,296111.48,0.0,0.0,213329.44,1038.31,259.58,1297.89,508143.03,5.54
C100114,2026-09-17,296105.94,0.0,0.0,213329.44,0.0,0.0,0.0,509435.38,0.0
C100114,2026-09-18,296105.94,50000.0,0.0,213329.44,648.49,162.12,810.61,558624.77,3.45
C100114,2026-09-21,346102.49,0.0,0.0,213329.44,1465.28,366.32,1831.6,557600.33,178.3
C100114,2026-09-22,345924.19,0.0,0.0,213329.44,0.0,0.0,0.0,559253.63,20.38
C100114,2026-09-23,345903.81,100000.0,0.0,213329.44,0.0,0.0,0.0,659233.25,28.05
C100114,2026-09-24,445875.76,100000.0,0.0,213329.44,0.0,0.0,0.0,759205.2,0.0
C100114,2026-09-25,545875.76,10000.0,54587.58,213329.44,2894.75,723.69,3618.44,710999.18,15.44
C100114,2026-09-28,501272.74,0.0,50127.27,213329.44,3635.28,908.82,4544.1,659930.81,12.73
C100114,2026-09-29,451132.74,0.0,0.0,213329.44,0.0,0.0,0.0,664462.18,56.74
C100114,2026-09-30,451076.0,0.0,0.0,213329.44,0.0,0.0,0.0,664405.44,71.48
C100114,2026-10-01,451004.52,0.0,45100.45,213329.44,5912.21,1478.05,7390.26,611843.25,39.03
C100114,2026-10-02,405865.04,10000.0,40586.5,213329.44,1452.05,363.01,1815.06,586792.92,7.75
C100114,2026-10-05,375270.79,0.0,0.0,213329.44,0.0,0.0,0.0,588600.23,128.4
C100115,2026-09-08,37014.7,10000.0,0.0,230305.42,487.02,121.75,608.77,276711.35,1.7
C100115,2026-09-09,47013.0,0.0,0.0,230305.42,9865.14,2466.28,12331.42,264987.0,36.65
C100115,2026-09-10,46976.35,0.0,0.0,230305.42,0.0,0.0,0.0,277281.77,109.39
C100115,2026-09-11,46866.96,100000.0,0.0,230305.42,0.0,0.0,0.0,377172.38,0.0
C100115,2026-09-14,146866.96,100000.0,0.0,230305.42,398.59,99.65,498.24,476674.14,2.13
C100115,2026-09-15,246864.83,10000.0,0.0,230305.42,0.0,0.0,0.0,487170.25,0.0
C100115,2026-09-16,256864.83,10000.0,25686.48,230305.42,0.0,0.0,0.0,471483.77,99.92
C100115,2026-09-17,241078.43,10000.0,0.0,230305.42,4993.21,1248.3,6241.51,475142.34,17.49
C100115,2026-09-18,251060.94,0.0,25106.09,230305.42,0.0,0.0,0.0,456260.27,0.0
C100115,2026-09-21,225954.85,0.0,0.0,230305.42,0.0,0.0,0.0,456260.27,86.7
C100115,2026-09-22,225868.15,10000.0,0.0,230305.42,5196.47,1299.12,6495.59,459677.98,18.2
C100115,2026-09-23,235849.95,100000.0,0.0,230305.42,0.0,0.0,0.0,566155.37,0.0
C100115,2026-09-24,335849.95,0.0,0.0,230305.42,0.0,0.0,0.0,566155.37,108.09
C100115,2026-09-25,335741.86,0.0,0.0,230305.42,0.0,0.0,0.0,566047.28,0.0
C100115,2026-09-28,335741.86,0.0,33574.19,230305.42,0.0,0.0,0.0,532473.09,29.55
C100115,2026-09-29,302138.12,0.0,30213.81,230305.42,10857.6,2714.4,13572.0,488657.73,29.59
C100115,2026-09-30,271894.72,10000.0,0.0,230305.42,3463.97,865.99,4329.96,507870.18,12.13
C100115,2026-10-01,281882.59,100000.0,0.0,230305.42,0.0,0.0,0.0,612188.01,0.0
C100115,2026-10-02,381882.59,0.0,38188.26,230305.42,2557.57,639.39,3196.96,570802.79,13.63
C100115,2026-10-05,343680.7,0.0,0.0,230305.42,1484.37,371.09,1855.46,572130.66,5.2
C100116,2026-09-08,51574.38,0.0,0.0,637202.93,0.0,0.0,0.0,688777.31,0.0
C100116,2026-09-09,51574.38,50000.0,0.0,637202.93,0.0,0.0,0.0,738777.31,0.0
C100116,2026-09-10,101574.38,50000.0,0.0,637202.93,0.0,0.0,0.0,788777.31,0.0
C100116,2026-09-11,151574.38,10000.0,0.0,637202.93,0.0,0.0,0.0,798777.31,0.0
C100116,2026-09-14,161574.38,100000.0,16157.44,637202.93,0.0,0.0,0.0,882619.87,0.0
C100116,2026-09-15,245416.94,10000.0,0.0,637202.93,870.91,217.73,1088.64,891531.23,79.62
C100116,2026-09-16,255337.32,50000.0,25533.73,637202.93,0.0,0.0,0.0,917006.52,0.0
C100116,2026-09-17,279803.59,100000.0,27980.36,637202.93,0.0,0.0,0.0,989026.16,18.31
C100116,2026-09-18,351804.92,10000.0,0.0,637202.93,0.0,0.0,0.0,999007.85,156.3
C100116,2026-09-21,361648.62,0.0,0.0,637202.93,8749.44,2187.36,10936.8,987914.75,96.07
C100116,2026-09-22,361552.55,100000.0,0.0,637202.93,0.0,0.0,0.0,1098755.48,0.0
C100116,2026-09-23,461552.55,10000.0,0.0,637202.93,0.0,0.0,0.0,1108755.48,0.0
C100116,2026-09-24,471552.55,50000.0,0.0,637202.93,0.0,0.0,0.0,1158755.48,0.0
C100116,2026-09-25,521552.55,0.0,52155.26,637202.93,412.18,103.04,515.22,1106085.0,2.2
C100116,2026-09-28,469395.09,100000.0,0.0,637202.93,13921.9,3480.47,17402.37,1189195.65,61.61
C100116,2026-09-29,569333.48,50000.0,0.0,637202.93,0.0,0.0,0.0,1256536.41,86.71
C100116,2026-09-30,619246.77,10000.0,61924.68,637202.93,0.0,0.0,0.0,1204525.02,0.0
C100116,2026-10-01,567322.09,50000.0,56732.21,637202.93,0.0,0.0,0.0,1197792.81,173.82
C100116,2026-10-02,560416.06,50000.0,0.0,637202.93,16407.71,4101.93,20509.64,1227109.35,32.66
C100116,2026-10-05,610383.4,100000.0,0.0,637202.93,0.0,0.0,0.0,1347586.33,0.0
C100117,2026-09-08,53392.21,10000.0,0.0,342752.5,183.98,46.0,229.98,405914.73,0.64
C100117,2026-09-09,63391.57,10000.0,0.0,342752.5,0.0,0.0,0.0,416144.07,0.0
C100117,2026-09-10,73391.57,0.0,0.0,342752.5,0.0,0.0,0.0,416144.07,0.0
C100117,2026-09-11,73391.57,0.0,0.0,342752.5,2062.49,515.62,2578.11,413565.96,116.01
C100117,2026-09-14,73275.56,50000.0,0.0,342752.5,1448.33,362.08,1810.41,464217.65,43.87
C100117,2026-09-15,123231.69,0.0,12323.17,342752.5,8949.99,2237.5,11187.49,442473.53,97.79
C100117,2026-09-16,110810.73,50000.0,0.0,342752.5,1997.82,499.45,2497.27,501065.96,128.39
C100117,2026-09-17,160682.34,100000.0,0.0,342752.5,0.0,0.0,0.0,603434.84,20.48
C100117,2026-09-18,260661.86,10000.0,26066.19,342752.5,0.0,0.0,0.0,587348.17,0.0
C100117,2026-09-21,244595.67,0.0,0.0,342752.5,13488.11,3372.03,16860.14,570488.03,70.47
C100117,2026-09-22,244525.2,100000.0,0.0,342752.5,0.0,0.0,0.0,687277.7,0.0
C100117,2026-09-23,344525.2,10000.0,0.0,342752.5,1440.65,360.16,1800.81,695476.89,5.05
C100117,2026-09-24,354520.15,0.0,35452.02,342752.5,1077.55,269.39,1346.94,660473.69,78.68
C100117,2026-09-25,318989.45,0.0,31898.95,342752.5,0.0,0.0,0.0,629843.0,129.76
C100117,2026-09-28,286960.74,50000.0,0.0,342752.5,1392.56,348.14,1740.7,677972.54,4.88
C100117,2026-09-29,336955.86,10000.0,0.0,342752.5,13457.07,3364.27,16821.34,672887.02,54.2
C100117,2026-09-30,346901.66,10000.0,34690.17,342752.5,0.0,0.0,0.0,664963.99,0.0
C100117,2026-10-01,322211.49,0.0,32221.15,342752.5,1020.73,255.18,1275.91,631466.93,3.57
C100117,2026-10-02,289986.77,0.0,0.0,342752.5,751.13,187.78,938.91,631800.36,4.01
C100117,2026-10-05,289982.76,50000.0,28998.28,342752.5,0.0,0.0,0.0,653736.98,0.0
C100118,2026-09-08,2776340.88,0.0,0.0,340728.67,0.0,0.0,0.0,3117069.55,0.0
C100118,2026-09-09,2776340.88,0.0,0.0,340728.67,0.0,0.0,0.0,3117069.55,115.89
C100118,2026-09-10,2776224.99,0.0,0.0,340728.67,0.0,0.0,0.0,3116953.66,0.0
C100118,2026-09-11,2776224.99,0.0,0.0,340728.67,7013.76,1753.44,8767.2,3108186.46,24.56
C100118,2026-09-14,2776200.43,0.0,277620.04,340728.67,0.0,0.0,0.0,2839309.06,13.71
C100118,2026-09-15,2498566.68,0.0,249856.67,340728.67,0.0,0.0,0.0,2589438.68,0.0
C100118,2026-09-16,2248710.01,100000.0,0.0,340728.67,4112.33,1028.08,5140.41,2684298.27,21.94
C100118,2026-09-17,2348688.07,0.0,234868.81,340728.67,4924.96,1231.24,6156.2,2448391.73,26.27
C100118,2026-09-18,2113792.99,0.0,211379.3,340728.67,4879.68,1219.92,6099.6,2237042.76,17.09
C100118,2026-09-21,1902396.6,0.0,0.0,340728.67,13703.4,3425.85,17129.25,2225996.02,71.03
C100118,2026-09-22,1902325.57,0.0,0.0,340728.67,0.0,0.0,0.0,2243054.24,0.0
C100118,2026-09-23,1902325.57,0.0,190232.56,340728.67,819.81,204.95,1024.76,2051796.92,4.37
C100118,2026-09-24,1712088.64,0.0,171208.86,340728.67,0.0,0.0,0.0,1881608.45,0.0
C100118,2026-09-25,1540879.78,0.0,154087.98,340728.67,17753.96,4438.49,22192.45,1705328.02,71.45
C100118,2026-09-28,1386720.35,0.0,0.0,340728.67,0.0,0.0,0.0,1727449.02,23.07
C100118,2026-09-29,1386697.28,100000.0,0.0,340728.67,9102.0,2275.5,11377.5,1816048.45,31.84
C100118,2026-09-30,1486665.44,0.0,0.0,340728.67,0.0,0.0,0.0,1827394.11,0.0
C100118,2026-10-01,1486665.44,50000.0,0.0,340728.67,0.0,0.0,0.0,1877394.11,0.0
C100118,2026-10-02,1536665.44,0.0,0.0,340728.67,0.0,0.0,0.0,1877394.11,0.0
C100118,2026-10-05,1536665.44,10000.0,0.0,340728.67,0.0,0.0,0.0,1887394.11,2.06
C100119,2026-09-08,115864.27,0.0,0.0,381537.29,0.0,0.0,0.0,497401.56,27.56
C100119,2026-09-09,115836.71,50000.0,0.0,381537.29,0.0,0.0,0.0,547374.0,0.0
C100119,2026-09-10,165836.71,100000.0,16583.67,381537.29,7314.0,1828.5,9142.5,621647.83,39.77
C100119,2026-09-11,249213.27,0.0,0.0,381537.29,0.0,0.0,0.0,630750.56,35.92
C100119,2026-09-14,249177.35,50000.0,0.0,381537.29,1413.28,353.32,1766.6,678948.04,4.95
C100119,2026-09-15,299172.4,10000.0,0.0,381537.29,777.6,194.4,972.0,689737.69,10.26
C100119,2026-09-16,309162.14,100000.0,0.0,381537.29,0.0,0.0,0.0,790699.43,0.0
C100119,2026-09-17,409162.14,10000.0,0.0,381537.29,803.88,200.97,1004.85,799694.58,4.29
C100119,2026-09-18,419157.85,0.0,0.0,381537.29,0.0,0.0,0.0,800695.14,0.0
C100119,2026-09-21,419157.85,50000.0,41915.79,381537.29,0.0,0.0,0.0,808779.35,0.0
C100119,2026-09-22,427242.06,100000.0,42724.21,381537.29,7501.92,1875.48,9377.4,856677.74,26.27
C100119,2026-09-23,484491.58,100000.0,0.0,381537.29,0.0,0.0,0.0,966028.87,33.43
C100119,2026-09-24,584458.15,50000.0,58445.82,381537.29,1240.73,310.18,1550.91,955998.71,4.35
C100119,2026-09-25,576007.98,0.0,57600.8,381537.29,0.0,0.0,0.0,899944.47,0.0
C100119,2026-09-28,518407.18,0.0,0.0,381537.29,0.0,0.0,0.0,899944.47,40.76
C100119,2026-09-29,518366.42,0.0,0.0,381537.29,0.0,0.0,0.0,899903.71,0.0
C100119,2026-09-30,518366.42,100000.0,51836.64,381537.29,0.0,0.0,0.0,948067.07,0.0
C100119,2026-10-01,566529.78,0.0,56652.98,381537.29,371.87,92.97,464.84,890949.25,1.3
C100119,2026-10-02,509875.5,0.0,50987.55,381537.29,0.0,0.0,0.0,840425.24,24.7
C100119,2026-10-05,458863.25,50000.0,0.0,381537.29,0.0,0.0,0.0,890400.54,0.0
C100120,2026-09-08,86778.53,0.0,0.0,441718.0,0.0,0.0,0.0,528496.53,176.79
C100120,2026-09-09,86601.74,0.0,0.0,441718.0,0.0,0.0,0.0,528319.74,37.62
C100120,2026-09-10,86564.12,50000.0,8656.41,441718.0,1596.82,399.2,1996.02,567629.69,8.52
C100120,2026-09-11,127899.19,10000.0,0.0,441718.0,0.0,0.0,0.0,579617.19,0.0
C100120,2026-09-14,137899.19,0.0,13789.92,441718.0,0.0,0.0,0.0,565827.27,49.65
C100120,2026-09-15,124059.62,100000.0,0.0,441718.0,0.0,0.0,0.0,665777.62,34.8
C100120,2026-09-16,224024.82,10000.0,22402.48,441718.0,0.0,0.0,0.0,653340.34,0.0
C100120,2026-09-17,211622.34,10000.0,0.0,441718.0,0.0,0.0,0.0,663340.34,0.0
C100120,2026-09-18,221622.34,50000.0,0.0,441718.0,0.0,0.0,0.0,713340.34,40.05
C100120,2026-09-21,271582.29,0.0,0.0,441718.0,6911.23,1727.81,8639.04,704661.25,24.2
C100120,2026-09-22,271558.09,10000.0,0.0,441718.0,0.0,0.0,0.0,723276.09,20.24
C100120,2026-09-23,281537.85,0.0,28153.78,441718.0,9241.91,2310.48,11552.39,683549.68,196.92
C100120,2026-09-24,253187.15,100000.0,0.0,441718.0,0.0,0.0,0.0,794905.15,0.0
C100120,2026-09-25,353187.15,100000.0,0.0,441718.0,1403.04,350.76,1753.8,893151.35,83.7
C100120,2026-09-28,453103.45,50000.0,0.0,441718.0,564.6,141.15,705.75,944115.7,1.98
C100120,2026-09-29,503101.47,0.0,0.0,441718.0,8670.9,2167.72,10838.62,933980.85,30.11
C100120,2026-09-30,503071.36,0.0,0.0,441718.0,0.0,0.0,0.0,944789.36,0.0
C100120,2026-10-01,503071.36,100000.0,0.0,441718.0,3881.52,970.38,4851.9,1039937.46,13.59
C100120,2026-10-02,603057.77,0.0,0.0,441718.0,0.0,0.0,0.0,1044775.77,0.0
C100120,2026-10-05,603057.77,0.0,0.0,441718.0,6827.33,1706.83,8534.16,1036241.61,36.43
C100121,2026-09-08,48356.62,0.0,0.0,253795.03,0.0,0.0,0.0,302151.65,0.0
C100121,2026-09-09,48356.62,0.0,4835.66,253795.03,1092.06,273.01,1365.07,295950.92,4.97
C100121,2026-09-10,43515.99,0.0,0.0,253795.03,0.0,0.0,0.0,297311.02,13.78
C100121,2026-09-11,43502.21,10000.0,0.0,253795.03,0.0,0.0,0.0,307297.24,0.0
C100121,2026-09-14,53502.21,10000.0,0.0,253795.03,8356.95,2089.24,10446.19,306851.05,44.58
C100121,2026-09-15,63457.63,0.0,0.0,253795.03,0.0,0.0,0.0,317252.66,0.0
C100121,2026-09-16,63457.63,100000.0,0.0,253795.03,0.0,0.0,0.0,417252.66,3.4
C100121,2026-09-17,163454.23,50000.0,0.0,253795.03,0.0,0.0,0.0,467249.26,0.0
C100121,2026-09-18,213454.23,0.0,0.0,253795.03,0.0,0.0,0.0,467249.26,10.96
C100121,2026-09-21,213443.27,10000.0,21344.33,253795.03,427.32,106.83,534.15,455359.82,2.28
C100121,2026-09-22,202096.66,100000.0,0.0,253795.03,12676.03,3169.01,15845.04,540046.65,43.91
C100121,2026-09-23,302052.75,0.0,30205.28,253795.03,2124.91,531.23,2656.14,522986.36,11.33
C100121,2026-09-24,271836.14,0.0,0.0,253795.03,4818.65,1204.66,6023.31,519607.86,21.31
C100121,2026-09-25,271814.83,10000.0,0.0,253795.03,0.0,0.0,0.0,535609.86,0.0
C100121,2026-09-28,281814.83,0.0,28181.48,253795.03,0.0,0.0,0.0,507428.38,29.52
C100121,2026-09-29,253603.83,10000.0,25360.38,253795.03,3752.88,938.22,4691.1,487347.38,20.02
C100121,2026-09-30,238223.43,0.0,0.0,253795.03,0.0,0.0,0.0,492018.46,0.0
C100121,2026-10-01,238223.43,0.0,0.0,253795.03,613.38,153.34,766.72,491251.74,237.34
C100121,2026-10-02,237986.09,100000.0,23798.61,253795.03,5461.34,1365.34,6826.68,561155.83,30.61
C100121,2026-10-05,314156.87,100000.0,0.0,253795.03,14492.06,3623.02,18115.08,649836.82,53.88
C100122,2026-09-08,47264.22,50000.0,0.0,490684.69,0.0,0.0,0.0,587948.91,0.0
C100122,2026-09-09,97264.22,0.0,0.0,490684.69,0.0,0.0,0.0,587948.91,0.0
C100122,2026-09-10,97264.22,50000.0,0.0,490684.69,5354.3,1338.58,6692.88,631256.03,34.1
C100122,2026-09-11,147230.12,100000.0,0.0,490684.69,6761.2,1690.3,8451.5,729463.31,23.68
C100122,2026-09-14,247206.44,10000.0,24720.64,490684.69,0.0,0.0,0.0,723170.49,0.0
C100122,2026-09-15,232485.8,50000.0,23248.58,490684.69,5191.3,1297.82,6489.12,743432.79,103.15
C100122,2026-09-16,259134.07,50000.0,0.0,490684.69,21315.96,5328.99,26644.95,773173.81,102.4
C100122,2026-09-17,309031.67,0.0,0.0,490684.69,270.28,67.57,337.85,799378.51,0.94
C100122,2026-09-18,309030.73,0.0,0.0,490684.69,9098.93,2274.73,11373.66,788341.76,45.97
C100122,2026-09-21,308984.76,50000.0,0.0,490684.69,0.0,0.0,0.0,849669.45,39.89
C100122,2026-09-22,358944.87,0.0,35894.49,490684.69,1316.57,329.14,1645.71,812089.36,4.61
C100122,2026-09-23,323045.77,0.0,0.0,490684.69,0.0,0.0,0.0,813730.46,23.48
C100122,2026-09-24,323022.29,0.0,0.0,490684.69,15504.69,3876.17,19380.86,794326.12,130.62
C100122,2026-09-25,322891.67,0.0,0.0,490684.69,12407.31,3101.83,15509.14,798067.22,44.05
C100122,2026-09-28,322847.62,0.0,0.0,490684.69,3121.63,780.41,3902.04,809630.27,16.65
C100122,2026-09-29,322830.97,0.0,0.0,490684.69,3589.56,897.39,4486.95,809028.71,12.57
C100122,2026-09-30,322818.4,0.0,0.0,490684.69,0.0,0.0,0.0,813503.09,11.68
C100122,2026-10-01,322806.72,100000.0,32280.67,490684.69,1847.71,461.93,2309.64,878901.1,39.81
C100122,2026-10-02,390486.24,100000.0,0.0,490684.69,5007.33,1251.83,6259.16,974911.77,19.41
C100122,2026-10-05,490466.83,0.0,0.0,490684.69,13997.57,3499.39,17496.96,963654.56,104.26
C100123,2026-09-08,38168.67,0.0,0.0,698531.9,0.0,0.0,0.0,736700.57,0.0
C100123,2026-09-09,38168.67,10000.0,0.0,698531.9,0.0,0.0,0.0,746700.57,21.56
C100123,2026-09-10,48147.11,0.0,0.0,698531.9,767.14,191.79,958.93,745720.08,2.69
C100123,2026-09-11,48144.42,10000.0,0.0,698531.9,0.0,0.0,0.0,756676.32,0.0
C100123,2026-09-14,58144.42,0.0,0.0,698531.9,0.0,0.0,0.0,756676.32,0.0
C100123,2026-09-15,58144.42,0.0,0.0,698531.9,0.0,0.0,0.0,756676.32,0.0
C100123,2026-09-16,58144.42,50000.0,0.0,698531.9,1391.17,347.79,1738.96,804937.36,87.91
C100123,2026-09-17,108056.51,0.0,0.0,698531.9,4156.01,1039.0,5195.01,801393.4,17.7
C100123,2026-09-18,108038.81,100000.0,0.0,698531.9,6949.25,1737.31,8686.56,897884.15,42.76
C100123,2026-09-21,207996.05,0.0,20799.6,698531.9,6420.25,1605.06,8025.31,877703.04,40.34
C100123,2026-09-22,187156.11,10000.0,0.0,698531.9,4001.71,1000.43,5002.14,890685.87,21.34
C100123,2026-09-23,197134.77,100000.0,0.0,698531.9,3811.55,952.89,4764.44,990902.23,105.69
C100123,2026-09-24,297029.08,100000.0,29702.91,698531.9,13362.1,3340.53,16702.63,1049155.44,46.79
C100123,2026-09-25,367279.38,50000.0,36727.94,698531.9,4673.76,1168.44,5842.2,1073241.14,147.39
C100123,2026-09-28,380404.05,10000.0,0.0,698531.9,6592.16,1648.04,8240.2,1080695.75,35.17
C100123,2026-09-29,390368.88,10000.0,0.0,698531.9,1180.61,295.15,1475.76,1097425.02,4.13
C100123,2026-09-30,400364.75,0.0,0.0,698531.9,6510.41,1627.6,8138.01,1090758.64,53.45
C100123,2026-10-01,400311.3,0.0,0.0,698531.9,0.0,0.0,0.0,1098843.2,0.0
C100123,2026-10-02,400311.3,0.0,0.0,698531.9,0.0,0.0,0.0,1098843.2,0.0
C100123,2026-10-05,400311.3,100000.0,0.0,698531.9,0.0,0.0,0.0,1198843.2,0.0
C100124,2026-09-08,396832.01,0.0,0.0,580741.46,686.02,171.5,857.52,976715.95,2.4
C100124,2026-09-09,396829.61,0.0,0.0,580741.46,0.0,0.0,0.0,977571.07,0.0
C100124,2026-09-10,396829.61,10000.0,0.0,580741.46,0.0,0.0,0.0,987571.07,0.0
C100124,2026-09-11,406829.61,10000.0,0.0,580741.46,8660.33,2165.08,10825.41,986745.66,46.21
C100124,2026-09-14,416783.4,0.0,0.0,580741.46,0.0,0.0,0.0,997524.86,0.0
C100124,2026-09-15,416783.4,50000.0,0.0,580741.46,24544.74,6136.18,30680.92,1016843.94,68.11
C100124,2026-09-16,466715.29,0.0,0.0,580741.46,0.0,0.0,0.0,1047456.75,0.0
C100124,2026-09-17,466715.29,0.0,0.0,580741.46,11452.75,2863.19,14315.94,1033140.81,68.0
C100124,2026-09-18,466647.29,0.0,0.0,580741.46,7883.64,1970.91,9854.55,1037534.2,42.06
C100124,2026-09-21,466605.23,0.0,46660.52,580741.46,15079.31,3769.83,18849.14,981837.03,45.22
C100124,2026-09-22,419899.49,0.0,41989.95,580741.46,0.0,0.0,0.0,958651.0,0.0
C100124,2026-09-23,377909.54,50000.0,37790.95,580741.46,12593.85,3148.46,15742.31,955117.74,62.68
C100124,2026-09-24,390055.91,50000.0,0.0,580741.46,0.0,0.0,0.0,1020797.37,28.64
C100124,2026-09-25,440027.27,0.0,0.0,580741.46,1112.51,278.13,1390.64,1019378.09,17.58
C100124,2026-09-28,440009.69,0.0,0.0,580741.46,2297.1,574.27,2871.37,1017879.78,12.25
C100124,2026-09-29,439997.44,100000.0,43999.74,580741.46,0.0,0.0,0.0,1076739.16,0.0
C100124,2026-09-30,495997.7,0.0,49599.77,580741.46,0.0,0.0,0.0,1027139.39,88.45
C100124,2026-10-01,446309.48,50000.0,0.0,580741.46,0.0,0.0,0.0,1077050.94,0.0
C100124,2026-10-02,496309.48,0.0,49630.95,580741.46,1054.46,263.61,1318.07,1026101.92,4.59
C100124,2026-10-05,446673.94,0.0,0.0,580741.46,0.0,0.0,0.0,1027415.4,0.0
C100125,2026-09-08,398910.51,0.0,0.0,149895.63,13778.67,3444.67,17223.34,531582.8,66.54
C100125,2026-09-09,398843.97,100000.0,0.0,149895.63,0.0,0.0,0.0,648739.6,0.0
C100125,2026-09-10,498843.97,0.0,0.0,149895.63,0.0,0.0,0.0,648739.6,0.0
C100125,2026-09-11,498843.97,10000.0,0.0,149895.63,0.0,0.0,0.0,658739.6,0.0
C100125,2026-09-14,508843.97,0.0,0.0,149895.63,1413.48,353.37,1766.85,656972.75,4.95
C100125,2026-09-15,508839.02,0.0,50883.9,149895.63,4293.89,1073.47,5367.36,602483.39,22.91
C100125,2026-09-16,457932.21,0.0,0.0,149895.63,0.0,0.0,0.0,607827.84,12.05
C100125,2026-09-17,457920.16,0.0,0.0,149895.63,950.8,237.7,1188.5,606627.29,3.33
C100125,2026-09-18,457916.83,0.0,0.0,149895.63,0.0,0.0,0.0,607812.46,0.0
C100125,2026-09-21,457916.83,100000.0,0.0,149895.63,0.0,0.0,0.0,707812.46,0.0
C100125,2026-09-22,557916.83,0.0,0.0,149895.63,552.02,138.01,690.03,707122.43,2.95
C100125,2026-09-23,557913.88,100000.0,0.0,149895.63,0.0,0.0,0.0,807809.51,0.0
C100125,2026-09-24,657913.88,10000.0,0.0,149895.63,3781.11,945.28,4726.39,813083.12,18.96
C100125,2026-09-25,667894.92,50000.0,0.0,149895.63,585.83,146.46,732.29,867058.26,2.05
C100125,2026-09-28,717892.87,10000.0,0.0,149895.63,2867.28,716.82,3584.1,874204.4,100.2
C100125,2026-09-29,727792.67,50000.0,0.0,149895.63,0.0,0.0,0.0,927688.3,0.0
C100125,2026-09-30,777792.67,0.0,77779.27,149895.63,0.0,0.0,0.0,849909.03,3.52
C100125,2026-10-01,700009.88,0.0,0.0,149895.63,664.74,166.19,830.93,849074.58,2.33
C100125,2026-10-02,700007.55,10000.0,0.0,149895.63,6367.72,1591.93,7959.65,851943.53,27.31
C100125,2026-10-05,709980.24,0.0,0.0,149895.63,0.0,0.0,0.0,859875.87,0.0
C100126,2026-09-08,14588.03,0.0,1458.8,266459.24,0.0,0.0,0.0,279588.47,0.0
C100126,2026-09-09,13129.23,50000.0,1312.92,266459.24,332.23,83.06,415.29,327860.26,1.16
C100126,2026-09-10,61815.15,10000.0,0.0,266459.24,20300.35,5075.09,25375.44,312898.95,108.31
C100126,2026-09-11,71706.84,0.0,7170.68,266459.24,1674.05,418.51,2092.56,328902.84,5.86
C100126,2026-09-14,64530.3,10000.0,0.0,266459.24,0.0,0.0,0.0,340989.54,0.0
C100126,2026-09-15,74530.3,100000.0,0.0,266459.24,0.0,0.0,0.0,440989.54,89.67
C100126,2026-09-16,174440.63,0.0,0.0,266459.24,567.28,141.82,709.1,440190.77,3.03
C100126,2026-09-17,174437.6,0.0,0.0,266459.24,0.0,0.0,0.0,440896.84,0.0
C100126,2026-09-18,174437.6,10000.0,0.0,266459.24,0.0,0.0,0.0,450896.84,0.0
C100126,2026-09-21,184437.6,0.0,0.0,266459.24,8539.99,2135.0,10674.99,440221.85,95.86
C100126,2026-09-22,184341.74,10000.0,18434.17,266459.24,0.0,0.0,0.0,442366.81,0.0
C100126,2026-09-23,175907.57,0.0,0.0,266459.24,3306.58,826.65,4133.23,438233.58,67.88
C100126,2026-09-24,175839.69,10000.0,17583.97,266459.24,0.0,0.0,0.0,434714.96,0.0
C100126,2026-09-25,168255.72,100000.0,16825.57,266459.24,0.0,0.0,0.0,517889.39,0.0
C100126,2026-09-28,251430.15,0.0,0.0,266459.24,0.0,0.0,0.0,517889.39,0.0
C100126,2026-09-29,251430.15,0.0,25143.02,266459.24,0.0,0.0,0.0,492746.37,0.0
C100126,2026-09-30,226287.13,100000.0,0.0,266459.24,1903.02,475.75,2378.77,590367.6,6.67
C100126,2026-10-01,326280.46,100000.0,0.0,266459.24,0.0,0.0,0.0,692739.7,0.0
C100126,2026-10-02,426280.46,0.0,42628.05,266459.24,0.0,0.0,0.0,650111.65,132.91
C100126,2026-10-05,383519.5,0.0,0.0,266459.24,0.0,0.0,0.0,649978.74,21.72
C100127,2026-09-08,69007.05,10000.0,6900.71,487898.95,0.0,0.0,0.0,560005.29,0.0
C100127,2026-09-09,72106.34,10000.0,7210.63,487898.95,3306.43,826.61,4133.04,558661.62,17.64
C100127,2026-09-10,74878.07,50000.0,0.0,487898.95,0.0,0.0,0.0,612777.02,0.0
C100127,2026-09-11,124878.07,50000.0,0.0,487898.95,587.3,146.83,734.13,662042.89,2.06
C100127,2026-09-14,174876.01,0.0,0.0,487898.95,1384.12,346.03,1730.15,661044.81,7.38
C100127,2026-09-15,174868.63,50000.0,0.0,487898.95,0.0,0.0,0.0,712767.58,32.86
C100127,2026-09-16,224835.77,10000.0,22483.58,487898.95,1332.9,333.22,1666.12,698585.02,52.06
C100127,2026-09-17,212300.13,100000.0,0.0,487898.95,0.0,0.0,0.0,800199.08,0.0
C100127,2026-09-18,312300.13,10000.0,31230.01,487898.95,0.0,0.0,0.0,778969.07,0.0
C100127,2026-09-21,291070.12,50000.0,0.0,487898.95,5745.73,1436.43,7182.16,821786.91,25.81
C100127,2026-09-22,341044.31,0.0,34104.43,487898.95,0.0,0.0,0.0,794838.83,30.64
C100127,2026-09-23,306909.24,10000.0,0.0,487898.95,0.0,0.0,0.0,804808.19,33.63
C100127,2026-09-24,316875.61,0.0,0.0,487898.95,0.0,0.0,0.0,804774.56,0.0
C100127,2026-09-25,316875.61,50000.0,0.0,487898.95,6418.83,1604.71,8023.54,846751.02,240.42
C100127,2026-09-28,366635.19,0.0,36663.52,487898.95,5027.58,1256.89,6284.47,811586.15,17.61
C100127,2026-09-29,329954.06,10000.0,0.0,487898.95,13507.16,3376.79,16883.95,810969.06,153.06
C100127,2026-09-30,339801.0,0.0,0.0,487898.95,0.0,0.0,0.0,827699.95,39.5
C100127,2026-10-01,339761.5,50000.0,0.0,487898.95,1486.25,371.56,1857.81,875802.64,7.93
C100127,2026-10-02,389753.57,0.0,0.0,487898.95,0.0,0.0,0.0,877652.52,0.0
C100127,2026-10-05,389753.57,0.0,0.0,487898.95,0.0,0.0,0.0,877652.52,0.0
C100128,2026-09-08,244643.95,0.0,0.0,422407.14,14322.36,3580.59,17902.95,649148.14,47.09
C100128,2026-09-09,244596.86,0.0,24459.69,422407.14,0.0,0.0,0.0,642544.31,35.57
C100128,2026-09-10,220101.6,10000.0,0.0,422407.14,0.0,0.0,0.0,652508.74,0.0
C100128,2026-09-11,230101.6,50000.0,23010.16,422407.14,0.0,0.0,0.0,679498.58,106.47
C100128,2026-09-14,256984.97,0.0,0.0,422407.14,0.0,0.0,0.0,679392.11,0.0
C100128,2026-09-15,256984.97,0.0,25698.5,422407.14,0.0,0.0,0.0,653693.61,0.0
C100128,2026-09-16,231286.47,0.0,0.0,422407.14,0.0,0.0,0.0,653693.61,0.0
C100128,2026-09-17,231286.47,100000.0,23128.65,422407.14,0.0,0.0,0.0,730564.96,6.71
C100128,2026-09-18,308151.11,0.0,0.0,422407.14,0.0,0.0,0.0,730558.25,0.0
C100128,2026-09-21,308151.11,50000.0,0.0,422407.14,3718.03,929.51,4647.54,775910.71,37.61
C100128,2026-09-22,358113.5,100000.0,0.0,422407.14,0.0,0.0,0.0,880520.64,0.0
C100128,2026-09-23,458113.5,0.0,0.0,422407.14,0.0,0.0,0.0,880520.64,14.16
C100128,2026-09-24,458099.34,10000.0,45809.93,422407.14,22728.5,5682.12,28410.62,816285.93,86.83
C100128,2026-09-25,422202.58,0.0,0.0,422407.14,11418.62,2854.66,14273.28,830336.44,133.03
C100128,2026-09-28,422069.55,50000.0,0.0,422407.14,0.0,0.0,0.0,894476.69,0.0
C100128,2026-09-29,472069.55,0.0,0.0,422407.14,0.0,0.0,0.0,894476.69,0.0
C100128,2026-09-30,472069.55,10000.0,47206.96,422407.14,7449.3,1862.32,9311.62,847958.11,58.0
C100128,2026-10-01,434804.59,100000.0,43480.46,422407.14,0.0,0.0,0.0,913731.27,0.0
C100128,2026-10-02,491324.13,0.0,0.0,422407.14,0.0,0.0,0.0,913731.27,0.0
C100128,2026-10-05,491324.13,10000.0,0.0,422407.14,301.77,75.44,377.21,923354.06,36.57
C100129,2026-09-08,164361.58,10000.0,16436.16,202164.17,0.0,0.0,0.0,360089.59,0.0
C100129,2026-09-09,157925.42,0.0,0.0,202164.17,2871.88,717.97,3589.85,356499.74,38.55
C100129,2026-09-10,157886.87,100000.0,0.0,202164.17,0.0,0.0,0.0,460051.04,0.0
C100129,2026-09-11,257886.87,0.0,0.0,202164.17,6543.91,1635.98,8179.89,451871.15,50.88
C100129,2026-09-14,257835.99,50000.0,25783.6,202164.17,2535.62,633.91,3169.53,481047.03,13.53
C100129,2026-09-15,282038.86,50000.0,0.0,202164.17,0.0,0.0,0.0,534203.03,144.42
C100129,2026-09-16,331894.44,0.0,33189.44,202164.17,554.5,138.62,693.12,500176.05,113.27
C100129,2026-09-17,298591.73,0.0,0.0,202164.17,0.0,0.0,0.0,500755.9,46.12
C100129,2026-09-18,298545.61,0.0,29854.56,202164.17,14192.64,3548.16,17740.8,453114.42,31.43
C100129,2026-09-21,268659.62,0.0,0.0,202164.17,0.0,0.0,0.0,470823.79,18.68
C100129,2026-09-22,268640.94,100000.0,0.0,202164.17,0.0,0.0,0.0,570805.11,27.99
C100129,2026-09-23,368612.95,10000.0,0.0,202164.17,0.0,0.0,0.0,580777.12,120.95
C100129,2026-09-24,378492.0,0.0,37849.2,202164.17,4934.84,1233.71,6168.55,536638.42,17.28
C100129,2026-09-25,340625.52,10000.0,0.0,202164.17,7415.5,1853.87,9269.37,543520.32,39.57
C100129,2026-09-28,350585.95,10000.0,0.0,202164.17,0.0,0.0,0.0,562750.12,67.37
C100129,2026-09-29,360518.58,0.0,0.0,202164.17,0.0,0.0,0.0,562682.75,0.0
C100129,2026-09-30,360518.58,0.0,0.0,202164.17,0.0,0.0,0.0,562682.75,0.0
C100129,2026-10-01,360518.58,10000.0,36051.86,202164.17,0.0,0.0,0.0,536630.89,0.0
C100129,2026-10-02,334466.72,0.0,0.0,202164.17,0.0,0.0,0.0,536630.89,0.0
C100129,2026-10-05,334466.72,0.0,0.0,202164.17,0.0,0.0,0.0,536630.89,45.56
C100130,2026-09-08,47776.99,0.0,0.0,366146.05,0.0,0.0,0.0,413923.04,0.0
C100130,2026-09-09,47776.99,10000.0,4777.7,366146.05,0.0,0.0,0.0,419145.34,0.0
C100130,2026-09-10,52999.29,50000.0,0.0,366146.05,0.0,0.0,0.0,469145.34,72.73
C100130,2026-09-11,102926.56,0.0,10292.66,366146.05,3049.11,762.28,3811.39,454968.56,35.96
C100130,2026-09-14,92597.94,0.0,0.0,366146.05,0.0,0.0,0.0,458743.99,0.0
C100130,2026-09-15,92597.94,50000.0,0.0,366146.05,0.0,0.0,0.0,508743.99,0.0
C100130,2026-09-16,142597.94,0.0,14259.79,366146.05,23162.79,5790.7,28953.49,465530.71,92.24
C100130,2026-09-17,128245.91,0.0,12824.59,366146.05,8303.19,2075.8,10378.99,471188.38,146.51
C100130,2026-09-18,115274.81,0.0,0.0,366146.05,692.1,173.03,865.13,480555.73,3.69
C100130,2026-09-21,115271.12,0.0,0.0,366146.05,0.0,0.0,0.0,481417.17,0.0
C100130,2026-09-22,115271.12,10000.0,0.0,366146.05,0.0,0.0,0.0,491417.17,0.0
C100130,2026-09-23,125271.12,0.0,0.0,366146.05,16243.92,4060.98,20304.9,471112.27,84.1
C100130,2026-09-24,125187.02,0.0,12518.7,366146.05,0.0,0.0,0.0,478814.37,0.0
C100130,2026-09-25,112668.32,100000.0,0.0,366146.05,0.0,0.0,0.0,578814.37,47.89
C100130,2026-09-28,212620.43,0.0,0.0,366146.05,17546.58,4386.64,21933.22,556833.26,81.06
C100130,2026-09-29,212539.37,0.0,0.0,366146.05,20471.66,5117.92,25589.58,553095.84,63.61
C100130,2026-09-30,212475.76,0.0,0.0,366146.05,1467.04,366.76,1833.8,576788.01,5.14
C100130,2026-10-01,212470.62,10000.0,21247.06,366146.05,0.0,0.0,0.0,567369.61,0.0
C100130,2026-10-02,201223.56,50000.0,20122.36,366146.05,0.0,0.0,0.0,597247.25,0.0
C100130,2026-10-05,231101.2,100000.0,0.0,366146.05,4286.73,1071.68,5358.41,691888.84,15.01
C100131,2026-09-08,165310.97,0.0,0.0,400960.78,0.0,0.0,0.0,566271.75,29.14
C100131,2026-09-09,165281.83,100000.0,16528.18,400960.78,0.0,0.0,0.0,649714.43,19.54
C100131,2026-09-10,248734.11,0.0,0.0,400960.78,15462.07,3865.52,19327.59,630367.3,82.5
C100131,2026-09-11,248651.61,100000.0,0.0,400960.78,0.0,0.0,0.0,749612.39,0.0
C100131,2026-09-14,348651.61,50000.0,0.0,400960.78,0.0,0.0,0.0,799612.39,0.0
C100131,2026-09-15,398651.61,0.0,0.0,400960.78,9215.6,2303.9,11519.5,788092.89,32.27
C100131,2026-09-16,398619.34,10000.0,0.0,400960.78,0.0,0.0,0.0,809580.12,32.09
C100131,2026-09-17,408587.25,100000.0,40858.73,400960.78,0.0,0.0,0.0,868689.3,58.63
C100131,2026-09-18,467669.89,0.0,0.0,400960.78,2067.06,516.76,2583.82,866046.85,79.02
C100131,2026-09-21,467590.87,100000.0,0.0,400960.78,10584.52,2646.13,13230.65,955321.0,73.83
C100131,2026-09-22,567517.04,0.0,0.0,400960.78,0.0,0.0,0.0,968477.82,0.0
C100131,2026-09-23,567517.04,100000.0,0.0,400960.78,1617.27,404.32,2021.59,1066456.23,25.64
C100131,2026-09-24,667491.4,0.0,0.0,400960.78,12786.21,3196.55,15982.76,1052469.42,54.1
C100131,2026-09-25,667437.3,50000.0,0.0,400960.78,0.0,0.0,0.0,1118398.08,0.0
C100131,2026-09-28,717437.3,0.0,0.0,400960.78,694.3,173.58,867.88,1117530.2,33.26
C100131,2026-09-29,717404.04,0.0,0.0,400960.78,0.0,0.0,0.0,1118364.82,19.29
C100131,2026-09-30,717384.75,0.0,0.0,400960.78,0.0,0.0,0.0,1118345.53,0.0
C100131,2026-10-01,717384.75,0.0,0.0,400960.78,4933.64,1233.41,6167.05,1112178.48,17.28
C100131,2026-10-02,717367.47,50000.0,0.0,400960.78,0.0,0.0,0.0,1168328.25,0.0
C100131,2026-10-05,767367.47,100000.0,0.0,400960.78,4922.28,1230.57,6152.85,1262175.4,17.24
C100132,2026-09-08,44337.66,50000.0,0.0,257676.35,0.0,0.0,0.0,352014.01,0.0
C100132,2026-09-09,94337.66,10000.0,9433.77,257676.35,348.77,87.19,435.96,352144.28,8.42
C100132,2026-09-10,94895.47,0.0,0.0,257676.35,0.0,0.0,0.0,352571.82,0.0
C100132,2026-09-11,94895.47,100000.0,9489.55,257676.35,0.0,0.0,0.0,443082.27,0.0
C100132,2026-09-14,185405.92,10000.0,0.0,257676.35,0.0,0.0,0.0,453082.27,0.0
C100132,2026-09-15,195405.92,100000.0,0.0,257676.35,5079.44,1269.86,6349.3,546732.97,17.78
C100132,2026-09-16,295388.14,100000.0,0.0,257676.35,0.0,0.0,0.0,653064.49,0.0
C100132,2026-09-17,395388.14,0.0,0.0,257676.35,0.0,0.0,0.0,653064.49,65.95
C100132,2026-09-18,395322.19,50000.0,0.0,257676.35,0.0,0.0,0.0,702998.54,0.0
C100132,2026-09-21,445322.19,100000.0,0.0,257676.35,0.0,0.0,0.0,802998.54,0.0
C100132,2026-09-22,545322.19,0.0,0.0,257676.35,8265.03,2066.26,10331.29,792667.25,43.31
C100132,2026-09-23,545278.88,50000.0,0.0,257676.35,0.0,0.0,0.0,852955.23,21.26
C100132,2026-09-24,595257.62,0.0,59525.76,257676.35,0.0,0.0,0.0,793408.21,27.97
C100132,2026-09-25,535703.89,0.0,0.0,257676.35,586.66,146.66,733.32,792646.92,2.05
C100132,2026-09-28,535701.84,10000.0,0.0,257676.35,0.0,0.0,0.0,803378.19,16.87
C100132,2026-09-29,545684.97,0.0,0.0,257676.35,0.0,0.0,0.0,803361.32,20.96
C100132,2026-09-30,545664.01,100000.0,54566.4,257676.35,10524.49,2631.12,13155.61,835618.35,29.41
C100132,2026-10-01,591068.2,10000.0,0.0,257676.35,438.92,109.73,548.65,858195.9,1.53
C100132,2026-10-02,601066.67,10000.0,0.0,257676.35,0.0,0.0,0.0,868743.02,62.16
C100132,2026-10-05,611004.51,100000.0,61100.45,257676.35,0.0,0.0,0.0,907580.41,84.7
C100133,2026-09-08,198582.44,50000.0,0.0,546566.28,0.0,0.0,0.0,795148.72,0.0
C100133,2026-09-09,248582.44,10000.0,0.0,546566.28,0.0,0.0,0.0,805148.72,36.02
C100133,2026-09-10,258546.42,0.0,0.0,546566.28,0.0,0.0,0.0,805112.7,0.0
C100133,2026-09-11,258546.42,100000.0,0.0,546566.28,0.0,0.0,0.0,905112.7,0.0
C100133,2026-09-14,358546.42,0.0,0.0,546566.28,0.0,0.0,0.0,905112.7,0.0
C100133,2026-09-15,358546.42,0.0,0.0,546566.28,15930.76,3982.69,19913.45,885199.25,69.17
C100133,2026-09-16,358477.25,100000.0,35847.72,546566.28,0.0,0.0,0.0,969195.81,0.0
C100133,2026-09-17,422629.53,0.0,0.0,546566.28,0.0,0.0,0.0,969195.81,0.0
C100133,2026-09-18,422629.53,0.0,0.0,546566.28,3528.75,882.19,4410.94,964784.87,79.94
C100133,2026-09-21,422549.59,10000.0,42254.96,546566.28,0.0,0.0,0.0,936860.91,67.04
C100133,2026-09-22,390227.59,50000.0,0.0,546566.28,582.12,145.53,727.65,986066.22,3.11
C100133,2026-09-23,440224.48,0.0,0.0,546566.28,3173.85,793.46,3967.31,982823.45,16.93
C100133,2026-09-24,440207.55,50000.0,0.0,546566.28,0.0,0.0,0.0,1036773.83,83.58
C100133,2026-09-25,490123.97,50000.0,49012.4,546566.28,0.0,0.0,0.0,1037677.85,0.0
C100133,2026-09-28,491111.57,0.0,49111.16,546566.28,1575.94,393.98,1969.92,986596.77,5.52
C100133,2026-09-29,441994.89,50000.0,0.0,546566.28,0.0,0.0,0.0,1038561.17,0.0
C100133,2026-09-30,491994.89,0.0,0.0,546566.28,0.0,0.0,0.0,1038561.17,0.0
C100133,2026-10-01,491994.89,100000.0,0.0,546566.28,0.0,0.0,0.0,1138561.17,0.0
C100133,2026-10-02,591994.89,100000.0,0.0,546566.28,0.0,0.0,0.0,1238561.17,0.0
C100133,2026-10-05,691994.89,10000.0,69199.49,546566.28,3707.24,926.81,4634.05,1174727.63,12.99
C100134,2026-09-08,54326.29,0.0,0.0,393657.16,11858.53,2964.63,14823.16,433160.29,130.07
C100134,2026-09-09,54196.22,0.0,5419.62,393657.16,9082.94,2270.74,11353.68,431080.08,58.87
C100134,2026-09-10,48717.73,0.0,0.0,393657.16,5845.51,1461.38,7306.89,435068.0,20.47
C100134,2026-09-11,48697.26,0.0,0.0,393657.16,0.0,0.0,0.0,442354.42,0.0
C100134,2026-09-14,48697.26,50000.0,4869.73,393657.16,0.0,0.0,0.0,487484.69,74.27
C100134,2026-09-15,93753.26,0.0,9375.33,393657.16,0.0,0.0,0.0,478035.09,0.0
C100134,2026-09-16,84377.93,0.0,0.0,393657.16,13635.27,3408.82,17044.09,460991.0,79.38
C100134,2026-09-17,84298.55,100000.0,8429.86,393657.16,2786.93,696.73,3483.66,566042.19,14.87
C100134,2026-09-18,175853.82,100000.0,0.0,393657.16,381.6,95.4,477.0,669033.98,1.34
C100134,2026-09-21,275852.48,10000.0,0.0,393657.16,599.08,149.77,748.85,678760.79,73.66
C100134,2026-09-22,285778.82,50000.0,0.0,393657.16,0.0,0.0,0.0,729435.98,0.0
C100134,2026-09-23,335778.82,0.0,0.0,393657.16,7345.94,1836.49,9182.43,720253.55,39.19
C100134,2026-09-24,335739.63,100000.0,0.0,393657.16,0.0,0.0,0.0,829396.79,0.0
C100134,2026-09-25,435739.63,100000.0,0.0,393657.16,0.0,0.0,0.0,929396.79,0.0
C100134,2026-09-28,535739.63,0.0,0.0,393657.16,0.0,0.0,0.0,929396.79,0.0
C100134,2026-09-29,535739.63,50000.0,53573.96,393657.16,0.0,0.0,0.0,925822.83,0.0
C100134,2026-09-30,532165.67,0.0,0.0,393657.16,10790.88,2697.72,13488.6,912334.23,37.79
C100134,2026-10-01,532127.88,0.0,0.0,393657.16,5179.91,1294.98,6474.89,919310.15,109.21
C100134,2026-10-02,532018.67,0.0,53201.87,393657.16,1417.51,354.38,1771.89,870702.07,11.78
C100134,2026-10-05,478805.02,100000.0,0.0,393657.16,0.0,0.0,0.0,972462.18,0.0
C100135,2026-09-08,36205.95,0.0,3620.6,588984.67,0.0,0.0,0.0,621570.02,0.0
C100135,2026-09-09,32585.35,0.0,3258.54,588984.67,12171.29,3042.82,15214.11,603097.37,56.74
C100135,2026-09-10,29270.07,50000.0,0.0,588984.67,0.0,0.0,0.0,668254.74,14.25
C100135,2026-09-11,79255.82,0.0,7925.58,588984.67,17367.44,4341.86,21709.3,638605.61,86.61
C100135,2026-09-14,71243.63,10000.0,0.0,588984.67,0.0,0.0,0.0,670228.3,3.34
C100135,2026-09-15,81240.29,0.0,8124.03,588984.67,1322.15,330.54,1652.69,660448.24,6.43
C100135,2026-09-16,73109.83,50000.0,0.0,588984.67,0.0,0.0,0.0,712094.5,0.0
C100135,2026-09-17,123109.83,100000.0,0.0,588984.67,0.0,0.0,0.0,812094.5,0.0
C100135,2026-09-18,223109.83,50000.0,22310.98,588984.67,0.0,0.0,0.0,839783.52,24.84
C100135,2026-09-21,250774.01,100000.0,25077.4,588984.67,0.0,0.0,0.0,914681.28,27.8
C100135,2026-09-22,325668.81,0.0,0.0,588984.67,684.49,171.12,855.61,913797.87,173.51
C100135,2026-09-23,325495.3,0.0,32549.53,588984.67,0.0,0.0,0.0,881930.44,120.75
C100135,2026-09-24,292825.02,50000.0,0.0,588984.67,0.0,0.0,0.0,931809.69,0.0
C100135,2026-09-25,342825.02,0.0,34282.5,588984.67,949.83,237.46,1187.29,896339.9,5.07
C100135,2026-09-28,308537.45,10000.0,0.0,588984.67,0.0,0.0,0.0,907522.12,0.0
C100135,2026-09-29,318537.45,50000.0,0.0,588984.67,0.0,0.0,0.0,957522.12,0.0
C100135,2026-09-30,368537.45,0.0,0.0,588984.67,0.0,0.0,0.0,957522.12,0.0
C100135,2026-10-01,368537.45,0.0,36853.75,588984.67,0.0,0.0,0.0,920668.37,0.0
C100135,2026-10-02,331683.7,50000.0,33168.37,588984.67,0.0,0.0,0.0,937500.0,16.84
C100135,2026-10-05,348498.49,0.0,0.0,588984.67,17595.21,4398.8,21994.01,915489.15,107.66
C100136,2026-09-08,300739.24,50000.0,30073.92,358654.94,0.0,0.0,0.0,679320.26,0.0
C100136,2026-09-09,320665.32,50000.0,0.0,358654.94,0.0,0.0,0.0,729320.26,93.41
C100136,2026-09-10,370571.91,0.0,37057.19,358654.94,11816.6,2954.15,14770.75,677398.91,183.02
C100136,2026-09-11,333331.7,0.0,33333.17,358654.94,0.0,0.0,0.0,658653.47,0.0
C100136,2026-09-14,299998.53,50000.0,29999.85,358654.94,838.46,209.62,1048.08,677605.54,2.93
C100136,2026-09-15,319995.75,0.0,0.0,358654.94,17416.8,4354.2,21771.0,656879.69,65.14
C100136,2026-09-16,319930.61,50000.0,31993.06,358654.94,0.0,0.0,0.0,696592.49,0.0
C100136,2026-09-17,337937.55,0.0,0.0,358654.94,0.0,0.0,0.0,696592.49,67.97
C100136,2026-09-18,337869.58,0.0,33786.96,358654.94,0.0,0.0,0.0,662737.56,0.0
C100136,2026-09-21,304082.62,10000.0,30408.26,358654.94,1344.53,336.13,1680.66,640648.64,4.71
C100136,2026-09-22,283669.65,0.0,0.0,358654.94,0.0,0.0,0.0,642324.59,27.86
C100136,2026-09-23,283641.79,10000.0,28364.18,358654.94,0.0,0.0,0.0,623932.55,0.0
C100136,2026-09-24,265277.61,0.0,0.0,358654.94,0.0,0.0,0.0,623932.55,0.0
C100136,2026-09-25,265277.61,0.0,26527.76,358654.94,6673.2,1668.3,8341.5,589063.29,27.56
C100136,2026-09-28,238722.29,0.0,0.0,358654.94,13967.42,3491.86,17459.28,579917.95,51.44
C100136,2026-09-29,238670.85,10000.0,0.0,358654.94,486.35,121.59,607.94,606717.85,1.7
C100136,2026-09-30,248669.15,50000.0,0.0,358654.94,0.0,0.0,0.0,657324.09,0.0
C100136,2026-10-01,298669.15,0.0,0.0,358654.94,0.0,0.0,0.0,657324.09,0.0
C100136,2026-10-02,298669.15,10000.0,0.0,358654.94,0.0,0.0,0.0,667324.09,0.0
C100136,2026-10-05,308669.15,10000.0,0.0,358654.94,0.0,0.0,0.0,677324.09,0.0
C100137,2026-09-08,76127.98,0.0,0.0,325521.7,0.0,0.0,0.0,401649.68,44.09
C100137,2026-09-09,76083.89,10000.0,0.0,325521.7,1438.75,359.69,1798.44,409807.15,7.68
C100137,2026-09-10,86076.21,100000.0,0.0,325521.7,0.0,0.0,0.0,511597.91,230.23
C100137,2026-09-11,185845.98,10000.0,0.0,325521.7,0.0,0.0,0.0,521367.68,0.0
C100137,2026-09-14,195845.98,0.0,0.0,325521.7,0.0,0.0,0.0,521367.68,0.0
C100137,2026-09-15,195845.98,50000.0,19584.6,325521.7,0.0,0.0,0.0,551783.08,85.92
C100137,2026-09-16,226175.46,0.0,0.0,325521.7,752.76,188.19,940.95,550756.21,4.02
C100137,2026-09-17,226171.44,50000.0,0.0,325521.7,0.0,0.0,0.0,601693.14,138.06
C100137,2026-09-18,276033.38,50000.0,27603.34,325521.7,0.0,0.0,0.0,623951.74,0.0
C100137,2026-09-21,298430.04,0.0,0.0,325521.7,0.0,0.0,0.0,623951.74,0.0
C100137,2026-09-22,298430.04,0.0,0.0,325521.7,0.0,0.0,0.0,623951.74,178.49
C100137,2026-09-23,298251.55,0.0,29825.16,325521.7,0.0,0.0,0.0,593948.09,0.0
C100137,2026-09-24,268426.39,0.0,0.0,325521.7,0.0,0.0,0.0,593948.09,111.73
C100137,2026-09-25,268314.66,0.0,0.0,325521.7,0.0,0.0,0.0,593836.36,0.0
C100137,2026-09-28,268314.66,0.0,0.0,325521.7,0.0,0.0,0.0,593836.36,39.58
C100137,2026-09-29,268275.08,0.0,0.0,325521.7,0.0,0.0,0.0,593796.78,0.0
C100137,2026-09-30,268275.08,100000.0,0.0,325521.7,0.0,0.0,0.0,693796.78,127.5
C100137,2026-10-01,368147.58,0.0,0.0,325521.7,0.0,0.0,0.0,693669.28,40.0
C100137,2026-10-02,368107.58,0.0,0.0,325521.7,564.49,141.12,705.61,692923.67,3.01
C100137,2026-10-05,368104.57,0.0,0.0,325521.7,0.0,0.0,0.0,693626.27,0.0
C100138,2026-09-08,149138.95,50000.0,0.0,453816.16,0.0,0.0,0.0,652955.11,0.0
C100138,2026-09-09,199138.95,100000.0,0.0,453816.16,0.0,0.0,0.0,752955.11,2.72
C100138,2026-09-10,299136.23,100000.0,29913.62,453816.16,750.88,187.72,938.6,822100.17,2.63
C100138,2026-09-11,369219.98,0.0,0.0,453816.16,0.0,0.0,0.0,823036.14,20.85
C100138,2026-09-14,369199.13,0.0,0.0,453816.16,17446.55,4361.64,21808.19,801207.1,179.66
C100138,2026-09-15,369019.47,100000.0,36901.95,453816.16,5507.32,1376.83,6884.15,879049.53,26.21
C100138,2026-09-16,432091.31,50000.0,43209.13,453816.16,0.0,0.0,0.0,892698.34,0.0
C100138,2026-09-17,438882.18,50000.0,0.0,453816.16,1427.64,356.91,1784.55,940913.79,5.0
C100138,2026-09-18,488877.18,0.0,0.0,453816.16,2101.27,525.32,2626.59,940066.75,8.57
C100138,2026-09-21,488868.61,0.0,0.0,453816.16,0.0,0.0,0.0,942684.77,0.0
C100138,2026-09-22,488868.61,0.0,48886.86,453816.16,0.0,0.0,0.0,893797.91,0.0
C100138,2026-09-23,439981.75,0.0,0.0,453816.16,0.0,0.0,0.0,893797.91,50.45
C100138,2026-09-24,439931.3,10000.0,0.0,453816.16,0.0,0.0,0.0,903747.46,0.0
C100138,2026-09-25,449931.3,0.0,0.0,453816.16,773.43,193.36,966.79,902780.67,24.77
C100138,2026-09-28,449906.53,50000.0,0.0,453816.16,354.88,88.72,443.6,953279.09,61.7
C100138,2026-09-29,499844.83,50000.0,49984.48,453816.16,8440.7,2110.17,10550.87,943125.64,112.0
C100138,2026-09-30,499748.35,100000.0,49974.84,453816.16,0.0,0.0,0.0,1003589.67,0.0
C100138,2026-10-01,549773.51,50000.0,0.0,453816.16,0.0,0.0,0.0,1053589.67,48.25
C100138,2026-10-02,599725.26,100000.0,59972.53,453816.16,0.0,0.0,0.0,1093568.89,0.0
C100138,2026-10-05,639752.73,0.0,0.0,453816.16,771.02,192.76,963.78,1092605.11,95.44
C100139,2026-09-08,440127.79,100000.0,0.0,187950.16,0.0,0.0,0.0,728077.95,0.0
C100139,2026-09-09,540127.79,0.0,0.0,187950.16,2765.28,691.32,3456.6,724621.35,9.68
C100139,2026-09-10,540118.11,0.0,0.0,187950.16,0.0,0.0,0.0,728068.27,0.0
C100139,2026-09-11,540118.11,0.0,0.0,187950.16,0.0,0.0,0.0,728068.27,0.0
C100139,2026-09-14,540118.11,0.0,0.0,187950.16,0.0,0.0,0.0,728068.27,0.0
C100139,2026-09-15,540118.11,0.0,0.0,187950.16,2172.77,543.19,2715.96,725352.31,116.32
C100139,2026-09-16,540001.79,50000.0,0.0,187950.16,0.0,0.0,0.0,777951.95,18.28
C100139,2026-09-17,589983.51,0.0,0.0,187950.16,732.78,183.19,915.97,777017.7,3.91
C100139,2026-09-18,589979.6,0.0,0.0,187950.16,4914.6,1228.65,6143.25,771786.51,26.23
C100139,2026-09-21,589953.37,0.0,58995.34,187950.16,0.0,0.0,0.0,718908.19,0.0
C100139,2026-09-22,530958.03,100000.0,0.0,187950.16,408.81,102.2,511.01,818397.18,1.43
C100139,2026-09-23,630956.6,0.0,63095.66,187950.16,0.0,0.0,0.0,755811.1,0.0
C100139,2026-09-24,567860.94,10000.0,0.0,187950.16,4398.37,1099.59,5497.96,760313.14,150.27
C100139,2026-09-25,577710.67,0.0,0.0,187950.16,0.0,0.0,0.0,765660.83,21.94
C100139,2026-09-28,577688.73,10000.0,0.0,187950.16,21163.13,5290.78,26453.91,749184.98,79.05
C100139,2026-09-29,587609.68,0.0,0.0,187950.16,0.0,0.0,0.0,775559.84,0.0
C100139,2026-09-30,587609.68,100000.0,58760.97,187950.16,4015.54,1003.88,5019.42,811779.45,14.06
C100139,2026-10-01,628834.65,0.0,62883.46,187950.16,0.0,0.0,0.0,753901.35,0.0
C100139,2026-10-02,565951.19,0.0,0.0,187950.16,495.07,123.77,618.84,753282.51,1.74
C100139,2026-10-05,565949.45,0.0,56594.94,187950.16,4590.66,1147.66,5738.32,691566.35,17.29
C100140,2026-09-08,15689.74,100000.0,1568.97,514292.61,0.0,0.0,0.0,628413.38,0.0
C100140,2026-09-09,114120.77,100000.0,11412.08,514292.61,0.0,0.0,0.0,717001.3,37.35
C100140,2026-09-10,202671.34,100000.0,0.0,514292.61,0.0,0.0,0.0,816963.95,0.0
C100140,2026-09-11,302671.34,100000.0,0.0,514292.61,0.0,0.0,0.0,916963.95,0.0
C100140,2026-09-14,402671.34,0.0,40267.13,514292.61,0.0,0.0,0.0,876696.82,0.0
C100140,2026-09-15,362404.21,10000.0,36240.42,514292.61,0.0,0.0,0.0,850456.4,0.0
C100140,2026-09-16,336163.79,10000.0,0.0,514292.61,0.0,0.0,0.0,860456.4,0.0
C100140,2026-09-17,346163.79,50000.0,0.0,514292.61,0.0,0.0,0.0,910456.4,0.0
C100140,2026-09-18,396163.79,0.0,0.0,514292.61,10216.44,2554.11,12770.55,897685.85,63.91
C100140,2026-09-21,396099.88,0.0,0.0,514292.61,0.0,0.0,0.0,910392.49,0.0
C100140,2026-09-22,396099.88,0.0,0.0,514292.61,3784.46,946.11,4730.57,905661.92,20.19
C100140,2026-09-23,396079.69,50000.0,0.0,514292.61,0.0,0.0,0.0,960372.3,0.0
C100140,2026-09-24,446079.69,10000.0,0.0,514292.61,0.0,0.0,0.0,970372.3,23.68
C100140,2026-09-25,456056.01,100000.0,0.0,514292.61,834.17,208.54,1042.71,1069305.91,4.45
C100140,2026-09-28,556051.56,10000.0,0.0,514292.61,0.0,0.0,0.0,1080344.17,25.75
C100140,2026-09-29,566025.81,100000.0,0.0,514292.61,0.0,0.0,0.0,1180318.42,0.0
C100140,2026-09-30,666025.81,100000.0,0.0,514292.61,14715.5,3678.88,18394.38,1261924.04,142.62
C100140,2026-10-01,765883.19,0.0,0.0,514292.61,0.0,0.0,0.0,1280175.8,0.0
C100140,2026-10-02,765883.19,0.0,0.0,514292.61,4548.67,1137.17,5685.84,1274489.96,15.93
C100140,2026-10-05,765867.26,100000.0,0.0,514292.61,0.0,0.0,0.0,1380159.87,23.45
C100141,2026-09-08,227744.7,10000.0,22774.47,301632.37,0.0,0.0,0.0,516602.6,37.94
C100141,2026-09-09,214932.29,0.0,0.0,301632.37,0.0,0.0,0.0,516564.66,18.8
C100141,2026-09-10,214913.49,0.0,0.0,301632.37,2915.98,728.99,3644.97,512900.89,17.42
C100141,2026-09-11,214896.07,100000.0,0.0,301632.37,0.0,0.0,0.0,616528.44,0.0
C100141,2026-09-14,314896.07,0.0,0.0,301632.37,0.0,0.0,0.0,616528.44,72.98
C100141,2026-09-15,314823.09,10000.0,31482.31,301632.37,8725.21,2181.3,10906.51,584066.64,40.37
C100141,2026-09-16,293300.41,100000.0,0.0,301632.37,8012.52,2003.13,10015.65,684917.13,106.07
C100141,2026-09-17,393194.34,100000.0,0.0,301632.37,0.0,0.0,0.0,794826.71,0.0
C100141,2026-09-18,493194.34,0.0,0.0,301632.37,0.0,0.0,0.0,794826.71,0.0
C100141,2026-09-21,493194.34,0.0,0.0,301632.37,1289.66,322.42,1612.08,793214.63,6.88
C100141,2026-09-22,493187.46,0.0,49318.75,301632.37,16281.03,4070.26,20351.29,725149.79,130.24
C100141,2026-09-23,443738.47,0.0,44373.85,301632.37,0.0,0.0,0.0,700996.99,0.0
C100141,2026-09-24,399364.62,0.0,0.0,301632.37,0.0,0.0,0.0,700996.99,18.4
C100141,2026-09-25,399346.22,50000.0,0.0,301632.37,193.68,48.42,242.1,750736.49,1.03
C100141,2026-09-28,449345.19,0.0,0.0,301632.37,10878.72,2719.68,13598.4,737379.16,50.86
C100141,2026-09-29,449294.33,0.0,0.0,301632.37,0.0,0.0,0.0,750926.7,0.0
C100141,2026-09-30,449294.33,0.0,0.0,301632.37,3526.19,881.55,4407.74,746518.96,18.82
C100141,2026-10-01,449275.51,0.0,44927.55,301632.37,594.74,148.69,743.43,705236.9,2.07
C100141,2026-10-02,404345.89,0.0,40434.59,301632.37,13860.7,3465.18,17325.88,648217.79,66.79
C100141,2026-10-05,363844.51,0.0,0.0,301632.37,6936.82,1734.21,8671.03,656805.85,34.07
C100142,2026-09-08,86621.46,10000.0,0.0,208437.0,1392.97,348.24,1741.21,303317.25,4.88
C100142,2026-09-09,96616.58,10000.0,0.0,208437.0,0.0,0.0,0.0,315053.58,39.31
C100142,2026-09-10,106577.27,100000.0,0.0,208437.0,0.0,0.0,0.0,415014.27,17.82
C100142,2026-09-11,206559.45,50000.0,0.0,208437.0,2391.38,597.84,2989.22,462007.23,12.76
C100142,2026-09-14,256546.69,10000.0,25654.67,208437.0,0.0,0.0,0.0,449329.02,0.0
C100142,2026-09-15,240892.02,50000.0,0.0,208437.0,10416.01,2604.0,13020.01,486309.01,44.06
C100142,2026-09-16,290847.96,0.0,0.0,208437.0,0.0,0.0,0.0,499284.96,0.0
C100142,2026-09-17,290847.96,100000.0,0.0,208437.0,0.0,0.0,0.0,599284.96,0.0
C100142,2026-09-18,390847.96,50000.0,0.0,208437.0,12936.33,3234.08,16170.41,633114.55,69.02
C100142,2026-09-21,440778.94,50000.0,0.0,208437.0,0.0,0.0,0.0,699215.94,0.0
C100142,2026-09-22,490778.94,50000.0,0.0,208437.0,0.0,0.0,0.0,749215.94,60.54
C100142,2026-09-23,540718.4,0.0,0.0,208437.0,294.01,73.5,367.51,748787.89,35.81
C100142,2026-09-24,540682.59,0.0,0.0,208437.0,0.0,0.0,0.0,749119.59,0.0
C100142,2026-09-25,540682.59,10000.0,0.0,208437.0,0.0,0.0,0.0,759119.59,7.28
C100142,2026-09-28,550675.31,10000.0,0.0,208437.0,8177.13,2044.28,10221.41,758890.9,133.25
C100142,2026-09-29,560542.06,100000.0,0.0,208437.0,0.0,0.0,0.0,868979.06,0.0
C100142,2026-09-30,660542.06,10000.0,0.0,208437.0,1743.28,435.82,2179.1,876799.96,7.37
C100142,2026-10-01,670534.69,0.0,0.0,208437.0,711.21,177.8,889.01,878082.68,3.8
C100142,2026-10-02,670530.89,0.0,0.0,208437.0,6973.39,1743.35,8716.74,870251.15,24.42
C100142,2026-10-05,670506.47,0.0,67050.65,208437.0,14579.68,3644.92,18224.6,793668.22,31.65
C100143,2026-09-08,1115678.35,50000.0,0.0,230066.01,0.0,0.0,0.0,1395744.36,0.0
C100143,2026-09-09,1165678.35,0.0,116567.84,230066.01,1591.81,397.95,1989.76,1277186.76,5.58
C100143,2026-09-10,1049104.93,50000.0,104910.49,230066.01,0.0,0.0,0.0,1224260.45,0.0
C100143,2026-09-11,994194.44,100000.0,0.0,230066.01,0.0,0.0,0.0,1324260.45,0.0
C100143,2026-09-14,1094194.44,0.0,0.0,230066.01,0.0,0.0,0.0,1324260.45,0.0
C100143,2026-09-15,1094194.44,50000.0,0.0,230066.01,0.0,0.0,0.0,1374260.45,7.86
C100143,2026-09-16,1144186.58,0.0,0.0,230066.01,0.0,0.0,0.0,1374252.59,0.0
C100143,2026-09-17,1144186.58,0.0,0.0,230066.01,0.0,0.0,0.0,1374252.59,0.0
C100143,2026-09-18,1144186.58,10000.0,0.0,230066.01,18908.06,4727.02,23635.08,1360617.51,45.93
C100143,2026-09-21,1154140.65,100000.0,0.0,230066.01,0.0,0.0,0.0,1484206.66,51.85
C100143,2026-09-22,1254088.8,0.0,125408.88,230066.01,7288.73,1822.18,9110.91,1349635.02,37.84
C100143,2026-09-23,1128642.08,0.0,0.0,230066.01,0.0,0.0,0.0,1358708.09,0.0
C100143,2026-09-24,1128642.08,0.0,112864.21,230066.01,0.0,0.0,0.0,1245843.88,0.0
C100143,2026-09-25,1015777.87,10000.0,0.0,230066.01,7592.8,1898.2,9491.0,1246352.88,40.51
C100143,2026-09-28,1025737.36,0.0,0.0,230066.01,7269.35,1817.34,9086.69,1246716.68,38.79
C100143,2026-09-29,1025698.57,0.0,102569.86,230066.01,7826.62,1956.65,9783.27,1143411.45,42.34
C100143,2026-09-30,923086.37,10000.0,0.0,230066.01,0.0,0.0,0.0,1163152.38,59.17
C100143,2026-10-01,933027.2,50000.0,0.0,230066.01,0.0,0.0,0.0,1213093.21,0.0
C100143,2026-10-02,983027.2,0.0,0.0,230066.01,20427.83,5106.96,25534.79,1187558.42,157.01
C100143,2026-10-05,982870.19,10000.0,0.0,230066.01,0.0,0.0,0.0,1222936.2,78.01
C100144,2026-09-08,143082.38,100000.0,0.0,484357.17,8083.9,2020.97,10104.87,717334.68,59.99
C100144,2026-09-09,243022.39,0.0,0.0,484357.17,4966.0,1241.5,6207.5,721172.06,55.94
C100144,2026-09-10,242966.45,0.0,0.0,484357.17,0.0,0.0,0.0,727323.62,0.0
C100144,2026-09-11,242966.45,0.0,0.0,484357.17,0.0,0.0,0.0,727323.62,0.0
C100144,2026-09-14,242966.45,0.0,0.0,484357.17,8101.3,2025.32,10126.62,717197.0,43.22
C100144,2026-09-15,242923.23,10000.0,0.0,484357.17,0.0,0.0,0.0,737280.4,0.0
C100144,2026-09-16,252923.23,0.0,0.0,484357.17,0.0,0.0,0.0,737280.4,27.77
C100144,2026-09-17,252895.46,10000.0,0.0,484357.17,13449.93,3362.48,16812.41,730440.22,69.1
C100144,2026-09-18,262826.36,50000.0,0.0,484357.17,8224.39,2056.1,10280.49,786903.04,28.8
C100144,2026-09-21,312797.56,0.0,0.0,484357.17,3932.77,983.19,4915.96,792238.77,20.98
C100144,2026-09-22,312776.58,0.0,0.0,484357.17,4050.52,1012.63,5063.15,792070.6,68.17
C100144,2026-09-23,312708.41,50000.0,0.0,484357.17,286.6,71.65,358.25,846707.33,1.0
C100144,2026-09-24,362707.41,0.0,0.0,484357.17,0.0,0.0,0.0,847064.58,0.0
C100144,2026-09-25,362707.41,0.0,0.0,484357.17,9510.03,2377.51,11887.54,835177.04,36.7
C100144,2026-09-28,362670.71,0.0,36267.07,484357.17,17328.96,4332.24,21661.2,789099.61,64.93
C100144,2026-09-29,326338.71,100000.0,0.0,484357.17,0.0,0.0,0.0,910695.88,0.0
C100144,2026-09-30,426338.71,10000.0,0.0,484357.17,0.0,0.0,0.0,920695.88,0.0
C100144,2026-10-01,436338.71,0.0,0.0,484357.17,0.0,0.0,0.0,920695.88,0.0
C100144,2026-10-02,436338.71,10000.0,0.0,484357.17,0.0,0.0,0.0,930695.88,25.82
C100144,2026-10-05,446312.89,0.0,44631.29,484357.17,0.0,0.0,0.0,886038.77,0.0
C100145,2026-09-08,106606.42,0.0,0.0,543843.4,0.0,0.0,0.0,650449.82,0.0
C100145,2026-09-09,106606.42,100000.0,0.0,543843.4,424.13,106.03,530.16,749919.66,1.49
C100145,2026-09-10,206604.93,50000.0,20660.49,543843.4,0.0,0.0,0.0,779787.84,2.9
C100145,2026-09-11,235941.54,50000.0,0.0,543843.4,0.0,0.0,0.0,829784.94,3.3
C100145,2026-09-14,285938.24,100000.0,0.0,543843.4,580.91,145.23,726.14,929055.5,3.1
C100145,2026-09-15,385935.14,0.0,0.0,543843.4,0.0,0.0,0.0,929778.54,259.51
C100145,2026-09-16,385675.63,10000.0,0.0,543843.4,5786.33,1446.58,7232.91,932286.12,30.86
C100145,2026-09-17,395644.77,100000.0,0.0,543843.4,0.0,0.0,0.0,1039488.17,49.77
C100145,2026-09-18,495595.0,10000.0,0.0,543843.4,6162.97,1540.74,7703.71,1041734.69,21.58
C100145,2026-09-21,505573.42,0.0,50557.34,543843.4,17053.37,4263.34,21316.71,977542.77,90.98
C100145,2026-09-22,454925.1,100000.0,0.0,543843.4,0.0,0.0,0.0,1098768.5,6.09
C100145,2026-09-23,554919.01,0.0,0.0,543843.4,8457.53,2114.38,10571.91,1088190.5,45.86
C100145,2026-09-24,554873.15,0.0,0.0,543843.4,0.0,0.0,0.0,1098716.55,0.0
C100145,2026-09-25,554873.15,10000.0,0.0,543843.4,0.0,0.0,0.0,1108716.55,0.0
C100145,2026-09-28,564873.15,0.0,0.0,543843.4,0.0,0.0,0.0,1108716.55,16.7
C100145,2026-09-29,564856.45,0.0,56485.64,543843.4,0.0,0.0,0.0,1052214.21,136.83
C100145,2026-09-30,508233.98,0.0,0.0,543843.4,0.0,0.0,0.0,1052077.38,41.23
C100145,2026-10-01,508192.75,0.0,0.0,543843.4,0.0,0.0,0.0,1052036.15,23.4
C100145,2026-10-02,508169.35,0.0,0.0,543843.4,0.0,0.0,0.0,1052012.75,68.82
C100145,2026-10-05,508100.53,0.0,0.0,543843.4,0.0,0.0,0.0,1051943.93,15.45
C100146,2026-09-08,291699.63,0.0,29169.96,259010.46,0.0,0.0,0.0,521540.13,38.79
C100146,2026-09-09,262490.88,10000.0,0.0,259010.46,1378.78,344.69,1723.47,529777.87,7.36
C100146,2026-09-10,272483.52,100000.0,27248.35,259010.46,1475.88,368.97,1844.85,602400.78,73.41
C100146,2026-09-11,345161.76,0.0,0.0,259010.46,0.0,0.0,0.0,604172.22,0.0
C100146,2026-09-14,345161.76,100000.0,34516.18,259010.46,3484.7,871.17,4355.87,665300.17,12.21
C100146,2026-09-15,410633.37,10000.0,0.0,259010.46,547.9,136.97,684.87,678958.96,41.17
C100146,2026-09-16,420592.2,100000.0,0.0,259010.46,0.0,0.0,0.0,779602.66,0.0
C100146,2026-09-17,520592.2,0.0,0.0,259010.46,0.0,0.0,0.0,779602.66,0.0
C100146,2026-09-18,520592.2,10000.0,0.0,259010.46,588.83,147.21,736.04,788866.62,95.46
C100146,2026-09-21,530496.74,0.0,0.0,259010.46,0.0,0.0,0.0,789507.2,0.0
C100146,2026-09-22,530496.74,100000.0,0.0,259010.46,481.35,120.34,601.69,888905.51,28.33
C100146,2026-09-23,630468.41,0.0,63046.84,259010.46,0.0,0.0,0.0,826432.03,15.1
C100146,2026-09-24,567406.47,0.0,56740.65,259010.46,0.0,0.0,0.0,769676.28,0.0
C100146,2026-09-25,510665.82,10000.0,0.0,259010.46,0.0,0.0,0.0,779676.28,82.23
C100146,2026-09-28,520583.59,0.0,0.0,259010.46,719.71,179.93,899.64,778694.41,2.52
C100146,2026-09-29,520581.07,0.0,0.0,259010.46,0.0,0.0,0.0,779591.53,0.0
C100146,2026-09-30,520581.07,0.0,0.0,259010.46,0.0,0.0,0.0,779591.53,0.0
C100146,2026-10-01,520581.07,0.0,52058.11,259010.46,1188.7,297.17,1485.87,726047.55,6.34
C100146,2026-10-02,468516.62,0.0,0.0,259010.46,0.0,0.0,0.0,727527.08,13.81
C100146,2026-10-05,468502.81,0.0,0.0,259010.46,348.73,87.18,435.91,727077.36,1.22
C100147,2026-09-08,158328.12,0.0,15832.81,302449.66,353.35,88.34,441.69,444503.28,1.24
C100147,2026-09-09,142494.07,10000.0,0.0,302449.66,0.0,0.0,0.0,454943.73,5.79
C100147,2026-09-10,152488.28,10000.0,15248.83,302449.66,0.0,0.0,0.0,449689.11,51.31
C100147,2026-09-11,147188.14,10000.0,0.0,302449.66,2907.5,726.88,3634.38,456003.42,169.87
C100147,2026-09-14,157018.27,10000.0,0.0,302449.66,0.0,0.0,0.0,469467.93,0.0
C100147,2026-09-15,167018.27,10000.0,0.0,302449.66,0.0,0.0,0.0,479467.93,164.2
C100147,2026-09-16,176854.07,10000.0,17685.41,302449.66,0.0,0.0,0.0,471618.32,73.98
C100147,2026-09-17,169094.68,0.0,0.0,302449.66,0.0,0.0,0.0,471544.34,0.0
C100147,2026-09-18,169094.68,0.0,0.0,302449.66,0.0,0.0,0.0,471544.34,0.0
C100147,2026-09-21,169094.68,0.0,0.0,302449.66,7203.85,1800.96,9004.81,462539.53,78.98
C100147,2026-09-22,169015.7,0.0,0.0,302449.66,0.0,0.0,0.0,471465.36,0.0
C100147,2026-09-23,169015.7,0.0,16901.57,302449.66,0.0,0.0,0.0,454563.79,6.43
C100147,2026-09-24,152107.7,0.0,0.0,302449.66,0.0,0.0,0.0,454557.36,0.0
C100147,2026-09-25,152107.7,50000.0,0.0,302449.66,11872.96,2968.24,14841.2,489716.16,79.56
C100147,2026-09-28,202028.14,0.0,0.0,302449.66,7442.8,1860.7,9303.5,495174.3,39.71
C100147,2026-09-29,201988.43,50000.0,20198.84,302449.66,0.0,0.0,0.0,534239.25,0.0
C100147,2026-09-30,231789.59,50000.0,0.0,302449.66,8348.88,2087.22,10436.1,573803.15,44.55
C100147,2026-10-01,281745.04,0.0,28174.5,302449.66,0.0,0.0,0.0,556020.2,0.0
C100147,2026-10-02,253570.54,0.0,0.0,302449.66,0.0,0.0,0.0,556020.2,0.0
C100147,2026-10-05,253570.54,0.0,0.0,302449.66,11268.53,2817.13,14085.66,541934.54,116.95
C100148,2026-09-08,45368.47,0.0,0.0,305309.8,16594.62,4148.65,20743.27,329935.0,88.53
C100148,2026-09-09,45279.94,0.0,0.0,305309.8,0.0,0.0,0.0,350589.74,94.96
C100148,2026-09-10,45184.98,10000.0,0.0,305309.8,0.0,0.0,0.0,360494.78,0.0
C100148,2026-09-11,55184.98,100000.0,0.0,305309.8,0.0,0.0,0.0,460494.78,100.29
C100148,2026-09-14,155084.69,0.0,0.0,305309.8,0.0,0.0,0.0,460394.49,0.0
C100148,2026-09-15,155084.69,0.0,15508.47,305309.8,0.0,0.0,0.0,444886.02,0.0
C100148,2026-09-16,139576.22,0.0,13957.62,305309.8,0.0,0.0,0.0,430928.4,0.0
C100148,2026-09-17,125618.6,0.0,0.0,305309.8,0.0,0.0,0.0,430928.4,0.0
C100148,2026-09-18,125618.6,0.0,0.0,305309.8,0.0,0.0,0.0,430928.4,17.52
C100148,2026-09-21,125601.08,0.0,0.0,305309.8,0.0,0.0,0.0,430910.88,0.0
C100148,2026-09-22,125601.08,0.0,12560.11,305309.8,10993.79,2748.45,13742.24,404608.53,48.4
C100148,2026-09-23,112992.57,100000.0,11299.26,305309.8,1394.23,348.56,1742.79,505260.32,7.44
C100148,2026-09-24,201685.87,0.0,0.0,305309.8,281.24,70.31,351.55,506644.12,1.5
C100148,2026-09-25,201684.37,0.0,0.0,305309.8,0.0,0.0,0.0,506994.17,0.0
C100148,2026-09-28,201684.37,10000.0,0.0,305309.8,17213.99,4303.5,21517.49,495476.68,70.88
C100148,2026-09-29,211613.49,10000.0,21161.35,305309.8,675.48,168.87,844.35,504917.59,3.6
C100148,2026-09-30,200448.54,0.0,0.0,305309.8,6153.94,1538.48,7692.42,498065.92,21.56
C100148,2026-10-01,200426.98,10000.0,0.0,305309.8,280.31,70.08,350.39,515386.39,1.5
C100148,2026-10-02,210425.48,0.0,0.0,305309.8,0.0,0.0,0.0,515735.28,62.9
C100148,2026-10-05,210362.58,0.0,0.0,305309.8,0.0,0.0,0.0,515672.38,107.09
C100149,2026-09-08,28127.64,50000.0,0.0,513813.9,4208.47,1052.12,5260.59,586680.95,22.44
C100149,2026-09-09,78105.2,0.0,7810.52,513813.9,2182.32,545.58,2727.9,581380.68,7.64
C100149,2026-09-10,70287.04,0.0,0.0,513813.9,0.0,0.0,0.0,584100.94,109.34
C100149,2026-09-11,70177.7,100000.0,0.0,513813.9,0.0,0.0,0.0,683991.6,8.5
C100149,2026-09-14,170169.2,50000.0,0.0,513813.9,0.0,0.0,0.0,733983.1,40.22
C100149,2026-09-15,220128.98,50000.0,0.0,513813.9,291.14,72.78,363.92,783578.96,200.91
C100149,2026-09-16,269928.07,100000.0,0.0,513813.9,1674.05,418.51,2092.56,881649.41,31.07
C100149,2026-09-17,369897.0,0.0,0.0,513813.9,0.0,0.0,0.0,883710.9,0.0
C100149,2026-09-18,369897.0,100000.0,0.0,513813.9,6523.11,1630.78,8153.89,975557.01,87.49
C100149,2026-09-21,469809.51,100000.0,0.0,513813.9,0.0,0.0,0.0,1083623.41,0.0
C100149,2026-09-22,569809.51,50000.0,56980.95,513813.9,4085.4,1021.35,5106.75,1071535.71,14.31
C100149,2026-09-23,562814.25,0.0,56281.42,513813.9,569.04,142.26,711.3,1019635.43,125.02
C100149,2026-09-24,506407.81,100000.0,0.0,513813.9,2742.07,685.52,3427.59,1116794.12,26.22
C100149,2026-09-25,606381.59,0.0,0.0,513813.9,389.99,97.5,487.49,1119708.0,54.06
C100149,2026-09-28,606327.53,0.0,0.0,513813.9,0.0,0.0,0.0,1120141.43,0.0
C100149,2026-09-29,606327.53,0.0,60632.75,513813.9,2383.22,595.8,2979.02,1056529.66,8.35
C100149,2026-09-30,545686.43,0.0,0.0,513813.9,3801.64,950.41,4752.05,1054748.28,18.56
C100149,2026-10-01,545667.87,50000.0,0.0,513813.9,0.0,0.0,0.0,1109481.77,0.0
C100149,2026-10-02,595667.87,0.0,0.0,513813.9,0.0,0.0,0.0,1109481.77,0.0
C100149,2026-10-05,595667.87,10000.0,59566.79,513813.9,4887.73,1221.93,6109.66,1053805.32,20.04
C100150,2026-09-08,65434.06,0.0,6543.41,169257.12,0.0,0.0,0.0,228147.77,0.0
C100150,2026-09-09,58890.65,0.0,0.0,169257.12,8000.09,2000.02,10000.11,218147.66,41.15
C100150,2026-09-10,58849.5,50000.0,0.0,169257.12,0.0,0.0,0.0,278106.62,0.0
C100150,2026-09-11,108849.5,0.0,10884.95,169257.12,6336.54,1584.13,7920.67,259301.0,25.34
C100150,2026-09-14,97939.21,0.0,0.0,169257.12,0.0,0.0,0.0,267196.33,96.19
C100150,2026-09-15,97843.02,10000.0,0.0,169257.12,0.0,0.0,0.0,277100.14,72.49
C100150,2026-09-16,107770.53,10000.0,0.0,169257.12,22293.29,5573.32,27866.61,259161.04,114.98
C100150,2026-09-17,117655.55,10000.0,0.0,169257.12,0.0,0.0,0.0,296912.67,0.0
C100150,2026-09-18,127655.55,10000.0,0.0,169257.12,0.0,0.0,0.0,306912.67,9.84
C100150,2026-09-21,137645.71,0.0,0.0,169257.12,2841.92,710.48,3552.4,303350.43,160.83
C100150,2026-09-22,137484.88,50000.0,0.0,169257.12,0.0,0.0,0.0,356742.0,0.0
C100150,2026-09-23,187484.88,0.0,0.0,169257.12,2048.76,512.19,2560.95,354181.05,10.93
C100150,2026-09-24,187473.95,0.0,0.0,169257.12,16140.03,4035.01,20175.04,336556.03,69.91
C100150,2026-09-25,187404.04,0.0,0.0,169257.12,284.5,71.12,355.62,356305.54,1.52
C100150,2026-09-28,187402.52,0.0,0.0,169257.12,0.0,0.0,0.0,356659.64,0.0
C100150,2026-09-29,187402.52,100000.0,0.0,169257.12,1564.66,391.17,1955.83,454703.81,54.58
C100150,2026-09-30,287347.94,100000.0,0.0,169257.12,0.0,0.0,0.0,556605.06,0.0
C100150,2026-10-01,387347.94,50000.0,0.0,169257.12,0.0,0.0,0.0,606605.06,2.26
C100150,2026-10-02,437345.68,50000.0,0.0,169257.12,0.0,0.0,0.0,656602.8,39.94
C100150,2026-10-05,487305.74,100000.0,0.0,169257.12,2968.99,742.25,3711.24,752851.62,10.4
C100151,2026-09-08,65501.86,0.0,0.0,281999.76,0.0,0.0,0.0,347501.62,0.0
C100151,2026-09-09,65501.86,100000.0,0.0,281999.76,0.0,0.0,0.0,447501.62,48.48
C100151,2026-09-10,165453.38,10000.0,0.0,281999.76,0.0,0.0,0.0,457453.14,26.55
C100151,2026-09-11,175426.83,10000.0,17542.68,281999.76,4969.87,1242.47,6212.34,443671.57,18.98
C100151,2026-09-14,167865.17,0.0,16786.52,281999.76,2531.52,632.88,3164.4,429914.01,78.63
C100151,2026-09-15,151000.02,10000.0,15100.0,281999.76,0.0,0.0,0.0,427899.78,95.6
C100151,2026-09-16,145804.42,0.0,0.0,281999.76,1431.81,357.95,1789.76,426014.42,5.01
C100151,2026-09-17,145799.41,10000.0,0.0,281999.76,0.0,0.0,0.0,437799.17,48.02
C100151,2026-09-18,155751.39,0.0,0.0,281999.76,0.0,0.0,0.0,437751.15,0.0
C100151,2026-09-21,155751.39,0.0,0.0,281999.76,0.0,0.0,0.0,437751.15,69.54
C100151,2026-09-22,155681.85,0.0,0.0,281999.76,7607.63,1901.91,9509.54,428172.07,26.64
C100151,2026-09-23,155655.21,0.0,0.0,281999.76,13566.06,3391.51,16957.57,420697.4,122.17
C100151,2026-09-24,155533.04,0.0,0.0,281999.76,0.0,0.0,0.0,437532.8,14.5
C100151,2026-09-25,155518.54,0.0,0.0,281999.76,9098.46,2274.61,11373.07,426145.23,61.17
C100151,2026-09-28,155457.37,0.0,15545.74,281999.76,0.0,0.0,0.0,421911.39,106.87
C100151,2026-09-29,139804.76,0.0,0.0,281999.76,7994.24,1998.56,9992.8,411811.72,42.65
C100151,2026-09-30,139762.11,0.0,0.0,281999.76,0.0,0.0,0.0,421761.87,64.16
C100151,2026-10-01,139697.95,0.0,0.0,281999.76,0.0,0.0,0.0,421697.71,25.1
C100151,2026-10-02,139672.85,10000.0,0.0,281999.76,0.0,0.0,0.0,431672.61,84.56
C100151,2026-10-05,149588.29,100000.0,0.0,281999.76,0.0,0.0,0.0,531588.05,0.0
C100152,2026-09-08,93002.89,0.0,0.0,309054.95,10441.02,2610.26,13051.28,389006.56,33.41
C100152,2026-09-09,92969.48,100000.0,0.0,309054.95,570.05,142.51,712.56,501311.87,2.0
C100152,2026-09-10,192967.48,100000.0,0.0,309054.95,581.83,145.46,727.29,601295.14,43.91
C100152,2026-09-11,292923.57,0.0,0.0,309054.95,4082.32,1020.58,5102.9,596875.62,71.29
C100152,2026-09-14,292852.28,0.0,0.0,309054.95,535.09,133.77,668.86,601238.37,1.87
C100152,2026-09-15,292850.41,50000.0,0.0,309054.95,3670.11,917.53,4587.64,647317.72,41.64
C100152,2026-09-16,342808.77,50000.0,0.0,309054.95,2140.19,535.05,2675.24,699188.48,32.71
C100152,2026-09-17,392776.06,10000.0,0.0,309054.95,26486.34,6621.59,33107.93,678723.08,160.67
C100152,2026-09-18,402615.39,0.0,40261.54,309054.95,1872.87,468.22,2341.09,669067.71,9.17
C100152,2026-09-21,362344.68,0.0,36234.47,309054.95,0.0,0.0,0.0,635165.16,39.84
C100152,2026-09-22,326070.37,0.0,0.0,309054.95,14170.86,3542.71,17713.57,617411.75,178.35
C100152,2026-09-23,325892.02,0.0,0.0,309054.95,0.0,0.0,0.0,634946.97,101.02
C100152,2026-09-24,325791.0,0.0,32579.1,309054.95,0.0,0.0,0.0,602266.85,0.0
C100152,2026-09-25,293211.9,50000.0,0.0,309054.95,0.0,0.0,0.0,652266.85,0.0
C100152,2026-09-28,343211.9,10000.0,0.0,309054.95,1109.93,277.48,1387.41,660879.44,23.87
C100152,2026-09-29,353188.03,0.0,35318.8,309054.95,2069.69,517.42,2587.11,624337.07,28.35
C100152,2026-09-30,317840.88,50000.0,31784.09,309054.95,8779.79,2194.95,10974.74,634137.0,50.8
C100152,2026-10-01,336005.99,0.0,0.0,309054.95,0.0,0.0,0.0,645060.94,6.28
C100152,2026-10-02,335999.71,0.0,0.0,309054.95,0.0,0.0,0.0,645054.66,0.0
C100152,2026-10-05,335999.71,0.0,33599.97,309054.95,0.0,0.0,0.0,611454.69,125.62
C100153,2026-09-08,24254.82,100000.0,0.0,205820.18,285.01,71.25,356.26,329718.74,1.0
C100153,2026-09-09,124253.82,0.0,0.0,205820.18,7450.88,1862.72,9313.6,320760.4,38.72
C100153,2026-09-10,124215.1,0.0,0.0,205820.18,0.0,0.0,0.0,330035.28,34.74
C100153,2026-09-11,124180.36,0.0,0.0,205820.18,0.0,0.0,0.0,330000.54,54.92
C100153,2026-09-14,124125.44,100000.0,0.0,205820.18,0.0,0.0,0.0,429945.62,76.66
C100153,2026-09-15,224048.78,100000.0,0.0,205820.18,0.0,0.0,0.0,529868.96,0.0
C100153,2026-09-16,324048.78,50000.0,32404.88,205820.18,0.0,0.0,0.0,547464.08,0.0
C100153,2026-09-17,341643.9,0.0,0.0,205820.18,0.0,0.0,0.0,547464.08,0.0
C100153,2026-09-18,341643.9,0.0,34164.39,205820.18,0.0,0.0,0.0,513299.69,0.0
C100153,2026-09-21,307479.51,0.0,0.0,205820.18,0.0,0.0,0.0,513299.69,0.0
C100153,2026-09-22,307479.51,0.0,0.0,205820.18,594.13,148.53,742.66,512557.03,2.07
C100153,2026-09-23,307477.44,100000.0,0.0,205820.18,3547.15,886.79,4433.94,608863.68,18.92
C100153,2026-09-24,407458.52,0.0,0.0,205820.18,0.0,0.0,0.0,613278.7,0.0
C100153,2026-09-25,407458.52,50000.0,0.0,205820.18,0.0,0.0,0.0,663278.7,14.93
C100153,2026-09-28,457443.59,0.0,45744.36,205820.18,0.0,0.0,0.0,617519.41,0.0
C100153,2026-09-29,411699.23,50000.0,0.0,205820.18,0.0,0.0,0.0,667519.41,0.0
C100153,2026-09-30,461699.23,50000.0,0.0,205820.18,0.0,0.0,0.0,717519.41,0.0
C100153,2026-10-01,511699.23,0.0,0.0,205820.18,3516.18,879.04,4395.22,713124.19,27.15
C100153,2026-10-02,511672.08,0.0,0.0,205820.18,0.0,0.0,0.0,717492.26,0.0
C100153,2026-10-05,511672.08,0.0,0.0,205820.18,4463.06,1115.77,5578.83,711913.43,23.81
C100154,2026-09-08,64958.36,0.0,6495.84,418064.65,0.0,0.0,0.0,476527.17,0.0
C100154,2026-09-09,58462.52,0.0,0.0,418064.65,0.0,0.0,0.0,476527.17,0.0
C100154,2026-09-10,58462.52,0.0,0.0,418064.65,17594.03,4398.51,21992.54,454534.63,169.76
C100154,2026-09-11,58292.76,10000.0,0.0,418064.65,0.0,0.0,0.0,486357.41,0.0
C100154,2026-09-14,68292.76,0.0,0.0,418064.65,6200.06,1550.02,7750.08,478607.33,33.08
C100154,2026-09-15,68259.68,50000.0,0.0,418064.65,2615.54,653.88,3269.42,533054.91,41.99
C100154,2026-09-16,118217.69,0.0,0.0,418064.65,0.0,0.0,0.0,536282.34,0.0
C100154,2026-09-17,118217.69,0.0,0.0,418064.65,0.0,0.0,0.0,536282.34,0.0
C100154,2026-09-18,118217.69,100000.0,0.0,418064.65,7659.43,1914.86,9574.29,626708.05,26.82
C100154,2026-09-21,218190.87,100000.0,21819.09,418064.65,4246.47,1061.62,5308.09,709128.34,14.87
C100154,2026-09-22,296356.91,0.0,0.0,418064.65,3614.94,903.74,4518.68,709902.88,12.66
C100154,2026-09-23,296344.25,10000.0,29634.43,418064.65,212.64,53.16,265.8,694508.67,0.74
C100154,2026-09-24,276709.08,50000.0,0.0,418064.65,19961.09,4990.27,24951.36,719822.37,84.57
C100154,2026-09-25,326624.51,0.0,0.0,418064.65,0.0,0.0,0.0,744689.16,25.45
C100154,2026-09-28,326599.06,0.0,0.0,418064.65,12516.42,3129.11,15645.53,729018.18,43.83
C100154,2026-09-29,326555.23,10000.0,0.0,418064.65,2775.0,693.75,3468.75,751151.13,31.44
C100154,2026-09-30,336523.79,50000.0,0.0,418064.65,437.09,109.27,546.36,804042.08,1.53
C100154,2026-10-01,386522.26,50000.0,0.0,418064.65,0.0,0.0,0.0,854586.91,21.76
C100154,2026-10-02,436500.5,0.0,43650.05,418064.65,5478.59,1369.65,6848.24,804066.86,61.13
C100154,2026-10-05,392789.32,10000.0,0.0,418064.65,655.67,163.92,819.59,820034.38,22.95
C100155,2026-09-08,555522.18,0.0,0.0,424320.79,6279.59,1569.9,7849.49,971993.48,42.35
C100155,2026-09-09,555479.83,10000.0,0.0,424320.79,0.0,0.0,0.0,989800.62,0.0
C100155,2026-09-10,565479.83,0.0,0.0,424320.79,0.0,0.0,0.0,989800.62,0.0
C100155,2026-09-11,565479.83,10000.0,0.0,424320.79,17323.47,4330.87,21654.34,978146.28,55.39
C100155,2026-09-14,575424.44,10000.0,57542.44,424320.79,672.98,168.25,841.23,951361.56,3.59
C100155,2026-09-15,527878.41,0.0,0.0,424320.79,0.0,0.0,0.0,952199.2,0.0
C100155,2026-09-16,527878.41,0.0,0.0,424320.79,0.0,0.0,0.0,952199.2,0.0
C100155,2026-09-17,527878.41,10000.0,0.0,424320.79,0.0,0.0,0.0,962199.2,0.0
C100155,2026-09-18,537878.41,0.0,0.0,424320.79,0.0,0.0,0.0,962199.2,0.0
C100155,2026-09-21,537878.41,10000.0,0.0,424320.79,15576.46,3894.12,19470.58,952728.62,67.79
C100155,2026-09-22,547810.62,0.0,0.0,424320.79,0.0,0.0,0.0,972131.41,0.0
C100155,2026-09-23,547810.62,0.0,0.0,424320.79,8936.81,2234.2,11171.01,960960.4,46.44
C100155,2026-09-24,547764.18,0.0,0.0,424320.79,0.0,0.0,0.0,972084.97,6.0
C100155,2026-09-25,547758.18,0.0,0.0,424320.79,10214.4,2553.6,12768.0,959310.97,47.96
C100155,2026-09-28,547710.22,50000.0,0.0,424320.79,2809.53,702.38,3511.91,1018519.1,14.99
C100155,2026-09-29,597695.23,10000.0,0.0,424320.79,0.0,0.0,0.0,1032016.02,0.0
C100155,2026-09-30,607695.23,0.0,0.0,424320.79,0.0,0.0,0.0,1032016.02,0.0
C100155,2026-10-01,607695.23,0.0,0.0,424320.79,8281.52,2070.38,10351.9,1021664.12,28.17
C100155,2026-10-02,607667.06,0.0,0.0,424320.79,0.0,0.0,0.0,1031987.85,0.0
C100155,2026-10-05,607667.06,100000.0,0.0,424320.79,0.0,0.0,0.0,1131987.85,0.0
C100156,2026-09-08,1734557.87,0.0,0.0,427391.21,0.0,0.0,0.0,2161949.08,31.86
C100156,2026-09-09,1734526.01,100000.0,0.0,427391.21,0.0,0.0,0.0,2261917.22,6.0
C100156,2026-09-10,1834520.01,0.0,0.0,427391.21,0.0,0.0,0.0,2261911.22,79.06
C100156,2026-09-11,1834440.95,100000.0,0.0,427391.21,0.0,0.0,0.0,2361832.16,0.0
C100156,2026-09-14,1934440.95,100000.0,0.0,427391.21,827.42,206.86,1034.28,2460797.88,24.65
C100156,2026-09-15,2034416.3,0.0,203441.63,427391.21,1729.97,432.49,2162.46,2256203.42,6.06
C100156,2026-09-16,1830968.61,100000.0,0.0,427391.21,0.0,0.0,0.0,2358359.82,0.0
C100156,2026-09-17,1930968.61,0.0,0.0,427391.21,0.0,0.0,0.0,2358359.82,25.09
C100156,2026-09-18,1930943.52,0.0,193094.35,427391.21,0.0,0.0,0.0,2165240.38,0.0
C100156,2026-09-21,1737849.17,0.0,173784.92,427391.21,10800.5,2700.13,13500.63,1977954.83,72.85
C100156,2026-09-22,1563991.4,0.0,0.0,427391.21,0.0,0.0,0.0,1991382.61,0.0
C100156,2026-09-23,1563991.4,10000.0,0.0,427391.21,0.0,0.0,0.0,2001382.61,0.0
C100156,2026-09-24,1573991.4,10000.0,0.0,427391.21,13204.11,3301.03,16505.14,1994877.47,61.63
C100156,2026-09-25,1583929.77,0.0,0.0,427391.21,669.89,167.47,837.36,2010483.62,3.57
C100156,2026-09-28,1583926.2,0.0,0.0,427391.21,0.0,0.0,0.0,2011317.41,62.17
C100156,2026-09-29,1583864.03,0.0,0.0,427391.21,0.0,0.0,0.0,2011255.24,0.0
C100156,2026-09-30,1583864.03,10000.0,158386.4,427391.21,7138.12,1784.53,8922.65,1853946.19,69.9
C100156,2026-10-01,1435407.73,0.0,0.0,427391.21,0.0,0.0,0.0,1862798.94,0.0
C100156,2026-10-02,1435407.73,0.0,0.0,427391.21,0.0,0.0,0.0,1862798.94,39.8
C100156,2026-10-05,1435367.93,10000.0,0.0,427391.21,0.0,0.0,0.0,1872759.14,0.0
C100157,2026-09-08,84023.2,50000.0,0.0,371446.32,4327.09,1081.77,5408.86,500060.66,33.82
C100157,2026-09-09,133989.38,10000.0,13398.94,371446.32,0.0,0.0,0.0,502036.76,32.64
C100157,2026-09-10,130557.8,0.0,0.0,371446.32,0.0,0.0,0.0,502004.12,40.66
C100157,2026-09-11,130517.14,100000.0,13051.71,371446.32,580.99,145.25,726.24,588185.51,42.77
C100157,2026-09-14,217422.66,10000.0,0.0,371446.32,0.0,0.0,0.0,598868.98,0.0
C100157,2026-09-15,227422.66,0.0,0.0,371446.32,12246.38,3061.6,15307.98,583561.0,42.89
C100157,2026-09-16,227379.77,10000.0,0.0,371446.32,2024.57,506.14,2530.71,606295.38,10.8
C100157,2026-09-17,237368.97,0.0,0.0,371446.32,0.0,0.0,0.0,608815.29,0.0
C100157,2026-09-18,237368.97,0.0,0.0,371446.32,3136.45,784.11,3920.56,604894.73,16.73
C100157,2026-09-21,237352.24,0.0,0.0,371446.32,0.0,0.0,0.0,608798.56,0.0
C100157,2026-09-22,237352.24,0.0,23735.22,371446.32,0.0,0.0,0.0,585063.34,6.35
C100157,2026-09-23,213610.67,0.0,0.0,371446.32,1509.16,377.29,1886.45,583170.54,5.28
C100157,2026-09-24,213605.39,10000.0,0.0,371446.32,22157.47,5539.37,27696.84,567354.87,110.57
C100157,2026-09-25,223494.82,0.0,0.0,371446.32,0.0,0.0,0.0,594941.14,0.0
C100157,2026-09-28,223494.82,0.0,0.0,371446.32,5834.56,1458.64,7293.2,587647.94,20.43
C100157,2026-09-29,223474.39,10000.0,0.0,371446.32,2288.5,572.12,2860.62,602060.09,12.21
C100157,2026-09-30,233462.18,0.0,0.0,371446.32,15840.67,3960.17,19800.84,585107.66,58.38
C100157,2026-10-01,233403.8,50000.0,0.0,371446.32,0.0,0.0,0.0,654850.12,0.0
C100157,2026-10-02,283403.8,10000.0,0.0,371446.32,0.0,0.0,0.0,664850.12,0.0
C100157,2026-10-05,293403.8,0.0,0.0,371446.32,0.0,0.0,0.0,664850.12,4.63
C100158,2026-09-08,6430.42,10000.0,643.04,212391.37,0.0,0.0,0.0,228178.75,24.08
C100158,2026-09-09,15763.3,0.0,1576.33,212391.37,569.57,142.39,711.96,225866.38,1.99
C100158,2026-09-10,14184.98,0.0,1418.5,212391.37,5895.38,1473.84,7369.22,217788.63,47.85
C100158,2026-09-11,12718.63,0.0,0.0,212391.37,0.0,0.0,0.0,225110.0,0.0
C100158,2026-09-14,12718.63,0.0,1271.86,212391.37,0.0,0.0,0.0,223838.14,76.15
C100158,2026-09-15,11370.62,50000.0,0.0,212391.37,0.0,0.0,0.0,273761.99,26.93
C100158,2026-09-16,61343.69,0.0,6134.37,212391.37,0.0,0.0,0.0,267600.69,10.25
C100158,2026-09-17,55199.07,0.0,5519.91,212391.37,1837.12,459.28,2296.4,259774.13,139.33
C100158,2026-09-18,49539.83,0.0,0.0,212391.37,0.0,0.0,0.0,261931.2,0.0
C100158,2026-09-21,49539.83,100000.0,0.0,212391.37,1645.2,411.3,2056.5,359874.7,87.28
C100158,2026-09-22,149452.55,50000.0,14945.26,212391.37,1137.67,284.42,1422.09,395476.57,69.7
C100158,2026-09-23,184437.59,100000.0,18443.76,212391.37,0.0,0.0,0.0,478385.2,0.0
C100158,2026-09-24,265993.83,50000.0,0.0,212391.37,0.0,0.0,0.0,528385.2,0.0
C100158,2026-09-25,315993.83,0.0,31599.38,212391.37,0.0,0.0,0.0,496785.82,0.0
C100158,2026-09-28,284394.45,10000.0,0.0,212391.37,0.0,0.0,0.0,506785.82,6.87
C100158,2026-09-29,294387.58,10000.0,0.0,212391.37,0.0,0.0,0.0,516778.95,0.0
C100158,2026-09-30,304387.58,100000.0,0.0,212391.37,12019.81,3004.95,15024.76,601754.19,60.92
C100158,2026-10-01,404326.66,50000.0,0.0,212391.37,0.0,0.0,0.0,666718.03,0.0
C100158,2026-10-02,454326.66,10000.0,45432.67,212391.37,0.0,0.0,0.0,631285.36,0.0
C100158,2026-10-05,418893.99,10000.0,41889.4,212391.37,0.0,0.0,0.0,599395.96,0.0
C100159,2026-09-08,205127.1,100000.0,0.0,665552.76,569.95,142.49,712.44,969967.42,133.48
C100159,2026-09-09,304993.62,0.0,0.0,665552.76,0.0,0.0,0.0,970546.38,0.0
C100159,2026-09-10,304993.62,0.0,0.0,665552.76,0.0,0.0,0.0,970546.38,0.0
C100159,2026-09-11,304993.62,0.0,0.0,665552.76,13486.2,3371.55,16857.75,953688.63,54.57
C100159,2026-09-14,304939.05,0.0,0.0,665552.76,5517.7,1379.42,6897.12,963594.69,29.43
C100159,2026-09-15,304909.62,10000.0,0.0,665552.76,0.0,0.0,0.0,980462.38,0.0
C100159,2026-09-16,314909.62,0.0,31490.96,665552.76,1209.71,302.43,1512.14,947459.28,18.55
C100159,2026-09-17,283400.11,0.0,0.0,665552.76,3216.7,804.17,4020.87,944932.0,14.31
C100159,2026-09-18,283385.8,0.0,0.0,665552.76,0.0,0.0,0.0,948938.56,70.16
C100159,2026-09-21,283315.64,0.0,0.0,665552.76,7577.26,1894.32,9471.58,939396.82,26.53
C100159,2026-09-22,283289.11,10000.0,0.0,665552.76,6599.02,1649.76,8248.78,950593.09,63.53
C100159,2026-09-23,293225.58,0.0,29322.56,665552.76,0.0,0.0,0.0,929455.78,73.5
C100159,2026-09-24,263829.52,100000.0,26382.95,665552.76,0.0,0.0,0.0,1002999.33,3.33
C100159,2026-09-25,337443.24,0.0,0.0,665552.76,2737.06,684.27,3421.33,999574.67,14.17
C100159,2026-09-28,337429.07,0.0,0.0,665552.76,8782.77,2195.69,10978.46,992003.37,44.1
C100159,2026-09-29,337384.97,100000.0,33738.5,665552.76,0.0,0.0,0.0,1069199.23,22.25
C100159,2026-09-30,403624.22,0.0,0.0,665552.76,17332.34,4333.08,21665.42,1047511.56,40.88
C100159,2026-10-01,403583.34,50000.0,0.0,665552.76,4453.87,1113.47,5567.34,1113568.76,15.6
C100159,2026-10-02,453567.74,10000.0,0.0,665552.76,0.0,0.0,0.0,1129120.5,63.15
C100159,2026-10-05,463504.59,10000.0,46350.46,665552.76,0.0,0.0,0.0,1092706.89,19.17
C100160,2026-09-08,89938.05,100000.0,0.0,465701.97,0.0,0.0,0.0,655640.02,13.75
C100160,2026-09-09,189924.3,50000.0,0.0,465701.97,0.0,0.0,0.0,705626.27,0.0
C100160,2026-09-10,239924.3,0.0,0.0,465701.97,0.0,0.0,0.0,705626.27,202.16
C100160,2026-09-11,239722.14,0.0,23972.21,465701.97,6815.27,1703.82,8519.09,672932.81,23.86
C100160,2026-09-14,215726.07,0.0,0.0,465701.97,1571.9,392.98,1964.88,679463.16,144.18
C100160,2026-09-15,215581.89,0.0,0.0,465701.97,0.0,0.0,0.0,681283.86,153.31
C100160,2026-09-16,215428.58,50000.0,0.0,465701.97,0.0,0.0,0.0,731130.55,0.0
C100160,2026-09-17,265428.58,10000.0,26542.86,465701.97,14324.05,3581.01,17905.06,696682.63,179.89
C100160,2026-09-18,248705.83,0.0,0.0,465701.97,17079.26,4269.82,21349.08,693058.72,136.8
C100160,2026-09-21,248569.03,0.0,0.0,465701.97,4250.3,1062.58,5312.88,708958.12,22.68
C100160,2026-09-22,248546.35,0.0,0.0,465701.97,0.0,0.0,0.0,714248.32,0.0
C100160,2026-09-23,248546.35,0.0,0.0,465701.97,0.0,0.0,0.0,714248.32,0.0
C100160,2026-09-24,248546.35,0.0,0.0,465701.97,2519.05,629.76,3148.81,711099.51,34.03
C100160,2026-09-25,248512.32,50000.0,0.0,465701.97,4352.61,1088.15,5440.76,758773.53,47.3
C100160,2026-09-28,298465.02,0.0,29846.5,465701.97,0.0,0.0,0.0,734320.49,0.0
C100160,2026-09-29,268618.52,10000.0,26861.85,465701.97,2815.91,703.98,3519.89,713938.75,15.02
C100160,2026-09-30,251741.65,0.0,0.0,465701.97,0.0,0.0,0.0,717443.62,98.74
C100160,2026-10-01,251642.91,0.0,0.0,465701.97,14623.3,3655.83,18279.13,699065.75,37.15
C100160,2026-10-02,251605.76,0.0,0.0,465701.97,0.0,0.0,0.0,717307.73,0.0
C100160,2026-10-05,251605.76,0.0,0.0,465701.97,620.04,155.01,775.05,716532.68,10.39
C100161,2026-09-08,31926.6,100000.0,0.0,221693.76,0.0,0.0,0.0,353620.36,11.94
C100161,2026-09-09,131914.66,100000.0,13191.47,221693.76,0.0,0.0,0.0,440416.95,0.0
C100161,2026-09-10,218723.19,0.0,0.0,221693.76,4214.71,1053.68,5268.39,435148.56,14.76
C100161,2026-09-11,218708.43,10000.0,0.0,221693.76,1540.08,385.02,1925.1,448477.09,8.22
C100161,2026-09-14,228700.21,0.0,0.0,221693.76,1428.13,357.03,1785.16,448608.81,7.62
C100161,2026-09-15,228692.59,10000.0,22869.26,221693.76,6750.58,1687.64,8438.22,429078.87,39.72
C100161,2026-09-16,215783.61,100000.0,0.0,221693.76,0.0,0.0,0.0,537477.37,0.0
C100161,2026-09-17,315783.61,100000.0,0.0,221693.76,0.0,0.0,0.0,637477.37,37.49
C100161,2026-09-18,415746.12,100000.0,0.0,221693.76,12514.59,3128.65,15643.24,721796.64,65.5
C100161,2026-09-21,515680.62,0.0,51568.06,221693.76,4042.08,1010.52,5052.6,680753.72,21.57
C100161,2026-09-22,464090.99,50000.0,0.0,221693.76,3671.23,917.81,4589.04,731195.71,19.58
C100161,2026-09-23,514071.41,0.0,0.0,221693.76,0.0,0.0,0.0,735765.17,0.0
C100161,2026-09-24,514071.41,0.0,0.0,221693.76,14566.46,3641.62,18208.08,717557.09,58.34
C100161,2026-09-25,514013.07,0.0,0.0,221693.76,2829.17,707.29,3536.46,732170.37,15.1
C100161,2026-09-28,513997.97,0.0,51399.8,221693.76,2949.44,737.36,3686.8,680605.13,10.32
C100161,2026-09-29,462587.85,10000.0,0.0,221693.76,0.0,0.0,0.0,694281.61,0.0
C100161,2026-09-30,472587.85,10000.0,47258.78,221693.76,7838.63,1959.66,9798.29,647224.54,39.26
C100161,2026-10-01,435289.81,0.0,0.0,221693.76,1938.64,484.66,2423.3,654560.27,54.52
C100161,2026-10-02,435235.29,50000.0,0.0,221693.76,7891.18,1972.8,9863.98,697065.07,129.56
C100161,2026-10-05,485105.73,0.0,0.0,221693.76,8182.67,2045.67,10228.34,696571.15,37.86
C100162,2026-09-08,462579.91,100000.0,0.0,313621.49,2300.11,575.03,2875.14,873326.26,49.05
C100162,2026-09-09,562530.86,10000.0,0.0,313621.49,0.0,0.0,0.0,886152.35,7.76
C100162,2026-09-10,572523.1,0.0,0.0,313621.49,0.0,0.0,0.0,886144.59,0.0
C100162,2026-09-11,572523.1,0.0,0.0,313621.49,7456.51,1864.13,9320.64,876823.95,26.11
C100162,2026-09-14,572496.99,100000.0,0.0,313621.49,1406.01,351.5,1757.51,984360.97,40.47
C100162,2026-09-15,672456.52,0.0,0.0,313621.49,0.0,0.0,0.0,986078.01,0.0
C100162,2026-09-16,672456.52,100000.0,0.0,313621.49,16914.8,4228.7,21143.5,1064934.51,85.98
C100162,2026-09-17,772370.54,50000.0,0.0,313621.49,0.0,0.0,0.0,1135992.03,0.0
C100162,2026-09-18,822370.54,50000.0,0.0,313621.49,1528.45,382.11,1910.56,1184081.47,34.92
C100162,2026-09-21,872335.62,0.0,0.0,313621.49,0.0,0.0,0.0,1185957.11,20.22
C100162,2026-09-22,872315.4,100000.0,87231.54,313621.49,8767.89,2191.97,10959.86,1187745.49,30.7
C100162,2026-09-23,885053.16,0.0,0.0,313621.49,0.0,0.0,0.0,1198674.65,67.36
C100162,2026-09-24,884985.8,100000.0,88498.58,313621.49,0.0,0.0,0.0,1210108.71,0.0
C100162,2026-09-25,896487.22,0.0,0.0,313621.49,0.0,0.0,0.0,1210108.71,0.0
C100162,2026-09-28,896487.22,10000.0,89648.72,313621.49,2008.15,502.04,2510.19,1127949.8,7.03
C100162,2026-09-29,816831.47,0.0,0.0,313621.49,0.0,0.0,0.0,1130452.96,0.0
C100162,2026-09-30,816831.47,50000.0,0.0,313621.49,0.0,0.0,0.0,1180452.96,0.0
C100162,2026-10-01,866831.47,100000.0,0.0,313621.49,0.0,0.0,0.0,1280452.96,0.0
C100162,2026-10-02,966831.47,0.0,96683.15,313621.49,1452.04,363.01,1815.05,1181954.76,14.66
C100162,2026-10-05,870133.66,0.0,0.0,313621.49,0.0,0.0,0.0,1183755.15,0.0
C100163,2026-09-08,25368.54,50000.0,0.0,328813.84,4799.2,1199.8,5999.0,398183.38,25.59
C100163,2026-09-09,75342.95,100000.0,0.0,328813.84,0.0,0.0,0.0,504156.79,0.0
C100163,2026-09-10,175342.95,0.0,0.0,328813.84,0.0,0.0,0.0,504156.79,14.41
C100163,2026-09-11,175328.54,100000.0,0.0,328813.84,7876.5,1969.12,9845.62,594296.76,91.55
C100163,2026-09-14,275236.99,0.0,0.0,328813.84,0.0,0.0,0.0,604050.83,0.0
C100163,2026-09-15,275236.99,10000.0,0.0,328813.84,10517.31,2629.33,13146.64,600904.19,48.67
C100163,2026-09-16,285188.32,0.0,0.0,328813.84,0.0,0.0,0.0,614002.16,0.0
C100163,2026-09-17,285188.32,50000.0,0.0,328813.84,0.0,0.0,0.0,664002.16,0.0
C100163,2026-09-18,335188.32,10000.0,0.0,328813.84,5995.7,1498.93,7494.63,666507.53,170.82
C100163,2026-09-21,345017.5,0.0,0.0,328813.84,1446.47,361.62,1808.09,672023.25,11.47
C100163,2026-09-22,345006.03,0.0,0.0,328813.84,0.0,0.0,0.0,673819.87,0.0
C100163,2026-09-23,345006.03,50000.0,34500.6,328813.84,26826.53,6706.63,33533.16,655786.11,132.57
C100163,2026-09-24,360372.86,0.0,36037.29,328813.84,0.0,0.0,0.0,653149.41,0.0
C100163,2026-09-25,324335.57,0.0,32433.56,328813.84,0.0,0.0,0.0,620715.85,25.34
C100163,2026-09-28,291876.67,0.0,29187.67,328813.84,432.68,108.17,540.85,590961.99,94.88
C100163,2026-09-29,262594.12,0.0,0.0,328813.84,0.0,0.0,0.0,591407.96,0.0
C100163,2026-09-30,262594.12,0.0,26259.41,328813.84,0.0,0.0,0.0,565148.55,24.13
C100163,2026-10-01,236310.58,50000.0,0.0,328813.84,7664.98,1916.24,9581.22,605543.2,40.89
C100163,2026-10-02,286269.69,50000.0,0.0,328813.84,0.0,0.0,0.0,665083.53,0.0
C100163,2026-10-05,336269.69,0.0,0.0,328813.84,733.39,183.35,916.74,664166.79,3.92
C100164,2026-09-08,39421.6,10000.0,3942.16,531643.41,0.0,0.0,0.0,577122.85,0.0
C100164,2026-09-09,45479.44,50000.0,4547.94,531643.41,679.63,169.91,849.54,621725.37,10.75
C100164,2026-09-10,90920.75,0.0,0.0,531643.41,0.0,0.0,0.0,622564.16,170.85
C100164,2026-09-11,90749.9,10000.0,0.0,531643.41,0.0,0.0,0.0,632393.31,0.0
C100164,2026-09-14,100749.9,100000.0,0.0,531643.41,0.0,0.0,0.0,732393.31,0.0
C100164,2026-09-15,200749.9,10000.0,0.0,531643.41,0.0,0.0,0.0,742393.31,0.0
C100164,2026-09-16,210749.9,0.0,0.0,531643.41,0.0,0.0,0.0,742393.31,0.0
C100164,2026-09-17,210749.9,10000.0,0.0,531643.41,0.0,0.0,0.0,752393.31,0.0
C100164,2026-09-18,220749.9,100000.0,22074.99,531643.41,0.0,0.0,0.0,830318.32,69.76
C100164,2026-09-21,298605.15,10000.0,0.0,531643.41,0.0,0.0,0.0,840248.56,18.7
C100164,2026-09-22,308586.45,10000.0,0.0,531643.41,10023.24,2505.81,12529.05,837700.81,35.1
C100164,2026-09-23,318551.35,0.0,31855.14,531643.41,0.0,0.0,0.0,818339.62,111.48
C100164,2026-09-24,286584.73,50000.0,0.0,531643.41,0.0,0.0,0.0,868228.14,176.34
C100164,2026-09-25,336408.39,0.0,0.0,531643.41,0.0,0.0,0.0,868051.8,0.0
C100164,2026-09-28,336408.39,50000.0,0.0,531643.41,2206.75,551.69,2758.44,915293.36,128.57
C100164,2026-09-29,386279.82,10000.0,0.0,531643.41,0.0,0.0,0.0,927923.23,40.84
C100164,2026-09-30,396238.98,0.0,0.0,531643.41,4220.86,1055.21,5276.07,922606.32,20.67
C100164,2026-10-01,396218.31,100000.0,0.0,531643.41,9093.64,2273.41,11367.05,1016494.67,31.84
C100164,2026-10-02,496186.47,10000.0,0.0,531643.41,0.0,0.0,0.0,1037829.88,0.0
C100164,2026-10-05,506186.47,10000.0,0.0,531643.41,0.0,0.0,0.0,1047829.88,0.0
C100165,2026-09-08,133439.45,10000.0,13343.95,388266.55,0.0,0.0,0.0,518362.05,166.16
C100165,2026-09-09,129929.34,50000.0,0.0,388266.55,3655.8,913.95,4569.75,563626.14,39.42
C100165,2026-09-10,179889.92,10000.0,0.0,388266.55,1506.98,376.75,1883.73,576272.74,55.45
C100165,2026-09-11,189834.47,50000.0,0.0,388266.55,0.0,0.0,0.0,628101.02,0.0
C100165,2026-09-14,239834.47,50000.0,23983.45,388266.55,0.0,0.0,0.0,654117.57,0.0
C100165,2026-09-15,265851.02,100000.0,0.0,388266.55,0.0,0.0,0.0,754117.57,32.93
C100165,2026-09-16,365818.09,10000.0,0.0,388266.55,13864.64,3466.16,17330.8,746753.84,107.56
C100165,2026-09-17,375710.53,0.0,0.0,388266.55,3346.19,836.55,4182.74,759794.34,11.72
C100165,2026-09-18,375698.81,100000.0,0.0,388266.55,15377.23,3844.31,19221.54,844743.82,48.2
C100165,2026-09-21,475650.61,10000.0,0.0,388266.55,0.0,0.0,0.0,873917.16,0.0
C100165,2026-09-22,485650.61,10000.0,48565.06,388266.55,777.04,194.26,971.3,834380.8,4.14
C100165,2026-09-23,447081.41,50000.0,0.0,388266.55,2411.68,602.92,3014.6,882333.36,12.86
C100165,2026-09-24,497068.55,10000.0,0.0,388266.55,9745.92,2436.48,12182.4,883152.7,28.98
C100165,2026-09-25,507039.57,50000.0,0.0,388266.55,0.0,0.0,0.0,945306.12,0.0
C100165,2026-09-28,557039.57,100000.0,0.0,388266.55,0.0,0.0,0.0,1045306.12,0.0
C100165,2026-09-29,657039.57,50000.0,0.0,388266.55,0.0,0.0,0.0,1095306.12,0.0
C100165,2026-09-30,707039.57,50000.0,0.0,388266.55,0.0,0.0,0.0,1145306.12,3.46
C100165,2026-10-01,757036.11,50000.0,0.0,388266.55,0.0,0.0,0.0,1195302.66,98.62
C100165,2026-10-02,806937.49,10000.0,0.0,388266.55,0.0,0.0,0.0,1205204.04,37.06
C100165,2026-10-05,816900.43,10000.0,81690.04,388266.55,0.0,0.0,0.0,1133476.94,0.0
C100166,2026-09-08,161870.28,100000.0,0.0,219109.35,0.0,0.0,0.0,480979.63,0.0
C100166,2026-09-09,261870.28,0.0,0.0,219109.35,26585.45,6646.36,33231.81,447747.82,113.38
C100166,2026-09-10,261756.9,0.0,0.0,219109.35,0.0,0.0,0.0,480866.25,0.0
C100166,2026-09-11,261756.9,50000.0,0.0,219109.35,10704.82,2676.2,13381.02,517485.23,57.11
C100166,2026-09-14,311699.79,0.0,0.0,219109.35,8844.08,2211.02,11055.1,519754.04,40.61
C100166,2026-09-15,311659.18,100000.0,31165.92,219109.35,0.0,0.0,0.0,599602.61,0.0
C100166,2026-09-16,380493.26,0.0,38049.33,219109.35,5807.12,1451.78,7258.9,554294.38,20.34
C100166,2026-09-17,342423.59,100000.0,0.0,219109.35,3325.91,831.48,4157.39,657375.55,17.74
C100166,2026-09-18,442405.85,100000.0,0.0,219109.35,680.5,170.12,850.62,760664.58,3.63
C100166,2026-09-21,542402.22,100000.0,0.0,219109.35,0.0,0.0,0.0,861511.57,0.0
C100166,2026-09-22,642402.22,0.0,0.0,219109.35,0.0,0.0,0.0,861511.57,0.0
C100166,2026-09-23,642402.22,0.0,0.0,219109.35,0.0,0.0,0.0,861511.57,0.0
C100166,2026-09-24,642402.22,50000.0,64240.22,219109.35,340.81,85.2,426.01,846845.34,1.2
C100166,2026-09-25,628160.8,100000.0,0.0,219109.35,15707.52,3926.88,19634.4,927635.75,81.31
C100166,2026-09-28,728079.49,10000.0,0.0,219109.35,0.0,0.0,0.0,957188.84,0.0
C100166,2026-09-29,738079.49,0.0,0.0,219109.35,0.0,0.0,0.0,957188.84,0.0
C100166,2026-09-30,738079.49,0.0,0.0,219109.35,15261.48,3815.37,19076.85,938111.99,53.44
C100166,2026-10-01,738026.05,0.0,0.0,219109.35,0.0,0.0,0.0,957135.4,27.58
C100166,2026-10-02,737998.47,50000.0,0.0,219109.35,6409.15,1602.29,8011.44,999096.38,34.2
C100166,2026-10-05,787964.27,100000.0,0.0,219109.35,0.0,0.0,0.0,1107073.62,6.98
C100167,2026-09-08,21130.58,0.0,0.0,288951.4,8026.79,2006.7,10033.49,300048.49,28.03
C100167,2026-09-09,21102.55,0.0,0.0,288951.4,0.0,0.0,0.0,310053.95,0.0
C100167,2026-09-10,21102.55,0.0,0.0,288951.4,0.0,0.0,0.0,310053.95,0.0
C100167,2026-09-11,21102.55,10000.0,2110.26,288951.4,1194.23,298.56,1492.79,316450.9,23.31
C100167,2026-09-14,28968.98,0.0,0.0,288951.4,0.0,0.0,0.0,317920.38,14.98
C100167,2026-09-15,28954.0,0.0,0.0,288951.4,0.0,0.0,0.0,317905.4,37.92
C100167,2026-09-16,28916.08,100000.0,0.0,288951.4,0.0,0.0,0.0,417867.48,0.0
C100167,2026-09-17,128916.08,0.0,0.0,288951.4,0.0,0.0,0.0,417867.48,0.0
C100167,2026-09-18,128916.08,100000.0,0.0,288951.4,0.0,0.0,0.0,517867.48,0.0
C100167,2026-09-21,228916.08,0.0,0.0,288951.4,0.0,0.0,0.0,517867.48,0.0
C100167,2026-09-22,228916.08,0.0,0.0,288951.4,10834.2,2708.55,13542.75,504324.73,29.58
C100167,2026-09-23,228886.5,50000.0,0.0,288951.4,0.0,0.0,0.0,567837.9,22.3
C100167,2026-09-24,278864.2,100000.0,0.0,288951.4,0.0,0.0,0.0,667815.6,80.32
C100167,2026-09-25,378783.88,0.0,37878.39,288951.4,0.0,0.0,0.0,629856.89,18.72
C100167,2026-09-28,340886.77,0.0,34088.68,288951.4,0.0,0.0,0.0,595749.49,94.26
C100167,2026-09-29,306703.83,10000.0,0.0,288951.4,344.33,86.08,430.41,605224.82,1.84
C100167,2026-09-30,316701.99,100000.0,0.0,288951.4,11611.99,2903.0,14514.99,691138.4,54.82
C100167,2026-10-01,416647.17,0.0,0.0,288951.4,12253.78,3063.44,15317.22,690281.35,35.94
C100167,2026-10-02,416611.23,10000.0,41661.12,288951.4,330.84,82.71,413.55,673487.96,1.16
C100167,2026-10-05,384948.95,0.0,0.0,288951.4,0.0,0.0,0.0,673900.35,18.35
C100168,2026-09-08,139684.37,0.0,0.0,684403.19,0.0,0.0,0.0,824087.56,0.0
C100168,2026-09-09,139684.37,100000.0,0.0,684403.19,0.0,0.0,0.0,924087.56,0.0
C100168,2026-09-10,239684.37,0.0,0.0,684403.19,4469.56,1117.39,5586.95,918500.61,15.66
C100168,2026-09-11,239668.71,10000.0,23966.87,684403.19,0.0,0.0,0.0,910105.03,0.0
C100168,2026-09-14,225701.84,50000.0,22570.18,684403.19,427.79,106.95,534.74,937000.11,1.5
C100168,2026-09-15,253130.16,0.0,0.0,684403.19,6223.16,1555.79,7778.95,929754.4,52.04
C100168,2026-09-16,253078.12,0.0,25307.81,684403.19,0.0,0.0,0.0,912173.5,7.8
C100168,2026-09-17,227762.51,100000.0,0.0,684403.19,0.0,0.0,0.0,1012165.7,0.0
C100168,2026-09-18,327762.51,0.0,0.0,684403.19,5753.74,1438.43,7192.17,1004973.53,33.16
C100168,2026-09-21,327729.35,0.0,0.0,684403.19,0.0,0.0,0.0,1012132.54,27.57
C100168,2026-09-22,327701.78,0.0,32770.18,684403.19,0.0,0.0,0.0,979334.79,0.0
C100168,2026-09-23,294931.6,10000.0,29493.16,684403.19,0.0,0.0,0.0,959841.63,0.0
C100168,2026-09-24,275438.44,0.0,0.0,684403.19,0.0,0.0,0.0,959841.63,0.0
C100168,2026-09-25,275438.44,100000.0,27543.84,684403.19,0.0,0.0,0.0,1032297.79,0.0
C100168,2026-09-28,347894.6,10000.0,34789.46,684403.19,0.0,0.0,0.0,1007508.33,2.93
C100168,2026-09-29,323102.21,0.0,0.0,684403.19,0.0,0.0,0.0,1007505.4,65.03
C100168,2026-09-30,323037.18,0.0,0.0,684403.19,0.0,0.0,0.0,1007440.37,89.81
C100168,2026-10-01,322947.37,100000.0,0.0,684403.19,17365.27,4341.32,21706.59,1085643.97,166.05
C100168,2026-10-02,422781.32,50000.0,0.0,684403.19,0.0,0.0,0.0,1157184.51,0.0
C100168,2026-10-05,472781.32,10000.0,47278.13,684403.19,11326.81,2831.7,14158.51,1105747.87,29.85
C100169,2026-09-08,68035.09,0.0,0.0,680361.26,8667.14,2166.79,10833.93,737562.42,46.24
C100169,2026-09-09,67988.85,0.0,0.0,680361.26,12904.38,3226.09,16130.47,732219.64,118.73
C100169,2026-09-10,67870.12,50000.0,6787.01,680361.26,0.0,0.0,0.0,791444.37,0.0
C100169,2026-09-11,111083.11,100000.0,0.0,680361.26,0.0,0.0,0.0,891444.37,0.0
C100169,2026-09-14,211083.11,100000.0,0.0,680361.26,3019.7,754.92,3774.62,987669.75,53.24
C100169,2026-09-15,311029.87,0.0,0.0,680361.26,0.0,0.0,0.0,991391.13,0.0
C100169,2026-09-16,311029.87,0.0,0.0,680361.26,1419.86,354.97,1774.83,989616.3,4.97
C100169,2026-09-17,311024.9,10000.0,0.0,680361.26,0.0,0.0,0.0,1001386.16,77.37
C100169,2026-09-18,320947.53,0.0,0.0,680361.26,0.0,0.0,0.0,1001308.79,0.0
C100169,2026-09-21,320947.53,10000.0,0.0,680361.26,7005.65,1751.41,8757.06,1002551.73,80.97
C100169,2026-09-22,330866.56,10000.0,33086.66,680361.26,9596.54,2399.14,11995.68,976145.48,46.49
C100169,2026-09-23,307733.41,0.0,0.0,680361.26,0.0,0.0,0.0,988094.67,211.66
C100169,2026-09-24,307521.75,0.0,0.0,680361.26,0.0,0.0,0.0,987883.01,0.0
C100169,2026-09-25,307521.75,10000.0,0.0,680361.26,0.0,0.0,0.0,997883.01,0.0
C100169,2026-09-28,317521.75,50000.0,0.0,680361.26,0.0,0.0,0.0,1047883.01,0.0
C100169,2026-09-29,367521.75,0.0,36752.18,680361.26,0.0,0.0,0.0,1011130.83,114.33
C100169,2026-09-30,330655.24,0.0,33065.52,680361.26,18527.9,4631.98,23159.88,954791.1,57.32
C100169,2026-10-01,297532.4,0.0,0.0,680361.26,18798.56,4699.64,23498.2,954395.46,64.47
C100169,2026-10-02,297467.93,100000.0,0.0,680361.26,0.0,0.0,0.0,1077829.19,65.46
C100169,2026-10-05,397402.47,0.0,0.0,680361.26,0.0,0.0,0.0,1077763.73,0.0
C100170,2026-09-08,970720.11,0.0,0.0,187500.45,0.0,0.0,0.0,1158220.56,19.8
C100170,2026-09-09,970700.31,0.0,0.0,187500.45,0.0,0.0,0.0,1158200.76,8.82
C100170,2026-09-10,970691.49,100000.0,0.0,187500.45,0.0,0.0,0.0,1258191.94,0.0
C100170,2026-09-11,1070691.49,10000.0,0.0,187500.45,0.0,0.0,0.0,1268191.94,8.55
C100170,2026-09-14,1080682.94,0.0,0.0,187500.45,0.0,0.0,0.0,1268183.39,0.0
C100170,2026-09-15,1080682.94,10000.0,0.0,187500.45,394.6,98.65,493.25,1277690.14,2.11
C100170,2026-09-16,1090680.83,10000.0,0.0,187500.45,12219.26,3054.81,15274.07,1272907.21,60.79
C100170,2026-09-17,1100620.04,0.0,110062.0,187500.45,0.0,0.0,0.0,1178058.49,20.83
C100170,2026-09-18,990537.21,100000.0,0.0,187500.45,0.0,0.0,0.0,1278037.66,26.87
C100170,2026-09-21,1090510.34,0.0,0.0,187500.45,0.0,0.0,0.0,1278010.79,4.56
C100170,2026-09-22,1090505.78,0.0,0.0,187500.45,0.0,0.0,0.0,1278006.23,27.9
C100170,2026-09-23,1090477.88,0.0,109047.79,187500.45,0.0,0.0,0.0,1168930.54,6.08
C100170,2026-09-24,981424.01,10000.0,0.0,187500.45,0.0,0.0,0.0,1178924.46,0.0
C100170,2026-09-25,991424.01,10000.0,0.0,187500.45,0.0,0.0,0.0,1188924.46,99.32
C100170,2026-09-28,1001324.69,10000.0,0.0,187500.45,1857.31,464.33,2321.64,1196503.5,172.04
C100170,2026-09-29,1011152.65,50000.0,0.0,187500.45,3688.01,922.0,4610.01,1244043.09,64.52
C100170,2026-09-30,1061088.13,0.0,106108.81,187500.45,0.0,0.0,0.0,1142479.77,0.0
C100170,2026-10-01,954979.32,10000.0,0.0,187500.45,0.0,0.0,0.0,1152479.77,0.0
C100170,2026-10-02,964979.32,0.0,0.0,187500.45,0.0,0.0,0.0,1152479.77,28.9
C100170,2026-10-05,964950.42,100000.0,96495.04,187500.45,0.0,0.0,0.0,1155955.83,0.0
C100171,2026-09-08,313496.72,50000.0,0.0,490073.67,0.0,0.0,0.0,853570.39,0.0
C100171,2026-09-09,363496.72,0.0,0.0,490073.67,9385.64,2346.41,11732.05,841838.34,60.67
C100171,2026-09-10,363436.05,0.0,0.0,490073.67,6571.53,1642.88,8214.41,845295.31,33.75
C100171,2026-09-11,363402.3,50000.0,0.0,490073.67,0.0,0.0,0.0,903475.97,16.34
C100171,2026-09-14,413385.96,0.0,0.0,490073.67,0.0,0.0,0.0,903459.63,0.0
C100171,2026-09-15,413385.96,0.0,41338.6,490073.67,6088.74,1522.18,7610.92,854510.11,21.32
C100171,2026-09-16,372026.04,0.0,0.0,490073.67,0.0,0.0,0.0,862099.71,0.0
C100171,2026-09-17,372026.04,0.0,0.0,490073.67,3098.57,774.64,3873.21,858226.5,54.6
C100171,2026-09-18,371971.44,0.0,0.0,490073.67,0.0,0.0,0.0,862045.11,0.0
C100171,2026-09-21,371971.44,50000.0,0.0,490073.67,0.0,0.0,0.0,912045.11,0.0
C100171,2026-09-22,421971.44,100000.0,0.0,490073.67,0.0,0.0,0.0,1012045.11,0.0
C100171,2026-09-23,521971.44,0.0,52197.14,490073.67,11804.69,2951.17,14755.86,945092.11,41.33
C100171,2026-09-24,469732.97,50000.0,46973.3,490073.67,0.0,0.0,0.0,962833.34,0.0
C100171,2026-09-25,472759.67,100000.0,0.0,490073.67,0.0,0.0,0.0,1062833.34,0.0
C100171,2026-09-28,572759.67,0.0,0.0,490073.67,1218.95,304.74,1523.69,1061309.65,38.72
C100171,2026-09-29,572720.95,50000.0,0.0,490073.67,0.0,0.0,0.0,1112794.62,0.0
C100171,2026-09-30,622720.95,100000.0,62272.1,490073.67,0.0,0.0,0.0,1150522.52,0.0
C100171,2026-10-01,660448.85,50000.0,0.0,490073.67,0.0,0.0,0.0,1200522.52,0.0
C100171,2026-10-02,710448.85,0.0,71044.88,490073.67,1055.6,263.9,1319.5,1128158.14,5.63
C100171,2026-10-05,639398.34,10000.0,0.0,490073.67,16901.71,4225.43,21127.14,1118344.87,77.32
C100172,2026-09-08,99929.36,0.0,0.0,327588.75,849.79,212.45,1062.24,426455.87,39.31
C100172,2026-09-09,99890.05,10000.0,0.0,327588.75,343.6,85.9,429.5,437049.3,113.56
C100172,2026-09-10,109776.49,50000.0,0.0,327588.75,0.0,0.0,0.0,487365.24,0.0
C100172,2026-09-11,159776.49,0.0,15977.65,327588.75,467.72,116.93,584.65,470802.94,2.5
C100172,2026-09-14,143796.34,10000.0,0.0,327588.75,0.0,0.0,0.0,481385.09,0.0
C100172,2026-09-15,153796.34,0.0,15379.63,327588.75,0.0,0.0,0.0,466005.46,47.72
C100172,2026-09-16,138368.99,10000.0,13836.9,327588.75,1828.79,457.2,2285.99,459834.85,12.08
C100172,2026-09-17,134520.01,0.0,0.0,327588.75,8867.33,2216.83,11084.16,451024.6,143.05
C100172,2026-09-18,134376.96,0.0,0.0,327588.75,0.0,0.0,0.0,461965.71,33.67
C100172,2026-09-21,134343.29,0.0,0.0,327588.75,0.0,0.0,0.0,461932.04,0.0
C100172,2026-09-22,134343.29,0.0,13434.33,327588.75,862.17,215.54,1077.71,447420.0,3.01
C100172,2026-09-23,120905.95,100000.0,0.0,327588.75,17536.3,4384.07,21920.37,526574.33,69.87
C100172,2026-09-24,220836.08,0.0,0.0,327588.75,7223.44,1805.86,9029.3,539395.53,25.29
C100172,2026-09-25,220810.79,100000.0,0.0,327588.75,6051.31,1512.83,7564.14,640835.4,93.02
C100172,2026-09-28,320717.77,50000.0,0.0,327588.75,1454.47,363.62,1818.09,696488.43,7.76
C100172,2026-09-29,370710.01,100000.0,0.0,327588.75,12720.25,3180.06,15900.31,782398.45,49.89
C100172,2026-09-30,470660.12,50000.0,0.0,327588.75,0.0,0.0,0.0,848248.87,31.81
C100172,2026-10-01,520628.31,0.0,0.0,327588.75,7282.08,1820.52,9102.6,839114.46,25.5
C100172,2026-10-02,520602.81,0.0,52060.28,327588.75,5680.47,1420.12,7100.59,789030.69,19.9
C100172,2026-10-05,468522.63,0.0,46852.26,327588.75,0.0,0.0,0.0,749259.12,34.48
C100173,2026-09-08,102102.98,10000.0,0.0,363592.47,0.0,0.0,0.0,475695.45,0.0
C100173,2026-09-09,112102.98,10000.0,0.0,363592.47,386.23,96.56,482.79,485212.66,2.06
C100173,2026-09-10,122100.92,0.0,12210.09,363592.47,0.0,0.0,0.0,473483.3,84.87
C100173,2026-09-11,109805.96,0.0,0.0,363592.47,561.71,140.43,702.14,472696.29,87.38
C100173,2026-09-14,109718.58,50000.0,0.0,363592.47,2278.2,569.55,2847.75,520463.3,7.98
C100173,2026-09-15,159710.6,10000.0,0.0,363592.47,0.0,0.0,0.0,533303.07,0.0
C100173,2026-09-16,169710.6,0.0,0.0,363592.47,0.0,0.0,0.0,533303.07,67.4
C100173,2026-09-17,169643.2,50000.0,0.0,363592.47,4332.38,1083.1,5415.48,577820.19,92.41
C100173,2026-09-18,219550.79,0.0,21955.08,363592.47,480.61,120.15,600.76,560587.42,2.56
C100173,2026-09-21,197593.15,0.0,0.0,363592.47,1574.9,393.72,1968.62,559217.0,8.4
C100173,2026-09-22,197584.75,0.0,0.0,363592.47,560.88,140.22,701.1,560476.12,2.99
C100173,2026-09-23,197581.76,0.0,0.0,363592.47,1757.54,439.38,2196.92,558977.31,6.15
C100173,2026-09-24,197575.61,0.0,0.0,363592.47,12864.96,3216.24,16081.2,545086.88,61.88
C100173,2026-09-25,197513.73,50000.0,0.0,363592.47,14057.47,3514.37,17571.84,593534.36,75.0
C100173,2026-09-28,247438.73,10000.0,0.0,363592.47,7904.0,1976.0,9880.0,611151.2,27.68
C100173,2026-09-29,257411.05,100000.0,25741.1,363592.47,0.0,0.0,0.0,695262.42,0.0
C100173,2026-09-30,331669.95,0.0,33167.0,363592.47,0.0,0.0,0.0,662095.42,0.0
C100173,2026-10-01,298502.95,0.0,0.0,363592.47,0.0,0.0,0.0,662095.42,0.0
C100173,2026-10-02,298502.95,10000.0,0.0,363592.47,0.0,0.0,0.0,672095.42,19.23
C100173,2026-10-05,308483.72,10000.0,0.0,363592.47,0.0,0.0,0.0,682076.19,87.4
C100174,2026-09-08,555999.88,10000.0,55599.99,303827.19,0.0,0.0,0.0,814227.08,0.0
C100174,2026-09-09,510399.89,50000.0,0.0,303827.19,0.0,0.0,0.0,864227.08,32.25
C100174,2026-09-10,560367.64,50000.0,0.0,303827.19,0.0,0.0,0.0,914194.83,0.0
C100174,2026-09-11,610367.64,0.0,61036.76,303827.19,0.0,0.0,0.0,853158.07,0.0
C100174,2026-09-14,549330.88,50000.0,0.0,303827.19,5789.69,1447.42,7237.11,895920.96,48.05
C100174,2026-09-15,599282.83,50000.0,0.0,303827.19,4254.24,1063.56,5317.8,947792.22,56.24
C100174,2026-09-16,649226.59,0.0,0.0,303827.19,0.0,0.0,0.0,953053.78,23.67
C100174,2026-09-17,649202.92,10000.0,0.0,303827.19,0.0,0.0,0.0,963030.11,0.0
C100174,2026-09-18,659202.92,0.0,0.0,303827.19,12167.11,3041.78,15208.89,947821.22,64.93
C100174,2026-09-21,659137.99,100000.0,0.0,303827.19,4180.57,1045.14,5225.71,1057739.47,45.66
C100174,2026-09-22,759092.33,0.0,75909.23,303827.19,0.0,0.0,0.0,987010.29,5.12
C100174,2026-09-23,683177.98,50000.0,68317.8,303827.19,0.0,0.0,0.0,968687.37,0.0
C100174,2026-09-24,664860.18,10000.0,0.0,303827.19,586.17,146.54,732.71,977954.66,3.12
C100174,2026-09-25,674857.06,0.0,0.0,303827.19,6095.02,1523.75,7618.77,971065.48,21.34
C100174,2026-09-28,674835.72,100000.0,0.0,303827.19,0.0,0.0,0.0,1078662.91,0.0
C100174,2026-09-29,774835.72,50000.0,0.0,303827.19,10118.8,2529.7,12648.5,1116014.41,53.98
C100174,2026-09-30,824781.74,10000.0,0.0,303827.19,0.0,0.0,0.0,1138608.93,4.05
C100174,2026-10-01,834777.69,0.0,0.0,303827.19,0.0,0.0,0.0,1138604.88,0.0
C100174,2026-10-02,834777.69,10000.0,0.0,303827.19,0.0,0.0,0.0,1148604.88,0.0
C100174,2026-10-05,844777.69,50000.0,0.0,303827.19,0.0,0.0,0.0,1198604.88,0.0
C100175,2026-09-08,123774.43,0.0,12377.44,521360.2,3621.31,905.33,4526.64,628230.55,44.11
C100175,2026-09-09,111352.88,50000.0,0.0,521360.2,7908.22,1977.05,9885.27,672827.81,36.36
C100175,2026-09-10,161316.52,0.0,0.0,521360.2,0.0,0.0,0.0,682676.72,6.01
C100175,2026-09-11,161310.51,100000.0,0.0,521360.2,1131.18,282.8,1413.98,781256.73,3.96
C100175,2026-09-14,261306.55,0.0,0.0,521360.2,0.0,0.0,0.0,782666.75,0.0
C100175,2026-09-15,261306.55,50000.0,26130.66,521360.2,0.0,0.0,0.0,806536.09,150.15
C100175,2026-09-16,285025.74,0.0,28502.57,521360.2,0.0,0.0,0.0,777883.37,25.71
C100175,2026-09-17,256497.46,0.0,0.0,521360.2,0.0,0.0,0.0,777857.66,86.91
C100175,2026-09-18,256410.55,0.0,0.0,521360.2,0.0,0.0,0.0,777770.75,0.0
C100175,2026-09-21,256410.55,0.0,0.0,521360.2,0.0,0.0,0.0,777770.75,0.0
C100175,2026-09-22,256410.55,100000.0,0.0,521360.2,0.0,0.0,0.0,877770.75,18.42
C100175,2026-09-23,356392.13,100000.0,35639.21,521360.2,5501.72,1375.43,6877.15,935235.97,21.71
C100175,2026-09-24,420731.21,0.0,42073.12,521360.2,15200.1,3800.02,19000.12,881018.17,81.1
C100175,2026-09-25,378576.99,100000.0,0.0,521360.2,479.94,119.98,599.92,999337.27,1.68
C100175,2026-09-28,478575.31,100000.0,0.0,521360.2,0.0,0.0,0.0,1099935.51,0.0
C100175,2026-09-29,578575.31,0.0,0.0,521360.2,0.0,0.0,0.0,1099935.51,0.0
C100175,2026-09-30,578575.31,0.0,57857.53,521360.2,0.0,0.0,0.0,1042077.98,0.0
C100175,2026-10-01,520717.78,0.0,0.0,521360.2,0.0,0.0,0.0,1042077.98,0.0
C100175,2026-10-02,520717.78,0.0,0.0,521360.2,2053.27,513.32,2566.59,1039511.39,10.96
C100175,2026-10-05,520706.82,0.0,0.0,521360.2,0.0,0.0,0.0,1042067.02,0.0
C100176,2026-09-08,102045.52,10000.0,0.0,470619.49,0.0,0.0,0.0,582665.01,0.0
C100176,2026-09-09,112045.52,10000.0,0.0,470619.49,0.0,0.0,0.0,592665.01,22.06
C100176,2026-09-10,122023.46,10000.0,12202.35,470619.49,0.0,0.0,0.0,590440.6,0.0
C100176,2026-09-11,119821.11,100000.0,11982.11,470619.49,9622.21,2405.55,12027.76,666430.73,33.7
C100176,2026-09-14,207805.3,0.0,20780.53,470619.49,1991.62,497.9,2489.52,655154.74,6.98
C100176,2026-09-15,187017.79,0.0,0.0,470619.49,0.0,0.0,0.0,657637.28,0.0
C100176,2026-09-16,187017.79,0.0,0.0,470619.49,18205.43,4551.36,22756.79,634880.49,221.09
C100176,2026-09-17,186796.7,50000.0,0.0,470619.49,0.0,0.0,0.0,707416.19,0.0
C100176,2026-09-18,236796.7,0.0,0.0,470619.49,0.0,0.0,0.0,707416.19,26.01
C100176,2026-09-21,236770.69,10000.0,23677.07,470619.49,32311.76,8077.94,40389.7,653323.41,121.91
C100176,2026-09-22,222971.71,0.0,0.0,470619.49,0.0,0.0,0.0,693591.2,46.0
C100176,2026-09-23,222925.71,0.0,0.0,470619.49,804.06,201.01,1005.07,692540.13,29.78
C100176,2026-09-24,222895.93,50000.0,22289.59,470619.49,0.0,0.0,0.0,721225.83,14.69
C100176,2026-09-25,250591.65,0.0,25059.16,470619.49,3982.18,995.54,4977.72,691174.26,62.5
C100176,2026-09-28,225469.99,10000.0,0.0,470619.49,323.64,80.91,404.55,705684.93,1.13
C100176,2026-09-29,235468.86,10000.0,0.0,470619.49,10733.04,2683.26,13416.3,702672.05,49.2
C100176,2026-09-30,245419.66,50000.0,0.0,470619.49,0.0,0.0,0.0,766039.15,0.0
C100176,2026-10-01,295419.66,100000.0,29541.97,470619.49,0.0,0.0,0.0,836497.18,27.75
C100176,2026-10-02,365849.94,0.0,0.0,470619.49,2411.06,602.77,3013.83,833455.6,8.44
C100176,2026-10-05,365841.5,0.0,36584.15,470619.49,5671.87,1417.97,7089.84,792787.0,19.86
C100177,2026-09-08,27150.86,0.0,0.0,253227.83,0.0,0.0,0.0,280378.69,7.0
C100177,2026-09-09,27143.86,100000.0,0.0,253227.83,4435.4,1108.85,5544.25,374827.44,23.66
C100177,2026-09-10,127120.2,100000.0,0.0,253227.83,0.0,0.0,0.0,480348.03,0.0
C100177,2026-09-11,227120.2,100000.0,0.0,253227.83,3413.81,853.45,4267.26,576080.77,18.21
C100177,2026-09-14,327101.99,0.0,0.0,253227.83,2906.32,726.58,3632.9,576696.92,15.51
C100177,2026-09-15,327086.48,10000.0,0.0,253227.83,4381.4,1095.35,5476.75,584837.56,40.8
C100177,2026-09-16,337045.68,0.0,0.0,253227.83,0.0,0.0,0.0,590273.51,0.0
C100177,2026-09-17,337045.68,0.0,0.0,253227.83,0.0,0.0,0.0,590273.51,14.85
C100177,2026-09-18,337030.83,0.0,0.0,253227.83,0.0,0.0,0.0,590258.66,0.0
C100177,2026-09-21,337030.83,100000.0,0.0,253227.83,16448.66,4112.16,20560.82,669697.84,80.61
C100177,2026-09-22,436950.22,50000.0,43695.02,253227.83,5041.55,1260.39,6301.94,690181.09,50.59
C100177,2026-09-23,443204.61,50000.0,0.0,253227.83,8868.59,2217.15,11085.74,735346.7,34.46
C100177,2026-09-24,493170.15,50000.0,0.0,253227.83,0.0,0.0,0.0,796397.98,0.0
C100177,2026-09-25,543170.15,10000.0,0.0,253227.83,0.0,0.0,0.0,806397.98,0.0
C100177,2026-09-28,553170.15,0.0,0.0,253227.83,0.0,0.0,0.0,806397.98,0.0
C100177,2026-09-29,553170.15,100000.0,0.0,253227.83,9349.44,2337.36,11686.8,894711.18,49.37
C100177,2026-09-30,653120.78,0.0,0.0,253227.83,17906.98,4476.74,22383.72,883964.89,115.56
C100177,2026-10-01,653005.22,10000.0,0.0,253227.83,2179.3,544.83,2724.13,913508.92,7.63
C100177,2026-10-02,662997.59,0.0,0.0,253227.83,0.0,0.0,0.0,916225.42,0.0
C100177,2026-10-05,662997.59,10000.0,0.0,253227.83,0.0,0.0,0.0,926225.42,55.97
C100178,2026-09-08,95986.06,0.0,9598.61,216013.25,7927.96,1981.99,9909.95,292490.75,27.76
C100178,2026-09-09,86359.69,0.0,0.0,216013.25,0.0,0.0,0.0,302372.94,4.62
C100178,2026-09-10,86355.07,0.0,0.0,216013.25,0.0,0.0,0.0,302368.32,0.0
C100178,2026-09-11,86355.07,0.0,0.0,216013.25,0.0,0.0,0.0,302368.32,0.0
C100178,2026-09-14,86355.07,50000.0,0.0,216013.25,0.0,0.0,0.0,352368.32,0.0
C100178,2026-09-15,136355.07,10000.0,13635.51,216013.25,10105.34,2526.34,12631.68,336101.13,53.91
C100178,2026-09-16,132665.65,0.0,0.0,216013.25,0.0,0.0,0.0,348678.9,0.0
C100178,2026-09-17,132665.65,0.0,13266.56,216013.25,0.0,0.0,0.0,335412.34,0.0
C100178,2026-09-18,119399.09,0.0,11939.91,216013.25,0.0,0.0,0.0,323472.43,0.0
C100178,2026-09-21,107459.18,10000.0,10745.92,216013.25,4987.26,1246.82,6234.08,316492.43,30.98
C100178,2026-09-22,106682.28,50000.0,0.0,216013.25,0.0,0.0,0.0,372695.53,0.0
C100178,2026-09-23,156682.28,100000.0,15668.23,216013.25,2853.14,713.29,3566.43,453460.87,10.0
C100178,2026-09-24,241004.05,0.0,0.0,216013.25,17589.14,4397.29,21986.43,435030.87,90.21
C100178,2026-09-25,240913.84,0.0,0.0,216013.25,0.0,0.0,0.0,456927.09,0.0
C100178,2026-09-28,240913.84,0.0,0.0,216013.25,0.0,0.0,0.0,456927.09,178.05
C100178,2026-09-29,240735.79,50000.0,0.0,216013.25,0.0,0.0,0.0,506749.04,0.0
C100178,2026-09-30,290735.79,50000.0,0.0,216013.25,808.74,202.19,1010.93,555738.11,21.4
C100178,2026-10-01,340714.39,50000.0,0.0,216013.25,0.0,0.0,0.0,606727.64,0.0
C100178,2026-10-02,390714.39,0.0,0.0,216013.25,1427.13,356.78,1783.91,604943.73,7.61
C100178,2026-10-05,390706.78,100000.0,0.0,216013.25,0.0,0.0,0.0,706720.03,0.0
C100179,2026-09-08,118921.47,50000.0,0.0,635738.88,7893.6,1973.4,9867.0,794793.35,42.11
C100179,2026-09-09,168879.36,0.0,0.0,635738.88,0.0,0.0,0.0,804618.24,0.0
C100179,2026-09-10,168879.36,0.0,0.0,635738.88,0.0,0.0,0.0,804618.24,35.86
C100179,2026-09-11,168843.5,0.0,0.0,635738.88,0.0,0.0,0.0,804582.38,6.89
C100179,2026-09-14,168836.61,10000.0,0.0,635738.88,0.0,0.0,0.0,814575.49,80.41
C100179,2026-09-15,178756.2,0.0,0.0,635738.88,0.0,0.0,0.0,814495.08,17.16
C100179,2026-09-16,178739.04,50000.0,0.0,635738.88,0.0,0.0,0.0,864477.92,0.0
C100179,2026-09-17,228739.04,0.0,0.0,635738.88,1365.69,341.42,1707.11,862770.81,7.29
C100179,2026-09-18,228731.75,50000.0,0.0,635738.88,0.0,0.0,0.0,914470.63,0.0
C100179,2026-09-21,278731.75,0.0,0.0,635738.88,0.0,0.0,0.0,914470.63,0.0
C100179,2026-09-22,278731.75,0.0,27873.18,635738.88,0.0,0.0,0.0,886597.45,35.32
C100179,2026-09-23,250823.25,100000.0,0.0,635738.88,686.27,171.57,857.84,985704.29,2.4
C100179,2026-09-24,350820.85,100000.0,0.0,635738.88,5243.29,1310.82,6554.11,1080005.62,20.17
C100179,2026-09-25,450800.68,0.0,0.0,635738.88,0.0,0.0,0.0,1086539.56,0.0
C100179,2026-09-28,450800.68,10000.0,0.0,635738.88,0.0,0.0,0.0,1096539.56,0.0
C100179,2026-09-29,460800.68,0.0,0.0,635738.88,1442.22,360.56,1802.78,1094736.78,7.7
C100179,2026-09-30,460792.98,10000.0,0.0,635738.88,0.0,0.0,0.0,1106531.86,0.0
C100179,2026-10-01,470792.98,0.0,0.0,635738.88,16417.77,4104.44,20522.21,1086009.65,50.28
C100179,2026-10-02,470742.7,0.0,0.0,635738.88,0.0,0.0,0.0,1106481.58,0.0
C100179,2026-10-05,470742.7,0.0,0.0,635738.88,10311.6,2577.9,12889.5,1093592.08,61.54
C100180,2026-09-08,32612.65,0.0,3261.27,277922.62,5072.65,1268.16,6340.81,300933.19,92.97
C100180,2026-09-09,29258.41,0.0,0.0,277922.62,0.0,0.0,0.0,307181.03,0.0
C100180,2026-09-10,29258.41,0.0,2925.84,277922.62,0.0,0.0,0.0,304255.19,0.0
C100180,2026-09-11,26332.57,0.0,0.0,277922.62,1387.55,346.89,1734.44,302520.75,7.4
C100180,2026-09-14,26325.17,50000.0,0.0,277922.62,0.0,0.0,0.0,354247.79,0.0
C100180,2026-09-15,76325.17,0.0,0.0,277922.62,3739.85,934.96,4674.81,349572.98,13.1
C100180,2026-09-16,76312.07,50000.0,0.0,277922.62,13732.91,3433.23,17166.14,387068.55,64.57
C100180,2026-09-17,126247.5,100000.0,0.0,277922.62,300.5,75.13,375.63,503794.49,1.6
C100180,2026-09-18,226245.9,100000.0,0.0,277922.62,0.0,0.0,0.0,604168.52,0.0
C100180,2026-09-21,326245.9,0.0,0.0,277922.62,0.0,0.0,0.0,604168.52,0.0
C100180,2026-09-22,326245.9,100000.0,0.0,277922.62,1527.7,381.92,1909.62,702258.9,47.17
C100180,2026-09-23,426198.73,100000.0,0.0,277922.62,0.0,0.0,0.0,804121.35,0.0
C100180,2026-09-24,526198.73,0.0,0.0,277922.62,0.0,0.0,0.0,804121.35,159.61
C100180,2026-09-25,526039.12,100000.0,0.0,277922.62,6893.54,1723.39,8616.93,895344.81,55.79
C100180,2026-09-28,625983.33,100000.0,62598.33,277922.62,0.0,0.0,0.0,941307.62,39.81
C100180,2026-09-29,663345.19,50000.0,66334.52,277922.62,0.0,0.0,0.0,924933.29,0.0
C100180,2026-09-30,647010.67,10000.0,0.0,277922.62,0.0,0.0,0.0,934933.29,0.0
C100180,2026-10-01,657010.67,100000.0,0.0,277922.62,5969.74,1492.43,7462.17,1027471.12,21.26
C100180,2026-10-02,756989.41,0.0,0.0,277922.62,0.0,0.0,0.0,1034912.03,32.33
C100180,2026-10-05,756957.08,50000.0,0.0,277922.62,3779.9,944.98,4724.88,1080154.82,13.24
C100181,2026-09-08,50576.73,100000.0,0.0,398022.66,946.87,236.72,1183.59,547415.8,81.35
C100181,2026-09-09,150495.38,50000.0,0.0,398022.66,3130.45,782.61,3913.06,594604.98,16.7
C100181,2026-09-10,200478.68,10000.0,0.0,398022.66,0.0,0.0,0.0,608501.34,0.0
C100181,2026-09-11,210478.68,0.0,0.0,398022.66,0.0,0.0,0.0,608501.34,0.0
C100181,2026-09-14,210478.68,50000.0,0.0,398022.66,0.0,0.0,0.0,658501.34,42.65
C100181,2026-09-15,260436.03,0.0,0.0,398022.66,0.0,0.0,0.0,658458.69,59.07
C100181,2026-09-16,260376.96,100000.0,26037.7,398022.66,0.0,0.0,0.0,732361.92,48.3
C100181,2026-09-17,334290.96,10000.0,33429.1,398022.66,1455.95,363.99,1819.94,707064.58,5.1
C100181,2026-09-18,310856.76,10000.0,0.0,398022.66,0.0,0.0,0.0,718879.42,0.0
C100181,2026-09-21,320856.76,100000.0,0.0,398022.66,30584.22,7646.05,38230.27,780649.15,160.56
C100181,2026-09-22,420696.2,50000.0,0.0,398022.66,0.0,0.0,0.0,868718.86,0.0
C100181,2026-09-23,470696.2,0.0,0.0,398022.66,16797.05,4199.26,20996.31,847722.55,49.24
C100181,2026-09-24,470646.96,10000.0,47064.7,398022.66,0.0,0.0,0.0,831604.92,0.0
C100181,2026-09-25,433582.26,100000.0,0.0,398022.66,20406.92,5101.73,25508.65,906096.27,43.78
C100181,2026-09-28,533538.48,100000.0,0.0,398022.66,8202.89,2050.72,10253.61,1021307.53,53.82
C100181,2026-09-29,633484.66,0.0,0.0,398022.66,0.0,0.0,0.0,1031507.32,0.0
C100181,2026-09-30,633484.66,0.0,0.0,398022.66,0.0,0.0,0.0,1031507.32,0.0
C100181,2026-10-01,633484.66,50000.0,0.0,398022.66,0.0,0.0,0.0,1081507.32,0.0
C100181,2026-10-02,683484.66,0.0,0.0,398022.66,0.0,0.0,0.0,1081507.32,5.31
C100181,2026-10-05,683479.35,0.0,0.0,398022.66,0.0,0.0,0.0,1081502.01,0.0
C100182,2026-09-08,179469.0,0.0,0.0,299098.53,1376.17,344.04,1720.21,476847.32,4.82
C100182,2026-09-09,179464.18,10000.0,0.0,299098.53,4691.86,1172.96,5864.82,482697.89,35.47
C100182,2026-09-10,189428.71,100000.0,18942.87,299098.53,18878.04,4719.51,23597.55,545986.82,78.65
C100182,2026-09-11,270407.19,0.0,0.0,299098.53,0.0,0.0,0.0,569505.72,0.0
C100182,2026-09-14,270407.19,50000.0,27040.72,299098.53,0.0,0.0,0.0,592465.0,0.0
C100182,2026-09-15,293366.47,0.0,29336.65,299098.53,0.0,0.0,0.0,563128.35,0.0
C100182,2026-09-16,264029.82,0.0,0.0,299098.53,0.0,0.0,0.0,563128.35,0.0
C100182,2026-09-17,264029.82,0.0,0.0,299098.53,11696.14,2924.03,14620.17,548508.18,40.96
C100182,2026-09-18,263988.86,50000.0,26398.89,299098.53,0.0,0.0,0.0,586688.5,0.0
C100182,2026-09-21,287589.97,10000.0,0.0,299098.53,0.0,0.0,0.0,596688.5,0.0
C100182,2026-09-22,297589.97,50000.0,29759.0,299098.53,17892.42,4473.1,22365.52,594563.98,66.28
C100182,2026-09-23,317764.69,0.0,0.0,299098.53,0.0,0.0,0.0,616863.22,0.0
C100182,2026-09-24,317764.69,0.0,0.0,299098.53,1534.68,383.67,1918.35,614944.87,5.37
C100182,2026-09-25,317759.32,10000.0,0.0,299098.53,0.0,0.0,0.0,626857.85,208.76
C100182,2026-09-28,327550.56,0.0,0.0,299098.53,19153.12,4788.28,23941.4,602707.69,147.19
C100182,2026-09-29,327403.37,0.0,0.0,299098.53,7779.42,1944.86,9724.28,616777.62,47.25
C100182,2026-09-30,327356.12,100000.0,0.0,299098.53,971.6,242.9,1214.5,725240.15,23.6
C100182,2026-10-01,427332.52,10000.0,42733.25,299098.53,0.0,0.0,0.0,693697.8,0.0
C100182,2026-10-02,394599.27,10000.0,0.0,299098.53,0.0,0.0,0.0,703697.8,24.15
C100182,2026-10-05,404575.12,0.0,0.0,299098.53,0.0,0.0,0.0,703673.65,56.44
C100183,2026-09-08,63184.52,0.0,6318.45,212876.47,0.0,0.0,0.0,269742.54,0.0
C100183,2026-09-09,56866.07,10000.0,5686.61,212876.47,7727.84,1931.96,9659.8,264396.13,226.99
C100183,2026-09-10,60952.47,100000.0,0.0,212876.47,17654.94,4413.73,22068.67,351760.27,65.71
C100183,2026-09-11,160886.76,0.0,16088.68,212876.47,0.0,0.0,0.0,357674.55,0.0
C100183,2026-09-14,144798.08,0.0,14479.81,212876.47,7300.72,1825.18,9125.9,334068.84,38.95
C100183,2026-09-15,130279.32,0.0,0.0,212876.47,557.7,139.42,697.12,342458.67,2.98
C100183,2026-09-16,130276.34,0.0,0.0,212876.47,13121.94,3280.48,16402.42,326750.39,45.95
C100183,2026-09-17,130230.39,0.0,13023.04,212876.47,0.0,0.0,0.0,330083.82,0.0
C100183,2026-09-18,117207.35,0.0,0.0,212876.47,0.0,0.0,0.0,330083.82,0.0
C100183,2026-09-21,117207.35,0.0,0.0,212876.47,0.0,0.0,0.0,330083.82,0.0
C100183,2026-09-22,117207.35,50000.0,0.0,212876.47,0.0,0.0,0.0,380083.82,53.53
C100183,2026-09-23,167153.82,100000.0,0.0,212876.47,0.0,0.0,0.0,480030.29,0.0
C100183,2026-09-24,267153.82,10000.0,26715.38,212876.47,0.0,0.0,0.0,463314.91,20.22
C100183,2026-09-25,250418.22,50000.0,25041.82,212876.47,0.0,0.0,0.0,488252.87,0.0
C100183,2026-09-28,275376.4,0.0,27537.64,212876.47,1837.11,459.28,2296.39,458418.84,9.8
C100183,2026-09-29,247828.96,0.0,24782.9,212876.47,695.18,173.8,868.98,435053.55,3.71
C100183,2026-09-30,223042.35,0.0,0.0,212876.47,0.0,0.0,0.0,435918.82,0.0
C100183,2026-10-01,223042.35,0.0,0.0,212876.47,439.25,109.81,549.06,435369.76,75.8
C100183,2026-10-02,222966.55,50000.0,0.0,212876.47,557.94,139.48,697.42,485145.6,2.97
C100183,2026-10-05,272963.58,10000.0,27296.36,212876.47,5517.86,1379.47,6897.33,461646.36,74.49
C100184,2026-09-08,565064.27,0.0,0.0,380699.97,7717.83,1929.46,9647.29,936116.95,70.11
C100184,2026-09-09,564994.16,0.0,0.0,380699.97,0.0,0.0,0.0,945694.13,35.44
C100184,2026-09-10,564958.72,0.0,56495.87,380699.97,0.0,0.0,0.0,889162.82,0.0
C100184,2026-09-11,508462.85,50000.0,0.0,380699.97,0.0,0.0,0.0,939162.82,0.0
C100184,2026-09-14,558462.85,0.0,0.0,380699.97,1458.07,364.52,1822.59,937340.23,5.11
C100184,2026-09-15,558457.74,100000.0,55845.77,380699.97,8109.17,2027.29,10136.46,973175.48,43.26
C100184,2026-09-16,602568.71,0.0,0.0,380699.97,1207.96,301.99,1509.95,981758.73,26.83
C100184,2026-09-17,602541.88,100000.0,60254.19,380699.97,544.75,136.19,680.94,1022306.72,1.91
C100184,2026-09-18,642285.78,0.0,0.0,380699.97,0.0,0.0,0.0,1022985.75,226.18
C100184,2026-09-21,642059.6,100000.0,0.0,380699.97,0.0,0.0,0.0,1122759.57,34.84
C100184,2026-09-22,742024.76,0.0,0.0,380699.97,0.0,0.0,0.0,1122724.73,0.0
C100184,2026-09-23,742024.76,0.0,0.0,380699.97,445.34,111.33,556.67,1122168.06,2.38
C100184,2026-09-24,742022.38,0.0,0.0,380699.97,1294.54,323.63,1618.17,1121104.18,4.53
C100184,2026-09-25,742017.85,0.0,0.0,380699.97,12447.52,3111.88,15559.4,1107158.42,54.99
C100184,2026-09-28,741962.86,50000.0,0.0,380699.97,0.0,0.0,0.0,1172662.83,0.0
C100184,2026-09-29,791962.86,100000.0,0.0,380699.97,0.0,0.0,0.0,1272662.83,85.79
C100184,2026-09-30,891877.07,0.0,89187.71,380699.97,687.28,171.82,859.1,1182530.23,2.4
C100184,2026-10-01,802686.96,0.0,80268.7,380699.97,959.83,239.96,1199.79,1101918.44,50.42
C100184,2026-10-02,722367.84,0.0,0.0,380699.97,1773.07,443.27,2216.34,1100851.47,7.64
C100184,2026-10-05,722360.2,100000.0,72236.02,380699.97,0.0,0.0,0.0,1130824.15,0.0
C100185,2026-09-08,253056.44,0.0,0.0,374916.15,0.0,0.0,0.0,627972.59,21.0
C100185,2026-09-09,253035.44,0.0,25303.54,374916.15,1395.15,348.79,1743.94,600904.11,4.89
C100185,2026-09-10,227727.01,0.0,0.0,374916.15,0.0,0.0,0.0,602643.16,31.71
C100185,2026-09-11,227695.3,50000.0,0.0,374916.15,12151.92,3037.98,15189.9,637421.55,42.55
C100185,2026-09-14,277652.75,0.0,0.0,374916.15,368.83,92.21,461.04,652107.86,1.97
C100185,2026-09-15,277650.78,100000.0,0.0,374916.15,0.0,0.0,0.0,752566.93,6.14
C100185,2026-09-16,377644.64,50000.0,0.0,374916.15,3296.54,824.14,4120.68,798440.11,57.18
C100185,2026-09-17,427587.46,0.0,42758.75,374916.15,9075.28,2268.82,11344.1,748400.76,48.42
C100185,2026-09-18,384780.29,0.0,0.0,374916.15,8169.5,2042.38,10211.88,749484.56,43.58
C100185,2026-09-21,384736.71,0.0,0.0,374916.15,0.0,0.0,0.0,759652.86,38.83
C100185,2026-09-22,384697.88,10000.0,0.0,374916.15,0.0,0.0,0.0,769614.03,14.38
C100185,2026-09-23,394683.5,50000.0,0.0,374916.15,12257.05,3064.26,15321.31,804278.34,52.11
C100185,2026-09-24,444631.39,0.0,0.0,374916.15,0.0,0.0,0.0,819547.54,0.0
C100185,2026-09-25,444631.39,0.0,0.0,374916.15,7029.36,1757.34,8786.7,810760.84,37.5
C100185,2026-09-28,444593.89,100000.0,0.0,374916.15,0.0,0.0,0.0,919510.04,0.0
C100185,2026-09-29,544593.89,0.0,0.0,374916.15,0.0,0.0,0.0,919510.04,5.97
C100185,2026-09-30,544587.92,0.0,0.0,374916.15,0.0,0.0,0.0,919504.07,0.0
C100185,2026-10-01,544587.92,0.0,0.0,374916.15,767.23,191.81,959.04,918545.03,2.69
C100185,2026-10-02,544585.23,100000.0,0.0,374916.15,16420.7,4105.17,20525.87,998975.51,42.94
C100185,2026-10-05,644542.29,0.0,0.0,374916.15,4153.6,1038.4,5192.0,1014266.44,20.23
C100186,2026-09-08,821151.51,50000.0,0.0,246057.58,0.0,0.0,0.0,1117209.09,0.0
C100186,2026-09-09,871151.51,0.0,0.0,246057.58,2920.62,730.15,3650.77,1113558.32,15.58
C100186,2026-09-10,871135.93,0.0,87113.59,246057.58,4305.64,1076.41,5382.05,1024697.87,126.19
C100186,2026-09-11,783896.15,0.0,0.0,246057.58,1464.83,366.21,1831.04,1028122.69,5.13
C100186,2026-09-14,783891.02,10000.0,0.0,246057.58,0.0,0.0,0.0,1039948.6,53.59
C100186,2026-09-15,793837.43,50000.0,0.0,246057.58,0.0,0.0,0.0,1089895.01,7.15
C100186,2026-09-16,843830.28,50000.0,84383.03,246057.58,2821.2,705.3,3526.5,1051978.33,15.05
C100186,2026-09-17,809432.2,100000.0,0.0,246057.58,838.03,209.51,1047.54,1154442.24,24.6
C100186,2026-09-18,909407.6,100000.0,90940.76,246057.58,0.0,0.0,0.0,1164524.42,60.95
C100186,2026-09-21,918405.89,100000.0,91840.59,246057.58,1582.8,395.7,1978.5,1170644.38,12.15
C100186,2026-09-22,926553.15,50000.0,92655.32,246057.58,0.0,0.0,0.0,1129955.41,0.0
C100186,2026-09-23,883897.83,0.0,0.0,246057.58,0.0,0.0,0.0,1129955.41,24.71
C100186,2026-09-24,883873.12,0.0,0.0,246057.58,12475.62,3118.9,15594.52,1114336.18,108.45
C100186,2026-09-25,883764.67,0.0,0.0,246057.58,330.76,82.69,413.45,1129408.8,1.77
C100186,2026-09-28,883762.9,100000.0,88376.29,246057.58,0.0,0.0,0.0,1141444.19,0.0
C100186,2026-09-29,895386.61,0.0,0.0,246057.58,0.0,0.0,0.0,1141444.19,0.0
C100186,2026-09-30,895386.61,0.0,0.0,246057.58,317.54,79.39,396.93,1141047.26,1.7
C100186,2026-10-01,895384.91,0.0,0.0,246057.58,729.66,182.41,912.07,1140530.42,21.22
C100186,2026-10-02,895363.69,0.0,0.0,246057.58,3473.66,868.42,4342.08,1137079.19,176.41
C100186,2026-10-05,895187.28,100000.0,89518.73,246057.58,10618.56,2654.64,13273.2,1138452.93,37.18
C100187,2026-09-08,98490.27,100000.0,0.0,200597.41,0.0,0.0,0.0,399087.68,0.0
C100187,2026-09-09,198490.27,10000.0,0.0,200597.41,1308.74,327.19,1635.93,407451.75,6.99
C100187,2026-09-10,208483.28,0.0,0.0,200597.41,0.0,0.0,0.0,409080.69,0.0
C100187,2026-09-11,208483.28,0.0,0.0,200597.41,4077.58,1019.39,5096.97,403983.72,21.75
C100187,2026-09-14,208461.53,0.0,20846.15,200597.41,8889.75,2222.44,11112.19,377100.6,47.43
C100187,2026-09-15,187567.95,0.0,0.0,200597.41,8858.68,2214.67,11073.35,377092.01,279.36
C100187,2026-09-16,187288.59,10000.0,18728.86,200597.41,3028.27,757.07,3785.34,375371.8,16.16
C100187,2026-09-17,178543.57,0.0,0.0,200597.41,0.0,0.0,0.0,379140.98,51.76
C100187,2026-09-18,178491.81,100000.0,17849.18,200597.41,0.0,0.0,0.0,461240.04,22.06
C100187,2026-09-21,260620.57,50000.0,0.0,200597.41,0.0,0.0,0.0,511217.98,0.0
C100187,2026-09-22,310620.57,0.0,0.0,200597.41,0.0,0.0,0.0,511217.98,0.0
C100187,2026-09-23,310620.57,0.0,0.0,200597.41,6176.35,1544.09,7720.44,503497.54,47.12
C100187,2026-09-24,310573.45,0.0,0.0,200597.41,1732.35,433.09,2165.44,509005.42,37.23
C100187,2026-09-25,310536.22,100000.0,0.0,200597.41,17934.56,4483.64,22418.2,588715.43,62.59
C100187,2026-09-28,410473.63,0.0,0.0,200597.41,3813.89,953.47,4767.36,606303.68,20.35
C100187,2026-09-29,410453.28,100000.0,0.0,200597.41,5767.03,1441.76,7208.79,703841.9,30.77
C100187,2026-09-30,510422.51,50000.0,0.0,200597.41,0.0,0.0,0.0,761019.92,0.0
C100187,2026-10-01,560422.51,50000.0,0.0,200597.41,6364.66,1591.16,7955.82,803064.1,216.45
C100187,2026-10-02,610206.06,50000.0,61020.61,200597.41,16830.52,4207.63,21038.15,778744.71,67.43
C100187,2026-10-05,599118.02,50000.0,0.0,200597.41,0.0,0.0,0.0,849715.43,0.0
C100188,2026-09-08,313866.86,0.0,0.0,290548.43,0.0,0.0,0.0,604415.29,8.97
C100188,2026-09-09,313857.89,50000.0,0.0,290548.43,5683.48,1420.87,7104.35,647301.97,21.13
C100188,2026-09-10,363836.76,0.0,0.0,290548.43,3580.7,895.17,4475.87,649909.32,18.34
C100188,2026-09-11,363818.42,0.0,0.0,290548.43,0.0,0.0,0.0,654366.85,0.0
C100188,2026-09-14,363818.42,0.0,0.0,290548.43,0.0,0.0,0.0,654366.85,0.0
C100188,2026-09-15,363818.42,0.0,0.0,290548.43,2112.93,528.23,2641.16,651725.69,7.4
C100188,2026-09-16,363811.02,0.0,36381.1,290548.43,0.0,0.0,0.0,617978.35,8.3
C100188,2026-09-17,327421.62,50000.0,0.0,290548.43,2850.34,712.58,3562.92,664407.13,11.06
C100188,2026-09-18,377410.56,10000.0,0.0,290548.43,541.5,135.38,676.88,677282.11,2.89
C100188,2026-09-21,387407.67,0.0,0.0,290548.43,0.0,0.0,0.0,677956.1,0.0
C100188,2026-09-22,387407.67,0.0,38740.77,290548.43,12493.26,3123.32,15616.58,623598.75,53.4
C100188,2026-09-23,348613.5,0.0,34861.35,290548.43,0.0,0.0,0.0,604300.58,0.0
C100188,2026-09-24,313752.15,0.0,0.0,290548.43,0.0,0.0,0.0,604300.58,0.0
C100188,2026-09-25,313752.15,100000.0,0.0,290548.43,0.0,0.0,0.0,704300.58,53.02
C100188,2026-09-28,413699.13,0.0,0.0,290548.43,0.0,0.0,0.0,704247.56,0.0
C100188,2026-09-29,413699.13,0.0,41369.91,290548.43,1699.97,424.99,2124.96,660752.69,33.87
C100188,2026-09-30,372295.35,10000.0,0.0,290548.43,6647.5,1661.87,8309.37,664534.41,96.54
C100188,2026-10-01,382198.81,50000.0,38219.88,290548.43,0.0,0.0,0.0,684527.36,0.0
C100188,2026-10-02,393978.93,50000.0,0.0,290548.43,0.0,0.0,0.0,734527.36,0.0
C100188,2026-10-05,443978.93,0.0,0.0,290548.43,0.0,0.0,0.0,734527.36,0.0
C100189,2026-09-08,71924.18,10000.0,0.0,230409.32,2031.35,507.84,2539.19,309794.31,9.76
C100189,2026-09-09,81914.42,0.0,0.0,230409.32,12235.15,3058.79,15293.94,297029.8,30.35
C100189,2026-09-10,81884.07,0.0,8188.41,230409.32,0.0,0.0,0.0,304104.98,0.0
C100189,2026-09-11,73695.66,0.0,0.0,230409.32,7190.1,1797.52,8987.62,295117.36,25.18
C100189,2026-09-14,73670.48,0.0,0.0,230409.32,0.0,0.0,0.0,304079.8,0.0
C100189,2026-09-15,73670.48,0.0,0.0,230409.32,1548.53,387.13,1935.66,302144.14,5.42
C100189,2026-09-16,73665.06,10000.0,0.0,230409.32,0.0,0.0,0.0,314074.38,0.0
C100189,2026-09-17,83665.06,50000.0,0.0,230409.32,0.0,0.0,0.0,364074.38,72.93
C100189,2026-09-18,133592.13,100000.0,0.0,230409.32,1136.11,284.03,1420.14,462581.31,3.98
C100189,2026-09-21,233588.15,100000.0,0.0,230409.32,0.0,0.0,0.0,563997.47,0.0
C100189,2026-09-22,333588.15,100000.0,33358.82,230409.32,13002.08,3250.52,16252.6,614386.05,32.48
C100189,2026-09-23,400196.85,10000.0,40019.68,230409.32,0.0,0.0,0.0,600586.49,0.0
C100189,2026-09-24,370177.17,0.0,0.0,230409.32,0.0,0.0,0.0,600586.49,17.91
C100189,2026-09-25,370159.26,0.0,0.0,230409.32,17257.32,4314.33,21571.65,578996.93,74.25
C100189,2026-09-28,370085.01,100000.0,0.0,230409.32,0.0,0.0,0.0,700494.33,134.81
C100189,2026-09-29,469950.2,10000.0,0.0,230409.32,0.0,0.0,0.0,710359.52,43.89
C100189,2026-09-30,479906.31,50000.0,0.0,230409.32,0.0,0.0,0.0,760315.63,0.0
C100189,2026-10-01,529906.31,0.0,52990.63,230409.32,0.0,0.0,0.0,707325.0,41.64
C100189,2026-10-02,476874.04,100000.0,47687.4,230409.32,0.0,0.0,0.0,759595.96,0.0
C100189,2026-10-05,529186.64,10000.0,0.0,230409.32,3670.18,917.54,4587.72,765008.24,18.37
C100190,2026-09-08,35271.55,10000.0,0.0,248093.78,0.0,0.0,0.0,293365.33,92.55
C100190,2026-09-09,45179.0,0.0,0.0,248093.78,10267.06,2566.76,12833.82,280438.96,29.27
C100190,2026-09-10,45149.73,100000.0,0.0,248093.78,10845.95,2711.49,13557.44,379686.07,55.19
C100190,2026-09-11,145094.54,0.0,0.0,248093.78,0.0,0.0,0.0,393188.32,0.0
C100190,2026-09-14,145094.54,0.0,0.0,248093.78,0.0,0.0,0.0,393188.32,0.0
C100190,2026-09-15,145094.54,100000.0,0.0,248093.78,0.0,0.0,0.0,493188.32,0.0
C100190,2026-09-16,245094.54,0.0,0.0,248093.78,0.0,0.0,0.0,493188.32,0.0
C100190,2026-09-17,245094.54,100000.0,0.0,248093.78,13398.96,3349.74,16748.7,576439.62,46.91
C100190,2026-09-18,345047.63,100000.0,34504.76,248093.78,0.0,0.0,0.0,658636.65,0.0
C100190,2026-09-21,410542.87,0.0,0.0,248093.78,0.0,0.0,0.0,658636.65,0.0
C100190,2026-09-22,410542.87,0.0,0.0,248093.78,0.0,0.0,0.0,658636.65,3.66
C100190,2026-09-23,410539.21,0.0,0.0,248093.78,0.0,0.0,0.0,658632.99,0.0
C100190,2026-09-24,410539.21,0.0,0.0,248093.78,0.0,0.0,0.0,658632.99,0.0
C100190,2026-09-25,410539.21,0.0,0.0,248093.78,0.0,0.0,0.0,658632.99,0.0
C100190,2026-09-28,410539.21,100000.0,0.0,248093.78,0.0,0.0,0.0,758632.99,0.0
C100190,2026-09-29,510539.21,100000.0,51053.92,248093.78,7291.32,1822.83,9114.15,798464.92,25.53
C100190,2026-09-30,559459.76,0.0,0.0,248093.78,0.0,0.0,0.0,807553.54,0.0
C100190,2026-10-01,559459.76,0.0,0.0,248093.78,0.0,0.0,0.0,807553.54,0.0
C100190,2026-10-02,559459.76,0.0,0.0,248093.78,1272.03,318.01,1590.04,805963.5,54.31
C100190,2026-10-05,559405.45,100000.0,0.0,248093.78,0.0,0.0,0.0,907499.23,0.0
C100191,2026-09-08,136697.82,0.0,0.0,133266.7,1566.32,391.58,1957.9,268006.62,5.49
C100191,2026-09-09,136692.33,10000.0,0.0,133266.7,22524.3,5631.07,28155.37,251803.66,115.53
C100191,2026-09-10,146576.8,50000.0,0.0,133266.7,1671.73,417.93,2089.66,327753.84,8.92
C100191,2026-09-11,196567.88,100000.0,0.0,133266.7,3801.34,950.33,4751.67,425082.91,13.31
C100191,2026-09-14,296554.57,0.0,0.0,133266.7,0.0,0.0,0.0,429821.27,0.0
C100191,2026-09-15,296554.57,0.0,29655.46,133266.7,6871.02,1717.75,8588.77,391577.04,24.06
C100191,2026-09-16,266875.05,0.0,0.0,133266.7,0.0,0.0,0.0,400141.75,0.0
C100191,2026-09-17,266875.05,0.0,0.0,133266.7,0.0,0.0,0.0,400141.75,154.17
C100191,2026-09-18,266720.88,50000.0,0.0,133266.7,0.0,0.0,0.0,449987.58,126.42
C100191,2026-09-21,316594.46,0.0,0.0,133266.7,0.0,0.0,0.0,449861.16,0.0
C100191,2026-09-22,316594.46,10000.0,0.0,133266.7,0.0,0.0,0.0,459861.16,17.84
C100191,2026-09-23,326576.62,0.0,32657.66,133266.7,0.0,0.0,0.0,427185.66,0.0
C100191,2026-09-24,293918.96,0.0,29391.9,133266.7,0.0,0.0,0.0,397793.76,5.13
C100191,2026-09-25,264521.93,0.0,0.0,133266.7,0.0,0.0,0.0,397788.63,0.0
C100191,2026-09-28,264521.93,100000.0,0.0,133266.7,4262.67,1065.67,5328.34,492460.29,22.74
C100191,2026-09-29,364499.19,0.0,0.0,133266.7,0.0,0.0,0.0,497765.89,0.0
C100191,2026-09-30,364499.19,10000.0,0.0,133266.7,727.2,181.8,909.0,506856.89,3.88
C100191,2026-10-01,374495.31,100000.0,0.0,133266.7,0.0,0.0,0.0,607762.01,29.43
C100191,2026-10-02,474465.88,0.0,0.0,133266.7,0.0,0.0,0.0,607732.58,0.0
C100191,2026-10-05,474465.88,0.0,0.0,133266.7,13559.04,3389.76,16948.8,590783.78,55.94
C100192,2026-09-08,109567.1,50000.0,0.0,386784.93,0.0,0.0,0.0,546352.03,19.27
C100192,2026-09-09,159547.83,0.0,0.0,386784.93,1642.2,410.55,2052.75,544280.01,50.25
C100192,2026-09-10,159497.58,0.0,0.0,386784.93,0.0,0.0,0.0,546282.51,42.73
C100192,2026-09-11,159454.85,0.0,0.0,386784.93,3136.94,784.24,3921.18,542318.6,16.74
C100192,2026-09-14,159438.11,50000.0,15943.81,386784.93,6665.54,1666.39,8331.93,571947.3,68.72
C100192,2026-09-15,193425.58,0.0,0.0,386784.93,0.0,0.0,0.0,580210.51,19.32
C100192,2026-09-16,193406.26,50000.0,19340.63,386784.93,11923.39,2980.85,14904.24,595946.32,33.22
C100192,2026-09-17,224032.41,0.0,0.0,386784.93,0.0,0.0,0.0,610817.34,20.54
C100192,2026-09-18,224011.87,10000.0,0.0,386784.93,0.0,0.0,0.0,620796.8,0.0
C100192,2026-09-21,234011.87,0.0,23401.19,386784.93,4450.25,1112.56,5562.81,591832.8,15.59
C100192,2026-09-22,210595.09,10000.0,0.0,386784.93,673.2,168.3,841.5,606538.52,211.1
C100192,2026-09-23,220383.99,50000.0,0.0,386784.93,0.0,0.0,0.0,657168.92,0.0
C100192,2026-09-24,270383.99,0.0,0.0,386784.93,0.0,0.0,0.0,657168.92,0.0
C100192,2026-09-25,270383.99,100000.0,0.0,386784.93,568.58,142.14,710.72,756458.2,3.04
C100192,2026-09-28,370380.95,10000.0,0.0,386784.93,0.0,0.0,0.0,767165.88,0.0
C100192,2026-09-29,380380.95,10000.0,38038.1,386784.93,0.0,0.0,0.0,739127.78,0.0
C100192,2026-09-30,352342.85,10000.0,0.0,386784.93,7050.09,1762.52,8812.61,740315.17,24.69
C100192,2026-10-01,362318.16,0.0,0.0,386784.93,689.75,172.44,862.19,748240.9,8.88
C100192,2026-10-02,362309.28,0.0,0.0,386784.93,0.0,0.0,0.0,749094.21,0.0
C100192,2026-10-05,362309.28,0.0,0.0,386784.93,0.0,0.0,0.0,749094.21,0.0
C100193,2026-09-08,67788.46,10000.0,6778.85,199540.17,0.0,0.0,0.0,270549.78,0.0
C100193,2026-09-09,71009.61,0.0,0.0,199540.17,4895.28,1223.82,6119.1,264430.68,17.14
C100193,2026-09-10,70992.47,10000.0,7099.25,199540.17,0.0,0.0,0.0,273433.39,0.0
C100193,2026-09-11,73893.22,0.0,0.0,199540.17,0.0,0.0,0.0,273433.39,0.0
C100193,2026-09-14,73893.22,100000.0,0.0,199540.17,0.0,0.0,0.0,373433.39,0.0
C100193,2026-09-15,173893.22,0.0,0.0,199540.17,0.0,0.0,0.0,373433.39,0.0
C100193,2026-09-16,173893.22,50000.0,0.0,199540.17,0.0,0.0,0.0,423433.39,38.19
C100193,2026-09-17,223855.03,0.0,0.0,199540.17,505.44,126.36,631.8,422763.4,2.7
C100193,2026-09-18,223852.33,0.0,22385.23,199540.17,0.0,0.0,0.0,401007.27,0.0
C100193,2026-09-21,201467.1,10000.0,0.0,199540.17,0.0,0.0,0.0,411007.27,0.0
C100193,2026-09-22,211467.1,0.0,0.0,199540.17,0.0,0.0,0.0,411007.27,129.5
C100193,2026-09-23,211337.6,50000.0,0.0,199540.17,7629.0,1907.25,9536.25,451341.52,26.72
C100193,2026-09-24,261310.88,100000.0,0.0,199540.17,5886.18,1471.54,7357.72,553493.33,65.99
C100193,2026-09-25,361244.89,10000.0,36124.49,199540.17,0.0,0.0,0.0,534660.57,0.0
C100193,2026-09-28,335120.4,0.0,0.0,199540.17,3457.4,864.35,4321.75,530338.82,18.44
C100193,2026-09-29,335101.96,0.0,0.0,199540.17,22260.3,5565.07,27825.37,506816.76,86.64
C100193,2026-09-30,335015.32,50000.0,0.0,199540.17,196.14,49.03,245.17,584310.32,74.84
C100193,2026-10-01,384940.48,0.0,0.0,199540.17,10355.41,2588.85,12944.26,571536.39,57.66
C100193,2026-10-02,384882.82,10000.0,38488.28,199540.17,7220.45,1805.11,9025.56,546909.15,37.16
C100193,2026-10-05,356357.38,100000.0,0.0,199540.17,0.0,0.0,0.0,655897.55,5.58
C100194,2026-09-08,119379.63,50000.0,11937.96,406659.71,14909.94,3727.48,18637.42,545463.96,54.55
C100194,2026-09-09,157387.12,0.0,15738.71,406659.71,1478.25,369.56,1847.81,546460.31,5.18
C100194,2026-09-10,141643.23,0.0,0.0,406659.71,3129.34,782.33,3911.67,544391.27,10.95
C100194,2026-09-11,141632.28,0.0,0.0,406659.71,2130.43,532.61,2663.04,545628.95,8.37
C100194,2026-09-14,141623.91,0.0,0.0,406659.71,2063.12,515.78,2578.9,545704.72,7.22
C100194,2026-09-15,141616.69,10000.0,0.0,406659.71,0.0,0.0,0.0,558276.4,0.0
C100194,2026-09-16,151616.69,100000.0,0.0,406659.71,3568.39,892.1,4460.49,653815.91,24.49
C100194,2026-09-17,251592.2,0.0,0.0,406659.71,0.0,0.0,0.0,658251.91,0.0
C100194,2026-09-18,251592.2,50000.0,0.0,406659.71,0.0,0.0,0.0,708251.91,41.23
C100194,2026-09-21,301550.97,0.0,0.0,406659.71,0.0,0.0,0.0,708210.68,0.0
C100194,2026-09-22,301550.97,0.0,0.0,406659.71,542.29,135.57,677.86,707532.82,2.89
C100194,2026-09-23,301548.08,50000.0,0.0,406659.71,0.0,0.0,0.0,758207.79,0.0
C100194,2026-09-24,351548.08,0.0,35154.81,406659.71,0.0,0.0,0.0,723052.98,28.86
C100194,2026-09-25,316364.41,0.0,0.0,406659.71,18949.7,4737.42,23687.12,699337.0,48.21
C100194,2026-09-28,316316.2,0.0,0.0,406659.71,798.92,199.73,998.65,721977.26,4.27
C100194,2026-09-29,316311.93,0.0,0.0,406659.71,320.74,80.19,400.93,722570.71,1.12
C100194,2026-09-30,316310.81,0.0,31631.08,406659.71,0.0,0.0,0.0,691339.44,0.0
C100194,2026-10-01,284679.73,10000.0,0.0,406659.71,0.0,0.0,0.0,701339.44,138.0
C100194,2026-10-02,294541.73,50000.0,0.0,406659.71,0.0,0.0,0.0,751201.44,0.0
C100194,2026-10-05,344541.73,10000.0,0.0,406659.71,4077.33,1019.33,5096.66,756104.78,15.55
C100195,2026-09-08,83777.34,50000.0,0.0,324987.84,8055.48,2013.87,10069.35,448695.83,42.98
C100195,2026-09-09,133734.36,0.0,0.0,324987.84,6020.66,1505.16,7525.82,451196.38,32.13
C100195,2026-09-10,133702.23,100000.0,0.0,324987.84,0.0,0.0,0.0,558690.07,0.0
C100195,2026-09-11,233702.23,10000.0,23370.22,324987.84,1635.82,408.95,2044.77,543275.08,8.73
C100195,2026-09-14,220323.28,0.0,22032.33,324987.84,0.0,0.0,0.0,523278.79,160.05
C100195,2026-09-15,198130.9,50000.0,0.0,324987.84,0.0,0.0,0.0,573118.74,8.25
C100195,2026-09-16,248122.65,10000.0,0.0,324987.84,0.0,0.0,0.0,583110.49,120.4
C100195,2026-09-17,258002.25,0.0,25800.22,324987.84,3900.48,975.12,4875.6,552314.27,27.55
C100195,2026-09-18,232174.48,10000.0,0.0,324987.84,4356.96,1089.24,5446.2,561716.12,15.26
C100195,2026-09-21,242159.22,0.0,24215.92,324987.84,10435.66,2608.91,13044.57,529886.57,29.36
C100195,2026-09-22,217913.94,100000.0,21791.39,324987.84,0.0,0.0,0.0,621110.39,0.0
C100195,2026-09-23,296122.55,0.0,29612.26,324987.84,0.0,0.0,0.0,591498.13,29.42
C100195,2026-09-24,266480.87,10000.0,0.0,324987.84,1220.23,305.06,1525.29,599943.42,4.27
C100195,2026-09-25,276476.6,0.0,0.0,324987.84,0.0,0.0,0.0,601464.44,0.0
C100195,2026-09-28,276476.6,100000.0,27647.66,324987.84,1919.75,479.94,2399.69,671417.09,6.72
C100195,2026-09-29,348822.22,50000.0,0.0,324987.84,0.0,0.0,0.0,723810.06,0.0
C100195,2026-09-30,398822.22,0.0,0.0,324987.84,7946.73,1986.68,9933.41,713876.65,27.83
C100195,2026-10-01,398794.39,0.0,0.0,324987.84,0.0,0.0,0.0,723782.23,63.11
C100195,2026-10-02,398731.28,0.0,0.0,324987.84,9930.02,2482.51,12412.53,711306.59,34.78
C100195,2026-10-05,398696.5,0.0,0.0,324987.84,0.0,0.0,0.0,723684.34,0.0
C100196,2026-09-08,118488.48,0.0,0.0,539938.07,0.0,0.0,0.0,658426.55,0.0
C100196,2026-09-09,118488.48,0.0,0.0,539938.07,1750.57,437.64,2188.21,656238.34,9.57
C100196,2026-09-10,118478.91,0.0,11847.89,539938.07,15921.79,3980.45,19902.24,626666.85,71.92
C100196,2026-09-11,106559.1,100000.0,10655.91,539938.07,0.0,0.0,0.0,735841.26,20.4
C100196,2026-09-14,195882.79,0.0,0.0,539938.07,435.41,108.85,544.26,735276.6,2.32
C100196,2026-09-15,195880.47,0.0,0.0,539938.07,0.0,0.0,0.0,735818.54,0.0
C100196,2026-09-16,195880.47,0.0,19588.05,539938.07,804.82,201.2,1006.02,715224.47,4.29
C100196,2026-09-17,176288.13,0.0,17628.81,539938.07,17039.91,4259.98,21299.89,677297.5,67.03
C100196,2026-09-18,158592.29,0.0,15859.23,539938.07,0.0,0.0,0.0,682671.13,9.67
C100196,2026-09-21,142723.39,50000.0,0.0,539938.07,0.0,0.0,0.0,732661.46,0.0
C100196,2026-09-22,192723.39,0.0,0.0,539938.07,5070.57,1267.64,6338.21,726323.25,86.93
C100196,2026-09-23,192636.46,0.0,19263.65,539938.07,0.0,0.0,0.0,713310.88,0.0
C100196,2026-09-24,173372.81,50000.0,0.0,539938.07,0.0,0.0,0.0,763310.88,0.0
C100196,2026-09-25,223372.81,10000.0,0.0,539938.07,0.0,0.0,0.0,773310.88,53.85
C100196,2026-09-28,233318.96,50000.0,23331.9,539938.07,0.0,0.0,0.0,799925.13,0.0
C100196,2026-09-29,259987.06,0.0,0.0,539938.07,0.0,0.0,0.0,799925.13,0.0
C100196,2026-09-30,259987.06,0.0,0.0,539938.07,1113.31,278.33,1391.64,798533.49,5.94
C100196,2026-10-01,259981.12,10000.0,25998.11,539938.07,0.0,0.0,0.0,783921.08,0.0
C100196,2026-10-02,243983.01,100000.0,0.0,539938.07,0.0,0.0,0.0,883921.08,0.0
C100196,2026-10-05,343983.01,0.0,0.0,539938.07,0.0,0.0,0.0,883921.08,6.21
C100197,2026-09-08,99570.34,100000.0,0.0,879921.14,0.0,0.0,0.0,1079491.48,11.84
C100197,2026-09-09,199558.5,0.0,0.0,879921.14,0.0,0.0,0.0,1079479.64,0.0
C100197,2026-09-10,199558.5,0.0,19955.85,879921.14,0.0,0.0,0.0,1059523.79,0.0
C100197,2026-09-11,179602.65,0.0,0.0,879921.14,16984.66,4246.17,21230.83,1038292.96,68.44
C100197,2026-09-14,179534.21,0.0,0.0,879921.14,689.34,172.33,861.67,1058593.68,2.41
C100197,2026-09-15,179531.8,0.0,0.0,879921.14,1952.65,488.16,2440.81,1057012.13,202.14
C100197,2026-09-16,179329.66,0.0,0.0,879921.14,6265.15,1566.29,7831.44,1051419.36,21.94
C100197,2026-09-17,179307.72,10000.0,0.0,879921.14,0.0,0.0,0.0,1069228.86,0.0
C100197,2026-09-18,189307.72,10000.0,0.0,879921.14,7081.4,1770.35,8851.75,1070377.11,143.01
C100197,2026-09-21,199164.71,100000.0,0.0,879921.14,0.0,0.0,0.0,1179085.85,111.95
C100197,2026-09-22,299052.76,100000.0,0.0,879921.14,696.38,174.1,870.48,1278103.42,97.37
C100197,2026-09-23,398955.39,0.0,0.0,879921.14,0.0,0.0,0.0,1278876.53,0.0
C100197,2026-09-24,398955.39,100000.0,0.0,879921.14,0.0,0.0,0.0,1378876.53,2.03
C100197,2026-09-25,498953.36,0.0,0.0,879921.14,0.0,0.0,0.0,1378874.5,0.0
C100197,2026-09-28,498953.36,50000.0,0.0,879921.14,5707.14,1426.78,7133.92,1421740.58,30.45
C100197,2026-09-29,548922.91,10000.0,0.0,879921.14,1038.2,259.55,1297.75,1437546.3,3.64
C100197,2026-09-30,558919.27,0.0,0.0,879921.14,0.0,0.0,0.0,1438840.41,161.72
C100197,2026-10-01,558757.55,50000.0,0.0,879921.14,0.0,0.0,0.0,1488678.69,34.2
C100197,2026-10-02,608723.35,0.0,60872.34,879921.14,0.0,0.0,0.0,1427772.15,0.0
C100197,2026-10-05,547851.01,10000.0,0.0,879921.14,7833.8,1958.45,9792.25,1427979.9,27.43
C100198,2026-09-08,118986.48,50000.0,0.0,286736.85,2175.6,543.9,2719.5,453003.83,16.3
C100198,2026-09-09,168970.18,50000.0,0.0,286736.85,3783.71,945.93,4729.64,500977.39,103.95
C100198,2026-09-10,218866.23,0.0,21886.62,286736.85,345.19,86.3,431.49,483284.97,1.21
C100198,2026-09-11,196978.4,0.0,0.0,286736.85,1397.31,349.33,1746.64,481968.61,19.15
C100198,2026-09-14,196959.25,0.0,19695.93,286736.85,200.38,50.09,250.47,463749.7,78.23
C100198,2026-09-15,177185.09,50000.0,0.0,286736.85,1504.98,376.25,1881.23,512040.71,47.11
C100198,2026-09-16,227137.98,0.0,0.0,286736.85,1380.54,345.13,1725.67,512149.16,7.37
C100198,2026-09-17,227130.61,50000.0,0.0,286736.85,0.0,0.0,0.0,563867.46,0.0
C100198,2026-09-18,277130.61,10000.0,0.0,286736.85,3119.47,779.87,3899.34,569968.12,16.64
C100198,2026-09-21,287113.97,10000.0,0.0,286736.85,1403.32,350.83,1754.15,582096.67,36.05
C100198,2026-09-22,297077.92,100000.0,0.0,286736.85,0.0,0.0,0.0,683814.77,0.0
C100198,2026-09-23,397077.92,10000.0,39707.79,286736.85,1463.56,365.89,1829.45,652277.53,7.81
C100198,2026-09-24,367362.32,0.0,0.0,286736.85,2836.02,709.0,3545.02,650554.15,15.13
C100198,2026-09-25,367347.19,100000.0,36734.72,286736.85,0.0,0.0,0.0,717349.32,0.0
C100198,2026-09-28,430612.47,0.0,0.0,286736.85,6019.48,1504.87,7524.35,709824.97,21.09
C100198,2026-09-29,430591.38,0.0,0.0,286736.85,20449.93,5112.48,25562.41,691765.82,69.08
C100198,2026-09-30,430522.3,0.0,0.0,286736.85,4702.18,1175.54,5877.72,711381.43,16.47
C100198,2026-10-01,430505.83,50000.0,0.0,286736.85,1047.55,261.89,1309.44,765933.24,65.56
C100198,2026-10-02,480440.27,0.0,48044.03,286736.85,16853.17,4213.29,21066.46,698066.63,70.99
C100198,2026-10-05,432325.25,0.0,0.0,286736.85,0.0,0.0,0.0,719062.1,0.0
C100199,2026-09-08,43895.56,10000.0,0.0,260909.48,7189.08,1797.27,8986.35,305818.69,38.35
C100199,2026-09-09,53857.21,10000.0,5385.72,260909.48,23733.46,5933.36,29666.82,289714.15,99.57
C100199,2026-09-10,58371.92,0.0,0.0,260909.48,1320.7,330.18,1650.88,317630.52,43.09
C100199,2026-09-11,58328.83,100000.0,0.0,260909.48,0.0,0.0,0.0,419238.31,0.0
C100199,2026-09-14,158328.83,50000.0,0.0,260909.48,1638.94,409.73,2048.67,467189.64,33.38
C100199,2026-09-15,208295.45,0.0,0.0,260909.48,295.67,73.92,369.59,468835.34,1.58
C100199,2026-09-16,208293.87,0.0,20829.39,260909.48,0.0,0.0,0.0,448373.96,0.0
C100199,2026-09-17,187464.48,0.0,18746.45,260909.48,0.0,0.0,0.0,429627.51,17.86
C100199,2026-09-18,168700.17,10000.0,0.0,260909.48,0.0,0.0,0.0,439609.65,20.15
C100199,2026-09-21,178680.02,100000.0,17868.0,260909.48,0.0,0.0,0.0,521721.5,28.53
C100199,2026-09-22,260783.49,50000.0,26078.35,260909.48,0.0,0.0,0.0,545614.62,0.0
C100199,2026-09-23,284705.14,50000.0,0.0,260909.48,0.0,0.0,0.0,595614.62,0.0
C100199,2026-09-24,334705.14,0.0,0.0,260909.48,940.62,235.16,1175.78,594438.84,11.06
C100199,2026-09-25,334694.08,0.0,0.0,260909.48,0.0,0.0,0.0,595603.56,0.0
C100199,2026-09-28,334694.08,50000.0,33469.41,260909.48,0.0,0.0,0.0,612134.15,0.0
C100199,2026-09-29,351224.67,0.0,0.0,260909.48,0.0,0.0,0.0,612134.15,0.0
C100199,2026-09-30,351224.67,100000.0,0.0,260909.48,2288.89,572.22,2861.11,709273.04,12.22
C100199,2026-10-01,451212.45,0.0,0.0,260909.48,0.0,0.0,0.0,712121.93,0.0
C100199,2026-10-02,451212.45,10000.0,0.0,260909.48,1441.79,360.45,1802.24,720319.69,5.05
C100199,2026-10-05,461207.4,10000.0,0.0,260909.48,0.0,0.0,0.0,732116.88,0.0
